Kb,Kr,Mb,hb,hr,f0,f1,A,x_r_start,peak_y_pred,peak_y_std,max_abs_xr_pred,max_abs_xr_std
1000.0,2126.2718478640268,20.0,0.1,0.32396960800030405,0.2635439404002198,2.111501581324144,0.10064752002928953,0.38952591229266326,0.6196352114148879,0.008075998400209918,0.5122619597545364,0.003170959868493195
1000.0,4668.003428370109,20.0,0.1,0.16207361713806703,0.32847468093979615,1.8949083020667077,0.1190088660048717,0.3959925080268639,0.6638912250517477,0.00838944077990368,0.5345788355532743,0.003629675516304546
1000.0,3725.54781450628,20.0,0.1,0.36345623397768034,0.2803037937128231,3.47768577512671,0.10345141636200308,0.3669406226656881,0.5799565389183238,0.008068067304343502,0.49012515729648004,0.0030656532150443636
1000.0,2472.6472542505567,20.0,0.1,0.1792165698951912,0.28403589517083694,2.2927361820532943,0.10989541861417786,0.35064202411834033,0.6057555639194371,0.008088883825437501,0.5285074872589781,0.002960682120031711
1000.0,3066.956655385523,20.0,0.1,0.22781328039633697,0.16838915995504392,2.7845976130181587,0.10305939467851934,0.3649995751872575,0.5919152588354205,0.008042593392855561,0.5335655742997074,0.0030989093504340047
1000.0,2232.9564243267687,20.0,0.1,0.40611842001726284,0.3791118104325014,2.820129030054937,0.10035301736001875,0.39734098954898245,0.6138004822941442,0.008124122653572268,0.5098753714400647,0.003091906616796206
1000.0,3471.8208107589094,20.0,0.1,0.2514669588669832,0.4151573596514777,1.958025411705587,0.1108798461040135,0.3656910163631185,0.6194076197926452,0.008048744150156729,0.4975484529396008,0.0030743175575416786
1000.0,2415.4356620913,20.0,0.1,0.3452943113252994,0.1797621926175752,2.4793309689546423,0.10740085359061669,0.3594453182377229,0.596415564562644,0.008060285380107009,0.48967441982820775,0.0030921625323769857
1000.0,4059.3423042545564,20.0,0.1,0.2919690726186206,0.31752614086907816,2.1164329503904895,0.10260579779761901,0.3747414838958528,0.6004690200781967,0.008028310684640258,0.49521189215736294,0.0030345941170155277
1000.0,3144.8981934215944,20.0,0.1,0.3364737279973681,0.3020121265736697,2.248811928977399,0.09005407060820457,0.38970155303877524,0.5888964197875259,0.008096721298421589,0.49662731883749783,0.0030443696148505167
1000.0,3317.8447740051743,20.0,0.1,0.21429063233394452,0.2749842578439179,1.2803378004838541,0.11714112217660058,0.3994868083792252,0.695992407015666,0.008196969039727855,0.5339594754469278,0.0030946880097061317
1000.0,1705.5732613045404,20.0,0.1,0.2253809265069835,0.3555226022366792,1.942714393653648,0.10701149275093347,0.3708285481157515,0.632838938349073,0.008111837173336021,0.5260193974209546,0.003109163323928892
1000.0,4209.742551708063,20.0,0.1,0.43546254033741183,0.41093839921083686,2.8628063956001486,0.09480822938004209,0.39735310416558317,0.5962704802992996,0.008231380821250618,0.5000434619494583,0.003429371476908846
1000.0,1582.7135003512162,20.0,0.1,0.20419830974730152,0.19856472258520852,3.015477945168114,0.10462089198217533,0.35464442743787233,0.5987562014237767,0.008213073882086204,0.554682791167121,0.0032885735880600958
1000.0,1545.0026071072562,20.0,0.1,0.31151051137077324,0.2720191663193241,2.8041463640212037,0.10692071591596602,0.394522955414984,0.6387595276877385,0.00814475153328321,0.5339997401106747,0.003118331844405614
1000.0,4714.389002547088,20.0,0.1,0.16589000638582774,0.42974230431468696,3.3631798789683507,0.10917078756668899,0.3829803633745475,0.6087103441885384,0.008118322654056292,0.5914300993670379,0.0030672809372738826
1000.0,3411.210804652249,20.0,0.1,0.4210421548749942,0.18164212217004855,2.7979479768087425,0.11442729185614951,0.3567380725810565,0.595820835778195,0.008128277738007113,0.4832699378349908,0.0030881488265051263
1000.0,3654.2789602560347,20.0,0.1,0.24099171643535086,0.368112719513199,1.2031430818616218,0.1082044314310261,0.39285393449933237,0.6640342272895615,0.00811393460891554,0.5151546325672094,0.0031186973898908073
1000.0,3699.217518270817,20.0,0.1,0.21246819340873224,0.3295286195726612,2.0144585282080323,0.1100577836523027,0.35641722007210264,0.6040212146596499,0.008061839853820807,0.48995711524533514,0.002952115571253036
1000.0,2479.9711046856246,20.0,0.1,0.11145143236892038,0.1293682861369418,2.6643088594495197,0.09695094664176922,0.37580412938188656,0.5974330154452646,0.008276757593491849,0.6163696921798386,0.003136443875062526
1000.0,3808.4933657549436,20.0,0.1,0.40841516277233325,0.22427135510598853,1.9560368993162354,0.09941000224691424,0.3558924822262197,0.5729069357389942,0.008081477709416215,0.4639540272152575,0.00305340220817114
1000.0,3821.1417763004256,20.0,0.1,0.38687910350302357,0.2655517013020461,2.6748921908456422,0.11875440341086854,0.3849457585826244,0.6375704903928289,0.008104666522919685,0.5197570018127831,0.003244019324257075
1000.0,4107.622103266782,20.0,0.1,0.41132442505658495,0.17552670162944162,2.950498174962072,0.1115218351597918,0.3921113964861763,0.6236696790670824,0.008127693105891691,0.5157530410572897,0.0029497791448288685
1000.0,2703.24941100663,20.0,0.1,0.3410781469995667,0.31154021203091203,2.228083101467996,0.09305057271246489,0.367652421689157,0.5749400421074988,0.008088717718514878,0.4783875825940878,0.003066533053678661
1000.0,4872.196618421676,20.0,0.1,0.1757832255644795,0.13977329775586148,2.1030382742110234,0.09302942376317946,0.3633599465918136,0.5554087245985249,0.008265642246866827,0.47751703926306754,0.0033407943561707485
1000.0,4700.596427360237,20.0,0.1,0.21157372850595282,0.305061330091389,1.7162343386648546,0.11003939773195515,0.3563828193832441,0.6033795908557076,0.008177352297769865,0.47992808714309976,0.0031413671087399567
1000.0,4264.332841464267,20.0,0.1,0.24803111567005748,0.16428113548200096,3.274748696945473,0.10662847617081697,0.37190725051654844,0.593986910620834,0.00805153137166251,0.5411179286762636,0.003100809957225549
1000.0,2342.1911463482065,20.0,0.1,0.3734780626181512,0.2278497698462112,1.1292720719037872,0.1189610780953404,0.3515232404062447,0.6416322085842351,0.00856198106348104,0.48918157610382995,0.003875046362133722
1000.0,1921.6417716835595,20.0,0.1,0.2630343858483828,0.1727492295501768,2.0054051127582864,0.10702695725800021,0.3978920976129477,0.6505716605672526,0.008102468936349536,0.5412154807796228,0.003197650904431005
1000.0,4777.0927849024565,20.0,0.1,0.12586359154583232,0.39865977969099975,1.5034709653967355,0.114342986175097,0.36481736089240996,0.6348436663049327,0.008547911337743484,0.4933561116535286,0.0037093613267791116
1000.0,4012.4202504901436,20.0,0.1,0.35157762175963436,0.3976929409147243,3.9388775465544805,0.09826442558589005,0.38141542293371955,0.5794700489282051,0.008270095338553805,0.5013098118344824,0.0035468427541276958
1000.0,4087.4127847296195,20.0,0.1,0.12787026815146235,0.3320364682190971,1.964546545924744,0.09484407127982852,0.37747357789173797,0.5881931466439309,0.008233249059031581,0.494172647190279,0.003068469434195454
1000.0,3116.592589771487,20.0,0.1,0.30197794153596713,0.32467115664117485,2.4960065840455052,0.11715452122317407,0.3588957099195502,0.6192934419879684,0.008060035272321908,0.511876319893223,0.0031209400349202034
1000.0,2510.770771532989,20.0,0.1,0.22467757441302977,0.37103370702753136,2.9562943505978634,0.09619268040188435,0.3872220945296958,0.6049807659613833,0.008104674692707852,0.5530827368666592,0.00327755430340524
1000.0,4200.379632673605,20.0,0.1,0.3695845129503582,0.12743051672276517,1.6364174464773176,0.11686155081397862,0.3939716029935856,0.6588873326289229,0.008161809095296695,0.5205771901278664,0.003195374322275131
1000.0,2219.504301588355,20.0,0.1,0.2929814804101505,0.19193914045668842,2.2488543146983924,0.09062834532487218,0.3640880118368376,0.5687741445371256,0.008170372107473057,0.4813159484683436,0.003409987530811152
1000.0,2447.3831550606856,20.0,0.1,0.42169567183322587,0.3057895758214889,1.5325494802948474,0.10282693627624019,0.3746468081094977,0.6109527085365701,0.00822512730837904,0.49068149711142,0.002955029876321182
1000.0,3730.760410991197,20.0,0.1,0.2863567474469255,0.24734744757052016,1.9323790353259132,0.10724998526405663,0.3987916006835365,0.6398605092131495,0.00802851668444658,0.5227687697810655,0.003008850648463999
1000.0,3435.4543753517573,20.0,0.1,0.4104542513514555,0.10534535231427718,1.6092922084689898,0.11594303937969143,0.37847364484973844,0.6409981417725246,0.008209645197645863,0.5050177147972247,0.0032670498274999676
1000.0,3206.453275229635,20.0,0.1,0.22908150103846503,0.20334299951132523,3.036489389660648,0.1009720516674,0.37176173537033075,0.5917844146348004,0.008037019644784142,0.5437684576895861,0.003072126064083853
1000.0,4218.969007746553,20.0,0.1,0.4311640403822783,0.4477798986951259,2.4547457110213986,0.0941450716500152,0.35124618012175524,0.5521738264642718,0.00825493023404727,0.45309414793170677,0.0034220116213782605
1000.0,3231.298469453309,20.0,0.1,0.12672424701986484,0.14119957799382057,1.70451723846955,0.11975979293824493,0.3581114278760283,0.6496285675093574,0.008326153124261876,0.5023245606008183,0.003447985812062627
1000.0,1885.462416490956,20.0,0.1,0.4205733210669331,0.31772440933349355,3.219702107052517,0.10064200366411093,0.39669162544945974,0.6089994501059076,0.008186296138585318,0.50935670612634,0.0033041884905491217
1000.0,4916.352223749739,20.0,0.1,0.2954594956222547,0.4453940967847605,2.5173830584562706,0.10319220851803276,0.3892717000729951,0.6107116886682353,0.008156361311180972,0.5155529915165458,0.00358717923576253
1000.0,3754.866842656186,20.0,0.1,0.1701856248391325,0.28022875009848824,1.049378378459454,0.11626979554689536,0.3771222943098186,0.6713263427576103,0.008436000455221042,0.5093818002748784,0.0034396483664503982
1000.0,1661.654599902009,20.0,0.1,0.42821562412898406,0.44980276371991457,3.2119162758617814,0.10293970361426555,0.37957096410174,0.5966501651014972,0.008260382930512858,0.49576599617145045,0.0036092177867474273
1000.0,1535.8116575483455,20.0,0.1,0.1379572630544499,0.2158498033596708,2.2338060654658727,0.11267846497070937,0.3585364888294127,0.6386668626574588,0.00825899849152626,0.598004780221566,0.0034058851866860885
1000.0,1906.3665763356885,20.0,0.1,0.34411237665802363,0.4108112419954375,3.6390017568927213,0.11225748603094225,0.39917836500423354,0.6401815995371039,0.00822692044741737,0.5368446185226095,0.0031219043912208266
1000.0,3327.322373067722,20.0,0.1,0.37106407054141777,0.24601210203583168,2.0597669818497644,0.11732466276497899,0.37153535018724015,0.6313086301797324,0.008058419864259493,0.5035693706214834,0.003110215610846038
1000.0,4112.648629355576,20.0,0.1,0.27395791549514614,0.13927452342391128,1.380628233719681,0.10530367758981,0.3853838948950185,0.6327368634551244,0.008098348351114002,0.5012160197465749,0.003056905474758528
1000.0,4098.694740856341,20.0,0.1,0.2174939792640081,0.10322373029879992,2.6000692786633426,0.09568700975616615,0.36600599837587694,0.5675329418107026,0.00811189404757288,0.5023793775899696,0.0030773727588261366
1000.0,3482.5719801347796,20.0,0.1,0.2371415403087792,0.2606505727198457,1.1513768458313773,0.09549046244496284,0.3920947791875963,0.6306872909452651,0.008106077217176502,0.5006918479761073,0.003109062134038571
1000.0,3291.5849957785313,20.0,0.1,0.4097911971088022,0.4000553503103089,1.5795099270959785,0.10198790517675091,0.3762889150039785,0.6112433118530621,0.008141401982448634,0.4884148343726597,0.0030421597324659494
1000.0,1841.30302372374,20.0,0.1,0.12987465660426958,0.39452029544128875,3.4801408604764457,0.1014986808921511,0.3853292341106439,0.6236509478820131,0.008324410550778281,0.6745273222748458,0.0033603887600151166
1000.0,3312.765884774829,20.0,0.1,0.3616787319158036,0.21031478619654864,2.422108666778471,0.11678868992139377,0.39083220352645365,0.6453849081386985,0.00805906947859351,0.5263450580008182,0.003146759228981294
1000.0,2584.8731430992057,20.0,0.1,0.40861987829690893,0.2395516277546772,3.0471398345331924,0.111345316524399,0.3700842484462505,0.6043187852070788,0.008074703236777003,0.4938833999446159,0.003004019922249045
1000.0,4394.828324546757,20.0,0.1,0.26287310097650285,0.43624104570970823,3.8100968042441115,0.11700796251458585,0.39541767305271613,0.632571426697659,0.008269920546501436,0.5793519418845726,0.0031852174411585617
1000.0,2014.6629107960964,20.0,0.1,0.3269169353867769,0.35939008902895253,2.586277501737369,0.10587662956988297,0.3600715454268475,0.5991969963244139,0.00809708764350525,0.4941455842286039,0.0029636170294372404
1000.0,2062.752765848395,20.0,0.1,0.3740970152470028,0.15236195180765263,3.1845909139065647,0.09231205463746264,0.3706126055406758,0.5678593856057268,0.00815448878195842,0.4784295777268052,0.0031295078751616937
1000.0,1584.0396602274461,20.0,0.1,0.33113043502288847,0.2025205565782981,2.4031002528562437,0.09859346159971423,0.3757887216321325,0.5994395243781372,0.008162464466992614,0.5000187651817853,0.003279862580906659
1000.0,3801.7636600279207,20.0,0.1,0.15841967557491643,0.3719671572464873,3.3475460988722587,0.11826496894978047,0.3690347620003293,0.6236750755210606,0.00812633422831107,0.6289287871114132,0.0032413550353923063
1000.0,4555.959417145565,20.0,0.1,0.13278992254101038,0.4478672083018619,1.6366224245619059,0.1012154743323191,0.35467517273872956,0.5885874971519508,0.00832609661163795,0.4705790898669302,0.003303088316080653
1000.0,4422.9960697264505,20.0,0.1,0.27007654244921836,0.43684050529006446,1.4338471146200489,0.1167546529269966,0.3679773059466171,0.64501536030618,0.008209051730936511,0.49614895940096493,0.0033100832506074928
1000.0,2327.017392923618,20.0,0.1,0.3299931043051553,0.11056596424082137,2.5764091744823494,0.10420815564198412,0.3524252566291059,0.5822614484125761,0.008097008306635631,0.48386612469171125,0.003037307299370466
1000.0,3019.6378162727597,20.0,0.1,0.20672171393051814,0.18702686970762844,3.7908812467392337,0.10794890534971505,0.3577078751471378,0.585328178269689,0.008114114349007629,0.5633696371781113,0.0030922384191493196
1000.0,4149.960688673264,20.0,0.1,0.22934834156530262,0.3095977323357047,2.139804802536513,0.1091563755930289,0.3840968518786803,0.6241395856902792,0.008058968651635827,0.5175068608187378,0.002934671005797298
1000.0,2492.369932120372,20.0,0.1,0.39087019066463957,0.31634576238984025,2.815805783522363,0.09654017790138804,0.362698127290209,0.570310715851302,0.008085852708002984,0.4727595391978511,0.003015151872121941
1000.0,2883.81968332687,20.0,0.1,0.1118554443635992,0.11915590015525292,2.988046205857192,0.0994943568080561,0.3860122238015249,0.6080760927070717,0.008261076946318238,0.6555960774385522,0.003373961476592541
1000.0,1761.8925489397766,20.0,0.1,0.3590459374870254,0.1749625905421886,3.6086546667350485,0.11719596727372496,0.38446566529311643,0.6331272851499667,0.00824575751079874,0.5258947579464601,0.003202731360740892
1000.0,2880.0033495156013,20.0,0.1,0.10897676399478713,0.36638961049464114,2.688452712905053,0.0924687374822858,0.3785368593451334,0.5883037087494309,0.008342741722556737,0.5874706249580097,0.003398209839650463
1000.0,1521.544842673509,20.0,0.1,0.2579818127643696,0.3146398385845672,3.407975875739772,0.09871817723304728,0.36160227580599924,0.5859417283970133,0.008244842526975394,0.5090592823559774,0.0033464707897305885
1000.0,2658.827882497105,20.0,0.1,0.1207181263486381,0.426024813372354,3.6419052427006844,0.1080640851054393,0.35372937121109815,0.59772308288975,0.00827708987009987,0.6879219889681271,0.0031489158491972325
1000.0,1792.6967801007213,20.0,0.1,0.4262288430023833,0.14374984553004558,1.4370062255643061,0.11356410604834771,0.36507657010815237,0.6268946572602094,0.008526454644275075,0.497105493938694,0.00377889116154273
1000.0,2940.439639798774,20.0,0.1,0.24350820080802,0.345023119589122,2.4169967758149062,0.11436615045378737,0.3747969572093838,0.6342980458924956,0.008051204178610744,0.5377049584116377,0.003209741147804563
1000.0,2516.6086570005664,20.0,0.1,0.16810191066552796,0.36425463817131865,1.6585239745424434,0.10826723432629781,0.38007020895644344,0.6524716835880691,0.008050900134874153,0.5144369660533257,0.0031404563324729877
1000.0,4871.366564468853,20.0,0.1,0.13136725565328422,0.17263214795540613,2.984659171659444,0.0999269845499303,0.3564291435933594,0.5588525948942829,0.008240230174037907,0.5204807746985272,0.0031911503942165507
1000.0,4633.790110330505,20.0,0.1,0.35601673789733146,0.17789325328959016,1.285630912663859,0.11527236859810343,0.3784980975261928,0.6486210130735023,0.00822190434130395,0.5028288119511038,0.00317095649548387
1000.0,4753.525187806199,20.0,0.1,0.2810135379926112,0.18080742672166175,1.4006863184259677,0.10253738748377203,0.38420087443928796,0.6210633387974983,0.008161175366274252,0.49531687657258056,0.003139711513289735
1000.0,1515.0506676266984,20.0,0.1,0.23837313201615984,0.24133995790222149,3.013033931207951,0.0958488577566219,0.39380357244133596,0.6167047423735614,0.008230440733725778,0.5473402421393286,0.0033706266375853927
1000.0,2637.808429918593,20.0,0.1,0.38938279329312087,0.38966791812644375,3.654640291300659,0.0977648723302741,0.3919932887132553,0.5951741922828515,0.008138690280437122,0.5027161584610262,0.003054372441451382
1000.0,2306.7757872189522,20.0,0.1,0.2398050507001215,0.16218909238003695,2.452392731783077,0.09225583278910827,0.3978421083075252,0.6069039372151152,0.008162358572762811,0.5369757586084973,0.003483192360679237
1000.0,1545.4881407471498,20.0,0.1,0.2738086505177084,0.3933333533873705,1.3975447679472426,0.10791305484964141,0.3765541264966643,0.6553158518141432,0.008154173299061726,0.5155730972141906,0.003505140107213378
1000.0,4151.377975871936,20.0,0.1,0.3445081596076095,0.38875471373195214,3.3798509960183503,0.10748579836183937,0.36749820938800243,0.5897995499834844,0.008094498879886034,0.5016702866349358,0.0030653327680045007
1000.0,1875.9992359548564,20.0,0.1,0.15733622754151147,0.4049226510709437,1.799501877797147,0.11682092009519357,0.3653043171501425,0.6664195294881277,0.008209358588780417,0.5324751188636047,0.003142213203904613
1000.0,1700.3997068565047,20.0,0.1,0.20149911907927184,0.234627701359515,1.3110403225981015,0.10289283879042196,0.3898971453929433,0.6646227303387786,0.008125248125060821,0.5280144384861868,0.0031254698988462566
1000.0,2948.36960215022,20.0,0.1,0.2728069515341149,0.4495705325613244,1.6459585814456845,0.10631743973143833,0.39938781428784953,0.655797323055758,0.008078608881725903,0.522277007392677,0.0031360414247426755
1000.0,3235.035517238787,20.0,0.1,0.3069967573305772,0.29134724557374037,1.3458076037134683,0.11148406572946731,0.3956036817494455,0.6672214930405485,0.008077911093069469,0.5212223393256928,0.0029475373616344998
1000.0,4743.017340026277,20.0,0.1,0.3053340626815016,0.22337895045995917,3.026530910711166,0.11833851313062664,0.3989067929726695,0.6459894395065803,0.008216994242588243,0.554452464715298,0.003717352968749014
1000.0,2490.3429417230923,20.0,0.1,0.42749029454428933,0.3556011819810503,3.6155113527183222,0.09502443024501862,0.39881233513205216,0.594120604966028,0.008206703347863558,0.5028602693925299,0.003109462290457397
1000.0,4137.311974195567,20.0,0.1,0.15828108233122246,0.2890422842677467,1.3346002526472716,0.11173763395081861,0.3797590319686988,0.6529869401402469,0.008212736263010577,0.5055878914130102,0.0030737852379496746
1000.0,3524.004978124276,20.0,0.1,0.3965302319069687,0.36940521766443535,1.2751460644146162,0.1128641725836875,0.37707328339053825,0.6463767349380577,0.008232821899119785,0.5008132972049767,0.0032788558748440867
1000.0,2160.7322638264222,20.0,0.1,0.22151274766163134,0.27821792914638777,3.576537339309411,0.11645708605207679,0.3551051081628153,0.6131995311196472,0.008178135711897997,0.5578255637249593,0.0030733352437110582
1000.0,3047.540595781784,20.0,0.1,0.395235217780034,0.3108273054531293,3.5654856334005642,0.10791780348598239,0.36115179427843846,0.5826209661591404,0.008080639085881141,0.4824366192441269,0.003000621432786552
1000.0,3259.9839974632887,20.0,0.1,0.2803041942688447,0.412927270674609,2.0672568215038143,0.09704968859859661,0.38744289851150304,0.6076444085374093,0.008069136554254478,0.5050679925761807,0.0032200852438083946
1000.0,2968.533256184606,20.0,0.1,0.26952273036599245,0.44180526969189826,3.0239361884556115,0.11015546865331585,0.39669441642749487,0.641337142570451,0.00807689454117043,0.5616154985170786,0.003055430873865666
1000.0,4007.031850356892,20.0,0.1,0.43417033146529027,0.32165605173771006,2.762244714554757,0.09852679279594793,0.36153980418498904,0.5677335152909133,0.008161272366398797,0.46879306643185226,0.003225662449532028
1000.0,3360.258276565569,20.0,0.1,0.1206697116424015,0.15890079826202239,3.1251076670959295,0.11037033735264022,0.35141715696671805,0.5939558718862754,0.008205552343370929,0.6297113262522189,0.003366850099576933
1000.0,2071.0781926854975,20.0,0.1,0.31623852104931227,0.24267895314064944,2.766897664429778,0.09386105054204098,0.3931242833679223,0.6035180447186873,0.008120975974184551,0.514821995797722,0.0029602173949474413
1000.0,2406.273086263982,20.0,0.1,0.23104149142996744,0.2572795077645078,2.7784877681981404,0.11941555919580744,0.36047145896693744,0.6330202707469289,0.008120472185263058,0.5598417005097307,0.003239961779693633
1000.0,2068.3481866620955,20.0,0.1,0.15086781854853398,0.37115656703901934,2.1473670985920346,0.11780900121853843,0.3533279666032532,0.6423963517537851,0.008238327135329224,0.5518930628835349,0.0031552292139301404
1000.0,3360.4474927440924,20.0,0.1,0.3650327276808484,0.27747990232435477,2.2197967941276433,0.11434547633893621,0.37545519491199386,0.626806305036566,0.008027211739351127,0.5058855745674384,0.003036084393664897
1000.0,4672.877934413937,20.0,0.1,0.18351097008153636,0.30945950500497776,2.9034376714033066,0.1172139254736943,0.3546627808354769,0.6014920095580779,0.008173044627166082,0.537676251088746,0.0032575780365314165
1000.0,4320.02138850127,20.0,0.1,0.3392214083399898,0.4012132948218229,2.8265758151534635,0.1036131797135508,0.38981631984613385,0.6106704636750878,0.008080558224642044,0.5165899048214642,0.0030299588884333314
1000.0,2494.6456618410903,20.0,0.1,0.11939637131279608,0.36248777632710716,3.437121623201494,0.11486037589452318,0.3723844485394914,0.6376380858836244,0.008295291738137542,0.7269497447373544,0.003279162790967076
1000.0,4064.3586512016795,20.0,0.1,0.34977492282211364,0.2009922326223219,3.296617099086225,0.11892572758306771,0.3676052132014872,0.6130410456299261,0.008140206145687478,0.5143441885282324,0.0032692074291826093
1000.0,2457.0592784514242,20.0,0.1,0.3043504383390869,0.40723356550173717,2.8248748193117743,0.11910144315385432,0.39613069482627233,0.663985738677395,0.008127170444714891,0.5553626660494357,0.0030774157738097216
1000.0,3987.5192591656587,20.0,0.1,0.34741285088372076,0.16231880348857303,2.0231483230241896,0.11430437189082653,0.37002281728987646,0.6207185802717577,0.00803477154151542,0.4980540455330404,0.0030061917504987535
1000.0,2298.198433027392,20.0,0.1,0.12209315008165052,0.17806626901263134,2.7313390712327688,0.11772410604831939,0.36957606445893054,0.6475880470185948,0.008213171717048212,0.6802781025304807,0.0028784749165396925
1000.0,4263.373436277745,20.0,0.1,0.14507838890988922,0.38795771244378996,3.782599049250145,0.10507681820412447,0.3727387520580728,0.5879013564298304,0.008093344675709836,0.6445143837461258,0.0028553230812553444
1000.0,4678.383367210433,20.0,0.1,0.17973674541190593,0.4222195820243454,3.7525006460370784,0.11872637202045157,0.39455636347593165,0.6356668680684397,0.008248339067462158,0.6422328045621578,0.0032026933790636923
1000.0,3340.0712151581765,20.0,0.1,0.33861860181412906,0.28654877168089044,1.9052409004058148,0.11971918804229384,0.35124855272986033,0.6213605675296108,0.008092851919342031,0.48766721052374995,0.002985085795523547
1000.0,2380.3473958242985,20.0,0.1,0.4250258853489488,0.43330799238898743,1.8364459602096748,0.11999349918337811,0.39063219788548137,0.6625324061402309,0.00838431135880008,0.5265457718590204,0.003541373999070549
1000.0,4219.0049523260295,20.0,0.1,0.30014591304633154,0.23799530911736036,1.0277227635558597,0.10096741630551671,0.3687391824864299,0.6128625530588244,0.008214501447428585,0.4795526982171498,0.0032132686988988225
1000.0,1785.2074643589435,20.0,0.1,0.12957647803626535,0.19217903098894662,2.4830591146351333,0.11322358528675985,0.37944395347321125,0.6547604315508739,0.008210809706450379,0.663441904295633,0.0031369957709708705
1000.0,3393.3688181655443,20.0,0.1,0.3788090007429845,0.39680043698977263,2.319531751111904,0.10821500106263285,0.39606367180131696,0.6336411759843472,0.008057776188580145,0.5183403794251272,0.003117109528984559
1000.0,1779.3363602205154,20.0,0.1,0.31311729697355417,0.371779403601195,2.282000328631332,0.11249824585128129,0.3920018410134448,0.6537298712475974,0.008141935385946176,0.536411458085077,0.0032203969466192083
1000.0,4175.2038804618005,20.0,0.1,0.2878824233069679,0.3535295399913858,3.1280076410110547,0.1015009815079901,0.35106334444001835,0.565846405303845,0.008078476251641079,0.49452630895960886,0.003081219874064605
1000.0,4824.008040875187,20.0,0.1,0.26369330593011586,0.20447744120388764,1.751595227872368,0.10198480317295613,0.37889401468816386,0.6040457674493269,0.008131025933197521,0.4915748288135405,0.003018127546080959
1000.0,3312.1478324661734,20.0,0.1,0.23376811723109003,0.12721926490445623,3.9422725636729528,0.09047135752696252,0.3959883168325725,0.5810166525684678,0.008287584415946972,0.5503982178222195,0.003621825277726187
1000.0,1611.252511644896,20.0,0.1,0.27689942356336883,0.37491372485669827,2.990726734066716,0.11117227143708047,0.35487461096416273,0.6107264808183988,0.008179240139924429,0.5127645110960973,0.0033076827972236987
1000.0,4524.182290668498,20.0,0.1,0.32743912725506336,0.4296140342334366,3.9857462945096644,0.11263924591118037,0.39025769692090834,0.6143585712993407,0.00842383930220896,0.5369521415463517,0.0038807451277409625
1000.0,4863.606783664891,20.0,0.1,0.3517629160414233,0.31409490580640775,2.5808667474812284,0.10568497191232423,0.3819976458916255,0.6061929725632651,0.008100235032312617,0.5053998623273546,0.003254913388510149
1000.0,3686.3753361999297,20.0,0.1,0.10049504211410504,0.15223968104634772,2.250286254583549,0.09862776735168627,0.3837258721929463,0.6007532312771054,0.008368643163911723,0.5232011472142697,0.0035022697410521824
1000.0,4967.328776228735,20.0,0.1,0.19304376463072281,0.3837432599523646,2.114091201203215,0.11171382883041373,0.3544370408536121,0.594575202773334,0.008267666366776835,0.4889649811784962,0.003356117542081029
1000.0,3683.76565213499,20.0,0.1,0.2822004590935798,0.39017787690665573,1.355692511643288,0.10565214967570133,0.39316825122126936,0.6503594533248174,0.008072029748295005,0.5110480741200819,0.002991241151234237
1000.0,3931.6257766629074,20.0,0.1,0.15626318098262684,0.3986766507060804,1.6929688071572917,0.09221100303080716,0.35424410614595303,0.5676868913153812,0.008190231143556985,0.46164576414840575,0.0032843418775015685
1000.0,4244.881094611497,20.0,0.1,0.3941267740472363,0.4082231499304668,3.2631714870403714,0.11682085499254274,0.39638009267106855,0.6369863615767096,0.008196633095610193,0.5278977439514313,0.003236782095354633
1000.0,3380.070320455401,20.0,0.1,0.321290658482081,0.43370319225244436,2.542594762707122,0.09722237085276622,0.3969309072645665,0.6118663765056651,0.008079407509671576,0.5183740298490603,0.003218351138782194
1000.0,1677.3679344514694,20.0,0.1,0.30417125156912345,0.4253096986910533,3.2330873430737133,0.10816444922532126,0.3743218563098871,0.6176870795113054,0.00816039892689414,0.5176867015930776,0.003234501976077655
1000.0,2453.9969226337034,20.0,0.1,0.29716744694347574,0.35850460653937943,2.6836411687431645,0.11299175971733659,0.398355775914209,0.6539745996214359,0.008077495179543297,0.5509724030085517,0.003045560242133815
1000.0,3737.963462108736,20.0,0.1,0.34775733254558716,0.3972496055485151,2.659504692019736,0.09865049304330914,0.3896747133983942,0.6034225174122876,0.008054668757774434,0.5078072487655121,0.0031005953412573807
1000.0,4386.909733332048,20.0,0.1,0.4429555115921925,0.10741737008853067,2.5210929750670075,0.09183721477528389,0.3748142762768915,0.5668203204581174,0.00825805301192272,0.4731487740583384,0.0034536095428496145
1000.0,3171.083099257159,20.0,0.1,0.17691936830455035,0.44971327885613943,3.228506410277643,0.101582459765917,0.38974332984719195,0.6133842066772954,0.008096673093971678,0.6058064987127392,0.0030951607743173503
1000.0,2363.8525050102617,20.0,0.1,0.19959225322891272,0.3717359156517638,3.085548586041325,0.11354445911571995,0.36946684327970425,0.628894011751971,0.00810395832897743,0.5915248111825603,0.003250140597182003
1000.0,2146.8031691313145,20.0,0.1,0.25208231074554704,0.35923888050744945,3.5389876281823733,0.11706706040480393,0.3996335623775402,0.6591087444836826,0.008207113255859997,0.5794346826637109,0.0032991819570133115
1000.0,2596.339291502619,20.0,0.1,0.393317503193092,0.44947570751264465,1.8388357581347838,0.0901518219108475,0.3571240814332401,0.5611836837242483,0.008217679994542077,0.45952736489720314,0.003298885545324477
1000.0,4221.8882208235955,20.0,0.1,0.38135568523345953,0.19091312699199933,3.820647658232056,0.0970938115073615,0.38642802437669327,0.580618332786763,0.008214539768125998,0.49859963489507597,0.0033413585313241023
1000.0,2145.704583221278,20.0,0.1,0.3650341181935255,0.11778666892881717,2.7704989317947852,0.10046915661439235,0.3829550692527,0.6014918380768737,0.008085068840137334,0.5017237947582955,0.0029414500569175084
1000.0,4603.776793770154,20.0,0.1,0.2127449995346647,0.43287456308948,2.355610706375657,0.10199668543639126,0.3602262983888842,0.5789392628080395,0.008155428563662593,0.4909921425182166,0.0031441962235313273
1000.0,1694.7775819330745,20.0,0.1,0.12138018585858501,0.3975507574129252,1.0219303528980244,0.10944901299170551,0.3804815815945986,0.6900932326723381,0.008755188943016726,0.5296724215273634,0.0036067800863183873
1000.0,3555.32346215183,20.0,0.1,0.2609547883425454,0.12237663254098068,1.5772611788157773,0.11083742623986856,0.3945494119678562,0.6539061528624612,0.008084823965507814,0.5195669540607402,0.003275910813741979
1000.0,3187.703016118996,20.0,0.1,0.23664401260942575,0.391696149463705,1.120533895383444,0.10795727503761594,0.39856150541977287,0.6769726197103847,0.008154630980148977,0.5232046616479831,0.0031106541265449117
1000.0,3005.1377918987864,20.0,0.1,0.20564786137572377,0.23035052696872985,2.723721588310061,0.1164525434289421,0.38646263268491493,0.647490888709918,0.008063363860233617,0.5847936026177274,0.003175026698614292
1000.0,2698.62547935099,20.0,0.1,0.2339066549129378,0.32225955056673894,2.8841825076011323,0.09341667498681855,0.37884546217116033,0.5881689614400971,0.008097789644437227,0.533068312766094,0.003254166679414245
1000.0,4114.549263715988,20.0,0.1,0.1445237430582364,0.3715567528681577,1.4457421227518201,0.09259431297523879,0.37786039273407745,0.5999691245195687,0.008217390060267593,0.4833332088085791,0.003300067012368645
1000.0,4233.450330576612,20.0,0.1,0.31573088302589913,0.31235315029209454,1.2768449758382756,0.10737188583480667,0.37574411367340954,0.6319268217524691,0.008080831600697514,0.4929287335586151,0.0028480861558954117
1000.0,1550.0734853716187,20.0,0.1,0.36808379637357,0.17686959433772226,2.390701050121542,0.10371053931865408,0.3840144700505481,0.6152781515953867,0.008166783768303484,0.508092517049127,0.0034737999001790494
1000.0,4517.48622384759,20.0,0.1,0.3730087830967115,0.17422752675793343,1.6862567466828404,0.10285518197076537,0.36827087619825377,0.5977000971294651,0.008074417001156188,0.47884247907270705,0.0031004309253709504
1000.0,4015.958782593168,20.0,0.1,0.2917417221828559,0.2576511821064854,2.813210864764967,0.1014293264252266,0.39290565408820866,0.6104455968160897,0.008050684441007603,0.529562206717471,0.0030157410642962395
1000.0,4116.6326373626325,20.0,0.1,0.37860488948938076,0.44697399110907443,3.0613233614290696,0.1095619597331353,0.38831310705864186,0.6181910926487652,0.008107115422396725,0.5146915851208823,0.0031624599254702185
1000.0,3714.538911173255,20.0,0.1,0.43426567628194035,0.2423161924343842,2.107829152041858,0.09257221370503586,0.39714368593522026,0.5973423608583882,0.008200664633173009,0.4970868843762789,0.0032813914957775343
1000.0,1786.6870105377689,20.0,0.1,0.4185686454982245,0.22411491198264483,3.974163211892688,0.09394055268786564,0.36209248996655896,0.5527320684410563,0.008480245420255281,0.4688055449637215,0.0035816233981211683
1000.0,4266.9355104968745,20.0,0.1,0.23620972841715987,0.25433475961064445,1.6029994091522823,0.0946885874874028,0.39293279395538594,0.6099820968262913,0.008127862725534937,0.4990968631375011,0.0032080448399493394
1000.0,3571.287320660278,20.0,0.1,0.37517665767605757,0.22830412316331333,2.4600636824512,0.11747455490141694,0.3952621820262412,0.6492687852530508,0.008085942210613066,0.5291305007817836,0.0032280087399249317
1000.0,3584.521152470945,20.0,0.1,0.33849495036919,0.1261868296976056,2.0321251856979865,0.10701935382044912,0.37209825069994107,0.6073040235060635,0.008010122770249062,0.49427072372821873,0.002859282360261207
1000.0,2576.0632577408596,20.0,0.1,0.3459859335059505,0.1824871292693185,3.730296683317857,0.09621265542275638,0.3858953243647734,0.5872042614561978,0.008191290987928656,0.5033203288837359,0.003218170257144424
1000.0,3230.1479047356693,20.0,0.1,0.3565526945910088,0.24194732642420577,2.061203186863072,0.10933128308622737,0.3981598738263176,0.6416972499581957,0.008029720620409573,0.5226533383222252,0.0028369979726181886
1000.0,3909.7899622598675,20.0,0.1,0.10563636731090437,0.1108198324438789,1.6399224256205418,0.10059774174642665,0.3579737040302419,0.591329015082448,0.008362905287510177,0.47483318716983935,0.003166457373643733
1000.0,4837.235415003234,20.0,0.1,0.1930226049707514,0.2605290717760394,1.4220718696454064,0.09915270996490591,0.37729066470175815,0.6067504941964755,0.008227730121381808,0.48780333152352406,0.003123117785288813
1000.0,2964.953828931688,20.0,0.1,0.13110226530125849,0.36173892752884684,3.9087784589121926,0.09706619607460304,0.36107882747163117,0.5694021016079999,0.00821213630462572,0.6466500002108224,0.0030475249396321098
1000.0,4143.255980187936,20.0,0.1,0.2589717694145446,0.11412974750042831,1.1444194936840169,0.11944131743606609,0.3861672128713028,0.6767358555703629,0.008396841347981004,0.5187584936268246,0.003828106682014976
1000.0,3303.602297611201,20.0,0.1,0.15535802120503306,0.41862015427236254,2.12551304398313,0.09984391381157606,0.3895029317544072,0.6177809506514788,0.008125129323125629,0.5229449575534088,0.0029374615195816535
1000.0,4363.600018497769,20.0,0.1,0.10673955373411263,0.2925719701957866,2.0530774639642266,0.11910845765087602,0.36572739121902526,0.6347214412614407,0.008605269126912006,0.5167591510081403,0.003959103522476152
1000.0,2552.3111292709655,20.0,0.1,0.330435281072236,0.41630909784149284,2.9261455524877604,0.10679473782165849,0.35603926743920705,0.5913691639053698,0.008064213852641399,0.4912840687820325,0.0029884403991673413
1000.0,2399.79002055308,20.0,0.1,0.379590933436755,0.14763667110978618,3.820697284726545,0.11842033047258736,0.3819526638864625,0.624995887169847,0.00827542531651742,0.5198617822668663,0.00323678462842289
1000.0,2557.7668229296064,20.0,0.1,0.4234365613598209,0.3791590883271032,3.2109686811593376,0.0942495212374706,0.3805232308895458,0.5779628212593165,0.008152106990469041,0.4840992551613486,0.003163039592290786
1000.0,4360.727677046431,20.0,0.1,0.18113439914549564,0.19048003463238783,2.3425606622122404,0.1141051997209945,0.35482432244171913,0.5987252443189076,0.008159792491000826,0.504504299800669,0.003233677594708406
1000.0,3957.8688450568698,20.0,0.1,0.3018168488282266,0.3482590157350546,1.4625777670270081,0.11895651256736528,0.35777328131585995,0.6385437173160897,0.008148675367466164,0.48913503873369885,0.0031168919587001792
1000.0,4385.247051021558,20.0,0.1,0.1032106088750593,0.3518251732645573,1.9139702958577653,0.10135285884715085,0.39398377862254513,0.6230260461349885,0.00847201565653093,0.5177176794221118,0.0034673407006624605
1000.0,2877.2246247951293,20.0,0.1,0.2868784740124587,0.31570555885287,1.0347788035764218,0.1107433049684497,0.3974397379300275,0.6809728459479272,0.008252246475857537,0.5252988035310122,0.0032059958019976273
1000.0,2905.9496884831724,20.0,0.1,0.3948325739977132,0.18023712697704541,2.6380831623513226,0.09735478070262638,0.36039024525373947,0.5680031363599277,0.008078726595833516,0.470739409803899,0.0031268510997551928
1000.0,3728.7618331790327,20.0,0.1,0.10999621890377519,0.44642765437651355,3.1033802242567017,0.09807210419140211,0.38022378165804566,0.5941855144604747,0.008304169688343932,0.6145239116078408,0.0036276195753404852
1000.0,1692.4787313074892,20.0,0.1,0.3326838470024844,0.39517608875619714,3.42346642591021,0.09387011847646916,0.3573964786341387,0.5635830604139589,0.008245814595161364,0.47602815700804507,0.003455802962804233
1000.0,3803.7413502026952,20.0,0.1,0.19977576679553277,0.4254127534181831,2.7128615882452705,0.10690259843682026,0.38797386469945355,0.6218200473112481,0.008065699907786843,0.5542385081241615,0.0030588574940922895
1000.0,4589.637464535539,20.0,0.1,0.26166640443617717,0.2966611486085986,1.2328500138907879,0.11773358934449335,0.39472092474039167,0.6792953599827602,0.008342561316186112,0.5239886282528978,0.0038043954416655643
1000.0,1691.763368888012,20.0,0.1,0.2230218900842949,0.4125162159752387,2.759919517874281,0.0995893331102967,0.36765998193945226,0.6026812300873775,0.008186519271366488,0.5416085542728665,0.003407405069190663
1000.0,3826.4734138038084,20.0,0.1,0.3412432145171064,0.1517760594925768,2.3410052224868716,0.115042787236475,0.39168266990980555,0.6413637399220031,0.008045561884183636,0.5266731852434676,0.002984175379243294
1000.0,3946.0363196349176,20.0,0.1,0.3829435340568057,0.3403353685985464,3.5090526846673686,0.10066763666809175,0.35355274551040694,0.559124510278871,0.008120875524563082,0.46930940646101965,0.003170036326538566
1000.0,1832.8116140013324,20.0,0.1,0.3077534466570382,0.10438786019140382,3.523078432195441,0.09569412200120996,0.3908425744951409,0.5993282464874014,0.008261545794545194,0.5190581487978002,0.0034260719287280694
1000.0,2745.1072107931873,20.0,0.1,0.13730974363459875,0.22942776087433814,1.027278888625399,0.09602580585108694,0.3573151772260578,0.6045859569349769,0.00841367309098681,0.4692293475145441,0.0032614996652925157
1000.0,4914.810621303903,20.0,0.1,0.2516091590411751,0.2920949059165828,1.1680816387510795,0.09177320732611745,0.38007246585017085,0.5983094167404714,0.008344052506947629,0.481175756525087,0.0038618233461876956
1000.0,2682.484532609498,20.0,0.1,0.20387244059890947,0.1571406648188285,3.2747213826993127,0.11826254231769077,0.36844337176629827,0.6303708329020009,0.008125459381978863,0.596910159211274,0.003239850962775988
1000.0,2816.781643122751,20.0,0.1,0.20227351765425558,0.16123817830155654,1.9434572556937055,0.11465015749493038,0.35416863243602686,0.6209189944443503,0.008090868050286205,0.5001759455580433,0.003207513522041131
1000.0,4368.942236512832,20.0,0.1,0.1192647263821092,0.2882054932715342,3.299560446545998,0.10017947440603911,0.3938128997492516,0.6023804864019714,0.008207353218497493,0.6160627579549662,0.0030848459000300285
1000.0,4168.356846972153,20.0,0.1,0.32438446777506647,0.22587041109277783,1.4087108349820796,0.10785587508084392,0.3602069647484669,0.6110990701976549,0.008067451627899428,0.477783386797882,0.0029049484741897067
1000.0,4577.309148675582,20.0,0.1,0.4077138025592222,0.27325371363638445,3.069725634292742,0.1118093122317961,0.36715626035515236,0.5970906540229242,0.008159286386350521,0.4917329255149876,0.0030760940096089756
1000.0,2037.4774887562053,20.0,0.1,0.25006113010586895,0.2761880488859564,3.079650705846467,0.11052646230397363,0.3527715398588278,0.6037381976793172,0.008119539272635234,0.5253338802249645,0.002971001623393586
1000.0,4726.956759294546,20.0,0.1,0.17179255028899587,0.18178539809217678,1.2672983751052045,0.1048819753605137,0.3962180900686337,0.6452642753786337,0.008374905036303271,0.5121204516969613,0.003445600856946704
1000.0,3819.2880971358604,20.0,0.1,0.27197236455714735,0.4007484265724186,3.8486928972587107,0.10683349650957455,0.3896496730116536,0.6088295952435903,0.008167504557750649,0.5523361589582868,0.0030500783835779965
1000.0,4939.744220502982,20.0,0.1,0.11029393373233495,0.3047798865708369,3.065430631606781,0.10633385685554006,0.36518084657263766,0.5851025204819387,0.008356469874281775,0.5532317001082082,0.0033809619890024204
1000.0,2435.146419078129,20.0,0.1,0.40979429440753157,0.4082586387504066,1.4129259870220647,0.11232946580676946,0.38495483444294337,0.6513821214928959,0.008319440190003052,0.5129076721784308,0.0031943778788089405
1000.0,3116.725612063601,20.0,0.1,0.23912808770086105,0.21342316283530324,3.1521585119736395,0.10357420113722157,0.38388762071009086,0.6095048315496282,0.008036617706482566,0.5572098942344392,0.0029682676945166427
1000.0,3946.3151067297254,20.0,0.1,0.4434184007874241,0.33923955106459025,1.2366297512983464,0.09665014312709248,0.37943580315628245,0.6069017797728081,0.008550638794314173,0.48342503750148696,0.004052326124521381
1000.0,1587.0956720203408,20.0,0.1,0.25871853786075977,0.2071145220538005,1.536807095874655,0.0913684394243774,0.35084045789081403,0.5772962716086469,0.008250985929204594,0.4709251133703786,0.003627208633100102
1000.0,2094.6307948825884,20.0,0.1,0.4284564531497844,0.21457927478341574,3.8120765398833507,0.09294608993868755,0.3802007763886178,0.5690152689109217,0.008318276054138917,0.4834899030761582,0.0033085315326804956
1000.0,3351.470391181759,20.0,0.1,0.3221756954221989,0.39661825061268363,2.169669278939321,0.1099598470799917,0.36056517444429537,0.6062749113970799,0.008028504049784354,0.4915632965796109,0.0029305912263549116
1000.0,4250.248986885736,20.0,0.1,0.2870615900036867,0.12813117083529038,1.8789661293015794,0.09404464235646862,0.38726021326842675,0.5930883983519047,0.008111874128241233,0.493069235107092,0.0031926429779949787
1000.0,2913.32632232353,20.0,0.1,0.2831721006777136,0.31332152548731607,2.1183430012069038,0.11957873925652127,0.3876486037099873,0.6617181464491808,0.008074394579606091,0.5372929658228786,0.0030791630440629657
1000.0,3769.7395055694137,20.0,0.1,0.15321682403719478,0.22984555378873292,2.1374648458034065,0.11111228199542773,0.3540685055797865,0.6005859187904484,0.008131547323837574,0.4966780509831575,0.003099472839058498
1000.0,1989.8611016513064,20.0,0.1,0.37793953531808844,0.23382579948614096,1.8982350337753648,0.09315151839843121,0.3542301531976705,0.5633165125418045,0.008197026658674543,0.46262290205997564,0.003128864798668463
1000.0,2966.409570489628,20.0,0.1,0.26099117114302983,0.43946911195959026,2.9932584955482566,0.09666122133594277,0.38416251253825767,0.5991889365636812,0.00808036077898018,0.5320531470469567,0.0030871050016573445
1000.0,1544.764566656605,20.0,0.1,0.36059571909948007,0.20944558496388793,3.038347419460961,0.11866117054936698,0.399454278982251,0.6604091654960468,0.008236786469311697,0.5414088373847374,0.003581229097929456
1000.0,3442.587693843432,20.0,0.1,0.12443758716604236,0.12161957557325176,1.813766622477469,0.09282735266369598,0.36439303117500016,0.576314011692397,0.008216647144291035,0.47574154221650855,0.00308542208473006
1000.0,4599.604193188738,20.0,0.1,0.20760323756116467,0.215287190736066,3.4930734971406876,0.112828151976159,0.3661320776866043,0.5966776825347205,0.008088458947962115,0.570908613486074,0.003026579526021186
1000.0,3258.2984957485023,20.0,0.1,0.29603850104533613,0.35300988011053047,1.4018382694231288,0.11260431288532949,0.35485389121861005,0.6266267802330556,0.008062201141222844,0.4816463380219179,0.002962745545102866
1000.0,3554.887024218301,20.0,0.1,0.43082189511247215,0.16000602628213173,3.3236932178864658,0.10174173140193231,0.3616505936202588,0.5689275799405176,0.008148151784997316,0.47244205008971507,0.002955131446455291
1000.0,3297.9106086946,20.0,0.1,0.16669355611246722,0.25582259944215835,2.7578289831065588,0.11312365599092235,0.39069863601064647,0.6415919069338625,0.008050367270810679,0.5942691354945043,0.002952929011974908
1000.0,4609.343717731921,20.0,0.1,0.2701440215585411,0.42006812732956744,3.6884389754123257,0.1046611748766024,0.3554762085902041,0.5678380521740161,0.008180002643031974,0.5166811715590784,0.0031172529600096916
1000.0,2776.3175379433296,20.0,0.1,0.36103290743937044,0.29614547108798883,1.5617706804637532,0.11583467606393755,0.3822957310415934,0.655052252628348,0.008100824182948304,0.5134333345272285,0.0029764867296026144
1000.0,1949.6501060730786,20.0,0.1,0.38703797928675476,0.2801220928452639,2.0726279800154153,0.10570996088137292,0.3770107924198427,0.6136610204678535,0.008125042030481458,0.4993625527753725,0.0030537142030156628
1000.0,4923.192028868465,20.0,0.1,0.3396025908373364,0.1957836167648303,2.251142749898673,0.09335653670536093,0.3677470747026521,0.5665148375782679,0.008152219473561512,0.4731931030834672,0.0032470893032881185
1000.0,4325.801188548754,20.0,0.1,0.24149401923384947,0.3833663895486056,1.9447220093597157,0.10869022391817494,0.35367616689777237,0.5952280037909888,0.008106171530849304,0.47965173469559697,0.0030835778914255667
1000.0,1967.632420499618,20.0,0.1,0.24308144946133575,0.420868546509645,3.135965064794701,0.09661073052679352,0.3648763678182329,0.5863642906590638,0.008168479485019323,0.5183009505950548,0.003095208631654771
1000.0,1656.9866429874273,20.0,0.1,0.32449039281947145,0.431531383713626,2.9267693630144995,0.11266363889257583,0.36898851367769014,0.6237688975284726,0.008155938375586525,0.5118231912549008,0.0031828200853207876
1000.0,4230.216149858274,20.0,0.1,0.27138210626175363,0.3485908600577178,1.7760378687877165,0.11114163501148973,0.36168639208624936,0.613121774053755,0.008075507243084982,0.4861482952450207,0.0030949551293961578
1000.0,2675.277853321397,20.0,0.1,0.19955610472858748,0.25327309136049625,1.646403877061267,0.10812397958527054,0.38228114870839525,0.6469594000170915,0.008026036406154718,0.5128470577945556,0.003000716293392606
1000.0,2297.086913447436,20.0,0.1,0.37010162940648417,0.33243657217011213,3.8747089624939037,0.11596824060179242,0.3973328953559858,0.6376068981412502,0.008296281616372529,0.5339740270785183,0.003279127797740942
1000.0,4726.668355591526,20.0,0.1,0.41714071380517115,0.4443045861283602,3.866190787811934,0.10069649750028847,0.35662375699228405,0.5557925391231116,0.008433635382482728,0.46704971978133675,0.0034316597148898627
1000.0,4755.793053389889,20.0,0.1,0.20945864645298495,0.40291727007495215,3.9866677881505717,0.1086358263751732,0.36432455383288437,0.5787299895619827,0.008295268518667272,0.5735394253036282,0.0034603669912281103
1000.0,3824.087144978037,20.0,0.1,0.3957306751898826,0.15958857129985196,3.6311922547352182,0.11156239945579391,0.39615974948748534,0.6216327842329735,0.008145173500068978,0.521423935339674,0.0031801130053043733
1000.0,2710.43952868652,20.0,0.1,0.41862774520647994,0.16446007743776542,3.1784854875068174,0.11792786952452654,0.37761248160449296,0.6223332754329036,0.008154802380223295,0.5076330172610588,0.0031193430846616853
1000.0,2027.10061138729,20.0,0.1,0.43651370524112965,0.30553340420080466,1.8260609657167186,0.11758921397626816,0.3913257448282744,0.6549301208776458,0.008411148207079546,0.5256139697354673,0.003704938582915252
1000.0,4784.226418629689,20.0,0.1,0.3264845709756202,0.17657962174940078,2.7948695745863126,0.10524250433402416,0.3753832347875652,0.5958313880010838,0.008109369243410033,0.5058043348404778,0.003275015501202065
1000.0,1550.2292828437724,20.0,0.1,0.19004969467198513,0.19426908262235704,1.2641361539919698,0.10136141341966216,0.37243858853588246,0.6452142696325622,0.008164143008406056,0.5129818170261589,0.0032285478125725084
1000.0,3900.9825114044124,20.0,0.1,0.2818768844535593,0.25882040298289466,1.4386198042529252,0.09708131657860586,0.3660144844892059,0.5936300045258623,0.008061535958622211,0.4732597718634299,0.002927604250010439
1000.0,2019.7327278148139,20.0,0.1,0.19001802739337725,0.24146881489654384,1.691870616530717,0.0976550874128589,0.3891839686886326,0.6330153663832888,0.008088061100539373,0.5202526181334323,0.002945690137259176
1000.0,2769.4872468201215,20.0,0.1,0.23384174887581838,0.37373940149348783,3.304715515593076,0.11149157988267705,0.3790639122869947,0.6253641261947314,0.008066348844982515,0.5690381994578135,0.0030211074146239154
1000.0,1721.4791472312263,20.0,0.1,0.4010072868336816,0.31942765031188036,3.821008247869004,0.09543279422958925,0.35584793223328104,0.5531995279812857,0.008357072981551564,0.4653426559075476,0.0033667210367236073
1000.0,4657.446523681074,20.0,0.1,0.21036304457299143,0.4359223652295575,3.2688193347729064,0.09674883827059458,0.3813293333575001,0.5820222449129375,0.008120231494821686,0.5451060893116836,0.00320940856157125
1000.0,2694.710172649022,20.0,0.1,0.38713474455959385,0.32514626105758926,3.1881264612496976,0.09858842240922498,0.3510995007056176,0.5593815920498335,0.008094372525764944,0.4632199755713089,0.002968906943251333
1000.0,2946.0165047007285,20.0,0.1,0.35092311813130717,0.4193411523198556,1.9240099635222565,0.10376805284041091,0.394080271804256,0.6311614407448288,0.008052995409394578,0.5129719517708586,0.0029256683799089413
1000.0,2378.7359317144355,20.0,0.1,0.33839911363125375,0.4091764843007707,2.891113903017607,0.09346967101268266,0.38261422755514746,0.5897053454540139,0.008101799406352968,0.4985010680527105,0.0030119109162097977
1000.0,1645.5847184736217,20.0,0.1,0.19861385587583105,0.40952320729626135,3.142835657823147,0.09645327015592318,0.3845841178502452,0.6109278880781442,0.008246497245323354,0.5710311843395971,0.003303514060319931
1000.0,3507.5920757425456,20.0,0.1,0.3831577331038356,0.3352386604251423,3.4764404119252204,0.11188902656290843,0.35413349561025087,0.5838466272340754,0.00809046389504513,0.48225977041798823,0.0030926553514725847
1000.0,3158.729440740801,20.0,0.1,0.12142125757144065,0.20003572282236007,1.8427507360548803,0.10404488953171072,0.3664629367489889,0.6129351062380108,0.008127418178281184,0.4937190041326101,0.0030236194217899076
1000.0,2312.9832080138867,20.0,0.1,0.40099639155777533,0.11899430029560067,2.3887526181654994,0.10932245091800069,0.35952285100615017,0.5952682009178831,0.008138741766776305,0.4837107836766531,0.0030520468373891312
1000.0,3101.150750894627,20.0,0.1,0.21969024996827313,0.40183139236555654,1.1516022489734845,0.09182300253682227,0.37352309675506545,0.6088263860773238,0.008119773847010592,0.4792452704068435,0.003036389193248571
1000.0,3977.6064101686297,20.0,0.1,0.40564784165033474,0.2775079064172357,3.8943242565249463,0.11012516458764306,0.39763595572277005,0.6170559501372486,0.00826544869032802,0.5195104027227394,0.0032927509801817787
1000.0,4493.000819753632,20.0,0.1,0.4133940285897053,0.11074685858657235,3.6410724753528436,0.10972793661561542,0.35713582401557636,0.5753623149661149,0.008255329015026987,0.4781709867795771,0.0030632824704359364
1000.0,1792.713236230753,20.0,0.1,0.14123419062603623,0.27126612694787056,1.203246479230705,0.10250566973806934,0.35811703366801123,0.6385706109596324,0.008246362990061857,0.49217353466668157,0.0030827590274808215
1000.0,1654.6210353924976,20.0,0.1,0.13813877075699152,0.13078071362179383,3.7017257235327787,0.10976601696122582,0.38193033703775614,0.6355228520717991,0.008374099311045978,0.665313348439089,0.0032443544957262735
1000.0,4930.182307832046,20.0,0.1,0.29550778640016295,0.42664019988298074,2.959558835409591,0.1034217358091049,0.3849591349370894,0.6025398969220735,0.008154244849560859,0.5211496370014821,0.003575991562050723
1000.0,3011.065481445897,20.0,0.1,0.16735729144093103,0.11935939899811546,3.7716070644337005,0.10100942474239456,0.39188536481520325,0.6050865428146054,0.008123775425113645,0.6245283365743836,0.0031242442050972864
1000.0,3019.0488968736845,20.0,0.1,0.12348346762455364,0.29473377656036065,1.26541867816303,0.11178007566751313,0.3695897304188215,0.6607130816948356,0.008246548645548631,0.502250175046306,0.0030013552891642826
1000.0,4298.292254012094,20.0,0.1,0.1362485491276652,0.10925459626980884,1.3690258475223485,0.11825969575736457,0.36372402310776497,0.6468407204539468,0.008527847181645504,0.49686342005385137,0.0035621903055572876
1000.0,3560.9597282528903,20.0,0.1,0.23658274445358543,0.17566631829566137,1.4771837386038065,0.10781738399988017,0.37320030998946563,0.629469659085992,0.008051168871297107,0.4945670161550588,0.0032302236235342615
1000.0,4857.797354530242,20.0,0.1,0.390317716587985,0.38694676280988816,1.1984203138461293,0.10354688777239757,0.35016481637160063,0.5950633878767463,0.008379602545000597,0.4618468705955947,0.0033330959888102163
1000.0,4470.84110805107,20.0,0.1,0.1896276364905209,0.2500138103063163,1.708363537658347,0.09264156995294072,0.3979303422687861,0.6057258607479766,0.008206564673759421,0.5037748391345442,0.00330305647612876
1000.0,3482.868245254095,20.0,0.1,0.2608272850507164,0.37166468650137985,2.46761520203038,0.11540564638907988,0.3905143288656423,0.6478594918253189,0.008060525900471342,0.5470224044491636,0.002985022214889937
1000.0,1580.423764203336,20.0,0.1,0.27126376992399576,0.11268744674221941,2.1608908090072116,0.10109774452761264,0.38994213297355595,0.6262338102048827,0.00817509783825261,0.5323093800647815,0.0033865643622403583
1000.0,2302.2938494201926,20.0,0.1,0.30573430418653,0.26323044331472933,3.4789146227251484,0.11436831033738949,0.3533129481187333,0.6001745981053671,0.008143284908157309,0.507438289517637,0.0033433408040164803
1000.0,4292.181544131845,20.0,0.1,0.15228435038242252,0.33077414261394433,1.1996176476070317,0.09241643642994193,0.3968627170769999,0.6226607519948453,0.008395383888295131,0.5005800125599001,0.003653815684684324
1000.0,4510.66990976813,20.0,0.1,0.25969440539421884,0.1729654442257721,1.6731161114653583,0.09871331002485036,0.36755765602255286,0.5876211835763445,0.008116950792576303,0.47690797935194196,0.003028435560602507
1000.0,1739.8864013434738,20.0,0.1,0.2138907461126262,0.11716035387982378,1.164893757414392,0.11602880144465831,0.3839850267875351,0.6944251240502266,0.008322031468832551,0.5366978060203571,0.0034812199991000165
1000.0,4166.379718026549,20.0,0.1,0.33847591999984394,0.2102542693588531,2.996930168578696,0.11642411098729878,0.39633415697863855,0.6412930748377772,0.00812629043402389,0.5412327962353063,0.003239776802852773
1000.0,2937.9797956626467,20.0,0.1,0.4086822571824983,0.36064710911934106,1.642780468065844,0.1068998159655937,0.3640858738088239,0.6083756887242052,0.00812252702935361,0.4829429123894436,0.002884003167081873
1000.0,2229.829774098339,20.0,0.1,0.27411130862754113,0.3196177657624828,1.0769973507417845,0.09930523297944766,0.36933349646559144,0.6258629905118938,0.008138665458523068,0.4873412726073921,0.0029524802463966725
1000.0,2297.929352667722,20.0,0.1,0.35097591492894387,0.178855295054075,2.770971481441127,0.11483882193270258,0.3963823953281854,0.648716745511132,0.008091721121809937,0.5343804182895213,0.0030132011328287077
1000.0,2115.013969749894,20.0,0.1,0.179526782778685,0.19527356501595353,2.02387126879872,0.09844169475490251,0.3851795255116928,0.6193869089855062,0.008091099238196868,0.5330014405316635,0.003011420212981846
1000.0,3150.7850536781707,20.0,0.1,0.1177583361984842,0.17067129435198677,1.748554975382647,0.11316447776299127,0.3565545731416076,0.630829015479047,0.00823714198958532,0.4936223497721018,0.0032562753423927967
1000.0,1831.0234823218093,20.0,0.1,0.3222233262304148,0.12977503449201547,3.108396478464184,0.09536419720041726,0.38161763435534274,0.5921201684004221,0.008158241381892053,0.5039935305849398,0.003170853458546642
1000.0,2718.379844597303,20.0,0.1,0.1270502488481301,0.34452315506882025,1.00950739341546,0.11259741716076284,0.39517491229357277,0.6976534297762734,0.008667244333950193,0.5327242554338129,0.0035274423934083614
1000.0,2234.620470656383,20.0,0.1,0.2691020175233848,0.3517841354300605,1.9028392383202815,0.10793690052799053,0.3514913808698025,0.606567410976306,0.008081498740512796,0.4865055206531466,0.003088452338136475
1000.0,2625.014291151536,20.0,0.1,0.2027894055741299,0.33453794221819255,2.874502008610593,0.11049554045728345,0.39389808466566,0.645076038641697,0.00807051261083429,0.5989958430309721,0.003183204636381075
1000.0,4775.474267209979,20.0,0.1,0.13641009769869863,0.3231966488063105,2.019921032314308,0.09953350821261314,0.39132790289467034,0.6056685777859454,0.00832323180900189,0.5121285451246932,0.003408076784535585
1000.0,3351.005211669544,20.0,0.1,0.2551375770507991,0.16724582042824238,3.220578741335992,0.11602763218990489,0.38334308662506195,0.6330179331661784,0.00807477957423962,0.5679701276255685,0.0029993167015494124
1000.0,4023.8704570447003,20.0,0.1,0.13832354438982158,0.2107067849394824,2.406718419348043,0.1134383105466277,0.354905817485183,0.600706037671438,0.008188404257143053,0.5141439605303968,0.0030295437989851896
1000.0,2225.215150491008,20.0,0.1,0.4330948905901151,0.15001591196019973,3.197465267837904,0.1023082258130031,0.39383304557643556,0.6064045786635741,0.008194076408321928,0.5067570013697449,0.0031374570744496302
1000.0,1739.6740664700442,20.0,0.1,0.35772898340074843,0.43249611112184094,3.102767050090966,0.10091516526892358,0.3983545314255851,0.621388029614157,0.008155825949052141,0.5180263294089306,0.0032395362835655156
1000.0,4308.865216305013,20.0,0.1,0.3374467678856664,0.19366916552949737,3.259839320481454,0.11719522242532007,0.38193588287767394,0.6240018190793792,0.008148494323431892,0.5304111860302875,0.003248711285693182
1000.0,2842.3583454111695,20.0,0.1,0.4430761539658231,0.12052490545733147,1.9653491703209844,0.11886407551810246,0.3809614529268081,0.6398644342547375,0.008343390791015029,0.5117390592387691,0.00378116443717692
1000.0,1841.851472589653,20.0,0.1,0.2964483012692044,0.4493883560615054,3.78792657261561,0.09927079553828966,0.3624623664125814,0.5788966349697593,0.008331303698344821,0.49882819616077073,0.003617528385258135
1000.0,2439.7881224479115,20.0,0.1,0.17641586657897995,0.16780021466369976,1.9104327275162625,0.11357074651380673,0.3763630664520968,0.6492501313675499,0.008079192226347624,0.5298893229065428,0.0031289564642157422
1000.0,2283.641183543351,20.0,0.1,0.39268752065254753,0.25252142024626933,1.4610036664641741,0.1088135704116234,0.3526741395410488,0.606874398504177,0.008190430102030976,0.4777032440679285,0.0030538541744376535
1000.0,1578.2235128282312,20.0,0.1,0.3731602152165968,0.2078087555604199,2.8596255462556934,0.10336906720078017,0.3996961851216752,0.6268728613943853,0.008154784294100157,0.5215150924008668,0.003317006522237666
1000.0,1807.5174072579564,20.0,0.1,0.4447171609765047,0.34309166101020444,3.991219913499079,0.09556527668042356,0.36472263946751304,0.5559590359314613,0.008544315344750225,0.4713934342689089,0.0038030928432205183
1000.0,1913.04298568403,20.0,0.1,0.44638901607545123,0.2022398045051947,1.7442282984883706,0.10630752502662158,0.3941948481789287,0.6303177158888367,0.008399881978556265,0.5151950935418822,0.003668256858193849
1000.0,3408.539710448882,20.0,0.1,0.10532351390828654,0.21376774305950236,2.8932192841856774,0.10431875901489063,0.36067796409588676,0.590953472908923,0.008237784558125228,0.5992948815294044,0.0034100124719424352
1000.0,2724.5259046367714,20.0,0.1,0.24972106072648,0.10386291430159954,2.8695801548595057,0.11552867380910668,0.3583545367515456,0.6149638757710102,0.008092398599547105,0.5418611307931519,0.0030402998161737907
1000.0,4276.162532776696,20.0,0.1,0.2391063289408378,0.19239757947374536,2.7242045083752355,0.09536629290269208,0.3652787365060342,0.566958248941076,0.008101219848180989,0.5004697280710314,0.003047563279383924
1000.0,4346.782073377135,20.0,0.1,0.25294383273556326,0.43698812039557133,1.8193396120581977,0.09713037986450522,0.37679198994426444,0.5958061065679334,0.008119381214039711,0.4871781517126924,0.003045769251786232
1000.0,4333.865730189523,20.0,0.1,0.37848800746523037,0.18292187789039557,1.5882920245251109,0.09997511534339142,0.37010425603268465,0.5957678372998443,0.008079117432336995,0.4777368121215726,0.003145909914654678
1000.0,2159.913862938488,20.0,0.1,0.16165675950349204,0.3596102373329939,1.9214009420562603,0.11783643438684306,0.3766886444923482,0.6708203048771377,0.008168610803255491,0.5454573767164423,0.003149948659060318
1000.0,1616.550924851535,20.0,0.1,0.35179297774213825,0.16329709422149052,2.2432419496438127,0.10309005976062904,0.35215714836104,0.5836223576675398,0.00819543855629314,0.4776606942795677,0.0035727548408158332
1000.0,4672.778267113291,20.0,0.1,0.1983541832930482,0.3115093561775552,1.7672831090279928,0.10761685794612222,0.39261303667845004,0.6344205286472597,0.00816767326223422,0.5145391631104732,0.003134432926837062
1000.0,2130.3716657883906,20.0,0.1,0.24734329531038465,0.28392532714372143,1.3123645839028404,0.10788038578436747,0.39996956330557465,0.6791934808090847,0.00811251924737193,0.5309966065649417,0.0031364632552138994
1000.0,4324.880337136996,20.0,0.1,0.28147639080812736,0.17100367654071863,1.3210367222908959,0.11629949428900996,0.3869150491781882,0.6629031373870428,0.008210114030667064,0.5144003228586569,0.0032633330838791525
1000.0,4190.280958945846,20.0,0.1,0.26382569549084517,0.11666435095141325,2.716263611756487,0.10518563348902722,0.35222008144562345,0.5756568111575807,0.008084347847720124,0.49716223908623963,0.0029260005277738648
1000.0,2851.246305374578,20.0,0.1,0.3270539698048387,0.14679111991292904,1.811656724783694,0.09673659611371506,0.38698466103142043,0.6063903378261126,0.0080585406585096,0.4984834420861972,0.0030899763014147793
1000.0,2850.8658378382697,20.0,0.1,0.32457295590899815,0.23978444438703428,2.2849884023898377,0.09370464843147748,0.3714299554794339,0.5790593313250961,0.008074755831060954,0.4856622351057666,0.0030690891471846934
1000.0,4994.570832884812,20.0,0.1,0.3631657458434526,0.3423625003906432,3.421756007505187,0.09190280319161627,0.38999266338002836,0.576606303287678,0.008263670381327215,0.5010426314630859,0.003434586425318338
1000.0,4282.055538011313,20.0,0.1,0.3309463896757224,0.4200335610704675,1.1895287917393185,0.09269314667864692,0.39607572813908076,0.6213092518047905,0.00823399489101053,0.4969865599267866,0.003176672983077381
1000.0,2936.8866445499248,20.0,0.1,0.43086301984854514,0.26657953917056854,2.3019948482115327,0.11419695967931011,0.37323805470273913,0.6184508081903716,0.008166664980999336,0.49882571264287723,0.0031653416170603047
1000.0,2123.567952625033,20.0,0.1,0.2502720159536872,0.1725628408152367,3.7131783173507804,0.11556368292282293,0.35627375046762055,0.607396289630692,0.008232008540260993,0.5361822015861346,0.003265054167086915
1000.0,2710.419097510012,20.0,0.1,0.3842595803018066,0.1082611772439693,1.009567766490526,0.09556358503827034,0.3965446500726878,0.6261378060806801,0.00854585104028856,0.5043101588967157,0.0036898170705801947
1000.0,3185.145238125673,20.0,0.1,0.16118884997360272,0.17469052111568656,1.4080659296006692,0.10720214092153926,0.3600746391780965,0.62550848376646,0.008084745989918894,0.483650461014038,0.00302912682562745
1000.0,3669.4555606017293,20.0,0.1,0.442102330335193,0.31671011511669434,1.7065433249799404,0.09492101325669543,0.36409172568032927,0.5761456599046039,0.008264039797698637,0.46650740917455347,0.003371306212786146
1000.0,3181.5654229214506,20.0,0.1,0.17454110170055026,0.10251750326433415,3.3728386441192226,0.10682298897492337,0.38633543279336735,0.6161060018069708,0.008089688016507312,0.6211336298736868,0.0030545118271007995
1000.0,2886.258123308353,20.0,0.1,0.17944008687304136,0.31272512212688885,2.2508090575751134,0.09842216438267189,0.3925759036301924,0.6164888765631498,0.00807821457929869,0.5369354133382086,0.0029061783498069327
1000.0,4898.627981310832,20.0,0.1,0.37433203822711547,0.41405572769116383,2.7803642493598195,0.09751036574522,0.39228637405175887,0.5980041010717622,0.008187147335407905,0.5048120705201646,0.0034601525176540153
1000.0,4048.3294206979385,20.0,0.1,0.1505342350339006,0.444069267851287,3.822206597682193,0.10119930266659934,0.37239742059795145,0.5802709896111282,0.008118566916910628,0.634194118882056,0.002915887788347021
1000.0,2933.799329088065,20.0,0.1,0.27643354423835365,0.19398953435074734,1.4807359620961278,0.11818196806149087,0.3835491548653219,0.6699084442381368,0.008103691636786692,0.5190026761328226,0.003140983558651327
1000.0,4950.529536404267,20.0,0.1,0.34438471798553183,0.2136612551100731,3.4030712018480367,0.09729949068751505,0.39993975256170705,0.5971149246040142,0.008231394717216756,0.5220786554733908,0.003443005878249699
1000.0,2844.816666967591,20.0,0.1,0.24574093227396246,0.34200229912296787,1.9143601435492514,0.1033423264848024,0.36743558797939513,0.6076497640744456,0.008027240823194722,0.49266552432560484,0.0030587802965111074
1000.0,1583.2386880342594,20.0,0.1,0.3057122278720241,0.30148829424685064,2.047796512479633,0.10112633576166138,0.35190316239339386,0.5883887389774246,0.008183979591319794,0.48223571131254794,0.0034909521679975077
1000.0,2580.7350425786303,20.0,0.1,0.35787788474975724,0.2718246751097657,1.5551670525441947,0.09397410151811453,0.37411174070093,0.5935396406036209,0.008093482022681267,0.4810461244824625,0.0031085325843388484
1000.0,3152.3760892567107,20.0,0.1,0.2610530082275745,0.30649475497513057,2.047113779215993,0.10183555786308346,0.3664407854391499,0.5968710167430842,0.00802855465313418,0.49136634332842777,0.0031313564002856944
1000.0,3679.8621273707954,20.0,0.1,0.11195503386399165,0.3463101202366304,3.407201342497373,0.10097249511887435,0.3514851561763375,0.5695341572395777,0.008267044072240439,0.6396381936960498,0.003482254931971334
1000.0,3961.544857103099,20.0,0.1,0.3220887767669488,0.36372478908396855,1.41985764430286,0.10715257753960462,0.3692762225478626,0.6223354407336898,0.00804730972137364,0.48699505435866314,0.0028995174306418532
1000.0,1717.907753531476,20.0,0.1,0.32223560164186216,0.2768918550420386,3.414312778004092,0.100554898909431,0.370428387706095,0.5911650784507003,0.008171235803908009,0.5001497980186868,0.0032345953302776983
1000.0,2409.3202355959916,20.0,0.1,0.2707538895485174,0.2663215054145216,1.2137751723787078,0.11876641021577292,0.391155419077879,0.6962401886053479,0.00822352088150048,0.5314938805232973,0.0032558846180699087
1000.0,4472.618475402695,20.0,0.1,0.27124095009448196,0.23226062052581786,3.17330582225771,0.11963594491957247,0.38777441043954763,0.6380945090802117,0.008163779744073044,0.5611640199782109,0.0034469234161242195
1000.0,1819.4295184515152,20.0,0.1,0.3802417943805312,0.25915016368674404,1.0373885194876475,0.09763030955170521,0.3952794951964774,0.6356726449544874,0.00864889957889139,0.5115515186417559,0.003987036128274092
1000.0,3205.688106068507,20.0,0.1,0.3612829427460382,0.254394203100916,1.0235709883727075,0.10816219927460341,0.36413625928301485,0.6275172558692639,0.008312275610305873,0.4848963019486971,0.003451499200473317
1000.0,1986.306998710871,20.0,0.1,0.3401367918885082,0.3140509463357766,1.7418730847078798,0.0914150840967766,0.39076286331213006,0.6051436678082931,0.008163625197867359,0.49869069241226566,0.0030768439324078784
1000.0,3941.644434599993,20.0,0.1,0.14476071430573287,0.3738663820350009,2.156744331127966,0.11354921307255336,0.39287631443894566,0.6483331710470186,0.008225591976489128,0.5385004234170236,0.003176308300758466
1000.0,2049.0271073605018,20.0,0.1,0.26846426221721753,0.36887239332884236,3.870789044381912,0.10990262255720865,0.38273071708208634,0.6206773321866328,0.00828216574593479,0.5435237446032791,0.0034133792894623875
1000.0,4845.295903937952,20.0,0.1,0.1443351811230205,0.31543084662457244,3.1277890482841633,0.10155162513823889,0.37933228603200425,0.587310521457247,0.00814521813188888,0.5553797778087296,0.0029917078449920582
1000.0,3072.9249954886777,20.0,0.1,0.1244878023727599,0.2344936173407705,1.0052673152664822,0.11149783527783615,0.39465536353834485,0.6852082498315744,0.008694642750120114,0.527945867485506,0.003764726759425336
1000.0,2125.1822883926898,20.0,0.1,0.411329450121274,0.18647999164118578,1.079397351746255,0.09956677502365831,0.3720848867561095,0.6087029597945739,0.00864744956632665,0.48652941411970274,0.0037656015118032035
1000.0,4438.332556333584,20.0,0.1,0.3016353437213339,0.12937055231466785,1.6323885668725249,0.11175024829065831,0.37459742852605143,0.6264845760948187,0.008107065113850837,0.49652750762206005,0.0030307523453788504
1000.0,3624.925758834152,20.0,0.1,0.15011002098109194,0.3030070712224799,1.9590353111205197,0.09142561192178195,0.3686418163065404,0.5735358399352781,0.00814960372021067,0.48283049567606107,0.003061689004560396
1000.0,3571.92943930234,20.0,0.1,0.30254910165196414,0.20724341857836606,2.366211349023474,0.09983789823055986,0.3735570580605922,0.5914704851960901,0.008028767511641983,0.4981624733034997,0.003096833087325757
1000.0,4257.456111435489,20.0,0.1,0.3226007777780657,0.25562399781604217,1.5371810577351395,0.09681864051407706,0.3878066453549496,0.6103398438896396,0.008083943207059617,0.4931373115263511,0.0029676829652929898
1000.0,2507.8044659941424,20.0,0.1,0.3443796134838473,0.15162524803660699,1.4242275665583808,0.11530818810680324,0.38273386392293185,0.6588671854041632,0.008142543232648463,0.5149861998889271,0.00300652755939147
1000.0,2011.6999444276635,20.0,0.1,0.41757549148388506,0.39767594770427017,2.6580202250166565,0.10108992319556206,0.36111679481779296,0.5785471467506179,0.008188839688817999,0.4756111446883508,0.0032009143321405746
1000.0,2686.641975297881,20.0,0.1,0.3436680804168988,0.1712678037830753,3.260264918684541,0.11917867132149518,0.38644486694228436,0.6405887612339428,0.008123306626587527,0.5329620480629047,0.0032766400865395623
1000.0,1771.8128896270027,20.0,0.1,0.18862294080630157,0.14147487372699485,2.758863352391181,0.09751983551279365,0.36513095256928435,0.5912271993051089,0.008194546122255921,0.569182877141967,0.0033065034409304884
1000.0,1600.3789235026263,20.0,0.1,0.3241160916337408,0.34080044734680925,2.6796704263573647,0.09320430580970604,0.3850537068421606,0.5975137071141126,0.008184974092025213,0.5039703948697202,0.0032130461242935427
1000.0,4749.973391984522,20.0,0.1,0.41678908361156597,0.4385605784448591,3.61959689361008,0.11126273397258266,0.35880532901563117,0.5809040119507811,0.008326459660492771,0.4807232886289254,0.0034125044012137673
1000.0,4993.4558129203215,20.0,0.1,0.17677499530566745,0.23464748851170408,3.819743676132381,0.1198317504925831,0.3655024265922536,0.604024175501578,0.008320200743947985,0.6156118154209351,0.0035805130943898926
1000.0,4785.445445508103,20.0,0.1,0.15678189070928836,0.1822002541355197,1.1838977256871723,0.11066358677072183,0.3536435588124934,0.6143399286445285,0.008574944588990274,0.47426434250832106,0.003993124301958795
1000.0,3439.320314866619,20.0,0.1,0.25335196460952725,0.20772341880863282,3.1850997997303248,0.10921562986344358,0.3677412240630944,0.6025399041109154,0.008028722495514914,0.5424292859243884,0.0028629810418557403
1000.0,2246.9692855782732,20.0,0.1,0.39192541488392874,0.3270102272955985,3.9468972682477985,0.09581422566566763,0.3982492851465961,0.5957380382171019,0.00831710339208795,0.507642790877267,0.003355099052940291
1000.0,4824.238798159207,20.0,0.1,0.4213599128318021,0.24825119875836746,3.3518971187734046,0.10457615403934126,0.3909937488282458,0.6026213540073928,0.008241382228020223,0.5051768060047935,0.0033052491982855188
1000.0,2422.5977859676627,20.0,0.1,0.36657154654354596,0.15651853243520528,1.879295735218839,0.10280944127838665,0.35749048250240245,0.5882068814577935,0.008082993364267998,0.47527870116879284,0.003044411253667176
1000.0,2465.12896397761,20.0,0.1,0.3503101544831002,0.34904233978938104,3.509676517566815,0.11724649108016623,0.3628278304608154,0.6106441707112312,0.008136226094774417,0.5047816826171568,0.0033199710751587964
1000.0,4103.029782460193,20.0,0.1,0.1546802806256818,0.33674784903492844,1.055293099492607,0.09111092515534992,0.39181090779410177,0.6163909294097041,0.008517905613057654,0.49417276040058555,0.003894896897985919
1000.0,4030.109797237068,20.0,0.1,0.20461925343289256,0.3621071371047543,1.9387917441069478,0.1067577878470085,0.38870931856028756,0.629231675113016,0.008075003657171289,0.5143915216852957,0.002951037260593039
1000.0,2170.0990663904176,20.0,0.1,0.22712527705472813,0.22353561806041872,3.0185152938929334,0.09649130789648147,0.38094437615878624,0.5996552561890172,0.008123355838208135,0.5460748398777934,0.0032028059314676703
1000.0,4140.199936822023,20.0,0.1,0.18081231543510443,0.22770656067099257,1.132475234592085,0.10611317912037069,0.3752241429994765,0.6352022238096039,0.008238993740643335,0.49393247908560123,0.003229839446291206
1000.0,3900.4070542139552,20.0,0.1,0.28953894535621677,0.4023877693955653,3.535516232366242,0.09349494989851284,0.379516273913726,0.5746371257162589,0.00813059525597234,0.5148058296945902,0.0032368930132589792
1000.0,3894.7624472594134,20.0,0.1,0.2620913970916825,0.1963557039526622,1.451214215182429,0.1125664847922062,0.35083786683126583,0.614979823036534,0.008121007951827904,0.475911531147149,0.0032683967441938374
1000.0,3340.7485618207916,20.0,0.1,0.4478422060516847,0.3521605813237766,1.4989505752420538,0.1154590609930134,0.382836801794502,0.6486564598353218,0.008457962481240346,0.5085735680043265,0.00384200957164203
1000.0,4237.13701847345,20.0,0.1,0.19359946861611005,0.4298765901869447,3.0352330093811597,0.09704692977880981,0.36730225798960986,0.5730688048009693,0.008097080435667071,0.5318785044405595,0.0031411397881134446
1000.0,2119.878444999212,20.0,0.1,0.10340068134524144,0.12594711339152798,1.4579112071669493,0.11612383864026729,0.3804615562167194,0.6934201501443447,0.008465900032417777,0.5342895503404841,0.0033181933174224465
1000.0,3055.483820185807,20.0,0.1,0.28185358925171167,0.4298925266494651,2.174572949734855,0.10204067619033441,0.3588279139968935,0.5901245247323704,0.008067816484332717,0.48656778028741554,0.0032119297575642367
1000.0,2017.7174295084499,20.0,0.1,0.1081038414910419,0.29387831570301753,2.707339229248328,0.10581597068754658,0.38693719338477295,0.6423595363133503,0.008290731875345259,0.7011200490422725,0.0030462381586930107
1000.0,2017.7060440587134,20.0,0.1,0.3021243846731655,0.4306369289726053,2.8186777486818873,0.11332201951264355,0.3753523242613953,0.6333151998243862,0.008110896970297096,0.5268218203951395,0.0029959467997209555
1000.0,1883.5765451478305,20.0,0.1,0.4447658003520255,0.22195159775223178,1.520990528368271,0.10716478652139366,0.3560099379515397,0.5979190316744898,0.008497420253540354,0.4786874636023254,0.0036212466383070347
1000.0,2802.7509719014615,20.0,0.1,0.291284163591762,0.10269961287698315,3.6607347606891896,0.09724555569772396,0.3786745669497581,0.5838708229719348,0.008180199760042979,0.5161481968022048,0.00302901700187558
1000.0,3856.533525256738,20.0,0.1,0.24237104332383802,0.41809620932339187,3.337449638494383,0.10987574019763799,0.37944063281732754,0.6131764794406254,0.008055470169628631,0.5605765012779906,0.003223183160157289
1000.0,4295.906528428591,20.0,0.1,0.13218824815983915,0.4077449367655078,1.9779339690304152,0.09148654309983335,0.368274264792463,0.5693334523062588,0.008312432165070785,0.4809503937011478,0.003247395950835301
1000.0,2681.7474543157564,20.0,0.1,0.4499847494827275,0.20088345114296777,2.03176138915415,0.11498874211872412,0.3905299714518551,0.6400128355530103,0.008313769916434772,0.5170463585593843,0.003879017153989213
1000.0,3113.9145771032063,20.0,0.1,0.4052870843860864,0.10523363397383526,3.173562209702868,0.09238784923136385,0.3585580768061025,0.5499771812766305,0.008157463960828577,0.4616749526283378,0.0032100786313354764
1000.0,4864.942216523018,20.0,0.1,0.4455665198205131,0.32263355483962347,2.3447588444740317,0.11618049536193807,0.3707155364845756,0.6174437793507433,0.008376906580119074,0.4947239287703639,0.0035036627420985877
1000.0,3427.4719318658044,20.0,0.1,0.13846311773584563,0.28112742165656124,1.4033995145356717,0.09959505326172004,0.3623326168341424,0.6087267009898305,0.008107956405840605,0.4765526492099651,0.003059288747190369
1000.0,4062.7383336010867,20.0,0.1,0.3274151281931913,0.39270821755634777,3.6688608899290727,0.09330391312362829,0.39949439198014686,0.5909833704433649,0.008198994554262541,0.5207298957254833,0.003390105201616828
1000.0,4480.071854524242,20.0,0.1,0.22329812961476309,0.29981415361892244,1.2202900887623571,0.09635829151404728,0.3658169670625324,0.5965106185285504,0.008194926953267649,0.4729981792317863,0.0032291812124320687
1000.0,3285.114814839706,20.0,0.1,0.13135118360742007,0.44642353673995927,3.713717423045533,0.10165919750676505,0.3911300668034958,0.6105069625538294,0.008145342668777054,0.6852489495628893,0.0028626296707011316
1000.0,3267.009291835552,20.0,0.1,0.1849592755931316,0.29163094816302393,1.4048257242926852,0.10906742207211287,0.39208939838820656,0.6651863259908275,0.008070853001255884,0.5177636392106223,0.0029752445134695114
1000.0,1648.827140834827,20.0,0.1,0.12937867294404554,0.18970427206360985,1.4880008190926286,0.09276365503860297,0.3876891310589674,0.6372025832498072,0.008265563417765649,0.5135925858076528,0.003162985135630253
1000.0,2346.1445165409646,20.0,0.1,0.3624696379668142,0.20192519049412644,2.3337576525448083,0.11213084232567866,0.3956240079653154,0.6448386450065645,0.008086116885481892,0.5266025491237485,0.0031977623529218834
1000.0,3108.4835927552635,20.0,0.1,0.22172580377599663,0.3306083468534826,1.7426048659911952,0.09708695796062793,0.3574189275025475,0.5848634685725734,0.008058616909685993,0.4705533225821965,0.0030584581293771162
1000.0,2495.6885463685576,20.0,0.1,0.2960519617478172,0.32158664089086,3.7977285800614857,0.09863599465233633,0.3874165731636814,0.5975603468246201,0.008213724990979568,0.5230347498475125,0.003304862002101845
1000.0,3704.7326766748374,20.0,0.1,0.4316720670410096,0.43759500935378814,2.412168851557076,0.10215809055760308,0.39191866489451693,0.6114265224124246,0.00817122434051102,0.5027774202205254,0.0032721646223611
1000.0,1577.421159121697,20.0,0.1,0.3578279020555246,0.39430305017357115,3.6694193485560334,0.09060088609839131,0.38061164460207275,0.5758273734451774,0.008317633161357247,0.49053764300965225,0.003435854268360747
1000.0,2918.6567649915382,20.0,0.1,0.12417645171211135,0.3786580692724598,2.2325735106062563,0.10725680609445881,0.3682515871048162,0.6191697346197005,0.008169989129816766,0.5291064166342344,0.0030168748809963186
1000.0,2546.666579776288,20.0,0.1,0.3812867303324595,0.3894369682182889,1.441565378074078,0.1052162697201168,0.3570435494967351,0.60611238625269,0.008127898371837732,0.4768168194826296,0.0029598012884968308
1000.0,1914.3096211902057,20.0,0.1,0.1441161596844318,0.3758980031441165,3.3541834111665807,0.10339527129069104,0.35897169880749225,0.6001331190524227,0.008266840088204821,0.6343059891706162,0.0033434768933180634
1000.0,1587.8922469198014,20.0,0.1,0.12723949150312194,0.42079323014999204,1.9811323603220765,0.09357980618041514,0.39636149304225093,0.6380743338808277,0.008378616690977662,0.5624878995086341,0.0034959693169647433
1000.0,4737.831923245504,20.0,0.1,0.2518850365718917,0.21591388291056252,1.691643666756796,0.1073913920393115,0.3616760103263914,0.6010677918204581,0.008142630595698488,0.48041619306955236,0.0030439270025697175
1000.0,2353.8727732875914,20.0,0.1,0.4251516992137102,0.12095204785892096,1.5669244114089065,0.09234917265352675,0.3518533747695989,0.5578211780978544,0.00837381834739407,0.4558664270936674,0.0032793214489027205
1000.0,1846.1239061971114,20.0,0.1,0.4220846036120405,0.43188218461295813,3.938423369084382,0.10029904072474137,0.398737753748483,0.6037947115493789,0.00841717586196083,0.5110341918926993,0.003443555880741064
1000.0,4726.82616233259,20.0,0.1,0.21326056998115694,0.30537135461491427,2.9016420839203545,0.09529403064600582,0.38849672771244514,0.5869165099238403,0.008134766422597554,0.5311746800050698,0.0032306585655305464
1000.0,3645.0164195104535,20.0,0.1,0.21236819949091856,0.35855458600226797,2.3560386250824767,0.09388300074836887,0.37102348672113084,0.576708528907077,0.00809938530833858,0.4994179338122132,0.003021370750915488
1000.0,1909.8930048022585,20.0,0.1,0.24337836052375483,0.1880366458611743,1.2166447549608475,0.09431209197440718,0.3551097686955841,0.5974985324358848,0.008179814423858256,0.47171697139004665,0.0032214626811690396
1000.0,4110.797501546477,20.0,0.1,0.40490497803524483,0.1902582799974919,2.2424309113706506,0.11698442142666726,0.3669483651287783,0.6179693886519644,0.008120815466639055,0.4943764724394442,0.0031509875557324545
1000.0,3682.4499740965557,20.0,0.1,0.3522155688635862,0.30954396202660706,3.966146353590471,0.09187748442826126,0.3553775261778185,0.5411982000627882,0.008331787706272372,0.46704217123104014,0.0037141852239870087
1000.0,4953.00378286755,20.0,0.1,0.2979920585732122,0.23028254419546937,3.8251084411481866,0.11729507116026405,0.39413491134119705,0.626709457361529,0.00839493872422772,0.5599006290049025,0.004232812969242493
1000.0,1600.3294128978064,20.0,0.1,0.24272448658830179,0.3913315929356821,2.2659761187810084,0.11073039510312244,0.391133340332343,0.65773411953105,0.008174169927200067,0.561938873326899,0.0031981481341881814
1000.0,3865.9897377756342,20.0,0.1,0.1983135008244381,0.3514049383386033,3.827504312322357,0.10281606460103848,0.36546356063574664,0.5760451594270778,0.008086545146286676,0.5736980212606102,0.0029473103005878097
1000.0,3746.9619087442093,20.0,0.1,0.1851528383294412,0.21737857339504063,2.119262091208011,0.11514150580491847,0.3872595406166292,0.6446315385086714,0.008106774199373376,0.5322566994557227,0.003126412031014427
1000.0,4499.1509610141,20.0,0.1,0.10119940162844362,0.1635896943643725,3.7396220819551416,0.10793340427610303,0.3973240511769567,0.6212493665961176,0.008447834976539614,0.7154455559549243,0.0033106087327601378
1000.0,2859.3354281370957,20.0,0.1,0.17102679911586854,0.3255243473377751,1.6204087919449657,0.0984482947682088,0.3705575102182874,0.6121074643587032,0.008040848330812839,0.48806393470566944,0.003050607189094982
1000.0,4144.6876369953025,20.0,0.1,0.28992834248312727,0.29806606437036653,2.4602510723668787,0.11849396687427917,0.39985261195882593,0.658251389469432,0.008102184184959563,0.5489843216649108,0.002853243992640517
1000.0,3253.178524286155,20.0,0.1,0.2887410707477708,0.10263781408039763,3.2894593825208664,0.11100434660350174,0.35384000086850714,0.5897661965439468,0.008085728857083493,0.5151951068503239,0.003080614125731333
1000.0,1955.6165070183295,20.0,0.1,0.11998164614990281,0.25049061557219965,2.703022094789072,0.0923718034515843,0.39750603946323904,0.6157778177236584,0.008377084647958614,0.6586899064402896,0.0033151107323710033
1000.0,1685.316157647985,20.0,0.1,0.15451046540590974,0.376114103715091,2.9624553759224783,0.1154791896698334,0.39537152016634786,0.6736391525428228,0.008260305239534827,0.6940141910317911,0.00358786259221471
1000.0,4941.914726427376,20.0,0.1,0.31284671044119294,0.301063207789636,1.0448575559466526,0.10420957886258334,0.36406539624912676,0.6129672238033274,0.008377719684581862,0.47741071713949385,0.003643279972165472
1000.0,1716.4854877642083,20.0,0.1,0.31706609349710163,0.11585167731381821,2.8900041860540826,0.11889231209158574,0.3708410899495123,0.6371569618864932,0.008190856079897538,0.5254454100500284,0.003233906200496162
1000.0,3794.5762814507875,20.0,0.1,0.10327807574034159,0.22448422482504282,1.3311569655207987,0.09761867067935664,0.3512411323738848,0.5876355384443325,0.008499642114017446,0.46310014519231024,0.0034013654786091457
1000.0,3221.030463146697,20.0,0.1,0.37205370754388867,0.3560878010945807,3.951920450594598,0.11704734199006989,0.3853450141552893,0.6222025201168778,0.00830965976689531,0.5225902938176344,0.0036738375541413124
1000.0,4160.79553515097,20.0,0.1,0.30394158872965804,0.10621000795229638,3.2953458824191717,0.10842406947125423,0.396663433984166,0.6215580374240394,0.008121593201226804,0.5462186085519274,0.003134339110082695
1000.0,2152.295543121341,20.0,0.1,0.42616625979076384,0.1569192421821075,1.1929127212395372,0.10898495632422982,0.3662084385212111,0.6220758598552466,0.008633007597244384,0.49061009243147763,0.0037380987688448875
1000.0,3364.2811354226624,20.0,0.1,0.23203721254964144,0.16317520096988258,3.570762852610663,0.11407391686534225,0.3643155250796074,0.6050406694514551,0.008079734572445159,0.5634290272967298,0.003050981158577393
1000.0,2668.980762712612,20.0,0.1,0.3680012787065079,0.259557155014662,3.1012244523163295,0.11751536034079668,0.3918469269495205,0.6431248953761048,0.00808977615620601,0.5283327739064095,0.00303550621341067
1000.0,3591.6240319382714,20.0,0.1,0.3757960547875534,0.16490564434317678,3.5289867628076865,0.09746651708870971,0.3711484947105688,0.5706934990683603,0.008104685844657001,0.48441851998423524,0.0032053909394575988
1000.0,3631.1561135248594,20.0,0.1,0.21359261182656747,0.38938549790048815,2.7830474328469874,0.11849141384769335,0.36394825104537387,0.6250550638662059,0.008099860026569223,0.5526245527729697,0.0031983177360965713
1000.0,3951.402310853644,20.0,0.1,0.15391775408614583,0.16004307050228875,2.5468582096975485,0.11702690364108517,0.3736155173911954,0.6269494602459678,0.008138669304857373,0.5474288947677975,0.0029800208575770236
1000.0,3452.786563063575,20.0,0.1,0.43277263733532423,0.17125597096480533,3.524077335115501,0.11293639898751903,0.3833315548337104,0.6114496229059047,0.00816965375684657,0.5055365552048706,0.0030274939831123064
1000.0,2827.983775272744,20.0,0.1,0.4031165769852242,0.4394141783920146,2.1560388586487007,0.10251186851044387,0.38680433416126914,0.6136148769375765,0.0081122427837131,0.5014702501999669,0.0032182156656434023
1000.0,3335.7262415241303,20.0,0.1,0.17231765650150999,0.4115092164302112,3.0269139413345094,0.10323176486362134,0.3706013984458143,0.5977015436361519,0.00805913283544961,0.5776073992289266,0.0030582302392165995
1000.0,3706.573731017729,20.0,0.1,0.20817575683106396,0.31675564184943655,1.3505244244150552,0.10174238711733197,0.390386474986241,0.6403471590514008,0.008070470185556027,0.5051380449238182,0.0030553488232945595
1000.0,1985.9776978580426,20.0,0.1,0.34520776059018016,0.3498930109854609,3.22339879936069,0.09097451993613931,0.3913211849558142,0.5907479328638733,0.008165762952654141,0.5020106401671051,0.003179602013263073
1000.0,2410.003821502486,20.0,0.1,0.16073598843669573,0.13635728193981933,2.7902218486700363,0.11153365498101281,0.38188714535294754,0.6371014328517308,0.00808592299638137,0.6312025488466424,0.0030513773245930942
1000.0,4731.341956692226,20.0,0.1,0.23517609989188384,0.13624724048757234,1.875011446787732,0.0959259122325213,0.38604517307204544,0.593112420092165,0.008168297411605293,0.49580009161112204,0.0030237394063611298
1000.0,4207.673382408362,20.0,0.1,0.2680693523986096,0.191901994510552,2.367948946592299,0.11007589585199075,0.35849900350622604,0.5957840957094939,0.008060832547700084,0.4969456412140236,0.0028852707358790436
1000.0,3333.164041105864,20.0,0.1,0.1829149936570144,0.3682387794263021,2.5772777844038712,0.10459395202335964,0.3757705603861828,0.6078935647213366,0.008040108120784152,0.5433265682380527,0.0029134188929734496
1000.0,2703.733260110204,20.0,0.1,0.3990253877096088,0.10774495707281492,1.8029985506672768,0.09938506302133124,0.35909038591617454,0.5790790032635106,0.008140393466107131,0.47031951010741696,0.003127427945010023
1000.0,3904.4031240883696,20.0,0.1,0.10901194089592886,0.31367447388668646,3.223568920362503,0.09827975028777863,0.36373597529079715,0.573890429271316,0.00827132999281966,0.6072969607358386,0.003541399672574106
1000.0,3095.8357913337486,20.0,0.1,0.21852681568338156,0.19436943506369792,2.940666619836377,0.09822886923086181,0.3847431986463028,0.5999617895766685,0.00805850295523246,0.5548571306992754,0.003162145577574951
1000.0,2788.115314149013,20.0,0.1,0.3949595981496754,0.4315926885334742,3.2145957153957445,0.10052462267768729,0.3801091202712693,0.5926778909428442,0.008077184237062478,0.4925506591310062,0.0029792534407168084
1000.0,4222.256228394026,20.0,0.1,0.22662263193973597,0.2909109632932957,1.37425528133575,0.10459271046180822,0.3705833045627916,0.6196124197172987,0.008092567786994078,0.4867524995532247,0.0031757914904851285
1000.0,2469.631096193254,20.0,0.1,0.17952790502539911,0.1418475600220502,1.2666631190289124,0.09065214838307623,0.35563684078177726,0.5861890502191196,0.00820228628187374,0.46305795451003623,0.0031705476765364954
1000.0,4907.99229646192,20.0,0.1,0.16089524526609345,0.23594769805968618,3.972112263602398,0.10207938483727806,0.39332290608058235,0.5919061939761032,0.008287748866784593,0.6317264753704108,0.0035544136977815055
1000.0,2423.066310982945,20.0,0.1,0.43506096848581677,0.25514018449475273,2.992123424722268,0.0996216212246488,0.3603595793026461,0.5682416669851702,0.00817237191967002,0.4700411728671533,0.003052146318387642
1000.0,2192.756623766053,20.0,0.1,0.18295837615974772,0.2921028425691655,2.6901719892278004,0.11094605532256661,0.36998903696370783,0.6279745593416379,0.00807764939522722,0.5959111235680807,0.0029785357910456865
1000.0,1974.1245060604283,20.0,0.1,0.3172795108678329,0.13893059630298144,3.832152888570355,0.11280415562115118,0.3786545100502694,0.6182905461618616,0.008308867201559033,0.5267453011727984,0.0035412016251200134
1000.0,1886.6610365245397,20.0,0.1,0.2647279070946774,0.15367438753821536,3.939629625467011,0.1025016342733294,0.3828596371075479,0.6039911951731423,0.008379417455344691,0.5347709061081122,0.0038530141966370748
1000.0,1904.2876462530064,20.0,0.1,0.24998899970081107,0.15733146596665012,2.729259292664137,0.1194512268585855,0.37181808982324377,0.6473960234616202,0.008169853388646649,0.558467551550764,0.003308283591868584
1000.0,3979.889474385867,20.0,0.1,0.13106789824772413,0.18751895084941447,1.376291853806271,0.09538266282252773,0.3581534388562112,0.5848926188698458,0.008270004638881145,0.465913123180137,0.0032492928161167584
1000.0,3758.6559828324193,20.0,0.1,0.26207004748194485,0.30231610701939304,2.8360617353319943,0.10005351090658214,0.3926144532186444,0.6094199378976182,0.008048439865522002,0.5377249194299616,0.0030713515693208
1000.0,3320.6875376642006,20.0,0.1,0.40606266193300244,0.3769822330813364,3.1070726840284166,0.10519175577787362,0.3916586829573201,0.6124068352155444,0.008071129430469339,0.508005946717975,0.003001833665595929
1000.0,3890.2343084627723,20.0,0.1,0.36119913661192016,0.1217533756747976,2.192575303794916,0.10970411436353093,0.3535469509773666,0.5902399041426538,0.008047596192436668,0.4773190226465819,0.003063412591301828
1000.0,3273.4883961858473,20.0,0.1,0.2889667822325702,0.19093018489939972,1.8764790677901395,0.11185651849281472,0.354060285741489,0.6073363324194921,0.008039652109411004,0.4847554560897098,0.0028187432777914997
1000.0,1536.4271493837757,20.0,0.1,0.42600552095817545,0.3491541400843451,2.6698300203037846,0.11316883706887904,0.36333348470864335,0.6058192700546081,0.008302240263705681,0.49397477826755215,0.003497276308388641
1000.0,3895.6899902616096,20.0,0.1,0.30866005986955414,0.20477406053554278,1.8732228398284358,0.10456765346267899,0.35438981774808886,0.5864661115652843,0.008037406178450023,0.47224825209129956,0.0030602159790811545
1000.0,4008.9901189995285,20.0,0.1,0.4201267863154845,0.41728284521286463,2.767181463893459,0.09636245975378245,0.35042708402451794,0.5534987978700323,0.008183614356597804,0.4566971949863035,0.003224356078750115
1000.0,3404.099803789704,20.0,0.1,0.1866843983954668,0.2011212048864705,2.9953391878304867,0.09368726697004975,0.38009189942687494,0.5815053268554519,0.008086686332686116,0.5558100082227565,0.0031583748759975217
1000.0,4112.098035384644,20.0,0.1,0.11205492534854748,0.29619583637271385,3.1648053422573534,0.10299505096389913,0.365073987761742,0.5842222139880291,0.00822000555200054,0.5952090215222838,0.003270471753248817
1000.0,2047.7279960479373,20.0,0.1,0.434388766367127,0.2425468282293802,1.5858977338847091,0.09152403577143169,0.3617270751884345,0.5667741348638067,0.008415092972166109,0.4659766171134863,0.003358208282664626
1000.0,4399.476661263327,20.0,0.1,0.16483332392447744,0.3347567059506978,3.7498004990538187,0.10153768863935304,0.37650854763303476,0.5815417475882307,0.008069724250893043,0.6112472665487839,0.002768944162532458
1000.0,2043.7282567769225,20.0,0.1,0.17985922752445693,0.2353136943755788,3.0485486263702155,0.10455824789626414,0.3924722903965098,0.6335520732624305,0.008138843768197231,0.6202689437240446,0.003182508215869641
1000.0,4117.187313532175,20.0,0.1,0.29876018768622176,0.2518537248841083,2.677087079241779,0.10302828036650233,0.37337001263787056,0.594432218882982,0.00803617113481655,0.5071709625534544,0.0029418962646496844
1000.0,2566.1348574960275,20.0,0.1,0.15987451963228017,0.4374882223319426,1.1418906287162476,0.09152111367349859,0.35546679811343107,0.5982117487687318,0.008279259802513808,0.46294351922703514,0.0032273912790735156
1000.0,2898.8114377419515,20.0,0.1,0.2783533755014579,0.20689694124165364,3.231114296398536,0.10080466025140289,0.3561413832204541,0.5746556019646969,0.008063688895343335,0.5058648405010124,0.00292425057876739
1000.0,2999.288838014717,20.0,0.1,0.25555227501154965,0.2781664962568777,1.8935137804949203,0.10236322150763251,0.36738898187621544,0.6027248537874513,0.00802004443230205,0.4895955726975981,0.0030524533207018753
1000.0,2134.2555504762104,20.0,0.1,0.22493754057058754,0.325593633689282,3.9279710263049394,0.1047794734322207,0.37435568964879634,0.6014806743039531,0.008264385536049041,0.55149481370465,0.003799767189204026
1000.0,2475.1132999162614,20.0,0.1,0.24020804735623288,0.41407252343617906,1.5976097139677796,0.10396513473179439,0.39722338577264854,0.6554417688233973,0.008077210931702695,0.5210941480282315,0.003047511613904991
1000.0,3965.4560919187957,20.0,0.1,0.313505300861289,0.2909352018233558,1.0474565791704809,0.10674835667340482,0.3675586850700221,0.6278834376241784,0.00818358675923314,0.4853513409886798,0.0030414346935557215
1000.0,2025.4836759553834,20.0,0.1,0.24230479068297572,0.2700923461607744,3.155078869890615,0.10803249910885054,0.36220630502447476,0.6072990710306339,0.008107775850345958,0.5348835269880344,0.002972573610787119
1000.0,3601.070426106128,20.0,0.1,0.2716082263832137,0.2441823627439034,2.852650605300887,0.10345009834818981,0.38293229913760707,0.6072147124458646,0.008023184465559592,0.5324251997616665,0.0029853126329367438
1000.0,4742.3777467715245,20.0,0.1,0.29402184751781907,0.32279244990339484,1.8390615845652682,0.09999397462554686,0.3560971555462898,0.5766800020931938,0.008130822792505392,0.46630132694769943,0.0031099490736309567
1000.0,3642.027040329494,20.0,0.1,0.2040706541827693,0.17828415140347376,3.8486845680965853,0.1004273322438936,0.3627807187138437,0.5680428433783701,0.008119350865315754,0.560169654571924,0.0029933407897878963
1000.0,2471.93651707685,20.0,0.1,0.32403035807313496,0.27950154087350415,2.7113830661860234,0.09956255948167571,0.3975279617465195,0.6189662710448941,0.008064529087696158,0.5242783205453384,0.002905758901108505
1000.0,2634.3863223190338,20.0,0.1,0.12668581657351508,0.30980089570683556,3.758406810820296,0.09564251522215886,0.3577474155569672,0.5680004193860966,0.00824191970563113,0.6432933115924339,0.0030844831950140616
1000.0,1561.778534250717,20.0,0.1,0.4125816093148511,0.2869307807752373,3.2698059135118123,0.11977067881705644,0.3894605736125763,0.6422425593165926,0.00830858350259782,0.5260714316056445,0.003691449464331028
1000.0,3725.071913596299,20.0,0.1,0.19989089742636296,0.12830765266320157,1.9430103005829387,0.09104704254595015,0.3923800054187019,0.5924373116298,0.008142875077484714,0.5024460038318511,0.003150538455026025
1000.0,4137.089569541182,20.0,0.1,0.3363044145417037,0.2995987805471175,2.86772406801004,0.10453325533024774,0.3534616015463326,0.5751727210094686,0.008062875196104827,0.483402492295645,0.003080733693866587
1000.0,4953.536175551444,20.0,0.1,0.16615298955921162,0.11542733072642614,2.5461739026640418,0.09355838585840913,0.3689023677610277,0.5567839356369543,0.008276300565001638,0.4973846847770009,0.0037226891999299957
1000.0,4409.928993924399,20.0,0.1,0.24656342565912737,0.18716337884212786,2.5700827720484045,0.09553789252636526,0.3672821323102815,0.5692671386394162,0.00811650441250464,0.49482171664621405,0.0030893506613774006
1000.0,4850.061349896361,20.0,0.1,0.17880412943965565,0.38439167377322336,3.7647713780908645,0.11983476507019784,0.35002978696927883,0.5916827120171589,0.0083070748902327,0.5988310255126282,0.0033510917434582763
1000.0,1512.0505311101188,20.0,0.1,0.14764535890609698,0.3097461797889214,2.586191381772248,0.11529182104619308,0.3532120060502909,0.6356303798013864,0.00827246049249486,0.6482162156256489,0.003602685588805326
1000.0,3094.9978489564874,20.0,0.1,0.37628566484347514,0.3256335946238103,2.026251909259724,0.09603197172306636,0.37063469697970575,0.5837516843138547,0.008055108899831223,0.47905637531574796,0.0030823038305897083
1000.0,2042.7126781054012,20.0,0.1,0.1578058274218015,0.38707918507842587,1.1732186356383694,0.11531749083351402,0.35689441460063887,0.6724111142133784,0.008307843371360289,0.503777680833744,0.0031725622897786467
1000.0,2087.904531219612,20.0,0.1,0.13266812524193933,0.21425507959368217,2.6505475676424366,0.10320117601476701,0.3939775887101067,0.6367596929068704,0.008167355304289895,0.6575578536211517,0.0029656398125509514
1000.0,3731.655019980921,20.0,0.1,0.22381837767727047,0.2552727705769922,1.6589036484883204,0.11097137954103763,0.3763536602034428,0.6352698711177156,0.00804956963329182,0.5020074316349251,0.0031100609510770916
1000.0,3702.2070497468794,20.0,0.1,0.11093672732777382,0.4060565947365,3.679440812759677,0.11169423668266074,0.35420857212175416,0.5964721950516958,0.008298377326402975,0.7039197662360999,0.0033154997266611843
1000.0,2714.271925291717,20.0,0.1,0.1960679292703685,0.2479345141080008,1.3062917612779983,0.09685288225380655,0.37237413610933534,0.6186109714188504,0.008046001362663431,0.4856465688962957,0.0028589208505276974
1000.0,4531.776450745358,20.0,0.1,0.392912077775859,0.32823417861928933,1.0664808436684643,0.1049340952902433,0.3965536481637155,0.6493958660078788,0.00846939684739117,0.5100476899779043,0.003230488496513679
1000.0,2360.1433837568084,20.0,0.1,0.11210709724116562,0.21512692887368956,2.3285295525424603,0.11875002999946782,0.3993317855772683,0.6883074650620584,0.0083569521293027,0.6344304009309002,0.0031823339389480208
1000.0,1791.2416559888995,20.0,0.1,0.3186300286441694,0.23964988891219038,3.1082631463356654,0.11699195716535989,0.3876831708250315,0.6481503359169642,0.00815662128070848,0.5379494546008371,0.0030000803532015457
1000.0,3089.063298041133,20.0,0.1,0.11305531317437083,0.4238691792850209,3.804317139486049,0.10925528297474472,0.39428350095430287,0.6358967269505063,0.008280155915366842,0.7494412594314992,0.0030923724818104534
1000.0,2655.47734333681,20.0,0.1,0.22221025227744787,0.4382136604500103,2.008171480597453,0.10362492582754834,0.36625911450043397,0.6098629346798566,0.008064180569070158,0.4998115628603194,0.0030809176070222665
1000.0,2255.8515635911845,20.0,0.1,0.2529205372470272,0.3635423444579099,3.2150070843904617,0.09141500186340056,0.3663699603623604,0.5717740564274375,0.008161248703348266,0.5088349406678241,0.0031554854187429743
1000.0,4325.258864383837,20.0,0.1,0.39101569774007927,0.214370643399513,3.400484695696947,0.11164085904139123,0.3674684361829272,0.5940468735795039,0.008123396363575567,0.49457935295722805,0.003009040074740883
1000.0,3364.327307228916,20.0,0.1,0.16038996755527354,0.11033323344933517,1.6655262763031384,0.10725124033246643,0.3888974904549104,0.6434272298134806,0.008099665659127847,0.51483825755311,0.0031748463830173976
1000.0,4696.447152067156,20.0,0.1,0.4117891095921209,0.11630820367808578,3.5796260908133357,0.0931320391612283,0.3541521103203305,0.5400902998566469,0.008322327753648029,0.4576968230432103,0.003482227804443806
1000.0,2592.176242608737,20.0,0.1,0.2020547268024565,0.3956924876843344,2.149005520755106,0.09875466303685759,0.3769322145556287,0.6067562646744243,0.008075154351469336,0.5170492698553983,0.0029844136683598466
1000.0,4801.078812083185,20.0,0.1,0.19861221241688004,0.38956145629722005,3.1855400539120367,0.10407315399922208,0.3872458568276204,0.6028611085674933,0.008102898641660318,0.560427913968423,0.0031685448283114265
1000.0,3240.0213888372946,20.0,0.1,0.34561093175551044,0.22354571334046142,2.42527958651084,0.09631718738828682,0.36576473891507166,0.5753760412158268,0.008046442311534594,0.4807096080557467,0.003081501897827102
1000.0,4975.13493849597,20.0,0.1,0.3089693158618717,0.3194531270921174,1.9783694321479408,0.10842412761391451,0.36286015983544945,0.5993063270599797,0.008126639179351596,0.4830508212310989,0.003327762391260082
1000.0,2810.22577595451,20.0,0.1,0.4426572433155461,0.3679149982441875,2.2957805295996745,0.10678789995105575,0.36550766102793975,0.5943783499481899,0.00820382180812132,0.4825539744976387,0.0034316354082343232
1000.0,3962.2481924654894,20.0,0.1,0.20219283285577566,0.39478022280004865,3.839092475887321,0.11008631583870704,0.36005832980556834,0.5856657114388262,0.008115533522676693,0.5789707917243716,0.002989057316446897
1000.0,3031.6151583001147,20.0,0.1,0.20116514452751913,0.22873426486512283,1.4864610111407865,0.108139213353168,0.36622373929660734,0.631387539232007,0.008032468632452687,0.4912300495708761,0.0029951392918890316
1000.0,2081.9172351787547,20.0,0.1,0.4286869665004972,0.11024459385837496,3.9956756374330538,0.09311935295663383,0.37218859839641644,0.5591854229033684,0.008494753082921917,0.47639282882705364,0.0036046573043397334
1000.0,3200.041857696954,20.0,0.1,0.35944808796580985,0.42006927409115413,2.156686702442902,0.1111747907742632,0.3512395117459687,0.5983907508227247,0.008063759248815396,0.4791421337872263,0.0029894098152945135
1000.0,1585.3184602122806,20.0,0.1,0.21755076027076647,0.23491474650109756,2.15652967432001,0.10259330307280706,0.38104739453764463,0.6273056507358752,0.008139426997787028,0.5479278140030212,0.003136036810429365
1000.0,2260.182600187687,20.0,0.1,0.2330175768355169,0.2160659462799719,3.9778093028669756,0.09506774447045575,0.35261549642841666,0.5555287035103013,0.008378331611141479,0.5097600188851839,0.004226556747076741
1000.0,2156.0450903404403,20.0,0.1,0.3535851962133919,0.159070186508986,2.769379977487932,0.11034840935938639,0.3638362132389436,0.6053963143040619,0.008074439597113738,0.49687892168889436,0.00293361722671838
1000.0,4386.4137608115725,20.0,0.1,0.4322133287490131,0.18956005300243348,2.0297489678708067,0.10639295118438354,0.36670541411824387,0.5967153653686815,0.008146325729042864,0.4801629609364315,0.0029306030509992165
1000.0,4560.39911127577,20.0,0.1,0.44614332878347396,0.2655400435296776,3.066739508952403,0.09164333194549441,0.38437654881643524,0.572985796535342,0.008299487853098204,0.48280209189299755,0.00374250136972947
1000.0,2142.081152143168,20.0,0.1,0.24437198177436742,0.4495558913605271,1.5867225258879158,0.11444627307013476,0.3533082505867836,0.6402942706097755,0.008130814365359234,0.4919954464428449,0.002999098027445
1000.0,4441.20439233326,20.0,0.1,0.13209709996402538,0.1036354437264535,1.2813293892207087,0.1115720367972095,0.36770246360250886,0.6328456761136195,0.008523371310057834,0.49159768385100505,0.003428421894493487
1000.0,2043.672553621314,20.0,0.1,0.36234407302449134,0.33055467627164326,1.274298435070902,0.10734007741165862,0.37348834958967947,0.6364201877489283,0.008199064278042735,0.49967047920947816,0.003142719540682266
1000.0,4586.448627869248,20.0,0.1,0.40528374737434425,0.24927348957840373,2.662777307860543,0.10200092557481577,0.36061342694762005,0.5745488645933189,0.008119086330359886,0.4737888143583054,0.0031236313760751064
1000.0,4001.038270094775,20.0,0.1,0.3376535754438346,0.13124362794519473,3.441715490307971,0.11740809540757395,0.37055568764892227,0.6114553053100309,0.008150112254644473,0.520187556783715,0.003161728266648315
1000.0,2611.2975740504066,20.0,0.1,0.17475172044343806,0.37584733785943036,1.5884316815430517,0.11562300891464225,0.3668461919512883,0.6595804480350735,0.008104208766580674,0.507747201498539,0.003243610073389792
1000.0,2197.220695323541,20.0,0.1,0.4488015462376995,0.40011361908517984,2.055348230214659,0.0968518677824773,0.3840735951839898,0.5947398715198587,0.008334011613346024,0.49219812103581906,0.0038739545012139265
1000.0,3626.4420176126896,20.0,0.1,0.39035646688380365,0.31413222805997787,2.222207718780973,0.10273982889952638,0.36529750044319803,0.5885497475584526,0.008027951393854815,0.47939294033406915,0.003108531116827056
1000.0,2270.408075036582,20.0,0.1,0.22179143390358275,0.34077592536417106,3.988956558969841,0.1162580247005517,0.36030666911187975,0.6102809460927182,0.00835625098994114,0.5602674922133853,0.003940945130231254
1000.0,4256.094273226065,20.0,0.1,0.14489229599687636,0.40900356916399305,1.8055360456925902,0.1045378823629007,0.35742602126518164,0.5957589616746273,0.008196504248990759,0.4798846689109091,0.003117305181447812
1000.0,3256.5399962863876,20.0,0.1,0.4356044054855258,0.40305537970883476,2.1635106132440707,0.09284482639043223,0.38056561471767175,0.5821651098420704,0.008216757219170475,0.48190119742379056,0.003400966755207086
1000.0,4038.613903954426,20.0,0.1,0.4170593038606635,0.3648191052641264,3.670961610843028,0.1122084634888979,0.3684791007004103,0.5933695121509187,0.008186026845785795,0.4908057507168783,0.0029689908126110777
1000.0,4913.964895155681,20.0,0.1,0.19760108208796495,0.26383991231969706,2.871979329470509,0.10815919653858184,0.38424126650338797,0.6088447720418356,0.00812146592246679,0.5449945019776827,0.00335672663857075
1000.0,3509.0673133474247,20.0,0.1,0.14474008095364377,0.38401948460254864,3.1037088515430424,0.09432232761680563,0.38272407111036666,0.5866839627031958,0.008143175018402532,0.5896298293601974,0.003253355399791062
1000.0,2302.069360188672,20.0,0.1,0.280455898841398,0.26043784107602097,1.5448127117749078,0.10217146717790562,0.36494884171223796,0.6126210983706576,0.00804205648788832,0.4855322096169303,0.0030010495624922325
1000.0,4093.025240001289,20.0,0.1,0.11860728457589742,0.21141309922880655,1.0838028780599127,0.10910051064171342,0.3959029992354087,0.6649166272258673,0.008806051660386715,0.5198199752297731,0.003870368806987476
1000.0,3375.3584300496204,20.0,0.1,0.4244874701276674,0.3120054361508585,3.476065924610512,0.10513326122499994,0.39316741169448305,0.6079951620347566,0.008114447522685586,0.5074208217963277,0.002938050374088089
1000.0,1849.2371708841154,20.0,0.1,0.26973883907730445,0.20083406208450094,1.7803316803716327,0.10734783869030766,0.3559324329741095,0.6130728751731228,0.008104903496368625,0.4929025500660168,0.0031617260802338887
1000.0,4681.583436625935,20.0,0.1,0.21357227201618761,0.12590146102868083,1.6993614516489894,0.10087518814968265,0.37015978466948607,0.5926227164795388,0.00816341217931927,0.48370211271568503,0.0031320970928156605
1000.0,1543.3717374721186,20.0,0.1,0.16578633289717248,0.28699504673537124,1.8052303457397358,0.10068507154206323,0.3837487824203028,0.6415794152671428,0.008142830607535843,0.5387450547839485,0.0031457393540911846
1000.0,4110.87434134319,20.0,0.1,0.28828799282987966,0.24689973536295884,2.2759936704168524,0.09889775332378803,0.3995354692849271,0.6144772537992804,0.008068424533573964,0.5194199375590111,0.003034189533378859
1000.0,1947.0086608118188,20.0,0.1,0.3800223446103492,0.20449394303045998,3.5864177218653692,0.11806011766486255,0.3811992622286847,0.6285291431047832,0.008207207272531795,0.518110421900506,0.0031001024667955965
1000.0,4425.839662880095,20.0,0.1,0.40159057319421454,0.21281505648417487,1.2765456349349298,0.11881871189350314,0.3869016647049951,0.6666260600138496,0.008406344663106023,0.5147137938645245,0.003265349804423571
1000.0,4555.03032994177,20.0,0.1,0.10288614962648529,0.37115177338678107,3.324780052871369,0.11226530634843859,0.3997583879818485,0.6389676737089793,0.008441219294439379,0.6573732745586525,0.0033246570770142235
1000.0,4743.547210432327,20.0,0.1,0.41132654569292226,0.22737000918992914,1.5244412511069545,0.10338426083950548,0.3507221862993939,0.585140010502393,0.00822393399905929,0.46104208363026605,0.003155921161159272
1000.0,3634.2989599658804,20.0,0.1,0.21535361291726499,0.10189497140925925,3.8261137948777977,0.10264332126430864,0.39306711518328663,0.6028931021087721,0.008145808171211964,0.5846138124077973,0.0030964264216589753
1000.0,3426.096705242585,20.0,0.1,0.23367675811343339,0.17575508265525708,3.1548263806995656,0.09591179772161278,0.39677139702574366,0.6025043985050922,0.008082818928625288,0.5586624260522091,0.0031459023674399304
1000.0,4417.465854491333,20.0,0.1,0.2917495605294079,0.35538613791150453,1.6934352034801408,0.10477923919528402,0.38719725998729226,0.6256903477362299,0.008076392636182247,0.5021802087726445,0.0028994523314058037
1000.0,2427.040059422741,20.0,0.1,0.2381209252628129,0.4308875853501689,2.314738249467174,0.0935672884745232,0.36701532112672663,0.5832123755243916,0.008149851680024373,0.5014653344598328,0.0035199651346539958
1000.0,2263.6300800666213,20.0,0.1,0.10053178949245953,0.4365382755537365,2.2362721745576897,0.1036043781713133,0.3518649030014126,0.6069970429568342,0.00845034376047709,0.5559491204075369,0.0037563859247407767
1000.0,2765.5455439329726,20.0,0.1,0.1324194440750205,0.12113088681832607,2.6758098456489274,0.1170149566360069,0.36263170277731555,0.6298832147441689,0.008154240506089863,0.6124026079467247,0.0029195161411595784
1000.0,3357.505280651615,20.0,0.1,0.24840941679638473,0.32090778309418566,3.7595767683386363,0.09463181871528722,0.3801010654455638,0.5777573301368281,0.008147219867115054,0.5349119585126898,0.0033419668010339406
1000.0,4564.092577167505,20.0,0.1,0.30733477729198827,0.2147030461839174,1.1975399793250485,0.10618933281135412,0.3758671289588592,0.6278749689823004,0.008153896395561083,0.4911429246872399,0.003035256875679235
1000.0,2873.0938512779894,20.0,0.1,0.21937069323009856,0.12807458302283783,2.048927227219276,0.10681174353588369,0.39779252788360603,0.6418633320238215,0.008054146217090304,0.5356797874544428,0.0030100469559911133
1000.0,4434.858772719366,20.0,0.1,0.21715276364513966,0.3978107030517386,2.2867706585812018,0.09928274684884413,0.3737289295012921,0.5877951486484803,0.008120001561280699,0.4993430536708016,0.0030383965172001157
1000.0,2692.4617165337622,20.0,0.1,0.20644225777732167,0.3847679112678336,2.7232211311817505,0.11920086234260696,0.38287197307224363,0.6560415561562289,0.008114322552716519,0.5921295114333389,0.0033357754655694823
1000.0,4899.184636258908,20.0,0.1,0.2847479928136504,0.29951312192749024,3.970447108065365,0.11605720494759937,0.3649396488914667,0.5935161254214681,0.008446469308348931,0.535865416426824,0.004463848404827325
1000.0,2829.739908044765,20.0,0.1,0.3685563729328175,0.286613506347551,1.1192527658124254,0.11947913074750921,0.37572005062107455,0.668967368914584,0.008440789560915634,0.5111604817527216,0.0037572339680092813
1000.0,2275.292593166934,20.0,0.1,0.3422270803914149,0.38382537276887074,2.038280893834213,0.11131741132167093,0.36327114896624296,0.618288898325563,0.008075894852352654,0.49518219108697986,0.0031341545225823685
1000.0,4297.697806262542,20.0,0.1,0.26460668354705696,0.20614595106143863,1.0403267722325598,0.1002082492830002,0.35388141944545787,0.5946470293449847,0.008281979288431931,0.46447788044765387,0.0033868606969519213
1000.0,2835.9057865407303,20.0,0.1,0.30047376377794666,0.34523840938181455,2.1697867246331444,0.1079729082502296,0.3745341756686647,0.6194721689141134,0.008020185311286985,0.5083896098539372,0.002975537965389772
1000.0,4182.525102703923,20.0,0.1,0.30570996661993977,0.25324262718179447,2.91552766236383,0.09872887749089938,0.3954413221008234,0.6050898480302851,0.008076754707904173,0.5257163674836959,0.003150181597087683
1000.0,4661.81718233561,20.0,0.1,0.18170130465647022,0.34712345924589444,1.3924011731509138,0.10909231466020244,0.3998408918331923,0.6608397758136898,0.008294734342532665,0.5212065753195337,0.0031789113283533575
1000.0,3835.054997275338,20.0,0.1,0.28410141080554346,0.2206457049349695,3.9733149984121945,0.10133036831160926,0.369165908800212,0.574018982969992,0.008238463971460285,0.5178626413991547,0.003190050052917104
1000.0,3246.653170730803,20.0,0.1,0.3659687445762162,0.1374776490935632,1.8066986491813435,0.10734340092539069,0.35938211427213945,0.5991635676752969,0.008040676410184258,0.4793201352031052,0.003042833590173311
1000.0,3347.051234070261,20.0,0.1,0.32642825896951005,0.18353388808197707,1.8214875100608734,0.10948032976263021,0.3715617262457065,0.6188352991567496,0.008005902456925037,0.49581291370126157,0.0027985431279309594
1000.0,2810.2852638180193,20.0,0.1,0.4251239338799139,0.3185708643705487,1.664070129843501,0.09657530607169086,0.3796358482273081,0.5979520069160843,0.008207463939289568,0.4867613445482224,0.0030998745774446818
1000.0,3500.8315963295213,20.0,0.1,0.16132909856077932,0.13603389053773837,1.8766829396502849,0.11727812622193587,0.3895853920294369,0.662088578172927,0.008181491696419243,0.5313781382295433,0.003313683931285192
1000.0,4648.5361162163645,20.0,0.1,0.3319586650313828,0.3836509820654066,3.9325471444512017,0.11371285158078691,0.362897986490626,0.5885355042646533,0.008399092017711106,0.5097439410068504,0.003816915723910224
1000.0,1704.3170383276297,20.0,0.1,0.37666508889848327,0.43182127153746364,1.9601214812347751,0.1091623974377983,0.3610424440242006,0.6115732216187618,0.008194640577824125,0.48990933626917016,0.003331450445732126
1000.0,3726.0214584530595,20.0,0.1,0.12496597554466558,0.14526210344665252,3.486622708829187,0.10846416561792613,0.38596836967394227,0.6168014452447839,0.008148770466799122,0.6805552518868854,0.003224165375827903
1000.0,2796.0524022637064,20.0,0.1,0.4031948934043197,0.20379521146379115,1.4118521982053691,0.09493360871025425,0.3570186607079038,0.5758257922122674,0.008202443798626747,0.46286829235041693,0.00291920394167025
1000.0,3944.948494096566,20.0,0.1,0.4476288219353185,0.2849067084760358,1.803404942758739,0.09071171235697303,0.3892082392360076,0.5903396468670019,0.008324564003660677,0.4865103339863833,0.003415072436302418
1000.0,2130.10269417875,20.0,0.1,0.3450990635992848,0.19564126421190886,3.3283636263607614,0.10876847705670487,0.37200144486917036,0.6059032150137167,0.008094613750001964,0.5048196287062551,0.0030479893489330874
1000.0,2424.114876317655,20.0,0.1,0.3061080651165696,0.34293492419573335,1.107254947597454,0.09918630630699056,0.3878539006696322,0.6402164143594863,0.00815257672410541,0.5036085615574556,0.003051895762253428
1000.0,2437.277204984946,20.0,0.1,0.3544696313877165,0.24236468651630047,3.0542395783743648,0.11769494644678491,0.35834875173384745,0.612033519811307,0.008097310159091433,0.49947082864811,0.003102629955236283
1000.0,4734.746020324408,20.0,0.1,0.4114516613125032,0.2783657922429883,1.1359539622751986,0.11424854587893754,0.3795386950594268,0.651249689669284,0.008604803231671426,0.5025817265195887,0.0035736720978501025
1000.0,2597.2002545498485,20.0,0.1,0.1148674079916034,0.23534096298574622,1.221141901373711,0.10343857237457403,0.35324992899851104,0.624504053395878,0.00833723947463955,0.4770867025220959,0.0030799077072789574
1000.0,3821.195540211135,20.0,0.1,0.3181697105581235,0.1810607038324048,2.889897197980313,0.09524632618247429,0.35638734628625846,0.5589492249522066,0.008085557429116052,0.4801681412596693,0.00319442272355317
1000.0,2756.469201058496,20.0,0.1,0.16332405646852888,0.26302539135337855,2.700768584093381,0.10389584393538226,0.37694333051488144,0.611223574920791,0.008039188748070117,0.5823627470932731,0.0028721116807238598
1000.0,4467.174123884265,20.0,0.1,0.44607571852472705,0.12568210383665757,2.8377734870049416,0.09064434012890471,0.3760644109077023,0.5633463110239751,0.008298025615523152,0.47356739900183853,0.0037244896450023125
1000.0,2906.3404325987894,20.0,0.1,0.10301005419866224,0.42680915862579727,2.174856481543738,0.1052626985196955,0.3881937176087253,0.6405970329544043,0.008355660573550975,0.5498720335703482,0.003494621065284911
1000.0,3565.179336463457,20.0,0.1,0.4016240060183217,0.12254783201000814,1.085371446043792,0.09552337200207725,0.3813819965615115,0.6066968647215851,0.008379894123527815,0.48522139885790405,0.0034775059534775483
1000.0,3668.999429043391,20.0,0.1,0.16400078229024534,0.11936019977735665,2.610995390681805,0.1170782462553007,0.35924602111809745,0.6140245155717962,0.008118588504346004,0.544078138444333,0.0029545947674845937
1000.0,2998.6401096088393,20.0,0.1,0.3925792549753331,0.38549948420535796,2.851871976764917,0.11240920704597664,0.3716121891540267,0.6117916874176659,0.008056422376989612,0.4986765862136147,0.0029740240128372578
1000.0,4123.351679928338,20.0,0.1,0.1454560498995262,0.14028373777275602,2.666685149291869,0.11427761694724375,0.395463915869817,0.639815295145472,0.008159624311872348,0.5721019139821194,0.003065824471701363
1000.0,3110.5773638893356,20.0,0.1,0.29036273639845733,0.44682014496051115,3.7064920194409625,0.10493271681311767,0.36558504052299357,0.5869949351436359,0.008143954335877765,0.5145317619435451,0.0030798752907499256
1000.0,2423.579899076006,20.0,0.1,0.22087364617663824,0.11890543614029782,1.4228650026378251,0.1051796075567683,0.3717737684262712,0.6338622695481794,0.008069990341254385,0.49700981919013637,0.0030280985733127084
1000.0,2535.4797157662942,20.0,0.1,0.2695523985807362,0.2099178582095615,3.9176976521256317,0.09326613272113402,0.36393174594231514,0.5610425690048463,0.00831954826760056,0.5024407278563572,0.00381911494523982
1000.0,4453.434829685808,20.0,0.1,0.24429453843697613,0.1859439672117093,3.4787271961941366,0.1167259125170882,0.35590659619271126,0.5955779707497622,0.008139518642125494,0.5465677031485455,0.0032565765707717417
1000.0,4757.748310616889,20.0,0.1,0.23264445722507163,0.38722685423393877,3.506251017385671,0.09915251879787504,0.37476064737381626,0.5769772594305307,0.00811507516534563,0.5415317219214619,0.003086103571781465
1000.0,2718.024776619817,20.0,0.1,0.2713453876773785,0.1913501052481083,1.8839799999033873,0.09184111774661999,0.3558989895654367,0.5651803250479134,0.008124244630237703,0.4664251595844533,0.003217087765251308
1000.0,4310.826066259859,20.0,0.1,0.2563271852496,0.1949332569773243,1.241361218009125,0.10648350904541665,0.3844280792075857,0.6394436620022964,0.008146768579620007,0.5017723223274566,0.0032121460350088707
1000.0,2478.9503648990244,20.0,0.1,0.228107559865432,0.30872663291951996,2.9303153342839723,0.09433049052633076,0.37294124581161026,0.585711807355788,0.008105835158511888,0.5337012012648944,0.0032671684983599037
1000.0,3335.4990551648334,20.0,0.1,0.24202076024246566,0.3536137075890835,2.8578805552319837,0.10608621166753326,0.3780601870092098,0.6119874647632415,0.00802660614546787,0.5444092732030843,0.003061546745656833
1000.0,4666.014604297216,20.0,0.1,0.1865890154517862,0.38987304992587124,2.365486474361825,0.09990176988652205,0.38721645700728496,0.5990586900158664,0.008179239663690848,0.517517461855217,0.003342503449791398
1000.0,4478.989038904434,20.0,0.1,0.3087353634821409,0.4248386877753768,1.7461945625196504,0.09196892622177867,0.37902711237207976,0.58714277026506,0.008163943087688306,0.47976302292926415,0.0031866018288760007
1000.0,3104.311756503276,20.0,0.1,0.12471911423351593,0.3935342793501675,3.6240853170130376,0.10467840782056992,0.36596272570385985,0.5957860994865528,0.008155579257514261,0.6803953310287998,0.002960559439042494
1000.0,1745.112323529788,20.0,0.1,0.4024883512622015,0.43214301142902545,3.0442162351699484,0.1019877691804679,0.3592550320533447,0.5783528565223794,0.008187877452602934,0.4760486362294074,0.0033647653271626343
1000.0,2891.6463025044286,20.0,0.1,0.15153531331399578,0.42705563688158077,1.2038711660087795,0.09091009190415772,0.35111805345740654,0.5872078811912156,0.008279779565930803,0.45578488336859635,0.0031302246629175178
1000.0,3481.1917247847446,20.0,0.1,0.26889089783606024,0.22570579530988608,1.9405441296425605,0.09643334235252282,0.37502655985728806,0.5907917928408193,0.008046279946045367,0.4888135132193945,0.0031645633388138485
1000.0,1682.1021956747043,20.0,0.1,0.42425948762587495,0.4118552420137829,2.0941363482792354,0.11246927981661577,0.36533659243999067,0.6139248842294539,0.008328036295450805,0.495663525904174,0.003467333934971504
1000.0,2110.859269430829,20.0,0.1,0.13188637448329385,0.2836461781396945,1.218555723405947,0.11490425947381616,0.389167537160781,0.7054269871540209,0.008329478662094677,0.5369244884021217,0.0030754923068771474
1000.0,4830.4876475021865,20.0,0.1,0.4302880178313052,0.2441610810586714,3.4229662143573742,0.10921390925012828,0.3600930661752196,0.5792801342723392,0.008292767095165238,0.4785412430847177,0.0036394761545514333
1000.0,3325.245098497123,20.0,0.1,0.19135305512711903,0.1495244867101598,3.2773030461358026,0.10893020148205249,0.36734335971311954,0.6018078107562015,0.008053917358308285,0.5864407836647733,0.002999800876596693
1000.0,3634.385022651082,20.0,0.1,0.17611098708672684,0.2863195767391088,2.041092556516781,0.09272741411260543,0.3923889847731075,0.5983527170387533,0.008125664098451195,0.5094283891104642,0.0030861403295338275
1000.0,4789.5987777428445,20.0,0.1,0.2308373218289383,0.19811567525455948,1.264055242223434,0.1047150784230331,0.3874417169236937,0.6348085676884543,0.00825707517364644,0.5027692018889879,0.0035875688948303983
1000.0,2421.3595863666687,20.0,0.1,0.4402907631295875,0.31934090481528826,3.78858430433335,0.11763673676281541,0.38301793028065445,0.6192239642517797,0.008357993656697352,0.5112085073203062,0.0033110715203551544
1000.0,2302.847319272955,20.0,0.1,0.3253269103845026,0.2181540693955175,2.517401461174152,0.10175303623617327,0.3507916182396359,0.577345951682766,0.008094788563834486,0.4797235695966142,0.0030394732968190875
1000.0,2880.7742352478117,20.0,0.1,0.12457521649762898,0.42490284607242845,1.8145719324834237,0.09084727155959543,0.37099816664512114,0.5921243990909059,0.008239214367147899,0.48351627492364796,0.0033164260677144885
1000.0,4031.1481707367575,20.0,0.1,0.43352070570843626,0.2423330767749269,2.0995986328208867,0.0925095945821426,0.3996150720641171,0.5999058598525572,0.008210797257741789,0.4989348677482471,0.003247900798037697
1000.0,1642.769439689834,20.0,0.1,0.11298105422109705,0.10521733447007861,3.053766512148489,0.09803285977489469,0.392429031650668,0.6266619164152866,0.008505704555990916,0.7109918614677408,0.0038487160781017207
1000.0,4134.20432753607,20.0,0.1,0.37831957176691866,0.1578276942766145,3.0482655302613004,0.1190230131361012,0.39191069322149286,0.6392426379012154,0.008167226038163352,0.5296786432320525,0.0033169764726986087
1000.0,2211.298517285886,20.0,0.1,0.12041305956482448,0.27522445502385995,1.6437950322812518,0.09056105524072762,0.3585679502979003,0.5897393580809213,0.008265771618242702,0.47094356439363183,0.003038609554551805
1000.0,2819.075707989583,20.0,0.1,0.33388739817905927,0.15757231722565107,1.6529011277436092,0.0956004973776988,0.38980939018184146,0.6101138578354676,0.008076598091579963,0.49860394844237543,0.0031454030483343176
1000.0,2225.3001816815,20.0,0.1,0.14049787386024667,0.39539387324047737,3.113993846251763,0.0941401038912833,0.36474024941069594,0.5821816195488876,0.008268795122831562,0.6228233683310017,0.003392272520499798
1000.0,4805.044382799611,20.0,0.1,0.17047195604751642,0.38240989432290984,2.4812864519291002,0.11338244636019132,0.36574737780013156,0.6060226324270971,0.008235478094743712,0.5184027356537783,0.0035642002946051072
1000.0,2892.989200896289,20.0,0.1,0.14381908189752063,0.34101369019915523,3.8800118069510052,0.10078352116793751,0.36907750524331523,0.5854731389053729,0.008127192674799439,0.6377815118716599,0.002947896443960088
1000.0,4097.398865533462,20.0,0.1,0.33435844979661866,0.3694919077938833,1.470560962511842,0.11490938497146566,0.39563665867960934,0.6666181969222933,0.00813823687830992,0.5213616775595308,0.003079356361342754
1000.0,3876.16758292273,20.0,0.1,0.1125170784056158,0.29955196444857524,2.398856446038352,0.11818040026590955,0.3775006279659616,0.6423650676316832,0.008367104110118288,0.5520087489281716,0.0035026620601544185
1000.0,3132.265926232818,20.0,0.1,0.26564453325178194,0.19549256542322707,3.8907799908519816,0.10978585149767485,0.3853639664547519,0.6134186878641462,0.0081890976266111,0.5527967541987138,0.0031787889506776786
1000.0,3692.5040645061754,20.0,0.1,0.15930279041639328,0.34055694417180615,1.6144480515697093,0.09412837517513517,0.3721704661212047,0.5950790205088233,0.008104798443384026,0.4811883646157038,0.0031978686560349646
1000.0,3291.41074332784,20.0,0.1,0.28980321643938317,0.42813786457930336,2.0478962634581364,0.11170806168230518,0.3656668520250055,0.6197612380825074,0.00804187390177677,0.499999047944023,0.002941065969578963
1000.0,4250.810279623029,20.0,0.1,0.32356475158990267,0.2534653050803377,2.227321123055516,0.10362886831420272,0.37816295921135346,0.6029641707350619,0.008018063582391486,0.4984666150999848,0.0029113520334367515
1000.0,4402.579907611722,20.0,0.1,0.17787188310477708,0.20896024482837308,3.194684276018297,0.10177936013918687,0.3819830840781181,0.5925456822495927,0.008056239514807816,0.5669466848645636,0.0030114502351230293
1000.0,4944.8136423249525,20.0,0.1,0.28109663996107737,0.3992413993577616,1.0634432042376625,0.10956394306966459,0.38256577435056605,0.6484910668835477,0.008445406183517044,0.5024956934357475,0.004287484445779236
1000.0,3375.572089068717,20.0,0.1,0.12852850294751228,0.18685028156497893,2.7900086217168583,0.0910368686784593,0.3757095788237167,0.5711302578456895,0.008211077637422381,0.5541529106740549,0.003150973919438441
1000.0,3442.6702271582562,20.0,0.1,0.44596302438463475,0.4401210391559419,2.7474202451419902,0.117296046149136,0.38075194515242683,0.6269826122658078,0.008283416255536474,0.5079329093675763,0.003398244558515802
1000.0,3493.4855423757635,20.0,0.1,0.23561002538056824,0.3709237354166627,1.4830620053026011,0.09555780147853113,0.38261390725990335,0.6132386245461143,0.00806730984923747,0.4906690577572002,0.0032405607806238117
1000.0,4107.685740455173,20.0,0.1,0.12972244462931604,0.4473642920016655,3.3799497816025728,0.09652191902279562,0.38817416525401655,0.5913406674984258,0.008202058218280456,0.6181487889526336,0.0032312126887600267
1000.0,2053.436228671455,20.0,0.1,0.3735596895974419,0.20270338253684478,1.5954907915102043,0.1012044268682647,0.3791600444542989,0.6145596156456898,0.008128370264428753,0.4968841072622932,0.0029504409617921667
1000.0,3554.856499714416,20.0,0.1,0.2231182439019615,0.3593087449176421,2.431423100422334,0.103173160970695,0.3840407090712744,0.6122182452884654,0.008045320007332674,0.5281138841759355,0.0029694002397963317
1000.0,3997.352597807736,20.0,0.1,0.4412498732794219,0.12277648731217941,3.8864878857146845,0.09649770430223889,0.3561074890877106,0.5463879615291399,0.00840761336664746,0.4598876995856379,0.003365132295341058
1000.0,3830.540015364677,20.0,0.1,0.1847462497670416,0.32747607622551567,2.349222293393852,0.11918104120820523,0.38847295022120915,0.6532101849154559,0.008158162724960083,0.5504517167205962,0.0031656849980235082
1000.0,3081.8547138110157,20.0,0.1,0.33503789227904823,0.11614699534065417,2.5679478840979058,0.11456173111738252,0.3752381135642067,0.6248088149291988,0.008042522959117799,0.5164802475337611,0.003170073476346151
1000.0,2975.6032549818956,20.0,0.1,0.18980074682936596,0.2610805550335051,3.3402757072009224,0.11140561796272251,0.35669305931643575,0.6006822529227303,0.00807205531187452,0.5875889014518328,0.002994075715229943
1000.0,2645.4927056515394,20.0,0.1,0.23859767891971861,0.24265867481008097,3.8866450440215035,0.11429455302637317,0.36304503686022727,0.6054872505169708,0.008215233012850518,0.5506995584528297,0.0035962109282089987
1000.0,3746.3523445380974,20.0,0.1,0.1832189327488348,0.2548516996507747,2.773547656619483,0.10234779960758227,0.3746735780509696,0.5949207998111133,0.008028231679336792,0.5435306979080069,0.002914143631548173
1000.0,3324.271069859833,20.0,0.1,0.14566565265619352,0.19264393996950105,2.7201193868425406,0.10800412827812482,0.3968149259226027,0.6347271203864461,0.008072275644412458,0.5930548827486313,0.0029132397801239747
1000.0,1620.5865739356511,20.0,0.1,0.4226538147370891,0.14885062262900972,3.1989552852837777,0.1029654797812082,0.39968029888601253,0.6161886788273414,0.008258796391430703,0.5166731911773288,0.0035090213297449763
1000.0,2209.5540312580997,20.0,0.1,0.11749003935441561,0.2969121623480063,3.250724738081197,0.11460733257827542,0.39547375502262316,0.6658963945838696,0.008340037519123954,0.7536696902845366,0.0033408544048616085
1000.0,3959.034195752766,20.0,0.1,0.4481640847252536,0.1133587648373454,2.0638913300763995,0.0932514378092354,0.3858354312699959,0.5857155336141875,0.00825992375583528,0.48543160884153796,0.0034192470781610937
1000.0,3165.889927251723,20.0,0.1,0.2879234776443626,0.20065784764128897,3.6388754124467715,0.10417250331647857,0.35038556107091245,0.5688124343027229,0.008123026054814663,0.500768324035935,0.0030274667639849703
1000.0,2121.7678223452017,20.0,0.1,0.3110665416820812,0.3238035224255958,3.319428306837549,0.09629957015627073,0.355735741788208,0.5672537249951085,0.008149097066394426,0.48325002890198937,0.00324710462601177
1000.0,3043.2278227440147,20.0,0.1,0.127287143768056,0.32660874734858186,3.529369039711922,0.10271341744280073,0.35265670093238705,0.5782780290206474,0.008179080579703176,0.6545750578583003,0.003067952572973225
1000.0,4757.600857545179,20.0,0.1,0.43010817305514715,0.2201825242762026,3.233180860641698,0.09597124168786607,0.3893194096781623,0.5848521519601907,0.008264123780698117,0.49340892361886013,0.0034238557936862152
1000.0,1833.7912785055667,20.0,0.1,0.34833392522903084,0.19515448991112821,2.5166299330441904,0.1089983973787638,0.3921509534761887,0.636336493924833,0.008111978837902208,0.524493697276285,0.0032128519395077048
1000.0,3127.034609095433,20.0,0.1,0.2764616933364977,0.16418965652306478,2.0820883053761468,0.10490605539605263,0.37126909903985333,0.6059403993912809,0.008018937187254924,0.5004374939006392,0.003003600877631536
1000.0,3452.5310123320355,20.0,0.1,0.44486386384723864,0.13525675411765067,2.4229777812351574,0.09013624835817846,0.3560033192202271,0.5448757057188081,0.008278849241509333,0.45324372239479727,0.003656101460371293
1000.0,2423.3180206546476,20.0,0.1,0.43037801575097323,0.3995510433617565,1.004508365744448,0.11165299739457317,0.3551485968156721,0.6234964472448039,0.009199553224207102,0.4814275459457177,0.00440406707750945
1000.0,3356.3216558421923,20.0,0.1,0.23135451455415781,0.38637503640693927,2.50619590096184,0.11237576515813899,0.38612238525503534,0.6376762133387456,0.008054486755232631,0.54833576290422,0.003085642425426975
1000.0,4673.387172750255,20.0,0.1,0.3367189919136177,0.3285396726722566,2.1001708808940056,0.10566805169763627,0.3564816511358738,0.5861319942731468,0.00807306715449258,0.47456782411097453,0.003022108427898507
1000.0,4252.56631336831,20.0,0.1,0.11430588170245727,0.14309293244864899,2.266517642529029,0.10306368965934673,0.3989392076827711,0.6196159313013858,0.008353698327771723,0.5362437137685482,0.0033204839482062166
1000.0,3772.042634451821,20.0,0.1,0.2545104192477654,0.4331909948197512,3.880306196514979,0.10704021360653047,0.3643352416836999,0.584072825278005,0.008178275518671113,0.5369199831102859,0.003077422436198994
1000.0,2952.7728571862285,20.0,0.1,0.4231531995284541,0.33047334039967236,1.8366161271398056,0.10492472017712172,0.3849788953912125,0.6193821073075955,0.008145824292606184,0.5009143364340908,0.003190194436454017
1000.0,2959.2993762338183,20.0,0.1,0.3077769821907021,0.4488763439657153,1.4053977095389216,0.11038000541252141,0.39361102565556594,0.6651950460439816,0.00810030161581664,0.5191877070277796,0.0029714388009578125
1000.0,3379.3276863750216,20.0,0.1,0.27250943314486153,0.2133106690621922,2.5795475480388363,0.11258215709917312,0.38833604288518797,0.6363744034985895,0.008028650414572451,0.5440849806685795,0.0029909444146404116
1000.0,3728.4163991173345,20.0,0.1,0.31981758586095355,0.381570210309207,1.2674510039742792,0.10656307077057663,0.3991375991973155,0.6589879749734684,0.008111910013394145,0.5172736520020177,0.0029835911054609606
1000.0,2681.0983727750836,20.0,0.1,0.37238581187003483,0.25415117434681933,1.8779862396733837,0.10158214494520988,0.39098334487203107,0.6204608467364903,0.008058539213666359,0.5061135885027014,0.0030663799819402905
1000.0,3670.4819832603753,20.0,0.1,0.3624753762056051,0.2244074363154121,1.9036780651767913,0.09560374660098413,0.3987981139238214,0.6112551385368963,0.008071360647548917,0.5052456168796823,0.0031242830350000916
1000.0,2792.04613698865,20.0,0.1,0.3783916713833174,0.23614593535733383,2.6441097007141146,0.11593041945992526,0.3603950408242057,0.6106377350101683,0.008072742099995315,0.49447704187089114,0.002917174498922183
1000.0,3406.0765284461027,20.0,0.1,0.18549369924563136,0.444055507376912,3.7624292477002887,0.10385509501212475,0.3637311443724238,0.5824843487599821,0.008093366366309503,0.5848666650540548,0.0029569386717611134
1000.0,3648.3510659403923,20.0,0.1,0.40297644940643784,0.3262930253226589,3.517566902434377,0.11508424471353063,0.35775892751522737,0.5915530621372121,0.00812433930035155,0.48576930287362835,0.003045864623479956
1000.0,3182.525891980433,20.0,0.1,0.18690538272861212,0.11983931218043525,1.290376095049524,0.11897985558532684,0.3924957682700658,0.6936749508903827,0.008269263685447103,0.5308676835478502,0.003179689506508873
1000.0,4655.204086847226,20.0,0.1,0.15715420951882278,0.19384831274709036,1.8049049128409815,0.1030059580298392,0.3915668758791391,0.6189210201141326,0.00821738492171946,0.510551378600572,0.003289196186751664
1000.0,3425.717568110268,20.0,0.1,0.30659605104507337,0.39758822632644,2.1426022584119084,0.11613283157558144,0.39955353558666806,0.661787486612437,0.008069564640502767,0.5388901891353456,0.003014989505467285
1000.0,3219.4779268959865,20.0,0.1,0.33008527584059827,0.37796231195776264,1.6111979746687104,0.1010158572362254,0.35245535110692394,0.5876641679799793,0.00804662906657167,0.4662826829456519,0.003067677509109237
1000.0,4826.552879486682,20.0,0.1,0.26118565606718547,0.2703166993506784,1.218840942307291,0.116539065486777,0.36814840526556236,0.6455794034981669,0.008365317744648994,0.49557941780270387,0.004160822023907255
1000.0,2273.066007652901,20.0,0.1,0.24740112505505063,0.25052536696731403,2.846271388789421,0.10491371798819653,0.363999720476208,0.6021319474254603,0.008071977813574698,0.5300623037223936,0.0030309780588441667
1000.0,1950.6033321451139,20.0,0.1,0.1479116240154164,0.30863398561467764,3.1755925699007728,0.09328151999306573,0.3780813785021624,0.5943478933296498,0.008278139258348019,0.6237511891171076,0.0034951138542092595
1000.0,4208.853168812465,20.0,0.1,0.1151238353466425,0.3779582113614267,1.601963695290918,0.11388417213799928,0.3803168918105607,0.6545325679597899,0.008417248953939617,0.5128996493124619,0.0034434097339207056
1000.0,3706.727373113807,20.0,0.1,0.14005483561473678,0.4050550893042715,2.1903625194240366,0.1015307091474551,0.3929053288074452,0.6203253630483211,0.008182436791922324,0.5278571572613735,0.003030304457973199
1000.0,2457.9246049928015,20.0,0.1,0.39956717163709954,0.17594596546650718,3.7809267139752767,0.0991294968230026,0.39305008208431064,0.5963736356815837,0.008201148414601183,0.5047963921653029,0.0031379395176238524
1000.0,1611.4970206091962,20.0,0.1,0.27651477591843343,0.3669102731641367,1.8989867233385525,0.09206525911601801,0.3689483669346626,0.5900815841344268,0.008217292579446249,0.491522754981964,0.0036134081599191775
1000.0,3411.6753721513883,20.0,0.1,0.1174564741436038,0.16230160627220652,2.756864375148243,0.10753729809189197,0.3856543887661901,0.6225562612716745,0.008143407006872229,0.5970407838739425,0.0030411451006618693
1000.0,2555.9874014095694,20.0,0.1,0.29077390158478766,0.3490238736501056,2.8976511196661745,0.11225190872306937,0.35347430535202845,0.6039056595761727,0.008069765504664848,0.5115073803058363,0.0029081140440150523
1000.0,3769.1631897957013,20.0,0.1,0.1661331477781331,0.23819046928021861,2.389652100982663,0.09375232189489568,0.3572773266216203,0.5575637693937391,0.008125461472895452,0.4904860574923518,0.0030262783977587538
1000.0,1838.9681319006504,20.0,0.1,0.19150669401062717,0.35130913815108467,1.9288827030392763,0.10631871909726304,0.3946826214829402,0.6584259083886819,0.00811378223150802,0.5534800997150153,0.002952479386303336
1000.0,2174.4850652292507,20.0,0.1,0.20864290438826344,0.3045952808721232,1.0404059385743714,0.10891083666018586,0.35680060522402807,0.6464861214547121,0.008216551695436952,0.4902625764855314,0.003116795647676173
1000.0,4817.650991116712,20.0,0.1,0.4291413605873511,0.2288197843015429,2.3069250309982996,0.1099142420329395,0.37754509569840455,0.6113651495218773,0.008199117474961938,0.49514478414678964,0.002970803057116803
1000.0,4857.937004070634,20.0,0.1,0.40922479281401736,0.39888400505725474,2.4339088331807703,0.10600735644832299,0.35856024752022925,0.5841782316145944,0.008177164168186613,0.47400718254630625,0.0030912307779952038
1000.0,4449.654480123094,20.0,0.1,0.2467378331736645,0.34997510100450957,1.8574882017257037,0.11587465596681984,0.377124656097864,0.6374894455999014,0.008132508990909953,0.5084439651064406,0.003185593497294479
1000.0,3303.6614526815133,20.0,0.1,0.27358196535328616,0.10703477602759667,2.9140230094062884,0.10083377253981592,0.3797614109861422,0.597854056519552,0.008049966085710252,0.5283743803491905,0.003065322066292804
1000.0,4182.249627727861,20.0,0.1,0.232529213500394,0.14080793248360604,2.6658191022940025,0.10347784051717229,0.3617824645071218,0.5814536844076789,0.008067687499094624,0.5084737684358293,0.002894322429618278
1000.0,3925.273181678399,20.0,0.1,0.405723700061538,0.36069666201619777,3.377538583742758,0.1061918386047543,0.3919245230082208,0.609812256059389,0.008102698937846224,0.5094226798857637,0.0030648381302385615
1000.0,4830.566581434935,20.0,0.1,0.27534987583043624,0.3375861840379383,1.3974481780625512,0.10980439604507444,0.3860543212534052,0.6435864916500758,0.008198220528442815,0.5054199574215182,0.0033230636515793675
1000.0,4264.610072706599,20.0,0.1,0.44995887545319235,0.41673631072761674,1.3838793851691107,0.10544308981288118,0.3798719767405576,0.6262859672464111,0.00855323821714276,0.49302432371485416,0.004101140221300922
1000.0,1701.224748912714,20.0,0.1,0.40990607710492055,0.4460634780975069,1.8569282143754955,0.09482484147398541,0.3974089828776759,0.6132378450642565,0.008342062476880074,0.5083597452270239,0.0035108645506677933
1000.0,2960.8128459093614,20.0,0.1,0.2036919386390052,0.13944611712432103,3.7130302536050364,0.0930767364189497,0.3832957292331197,0.5793308581218528,0.008169413339210332,0.5626986147109488,0.0032687269797210634
1000.0,2154.9386965620424,20.0,0.1,0.2016986403285853,0.3567804504291593,3.3876493882636964,0.09782939449045516,0.3626461066395277,0.5833232891744679,0.008166512489848133,0.5505228834954834,0.0031636150250249546
1000.0,2543.5357178826307,20.0,0.1,0.2852779082503102,0.3004210233748875,3.1806414979145563,0.09314309609088292,0.3813764540533762,0.5867727826279654,0.00809999801641467,0.5143998495654468,0.0030659441443645816
1000.0,2194.4058792717765,20.0,0.1,0.1855038221380679,0.10968895843108385,1.1082219665828388,0.10242422839557744,0.37040297536105143,0.6394492090075592,0.008180155493298959,0.49690531382130476,0.0030898208843800775
1000.0,2230.2893494920377,20.0,0.1,0.44352884959750916,0.4172439249057208,2.9668346552598446,0.09569280931625018,0.36833678433983796,0.5691999824126825,0.008258459302334178,0.4735727000742162,0.0032336765530835013
1000.0,3543.4411694626615,20.0,0.1,0.11119867447836423,0.20056085986913066,1.7100068066287504,0.09138301879586458,0.37249081128289324,0.5863162891825199,0.00827698527370157,0.48004932859485955,0.003078178175225867
1000.0,4576.067617603904,20.0,0.1,0.23503656004670928,0.37579646321436455,3.0809287718900897,0.10694921189726966,0.3713820529549553,0.5965430126030296,0.008073017567510733,0.5351715055451949,0.0029896550042642577
1000.0,2594.513808280047,20.0,0.1,0.37829619666533076,0.20020452529196597,1.0935692518238072,0.10872195332939454,0.39960106637873144,0.6652584250958569,0.00841448530660815,0.523592699686283,0.003477095930932229
1000.0,4040.0901536939127,20.0,0.1,0.25737733945574304,0.40109066503465673,3.5913090540604347,0.10521805290303785,0.36819204975174735,0.5865332689871555,0.008078831126679908,0.5368636419923491,0.0031035460220937964
1000.0,2181.5037019642987,20.0,0.1,0.3552363372298837,0.15683235324790745,1.7773602759785172,0.10852146118549359,0.38100503978435,0.630690045839186,0.008085049450861685,0.5068579845807086,0.0029607199596267592
1000.0,4974.660827697609,20.0,0.1,0.13453216185899633,0.32075568578428904,2.902730046639449,0.10476709455722612,0.3796499413716057,0.594999072611847,0.008222446210276646,0.5430059361950804,0.0033347942501367905
1000.0,3813.7370765980445,20.0,0.1,0.43410615948879117,0.24108959564808582,1.9549539817616128,0.09759348112734267,0.3536130957727387,0.5657892967417958,0.008175697660437964,0.4588131433863686,0.0030959912690004853
1000.0,4241.003467480252,20.0,0.1,0.21437468216961308,0.2881509594375177,2.9891608304414277,0.09987505004710837,0.37856107694922103,0.5897037889586473,0.008048225290760117,0.5386125979428774,0.0030889372211914835
1000.0,3156.117787385212,20.0,0.1,0.17586529973547127,0.18703998850720274,3.5088114187691324,0.10648497912108437,0.3702231380448223,0.598600247217159,0.008053886295786801,0.606369694261208,0.002985481325942364
1000.0,1846.823439886508,20.0,0.1,0.13711132230922862,0.22457889687370236,2.9216508053696133,0.09367533441592824,0.38395807713940056,0.603476405000833,0.008295484896927994,0.6476000739337624,0.0034979022553710878
1000.0,1628.484614703616,20.0,0.1,0.3066575934623872,0.22471250155300576,1.1192177734110704,0.11564477732792848,0.3664110683551871,0.6638498775720257,0.008417546027418312,0.5107317059491763,0.003819902136960872
1000.0,4843.532813519203,20.0,0.1,0.10781369920971318,0.37144130096966244,3.96069399239103,0.1039038115503425,0.3789439685104128,0.5894535792100087,0.008558533047671018,0.6842521929396626,0.0037756586021127736
1000.0,3653.7813765014002,20.0,0.1,0.17491560972811876,0.3615767578652942,3.4513952373048378,0.1168863162714887,0.3844429899289439,0.6349151502805238,0.00808822683257556,0.6352463444254925,0.003149128137311209
1000.0,1997.3337162104285,20.0,0.1,0.13721772650215602,0.23327693751061643,2.971278908724843,0.09697198477558334,0.38391817053961497,0.6098345521653078,0.008235278189706133,0.6552816827302477,0.003343547291123953
1000.0,3395.809357588734,20.0,0.1,0.30295095383081627,0.31345400661571376,3.5600842764772884,0.11996592723833363,0.35408137154911556,0.604890356996273,0.008160680340655865,0.5205054632445082,0.003355031516017724
1000.0,4572.3033476347355,20.0,0.1,0.442736483570471,0.19060054461261955,1.2247487344508208,0.09609827221843724,0.3686264792193004,0.5926246975399775,0.008631226949995468,0.47152852980660376,0.004044354997693474
1000.0,3693.559195649337,20.0,0.1,0.285762801844783,0.17204727904467815,1.2384686228289241,0.0907335710086896,0.38531859808800345,0.6032448674251,0.008126918147385163,0.4860768479667449,0.003118602471069232
1000.0,3258.9193506479573,20.0,0.1,0.19906162276832948,0.2776606375555015,1.580374454487517,0.11027033963180118,0.36820917945813764,0.6343880518920907,0.008037562619986737,0.49505161654961005,0.0030944205063411227
1000.0,3394.2474509998165,20.0,0.1,0.21294389437349318,0.363398712583075,3.7361340155805056,0.10241252436370969,0.3864597123010131,0.6013639479677572,0.00807792795150893,0.5782564298048217,0.002958922113820146
1000.0,2665.814336998961,20.0,0.1,0.17432825334895535,0.14049699773368715,3.0104898997815877,0.11682988687346653,0.3655816118243968,0.6285074564108614,0.008115143379514448,0.6176832152266682,0.0032986293990194936
1000.0,3065.401457304469,20.0,0.1,0.27025929309178864,0.1836840104093094,3.6197829055048096,0.10854912693586884,0.38815987317554557,0.6176927834459229,0.008099446233220444,0.552658132676221,0.0030630401570411864
1000.0,3503.373820268709,20.0,0.1,0.307013357713001,0.346651477226937,3.8905380537979832,0.11405889187432193,0.3834088371552878,0.6172374413502539,0.008226512393329612,0.5386924973761131,0.003185764709211553
1000.0,4270.2115285207165,20.0,0.1,0.2591242517900783,0.4232782900287084,1.6166346998401846,0.10700975896541956,0.39567101136738214,0.6451772557752877,0.008116816764449869,0.5144358460089239,0.0031247770754017135
1000.0,1881.2591740675527,20.0,0.1,0.1740531428250342,0.2567355562692,3.7230632538153667,0.10148206939045026,0.37223105995280475,0.5997260865385313,0.008208749152663269,0.586476947980119,0.003090763173382411
1000.0,1853.94203858519,20.0,0.1,0.44154262501458263,0.37002749421320047,2.856606073649226,0.10983699843233388,0.38188660228818133,0.6137149314786907,0.008261342802776612,0.5048950856405306,0.0034674152957562135
1000.0,4381.106238289367,20.0,0.1,0.2565048763750868,0.42238376816182577,1.7428142398954827,0.09612232558585235,0.3925116346106837,0.6113274171828006,0.008141436660820133,0.5004968396882159,0.003097816847436963
1000.0,2794.916631825719,20.0,0.1,0.20427749256703787,0.14878744678391503,3.4788015843170803,0.11533071952327872,0.38407507518940004,0.6352082131178205,0.008112361433547323,0.6068352876102323,0.003003079336640895
1000.0,4352.018388426971,20.0,0.1,0.39943624535212197,0.11365227222969171,2.658322758793065,0.11383589298371297,0.39273690411533724,0.6316646774213057,0.008150061969606512,0.5197068166543,0.003216287838332308
1000.0,3797.506723980223,20.0,0.1,0.23625247935537755,0.3521746249399561,3.1312999866403013,0.0951672776995448,0.3626213049034535,0.5665383589162793,0.008068120334824949,0.5187048213544543,0.003152370688096986
1000.0,3079.94232285098,20.0,0.1,0.4141837977199224,0.22236015471135043,2.36593573494054,0.10908090150314582,0.38436366591391735,0.6188830019270053,0.0080819962540634,0.5048957828210211,0.0030081327762322553
1000.0,2510.9639631565906,20.0,0.1,0.1257952589354564,0.40469268611310005,1.1811876728231427,0.11846381226340069,0.36545965296385335,0.6872459214389632,0.00850442542106131,0.5120583100192323,0.003232798384308461
1000.0,2532.722116541766,20.0,0.1,0.2245643779337693,0.12182950162183309,3.1755625455657626,0.10966837271163038,0.35813261956675707,0.6013174267019773,0.008097362488312257,0.5517790394948858,0.0031551645558272716
1000.0,2036.2610838416565,20.0,0.1,0.3412132524758468,0.42610663909220947,2.0167263224458125,0.11393529690460834,0.37652622019925647,0.6409424811765511,0.008121336275383504,0.5126569401070078,0.0031967314737184178
1000.0,1806.9062521248152,20.0,0.1,0.10668537037866109,0.372271285967534,3.5232332103446526,0.10576667936647141,0.37873009455060336,0.6320916815167915,0.008491688493762542,0.7271413165433239,0.0035944764907328078
1000.0,3160.0312158278057,20.0,0.1,0.1752027203120914,0.3224005578360515,2.140022929519432,0.09531323129501951,0.36887319407545704,0.5836004058092525,0.008079638741430271,0.49830593753949937,0.0028730007582550847
1000.0,3605.129880196545,20.0,0.1,0.11111575049019777,0.43665266117903834,2.2768370415675507,0.10462904420718602,0.37436669155316205,0.611765606924024,0.008307563493783896,0.5240191886069445,0.0033051980728340652
1000.0,2259.17189425605,20.0,0.1,0.2686408612325223,0.23519376987043256,1.9798346218013698,0.1087156157832293,0.38150662625302695,0.6359027213515699,0.008043908084934517,0.520016958305815,0.003101245316785152
1000.0,3137.6878623829834,20.0,0.1,0.4009580921322503,0.2847989060448539,3.3953862201057903,0.1059479914967364,0.3726271193367154,0.5914912434243614,0.00805177474614643,0.49062516171379444,0.002888414036476225
1000.0,4253.872149905736,20.0,0.1,0.2909337658147378,0.4270447058057384,3.18855627641491,0.11618967567027656,0.3838593754709091,0.6291701371073233,0.00813095179795313,0.5466081220297256,0.0032833303468878658
1000.0,3866.7400451645312,20.0,0.1,0.23662611059179453,0.38317208327730046,3.6831468208991653,0.09982342044036821,0.3556969928072817,0.5624989420497589,0.008111904052725084,0.5283371679187492,0.0032403829468472816
1000.0,1576.4591153991466,20.0,0.1,0.1575414933649683,0.2270039468111222,1.4137816949396516,0.09863385262807889,0.38128374307369334,0.6474546661837787,0.008158961411423946,0.5187891585961046,0.003207239887624998
1000.0,1923.8941876774652,20.0,0.1,0.2845472026013459,0.404862284640069,1.4929418829425836,0.0903158786590012,0.3838626651188604,0.6096841624706144,0.008186994697352463,0.4945493729573179,0.0033303284106910424
1000.0,1620.805410389931,20.0,0.1,0.34652231751751045,0.3210165606173063,1.183776227979382,0.11115429546106417,0.3864263437249798,0.6670306595281773,0.008386117474356167,0.522429293333445,0.003662693221057485
1000.0,3308.451669354376,20.0,0.1,0.4489651364247861,0.16727281813856348,3.4472509897169274,0.10953210456144122,0.35290406921486817,0.5734625194598312,0.008251702395632266,0.47114302142663217,0.003224484722252133
1000.0,4323.41360746988,20.0,0.1,0.29583324227611657,0.18833771209177919,3.8134568991072455,0.10915894700022095,0.370109648817117,0.5895971443215275,0.008189881974108323,0.5263699893678894,0.0032295931167967535
1000.0,4273.64747722506,20.0,0.1,0.2925484673854406,0.34454475582348465,3.7016877933243144,0.11792771177152404,0.35693594887220814,0.5968057992695239,0.008214157633540773,0.5264691659145353,0.0033822399732342154
1000.0,3549.3725006271893,20.0,0.1,0.2352982824380012,0.2617197307676712,1.1319123702105025,0.09393577540258524,0.3914437119971807,0.6259304437452983,0.008128268770039774,0.49815145092767343,0.0031169080297112255
1000.0,4225.069970248513,20.0,0.1,0.1572152414103507,0.3477353936867685,2.5008659508901054,0.11694727173850608,0.36957998536981335,0.6232248788884938,0.00818578672909685,0.5355369998638747,0.003051275553771017
1000.0,2577.672751394382,20.0,0.1,0.10918431150448116,0.1861659406205859,1.025132024804392,0.10426544894917342,0.3649330423241743,0.6370624269705834,0.008710688337612684,0.49216999378406084,0.003580388760812148
1000.0,2955.9047591104845,20.0,0.1,0.16035971266649102,0.2852366834125005,2.940157378410558,0.10058621078038832,0.3628167509816037,0.5861144244854166,0.008067043198180213,0.5793545526862353,0.002997628005060634
1000.0,3938.820163668404,20.0,0.1,0.38331477426462235,0.23463970399765408,3.1241735584657757,0.11856262167366007,0.3826179726716742,0.6287889867302913,0.008121050929465393,0.5186720392949277,0.00324743621784996
1000.0,4394.233225073031,20.0,0.1,0.44523171772276016,0.27450192253447053,3.92639355793668,0.09481811935040559,0.3779387639583847,0.5647961496518737,0.008428026981573114,0.4793140783019852,0.00341316703358779
1000.0,3174.2334445629754,20.0,0.1,0.2729551291472829,0.10905161705525765,3.946209085549124,0.09384993237944542,0.3555427502975271,0.5485915761097759,0.008324098388365253,0.49586748624707666,0.003616249480411305
1000.0,4286.442160263182,20.0,0.1,0.39368343865412603,0.23795339652169903,2.76801891954869,0.11394692286259783,0.39651800616837724,0.636128462120296,0.008128932934934685,0.5249383823276647,0.0031730187107166796
1000.0,2023.8329330170964,20.0,0.1,0.3502924111136938,0.27256404229177467,3.7742775493153378,0.10585549594168502,0.35339896102580554,0.576188258579128,0.008245686334167347,0.48257695424354563,0.003127500887354246
1000.0,4894.913433664497,20.0,0.1,0.4304593011279293,0.13461018140730518,1.5629083044435466,0.09275392719341685,0.37436677181111955,0.5834360207487208,0.008386431349527344,0.47310215957720847,0.003479049708597152
1000.0,1931.1969243025687,20.0,0.1,0.3986757229370781,0.22711915111151806,2.9765729597039385,0.10716521537122121,0.39724950849347,0.6272578055640914,0.008123153012938984,0.5189168153822545,0.0030644626994881297
1000.0,4467.202424857807,20.0,0.1,0.3729388613726511,0.10528195822102344,2.2401135497466287,0.10987850298406163,0.3719201000160157,0.6067286036865756,0.008062361493410313,0.4933234611009053,0.002937763345224612
1000.0,1871.1522890879387,20.0,0.1,0.16916896024185155,0.32870402750780914,1.0618039497533382,0.10551971144283788,0.3697468465809557,0.6592488771244089,0.008243833685002236,0.5073936890178264,0.0031108404917214736
1000.0,1868.015155152275,20.0,0.1,0.3753688936958254,0.32787607131892194,3.7348929937595816,0.11140937115605182,0.39247024971814004,0.6264686288713349,0.008223697220766083,0.5227325187618339,0.0030194218253100777
1000.0,4138.885183384551,20.0,0.1,0.20553277166901246,0.3171848580799149,3.290103960336927,0.11011387334381893,0.3564588545979045,0.5883753751906804,0.008055011299340515,0.554832423225875,0.0032091176080147337
1000.0,4028.297423981045,20.0,0.1,0.4443232595159279,0.2674336030492854,3.092053905530332,0.09570300495210665,0.36386718502749754,0.5606360490788012,0.008219105939747144,0.46714849837928546,0.003336635415468275
1000.0,4385.4690334956795,20.0,0.1,0.20055047283813215,0.26035070970699237,1.3911262912990694,0.10749527239524251,0.3763759458089343,0.6314696430608528,0.008142288347095105,0.4958390703286643,0.0030057982801812246
1000.0,3675.088128186909,20.0,0.1,0.211527438963771,0.2714394666382547,1.3400269427479312,0.11620386257941344,0.37219358034973876,0.658008675851101,0.008134356916629384,0.5031349285704299,0.003214530279862998
1000.0,1984.769405420736,20.0,0.1,0.31559084110774793,0.37068993676437856,2.576081244167413,0.11400644787731168,0.3559247146318703,0.6152645871756937,0.008131092106862534,0.5039286084544126,0.003092111596759839
1000.0,4800.731545872233,20.0,0.1,0.14605227836289988,0.26859710018149896,3.1379968670146594,0.10683476778737168,0.37003984910802945,0.58987128464366,0.008123058917364784,0.5576747785907954,0.0029586405002950053
1000.0,4615.103656127107,20.0,0.1,0.1448165267831039,0.36213543267805814,1.5234367588929532,0.09315877145138413,0.35831292862980907,0.57284485393375,0.008308888463172653,0.46363042101401414,0.0032884031639088176
1000.0,3910.5075638655176,20.0,0.1,0.11672489189618772,0.3048454108375186,2.974286002327336,0.10740897662887483,0.36478589729647487,0.597112008144326,0.00816869791055525,0.5839846966504518,0.003195197767351439
1000.0,2102.094859014651,20.0,0.1,0.23695670333122373,0.4433050721062828,1.7763113722855763,0.10825445263696543,0.35787862759005107,0.6234819947238764,0.008098634117427379,0.49507283652843864,0.0029337345575840695
1000.0,1856.0510492267604,20.0,0.1,0.26225602280500554,0.3152102673357054,1.8534071086020902,0.11758933199813101,0.3959832444280438,0.6829839228763075,0.008160462458373185,0.5499522650618927,0.003462278560546821
1000.0,1809.9904949705701,20.0,0.1,0.38486148228438755,0.15288833439394217,2.116753860468429,0.11180459242759243,0.36982813193342434,0.6187091778150258,0.008182786346140182,0.500360922138345,0.003247871892939336
1000.0,4097.433150980407,20.0,0.1,0.30998875850596164,0.4099501187540122,1.3384534981789102,0.11763463943383284,0.391137859516634,0.6749953967018651,0.008201357038343734,0.5205418394569385,0.003063631544581263
1000.0,3867.751840520272,20.0,0.1,0.36524282305371203,0.32583561030660274,1.0191008559293826,0.09581504888451385,0.3742040705947893,0.6061340639860838,0.008293800329552514,0.47889925118769444,0.0031349331347984796
1000.0,2251.190358359415,20.0,0.1,0.21839882657192317,0.1388471822012492,2.6381177232714186,0.10274635293302337,0.38592400952263206,0.6199387823330621,0.008092624360488217,0.5625578570521113,0.003166648210094358
1000.0,2109.384956912561,20.0,0.1,0.15471215465611965,0.14072239648832294,3.69940588177424,0.11108183557284036,0.3938156039881649,0.6428292431383927,0.00823979314458896,0.6590560075455809,0.003186513511279134
1000.0,2111.346464674133,20.0,0.1,0.20352894542274935,0.36111140737974945,1.8378429480767982,0.10013345409960185,0.3707147567957245,0.6153692497944631,0.008072718520308693,0.505756868588956,0.0029088330824725978
1000.0,3164.8541251202846,20.0,0.1,0.1488755250527389,0.4290382597379754,2.818573576809486,0.11697120597644911,0.3801427669929074,0.6451620754276642,0.008129100956235515,0.6147917260354647,0.0030829460694620655
1000.0,1997.3319341324175,20.0,0.1,0.44332799666914147,0.3616954059466927,3.565063453139124,0.11043072709258761,0.35110317988735645,0.5753229516728068,0.008346361852552756,0.47332531221297464,0.003755658412048163
1000.0,4844.466411715213,20.0,0.1,0.11964886111088373,0.120114482445146,2.0810508080585977,0.10024808926986878,0.3764571905979052,0.5861248536451823,0.00841486785734581,0.49953831913442287,0.0033555831580579626
1000.0,3640.533526437501,20.0,0.1,0.3879823209947669,0.4441395553493457,3.357931352288692,0.11755908319030006,0.3976344741298935,0.6411856659192663,0.008164655362154103,0.5304705163193449,0.0032315616048380473
1000.0,3705.0142969659223,20.0,0.1,0.20217602841047616,0.1562490637467785,1.2305180390821853,0.10948114187430008,0.39613685699832163,0.6672628034650037,0.008180249337781026,0.5199793129365575,0.003058080980588801
1000.0,3975.1438575236757,20.0,0.1,0.3029430754263496,0.4131035264310373,3.0119752640058937,0.10436706724839843,0.3912661963010623,0.6149200045994098,0.008063751977416897,0.5322032348846902,0.002985381830167027
1000.0,4210.811577500577,20.0,0.1,0.4247475882254341,0.3830444223112027,1.9727471934431342,0.11832380174997154,0.3750119099705805,0.6356145427287366,0.008236387151959105,0.502180372546448,0.0030787805793226768
1000.0,1605.7714483810335,20.0,0.1,0.34877032961822174,0.25696265365829274,2.4956827296235464,0.11364091401107454,0.37866509269858456,0.6352608682313801,0.008157285929390704,0.5177960474351282,0.003448638349655898
1000.0,2800.065329090571,20.0,0.1,0.16513810016162817,0.32266560256691323,2.7999582129877734,0.0906077284642681,0.3669096649958355,0.5687649850517498,0.008149861218171826,0.5517461985031914,0.003029795714828774
1000.0,4244.028549009775,20.0,0.1,0.4184621661790501,0.3382570129547414,3.35727485899449,0.10361000134901495,0.3613654806939641,0.5722925316349128,0.008149129566879696,0.4749044415496571,0.0030319762318191975
1000.0,2883.5837313207135,20.0,0.1,0.22254477255251717,0.35153886583195526,2.505437331566124,0.11059873179073626,0.3882547075966735,0.6394840402795974,0.008049748426953215,0.5579705324666854,0.003191788912272349
1000.0,2988.2685134347776,20.0,0.1,0.13882677843668598,0.3925960880443653,3.592650736108054,0.09889576086550927,0.3708257971113679,0.5867710041973759,0.008130964558388156,0.6431359448304372,0.0029509741373548214
1000.0,3553.5818415196222,20.0,0.1,0.12009046285569605,0.21264834059381915,3.582849260820278,0.1032156247664607,0.38607653198341035,0.6065015588967708,0.008140072703041536,0.6915845897937284,0.003116707403891594
1000.0,2277.326824997469,20.0,0.1,0.44744618506649325,0.3981604044825451,2.7994846495143553,0.11779157805992971,0.39609529477602157,0.6444560597859458,0.008334615629708508,0.5255557903408711,0.0036561888854580067
1000.0,3731.9143354315756,20.0,0.1,0.37213869796491583,0.40580392690472655,3.368114448409945,0.11260000198404521,0.37578352427677525,0.6090891243797887,0.008083618162535177,0.5071363627961469,0.003153081241937269
1000.0,3688.4186695581284,20.0,0.1,0.26037624717312435,0.24319643280213213,2.4259232044317613,0.09693418508928747,0.35171392493840037,0.5626049450301934,0.008090944340466156,0.4801440305107564,0.0031419962644689786
1000.0,3390.3469819037005,20.0,0.1,0.3114385831019645,0.38222054753075974,3.189760394356853,0.10021268857184147,0.3794890932701673,0.5945848757894535,0.008048831895044737,0.5145347227367739,0.0029516049280435834
1000.0,2232.65304431165,20.0,0.1,0.16913659835491418,0.27450903100973795,3.605436904726876,0.10624263861595987,0.35148744033016727,0.588575985383832,0.008166791020506941,0.5902811231425849,0.003114387040874766
1000.0,4614.147320140136,20.0,0.1,0.22416218746062982,0.20457513573982242,3.3832430827899076,0.1123818045890263,0.35528447223779214,0.5862823255262194,0.00810625126766622,0.5451074277366761,0.003194589605941766
1000.0,3610.691292739985,20.0,0.1,0.3367880054747327,0.41985342207081267,2.6668988338448,0.0999289323633823,0.36808111692147283,0.5855225667874727,0.008048864377114837,0.4908165324041785,0.003156701262539941
1000.0,2609.153342927473,20.0,0.1,0.1304781596470133,0.20342254931686443,1.7669697695654354,0.11244304182069254,0.39314484282959594,0.6740207712635926,0.00814906337357152,0.5349333691250399,0.0030666561668721824
1000.0,4640.845160269468,20.0,0.1,0.21312134333067045,0.2537086939064259,1.580816892350588,0.11992988574574874,0.3842848857588683,0.6619657671217127,0.008299612916625074,0.5171775128018098,0.0034878902527946836
1000.0,4469.268614724358,20.0,0.1,0.4242974824452106,0.262135030669988,2.608307085967794,0.1028436997631026,0.3966879508300513,0.613386527688276,0.008159037102284581,0.5082945740429513,0.0031420938031231868
1000.0,3908.2020268371157,20.0,0.1,0.14751292467363875,0.3165707322224199,1.2959942367279527,0.09783056996115427,0.3928309642511527,0.6347831924219998,0.008199873361401214,0.5042729434080169,0.0032132419973382362
1000.0,3812.4958133604314,20.0,0.1,0.4093868073218446,0.13906314575497963,3.794665261905895,0.10281849395736048,0.3652786552402854,0.5705465876440483,0.008200208865049035,0.4789173914746284,0.003197572879115744
1000.0,4952.89320393784,20.0,0.1,0.13589594870877475,0.11306762394957356,1.6787991364664787,0.11454724988500094,0.3820512420223924,0.6390116052920752,0.008521572485285428,0.5115287964486117,0.004141116274917823
1000.0,4547.622937910821,20.0,0.1,0.3491067361902779,0.4384519705553306,3.682169458374925,0.10553118141339327,0.3901710287030535,0.6034674422747193,0.008216289516229745,0.5210606421658537,0.0032343685519376133
1000.0,4356.514491163161,20.0,0.1,0.14437133598333246,0.3468803143200163,2.4200459889605446,0.09331139523632234,0.3715180605628012,0.5673566663456918,0.008233247436626559,0.5008668013096945,0.00334280279498654
1000.0,1563.107962470118,20.0,0.1,0.26269245685282877,0.10244009039347719,3.4273773414145303,0.09595833147010117,0.362070093300483,0.5769351493930581,0.00829527254056039,0.5048404861729194,0.003490407575278504
1000.0,4607.352650448507,20.0,0.1,0.25207926162555444,0.2071682272064817,1.1981070480429543,0.10817971704443248,0.38863466510664446,0.647662098125407,0.00824183550408494,0.507478377349277,0.003573101858918018
1000.0,1603.9500932563349,20.0,0.1,0.41443634394000173,0.16270939365106818,2.5648313660380198,0.09196027799290654,0.3873204140752886,0.5846486905714647,0.008273883139048683,0.4932795168821823,0.0034955693048905755
1000.0,4516.12829054732,20.0,0.1,0.17810781635144063,0.3382786052776444,2.9601580864159622,0.1183802415618274,0.37924075006417096,0.6302983773096911,0.008148266426766089,0.5719040329651248,0.0030517949713091837
1000.0,3147.1515995794216,20.0,0.1,0.16251137578289288,0.16000117908247122,1.4929637980286175,0.0906443916147327,0.37830978668346354,0.5980624292625711,0.00813681911168718,0.4836105998093295,0.0031725737940351854
1000.0,4502.927289272492,20.0,0.1,0.392747063002727,0.1934979849192401,2.4363609101275463,0.11597292293003378,0.3581774238836913,0.60383922345879,0.00813562246235761,0.48669507591616373,0.003090891469155513
1000.0,3101.7591377408216,20.0,0.1,0.24445036170799647,0.4271963555682242,2.9322287888720897,0.11252082612029118,0.3953351372681863,0.6462585582455111,0.008077883049853508,0.5743332333788151,0.0031639348487411383
1000.0,2483.858714797054,20.0,0.1,0.12949074350923528,0.4035348966405621,2.8294485129307683,0.10948786304874289,0.3679147588299164,0.6236905641480834,0.008152292452883401,0.6516731552944339,0.002933980725832236
1000.0,4422.279030541542,20.0,0.1,0.4006232897845112,0.3375639743732246,2.216484405006801,0.09678071275955663,0.3921637696502096,0.6017572566942803,0.008102537579806788,0.49683248713555855,0.0030128205822992048
1000.0,1811.5354426042209,20.0,0.1,0.2798702626605243,0.260187013522044,1.0875546840649664,0.09525277019207812,0.3823274082789228,0.6299993775400254,0.008230729426090131,0.500284700872458,0.0031817811340202305
1000.0,4154.048776191615,20.0,0.1,0.3067322655117126,0.37767399717301087,1.527634878880347,0.09016834664509982,0.3599919562878595,0.5689654982646021,0.008160171939563891,0.4586613369657883,0.0030830767271487133
1000.0,1894.1588293270838,20.0,0.1,0.24096447838041593,0.20025893881698886,3.919129604930112,0.09274755389559361,0.3511135629011678,0.5523095392644942,0.008445100538652934,0.49939471677381553,0.004268936446135574
1000.0,4518.559784455665,20.0,0.1,0.15971146899322153,0.1393755536537603,1.0439650670653535,0.11485737066727573,0.36650584462250013,0.6421846430818554,0.008768968109394959,0.49237537407962667,0.0042929861211769135
1000.0,1875.911609964765,20.0,0.1,0.345950856995472,0.3304206273125359,2.1887241963790434,0.09246171766743931,0.36572092673523865,0.5753023817237268,0.008176076036978295,0.4773900752106101,0.0033434658857067036
1000.0,3948.2268838796053,20.0,0.1,0.34172902655562337,0.32364834582635127,1.720064848078628,0.10034168271212689,0.3854290359787264,0.6133863479492125,0.0080376719915311,0.49606533516514706,0.003087785198371546
1000.0,4351.470830671088,20.0,0.1,0.39316528038660337,0.25896749842237243,3.6252398384183837,0.1151727375955211,0.3985393503080528,0.6300799821800452,0.008215989507413672,0.5287142042230923,0.0031073873496407795
1000.0,1780.6221177035584,20.0,0.1,0.21165254016931184,0.3261160549721405,2.997004684781742,0.10378441166961047,0.35528614267059117,0.5969018763451567,0.008168489384489164,0.5460387745459224,0.0031872999179985897
1000.0,4524.759825504856,20.0,0.1,0.2392450319013311,0.16121122442311653,1.2896773725879616,0.1085890687690723,0.36415241785281127,0.619778564668775,0.008210630906789777,0.4836595400661638,0.003485010527236055
1000.0,4044.1875540261085,20.0,0.1,0.15735714188196853,0.18777228264539814,2.1907073299043356,0.10161684200466796,0.37018317400595213,0.5886716786401717,0.008102315599063315,0.5011700527332732,0.003026937552142145
1000.0,3293.029495075364,20.0,0.1,0.3335434090488969,0.18018627149509575,1.805505719923155,0.11998698440187572,0.3821568913599968,0.6556548375197058,0.008084351468543895,0.518157082520245,0.002999554811174158
1000.0,2048.0989467166255,20.0,0.1,0.28340674238279295,0.21387045945237418,3.3850718155996393,0.0907330947545521,0.3916640259473497,0.5920878155792051,0.008212645246853351,0.5202324157355074,0.003327167108677698
1000.0,2366.3700710926537,20.0,0.1,0.19696535963659467,0.2563170844819467,3.2136204242862614,0.10579059566068291,0.3696604116473741,0.6079056711153799,0.008088393562611254,0.5803379259523651,0.0031606929753283577
1000.0,4265.888707299622,20.0,0.1,0.3500146704432222,0.2705850887005763,3.2410922014853236,0.11317517395244545,0.38275970834611617,0.6170404569098473,0.008104576915960374,0.5218828817319182,0.003132191894820542
1000.0,2498.5310173377993,20.0,0.1,0.4264825010630152,0.3489506330574075,1.0437467589059115,0.11054036632847099,0.38401099791452054,0.6507088461731914,0.008918102332409436,0.5087145956032396,0.0039598238516422605
1000.0,4286.410035877592,20.0,0.1,0.1686954078848193,0.16220244292918568,3.083979801038897,0.10319314418229876,0.37676712872706625,0.5914100403868275,0.008057763572761457,0.5617572954175,0.002875109798044888
1000.0,4941.692888522679,20.0,0.1,0.2515189385777248,0.14772401344713562,1.6408538925360885,0.11956660753294648,0.3514069254292932,0.6187261726515565,0.008365137951106466,0.48276660039341457,0.0037719393330188323
1000.0,4565.7900397244775,20.0,0.1,0.2011269293378645,0.37302439387202313,2.459250667435499,0.10607560094790565,0.35216266247000755,0.5781098507439903,0.008143877693646872,0.4937347721528464,0.003271657443231223
1000.0,3644.833106568716,20.0,0.1,0.34686320265352855,0.21231293500675608,1.6175447230639461,0.11098861121239559,0.3614406373039069,0.6152076125050733,0.008033184514577716,0.48412780842382824,0.0030109179546301936
1000.0,3901.6159314974116,20.0,0.1,0.25783299380700075,0.2794751113444569,1.1000879325398845,0.10224423676372602,0.3613631280682988,0.6118763394236936,0.00812951541109,0.47551207525284156,0.0029650972844543276
1000.0,1547.8447772292966,20.0,0.1,0.2768724994681758,0.10908902708406719,1.9036067693868972,0.09302770071524775,0.3835656196508779,0.6029105689104872,0.008224413022674595,0.5092144957321434,0.003656010596988119
1000.0,1795.1308322008936,20.0,0.1,0.3867957444865887,0.2568224331079437,2.39535427851727,0.1138749626184764,0.3536301112806152,0.6044372931028421,0.00820309696232708,0.4870780962182428,0.0033648360332063556
1000.0,2826.3157829059446,20.0,0.1,0.18714947949791422,0.26916901033776036,3.4912258616440868,0.11408947059237266,0.36222902640485566,0.6119568135835312,0.008085683152309963,0.6018792616309554,0.002975229971765529
1000.0,3359.0819255981396,20.0,0.1,0.37133417420461756,0.28611617213219437,3.1078429954367657,0.09499193987377963,0.38097829439818953,0.5816785230338067,0.008061897542171266,0.49157050302682015,0.003071174810179976
1000.0,2173.2349390503873,20.0,0.1,0.2415698689019117,0.20405939439637305,1.9995237002113724,0.10855631105479983,0.39775466369813156,0.6543465424073083,0.008073972541455919,0.5433366019622665,0.003056194391896537
1000.0,4735.248311910947,20.0,0.1,0.232173055606915,0.1776195294459661,2.8664921196202897,0.1120406829910556,0.38337860655831413,0.6180847094224384,0.008114104873546711,0.5442981279689787,0.0031161611515025263
1000.0,3072.572150318489,20.0,0.1,0.30642402543394964,0.4445898426894648,1.2226597576203362,0.11459897324009685,0.3628282594231638,0.6482849588899632,0.008148783583999673,0.49282054644107826,0.0029689995622914833
1000.0,3659.5034752298184,20.0,0.1,0.42194335909333536,0.4073765775337481,1.1345215086362388,0.11742357362413097,0.3741101135905425,0.656339954324331,0.00871032176664315,0.5022279700857741,0.004116094156767747
1000.0,1659.10792619596,20.0,0.1,0.16990005444413925,0.28211941917349115,1.4150494020310385,0.09521069446413262,0.3931593754368557,0.6492469141776471,0.008170482576927006,0.524859726224042,0.0031700917300942905
1000.0,2020.6025427127056,20.0,0.1,0.39298708150951767,0.28406399195858634,1.4707587213531654,0.11510453421459034,0.3597983576583228,0.6310998548375466,0.008279707339106842,0.49405290817467257,0.0032102633184482336
1000.0,1776.2236266833088,20.0,0.1,0.43781615389369744,0.24822431028909123,3.325904269666778,0.10964424872165472,0.3862049045301042,0.6132577155696535,0.008267333760318563,0.5089050665551458,0.0035524700915868096
1000.0,2714.4788652493826,20.0,0.1,0.1764459298677876,0.27128412703231636,2.7644238543823056,0.11255188689583266,0.38197185757572794,0.637650751908286,0.008047221683161384,0.6034934764584171,0.0030022498847912162
1000.0,3276.3503280411633,20.0,0.1,0.43534388773192023,0.22094951071006427,1.287998682071612,0.11952022386235715,0.3841862872501392,0.6648215715843662,0.008614597014277147,0.5150095372081405,0.00398631173609257
1000.0,3744.617917843197,20.0,0.1,0.1375482428948111,0.3745393476054223,2.763472077666003,0.10633561805870366,0.3780242158316828,0.6100487956817302,0.008089929006124388,0.5642050523643313,0.0029173262211164737
1000.0,2519.460628163838,20.0,0.1,0.2110057068827986,0.3001481503152131,1.8674333745733556,0.11497049592057246,0.38813498646835254,0.6651782863372314,0.008072564956593099,0.5350751867531447,0.003140796831659259
1000.0,1552.3945752974112,20.0,0.1,0.1624772470263977,0.4320533790269785,1.1222224438700779,0.11456388063292745,0.37986475128016817,0.7044569896483002,0.008437989272097747,0.5397448176725868,0.003596094738764003
1000.0,4703.931807554189,20.0,0.1,0.2682545348670165,0.13686265691685118,2.430494869790126,0.11264059893247784,0.35817682279234375,0.5970921801353742,0.008130623560661597,0.49846811291588683,0.0033332404433038323
1000.0,2547.23782887915,20.0,0.1,0.20585699432378943,0.4127013081201808,1.9696035711256625,0.0907264582666004,0.39432453265693584,0.6090520500269386,0.00815731384058244,0.5143138629543407,0.003123841881728561
1000.0,4896.1701341920325,20.0,0.1,0.35738740893477616,0.14357495907118847,2.7937580282332575,0.11689790008460876,0.3889442267757505,0.6327266872801324,0.008216955933779413,0.5271737542626095,0.0036661532019020416
1000.0,4527.743096005287,20.0,0.1,0.23299854691441327,0.4472379737978618,1.3356222411974117,0.10533633590383709,0.3957141868476252,0.6505599905845559,0.008217205181120605,0.5123597004537959,0.003336020109753454
1000.0,4377.185126763556,20.0,0.1,0.2749367167125951,0.28658710422185707,2.689692061944458,0.10808102461357193,0.3538131281932101,0.584917705255363,0.008076944954551414,0.4977059574747337,0.002929663736753302
1000.0,3564.6548034454104,20.0,0.1,0.33647188689617336,0.35849616129101025,1.603443491428716,0.10343076162667769,0.37455855532494325,0.6146051465869462,0.008020239026038451,0.48963861781049167,0.0030129029814654675
1000.0,3978.6605461584813,20.0,0.1,0.2218239067915309,0.4085861978482207,2.614391474994602,0.10594707720038876,0.3514975724500752,0.58202049590435,0.008087626694759108,0.5037141802589546,0.002997805206404347
1000.0,4366.513603250261,20.0,0.1,0.2486196620875346,0.154421613649916,1.5943529814087474,0.11110676709182618,0.3777926566685104,0.631372222302394,0.008122908553799654,0.5007810637676533,0.0032550197206018695
1000.0,4753.614190315431,20.0,0.1,0.17777844021815453,0.41184186754923124,1.909232571684225,0.11404325315822209,0.35455436950872,0.6075193421357057,0.008292426915654062,0.487418008348895,0.0033323452096976356
1000.0,3854.0348369135404,20.0,0.1,0.2887166904884102,0.2080615598647856,3.667567408468135,0.10312146233158118,0.3978249195063494,0.6099848739954122,0.008124813505634222,0.5478650272264725,0.003165717850166327
1000.0,2464.3736086749223,20.0,0.1,0.11427474214073866,0.3537290597984406,1.9485426930329424,0.10551294419971949,0.35948654519272455,0.6204499567040973,0.00821520920418018,0.5077527010189711,0.003227627242567746
1000.0,4243.237194079498,20.0,0.1,0.26035026059140176,0.2753529861517644,3.412993609196492,0.11915143679372907,0.3547195965650818,0.6023532155934688,0.008145057053101682,0.540009092545878,0.0033078646543438475
1000.0,2316.254735292988,20.0,0.1,0.406290233799544,0.3070581851250306,3.0707123696939127,0.10631646109585406,0.365558178369354,0.5905052944310987,0.008083869865957464,0.4844341236281457,0.0030395154854716854
1000.0,4047.5492242767914,20.0,0.1,0.3421574317973693,0.3335674931456146,2.3112429012728612,0.09927595702814032,0.3817861953500055,0.5978196493291259,0.008028847256626004,0.4968738357005797,0.002966610330532329
1000.0,3867.1682307066753,20.0,0.1,0.4148887577759489,0.1660368087130219,3.1822763303443966,0.09816645666204403,0.3723801149205277,0.5741972148269637,0.008114110854524858,0.480679810438453,0.0030681883983498573
1000.0,2676.5040148961043,20.0,0.1,0.4287966475649555,0.2062055182748132,1.816881157153432,0.10139032485996263,0.3641090901700353,0.587736413246115,0.00818616522158287,0.4767194863870324,0.0032624514653662715
1000.0,3756.598155233106,20.0,0.1,0.42043605819711805,0.36326867986600897,3.637157945403105,0.09451185653042583,0.3700307995945496,0.5612604128277958,0.008179073301699896,0.47304144694840494,0.003132719336419101
1000.0,2279.1083346890346,20.0,0.1,0.3778450885300727,0.20241289575858895,1.6257246322806849,0.10455269507959383,0.39029398745129606,0.6325303469587547,0.008119778061581616,0.5103280632773686,0.002969728226691511
1000.0,1758.6863322433724,20.0,0.1,0.21457652251615733,0.21943815978703257,1.4864955018676898,0.09811803919821654,0.368861614863268,0.6197664913962545,0.00811431416787086,0.49843769025646595,0.0030694708436803373
1000.0,4805.444490980651,20.0,0.1,0.38478000824874126,0.2983432596926764,3.7150057417191875,0.10614644463681293,0.37303977642955255,0.5844334816422281,0.008238445757932504,0.4957290752650802,0.0032138310466941224
1000.0,4490.826508710756,20.0,0.1,0.4157282955479601,0.29432812055167096,1.5582902974787443,0.10717313045078879,0.35330321988210267,0.5968351382783992,0.008195514274205715,0.4679293343134334,0.0031964867671513994
1000.0,4985.806402647722,20.0,0.1,0.24218455818013285,0.3270533003769558,1.840229696395677,0.10490950224308226,0.3973474320165499,0.6290058177373113,0.008188528312442886,0.5152137325639908,0.003275269795144534
1000.0,4492.336503426828,20.0,0.1,0.317170535581186,0.4393646089387677,2.408749656228615,0.11024914179538212,0.3777166940734363,0.6170439516178731,0.008080190301021773,0.5095158304635115,0.002936199731953113
1000.0,3442.453944551979,20.0,0.1,0.19099638546173114,0.1055916350472935,1.6283158834359028,0.10254096153807381,0.3578221821026038,0.5963395516226924,0.008088284908507262,0.47560859043797965,0.0032183711672430734
1000.0,4243.282478876391,20.0,0.1,0.4133236097358415,0.24506088642912532,3.351252253343546,0.11512761579441519,0.3777271926609502,0.6115551764966406,0.008159557359809251,0.504467453982283,0.0030262760567846534
1000.0,4730.346675459388,20.0,0.1,0.4102613007782455,0.13243963001615341,2.7073980303780294,0.11791794445410342,0.3872290952119042,0.6328886671235419,0.008262099916644018,0.5175269663876618,0.0034606180262769302
1000.0,2204.6176996720637,20.0,0.1,0.3230287583619293,0.23873962769438864,1.7902859371805646,0.11257640650790585,0.3582507548234721,0.6210129923651848,0.00807258247183869,0.49172369580122377,0.003023860116909641
1000.0,4014.2877208582963,20.0,0.1,0.24773947530244092,0.2726836305335432,1.6861742892636251,0.1029112285077931,0.3995118331638,0.635999808474497,0.008073599054227368,0.5156098189376117,0.0031609819758932596
1000.0,3777.8850808077264,20.0,0.1,0.409687516067922,0.40310322634437257,3.14642432605542,0.0935385401557841,0.38709805865396646,0.5823065840275878,0.008135186428964805,0.4904732744356215,0.003156130082927994
1000.0,3085.336669212139,20.0,0.1,0.3782593983916658,0.2872832941902749,1.3197490325478856,0.10355537026019092,0.35684931166208056,0.6017965317395999,0.008094543492981941,0.47212603057204566,0.002912563790846054
1000.0,4225.954545436216,20.0,0.1,0.26167775742054206,0.4192718730522951,1.4463906718296018,0.10159918644883134,0.3581220105830738,0.5981071223944575,0.008110921005036067,0.4702610352093633,0.003077836044721181
1000.0,1792.1777096824665,20.0,0.1,0.1707722540151636,0.11041219832447635,1.6403038506341825,0.10716948707880773,0.37218372460902477,0.6451456839133346,0.008125856588980004,0.520820916048783,0.00304020580918428
1000.0,1590.426137588975,20.0,0.1,0.16023102174653361,0.1119120817916773,3.112114920084525,0.09822234579529938,0.39158147420345035,0.6211187703534871,0.008318386580222582,0.632537292099616,0.0036743053381171906
1000.0,2860.6569019663675,20.0,0.1,0.33596717552656674,0.33847147926471166,3.389494773240607,0.10711618114791577,0.3674735957023511,0.5952402721231539,0.00805861547311645,0.501831986932456,0.003093455101596791
1000.0,1755.2964140400163,20.0,0.1,0.11690001152759869,0.27793467959912543,3.552154780242714,0.09738088330970184,0.39202014711736366,0.6209212781898641,0.008437324746193754,0.6893043709464841,0.0036097753082528325
1000.0,2727.914790700186,20.0,0.1,0.43996173481222645,0.3974393976286149,1.2795072925937792,0.10982399576462981,0.39534027728524673,0.6555384603378112,0.008600797203575055,0.517483379074906,0.0034925098844053957
1000.0,2601.9937989594273,20.0,0.1,0.28090361599645486,0.38287992340387,2.6723215224259356,0.1134547728739187,0.3569739705003004,0.6132246587884551,0.008076548009597624,0.5175742878430099,0.0030295773139489245
1000.0,4734.959824476588,20.0,0.1,0.14345124614175828,0.20880152585797207,3.067168689411527,0.10035833218832423,0.3962341612505632,0.6011082439920866,0.0081665490279493,0.5679043043095967,0.002969436318054036
1000.0,2620.5365680318846,20.0,0.1,0.1956933126067845,0.38269659359661223,3.033137964442527,0.09861504413700237,0.3530949593210123,0.575351570506268,0.00811820103647288,0.5487031713763002,0.00331112678888611
1000.0,2947.3065483989567,20.0,0.1,0.22236641996048134,0.40881500043499786,3.7160600555924264,0.10626889376418139,0.39833763585974197,0.626014067182404,0.008123163919016295,0.5868843818944709,0.0031231806115776597
1000.0,2638.113023897629,20.0,0.1,0.31569507239107414,0.2033590860976554,1.1513243094930163,0.09290403803173632,0.35072106947653287,0.5778609288070033,0.00818011939739309,0.4570908736621711,0.003136607813934139
1000.0,1830.8865697611097,20.0,0.1,0.44858231188193365,0.13030703472531216,3.627225195594859,0.11695867491597634,0.3764174885456957,0.6123465844389488,0.008463244777657197,0.5065707966716947,0.004168987958640687
1000.0,3313.401818538412,20.0,0.1,0.34365803396029126,0.18691259789782727,1.8612669780125768,0.09032527466795014,0.3585738710831225,0.5592386446021652,0.008111863980644013,0.46098319923425624,0.0031513795836592157
1000.0,3425.8247760988024,20.0,0.1,0.20738894629582402,0.3906008872975548,3.4298160552812735,0.10191195247257682,0.385741154171499,0.6042421582007005,0.008055234948985952,0.5801726343054961,0.003134924728569028
1000.0,4384.667856353708,20.0,0.1,0.3732783996937331,0.43120241000927195,1.6323515060993783,0.10795206808346777,0.3733617660285986,0.6205993400510172,0.00810423324631741,0.49008504149410725,0.003117486936027931
1000.0,1512.2393293845537,20.0,0.1,0.3511496283781058,0.1306478706814488,1.5543133861728078,0.11248100306347802,0.3965859604331773,0.6666481097773164,0.00828521369215791,0.5336465959427739,0.003364617295769142
1000.0,4043.964486429125,20.0,0.1,0.40914279842018875,0.2798341627135905,2.45999544909056,0.0985314330722058,0.3534417573871438,0.5628343570389563,0.008101549109760874,0.46161054935084284,0.003148766468247981
1000.0,2088.252548683025,20.0,0.1,0.17815057975954154,0.4056367607306888,1.007056507716238,0.10266322546688542,0.3985865609680186,0.6816032474412366,0.008337868637113175,0.5291067518137917,0.0033497914328794952
1000.0,4673.653081944021,20.0,0.1,0.138859733624983,0.3604481416126949,3.616100895275274,0.09562985569594243,0.36258460964960043,0.5552577983591848,0.00819133300588817,0.5881625043450018,0.002957368007306432
1000.0,3892.8271064905853,20.0,0.1,0.36518315023732206,0.4064532340220566,2.1936966810734733,0.09143583413556176,0.398827642756904,0.6000411691887899,0.008118326939521787,0.5018015897387355,0.003130879794021915
1000.0,2405.7989440775236,20.0,0.1,0.3694820701558198,0.4217607184624802,2.623560679054062,0.105707792536153,0.3620164760822913,0.5947202147999282,0.008078569214149022,0.4859064992316393,0.002978322101238985
1000.0,1713.3389159795431,20.0,0.1,0.13869219728697968,0.3532394648336564,1.5969686276266533,0.10486811859127602,0.37592144442088676,0.6566631350247636,0.008146306135842841,0.5190064114202073,0.0030241549809191734
1000.0,4743.882913043983,20.0,0.1,0.28914241461567036,0.3154316618629279,3.4336406813974514,0.09903809609457871,0.38438169930932564,0.5870814222922277,0.008129648992712122,0.5260416798603892,0.003034371160174703
1000.0,1843.172918794592,20.0,0.1,0.12485167086378454,0.4391602984225391,1.947586493089422,0.10374130781271038,0.35763931307851643,0.6232166785880049,0.008273684607135191,0.523799934817832,0.0031636351090187586
1000.0,2564.1811276640447,20.0,0.1,0.415664961343963,0.42630955573460083,2.871720718731242,0.09611402674504349,0.3977980444675451,0.6035289729113986,0.008151440653783568,0.5040176975181533,0.003138399492517188
1000.0,4238.9483779819,20.0,0.1,0.13448344487136438,0.3391864754742181,2.2404192252279294,0.09106403850136233,0.36235874441409427,0.5556222115869354,0.008290918948428695,0.48300970840752977,0.0032799896245003903
1000.0,3414.9543662443566,20.0,0.1,0.300831038692978,0.43776326009866273,2.4005095366013247,0.10035942349876678,0.39438607879356424,0.6180400820471348,0.008065180555399714,0.5210857191899754,0.0031968631327286097
1000.0,3288.621997913114,20.0,0.1,0.2908638421788731,0.16868196464614377,3.35270934786632,0.11344717046384117,0.37785885688603293,0.6187460784044997,0.008071185849911235,0.5411273565906827,0.0030882348978224275
1000.0,2797.1767529676445,20.0,0.1,0.302241865969028,0.38782042181606624,3.0309987777478065,0.11686633010549147,0.37171072322094467,0.6288705798330627,0.00807420271600827,0.5318695740206668,0.002939762176842563
1000.0,3785.555840423506,20.0,0.1,0.30000553044027817,0.32869422145031535,2.4827503723867044,0.10669483866530936,0.3706267071611886,0.6038349646135105,0.00801873844020061,0.5062269480549972,0.0029311552168024457
1000.0,3370.4982917498255,20.0,0.1,0.1966397195089291,0.41517336095095647,1.9840672943014848,0.1161675044669582,0.3911874252482209,0.6619727702728361,0.00812827319952898,0.5342933158416282,0.0031594334369394197
1000.0,3986.2085868355775,20.0,0.1,0.3159639832700949,0.3796417056729886,3.2147123097497476,0.10613726089171457,0.35150158733149545,0.5750922822653373,0.00808199569909758,0.49319747394265745,0.0030409774167157954
1000.0,3087.231771156087,20.0,0.1,0.21648656026074994,0.44082218501780757,2.069561474467024,0.11004555450088982,0.36319455694745173,0.6175643484622317,0.00806897525535588,0.5035397523248968,0.0030400274904180623
1000.0,4887.560585208919,20.0,0.1,0.441373624385059,0.29913496364464137,3.983468159234891,0.1016861269926036,0.3511334122012894,0.549718883624475,0.008634831249923317,0.4604472006365754,0.004528428138254164
1000.0,4747.338625861481,20.0,0.1,0.19071537695199564,0.29391296444119164,3.771518292782863,0.0971775689134687,0.376737548035068,0.5691175497408663,0.008141890176180349,0.5741525488202438,0.0031718049971710244
1000.0,3417.579197714449,20.0,0.1,0.2920027422511152,0.31733148735881495,2.2790382989051947,0.10358421774415416,0.38405281441678163,0.6142000879476545,0.008016926738506295,0.5134061138151481,0.003051536094292091
1000.0,4798.545986716708,20.0,0.1,0.42153344532959314,0.22290755147669603,1.9085134361015725,0.10529834537554504,0.39050204808166866,0.6217575265121995,0.00817874962491235,0.502451263449775,0.0028741333814613157
1000.0,4120.36751963264,20.0,0.1,0.14700827388789078,0.4311211118692183,2.2903548655160826,0.09809598804383206,0.38029716404790564,0.5930791779385418,0.008201966655639688,0.5118437126007949,0.0031749895320732835
1000.0,2833.0483890761025,20.0,0.1,0.36076082952849675,0.36685822679849633,3.5859888417884487,0.11400404093616692,0.3998221306299145,0.6382691797218607,0.008133284705942287,0.5348660143075995,0.0032260034468713132
1000.0,2315.1161721951516,20.0,0.1,0.2942779851503534,0.25003691142364814,3.438527633857187,0.11084517357668394,0.37426581377137924,0.6154420341816975,0.008100860977290849,0.5277261284641109,0.0031891093180789064
1000.0,4000.110677783474,20.0,0.1,0.26531921406586906,0.4267012587982534,2.3618981551704783,0.10031750889813204,0.37465971255482416,0.5950082347817778,0.008075773012520203,0.5019570652358795,0.003002662498163865
1000.0,3019.265734724068,20.0,0.1,0.2684912469135996,0.3540010289725789,2.3263086797330033,0.10506597549043453,0.3535940693574725,0.5899316606874764,0.008059178703933889,0.4927600062131034,0.003259275136825346
1000.0,4164.573795142249,20.0,0.1,0.43757742168223035,0.34541418650325895,3.6119546468096613,0.09963989472405674,0.39559249742165115,0.5960814240223805,0.0082349489736969,0.5022175318161557,0.003172539805149259
1000.0,1808.2014380483336,20.0,0.1,0.4460990773956184,0.41459454361313863,3.9901221558184883,0.10068469416417125,0.35180547685723274,0.5526366605162758,0.008605234860900457,0.4640468609976843,0.003893268696007703
1000.0,4218.0051411642335,20.0,0.1,0.14646858548603242,0.3619652283090107,2.1296526960995896,0.0944636096914456,0.36579247986705565,0.5698106794886664,0.008206629934968993,0.4860859954599374,0.0031271873407345426
1000.0,1840.3005705997434,20.0,0.1,0.27349378967354854,0.19783333089855776,1.7665887871796246,0.09012159988735399,0.3880835077119014,0.6031406958156399,0.008186087982593519,0.5037540970408767,0.003322684221949622
1000.0,4275.827222202498,20.0,0.1,0.2932638351225696,0.3031134874919287,3.247972523585729,0.11905246573176208,0.39161151637299607,0.6408329851877085,0.008158012679806209,0.5583455704324687,0.003354379087020852
1000.0,3435.2761841673027,20.0,0.1,0.4306358974724299,0.33188820791415236,2.084826293701139,0.11123882958623202,0.38484345733375314,0.6276080129977324,0.008152356104246368,0.5059393771845742,0.00316587330260586
1000.0,4860.060451864978,20.0,0.1,0.2817838855439634,0.2611089978763288,1.0505803426516898,0.10631187619327793,0.36369390878132263,0.6176904261003615,0.008384131950624747,0.4798455960519812,0.004115597467529439
1000.0,4232.999356618453,20.0,0.1,0.4168281292736735,0.41100854595864456,1.2684534911141025,0.10864627421504598,0.38313017970705876,0.6411985335798314,0.008376205161199328,0.5002520525555579,0.0034433135051726324
1000.0,2419.1776895825483,20.0,0.1,0.2813179126448294,0.3085827733784696,1.7959753937608234,0.10266279922618689,0.3921749949510659,0.6352196396708373,0.008045438305747147,0.5159358335331607,0.0029625806904935766
1000.0,2190.851447010611,20.0,0.1,0.4494765916017217,0.3246822923600304,3.9940082776498427,0.10652523620581734,0.3884947096279687,0.6006304445430345,0.008479711702790306,0.50515294123291,0.0035899128330628837
1000.0,4416.234795249058,20.0,0.1,0.20495152602528965,0.4189500043972054,1.3423486013293153,0.11288056630999177,0.3750946487457108,0.6486812239361104,0.008223098276753922,0.5004907934435261,0.003253175034537107
1000.0,4803.135879604357,20.0,0.1,0.2837150903058526,0.35885945112880024,2.09556296799715,0.10032689952417738,0.38531142757434816,0.6034456718310902,0.00811909715134366,0.5002170798368872,0.003340321945387002
1000.0,2306.4673843207634,20.0,0.1,0.2025907851429543,0.2891962391332349,3.3160546718508623,0.10912792631284855,0.3598251148383087,0.6052444556713332,0.008106474802822984,0.5705927283135536,0.0030821972121914598
1000.0,4686.7338495455415,20.0,0.1,0.2547940009556008,0.14972570707837402,3.225670309778671,0.1129085076932253,0.35226532399499033,0.5854368728197766,0.008142214238440268,0.5227142237407583,0.0033434074142815336
1000.0,4288.906402433606,20.0,0.1,0.2565298400453941,0.21018110144309174,2.955016427328263,0.10506227996534843,0.38503694605885985,0.607403152776568,0.00804996840265756,0.5379996238134737,0.002962576351750691
1000.0,4888.193618819383,20.0,0.1,0.16326488256339117,0.19299540258437461,3.2368540143275215,0.11186263378197935,0.3563201945177918,0.5852244361049452,0.008154504466172755,0.5556251039661393,0.0031037160368654567
1000.0,2594.458701881027,20.0,0.1,0.3043270061416443,0.418583607904791,3.364613948069715,0.1191136726999644,0.37290673584552075,0.631450309598577,0.00814355005277449,0.5343002001493254,0.0033418372635961994
1000.0,4302.478103660436,20.0,0.1,0.4165903209747629,0.25224993724242495,3.7815772021391285,0.10138032935251738,0.37237969135713056,0.5741291421580225,0.008221844329813476,0.4833577785782246,0.0028546724957523094
1000.0,2427.3771266593494,20.0,0.1,0.12774625543428036,0.3007869359449835,3.4500256455384513,0.1154232897722812,0.39401033721836093,0.6593559384260818,0.008267462712318258,0.7313295301639076,0.003292712025843181
1000.0,1808.574042656451,20.0,0.1,0.39111308446774884,0.3569370386612194,3.6863524993087884,0.09338859932951357,0.37100329669962695,0.566903218819145,0.00825142908009166,0.4781849717644156,0.0030980946416109384
1000.0,2363.7444089381383,20.0,0.1,0.13740551225500072,0.3254707917300326,2.9627192399546787,0.11506204464439787,0.3989563809162149,0.6682478607716196,0.008185551425388665,0.7056427244480329,0.0030746464968643083
1000.0,2564.9721552127808,20.0,0.1,0.13967379864927493,0.27721442805637264,3.920434079006096,0.11870756031816129,0.3643321344643139,0.6263355050511278,0.00832281204595784,0.6824004309032616,0.0033008975691087685
1000.0,2436.0850337545867,20.0,0.1,0.27661702416097056,0.39734030829537503,3.3910762954012563,0.09864736368740816,0.3706043216017844,0.5878576977344505,0.008115566102694921,0.5143931880723576,0.003033236344737963
1000.0,2497.256580181873,20.0,0.1,0.44615100914846184,0.102439236989277,2.0795162609965656,0.11853870616829625,0.382547534592182,0.6381356982192357,0.008372454014600548,0.5139162933358178,0.003966447962607281
1000.0,1996.1432497043013,20.0,0.1,0.11136687636710511,0.4217653973903037,2.9686749970754738,0.11864207307531345,0.3930440352265534,0.6832327169155701,0.00844740601324571,0.7700139637183451,0.0034151135575868205
1000.0,2052.1334542022096,20.0,0.1,0.22573508692331565,0.3136769198652345,1.9056875833590756,0.1013712985782119,0.39780112570727044,0.6428123838808969,0.008090465953718866,0.5354017146658233,0.0029295482995266133
1000.0,3921.3352763093635,20.0,0.1,0.4193656275976414,0.20938937900083712,3.6790427787774433,0.09939656846011971,0.38238867141734667,0.5819901503375013,0.008159381441513423,0.49077597847216786,0.003016488617956943
1000.0,3953.1003713129367,20.0,0.1,0.176536671110206,0.29179654009154543,3.846043867641333,0.11288563533766956,0.3622767623126268,0.5938427778971005,0.008097538195091255,0.6160462788980502,0.002859198452350098
1000.0,2112.8638046539895,20.0,0.1,0.10507275098746327,0.4034207878930558,1.3593594378779172,0.09196132520041814,0.36258659364583834,0.6127404214642709,0.008462938434994063,0.4765992250356316,0.0034286839182631748
1000.0,1534.4151662603174,20.0,0.1,0.19708648651622956,0.11226190784361766,2.139583395152099,0.11338267577260222,0.38951065497113213,0.6650299941207753,0.008199297335899726,0.5849120093924121,0.003297258345144663
1000.0,3681.9125885561098,20.0,0.1,0.16520267730192817,0.43540427755660716,2.6909463585736395,0.09215580759306713,0.383405227828435,0.5830865131311173,0.008159355913834213,0.534697923131708,0.0030285572941713863
1000.0,4940.021918320741,20.0,0.1,0.423134557086175,0.21520023448080805,1.4082924400485795,0.11783069391183595,0.3753276143381557,0.6474065496016851,0.008503658625938021,0.5012542218465263,0.0038256355685665714
1000.0,4604.149482033992,20.0,0.1,0.36498140888966524,0.34810296631684257,3.7493108350351165,0.11729878972346085,0.3997283694954348,0.6343022079316417,0.008334333478833413,0.5400309914122519,0.0033981650921303605
1000.0,2402.6707274879627,20.0,0.1,0.3872058052194549,0.11264796969214833,3.711336507831632,0.10972826167790031,0.38139798915484485,0.6073230943564031,0.008173825031550305,0.5071864325588104,0.003078032740807239
1000.0,1865.5694930353309,20.0,0.1,0.2268213095820942,0.15815258578590732,3.7888121948594953,0.10918899994440574,0.35352283997694633,0.5931285711436385,0.008287984472604735,0.5364175139518669,0.0034449995386058667
1000.0,2869.276824998623,20.0,0.1,0.12445340146058266,0.349476182031032,3.1038857621561613,0.0907287467596453,0.36958765548553785,0.5719037614879015,0.008287035636995278,0.6172857173658239,0.00348459072069722
1000.0,1742.085757971503,20.0,0.1,0.3335934387914941,0.23542275041554908,1.7215368347819426,0.0942618756957761,0.38968079566092384,0.6117938345511617,0.008164113734650051,0.5033037195733457,0.0031231486383949307
1000.0,4993.365117544736,20.0,0.1,0.1798848234267385,0.4063689354699579,2.552248493891926,0.10982579891872164,0.3906846339408886,0.6216621769749884,0.008246346364055884,0.5391522922230503,0.0037717405506388414
1000.0,1988.0386544111543,20.0,0.1,0.13393665781456188,0.19430692111704462,3.4179192019502875,0.0957198251226867,0.3896950364248934,0.6091407118392275,0.008316234347867593,0.6573504092372261,0.0033780335990251814
1000.0,3700.3540923804944,20.0,0.1,0.3116003578057799,0.12989121130609288,3.1205870875429484,0.10758861966535654,0.3870557464124477,0.6145480941182828,0.008059693165466647,0.5320478373320343,0.002969955328485935
1000.0,2694.3333158906244,20.0,0.1,0.3257040553740783,0.1052365780225987,2.4353592518155054,0.09952209959789475,0.39722233365635146,0.6166071066945559,0.008073795809993506,0.5206066091091315,0.003110278991507943
1000.0,4268.909797335979,20.0,0.1,0.44635774878136947,0.2473227407481307,1.855570515672222,0.10843632380620011,0.3818273305286304,0.620865746548621,0.00824275697046643,0.4974898434343922,0.0032045960632811022
1000.0,2481.0198880396347,20.0,0.1,0.29526910763481495,0.13305012384900716,3.8079770593017326,0.0923719388252309,0.39710476050750365,0.5927470537152718,0.008307041233466652,0.524825911245765,0.003523916628375387
1000.0,3381.025054475328,20.0,0.1,0.34443258757212697,0.3093535462147411,1.4178195493579517,0.11069370536159773,0.3809935844514779,0.6440678436902427,0.00804574473385262,0.5041826198032738,0.0029891070244212566
1000.0,2332.292444936728,20.0,0.1,0.36877938292267665,0.43995429671959463,2.3130561336117497,0.11416911483065359,0.35937167882028614,0.6146341321894733,0.008134958540790393,0.4925962448425741,0.0032442784032667205
1000.0,2731.1631456918094,20.0,0.1,0.41950840546757306,0.2170962128661181,2.7944199388704845,0.09303485485204381,0.39506778008523485,0.5920194368709965,0.008137293243222895,0.4975401212334324,0.003073403750149801
1000.0,3546.40871949882,20.0,0.1,0.1606681813143988,0.3201948363744531,3.8961301395947165,0.09707597586323782,0.3622812079895428,0.5623494314176977,0.008124229720344647,0.6022436756333693,0.0030707717035678714
1000.0,1829.5175513095032,20.0,0.1,0.20193184847742146,0.35683800348858163,3.322330872245411,0.09602564101740246,0.39700481929885134,0.6177115676374401,0.008230984497644448,0.5772274404599952,0.003127399419575031
1000.0,3157.759135404578,20.0,0.1,0.43214542419645385,0.43407890487270806,2.099869543013273,0.10784759293016304,0.3563305820840284,0.591586345490046,0.008188753906015981,0.4747363631636729,0.003251773263552575
1000.0,4810.567678569241,20.0,0.1,0.4081554253232992,0.1827895020557044,3.613768021341164,0.09943529132951744,0.38626774440415557,0.5847777201870862,0.008246813787736644,0.49697113022196276,0.0033397560395792003
1000.0,3799.6823915973687,20.0,0.1,0.18426689941801508,0.30942211740757236,3.437723017466366,0.11849122199125744,0.3905950174477089,0.6426283367433362,0.008104793835835233,0.6318060468607484,0.0032409923084574218
1000.0,4789.017596458527,20.0,0.1,0.17656368679557477,0.2373926314107406,3.322049353645596,0.1149451234328486,0.3707718230874715,0.6070508559003376,0.008124320273237675,0.5802203623940801,0.0030235356525979765
1000.0,3003.59633516494,20.0,0.1,0.1469726246637731,0.3462858485006489,1.4813491179172125,0.10807630105476004,0.3856046559155883,0.6608388763015953,0.008074983427866887,0.5125490185913852,0.0030428673795977537
1000.0,3348.922293914932,20.0,0.1,0.2454360187794394,0.18161177223674946,3.473006851817292,0.11201895668658024,0.37194804956191735,0.6096625045741,0.008057339821960227,0.558199741936016,0.003028653628241826
1000.0,3177.972984430172,20.0,0.1,0.33424071069495637,0.1825465606516113,1.3060317713193719,0.0940242838298229,0.3915959892503549,0.6162024111728549,0.00809708987754068,0.49693769492317375,0.003013914651849022
1000.0,4424.130995891112,20.0,0.1,0.2576249813260686,0.13152681524667761,3.4494311113479648,0.11061336522652834,0.38351263674455854,0.6104437349781188,0.008103672084028042,0.5573854454939071,0.003078159604270333
1000.0,4028.29895160716,20.0,0.1,0.33932454913829124,0.13756221835783367,2.0200335459527343,0.10184956545452874,0.3953175428013954,0.6180304356243249,0.008039810946493324,0.5096403638630252,0.0030689649294560854
1000.0,2338.9387791831414,20.0,0.1,0.3207091307508475,0.1024302909416244,1.9834865078769135,0.10221693615483589,0.3762529295114264,0.6076611777512076,0.008067353369252414,0.4989067981989633,0.003159505406932377
1000.0,4942.87866106416,20.0,0.1,0.10532008887000019,0.32078483195665974,3.785234611651725,0.11211536137811685,0.3686101067596285,0.5992441372239191,0.008515032827228469,0.6732783393219148,0.003478709267706184
1000.0,4075.40393220771,20.0,0.1,0.3494055273536302,0.2194685939568788,1.8131166515559034,0.10892791510974131,0.3862028377870526,0.6297041440688669,0.008026289446837717,0.5059003953676933,0.003025177103660848
1000.0,2749.144627391369,20.0,0.1,0.4096430797735032,0.3017810097578366,2.2666725379782813,0.10924604151510436,0.37408269577931114,0.6117691193849456,0.008090569448146252,0.49597193039324244,0.003074494810097638
1000.0,2408.389012424024,20.0,0.1,0.41063993834996926,0.16783805635784332,2.935214348693891,0.11850191432260583,0.3522751732681172,0.6016420031397778,0.008188488574989142,0.485359767263477,0.003160992390899595
1000.0,2421.5763308913324,20.0,0.1,0.4309295408426961,0.14703413456656544,2.510787980132635,0.11897071864627319,0.35763317021385765,0.60961383093784,0.008277478471026825,0.49033259270373497,0.0034972629071476197
1000.0,1743.614771123292,20.0,0.1,0.19785120326054698,0.1512857537674248,1.0088234151964195,0.10464192465651143,0.3738983135200375,0.6557431456073436,0.008319062866508081,0.5120398871282975,0.003507328582263041
1000.0,4939.488163446895,20.0,0.1,0.4216931243384947,0.10084821787363797,2.333577111550938,0.09585556876969278,0.368722583156209,0.5709019787311383,0.00822326633469823,0.47146133133368306,0.003162016331357566
1000.0,2724.8024637463595,20.0,0.1,0.28552178921044125,0.13886206647890922,3.831815781875121,0.10625292454779699,0.3593021537977074,0.5821681287352478,0.008214851531861233,0.5109420985683034,0.003306414399767352
1000.0,2981.7071357343566,20.0,0.1,0.3936106455797209,0.24719787080246103,2.582935139539475,0.11555974004643366,0.35787704353864397,0.6057612584130693,0.008087125939136443,0.4890777687526297,0.0030118835232007713
1000.0,4837.554740672401,20.0,0.1,0.4360719823081539,0.19002739038488264,1.920167452432947,0.1087203573674374,0.395166825323759,0.6334669574890205,0.008278208850540132,0.5105269550804574,0.002958478838921732
1000.0,2295.3157623352936,20.0,0.1,0.24646042162040063,0.4425259530496879,3.9070049321588303,0.1112025357677177,0.3723438846809343,0.6121185115606795,0.008280441465688562,0.547221144747083,0.0037269507676867407
1000.0,2561.483432014824,20.0,0.1,0.43356399866032713,0.27706818627336144,3.648816467106062,0.11445640492600294,0.37235243847462074,0.6039137520740623,0.008219098691222655,0.4972853473130553,0.003136604189724894
1000.0,1921.913630310152,20.0,0.1,0.24926494641160263,0.37405608051347117,3.945308306689579,0.10357912695459445,0.3931448298277327,0.6188724454881039,0.008354574936990995,0.5528441895024944,0.003977856999068652
1000.0,2415.9971777233027,20.0,0.1,0.4172836148660619,0.2019716788826359,2.183634809782883,0.11193638549674804,0.3928969916778324,0.6370929435622018,0.008173053546520929,0.518124119541501,0.003251181480094496
1000.0,2213.1359526763117,20.0,0.1,0.28708084234366904,0.2865839960844133,3.638250117575125,0.10717531638532848,0.36497488881857887,0.5969626410608846,0.008153884937695116,0.5157399214397652,0.0031641438468894482
1000.0,1933.6741049403238,20.0,0.1,0.2660124237900946,0.12050884320358925,3.605617702835133,0.10448680127991047,0.3768328812016331,0.6057596145165202,0.008212169825992752,0.5315152885612335,0.003237827419184965
1000.0,2403.6034122469155,20.0,0.1,0.39067790519421985,0.36974712007913535,1.4857858655537006,0.11804076018808057,0.3691611629161137,0.6484901305564152,0.008256020797091075,0.5044513889668897,0.003191586397937787
1000.0,2035.9899546345778,20.0,0.1,0.13509346924411494,0.3480096535312836,1.7427430949968439,0.11108184608825303,0.3872908914633655,0.6761798273304627,0.00815223751230121,0.537574674110219,0.0029442611657013755
1000.0,1531.6592347520475,20.0,0.1,0.39708694005359435,0.3806183690308188,2.2393518288347782,0.11206119926353264,0.37516056911546153,0.6254724389434464,0.008251663140461364,0.5069491520628002,0.0034422851902232254
1000.0,3445.518183292185,20.0,0.1,0.1589492362074462,0.27500511019397583,1.5352144637541825,0.11456203233901752,0.3572004910799849,0.6371843086673011,0.008136213481003247,0.4894384920104965,0.0032683098627886023
1000.0,3355.4356501472794,20.0,0.1,0.38287530250302393,0.4226229632639523,2.87780324357058,0.10280057706829804,0.3741609728321897,0.5939192354161723,0.008045324995233048,0.49175167544686277,0.0030235834877383565
1000.0,4696.694578029988,20.0,0.1,0.392641119424631,0.278544682950864,3.7673321498241377,0.09853521122514428,0.3540819760698111,0.550017211246436,0.008291502147794446,0.4664314313797504,0.003324990618801508
1000.0,4929.783654880384,20.0,0.1,0.3999747396140946,0.30002238248967067,1.116020344106461,0.11025015294948642,0.38276159192970327,0.6455856505266642,0.008535512102457758,0.50177636001079,0.0036700205702852556
1000.0,2020.6151559627147,20.0,0.1,0.17792097433721388,0.1981625163562834,3.764603354757753,0.09217943619041044,0.35402962060261983,0.5568503491127882,0.008311430590909002,0.5459619533201852,0.0034415109482865127
1000.0,2443.2613255821507,20.0,0.1,0.2606200408994923,0.2359483837341937,2.099946598977044,0.10890297026506647,0.36728408948424035,0.6184877570537893,0.008042361219979643,0.5092390610577298,0.003200158117174417
1000.0,3481.657904426451,20.0,0.1,0.2795576936883799,0.23619520220330528,1.550401911137592,0.09406751878318712,0.3646062340577901,0.5835505290179114,0.008068736090213859,0.4702648419641204,0.0031438841901212876
1000.0,4616.479111709847,20.0,0.1,0.44391952278368074,0.13694912715026705,3.7607477055158185,0.09904420538330394,0.3613305461330035,0.5569106572079355,0.008403693861088517,0.46746619358751035,0.003602586389456485
1000.0,1828.5278919703035,20.0,0.1,0.16791254264286243,0.13980308395094942,1.8945680693277187,0.11926276161932631,0.39542528849997083,0.6949783502453308,0.008244655670465055,0.5769245253352048,0.003207931936181884
1000.0,4298.3195536990315,20.0,0.1,0.36501340828898043,0.2655195030973432,1.8595739869952972,0.10262844770688548,0.3806603101770569,0.6082539188599219,0.008031031715552875,0.4924202187717224,0.0029989350685226007
1000.0,3319.8365830590105,20.0,0.1,0.28907059659753837,0.2126482300842987,1.4635033331489442,0.10854678548417912,0.38548754779851135,0.644152893226613,0.008031209744080916,0.5076795666049531,0.0029858284426608405
1000.0,4971.997380714338,20.0,0.1,0.3984649641202711,0.3214836593283036,2.6432680867741225,0.09500097795695749,0.380368592003548,0.5805365534047036,0.008188949217180443,0.4860506028698832,0.0034800166599010278
1000.0,1609.7160029821055,20.0,0.1,0.21964018009776262,0.13451242278286166,3.96483080913477,0.11292131817676952,0.36265088300407167,0.6106824153799084,0.008479688741179148,0.5539538561871803,0.0038529959017100275
1000.0,4390.802749792132,20.0,0.1,0.238835453684697,0.2188177319504763,2.931275504791275,0.09726864756222872,0.3530036121312041,0.5576263152186056,0.008099285803479229,0.49798256338788904,0.003010030860266008
1000.0,3303.768686181898,20.0,0.1,0.4050967287996803,0.18643961139319354,2.3855108503173605,0.09195672262740204,0.3991386024956482,0.5962699796147822,0.008127747922169222,0.5009267143009001,0.003310451933965775
1000.0,1936.2775398846934,20.0,0.1,0.36190123798889584,0.22627142536467076,1.2505390719232308,0.1171072532257089,0.3553226249657024,0.6414720488570886,0.008387173711099101,0.49412163744977067,0.0034904443005906722
1000.0,1731.1449762691886,20.0,0.1,0.2320379741002576,0.15516425537508632,3.109771941412367,0.11741816024622365,0.35879096801909477,0.6283953403203841,0.008214922053696035,0.5527042731164653,0.003099512700349256
1000.0,4207.05625362815,20.0,0.1,0.2766182454947761,0.13831216470109853,2.309050674059395,0.10698872708399873,0.3640192429906025,0.5940523775538128,0.008053597382270484,0.4957708032357155,0.0029098841758811033
1000.0,1919.4324388758637,20.0,0.1,0.3005120126568088,0.39559279470420405,2.075689950310963,0.09189860510787479,0.380681309518627,0.5954081408952455,0.008179461332000431,0.49715346752776707,0.0033615780378542927
1000.0,4791.25776992145,20.0,0.1,0.44165692953126834,0.39539008227004624,1.3044229757607666,0.10495408891836734,0.37555352080604926,0.6227146408986425,0.008633708253831585,0.4881824574859995,0.004261832439154819
1000.0,2011.7048570711222,20.0,0.1,0.12668474586918427,0.32080988329923754,1.198335534269597,0.11669400437798172,0.37361155580007493,0.696851037758068,0.00842991958816455,0.5256120753046334,0.0032058451151555007
1000.0,1892.4198000548759,20.0,0.1,0.22888965591539268,0.3323122688180523,1.6935183911157505,0.09668888700145654,0.3676682645205795,0.6070399965451411,0.008109593485823748,0.4943098520319879,0.002924191981286674
1000.0,2135.1967688458894,20.0,0.1,0.10864540435623166,0.44410944176961686,3.008238193857732,0.115377109567187,0.38273380241039157,0.6623326489689275,0.008412110503921436,0.7526156462454334,0.0034144335219582597
1000.0,2322.0027347857776,20.0,0.1,0.32725726441090996,0.2737671781842807,1.7129352945402525,0.10251421505866425,0.3691969127481508,0.6090501673251109,0.008038852981062132,0.48867014299423395,0.002838693279990168
1000.0,4947.782356076143,20.0,0.1,0.40095468917026944,0.1821111058811672,1.099756753519249,0.10815556079582382,0.3509263496874749,0.6047804326107116,0.008592573628404704,0.467519695330523,0.0038189458114323022
1000.0,4752.150971646079,20.0,0.1,0.4472612146485364,0.26214213575578454,1.3908277669576388,0.10965218317220118,0.393803697351623,0.6487274292351747,0.0086092715094657,0.5109415231073791,0.004225496723145653
1000.0,3594.606334644623,20.0,0.1,0.38200253603077283,0.36559850881536016,1.3587055376270483,0.10795251131544692,0.3669502018267186,0.622063977555481,0.008096551209862532,0.4853003479973812,0.0029819231362608416
1000.0,4825.336233184838,20.0,0.1,0.36570994065745144,0.13511061824031814,1.9762666234260013,0.1030459741893295,0.39852256977788336,0.622332534856073,0.00811771730025081,0.5101202420430715,0.003135114417092346
1000.0,4104.718408500985,20.0,0.1,0.39120964798530533,0.1635834616298213,2.712245661593216,0.11183625071686755,0.3648665205309265,0.5997801695410585,0.008075595755463344,0.4915296229028779,0.0030446067083680127
1000.0,4811.510523359097,20.0,0.1,0.18237930431428329,0.3991542869991086,3.363554031542786,0.11825476024698967,0.39072414772846153,0.6354862445612579,0.008201701663148639,0.6051674440919408,0.0032614061548220576
1000.0,3823.0665642307144,20.0,0.1,0.31922618736116115,0.16540693583218552,1.2723857175430608,0.10249221495383935,0.3704006249638661,0.613199980737563,0.008054372650309893,0.48321231566314865,0.0028782940755454956
1000.0,2621.028208599798,20.0,0.1,0.24610184934035842,0.22518551784931995,1.5327688655564988,0.11072575571567969,0.3630633818397434,0.6329846162714217,0.008040188341847622,0.492041340067093,0.003028975567114432
1000.0,3078.4775886327716,20.0,0.1,0.38502850969145863,0.13807994875682675,3.6079721770377366,0.11878752485076152,0.3790625471865644,0.6219745996036191,0.008153919322302536,0.5149685981164268,0.0032282293716858557
1000.0,3413.5693512707167,20.0,0.1,0.20872659070561445,0.10589273742874639,2.901691507132875,0.09022732670203264,0.3988679717144857,0.5918355176852116,0.00815991683593405,0.5528091426589623,0.003369519939406969
1000.0,1891.4495285274122,20.0,0.1,0.3721046566028593,0.10519764576628975,3.7853087003409605,0.09041419454748559,0.3708761512697113,0.5597853724025388,0.00835663193849703,0.4777580773489202,0.003346257181240938
1000.0,1847.2336152494802,20.0,0.1,0.26549942902151125,0.3793478324244237,1.891618603825376,0.09800631411775422,0.3750329290803851,0.6106988047321803,0.008125416132593521,0.5033177001898969,0.0032201632542144904
1000.0,4249.876458889338,20.0,0.1,0.33653752175756413,0.3643961770389468,3.3147924847528425,0.11495763444210437,0.37675067665281836,0.6149807487515666,0.008124118599313866,0.5227509356640613,0.003212559389376278
1000.0,3458.399929051338,20.0,0.1,0.3409787654721414,0.3052550976352972,2.0195670912491837,0.09999791319075882,0.3501683153972071,0.5719480397389323,0.008042373153353948,0.4648851219711272,0.002845964602272952
1000.0,4770.436056032962,20.0,0.1,0.27838535756787863,0.12724906334524527,3.7000336625443637,0.11000117152249803,0.3985580767293658,0.6186330408150021,0.008238447096817121,0.5635220942334139,0.0033783261386590028
1000.0,2039.4653023688352,20.0,0.1,0.23780845071303452,0.1831644583036347,2.081654162467979,0.09638999890143318,0.3580901789833367,0.5820286648850308,0.008137153529975875,0.493455720738222,0.00323269668526104
1000.0,3684.6082373815534,20.0,0.1,0.13204957970776768,0.21934452201345633,2.3252099323861186,0.11926063879602004,0.3789661201719428,0.6464779113769179,0.00824844002926822,0.546586194584619,0.0031634178902359565
1000.0,2509.557327041395,20.0,0.1,0.20087041003008255,0.38849763665337855,3.331363190047716,0.10670430406896514,0.38277677209472427,0.6218869130234899,0.008091489010334723,0.5912104991275478,0.0030573342774770098
1000.0,3327.6146894872873,20.0,0.1,0.44792174149791564,0.44582928901553254,3.6497126271653597,0.10870802775967164,0.35528486111122914,0.5732418467044961,0.008300592229112181,0.47186512952382453,0.0033478800015290817
1000.0,3644.0799011740883,20.0,0.1,0.34532834211977437,0.2399624710560857,3.0444181779576396,0.09138160988627139,0.3689646457252789,0.5623813036735452,0.008092509887912117,0.4813774981586893,0.0031896444001950656
1000.0,1618.1640228784809,20.0,0.1,0.2878513371558815,0.1692886403886699,1.3734310013184303,0.11403269575918866,0.39074796971048475,0.6801620470266025,0.008227178302098452,0.5351595421480644,0.003427902330511568
1000.0,4343.617072797904,20.0,0.1,0.3131599184908418,0.20942436461756497,1.0819732644046725,0.09705843438661581,0.39746852854732106,0.6315154623305206,0.008222255933823983,0.5032438601655523,0.0030750399198606507
1000.0,3053.5258784017615,20.0,0.1,0.3387943685169117,0.31103781703658706,3.4864428189353442,0.10872753977158954,0.38470420512262704,0.6134761514180526,0.00806854282548191,0.5203651318465301,0.003068989974392526
1000.0,3219.1752658832743,20.0,0.1,0.11022570681519231,0.3115757729427532,2.8628204530215653,0.11640138657307314,0.38379741986097443,0.6491315854075597,0.008244278080810399,0.6534737504488339,0.003411861184539167
1000.0,3389.3905557143235,20.0,0.1,0.30155037613789093,0.28025360307261904,3.310861908182605,0.11106758665804951,0.3795633527221328,0.6157340406315965,0.00804826826826019,0.534354136151226,0.00300222513788471
1000.0,2895.7613651275437,20.0,0.1,0.36675037883844674,0.286180692123478,1.749701861913421,0.10011955138790574,0.35389605597603935,0.581203283737334,0.008053190174518846,0.4668791063900945,0.0030443072304775724
1000.0,1927.6611403847503,20.0,0.1,0.4116267056421492,0.3723391847547992,1.6837708224863932,0.09078783618028868,0.35287664340806313,0.5588528546895384,0.00834821074737478,0.4584159656201118,0.003336909508429329
1000.0,2179.8931786403377,20.0,0.1,0.3891906215066966,0.14293284534891756,1.5075837714570963,0.11178211866073019,0.3919616982069248,0.6534137095984209,0.008238797569853839,0.521051001278026,0.0031032773819154704
1000.0,4490.305219057984,20.0,0.1,0.4381843741291518,0.3213285720179717,3.1523216269522085,0.11770431727276383,0.39698133798531293,0.6377826703753199,0.008347904290031308,0.5238584951143063,0.0035429936692990575
1000.0,1519.8789495808994,20.0,0.1,0.358419228123634,0.33224719863376306,3.556840001517388,0.0965600963252275,0.3871981402321861,0.5958854600852197,0.008240966586006383,0.5041645430422845,0.003384037969711072
1000.0,4631.830063665466,20.0,0.1,0.12141560242826327,0.18709705003655755,2.421375060714146,0.11626154355418647,0.39506004070215556,0.6433707202855514,0.008436470975168132,0.5538407571756107,0.0035916614936291192
1000.0,2727.893345096234,20.0,0.1,0.4343469415284339,0.40587381885454643,1.9231673267991982,0.1179187514937313,0.35669922339549853,0.6178540576117163,0.008314554969720663,0.48808418283687005,0.003553036515664622
1000.0,2490.527060944562,20.0,0.1,0.3116969689491025,0.14322329004915352,2.366522363463614,0.11346097761133273,0.3557477009280588,0.6094681259957759,0.008081439914196142,0.500514353130933,0.003170281211435878
1000.0,4011.9844604233726,20.0,0.1,0.4090795953532642,0.4156001029830513,3.3446537051820013,0.11039268221569162,0.38930370072451725,0.615840334973329,0.00813451365132491,0.5109843098559305,0.003053976262826181
1000.0,1927.1912242119658,20.0,0.1,0.29653878481376716,0.4355531934307666,3.870211129077204,0.10790210489489555,0.38069724342377587,0.6137710112195778,0.0083228722680023,0.5282033246836866,0.003570385479623917
1000.0,3584.037603115655,20.0,0.1,0.2545304952532844,0.20148090656554013,1.7317375693781907,0.10403616819058698,0.36074835151409224,0.598089386518656,0.008034495423088152,0.4795206554224771,0.003113184999880018
1000.0,2319.823781505118,20.0,0.1,0.13065241543961095,0.2566026559387729,2.7843015214088593,0.10558084009996306,0.35726173900874314,0.6024952153331731,0.008143155804264954,0.6339727303935235,0.0029444186656516574
1000.0,4420.701249316805,20.0,0.1,0.3368517790248123,0.317971098363452,1.5971700041825136,0.11208044442967939,0.3852693329625896,0.6423977782734496,0.008089226079681577,0.5069264255652726,0.0030195319972342698
1000.0,3018.690540012898,20.0,0.1,0.34093910491630597,0.18733661330759632,2.7066187729709044,0.10235715719122562,0.37422746631471376,0.5963130022628155,0.008020064675383257,0.5003250718859725,0.003132476537156121
1000.0,3206.809044970578,20.0,0.1,0.2408988697720989,0.18347293909255785,2.326700472360123,0.11215668289986512,0.3806569893803351,0.6309549795550962,0.008031078999841986,0.5333876872179307,0.003110580497292137
1000.0,3559.166414839548,20.0,0.1,0.25530518788989914,0.4134140895312005,1.6596678938175429,0.11200114056284516,0.37126710712559147,0.6354362651262274,0.008054973409309756,0.49818515597847796,0.0031632735436732747
1000.0,1523.5781165895933,20.0,0.1,0.238342966722659,0.3193440331032336,3.9308655939589765,0.11585818519106758,0.39030364521413524,0.6468267232503595,0.008474381726891094,0.5728116531891734,0.004104144185132376
1000.0,4883.6801737767455,20.0,0.1,0.3065239002569182,0.10544375187904127,1.7124866658015225,0.11459570989569526,0.36817704358852826,0.6217559992346404,0.008197194529012032,0.49269048915549185,0.0034612484001468034
1000.0,4327.667924657772,20.0,0.1,0.2244531019241361,0.17845212560783075,2.07596044974674,0.09561608422209754,0.35736091078833077,0.5620451516268666,0.008123872373697187,0.4728130013003676,0.0030010292078201223
1000.0,3077.0941302429915,20.0,0.1,0.44192161585680134,0.4269722859997861,3.2851131604159125,0.1125284873023862,0.3822619695649721,0.6136499774098212,0.008206400726435283,0.5039242465893814,0.003073003727028782
1000.0,4040.7129737962737,20.0,0.1,0.22158376480723516,0.4061715635703248,3.350170260183412,0.11354968721182473,0.3718524554593672,0.6121354775757799,0.008070201695801488,0.5698608089269837,0.003332623590362313
1000.0,2929.200916381671,20.0,0.1,0.4045426480717681,0.4266846808794249,3.6476884700239856,0.10633670087720415,0.3577116804573799,0.5752689759503815,0.008144035320061952,0.4758117328886815,0.0031016574075981842
1000.0,3538.940700384619,20.0,0.1,0.18052754595494264,0.4060511216270509,3.8260731166356505,0.10749803692184472,0.38277011926506777,0.6072342753565138,0.008075633299059599,0.6177050261640274,0.0028834859703444123
1000.0,2021.7742488472625,20.0,0.1,0.18381792286782933,0.41256282286903845,3.418115935837924,0.11349957183000584,0.35336912245180097,0.613257973755377,0.008212303122979672,0.5907487507706299,0.003197973176149865
1000.0,2093.0837670657793,20.0,0.1,0.3376325802861274,0.34525031518075755,2.1453870910371537,0.09960775840333282,0.37944276710804664,0.6066537518136486,0.008087524947421782,0.4993258022760296,0.003182376708424696
1000.0,1837.3606616347997,20.0,0.1,0.22392369751008478,0.2796183081418985,1.7082663627467367,0.09148154243162766,0.3769254891170458,0.6027480828272731,0.00815591565744505,0.5001174475340846,0.0030758173638557856
1000.0,2273.4097283099945,20.0,0.1,0.24762918782907836,0.1534989853308057,2.8279663828630537,0.0980798479063807,0.36045542947065423,0.5812945391420279,0.008115180548808951,0.5156482417661654,0.0031773779408468266
1000.0,4937.958922355649,20.0,0.1,0.1463873039890845,0.42570793218016545,2.381020237031619,0.10876363681568958,0.39340847911700905,0.6237143657848642,0.008364889393472295,0.5358821460481559,0.003596206594789457
1000.0,3020.336700983612,20.0,0.1,0.3053236475543245,0.11968333906461726,3.9527066796291974,0.090013654945179,0.3967201153089236,0.5825882255248291,0.008353661585911434,0.5186421499609445,0.0037411391885831032
1000.0,3170.8012334062178,20.0,0.1,0.3758663617592035,0.33459638940602576,3.104199087327902,0.11205689896173539,0.3612294553532102,0.5979113252300196,0.008045146735765238,0.4906860899296759,0.003064985594948746
1000.0,3599.7008011690186,20.0,0.1,0.1798161552137193,0.11600461789420152,1.9168657352047416,0.09975924136238773,0.39884264188302027,0.622372097340958,0.00810384218785639,0.5197640037830622,0.0031120612728579517
1000.0,2254.296237412449,20.0,0.1,0.11098548101551092,0.4099860487972935,2.4839388532972317,0.09272535569934534,0.3610138738472484,0.5812701458461462,0.008406211159378967,0.5797805331619824,0.003390664621020496
1000.0,4910.366240358844,20.0,0.1,0.16455955816227769,0.23446392790347464,3.6969534159758335,0.11910818008541824,0.39897056861512104,0.6390353060028013,0.00828643291858469,0.6511135613473238,0.0033468355924900447
1000.0,1763.5951733189797,20.0,0.1,0.11180396343902195,0.40341185299236304,3.4405302537707856,0.09804861057927657,0.3610832545712397,0.5952735368462572,0.008527596433630703,0.6773026205532904,0.003793506108516636
1000.0,1601.4039125471197,20.0,0.1,0.31974830187074943,0.2622430177870216,3.6884152278788895,0.10216746739991422,0.37719305585270096,0.5992082410663953,0.008264992377517846,0.5111367214244438,0.0034698293007079627
1000.0,3248.0716521376453,20.0,0.1,0.23509282308984944,0.2402348515397769,2.5215639423464786,0.11867612217201053,0.3992378060299464,0.6647389400693045,0.008095242859181692,0.5723595634862777,0.0031898779697062023
1000.0,2861.620205522622,20.0,0.1,0.3306654935898605,0.38946099300778614,1.2095781070705116,0.1070054626197605,0.3947337219366893,0.6610373429346521,0.008137232703961063,0.5165493768280426,0.003116224057093762
1000.0,3629.310160722702,20.0,0.1,0.3165626714098811,0.2986262916036644,2.101709665720363,0.0973400007436916,0.38243298604746767,0.5979561741741974,0.008030911296830002,0.4964202720252365,0.0030768040182516626
1000.0,3400.4446865112086,20.0,0.1,0.3679475366507905,0.15352806097459976,3.49079282088822,0.09551252876594249,0.35445706888505124,0.5511461614024894,0.00813712209455513,0.4671658070273788,0.0032289389826128593
1000.0,3555.179649773416,20.0,0.1,0.32104118583242525,0.2666069806679687,1.3994704419111166,0.10312589891938916,0.3925273000352775,0.6378824490318659,0.008041389564651242,0.5071852778867162,0.002913610330693926
1000.0,1641.1915472695205,20.0,0.1,0.18297760385459644,0.20560953533429271,1.2161443105346923,0.11066698419548196,0.37528543622597554,0.6762139935355354,0.008194761599813557,0.5265796908153175,0.0032466448590281684
1000.0,3411.789922137982,20.0,0.1,0.2694238230720841,0.2946796498138614,2.8558624422477727,0.09154769848907335,0.38307016700410373,0.582690089726255,0.008086626620167294,0.5164648318120215,0.003219527694396424
1000.0,4537.090304916168,20.0,0.1,0.16685467505974605,0.17437957072757498,1.2305645854078313,0.09383455304798202,0.3611134052968225,0.5809461317715648,0.008358532519092224,0.46508721871225855,0.0035490700165924675
1000.0,2726.446330173981,20.0,0.1,0.22572129037415076,0.1310680657151273,3.3743084053894328,0.10256884379979483,0.38017022820218915,0.6034390976562373,0.008090239127340783,0.5615248605298429,0.0030405786467701218
1000.0,2922.868218229063,20.0,0.1,0.2456030432920979,0.14849695833633986,2.345661660374832,0.10368484241902406,0.3653488189600037,0.5964223152514909,0.008046546023472559,0.5092617427230265,0.003246492584398578
1000.0,3471.2823619816018,20.0,0.1,0.1228704589167731,0.3515214057769417,1.3744623086520913,0.10437933747797698,0.3645586503503895,0.62711443553624,0.008186362668169859,0.4854422669195428,0.0030495085773731365
1000.0,3139.957202094612,20.0,0.1,0.14048253120560225,0.35314996737677995,1.3520155678274768,0.11110329417293191,0.36908197647812474,0.6546492811194453,0.00813170846425118,0.4987406961028709,0.002991329928593011
1000.0,2062.5112418183976,20.0,0.1,0.10363128786890001,0.23159638549176026,3.1557246781861275,0.1039467236390811,0.3661759899230159,0.6128388361206542,0.00842414508232085,0.7183013706659707,0.0034774192965675546
1000.0,4174.158822387093,20.0,0.1,0.1600974740088643,0.41615868956436397,1.2657199104546306,0.11129603686742967,0.3808047213643388,0.6573494151635713,0.008275274730443512,0.5061321315092145,0.0031560691416872948
1000.0,2552.730393115843,20.0,0.1,0.3524239083560827,0.2916616099552159,3.4366605510361063,0.1036976422064588,0.37707887386980443,0.5971538803374344,0.008069414603573853,0.501868227141888,0.002981783630188262
1000.0,3699.520685477285,20.0,0.1,0.12377046719898176,0.1423217879530352,1.4042949882798212,0.11004415813166935,0.3920480540280069,0.663614139694731,0.00829576212949266,0.5197142376706895,0.0032021623978663945
1000.0,2515.0202731831782,20.0,0.1,0.3515582831734456,0.18677170804870818,2.6768525333744306,0.11343792008627639,0.38200664547240476,0.6305853900068755,0.008049394523252703,0.5183677911349814,0.002986409726409868
1000.0,4377.6191887251325,20.0,0.1,0.12086983387733402,0.25029628278624566,3.6312897200278784,0.09921493089430229,0.39280973188526835,0.5958038234890541,0.008185443012152032,0.6582448765708201,0.0029529455016018462
1000.0,2371.471228738994,20.0,0.1,0.286324634589216,0.3003625953569865,2.2899356209409123,0.10910055382952429,0.3515964444382718,0.6006629326490064,0.008083585728562494,0.4953919928260868,0.003215335078108754
1000.0,2181.7478140171684,20.0,0.1,0.3527164743675536,0.16378415610013344,2.4020969091176503,0.10836823557894576,0.3947903198157525,0.6359057703153664,0.008084305522143837,0.523934457264524,0.0032458231750010906
1000.0,3750.595091153522,20.0,0.1,0.2521939381448306,0.4250852784380621,1.987151298689085,0.11782854759929337,0.36301061314684485,0.6308801817516289,0.008111474033696182,0.5025871209418565,0.0032173799926991167
1000.0,3098.70090480033,20.0,0.1,0.29764797818491107,0.3718179067720616,3.1012236317339408,0.09379725254112277,0.3549340684485557,0.5592375484449171,0.008093760519664026,0.4862364178756188,0.0031337758023406337
1000.0,3812.2607642010703,20.0,0.1,0.1050099497951906,0.14346040177006286,2.0074835840001324,0.11436374744496836,0.3638825145669487,0.6253664732044557,0.008411325552181832,0.509668840538518,0.0035334678603111953
1000.0,2870.4388402936383,20.0,0.1,0.319211004407275,0.4063827768012034,3.5142562785916462,0.10909849794287693,0.39145180244833744,0.6239321435329281,0.008105959809997449,0.5337302048507871,0.0031485993483329894
1000.0,2121.8652944340056,20.0,0.1,0.20003477060842992,0.2921214163416449,1.445580331786878,0.10494975703008351,0.39815040343963254,0.6707497723270488,0.008085092934516605,0.5304645834684572,0.0029743546331061237
1000.0,3172.7438107664602,20.0,0.1,0.12501811888760664,0.35462033933949366,2.451238078690187,0.10633395184028481,0.3861439896513501,0.6278367987184368,0.008150405823354486,0.5607755614185338,0.0029476990984092038
1000.0,2106.436776045324,20.0,0.1,0.15781563462598325,0.33823565063301186,2.0520657655097096,0.10758413127674209,0.39573419053170744,0.6593748190934181,0.008122505338325443,0.5629162769198065,0.0030328897721477004
1000.0,1937.8224282313238,20.0,0.1,0.3728269055531478,0.3439227581722274,3.3619859354075055,0.09575095953678364,0.3608323396331112,0.5658707566738244,0.008158763090254272,0.47272259777011577,0.003094922148130598
1000.0,2872.7436698427546,20.0,0.1,0.4322514185880073,0.12318511628415559,1.5232033654580013,0.09000553249240219,0.36593069994232086,0.5674162800719861,0.008358857606582107,0.4647281295617728,0.0032565471930994243
1000.0,2271.2727560714575,20.0,0.1,0.326860753447805,0.27304307323537136,2.192217513195312,0.09615476427686921,0.36060664398627906,0.5774844443546815,0.008104623871444411,0.4780229379168874,0.0032164938472600104
1000.0,3124.693908961007,20.0,0.1,0.17225328155168826,0.19033984260641323,2.667778998407547,0.10782688304565521,0.38707649534701827,0.626015008890658,0.008033796591273207,0.5765539067032213,0.0028857690460135856
1000.0,3503.542541375954,20.0,0.1,0.3313821972606347,0.3595650550883305,1.303492780556413,0.09224756521464454,0.37959702404727375,0.6017117048170985,0.00809937825286826,0.48214568317383305,0.0029846710086218644
1000.0,1662.9046376946133,20.0,0.1,0.11778169059786026,0.1586530903703392,3.1683106180400338,0.09948708180213531,0.35003799233581334,0.5865786657246859,0.008497270132723106,0.6663045652550452,0.0038979029042164846
1000.0,3439.7549708663937,20.0,0.1,0.188353599791869,0.1957414696358418,3.0021594803562195,0.10411081887076842,0.3520300001132797,0.5771835621354282,0.008054516007148743,0.54731846199908,0.003087615138479194
1000.0,2859.3640037886103,20.0,0.1,0.23067564479878258,0.37811626856439196,1.3357812031490655,0.10709914486212582,0.35124915641765286,0.6205096755003902,0.008057795744040117,0.4744932373742341,0.0029225567947388817
1000.0,4646.166062296116,20.0,0.1,0.17328613041280821,0.3734220277448155,3.1444928244272994,0.11637132507030976,0.36879895967668275,0.6129372027553336,0.008146331369846327,0.5710453660333913,0.0030420944660306958
1000.0,3006.6225894952463,20.0,0.1,0.39225597544919577,0.216371297345669,1.4425298635690398,0.10852881218639643,0.3642050560896139,0.6164443585999771,0.008107106390862505,0.48484834955380574,0.00282789048223678
1000.0,2682.6539280614907,20.0,0.1,0.2811518164268477,0.2592734157569174,3.197533268126669,0.11813702029149978,0.391798599599589,0.6511473193241449,0.008108455839358876,0.5631735086331096,0.0031863162722046558
1000.0,2776.1220704883076,20.0,0.1,0.34732426461924776,0.18848694117531997,2.5254805920373085,0.09530803518826975,0.39503446151578114,0.6036712689911392,0.008072110369166174,0.5096842202568057,0.003145541076822885
1000.0,2519.7830538792186,20.0,0.1,0.21860939933979506,0.41474033219800455,2.6988649537232097,0.11270269119904971,0.3931519421551832,0.6527669434723659,0.008096794658538587,0.5844574671266675,0.003244076971759634
1000.0,1720.9122430177758,20.0,0.1,0.3014836968308319,0.42596699234234003,1.020574725393923,0.10517493537889212,0.3601576128513287,0.6351115755467462,0.008420173127360845,0.4902414406790816,0.003989964209502999
1000.0,3155.947572234528,20.0,0.1,0.21982738968880844,0.17766335531677196,1.9588879519189881,0.10541528897224046,0.36495394372731826,0.6043172184359326,0.008025059483575828,0.4938211956593324,0.0028812022966176057
1000.0,2318.7534618470113,20.0,0.1,0.14394598122536087,0.16006953492365472,3.0984893228834713,0.11755932763174289,0.38434248959014483,0.6558810113425833,0.008204311761370063,0.6953086242054355,0.0032416810669637693
1000.0,4404.143865246899,20.0,0.1,0.1578467538160478,0.34016455454808864,3.9211552371766416,0.11855285524569525,0.35056009398946353,0.5915537877237761,0.008308616811972511,0.6398175484310923,0.0030786059768782965
1000.0,2040.2961270914257,20.0,0.1,0.2250333662883156,0.12539971555841384,3.9276871883528086,0.09185744607084265,0.37385239415868754,0.5716771719854082,0.008397025989076372,0.5289753103252044,0.004223390819009412
1000.0,4896.5751554902745,20.0,0.1,0.43385309384735027,0.2896918280833498,1.9620037618670472,0.10676758138241438,0.36129525076124597,0.5944098478377411,0.008229885563000371,0.47478121361989956,0.00295645668292783
1000.0,1801.914363615696,20.0,0.1,0.3421224352648289,0.14927714029401193,1.6385244338550633,0.11825445239674556,0.3515082648592268,0.6310378888525323,0.008246835271630929,0.4928797136090648,0.0032762270072172386
1000.0,4130.8120543131545,20.0,0.1,0.18132879421352852,0.3074562627973898,1.7282600378294042,0.10469308493613329,0.3770049733738404,0.6169311962609854,0.008079217980878203,0.49631205582960364,0.0028986323596475712
1000.0,4510.946663105218,20.0,0.1,0.13771696562682634,0.3502915373519244,2.880206994345444,0.11046514042317607,0.39694481482454375,0.6306757205193199,0.008185029374821766,0.5781633751568557,0.003110683928908857
1000.0,4087.422180837451,20.0,0.1,0.2840249398020681,0.11837312417425999,2.4342168006347795,0.1185704916430718,0.3902905046656544,0.6469025490582114,0.008095311726195811,0.540400397970015,0.002886552031049167
1000.0,2998.005177204873,20.0,0.1,0.3151031577665757,0.383395609196839,3.4394731069668163,0.09588813825784147,0.358106041311246,0.5628548254133644,0.00811931277126666,0.4854064621430045,0.003126008683642681
1000.0,3702.99412052744,20.0,0.1,0.42870423558437765,0.12334271635248556,2.624882423484623,0.11841681437979479,0.374293406285568,0.6224534972698798,0.008202358116196379,0.5039156025328642,0.0032841598015505595
1000.0,2061.0664476162046,20.0,0.1,0.24769671952528766,0.12848770645597926,3.506124346747775,0.10375442793545074,0.38361057128759557,0.6125054391600793,0.008171850913362358,0.5463295885022719,0.003158912169151312
1000.0,2338.0769425965013,20.0,0.1,0.35973207178970756,0.22363988217155906,3.0833797038809028,0.10194693266749816,0.39381313312301397,0.6140994631097706,0.008066897683914985,0.5141560065424768,0.0029231425840551186
1000.0,3978.2096748191207,20.0,0.1,0.13145661715279758,0.36632164821076285,1.8785135314442178,0.09600444381469067,0.3786634690411169,0.5966951586272781,0.008198026458641565,0.494706795412468,0.003030667709632674
1000.0,3037.5113829560437,20.0,0.1,0.2347597274084338,0.1038870204801253,3.4474598699487924,0.09439054259473735,0.35317563898362103,0.5543989461379942,0.008154112617367865,0.5165510225951448,0.003169451692568445
1000.0,3157.0586267149206,20.0,0.1,0.128998921134302,0.33843369579339666,2.2024109849006748,0.09851917010252478,0.3572533413889968,0.5811291616069264,0.008166512145065101,0.4961752362051112,0.0030208093008711103
1000.0,4605.633724449035,20.0,0.1,0.38653721976406186,0.14522709357939984,3.7560768481495805,0.11543761696059243,0.3578044737098756,0.5864723812803732,0.008313233132552673,0.49077694689546025,0.0032717058039725177
1000.0,4434.28794560797,20.0,0.1,0.332544326662083,0.20868205265346051,2.333434410410037,0.11141432973554641,0.35225080972829653,0.591177338591069,0.008071303414670628,0.4823768538992087,0.002907438025337282
1000.0,2409.160626235196,20.0,0.1,0.2785745580660831,0.14966037187313222,3.449691782815983,0.09509979629715613,0.35422207699636477,0.5604347993910219,0.008176963326179348,0.49317873381272614,0.0031401250096480776
1000.0,4531.279686770429,20.0,0.1,0.1523041699874483,0.37749628376005706,2.705648777131107,0.10457516628603103,0.37450313191545875,0.594660055466362,0.008137190816921892,0.5320132366389912,0.003071562284778655
1000.0,4399.612482863434,20.0,0.1,0.4134263303417558,0.3044978038760815,3.495933142847909,0.11805740497913265,0.3916222098869457,0.6296015681120406,0.00824811846346635,0.5211297122677873,0.00315248045039288
1000.0,3522.3483177029125,20.0,0.1,0.13101000506027546,0.18698455552242763,2.0892135318676943,0.09153212783036178,0.3755362817295367,0.5771346901423858,0.008206132824460331,0.4948026627664387,0.0030437600148269434
1000.0,2351.890852597031,20.0,0.1,0.2461996418236487,0.16706331635984906,2.3960693893501794,0.0991137856576717,0.37666283923635285,0.6016577987669826,0.008086854721489572,0.5216434644084884,0.0033245201721696185
1000.0,2112.7985449627654,20.0,0.1,0.4329849003601496,0.2536231653884816,1.2551972626965753,0.10252460099097939,0.35681408773576545,0.5954674038877352,0.008557913848724697,0.4735539152645105,0.0035891168550304373
1000.0,3585.81264295896,20.0,0.1,0.16623203680823329,0.41201766501483317,1.0925088499301308,0.10640046037708903,0.36694562086984467,0.6384614087163569,0.008240156963269832,0.4884276314380357,0.0030676143576378917
1000.0,2468.3846696332566,20.0,0.1,0.419635441796955,0.15362449935200873,3.66815839899584,0.10403208408451929,0.38597842433857577,0.5981323948070226,0.008176340203791337,0.5009149525488444,0.0030163427483689362
1000.0,2217.259607137364,20.0,0.1,0.3498075215440237,0.3136451695282769,1.7849409377187084,0.11873266346778724,0.3870393689730617,0.6651538036342581,0.008146219032016054,0.52557365306856,0.0030918348871284075
1000.0,4398.0655232117515,20.0,0.1,0.11709410410459996,0.3291395081295788,2.7321933540978476,0.10102498698282328,0.3571475152343492,0.5696251782471884,0.008265538213191936,0.5192650225108546,0.0030301238556107676
1000.0,2349.143358132908,20.0,0.1,0.4209617675314291,0.16811093553239256,1.177352977014523,0.09320219043222155,0.36938000827362655,0.5867180089651146,0.00853444905951194,0.4746095171955631,0.0035152683641421698
1000.0,1747.4064238644255,20.0,0.1,0.1124389905447253,0.13148635700385758,2.64426459274281,0.11641921328684106,0.3975248777466246,0.683403446960827,0.008383777058740122,0.7412800666347019,0.0030934393794000963
1000.0,1874.6762128007933,20.0,0.1,0.2882741352393733,0.3576103104064412,1.1207885827231738,0.1162228916283271,0.39697101640675847,0.7026814630026749,0.00838029031277937,0.540240030287711,0.0036459961654438777
1000.0,2524.094533779652,20.0,0.1,0.4356519704759546,0.28851238665811885,1.974076582066849,0.09454608524110998,0.3868433698232001,0.5935697109765588,0.008244869009867985,0.4918384666654638,0.003617653429699333
1000.0,3041.003743879619,20.0,0.1,0.19350561564065555,0.3554366438755655,2.8663586486137222,0.11435680705698781,0.36801389817643865,0.6243564794029783,0.008057231565619254,0.5790113550319959,0.0032047392928358093
1000.0,2561.015228069613,20.0,0.1,0.14540100378389353,0.3939715044133394,3.1906528932726372,0.09290151522851893,0.3524930554894138,0.5622278182485461,0.008260615316985919,0.5959715582980357,0.0033713494742993928
1000.0,2709.420906083855,20.0,0.1,0.17088846207917824,0.22874615553848052,2.6770990802427983,0.10158998034598743,0.36593259889145185,0.5941798865161797,0.008051379485891068,0.5623276626293776,0.002891048928181227
1000.0,3351.984209975569,20.0,0.1,0.3679321864976991,0.33015680051190777,3.2367981306797677,0.11908294215360594,0.38764427989442807,0.6376535561511739,0.008105519165009074,0.5270649041732478,0.00323815080330914
1000.0,2391.1673672925035,20.0,0.1,0.4346066159976264,0.33111336014343173,3.172398031035576,0.1166169197359505,0.3960201073023027,0.6389438008564202,0.008232338270795449,0.5239060332020172,0.003210603089195599
1000.0,2947.6072163464046,20.0,0.1,0.14918361587478324,0.3280127472385055,3.392763693318971,0.0966904172862719,0.36490425290327494,0.5767552288489087,0.008136094857999557,0.6117010558925002,0.0031199822421698383
1000.0,1759.5062427643645,20.0,0.1,0.2647708968564988,0.44873141513695225,1.4115112004129657,0.11544104764781296,0.3804455015661543,0.6798592410084082,0.0081912677068753,0.5253609799386799,0.0034440832988488065
1000.0,2912.48388369278,20.0,0.1,0.3829073395932815,0.44644569904792875,3.8393769644845968,0.11043131300160708,0.36512984672972276,0.5906422439883825,0.008215062789045378,0.4917275023058428,0.0032941080774142595
1000.0,4980.991421463294,20.0,0.1,0.3476801057120873,0.43271737779052966,1.4672430519092974,0.11107180665573353,0.39860367410031866,0.6578518225047432,0.00827622201194834,0.518379257316024,0.003535814183610239
1000.0,1668.2199365850356,20.0,0.1,0.2717091959810921,0.10705276711538525,1.72364054809159,0.098370049291571,0.3813631565137702,0.6177601006078238,0.008156824300217823,0.5099254517130923,0.003356755390017018
1000.0,3366.3699957595627,20.0,0.1,0.3170004176807194,0.2430784463427055,2.7285966131558492,0.09807823207701137,0.37280539996415957,0.5857192131721408,0.0080348407632515,0.49976583714810824,0.003180061437628426
1000.0,4662.984613069048,20.0,0.1,0.24974938615276965,0.4490087573912859,3.3084947919759395,0.1172628082823936,0.38217145399416036,0.6266048629256515,0.008181354449345193,0.5627316734241111,0.003435576770596337
1000.0,4513.030515494882,20.0,0.1,0.2771053139804984,0.25713171690818565,1.942384782103669,0.11570425483371971,0.362763767980861,0.6178122995392201,0.00811301960295359,0.49374335260216984,0.003188638104001979
1000.0,4622.24656422693,20.0,0.1,0.39256035484713336,0.37304167711634495,1.668429609709773,0.11794672658692508,0.379357221151642,0.6473472893297846,0.00822177789421302,0.5059605545440723,0.003223281857287718
1000.0,3383.4296408046566,20.0,0.1,0.3773272185427514,0.11287741053294148,2.463639733992781,0.10480631603923299,0.3572363045169279,0.5813742479814856,0.008049281266851921,0.47704635789267197,0.003075715326600222
1000.0,4384.897514127945,20.0,0.1,0.24412292251640086,0.11175556546786178,1.8218164517642226,0.1186391673927498,0.3618823888041107,0.6254555933609656,0.00819597959678781,0.49612805423095924,0.003402296634199202
1000.0,3276.795206157025,20.0,0.1,0.1415552370694775,0.13219328061965613,3.452894316688244,0.11046747486099334,0.3821450299608547,0.6209409253426893,0.008118094108968164,0.6693607900096787,0.003171614320690252
1000.0,4953.625528180379,20.0,0.1,0.3524683733591658,0.16498938134394098,2.7019405859412355,0.11102264758791061,0.3718254249137199,0.6040204585580438,0.008148376947795901,0.5030555525182736,0.0035257627594216198
1000.0,4923.632043450638,20.0,0.1,0.43153923993870547,0.29794456675118497,1.9857047215668802,0.11000356879692727,0.37387736690653783,0.6140999084696339,0.008233361826201548,0.4908314579164354,0.0029863154695139436
1000.0,2353.6181424392503,20.0,0.1,0.2713671101523505,0.3812469757330782,2.9819472693730305,0.1081925713003554,0.36068147725751987,0.6046607896436645,0.008073670479338603,0.520255719495136,0.0029934299444734605
1000.0,4496.365175318025,20.0,0.1,0.1903944851235275,0.17767713847044508,3.2156724410565527,0.11235821858805009,0.3587280873898186,0.5919878636697687,0.008091648693803905,0.5571799213990681,0.0030704369838362618
1000.0,4364.76546509891,20.0,0.1,0.35156328350633015,0.22342723104633688,1.48320181938041,0.09577409229947839,0.372514502460692,0.5919750914099997,0.008095264177068722,0.4759051306503293,0.003084585017949393
1000.0,2786.271519897314,20.0,0.1,0.15521071346362147,0.2797271151988332,1.9236255156436115,0.113775666077723,0.39174642063801796,0.6659165293347574,0.008109717961421127,0.5398964186503753,0.0031358666258908324
1000.0,4256.885068268239,20.0,0.1,0.11093696376120489,0.13574662450177796,2.4573358639235714,0.10074967796541316,0.3805755743005755,0.5924053305443757,0.008316380452368653,0.5257153851366586,0.003305405370377687
1000.0,3493.7159944881464,20.0,0.1,0.2988042124575584,0.1997092455573581,1.5619715392883435,0.1025015432959035,0.3558987699291026,0.5929082313511947,0.008039525718689728,0.47059047977776647,0.002976177163528633
1000.0,4197.513422915486,20.0,0.1,0.14006613714047686,0.24626943407358176,2.0900235950298587,0.09625336360800016,0.3663725280453085,0.5735062626496272,0.008183527824308532,0.48749448762947867,0.0030285937847526296
1000.0,3979.4426752838217,20.0,0.1,0.2604813038908753,0.2223516771942476,3.4632509320143634,0.10362067215424853,0.3507032152806868,0.56623673750151,0.008073880341094826,0.514859542064826,0.0031562857575176684
1000.0,3265.4503490326224,20.0,0.1,0.4258696779587382,0.27615069736057507,1.1478762313371336,0.11239152043448053,0.3796000883534919,0.6471783255985853,0.008560422541704388,0.502849433960232,0.00376962901883897
1000.0,1971.6437636069218,20.0,0.1,0.31812469624280104,0.33748930119548726,3.483888399525038,0.10272045555176873,0.3950655791830825,0.6195685940029615,0.00816196706121326,0.5278713744994246,0.003130379436634359
1000.0,3212.1057337899765,20.0,0.1,0.3533256459032754,0.397788455134896,3.861467744226935,0.113093790612744,0.3958549157124101,0.6277676392731757,0.008232123831725925,0.5327176772312285,0.0035177750416047317
1000.0,2139.067281321244,20.0,0.1,0.20268284287669827,0.27921738120095224,3.220291361686105,0.10115228591277627,0.38876375035637534,0.6185419174940165,0.008129470372461253,0.582015002286498,0.003132341869156915
1000.0,1888.3606867680398,20.0,0.1,0.3241192987304753,0.16530664305662135,2.4608148506527487,0.11931049315112141,0.36280703975317175,0.6326805143638878,0.008174700580238852,0.5150281254732147,0.003412009069725756
1000.0,3504.310061071901,20.0,0.1,0.4473479360699343,0.34957426060544083,1.0030508582015665,0.10063195110099328,0.3948719186534542,0.6356341152635454,0.009115479259264722,0.5041735380461877,0.004821896062946411
1000.0,1632.3652126771672,20.0,0.1,0.15778075537345176,0.40090311028701653,3.79211564017108,0.09844769727146252,0.3504671987376878,0.5755019039754498,0.008383647054884867,0.5740548402025631,0.003338998318868235
1000.0,1569.6193975900671,20.0,0.1,0.35604203163901593,0.23675336553309267,1.3013096058232527,0.09747079853870745,0.36471483175210456,0.6020410700205208,0.008276310117326125,0.48355142664807094,0.0034758652307459023
1000.0,4826.029230431588,20.0,0.1,0.389800907249932,0.29338648255485883,3.1171014641789063,0.11785492271297617,0.37718130229964536,0.6189893395579374,0.00823739869529009,0.5115929367771167,0.0034354227426007817
1000.0,3087.3883995838023,20.0,0.1,0.17982239310777273,0.1383870137883409,1.183953637205096,0.10649536207809918,0.3875085975175132,0.6586829068063144,0.008132233514216707,0.5111189949562819,0.0028452168920388423
1000.0,3301.272638695842,20.0,0.1,0.3246942431889699,0.38852967066180777,3.0513107676041034,0.11795044764689717,0.37779436915251735,0.6320509292695715,0.008080249314374932,0.5306278392989603,0.0031016432470862064
1000.0,3327.404289813417,20.0,0.1,0.13827985034457552,0.3506703622627694,3.976960699140225,0.09577925419876353,0.36006737420381574,0.5600654318921328,0.008219183584890816,0.6334757546271534,0.0032028714676953516
1000.0,3164.8911613997066,20.0,0.1,0.40613811099696084,0.4219382550855826,3.5261125040479895,0.09153600354096417,0.3733675096096949,0.5623060974874071,0.00815681161473457,0.4748561911097592,0.0031693409660165576
1000.0,2262.758488683318,20.0,0.1,0.42318828095719285,0.28253466121303644,1.4783646124568195,0.11498963962607316,0.37705547363617903,0.6441913781599576,0.008367578374820526,0.5082655145448061,0.003317658408020297
1000.0,4358.776431581664,20.0,0.1,0.3649138475944199,0.10278329278535253,2.6755564427556395,0.09958850947578046,0.35896476295218127,0.5679602919615403,0.008100210172268934,0.47514285595356154,0.0030185290638649227
1000.0,2326.4956630978522,20.0,0.1,0.36878285853108017,0.4249618298440354,3.7997671674786213,0.11315275102927541,0.3824023237078176,0.6179268605385956,0.008222058865424061,0.5152139257974878,0.0031951161402549388
1000.0,1618.5792345104685,20.0,0.1,0.2800707471016708,0.249489115872174,3.1461636715748957,0.10452099789023603,0.357225543098476,0.5942946005231775,0.008164162417377569,0.504589168379433,0.003200257666524373
1000.0,3568.6464761740704,20.0,0.1,0.1256655917222214,0.1635985677677794,1.8404166486304319,0.11808182293945782,0.35206242119068226,0.6293241826433981,0.008329460207908488,0.49516541729801755,0.003362070605577134
1000.0,4944.6143878272915,20.0,0.1,0.39549002514077014,0.42644935994217625,3.201040853675671,0.10444339357988262,0.38982946097272614,0.6042716314793646,0.008235821044521077,0.5078600010884298,0.003118431487090657
1000.0,4994.01844624791,20.0,0.1,0.3690458969041016,0.1110150033124843,2.3152089806164673,0.11760485275441757,0.366767172329886,0.6160713189782109,0.008199295792092682,0.4980377865309971,0.003462775747992513
1000.0,1686.0832279948258,20.0,0.1,0.30094384439196814,0.10047386320445316,2.3843559586734524,0.09748211837517205,0.37925485671662557,0.6012030283253751,0.008178317585372482,0.5091526176917405,0.003308012842347189
1000.0,2572.4485189172974,20.0,0.1,0.29198944667461124,0.3585925884772875,1.2433008557036662,0.09753186149999087,0.35444146657081854,0.597828904737795,0.008084018903041034,0.466951483010782,0.002897619877229126
1000.0,4901.124535441093,20.0,0.1,0.14490580753206403,0.42926839793362725,1.044228320049168,0.10466417568636951,0.38483615631780954,0.6368748312717432,0.00891716088707853,0.4976409759756663,0.004967070514195875
1000.0,1803.0377271629545,20.0,0.1,0.1601253033981534,0.3514765714060054,1.698988058995623,0.09362365225016847,0.384526026518795,0.62593814516899,0.008164718929291938,0.5151828584591871,0.0032270126672192512
1000.0,1578.3261143442855,20.0,0.1,0.24006777709492877,0.15832546433971922,2.3861094871632895,0.11652822303821209,0.36485415636254076,0.6402257933357587,0.00820523835366313,0.5517190031034419,0.0032860845382294336
1000.0,2897.716317138129,20.0,0.1,0.21611667008621793,0.24565145581513315,2.2924581365709837,0.1187289433963663,0.38856931798306177,0.6603886201824132,0.008093981077760659,0.5582859883118725,0.0033118459874128987
1000.0,4574.531045546873,20.0,0.1,0.34401132699483344,0.18200263784626491,3.5972984156511703,0.1001022122366431,0.3960296073114068,0.5979684568360004,0.008187887239489683,0.5223217915294461,0.003165301669629831
1000.0,2204.783196275269,20.0,0.1,0.42217219092207914,0.17092369803742874,3.4229531282535524,0.11747631441734585,0.37877776230155724,0.620787960270927,0.00821812907255019,0.5090417811682008,0.0032775905497601215
1000.0,3883.070046995651,20.0,0.1,0.11319346916737667,0.23914799705077802,2.303290149897103,0.11944938635498391,0.3821096755588161,0.6508853047945179,0.008402531675110028,0.5501812971212424,0.0035421534505375826
1000.0,1979.1560854190411,20.0,0.1,0.29363909000644095,0.12276745172181158,3.6920005818433648,0.10196749114131282,0.3901156652625275,0.6105670667549243,0.008254651254293517,0.5312500311135898,0.0033719823962401387
1000.0,3463.6795260531367,20.0,0.1,0.31881413883441156,0.42320484820322013,1.9096321574656634,0.09520460452428602,0.35959514247351293,0.5750735110701891,0.008080747731735973,0.46899833275117775,0.003100784036062877
1000.0,4416.545392828391,20.0,0.1,0.1688906863130471,0.11520450218192571,1.2680818490893557,0.11715859896803878,0.36843049461875627,0.6491387800989781,0.008445733099059195,0.4984107262161875,0.003512636562636131
1000.0,1940.8179221196847,20.0,0.1,0.14283127387932215,0.38134429129383896,2.9030604898153416,0.10326668721494353,0.3600500235927839,0.6046447411457947,0.008203962351293047,0.6425022615653411,0.0033338081877760093
1000.0,2156.732040281143,20.0,0.1,0.2216609605831597,0.43786395426350644,1.5501657019293638,0.09902918255209747,0.3769585780947639,0.6284719121942911,0.008089323195096372,0.4993862996537071,0.002894993050434117
1000.0,3450.901117448415,20.0,0.1,0.212319487516028,0.27926369296746856,3.371160848720951,0.11285883509941033,0.38431233573571283,0.6265364063893715,0.008045956639630042,0.5939130750113952,0.003152468143993699
1000.0,4734.423047539645,20.0,0.1,0.11144864199647814,0.15861462817700436,1.350258922893112,0.09644704803612297,0.38715880455751883,0.6098899291713796,0.008668701536500222,0.49268216404055326,0.003720197445458403
1000.0,4857.794070795466,20.0,0.1,0.23457397562622115,0.422426088589674,3.315467820533729,0.09079029477539048,0.3560402490468995,0.5431368948908033,0.0082141649810904,0.501434877523278,0.003161940375552485
1000.0,1984.8390697636194,20.0,0.1,0.40458542694990096,0.1944398528687366,2.262311002496127,0.09738965355097656,0.36992232450852636,0.581634824646651,0.00817874100054569,0.48144366860607185,0.0031277992957978538
1000.0,2520.338486156977,20.0,0.1,0.1524417036335986,0.2742991115529362,3.1820461449027406,0.11969868648870291,0.35735753142528914,0.6309823965727508,0.008205102587344004,0.6580659824678011,0.00336750622260588
1000.0,2620.8083363093483,20.0,0.1,0.19599610119880748,0.40561304346921845,1.6865598056630888,0.09953305952868301,0.3760143086218747,0.6205759572708758,0.008053634703972157,0.49753471551113077,0.0029527969129162866
1000.0,1857.6736674930717,20.0,0.1,0.44762360870529005,0.2351683086214351,2.7739943493141466,0.09907936752438924,0.3535254064815488,0.5602857279029081,0.008322306326847188,0.46452092191072236,0.0035184569541588033
1000.0,3724.3323628292783,20.0,0.1,0.32765926948638013,0.3872374069087037,2.0686952505233553,0.10847361305809056,0.3876397868725553,0.6299800347989186,0.008016795615269395,0.5126056179212076,0.002965003189221798
1000.0,4019.500586610285,20.0,0.1,0.4094488147612978,0.13935601941232073,2.992967660861748,0.09301049960606031,0.3768981200510575,0.5695584650440945,0.008140544778291679,0.4803022975480236,0.003116801801754049
1000.0,1826.4646986053883,20.0,0.1,0.2254738479947443,0.3095756074481649,2.318726682900567,0.09172033033412758,0.3721719218883967,0.5873811007017766,0.00819808747149181,0.5194002462561862,0.003375765251061633
1000.0,4229.635287848476,20.0,0.1,0.1273782083348312,0.3398034804703777,2.057518820682648,0.09215884533349929,0.3753358998821564,0.57559733904006,0.008296611058380287,0.4912812691297669,0.003159628045558903
1000.0,1787.0715822795833,20.0,0.1,0.3754809434162679,0.1783468610704221,2.5332786209762834,0.09794800861383374,0.38440270717720715,0.5997370084792925,0.00814086450061017,0.49971645006249077,0.003234917565914904
1000.0,1971.1426784256546,20.0,0.1,0.43134950224462365,0.1532414492693237,2.9043344269006113,0.10037098622590668,0.3783635447991457,0.5891245925828896,0.008195348355111917,0.4907382454733313,0.0031228976695937723
1000.0,4425.979310019597,20.0,0.1,0.15691529715715266,0.11022787488086645,3.876270357885497,0.0901393451218154,0.38557498354941827,0.5613458212357155,0.00826389087083131,0.6084658185095632,0.003186417306438916
1000.0,3505.3900496095966,20.0,0.1,0.3605347023236025,0.14761950335851878,3.4939900787552425,0.11406415961893607,0.3711597246691382,0.6057354495099088,0.008097006324808868,0.5080139152546821,0.003178671872384816
1000.0,2061.1661663497453,20.0,0.1,0.14391743524092435,0.11105346005029545,1.5721755276053415,0.11755626539357886,0.3842517047353861,0.6911075439589045,0.00823822263514797,0.5386090132294911,0.0031670935521222756
1000.0,3154.308091489611,20.0,0.1,0.22556502322384797,0.12388411654831302,3.1231983406304353,0.10305168450996667,0.3708952428955839,0.5943250543550656,0.00805273769210079,0.5514640778586521,0.003096088961260605
1000.0,2595.143655124478,20.0,0.1,0.36076118729106355,0.20236349970767425,1.9132330985257502,0.10086675361233202,0.35511439652008364,0.5811615036538892,0.00806518615249104,0.4706890965153767,0.003015810963226619
1000.0,4708.922458200521,20.0,0.1,0.35741222602539613,0.38912121817518774,1.3095519411367929,0.10757923542382541,0.3506871197647965,0.6033995477773497,0.008209958946360073,0.4667299918150037,0.0032035354895844272
1000.0,1740.0722881330205,20.0,0.1,0.13097871452646742,0.2637680153776916,3.491852028837642,0.11012371286215573,0.3682009844346154,0.6272379774530426,0.0083331999728543,0.6780950269276782,0.0033507529000775375
1000.0,3467.1366355253895,20.0,0.1,0.4180975668160516,0.16869355630432856,1.9815945742987187,0.11655360634030382,0.36661097636597645,0.6213204593533737,0.008156756742427338,0.49388211943937094,0.003144591684532821
1000.0,2584.9846864188276,20.0,0.1,0.18346685424659162,0.2844904676665361,3.157351450206663,0.09300147995347548,0.3521393389794222,0.5593778404112788,0.008171302663837737,0.5502870842925679,0.0033808844850565334
1000.0,4441.078169824362,20.0,0.1,0.36578186159484394,0.15260666912572923,3.80308568127883,0.09833919110146269,0.36487551417478215,0.5609358081871537,0.008245793065456423,0.48269608115938856,0.0034358096852899443
1000.0,3925.979908044017,20.0,0.1,0.41969710280365147,0.3059950863096117,3.159661754625799,0.105868774718475,0.3735205945118108,0.5918081422991792,0.008097144280257155,0.4896952991901708,0.002895925329407266
1000.0,4702.953865869565,20.0,0.1,0.18113270789410307,0.4337234699324001,2.1665895877788373,0.11518155164440372,0.39202795960920084,0.6437624716458791,0.008289617744865021,0.5332339969645203,0.0033621731930640886
1000.0,3638.929473846161,20.0,0.1,0.1212460437544335,0.4075738629731859,2.767381285231749,0.09050333392126118,0.3561188193779251,0.5517171314549916,0.008317253122622126,0.5257046499001836,0.003340698894219819
1000.0,4692.263966712212,20.0,0.1,0.4442025960460507,0.1494203787208077,3.511981018573337,0.09641638399355816,0.3960782508409008,0.5893738543352898,0.008344870379981538,0.499215240382198,0.0038217173121602166
1000.0,2594.9125749329614,20.0,0.1,0.3835224975333916,0.16479292831331313,3.7205433572494764,0.10844897155223526,0.364602572332478,0.5872662025655372,0.008149150266625856,0.4894524899504794,0.0030754862094392993
1000.0,3566.468325922303,20.0,0.1,0.44603914640315356,0.22990025958466645,3.5659022237549522,0.10833084741900827,0.35076720950313633,0.5677644636814887,0.008248448737976307,0.4672465505607138,0.003202987402713878
1000.0,3535.2222164179902,20.0,0.1,0.357909966147563,0.3027838003429393,3.6159648841929792,0.10103142105462098,0.38522209288621145,0.5933030718535579,0.008092996661050112,0.5063879156524188,0.0031451900712009366
1000.0,4771.409414784701,20.0,0.1,0.17749799984582898,0.14612566068980437,2.703618471784014,0.11547054058899944,0.3606460591746219,0.6012413157367318,0.008189531213016661,0.527727728838454,0.0035129526296984316
1000.0,4768.477332530125,20.0,0.1,0.3433526360085732,0.34502637064274866,3.6447294114667583,0.1188306677673609,0.3594398769056581,0.5977178380080279,0.00831091703955481,0.5091576447241515,0.003637148461993592
1000.0,4580.527483026855,20.0,0.1,0.3110730159095598,0.4344833543664539,1.2249666479409653,0.1152741154155615,0.36206512258446716,0.639058273763956,0.008284012269279484,0.4877495106006624,0.0033021828003608894
1000.0,2069.92752344967,20.0,0.1,0.43372367371012366,0.1003587592234101,2.6972740955406262,0.11373416151107099,0.36475980474744185,0.6038307880645549,0.00825246975924023,0.4923563271708528,0.003396957290521893
1000.0,2436.385770117075,20.0,0.1,0.22816279377325824,0.2946792032776035,3.0605732561970225,0.09456253032000786,0.36924041821086306,0.5817676975360392,0.008110797063816635,0.5319455976875083,0.0032394540061802444
1000.0,2945.1961839011096,20.0,0.1,0.3840293842786502,0.42233790514368263,3.4359755822579396,0.1038281620685416,0.39100461529863,0.6083722662409181,0.008080519847812434,0.5088628900732292,0.002919451969634655
1000.0,2609.668029922813,20.0,0.1,0.39552067691329906,0.2592118096010816,2.481846774019711,0.0946221654515519,0.3607479583894975,0.5649666384895657,0.008114827645046169,0.4681999719391679,0.0031649970942538284
1000.0,3663.220519181061,20.0,0.1,0.305304367158488,0.2570040499709031,3.305674765471565,0.11988282830124256,0.3822223720763015,0.6349898959603834,0.008121524905251308,0.5475254402022987,0.0031333942049129137
1000.0,2313.0246796914184,20.0,0.1,0.2982694319623802,0.19769619220911078,3.3712880742211984,0.09525836002091592,0.3747564814286389,0.5822730951471468,0.008134776290639828,0.5056470514575387,0.003167004940849799
1000.0,3284.128711291776,20.0,0.1,0.28525275583244636,0.3567391877235704,1.6437953407516226,0.10843418426366322,0.3674447637944121,0.6222409122018558,0.008016684711159213,0.49063193692294393,0.002949450148292063
1000.0,4323.723179453888,20.0,0.1,0.32511580869172635,0.44129242602089314,1.8197892739801527,0.09143382417614525,0.3822527800303385,0.5884894096389203,0.008152986390707957,0.483047079972352,0.0033000947764892526
1000.0,2348.6203996099966,20.0,0.1,0.1906002802637515,0.4254554676632408,1.4502893406193476,0.10705177218026543,0.3586696014003271,0.6353496149464737,0.008079027359844544,0.4887125733033165,0.0030112132517087476
1000.0,3470.7216689227344,20.0,0.1,0.12437476349218067,0.39385690399011997,3.204063645678268,0.10628894275836132,0.3825587981696029,0.6165722122243701,0.008151244576246297,0.650983031848503,0.0033259246174693028
1000.0,4829.868157110186,20.0,0.1,0.10634123004800974,0.29167218616600243,1.5427720673439047,0.0940159690431766,0.38357576409397437,0.5978129866360273,0.008605730770373887,0.4886926398357857,0.00359385877195161
1000.0,2190.8056310151487,20.0,0.1,0.12033635374897364,0.3994190482370671,1.9571400713196447,0.10167888959885697,0.39736131917756135,0.6538039653913692,0.008245067353590225,0.5492073521894714,0.0031669050083527137
1000.0,4376.4996961934885,20.0,0.1,0.1834316300223593,0.3113472214842651,2.7857720984974788,0.11745806930785892,0.38970314378436277,0.6408648611791113,0.008137366132349293,0.5696969112083748,0.0030643131866607736
1000.0,3148.764038596983,20.0,0.1,0.4229077969859316,0.2532715275286408,1.994447848291985,0.10307036252706359,0.3608424935649471,0.5857841929514798,0.008112660846023785,0.4740379270175035,0.0031715703757294045
1000.0,3223.631494164423,20.0,0.1,0.3319093218022272,0.13887623252761253,3.9855996894044448,0.09052804398756434,0.3610221440644188,0.5457065249460996,0.008368649436817022,0.4760697796349427,0.0037081576189967476
1000.0,1638.5362551495107,20.0,0.1,0.44895572530725836,0.3640014438123603,1.5435466424381055,0.10473799541205592,0.3791973829199165,0.6174987471393498,0.008543730752739792,0.5001648318033053,0.0038213537447945546
1000.0,4697.440459052253,20.0,0.1,0.16437304978012746,0.2939603891841196,2.572178120084235,0.10121715778200065,0.3773759621199869,0.5877819538866025,0.008150909799986021,0.5197613949049067,0.003326922837017146
1000.0,4726.920586822047,20.0,0.1,0.34476888449558635,0.2848007517386686,1.5968692947775076,0.09658973969354714,0.37898895834742696,0.5979754926462065,0.00812684885102846,0.48294053369675327,0.003220114285990691
1000.0,3259.126218710344,20.0,0.1,0.4071719489758524,0.3286450643262607,1.9104150602455903,0.11436720336661343,0.36740861513298956,0.6219346344595104,0.008106635375219684,0.49359444404226704,0.0030888799448356265
1000.0,3129.9919410554453,20.0,0.1,0.16719417528656422,0.23334294466840227,1.2234421540649307,0.11892230630670057,0.3659851087909212,0.6714229184277714,0.008243502926824386,0.5046417182557384,0.003093945239562475
1000.0,2838.625569382573,20.0,0.1,0.28453687563854485,0.17722361335090125,2.443063148662943,0.11990633485211445,0.3781996084592853,0.6471358502184044,0.008075555225361141,0.5397278055376324,0.0031250415192900912
1000.0,3111.297946317961,20.0,0.1,0.13094581631713012,0.16425176430204647,1.2225829437707794,0.09866013126149008,0.37010110215947334,0.6197605612563503,0.00820748428480784,0.4841460475061769,0.003079513049242487
1000.0,3974.2523309054804,20.0,0.1,0.40840847613689435,0.2637390933498127,2.4245308432993293,0.09508708872623789,0.397106824643498,0.6004256776077782,0.008106142659654262,0.5011154913578582,0.003176958435662839
1000.0,2757.768216768029,20.0,0.1,0.18137541183431033,0.1513152376707167,3.101170859698894,0.10582611543701248,0.36258330482705947,0.597079847686187,0.008080070029189207,0.5867634500132407,0.0031725450174494127
1000.0,3520.656257743291,20.0,0.1,0.18192596378511428,0.40757743223464193,1.390251468304014,0.10363402425142708,0.39097181307401185,0.650209264809593,0.008089198075168178,0.5093365404941491,0.0029641060978826753
1000.0,2199.0831696347936,20.0,0.1,0.3968596806116145,0.39697006681115465,2.0301198022556526,0.1024127939607842,0.3617304756386387,0.5906411162410692,0.008140753591628245,0.47892697101198256,0.003107983118808078
1000.0,2467.7775852208383,20.0,0.1,0.26254210595190414,0.25427284622618873,1.4612339367853235,0.11493534796636937,0.3850993494108418,0.6706471869712772,0.008078472356722407,0.5199821919154612,0.0031697847510728256
1000.0,2321.423941836051,20.0,0.1,0.3561092830305269,0.13095735451269033,1.2827818650876577,0.11020813492519996,0.3872108314622625,0.6538963759054177,0.008201832891116785,0.5147159135127527,0.0031629471315352837
1000.0,2742.7667919887695,20.0,0.1,0.30001204439145657,0.38402086683398207,2.7899545274149835,0.11947524595451436,0.3516393875120726,0.6176410556148879,0.00811721228850464,0.515138082816158,0.0030715272489166717
1000.0,4106.935116640281,20.0,0.1,0.24671750467774645,0.24807814043546517,3.1150130892341696,0.11948760247335578,0.36316634094262074,0.6169548092101861,0.008110340981963832,0.5485884963788509,0.003262077724612869
1000.0,1746.0179223597393,20.0,0.1,0.393362737809018,0.18681594385879338,2.0795440759667176,0.09758229076064488,0.3516492734950194,0.5667086202094099,0.008241395792052712,0.4657531440316613,0.0032665771254809088
1000.0,1867.7665746876369,20.0,0.1,0.1266823515046048,0.10457305562129668,1.4993933980803607,0.1100212274574168,0.373788748367089,0.6663415460007429,0.008227552905718102,0.5186915536177537,0.0030205905145713418
1000.0,1606.1641052750253,20.0,0.1,0.40025557092158703,0.4362472521316737,3.686646937485185,0.09819462759077005,0.36416657701752425,0.5697222975187124,0.00829676344140889,0.47675413022980817,0.0032526549563788635
1000.0,3677.0059342078107,20.0,0.1,0.36228679474213843,0.324126824226888,2.0265587262740428,0.11763794954962384,0.38669940550210197,0.6487017669135205,0.008065800978606359,0.5184448790736478,0.0030632137258111013
1000.0,3988.7315819431483,20.0,0.1,0.25360601272998773,0.18079450050793805,3.101304630217178,0.09186295022527102,0.3630542848016394,0.556853315371872,0.008097797291791256,0.5048432952464443,0.0031045258255205377
1000.0,1565.153647021961,20.0,0.1,0.1366945222914147,0.40473748797590925,3.5487493861078505,0.09521981350441786,0.36222351152988536,0.5864879328352864,0.008436893549943548,0.6149370604945916,0.003716256858424895
1000.0,2803.8709703681525,20.0,0.1,0.1110853977532047,0.1995825408414319,1.0760904035373446,0.09864509165025064,0.3605571679767847,0.6139576774858472,0.008571755840492119,0.4774482428861457,0.003507978232173156
1000.0,4592.976960243581,20.0,0.1,0.18395532410289614,0.20466546606009528,2.5818740920601577,0.10748072610321013,0.3755207839934347,0.6007046895623994,0.00810396493937873,0.5261541404857865,0.00326047985944575
1000.0,2951.349411047262,20.0,0.1,0.19082015091828225,0.1691059907097343,2.8079370512043944,0.11249774742315483,0.3624346006085102,0.6128496453641576,0.008051279041848597,0.5705051955405135,0.003114145486651359
1000.0,4862.3256207570485,20.0,0.1,0.4470618985031929,0.12167252793211944,2.2492426182677887,0.11923277062332713,0.3709431346610041,0.623808902964929,0.008443242706991084,0.4979879108791398,0.003708165861644184
1000.0,4309.686938294451,20.0,0.1,0.17638447134972807,0.19894903256174565,3.1887105137937826,0.10027553468467393,0.3695327698121087,0.5773166458915051,0.0080594625796817,0.5543792370865007,0.0030195616916364096
1000.0,2296.679652116275,20.0,0.1,0.10542642056255275,0.3453163628080756,2.494476989972251,0.09548908608361212,0.39629602178871737,0.6236784614535611,0.008405341348350482,0.6239515169757271,0.003423260996127044
1000.0,1601.1186892254962,20.0,0.1,0.3641966856786021,0.2450593887080401,3.7768514350352542,0.11436946493777317,0.3553189226066679,0.595688353152233,0.008341823083731562,0.49393940554886917,0.0032365660251253933
1000.0,4898.841846828552,20.0,0.1,0.20311849959825384,0.11034167520335447,1.427156635849713,0.10345484992843432,0.3842545070700155,0.6208423156626958,0.008289066477659908,0.49882469895280757,0.003374617777523951
1000.0,2892.638556596854,20.0,0.1,0.2740551924628427,0.16337951995536798,3.706171641561582,0.10217183518768982,0.36412136493836345,0.5796228277987537,0.008142194216551041,0.5162915108467164,0.0030508721488051527
1000.0,3670.9170286944204,20.0,0.1,0.2891289805687979,0.20895880472231365,1.613271523004488,0.10636278738131578,0.3782398104885182,0.623879916278576,0.008020781819342356,0.49711048452762924,0.002956666146263285
1000.0,4759.029237147769,20.0,0.1,0.1738097186304663,0.22534940649652282,2.7469099990857133,0.10650882091427041,0.3688880206377776,0.5896942006831782,0.008113749819069956,0.5262461919558729,0.0032680033235818282
1000.0,4670.724258423635,20.0,0.1,0.1188726087720259,0.21537271991423315,3.066681917576168,0.09703669555548676,0.396136503302816,0.5943749530192237,0.008295590272562662,0.5704275721493229,0.0030437851874080286
1000.0,2384.3469925825466,20.0,0.1,0.1195147210435027,0.17097303824021742,3.302313803687497,0.118596170575692,0.39911726181763646,0.6748808393539648,0.008391190237410482,0.7604401154108017,0.0035107877890381226
1000.0,4307.66053995615,20.0,0.1,0.291266297201426,0.23222251529911217,1.5683221351186192,0.10339663355279433,0.3741372437682207,0.6105458083586272,0.008061602071712975,0.487153143845361,0.0028481657512941403
1000.0,1709.454542124623,20.0,0.1,0.18550529499463111,0.4369517354974667,2.0369191488219514,0.09322277850982635,0.35287250725555286,0.5814971428784986,0.008252316984273343,0.5032329828944644,0.003375954378844392
1000.0,3820.150633449475,20.0,0.1,0.15247836116034402,0.2902704903173612,3.9617564523416293,0.11319697709809562,0.38659855371260454,0.6201562294424466,0.008169658545434735,0.6782130329784108,0.0029872846914381205
1000.0,4932.187524158306,20.0,0.1,0.17196472164108384,0.20765015552553845,3.1389075902543144,0.11601941240730461,0.37978112757402355,0.6188222726389951,0.008171187987055201,0.5744891044885129,0.0030491920335584404
1000.0,2763.952408131019,20.0,0.1,0.2555845793006654,0.3383886408373816,3.8367210322706375,0.0932040554750027,0.39795314888297934,0.5958932035609337,0.008245767163012948,0.5429997488223001,0.0036421342557162112
1000.0,1890.324114813086,20.0,0.1,0.16084325596771282,0.25688389379856763,1.44207102138922,0.10661733372274297,0.3711621962583039,0.6539167548487114,0.008087984387148719,0.5107620607645754,0.0030509561746433047
1000.0,2457.834572998554,20.0,0.1,0.40160191668892375,0.2370442757809905,3.384030029013484,0.0975719495995302,0.38805096098529845,0.5919773202452536,0.008105829051085473,0.4972474477432507,0.0029505295811150575
1000.0,1702.5805492424308,20.0,0.1,0.32702685371884543,0.34940220588861703,2.1505369218648087,0.1150245217694885,0.38131938642692553,0.6489768605409443,0.008158209852304877,0.5248020823120964,0.00342221168955544
1000.0,2558.0095099195123,20.0,0.1,0.37510342394001495,0.22370808798510972,1.953063682899781,0.10159940254103199,0.3889841146577603,0.6167763333169572,0.008064684911250905,0.5044359435051924,0.003063842477880402
1000.0,4063.8232757241844,20.0,0.1,0.2957742632353879,0.4370855736775202,2.939167011154777,0.10233819430040843,0.39094630892426285,0.6110668194135498,0.008073977634945467,0.5296621335505662,0.0030440580054070195
1000.0,3686.0681465522134,20.0,0.1,0.37760288824210897,0.3354881341372409,3.6777978640580464,0.11841378292274177,0.3985928482301664,0.6394241950209463,0.008196837662871872,0.5353724729576022,0.003425045179383637
1000.0,4207.694196175809,20.0,0.1,0.4102197106979042,0.2016413115953602,3.437090660017353,0.11801238587131002,0.3718833254384532,0.6102145355476736,0.008188384550093653,0.502304902774503,0.003045784429718414
1000.0,2090.7247058615026,20.0,0.1,0.18552798243396068,0.26288097699003343,1.355000212043949,0.11256545866502804,0.3621891644142455,0.6580008551118527,0.008104558143053641,0.5039232331503628,0.0030054389044874967
1000.0,1812.7789131656357,20.0,0.1,0.2643515948298051,0.22601281710767115,1.1793572711128792,0.10371255807227545,0.3607970358173449,0.6289281631049084,0.00814987588641437,0.48956593559409656,0.0031608303189309245
1000.0,1888.504250233321,20.0,0.1,0.132436018993549,0.32680783031571103,3.377082944179357,0.0941037884785246,0.38542741030520805,0.6045376734420288,0.008349022442051234,0.6525469265999364,0.0035179743584041875
1000.0,3803.3176862766013,20.0,0.1,0.29286720765669605,0.2918672213579194,3.1222959694812418,0.09643263391519143,0.36422250528855055,0.5695340111265171,0.008057350888842742,0.5002481348180013,0.00294651015083088
1000.0,3240.8025803411915,20.0,0.1,0.34939432720415464,0.181708405700891,1.6059906334385234,0.10525291638613746,0.3695753791268886,0.6112146702519322,0.008020424500546897,0.4871698800214063,0.002999664369952504
1000.0,4894.261885444337,20.0,0.1,0.2671838265861787,0.35683073842818025,1.286755021941385,0.09867114371423562,0.3996634476837813,0.6346438596705537,0.008267670772085142,0.5074063620083216,0.0034453556521608945
1000.0,4266.7382089786315,20.0,0.1,0.3871931835168584,0.14621064771295494,3.4188606375829194,0.10262439130070532,0.3521695727982122,0.5602378979315911,0.00814971068025312,0.4701426782176351,0.0030728129317639605
1000.0,2864.5420685888676,20.0,0.1,0.33886706324704385,0.25183133664384405,2.6622789932578446,0.11845699590967418,0.3548946311044274,0.6141342363545824,0.00808131945331831,0.5014053078511617,0.0031762222281587196
1000.0,3389.685414885509,20.0,0.1,0.16942390505845314,0.3578823130689369,2.130296457792194,0.11514855009692535,0.3778102564366813,0.6417460932979678,0.008115272318122663,0.5286889022335404,0.003122722517997238
1000.0,3504.2492721110652,20.0,0.1,0.4320079342761396,0.36193188524078057,1.6067914474459823,0.11660625654339321,0.3636536054456775,0.6293484504618588,0.008298458825751495,0.4906122813378293,0.0034844523027769293
1000.0,3182.2839152930483,20.0,0.1,0.18614754549234447,0.22038297188739808,1.5464553494906048,0.11028788232661217,0.39984277923323636,0.6704096337342464,0.008093655447355243,0.5283319022244782,0.003161010136559437
1000.0,4259.059008662203,20.0,0.1,0.1807576756126485,0.3099704056585615,2.5203252563813385,0.09618629754801705,0.38523450824894817,0.5886817933226391,0.008122740245353076,0.5213261656253095,0.0031993504852914014
1000.0,4628.734362076881,20.0,0.1,0.12492470849080765,0.36277483214296957,2.220007599685604,0.09970226848410607,0.39970155966040183,0.6127478404631699,0.00839857224641787,0.5280444568759027,0.003327377545991503
1000.0,2553.18452993363,20.0,0.1,0.28308433181194204,0.3179481214504992,3.4666805178437143,0.10103051071092664,0.38961301389495934,0.609289316370924,0.008105504701908718,0.5345365796945095,0.002981119374836848
1000.0,2270.327643993699,20.0,0.1,0.4390248828317388,0.2786625229337407,1.4770917269130786,0.1199636417708904,0.3898872654533451,0.6678551899301923,0.008598597834257505,0.52606259011258,0.0037748242745140677
1000.0,3629.20149548924,20.0,0.1,0.3390923529217217,0.36098620515648505,1.2499417161633375,0.11569022030379168,0.352353932800015,0.6312083007389874,0.008169088973889894,0.4804449904357646,0.003179436496488154
1000.0,1650.7858886440845,20.0,0.1,0.10148477607985415,0.44596080653496417,1.371314043313292,0.09764096358879842,0.37154264140414334,0.6477243070536381,0.00853914405123524,0.504491725161913,0.0035142092715808753
1000.0,3373.1606617901025,20.0,0.1,0.37227766420101394,0.34495435506568145,3.3653758091770185,0.11745310933786525,0.3585456876550684,0.6023481069213819,0.00810246625763025,0.49550344086969045,0.0032050201749060565
1000.0,4575.153621851588,20.0,0.1,0.2608452851472446,0.3024509495127944,1.150512170521548,0.1024839962709412,0.3922596931314,0.640464738199245,0.008222878799094618,0.5049483343606535,0.0033672756037132615
1000.0,2884.537777842698,20.0,0.1,0.2646147487482189,0.43964714933746896,3.80051898492325,0.09206219679605195,0.36775149516457206,0.5634531281572651,0.008254314539225134,0.5078762986354739,0.003465515326126912
1000.0,1917.0488944314563,20.0,0.1,0.14177403671229005,0.14719853945851175,3.4285895753810927,0.11137397687140542,0.3630680536717187,0.6203894715544415,0.00829067115101845,0.6598885680874987,0.0033311093993830996
1000.0,1935.6981727864734,20.0,0.1,0.20806046866442376,0.24050746929406588,1.916944160166849,0.09713099510872798,0.398954849140476,0.6339077394173114,0.008123857165317312,0.5382703087472583,0.003025457389880681
1000.0,2179.895296062131,20.0,0.1,0.13204825033543977,0.3500894848847308,1.3645541433704254,0.09410768579476884,0.35929770189846577,0.6101831587934108,0.00821557392687989,0.47318919833118106,0.003032071781998211
1000.0,3545.640202075935,20.0,0.1,0.1380571813765113,0.2877103549773525,2.4211028937368626,0.1030394305628343,0.3501793622817467,0.576157095454183,0.008125946199509054,0.5036887556953503,0.002946805558425444
1000.0,3058.443166517156,20.0,0.1,0.3507526544972708,0.43901068050139125,1.252589884336897,0.10904679367427891,0.3808905939941297,0.6482193353699556,0.008136291758851983,0.5035918439610101,0.0031823767498305837
1000.0,4720.677511995654,20.0,0.1,0.32083789188005263,0.2900815688234166,1.9002874115376835,0.10285612651071376,0.39093555270635627,0.6177723172788212,0.008083154860464521,0.5038491444641124,0.003019734927054912
1000.0,2137.0005133309533,20.0,0.1,0.4303481153640206,0.274882828623901,2.127898837030095,0.11887857766976029,0.39122391491862796,0.6517206079853413,0.008326887321145598,0.5254848481607717,0.003627469124479503
1000.0,1789.6731459185353,20.0,0.1,0.2659532035348414,0.10333690033057616,3.8118167153085225,0.09945784641404605,0.3938262394090241,0.6104163238821001,0.008367711284977021,0.5408721381119364,0.003741568022164563
1000.0,3587.3533772766687,20.0,0.1,0.2689564584399992,0.355550751333239,1.3721322128629654,0.11576696896596256,0.3675555169533803,0.6489750642373445,0.008095294886615813,0.49736488673733353,0.003090771145636332
1000.0,3133.3143018054243,20.0,0.1,0.3768407995455284,0.2632606275484385,3.215592553089359,0.1189891198666517,0.3768904752949469,0.6264250071111074,0.00808802096943482,0.5138968510445443,0.0031352299518926066
1000.0,1924.766570422193,20.0,0.1,0.20140997292819335,0.3626361929131825,2.9658255395288076,0.09397538001385328,0.3708007374481662,0.5888779153242351,0.008191387002616391,0.5530573675981784,0.003366457271590124
1000.0,2644.935125678234,20.0,0.1,0.2278620924612263,0.2380689208093154,3.7433463643076506,0.09784054509458741,0.36767813745640904,0.5770946441673477,0.008158404228103216,0.5363357003652307,0.0033843579463903265
1000.0,2218.823601715946,20.0,0.1,0.2837742941262683,0.42833761654861324,2.3917504310254625,0.09170567776364713,0.38172987036506867,0.5930450587642299,0.008171785637728163,0.5042294276603152,0.0033601651069622364
1000.0,1881.4500843017063,20.0,0.1,0.2000129507437672,0.10878199412827964,1.8252362982220298,0.09235486251479547,0.3959139265731888,0.6192809822055941,0.00818994311686497,0.5279181124227869,0.003152482180881052
1000.0,3001.526711396942,20.0,0.1,0.3658096221864485,0.25219306300793465,2.3805356426774535,0.1087905752864117,0.37583687055673587,0.6138805459693104,0.00801572458168594,0.501686548409495,0.0030039002676763506
1000.0,1641.2150893527419,20.0,0.1,0.32429239721073133,0.14129425598112164,2.036443415518953,0.11605162174504162,0.36908288306118353,0.6379449762089847,0.008187884460563118,0.5141713692322036,0.0035459936340179565
1000.0,4606.99045795924,20.0,0.1,0.16516744671149225,0.36634077764655737,2.2478432750815704,0.11958824614527981,0.3976324091038563,0.6587477982896192,0.008361322322494735,0.5485916159321665,0.0035127088624064694
1000.0,2348.221719368217,20.0,0.1,0.12596464272786195,0.29778535834429853,1.768257008085868,0.10316199611851189,0.3783728352303702,0.6388801104682361,0.008104750042077264,0.5104409020978576,0.0028600772881562293
1000.0,3247.5403618759615,20.0,0.1,0.2336786568476546,0.23274618409387673,2.0461822051156746,0.11626975397885056,0.3997515340712135,0.6657131416301592,0.008080575495953196,0.5441509331516594,0.0030986915452818173
1000.0,2864.280627221091,20.0,0.1,0.3202709359904062,0.29253987747022453,2.4232848852134636,0.10547240889439947,0.36431923533248023,0.5986874830923379,0.008025125283602445,0.49623053883370416,0.002991422464310364
1000.0,2568.948700458137,20.0,0.1,0.29085874763612735,0.1556042345293972,2.0057839045836916,0.09838381032089483,0.37993513043704524,0.6032645787009531,0.008058710978940021,0.5006568006195182,0.0030619488856463975
1000.0,3798.9583932629653,20.0,0.1,0.27552554441470883,0.43483328094906115,2.095179286570632,0.11164426935836173,0.3607288551198234,0.6109373849886585,0.008065808250258344,0.4942334198814363,0.003074763376808496
1000.0,4249.127746027332,20.0,0.1,0.3822958095657586,0.17652661956699736,3.7265965302091932,0.11802479547347036,0.3923268487498661,0.6285311066555574,0.008258032583468926,0.5285404458676088,0.0032759476962434934
1000.0,3080.9050797026057,20.0,0.1,0.1104477203153481,0.24448122858895563,2.7085316618512922,0.09237308794622613,0.3646384423306134,0.5689530089881574,0.008301381433984746,0.5621205623231695,0.003281946812097313
1000.0,1892.7616121349326,20.0,0.1,0.21682398506695022,0.20134323552587813,1.557212785944533,0.09124808955500703,0.3668133399656846,0.5947903954751266,0.008164495766601363,0.4858212710026924,0.0030992583770063824
1000.0,1628.250794559141,20.0,0.1,0.4458056278433191,0.43182883319330956,2.9793053281995787,0.09756196779957302,0.3827429175113611,0.5882865533741103,0.00834542757762692,0.4926667477948017,0.0037920424839619727
1000.0,4042.0222511376933,20.0,0.1,0.3144910807724699,0.36196388633072374,2.2022106768446035,0.11014414375143589,0.37360782447359475,0.6159294014087107,0.008021484431020803,0.5030935489882861,0.0029434614405368267
1000.0,2908.811993148642,20.0,0.1,0.3319431986907884,0.16654565187989406,3.5759601291710585,0.11102112714566895,0.3742492288916565,0.6066583284453757,0.008102277025048663,0.5153770818484564,0.0031809357472007468
1000.0,2757.5773209846298,20.0,0.1,0.17411252788726778,0.4380686759074538,2.332525229291459,0.09840910737041703,0.37853266472228714,0.6048795864536023,0.008105264634698014,0.5335937365068938,0.0029084236564536695
1000.0,3147.256176924066,20.0,0.1,0.1161493064805092,0.22420957392720747,3.5959869069506087,0.11037699878229341,0.39552249238484427,0.6386918780073692,0.008218795088618048,0.7374266460889314,0.003268668426025121
1000.0,3354.0458330223673,20.0,0.1,0.3082780469500491,0.24490735773403133,3.384117754685666,0.10377424661914807,0.3969041179301359,0.6164803111992184,0.008074970652857894,0.5384502909308659,0.003035103208083949
1000.0,4021.202586082087,20.0,0.1,0.20598704773495238,0.1284879924942775,2.0083455825597465,0.106179768113301,0.3811199834972357,0.6137916140979977,0.00806535141236873,0.5084572958039929,0.0029611601007296247
1000.0,2258.4446644271593,20.0,0.1,0.40229673830780865,0.22124963007793663,3.114709425058204,0.0944447178918098,0.3577360629271217,0.5571120881902586,0.00814458342554005,0.46426924809405545,0.00318869466808172
1000.0,2722.733396980801,20.0,0.1,0.15977132072121858,0.41390657240156103,2.7998538898468874,0.11966201715959596,0.3856066777841209,0.6620795639718229,0.008152345281016328,0.6385387662933965,0.0032181778327219405
1000.0,2761.2377182487617,20.0,0.1,0.2633961716763902,0.28459162172946084,3.9930276024659506,0.10821479556347384,0.38957216490101304,0.6164259702511962,0.008272634306649172,0.552935264206179,0.0036637795453694916
1000.0,2792.7888191881684,20.0,0.1,0.32081865542528865,0.1822102800230969,2.248850182692592,0.09675605088871667,0.3693778484352391,0.5837778613313614,0.008060870210653461,0.48756691585438355,0.0030408285794520586
1000.0,2847.2241532647495,20.0,0.1,0.22840234058167744,0.11014900069045358,2.63341412893205,0.10750228773871906,0.38918599530471615,0.6286422814581809,0.008057590074544185,0.5600055282188887,0.003119226401558147
1000.0,3507.0302361584186,20.0,0.1,0.35767770365783025,0.3957830325010653,1.507307643788657,0.1111258701244482,0.37474065994876465,0.6359888244226227,0.00806199313739113,0.49777803504529766,0.002984317404826495
1000.0,3904.6175714844635,20.0,0.1,0.24881857918948252,0.12590250536612635,2.1707952559241512,0.09975533807240375,0.36252741981325276,0.578217823533155,0.008068931002311161,0.4860976765059439,0.0030366159568376975
1000.0,1605.14934849935,20.0,0.1,0.16923866349001532,0.4375977054051522,1.4872864896967726,0.10176122059900947,0.3667430155466872,0.6410473371613531,0.008175693574836974,0.5080242631851963,0.0032444621904491712
1000.0,3254.7497787552525,20.0,0.1,0.2692832836959489,0.26410115024572955,1.7952286017006889,0.09069640806366512,0.38457041350390875,0.5921297607777951,0.008094712937240353,0.48987007306976565,0.003323817476229223
1000.0,2387.197960438102,20.0,0.1,0.32032761833030143,0.12393482786890221,2.3812123304413975,0.09826131602435965,0.3976616455034769,0.6166826075991871,0.008095323236615678,0.5205873211138016,0.00318078836594165
1000.0,4314.842197370077,20.0,0.1,0.15996292361705766,0.32738426742292215,1.43942806694723,0.10383998397079337,0.3605105669321188,0.606936589577415,0.008165117971233206,0.47713453125291705,0.0030742128506409975
1000.0,3055.8904942783774,20.0,0.1,0.11934954116086588,0.13702602182599485,2.7790681840432865,0.1026626428201609,0.3772686021615889,0.6051377147025314,0.008145568703679334,0.6021655447476065,0.0029771973454162377
1000.0,4745.749717635934,20.0,0.1,0.1968792580541416,0.12652778772588347,2.1654872580453146,0.09990346792669277,0.3712102158374815,0.5801859061544751,0.008160618293035389,0.493873540051765,0.0029936683215182093
1000.0,1716.6048897619826,20.0,0.1,0.3611972679303348,0.15445176552513035,1.9392312637675133,0.09309217525826227,0.38092048715384014,0.5915315580290631,0.008201426984344907,0.49146787432901834,0.0032022877893163678
1000.0,4257.074965675659,20.0,0.1,0.32669719066342573,0.166540250845144,1.2291856624035038,0.09422692077998185,0.35415078790343063,0.5747008732968749,0.008162923949783952,0.4562724987925212,0.0031123172027821455
1000.0,2091.962220727131,20.0,0.1,0.38299693236164856,0.2576243406554154,1.2269261551523336,0.0932916619535834,0.3766549598755296,0.6006012054452479,0.00830937566736494,0.4854203599720655,0.003198535237648983
1000.0,4919.239096694213,20.0,0.1,0.40340766762704117,0.13915301512312617,2.975293707518853,0.11472178039102143,0.388180259244072,0.6239504251841617,0.008268241617690788,0.5165590956612715,0.0035837515740205503
1000.0,2439.257377634923,20.0,0.1,0.4494495565964006,0.1960191393071932,3.8900737498592384,0.10187564321517271,0.369765278098099,0.5725623958753613,0.008388096880998498,0.4809183971984534,0.003471344892071947
1000.0,4057.393503279451,20.0,0.1,0.333620412182028,0.4091114060528498,3.7812505133967482,0.09892553060069667,0.36303527648890027,0.5642943162169067,0.008203579351118095,0.4895709190659642,0.0033701340670229817
1000.0,4419.8204519243845,20.0,0.1,0.16640737638193187,0.20500594169885658,3.4116705452887484,0.11638046322200668,0.36095650132595675,0.6023107569001693,0.008121978027808816,0.5970461847441131,0.003032061626501873
1000.0,4309.555080538663,20.0,0.1,0.29388535156257006,0.3893727535198034,1.48406963363166,0.09314414913734619,0.3919292152678987,0.6104651623512367,0.00815343992648234,0.4935985092773063,0.003029076639880828
1000.0,3026.5662419544105,20.0,0.1,0.15145009500879286,0.37167557178754795,3.6736479485669906,0.11307560816623745,0.3541655781427081,0.6004719184066287,0.00812820377729308,0.6418350745795603,0.0031550524213879564
1000.0,3466.3707021332257,20.0,0.1,0.3474377591677479,0.14216301025727585,3.856950110770561,0.09655180611309437,0.3831528089619564,0.5796319647987295,0.00821902787759068,0.5018909949450645,0.003396239120424772
1000.0,2740.1075255568267,20.0,0.1,0.43646033127632133,0.2776400203720849,3.453486175911423,0.09068863291200341,0.3791252265766775,0.5650696379214268,0.008206120973189143,0.4780351032813508,0.003211794099247598
1000.0,2595.6588968449105,20.0,0.1,0.3212491944807322,0.23681961485074016,2.1309091839620824,0.10388934693714237,0.3736797249403276,0.6078065670808933,0.008025562159420917,0.4993614401383446,0.003003686737008944
1000.0,4119.729107804163,20.0,0.1,0.36831693496091256,0.1820401422134783,3.742958570023489,0.11803935997273725,0.38259707809794186,0.6195063964615675,0.008230203447957302,0.5226354531195381,0.003406406692295061
1000.0,4981.515734312736,20.0,0.1,0.1682271378902917,0.43672232560259117,2.2600362040789057,0.09373416024254566,0.37177990527856875,0.5679676648065133,0.008333482252148968,0.49120946730540327,0.0037182475897129604
1000.0,4283.449261666231,20.0,0.1,0.3074883361436571,0.44379235357471114,2.73293179519961,0.11099889977135904,0.39080665779973994,0.6302328685529073,0.008092290945094165,0.532912423323283,0.0030091027946699657
1000.0,3873.0408196787325,20.0,0.1,0.19495533163418355,0.3059577560159624,3.7874440806877576,0.10053938978774804,0.3635928956943349,0.569407491978188,0.008078087032140243,0.5703137665670426,0.0029502151326907503
1000.0,1602.0228251785775,20.0,0.1,0.12777256913717558,0.16832604006144883,1.1559191227823105,0.10516848814212351,0.383789853368881,0.6765690714605791,0.008391465914786147,0.5287854773833506,0.0032703874926344064
1000.0,2868.1330445784924,20.0,0.1,0.3486634223132227,0.376975352905513,1.455934750999613,0.10997235933748911,0.3550410409267804,0.6169553773929438,0.008067226660246136,0.47932875538786773,0.003013693453284031
1000.0,2867.5235364288455,20.0,0.1,0.370633360964182,0.22303984985666925,1.9955536233309097,0.10117335769609583,0.3966788736156508,0.6224140146730267,0.008055420711105845,0.5112127952722717,0.0030474878642559734
1000.0,3806.3836842846654,20.0,0.1,0.3340626438838087,0.37936634718367845,3.194954059711254,0.11100411968201977,0.3804454322459292,0.6146799901479624,0.00806412222281816,0.521470629219562,0.0030777700253918254
1000.0,2300.36804818772,20.0,0.1,0.39619858480051195,0.14228052847904102,3.383358554574642,0.09417641375630248,0.37324887744859153,0.5700098906923549,0.008152880597450701,0.47996813381059217,0.003035883084330633
1000.0,2019.6383109575834,20.0,0.1,0.36618977302337485,0.32808634123816577,3.722658294833879,0.09885794555318625,0.3786455719099126,0.587133937352494,0.008197837337370959,0.49519260376582896,0.003002525234435596
1000.0,2333.833251754784,20.0,0.1,0.2536355010618495,0.29702218409790626,3.884784869804357,0.09266623288486607,0.3666579750338137,0.5654104328368725,0.008313010383886115,0.510319393356208,0.003937003468047472
1000.0,1945.5199060024468,20.0,0.1,0.21895792865654443,0.10332190827657962,1.4611956496877647,0.11947428030310371,0.3560695330476745,0.660039192825196,0.008247892585605363,0.507272808811108,0.0031614671900813767
1000.0,1588.9542241544882,20.0,0.1,0.2689058684573662,0.41214022796787375,2.3259029174152412,0.11673621333201314,0.3763629783062549,0.6545659763276044,0.0082097040102409,0.5450796802593488,0.0032242247246792284
1000.0,2647.0392479125558,20.0,0.1,0.3827489652037781,0.21333397408143018,1.1040357485304104,0.10184087736264012,0.36122874063558513,0.6058558578423786,0.00831028907187001,0.4765696060954415,0.003224004258386214
1000.0,1808.2373713565307,20.0,0.1,0.17394750733112907,0.12927752349368815,1.7899985916277532,0.10640876212355696,0.3826553923857552,0.6482837876792844,0.008109344646798916,0.5366365935563191,0.0029710304305089696
1000.0,4675.901461718178,20.0,0.1,0.1365055401470306,0.18738183282357895,2.239634832337374,0.11794902561732218,0.3634652786678719,0.6163185144160332,0.008397995897156944,0.51380242167235,0.0035834378361118222
1000.0,3186.5763327085197,20.0,0.1,0.17627439297494804,0.44032342669366664,2.9651467662132123,0.10505534942122402,0.3702020336214904,0.603858550260727,0.008065532429905226,0.5781212613034905,0.0030720440150526383
1000.0,4610.128692456261,20.0,0.1,0.4485542802209288,0.35489525613454886,2.759317527166342,0.11845364744597268,0.39882620730824625,0.645707160112232,0.008448930679151992,0.5259729033685322,0.0037848875834845387
1000.0,1932.9846389191823,20.0,0.1,0.4050233227279042,0.35943893202602195,3.3686279925568465,0.10660689637050194,0.3980326085146016,0.6231740075506108,0.008156548584572772,0.5176091594511193,0.0031047011282574213
1000.0,3747.9130490476264,20.0,0.1,0.2949178585483271,0.38608889318646655,1.1617057824240842,0.10145697582399606,0.38796793076354297,0.6386407644829895,0.008097194935026883,0.500937654068167,0.0029809914448859897
1000.0,1665.7129294481622,20.0,0.1,0.1972140952460067,0.2728406553441862,3.3234251835799675,0.11023245393458977,0.38990578423107974,0.6451853026597656,0.008204109866021202,0.6004977477787345,0.0030512943218563566
1000.0,4950.1521749109415,20.0,0.1,0.3163045235579086,0.32820687403049004,1.7697628017595841,0.11581081312989347,0.3504044169953882,0.6079805672264096,0.008217104313628088,0.47652273533962664,0.003601728902443567
1000.0,3851.958309454,20.0,0.1,0.12128238355508673,0.3037436637073411,3.445169564771499,0.11858689082639699,0.3659981399700748,0.6229820083408081,0.008254201934482959,0.6795493725770435,0.003385712013091391
1000.0,4128.116410230054,20.0,0.1,0.11915162410813043,0.39552069345632246,3.8401182499265896,0.11660669933362892,0.38410712866004004,0.6303971013265025,0.008328425881802066,0.729485528908101,0.003276310642399778
1000.0,3326.0124192249314,20.0,0.1,0.2022231645826842,0.19311355090269164,1.693414274901749,0.09844289647740762,0.3737284734680175,0.6029403403909596,0.008042301208528158,0.48789966115184824,0.0030368578930375467
1000.0,4140.794895837918,20.0,0.1,0.3571764776440629,0.3806723516193038,3.026606577026835,0.11274182023217943,0.37978291721353113,0.6169873572231734,0.008084499348762849,0.5150738981109656,0.003166289794988061
1000.0,2516.1488964595987,20.0,0.1,0.3460786505861728,0.44445347732205454,3.584998299233393,0.09871784787934756,0.38204092555001373,0.5920911675553883,0.008145838463708343,0.501831386709687,0.003116289684605254
1000.0,2316.3471855927064,20.0,0.1,0.2165341227452307,0.29636894859210255,3.986413431499945,0.11844815670012135,0.35054874053871155,0.6047712732664701,0.008391752643016785,0.5594455942483063,0.003955554765821603
1000.0,4571.576547346844,20.0,0.1,0.4341812158861238,0.3824317921447037,1.813881243524764,0.10803325304300475,0.38120743576766036,0.6223866972481578,0.008246830357400321,0.496401172740834,0.0030235130176968256
1000.0,3544.192452726029,20.0,0.1,0.17339285059606108,0.2204500766814882,3.4522197105036136,0.09853262284430768,0.3596861560100145,0.5675171307668253,0.008074125119154335,0.5767678444354067,0.0030583248345547997
1000.0,2208.9529633942598,20.0,0.1,0.35150042673762294,0.43711738106621345,1.6188175750325378,0.10348208271318476,0.36466851594230176,0.6103950366283383,0.008094910061539656,0.4846718492494439,0.002926755527065301
1000.0,2392.204921568964,20.0,0.1,0.10243083443977523,0.41146505831632796,1.9030813423044544,0.11131197959281565,0.39573474788564134,0.6819756053361816,0.008388799421199968,0.5586030014729612,0.0034984124943197924
1000.0,3073.3981764383807,20.0,0.1,0.12654898359546268,0.43264199906670275,3.729080719161966,0.09332357625593563,0.3685180259609944,0.5705318332037745,0.008240927665570589,0.6509940415476233,0.0030139742342555225
1000.0,4378.556117830682,20.0,0.1,0.1549878328881262,0.2740784227495367,2.7252541903642347,0.09949664634611653,0.39178950093509923,0.5997394969896875,0.008125147519795909,0.5446525166277176,0.0029847627156090154
1000.0,3498.5097767010357,20.0,0.1,0.3977615614522204,0.3460961747370782,2.256823068385711,0.09475393357048388,0.38263529642896404,0.5887494986759944,0.008079330313332161,0.4878108024570682,0.0032344527128250773
1000.0,2756.621593162603,20.0,0.1,0.2679458760907315,0.1444945054703487,3.3423895514983726,0.11477450685364934,0.3988080352060313,0.6480162977745674,0.008128865937259908,0.5726238081321159,0.0032028008717932058
1000.0,3627.394214514821,20.0,0.1,0.177443094653762,0.417895280121228,1.0395431734590543,0.10245652998855628,0.36928558294791614,0.6300718690224931,0.008266519732571927,0.48600482543295015,0.00320152281307421
1000.0,3450.1079670654563,20.0,0.1,0.22050809898509127,0.2588717079396806,3.022329962653596,0.10617831326430507,0.3506816594088835,0.5813159150942068,0.00804534563682652,0.5334129399348444,0.00313126935810935
1000.0,2052.752518956304,20.0,0.1,0.10933712630993558,0.4353383508569644,1.8867867815989139,0.11606678471837516,0.3770145994945237,0.6809899905129593,0.008403834343935096,0.556005045473717,0.003332241922313359
1000.0,3462.755126034951,20.0,0.1,0.16706569380519865,0.1299706111092614,2.5335878092872615,0.09685455798372468,0.3986083290854068,0.6070847929813454,0.008120609460909832,0.5492599171178817,0.0030158323063643766
1000.0,4124.1939267350745,20.0,0.1,0.13520536047857262,0.2165711452784682,3.1172245712131095,0.11060959403102313,0.3808095657771324,0.6155548736306183,0.008101206379756306,0.6022549631902572,0.0030994381582502635
1000.0,4818.888135191821,20.0,0.1,0.11983151030856443,0.4082517980428362,2.7579306934475634,0.11448352159309572,0.35400785350974445,0.5963177455831855,0.008430172588852793,0.5310052138109923,0.003803600547890718
1000.0,1903.3798623672892,20.0,0.1,0.3836361546034107,0.3479903106736779,1.88175161958867,0.10229130698707897,0.3886254608910959,0.6225701170947054,0.008151455895700387,0.5076586294565276,0.003064525632804513
1000.0,4119.735400634867,20.0,0.1,0.3572275195814739,0.4361353562302568,3.604636075396077,0.10788479838140248,0.3911386232830832,0.6115699107336864,0.008151652981376687,0.5216313211447291,0.0032359295333547564
1000.0,4143.117422524452,20.0,0.1,0.30281354765966034,0.16232257304261108,2.9231232937231297,0.10859036949247684,0.3591108671999145,0.588775553813504,0.008061854393530223,0.5045841421695563,0.0030841846124139752
1000.0,4262.032594167981,20.0,0.1,0.37608928983987233,0.3898638477694987,2.776642485312197,0.11860434789435549,0.3592587039817429,0.6099115522107194,0.008150920125258677,0.49654262047952685,0.0033645989977345863
1000.0,4721.419841434511,20.0,0.1,0.1738358306845067,0.22741926693336775,1.2632111012888112,0.09924047208133627,0.352195089416384,0.5842289083312501,0.008339038448463117,0.4619358071116197,0.0034215771987778317
1000.0,3405.9872827923928,20.0,0.1,0.2572107785365203,0.3072002574336362,3.3001911040955685,0.09511972958228329,0.3954888901831334,0.5995245285533356,0.008080498649265074,0.5463539719126531,0.0030388127832727194
1000.0,2386.5652687495126,20.0,0.1,0.2939922575610399,0.43599438094703613,1.8228343825489635,0.11560805867641047,0.39836562816301874,0.6751509982408377,0.008120930809582831,0.5380009169908602,0.0032373484585148217
1000.0,4232.929156305937,20.0,0.1,0.42511826603801284,0.44345446644023967,1.6226006676496736,0.11490686881599854,0.35301698707897555,0.6147859811349824,0.008314634090227493,0.47657771881484506,0.003443010781356674
1000.0,2360.1253885504416,20.0,0.1,0.13055910092840484,0.3792305739628944,1.709775218232053,0.10151936158294486,0.3503168877892145,0.60771634627486,0.008167729874729425,0.47631581357906283,0.003022960630592147
1000.0,3747.6588094729505,20.0,0.1,0.30884481959438603,0.3456938622145261,3.1630142980287923,0.0919352549211187,0.3765824925887402,0.5722883188774965,0.00809007844971903,0.5008769808379379,0.0030401069793231897
1000.0,4253.0193493578245,20.0,0.1,0.37442038638698294,0.34783843848869694,3.875772063074436,0.10937031640936715,0.390356098390562,0.6089117403196924,0.008255251208827797,0.517990798241464,0.003361761310311869
1000.0,3087.1444505869513,20.0,0.1,0.28312140830901456,0.11151643865545055,2.407306425288291,0.09351496842568993,0.37504855907574575,0.5798893248745637,0.008100563724873899,0.4980633272910456,0.0033889205160144553
1000.0,2265.4562995371853,20.0,0.1,0.10294622958536007,0.2869067150960497,2.777646018932202,0.1199927601622056,0.39815182066005916,0.6893347130208705,0.008433269507703999,0.7488747765117079,0.0032952687492728678
1000.0,3553.170565856529,20.0,0.1,0.32849722647559854,0.38750712731058023,2.9997135167306346,0.09011200512316216,0.3741251037188031,0.5680132879595304,0.008105632950308271,0.4890356428780298,0.0032067275420493333
1000.0,3928.8152887504334,20.0,0.1,0.26970411377274006,0.30426319512563005,3.9616233653364805,0.10036730444117997,0.3555241578427161,0.5585453704829622,0.008245487754930078,0.5100240855504707,0.0032216441297279177
1000.0,2719.011983350294,20.0,0.1,0.14320887463300624,0.1542275330231181,3.3047056548745455,0.11097482953879793,0.36721514975384173,0.615050825317681,0.008149350505392545,0.6602497126901901,0.003171926362058683
1000.0,4059.109635846746,20.0,0.1,0.4467979762452139,0.43604426267383567,2.671032272661025,0.10354242644277839,0.37874267630689046,0.5967933849864528,0.008231595627467142,0.4903022212861051,0.0034237929945479285
1000.0,3411.575624171361,20.0,0.1,0.19409707485430477,0.3709877202452815,3.39131484500591,0.1075958464411799,0.3784906601370496,0.6103163132367629,0.008039085665724834,0.5942902278198341,0.0030200057961160126
1000.0,4501.757184843182,20.0,0.1,0.1430598986446807,0.1566204493539098,2.4118613254693524,0.11006496945615613,0.39672773250778653,0.629175105768157,0.008238804254440533,0.5452477908675004,0.0032202153811000814
1000.0,3910.8815356348873,20.0,0.1,0.2394948899366076,0.1380647294666285,1.695760233116242,0.09955848542668952,0.3983967889228905,0.6245351419058095,0.00809396549307953,0.5114609909672417,0.0031907054153004454
1000.0,4738.616467718294,20.0,0.1,0.3353929261234436,0.4080219821500818,3.856997044223651,0.11387156269497296,0.37769998841282126,0.6043736730475961,0.00835754386954196,0.5235618439529348,0.0037068357022492955
1000.0,4638.406280445631,20.0,0.1,0.2868537535570837,0.11000559734737614,2.4929526910795374,0.11341297266543265,0.37918659505155217,0.6199918304066142,0.008107128352316459,0.5203697975353052,0.0032356931758839814
1000.0,3996.422764709239,20.0,0.1,0.4109815780062783,0.1279590695974966,1.1993452062826115,0.10707412231297267,0.370922535824681,0.6215301623624497,0.008306738934261341,0.48629875648961884,0.003286413582780063
1000.0,2839.8459660448993,20.0,0.1,0.18970385372280704,0.40825994411071487,3.8750859838663794,0.10316402838888333,0.37456816837429097,0.5945951155649761,0.008136892375863717,0.5839890895636446,0.0032115380001666743
1000.0,2818.7483762317815,20.0,0.1,0.14318009835036427,0.30877861683920216,2.243514366510443,0.11623191345727313,0.35422207199866096,0.625922679033373,0.008170851436863068,0.529857769190254,0.003035787833479884
1000.0,3801.268637813901,20.0,0.1,0.12238458738657387,0.31340422855355343,2.9886358290606005,0.09818132788697216,0.3577531234141129,0.5682412647463466,0.00818263932844287,0.561611710311795,0.0032097517156640114
1000.0,2592.2268427308263,20.0,0.1,0.22491902859835156,0.39857937405694877,1.6948219516095446,0.10477232470232457,0.3977260026486278,0.6544748220891937,0.0080671972557893,0.5238552750967714,0.0029928584103052296
1000.0,3792.256793518057,20.0,0.1,0.3734979086312429,0.10196231352063885,2.240704211138809,0.0914774838474285,0.38454108847606483,0.5807066986013414,0.00809970311401707,0.4869496407430111,0.003179516251607946
1000.0,4911.938567519581,20.0,0.1,0.11854484263562606,0.33232292160288335,2.846302720513723,0.09527735795421659,0.3961778284015154,0.5903955404246926,0.008415251911061931,0.5442989449674379,0.003512559974245411
1000.0,4762.454419537007,20.0,0.1,0.16555938620603516,0.24608834562603263,2.790273836395686,0.11691261075273014,0.3801255669819666,0.6252812688887772,0.008186727743249373,0.5558742530167772,0.0033407551368803304
1000.0,1679.172843294008,20.0,0.1,0.10208479033605133,0.42882875446890556,3.964019516574159,0.11385807356605673,0.37999381038807745,0.6524795820292687,0.008841464788905188,0.7513628123253822,0.004670383393741682
1000.0,2726.9003264985367,20.0,0.1,0.10557237942023098,0.24243687228524022,2.9785051161026503,0.09848574809142635,0.37889171491845763,0.6032160775908919,0.008297854962592414,0.6637609561816274,0.0034461104015737574
1000.0,1551.5428492342867,20.0,0.1,0.11673578856611184,0.12120527280028949,2.9812861514725504,0.10603538507576263,0.35797254088491015,0.6140183428430124,0.008434213842591444,0.6993031581529601,0.00369937184588146
1000.0,4450.768238909906,20.0,0.1,0.3477741372603457,0.16920402596853398,1.7836504304485155,0.11487450195830679,0.3579264730368801,0.6126362482873189,0.008104503477477204,0.4829675030593129,0.003090601389750554
1000.0,1619.35822144151,20.0,0.1,0.20644989039263087,0.1421547988439412,2.9327073469786367,0.09951393533003779,0.3799478373997307,0.6112590510145266,0.008207824027949772,0.5685349069972728,0.0034083009128757394
1000.0,4192.137752757838,20.0,0.1,0.21330759041158248,0.423468471134934,3.943994485834714,0.10742626974038343,0.37500782937014776,0.5916578314655404,0.008182547154034924,0.5794615742241968,0.003068801766718994
1000.0,1777.459162925717,20.0,0.1,0.32889030424838195,0.449591677906616,2.642024165746347,0.09758218701069823,0.3577021286516058,0.5798261801356915,0.008182751487150837,0.481311715398865,0.0031510775214325694
1000.0,3543.351670553825,20.0,0.1,0.10119829538003647,0.15589327486467475,1.44305727981087,0.11747606447491658,0.385739671366525,0.681200194542873,0.008586864994739624,0.5274021303019648,0.003837836769376041
1000.0,4215.658389590388,20.0,0.1,0.2754947885203657,0.34852321492120436,2.502813509994528,0.10201381061969286,0.3571940094311649,0.5778461973025584,0.008076449482645241,0.4884608551720403,0.0028912251932589903
1000.0,3631.843969131381,20.0,0.1,0.26470634812139515,0.2718844364434664,3.7209815045600423,0.11750855281614292,0.37016800019151086,0.613633572190448,0.008134189729828718,0.55322563518715,0.0029929583454374035
1000.0,2806.3791847370076,20.0,0.1,0.26812360116309947,0.22789429421531301,2.3132713589102543,0.09357170769405475,0.35075472426879634,0.5595975879380443,0.00813232311661091,0.4750744521510198,0.0035256045605840222
1000.0,3830.1587081118723,20.0,0.1,0.2722751780234496,0.25636453388874747,2.860687987590917,0.09439962273418687,0.3939163095585289,0.5969276325181322,0.00808080380275567,0.528061816317547,0.0031064648814116123
1000.0,1747.970041713516,20.0,0.1,0.31810567777723553,0.1513299693235812,3.63023925814107,0.11917289259831895,0.36839796518419254,0.6251972707670721,0.00829633154593752,0.5248559127794604,0.00352363099943087
1000.0,2432.7787770652944,20.0,0.1,0.4190424688687552,0.44505896795590183,3.3668749631132604,0.1003810498541143,0.3605182697934258,0.5695466250756169,0.008165728904412941,0.47136620109739563,0.0031980564890362654
1000.0,4057.700368514846,20.0,0.1,0.3640577622122144,0.13328817040971702,2.6629241076661883,0.10401370124261525,0.37532864651327563,0.5954086086504231,0.008041547598429677,0.4967200371766335,0.0029681947598122287
1000.0,3462.5326057723905,20.0,0.1,0.2937458550809098,0.29498812034903465,2.774378412483018,0.09353282396987189,0.3733782536786922,0.5770473466567907,0.008069441153313624,0.5009960565238576,0.003194427065138773
1000.0,3901.4775623531564,20.0,0.1,0.3258780033212987,0.3901280864677238,2.2190158150371806,0.10645767864979293,0.35310639830193835,0.5871471199227687,0.008044583629111632,0.4780877228631071,0.003079517208412921
1000.0,2763.6741157529495,20.0,0.1,0.3192097036732245,0.38748278425355975,2.185771900378231,0.10478222270706186,0.3554622983049083,0.5920975970945868,0.008054783394232571,0.48307248879734105,0.0029857848665548756
1000.0,1722.8672137129108,20.0,0.1,0.12476278768689114,0.1778933993023829,1.249269688570233,0.10262866843966084,0.3617892567041328,0.6424761165184686,0.008324393795331023,0.4977206000589058,0.003235256963617518
1000.0,1873.64216383158,20.0,0.1,0.2037602195802736,0.281584636132053,2.2503089336262665,0.11496321602393376,0.35999345712614167,0.6346792314029653,0.008144490192013833,0.5523817499903101,0.002984478752538891
1000.0,1601.9113105948998,20.0,0.1,0.3217270050954685,0.4096138808830717,1.889153283924797,0.09942506338491836,0.3792642940979383,0.6154511139772301,0.00816013471521009,0.502518670883853,0.0032756852072890106
1000.0,1742.0768771536257,20.0,0.1,0.3006200861401118,0.4274517079751835,3.0014079223954386,0.1004283640603578,0.3595756193244932,0.588174687493766,0.008158362407114322,0.4940790801581802,0.003179491492648557
1000.0,3148.841483949053,20.0,0.1,0.32038589199056366,0.10278406644503958,3.0579362323631676,0.09911350889688283,0.35474528904949654,0.5664159436777727,0.00808038750985692,0.4856652055156181,0.0031316770273569624
1000.0,4514.288011685042,20.0,0.1,0.20795653157138907,0.2810603453108472,2.1482502509126116,0.11944666485500569,0.38719522867533507,0.6485403686816494,0.008212188472274071,0.5318703923912339,0.0033045978672207213
1000.0,2167.788575834574,20.0,0.1,0.12157123998831988,0.29965833342656534,2.9032742012227652,0.11239275952110933,0.3797255729266093,0.6466629899301098,0.008204888740768634,0.710115654842485,0.003010456892040065
1000.0,3689.090987109268,20.0,0.1,0.3723458466077384,0.13601898626005265,1.1460596900230482,0.11843932998950495,0.3877824347298013,0.6720247706278033,0.008377023547957394,0.5177261966759651,0.003390411634692693
1000.0,1929.1471873991459,20.0,0.1,0.35161433125165253,0.16317473104001012,1.0658536523201674,0.10403746770728019,0.3643044351636327,0.6209526865041637,0.00842190603474423,0.4881618890712385,0.003848589739894876
1000.0,4824.709254441994,20.0,0.1,0.10687940024697294,0.23587109155977165,1.2541038719326245,0.09697033547322424,0.3518746442930193,0.5740244321301323,0.008900216064552572,0.45627993498425884,0.004425262709024378
1000.0,1896.8069277961001,20.0,0.1,0.4164477174638582,0.20085059175677733,3.7061899145282378,0.09910855683519106,0.3752688342792534,0.578818448242945,0.008249091971407715,0.48669239475540477,0.0031267562251128473
1000.0,2532.3975528664596,20.0,0.1,0.42085914674887337,0.44373841634324407,1.2950996302531403,0.11665409507628666,0.37037581468705594,0.6488719200256918,0.008543827198920266,0.5024813128118808,0.003521412492422058
1000.0,2362.2070738205207,20.0,0.1,0.2867491844697203,0.18330068455260473,1.332349578126339,0.09327591313017528,0.35597341687604794,0.5841854285101106,0.008125873672934388,0.46469633297783525,0.003016984083842806
1000.0,2041.6408438884555,20.0,0.1,0.34510989295331507,0.11452789792192661,3.034370328319943,0.09260556945874515,0.3651825134630576,0.566506351711997,0.008156070451678307,0.4791583550385027,0.003182465293929429
1000.0,2950.5977961983817,20.0,0.1,0.4162040933608392,0.17684230755650876,3.7804639176540267,0.11531457476940962,0.37326790337124155,0.6052512099816268,0.008211864023649923,0.5003309369101838,0.0030219915072839977
1000.0,3213.8975117179457,20.0,0.1,0.20429180017044402,0.19157651873559078,1.2347084090045857,0.09104930618753916,0.36797856922857697,0.5936142295523144,0.008122783984879225,0.4718502165303398,0.0029786825432186153
1000.0,4460.2742679024095,20.0,0.1,0.17218332559493935,0.36488737292870754,1.1305824396553934,0.10668823612762908,0.38008316210595317,0.6419141641263629,0.008359447749900255,0.4985975848372717,0.003556967553508491
1000.0,3784.0544973504007,20.0,0.1,0.23000748033934829,0.3172820881766498,1.7618873014148941,0.11143698213490377,0.3782846562971683,0.6355547518938824,0.00804865632356441,0.5056634889057188,0.003025174470982638
1000.0,2994.3832133576907,20.0,0.1,0.2723161435975761,0.4210626030204806,1.9811425177543638,0.10015112536898753,0.366275829293812,0.5965973465784157,0.008057048123209511,0.4874396132701533,0.0031420830418839745
1000.0,1630.47861166625,20.0,0.1,0.12163225336252792,0.10943943242354078,2.902964532093346,0.09851636075048274,0.37191788200442655,0.6065585263004751,0.00838821002603075,0.677913100584142,0.0036279593030022037
1000.0,4557.205506490174,20.0,0.1,0.24222101942230184,0.3813706361398683,2.405224409593135,0.10245321133083587,0.3642824018165029,0.5844197336938649,0.008112068596138071,0.4945971299277217,0.003124758623810811
1000.0,4382.588357279403,20.0,0.1,0.23237881868615357,0.3516677299220857,1.2603599497802676,0.09603757367094985,0.3965955572353894,0.6295764987827562,0.008196267296028077,0.5034954969973862,0.0031695455428750207
1000.0,4994.601173824823,20.0,0.1,0.25481134179387754,0.42164900390905113,2.7612582604057874,0.11731904625786577,0.39133554495926454,0.6403506899859044,0.008235715670060071,0.5475183762908914,0.0035844219875999805
1000.0,4916.357272180741,20.0,0.1,0.28874699995498293,0.4297955852206765,1.9645588560366138,0.1154666956124785,0.37888465621034273,0.6341362014719725,0.0081869990240376,0.5079142251791108,0.0034620975175955024
1000.0,4489.854001829561,20.0,0.1,0.33543144135824854,0.20421047173077225,3.207607353056852,0.1032846812869887,0.3500118396376575,0.5631740350173772,0.00812813542310441,0.48151364041381023,0.0031014512179896913
1000.0,4856.010522736003,20.0,0.1,0.4392286429521265,0.11359559392847002,1.1086563573482962,0.09419623624703759,0.3826303822429708,0.6034767474107154,0.008909266277739945,0.4838379694938688,0.004620741713053268
1000.0,2731.9916450818246,20.0,0.1,0.26235683528339326,0.14114198703692857,1.908037089818111,0.11932617062685844,0.37200916879727075,0.6489672072656126,0.008092780846868288,0.5180446306989779,0.003228489046616847
1000.0,4157.932166995726,20.0,0.1,0.3144840764062927,0.4311936516448023,1.299061836925048,0.091961776538326,0.3896735549367369,0.6114467235865295,0.008179376051209452,0.4902006929311356,0.0031729882214005718
1000.0,2142.8952712938826,20.0,0.1,0.1502903831547009,0.26697073146652883,2.51621119913995,0.09865032824119352,0.38319278380995375,0.6134754811080971,0.008129541105567987,0.5965819487265038,0.002922007892484094
1000.0,4273.901510636835,20.0,0.1,0.11711660077319029,0.3866542499399741,3.5082732143675877,0.11066913805128177,0.38475847121427337,0.6192471500384361,0.008215642152550048,0.670308678718927,0.0030424701934289814
1000.0,2134.2848234359412,20.0,0.1,0.43777659592958695,0.4405825810259282,2.2403171627678646,0.1062651072164833,0.38962665025880716,0.6209211406829944,0.008276754867287666,0.5086708975651256,0.0035614351243380446
1000.0,4242.9355043589785,20.0,0.1,0.33956444826778376,0.1903787332624195,1.043975385687319,0.11697832157141043,0.3638441082217285,0.6450762905574533,0.008424030457725312,0.4916504449187136,0.0033882173473145597
1000.0,2300.1909275550342,20.0,0.1,0.2668653635989032,0.26448020096436753,3.3244098093834764,0.09581339886310614,0.39058650713223503,0.6026944075347767,0.008130536506746826,0.5333263700948395,0.0030876930910348046
1000.0,4315.124897005198,20.0,0.1,0.1898717289160472,0.2796476862353061,3.675864257775702,0.10413181824888028,0.36570367076917865,0.5773879285555015,0.00805112985846672,0.5796686872244562,0.0028506429915805655
1000.0,3219.404485486197,20.0,0.1,0.395684538324395,0.16851764328441077,2.787352110783553,0.11367721626788774,0.3856277173679092,0.6266110904085467,0.008063725878043167,0.5137205590778203,0.0029795888367744948
1000.0,1566.257274143782,20.0,0.1,0.1655388260125436,0.2947945412995132,2.6387151880873505,0.09017361600794473,0.3759058364275003,0.5903094273901571,0.008298636342779631,0.5878955747972884,0.003472927270319661
1000.0,2646.6732660295265,20.0,0.1,0.19538599692777642,0.10452490826641825,2.807868698920631,0.09246223384201264,0.38710144780342504,0.5915704999012912,0.00815130141909787,0.5603071084562233,0.0032739863995070646
1000.0,1854.6615215271784,20.0,0.1,0.13960939640230716,0.419359031375405,2.9532582643759047,0.10515950778851373,0.3779987152317235,0.6295505339171613,0.008227429212085139,0.6741921451696029,0.0034065681906009083
1000.0,2587.0417190984053,20.0,0.1,0.2330980033970461,0.3532007684518572,2.0574312652632805,0.10755296741360315,0.38442827678779007,0.6360449406782621,0.008040205910238503,0.5251580962686085,0.0031349584719551236
1000.0,2691.127627768742,20.0,0.1,0.3224869378232949,0.2241872378909882,1.027911524235291,0.0953423502096691,0.3953296864433251,0.6333911040428641,0.008258746804041012,0.5049163533272651,0.0032896780067139834
1000.0,2711.267084636592,20.0,0.1,0.2825766343473157,0.38315047711770767,3.3801731002019078,0.11330969709589789,0.3650707235081129,0.6115518856406275,0.008088531974459398,0.5291748359307309,0.003128071402360396
1000.0,3680.051771726186,20.0,0.1,0.3634421504627986,0.31241138413208175,2.1322506476416954,0.11020700750970953,0.3647733685561532,0.6069616359708706,0.008010040062741652,0.4890652703576055,0.0029570743435713798
1000.0,3546.524137152792,20.0,0.1,0.35042538450201144,0.28546233902637824,3.3608213653991124,0.10151313066575944,0.3786927565424271,0.5907156170258543,0.008054130362913381,0.502631809116892,0.003013981689405424
1000.0,2970.4824587221756,20.0,0.1,0.4368712238534973,0.16725224707270867,2.164274109092824,0.11100205301985311,0.39137565584441397,0.6304725360421396,0.008193517374468128,0.5126990059621609,0.003429296600307379
1000.0,4372.082312039784,20.0,0.1,0.18429454813223234,0.34401995169962923,1.1021923168944174,0.11104024662296215,0.37370324521742887,0.6471860223588388,0.008368754903369031,0.49725085877407876,0.003593576734054316
1000.0,4162.142922983832,20.0,0.1,0.14519389399371468,0.23033849469188336,3.2960075198156975,0.09237078038224639,0.38963380004897424,0.5797790969631268,0.008157886716227102,0.5865138252154833,0.0031142079328259553
1000.0,2382.9412068098427,20.0,0.1,0.44855765325030283,0.3802935144401426,3.285469353209752,0.09189256240476072,0.3668338323025487,0.5565000903603055,0.008286182034825954,0.4673324790603607,0.003511283041386272
1000.0,3989.1176505508465,20.0,0.1,0.16055883999418774,0.4097344777833217,3.862963907331789,0.09200288497163993,0.38361250810207786,0.5700188451245751,0.008182040705994468,0.611229760185705,0.0030884700801762075
1000.0,4756.530897250535,20.0,0.1,0.16311033865167707,0.21281954531121342,2.9345695754926613,0.1112417605126636,0.38749110801794767,0.6182672821327394,0.008128501255552386,0.5646276642651693,0.0029860339266863252
1000.0,2953.1734148089836,20.0,0.1,0.203231865442266,0.43997112841396213,1.351770126438546,0.10551441577021106,0.3791142149024539,0.6489339921677393,0.008054880503005376,0.5014079113641291,0.0029194708601711647
1000.0,3827.231121284703,20.0,0.1,0.4467701930012702,0.33581836825307687,3.63659666473149,0.10930002052831263,0.3627356670213296,0.5811166166154558,0.00825710704641389,0.4794531312496848,0.0032503282688048723
1000.0,2278.275899912729,20.0,0.1,0.43953689363565684,0.3297235958713297,1.6362940980444938,0.10198579274450346,0.38983654403396517,0.6208234285932663,0.008329602614012228,0.504807657000706,0.0032441278474955744
1000.0,3526.5776921563975,20.0,0.1,0.19237185213537106,0.375182451341155,1.6926579386131169,0.1017161198462587,0.35765230767727746,0.5969018356083862,0.008058804533259013,0.4749363293901761,0.0030959888698913617
1000.0,2637.327066896949,20.0,0.1,0.3784122129080326,0.3591193110031957,3.5118530912689256,0.09356904605074584,0.3734516543452538,0.569777833502088,0.008124996322525762,0.4813346298295184,0.0029555607335002227
1000.0,2133.8986564847974,20.0,0.1,0.16667396712397178,0.23757623520092305,1.3311814125965318,0.09291495127795402,0.37770561811998743,0.6220515317003618,0.008123605222085004,0.49362734022866467,0.0030669421217231663
1000.0,2919.3389434645323,20.0,0.1,0.3508958897400083,0.2562025531477105,2.3310921996957905,0.1085739089036456,0.39430959294695384,0.6344868270655897,0.008026726567485895,0.5217403267542504,0.0029621745977494785
1000.0,3931.9144666906454,20.0,0.1,0.44518939953655845,0.36728529269087773,2.7102734123756407,0.1014154471167831,0.36534608556350806,0.5778882019337124,0.008196445039354825,0.47493571312570476,0.0033552205495912964
1000.0,2565.2425353161752,20.0,0.1,0.1568059622921207,0.3034772517720151,1.151195177858777,0.10356294181133369,0.3574374622810124,0.6302727436953586,0.008140204911667552,0.48005978981510383,0.002928119529242263
1000.0,2029.8149203408962,20.0,0.1,0.14252509470971425,0.3876802467958974,1.618112755715961,0.11566665501408926,0.39432303756813186,0.7020143036817625,0.008224256375743226,0.5471690010557735,0.0031084893836711945
1000.0,2564.7463276750586,20.0,0.1,0.24728622675643278,0.29355946225269774,1.702013695199553,0.10627396273322412,0.3947243488453853,0.6510028707958501,0.008039797995545482,0.5215480881230513,0.0030313370668023543
1000.0,2901.4059995602893,20.0,0.1,0.4252490271980415,0.20758420115157744,3.938446564070195,0.11263259924549893,0.39581537644929526,0.6211228441446447,0.008329478663111768,0.5191469896633948,0.003165564235762931
1000.0,1637.478207042615,20.0,0.1,0.2657427139210012,0.28958216875935394,3.6610101353486746,0.11417846672853019,0.3802268266210077,0.6335794736262351,0.00826312726794663,0.5470944970380548,0.003277268560897111
1000.0,4593.799278873137,20.0,0.1,0.37185410458188917,0.1562125228402996,3.4478506688083286,0.09477424254092819,0.3689794317786025,0.5607327306537553,0.008188982720846023,0.4816158625148925,0.0030502476015454826
1000.0,3855.6012667472246,20.0,0.1,0.352456163183683,0.38126516586349657,3.3725169904411705,0.1173305360969025,0.3749651462452063,0.6182819940645565,0.008120206880065685,0.5181951728468144,0.0032799383538001155
1000.0,3881.3937298439964,20.0,0.1,0.4396185128431247,0.21437864942407467,1.74453210969153,0.09815292779238549,0.38552873835255563,0.6036576417516586,0.00822006578164223,0.4908769217742391,0.0032936096147802747
1000.0,2169.112549668307,20.0,0.1,0.3648302271337217,0.2392390701099724,3.899544756118747,0.10353895363659489,0.35301366959669767,0.56756349321145,0.008311079734146683,0.47643175845545305,0.003201075337483476
1000.0,2284.7186175217353,20.0,0.1,0.34920259722445235,0.17999620681572048,1.9805704883216433,0.0961704180002579,0.39192137709558794,0.6089698721115823,0.008098807589581983,0.5040998011992389,0.0031699678519843334
1000.0,3422.824723929305,20.0,0.1,0.36291298522192394,0.43033389231564234,3.0922385781152535,0.11481402238273442,0.35832887098916194,0.6016277115299946,0.008086095268606633,0.4945241234492925,0.003265391767608353
1000.0,3328.4341679753065,20.0,0.1,0.4271815521902389,0.21278858590948022,1.5258372426898001,0.1079944945370063,0.3963723789963015,0.6438058822511437,0.008247240320975955,0.5140306672409579,0.0033597754025441826
1000.0,1726.4539710913675,20.0,0.1,0.3588492795883863,0.40768509402647723,3.507348013992361,0.10256997326920085,0.39897282391078287,0.6206939061005581,0.008197918566908274,0.5213482452803542,0.003133106865972414
1000.0,4745.8934833673375,20.0,0.1,0.15326435180271414,0.3257308462609262,1.9774658298444332,0.09925823330954597,0.3649348869645122,0.578678164168094,0.008228616690984847,0.48412055188235925,0.003270841012200298
1000.0,2311.475620323752,20.0,0.1,0.3511260371549688,0.22857063077638215,2.4972325629405265,0.11041815260858029,0.3632563225053558,0.6075928346869225,0.008062892706056727,0.4960058233872148,0.003093645331898915
1000.0,1608.9861886007673,20.0,0.1,0.3355823338723149,0.2331769204051235,1.0628708488353857,0.0971461509020042,0.3613728550140721,0.6051309029956117,0.008450863537525638,0.48090149732802806,0.004117064734810057
1000.0,4360.488502540984,20.0,0.1,0.1352434858082596,0.28160113985474156,3.492155709825864,0.11314342366595445,0.3690639890196952,0.6053020201392827,0.00812748959896952,0.6349510388116586,0.0029568715080677613
1000.0,4747.101156898787,20.0,0.1,0.3740704541793245,0.12898520909330743,3.7569082375838416,0.11708225788068653,0.39094343570646933,0.6231654286497958,0.00836211760468459,0.5290776221300035,0.003511142639156734
1000.0,4087.3692560815502,20.0,0.1,0.15096972368304967,0.2754564368236492,1.4248695975815355,0.09751363580877771,0.3816191034037071,0.6151391078750208,0.008151399658433572,0.492149066587297,0.0031755941127651044
1000.0,4212.991846997391,20.0,0.1,0.21607848635900037,0.15365984946040007,3.9269174922119285,0.09605742286572388,0.35262846534181325,0.5434834067432411,0.008239804474108974,0.534686848978211,0.003258030799353728
1000.0,2253.238025472765,20.0,0.1,0.1606219140358878,0.3250499960071628,3.5697497571045913,0.10723803675399951,0.39305683462082264,0.6345532798608452,0.008145696359185797,0.64537678275453,0.00305208238340173
1000.0,3650.2958935340826,20.0,0.1,0.1375657592359637,0.22973465784361471,3.9255268196651487,0.10451435307021406,0.3568811394423487,0.5734789319401148,0.008149025375349067,0.6552324538213657,0.0029498722681966082
1000.0,1798.2834766485867,20.0,0.1,0.31836267683477615,0.4031965233596504,3.02220589827038,0.11713371661198389,0.3702581621889902,0.6333579143131345,0.008160177478396894,0.5206795382309883,0.0031062824765803495
1000.0,2144.7443821416146,20.0,0.1,0.24919575722036122,0.30474650351295307,2.2569204149189446,0.11818977203840296,0.36996760440356635,0.6470122387854411,0.008121453420932467,0.5393505235584338,0.003337514960266106
1000.0,2396.829794903614,20.0,0.1,0.17646980615634844,0.3942922268232413,2.731599253399837,0.10773438653414938,0.3671733197810668,0.6164424744207434,0.008079321908274244,0.5891673088735676,0.003022055157079709
1000.0,3538.3215597938943,20.0,0.1,0.20021123201990967,0.1033116907134468,3.4275789344906644,0.10990199880277726,0.371797565495151,0.6041023864074042,0.008066315658743797,0.5871134998598206,0.0031416099384869623
1000.0,2710.185554730717,20.0,0.1,0.2651146122193172,0.43058825541814527,1.5961605984136567,0.11220182984393279,0.3849557738467648,0.6594686971761988,0.00806460112671384,0.5154804475772147,0.0031081639841499344
1000.0,4056.9071962604767,20.0,0.1,0.23310712106479034,0.129678689507939,3.1705710707455492,0.11026313967215505,0.3970531133458861,0.6294367770170729,0.008083031152673522,0.5769969531547764,0.00326651428700105
1000.0,4471.891621704592,20.0,0.1,0.34151470153889013,0.24078652325880173,2.974621038037155,0.10435265701181785,0.3741399799335807,0.5924658928614743,0.008077507505636062,0.5029973979676843,0.0030172591279480836
1000.0,3026.060394499308,20.0,0.1,0.32079563436965175,0.2363175221149175,1.2508853219022793,0.10397827466118972,0.363897262722625,0.6160151679194483,0.008040455002507753,0.48132426231702624,0.002891746906747315
1000.0,2983.910482034341,20.0,0.1,0.23600865000552074,0.3685073577537591,3.945487323110334,0.09595333397848613,0.3632865542459553,0.564258926839702,0.008248146558910277,0.5237787742614055,0.0037145308792203
1000.0,1750.5973139707216,20.0,0.1,0.3853837155202927,0.24286350412639,1.207383672830757,0.1165492783916546,0.37458579094989214,0.6590835889963991,0.008561427765519408,0.5135201278473547,0.0034939689615250892
1000.0,4725.09795293543,20.0,0.1,0.1695982730002249,0.26300731593636867,1.6592460540885163,0.10744916538550608,0.3970727627146439,0.641706695213548,0.008243453639655025,0.518351415331233,0.0032846913722962513
1000.0,4067.7482334933757,20.0,0.1,0.22450463389412362,0.29153217144449917,1.517099422362345,0.10388685699260745,0.3782578767275975,0.622414485052702,0.008062829362534068,0.49430813059811474,0.003185813405926425
1000.0,4783.016057519448,20.0,0.1,0.3671345964535412,0.3773919370541631,2.450643966737787,0.10311324983011907,0.36669794313911147,0.5871122084383898,0.008095493324065105,0.4834920035422642,0.0030722161835386712
1000.0,1679.8149539193141,20.0,0.1,0.20160500942273427,0.17104755674943387,2.5753097646432908,0.11010466554698879,0.39048353845981665,0.6506844023872568,0.008156450026507044,0.6016561704515607,0.0031066180988362077
1000.0,3170.195817227805,20.0,0.1,0.43283785310259226,0.2572371518626314,3.125836662320043,0.09268623436451273,0.36075154789639635,0.5525866533468496,0.00817711628698476,0.46175663556986013,0.003149514580295295
1000.0,3478.082092237979,20.0,0.1,0.16795225987392326,0.37332969092623347,2.291654294786885,0.09404848771693917,0.38849747717196714,0.5964078240237249,0.0081343162713432,0.5203006268486481,0.0030116388239119535
1000.0,4361.762999581553,20.0,0.1,0.1257944477620817,0.1970960147305894,3.1404010326999803,0.11404947149918396,0.35705486637959416,0.5979094332853953,0.00821340245106816,0.5840837193676527,0.003184643792713378
1000.0,4796.036748556286,20.0,0.1,0.4214483920808123,0.18747858107448148,3.080866182536847,0.1135704165773246,0.35921189623072797,0.5908987836293825,0.008265983326186666,0.484075235084753,0.003424512366106305
1000.0,4019.918376851041,20.0,0.1,0.4263824896800904,0.3029221593687147,3.1606058760218425,0.09894060031203078,0.3868918229417468,0.5909686626795145,0.008138284379577879,0.49465198351645684,0.0030800162077301296
1000.0,1552.843820816879,20.0,0.1,0.14655779024839938,0.1743384682420387,2.3621866296978307,0.10992856527007876,0.3551902561614644,0.6228452693078871,0.008231265962166535,0.6038333469967657,0.003475479518134735
1000.0,3164.5411267776462,20.0,0.1,0.32365006851898326,0.2631137170656417,2.8864573431134737,0.11396791100558128,0.3568415894333961,0.6037250814842139,0.008042386651232643,0.504712034502708,0.0031035661767764185
1000.0,4571.175897293124,20.0,0.1,0.38949853222004605,0.1726815039198315,2.4567466176147956,0.10731023565466508,0.38220945265499146,0.6095005043112567,0.008077250623480936,0.5011518890739478,0.0029643014333596176
1000.0,3050.975793513869,20.0,0.1,0.1948405204218736,0.43489587190736856,1.9012368326021236,0.09802928103782035,0.37538879515796625,0.605392317596267,0.008071647009996328,0.49661670897771715,0.00295451897649831
1000.0,3719.0183597070427,20.0,0.1,0.36852978964963046,0.3530891162800468,2.156814263775583,0.09632771744040546,0.35716941382962886,0.5681126029688085,0.008058305218481839,0.4657005365770376,0.003073675520322285
1000.0,3440.4764327857924,20.0,0.1,0.12202071244482207,0.39962996112069304,3.538789140696017,0.11710411772475098,0.38561632593790457,0.6437237258302443,0.008243332508512072,0.7228634572926299,0.003407726556577558
1000.0,3135.866758138691,20.0,0.1,0.2970980414215572,0.1745386487155265,1.8971798772724109,0.10005270154595046,0.3758943639262112,0.6014573488183408,0.00802430341961692,0.4933039660359732,0.0029525602080683173
1000.0,4358.639576265743,20.0,0.1,0.428458960540931,0.36637532740009005,3.303158806443223,0.1170165626037869,0.3672602801676883,0.6048534436746816,0.008253195601732013,0.4942952492937174,0.0032000119538676056
1000.0,3360.695054753707,20.0,0.1,0.4225049656841363,0.40015333874967784,2.142666331821384,0.11442347411402762,0.3663219026273794,0.6159310031751631,0.008159565174058536,0.4918466008748328,0.003162392814628928
1000.0,3087.030839728541,20.0,0.1,0.44459672358864233,0.42279774537044656,3.9706213795895664,0.10850949642095861,0.35991777223554905,0.5745094807484512,0.008438160437117042,0.4767954761355146,0.0036590404903459935
1000.0,2960.463831441961,20.0,0.1,0.40005462490440014,0.18009153488424873,1.5104215905619895,0.11041875640047892,0.36233849133185797,0.6161359318983983,0.008137674506448525,0.48499514196832655,0.002890419296204034
1000.0,1597.9286837471316,20.0,0.1,0.13964250708655512,0.43811441621304426,2.1065021345081782,0.0999373169662189,0.3795706690562219,0.6322194124684328,0.008265357405943217,0.5684214223430694,0.003357916241255999
1000.0,3654.8089098470564,20.0,0.1,0.4491966393753807,0.21152868696038218,2.807762216008585,0.09909041399147052,0.39944868857538013,0.6059257899049644,0.008201514003266257,0.5059538370967365,0.003314508366036558
1000.0,3450.884361651594,20.0,0.1,0.20373390395445548,0.4471326040290603,3.0786902548338246,0.109215223390977,0.37777573708446865,0.617520989133769,0.00805890211258949,0.5764299115223575,0.003194001158463693
1000.0,4381.87515069364,20.0,0.1,0.4337618711491662,0.3244247358118485,3.9801298153974978,0.11876957123633924,0.35842836589678223,0.5903697502413483,0.008597905232317656,0.4864641174795123,0.003982103794733766
1000.0,4173.37220409016,20.0,0.1,0.4170107221550744,0.14062396647330122,1.5773417504169571,0.09512457451877056,0.376566862958005,0.5905896718137587,0.008196226336916732,0.47847378968457116,0.0033768165901692203
1000.0,1783.0789536061245,20.0,0.1,0.16479672091894976,0.19224430429923878,3.248270775130552,0.09640705985441467,0.3963243472020898,0.6188920188306816,0.008277276164029354,0.6214290631775359,0.003404545464309734
1000.0,1873.6652008977394,20.0,0.1,0.32252438023885477,0.26934367906311174,1.4349801994020326,0.09995078431903708,0.38479056179459337,0.6298745086362869,0.008115222548858443,0.5045905572967153,0.002989799845072925
1000.0,3513.6324277248887,20.0,0.1,0.19113602880565986,0.2730524921674671,1.4245831510133278,0.09462791253043541,0.36572855432154744,0.5947656170747286,0.008076882773205458,0.473137200841018,0.0030826762867407925
1000.0,2398.618007022508,20.0,0.1,0.2187950480092941,0.3624066325499793,1.058396099245623,0.10950609322084133,0.355244376282919,0.644086325872328,0.008187468792708659,0.4860719887222145,0.003014302123619861
1000.0,4955.335807121313,20.0,0.1,0.1340580638460518,0.30364591623169024,3.2816441312465194,0.09206492950272226,0.3667146394963265,0.5513293080310068,0.008288995474711265,0.5390440102547945,0.0033385504870478647
1000.0,3405.9108763733075,20.0,0.1,0.3927241765699021,0.251693998831262,1.7109916731293704,0.11128494004204292,0.35141080395549196,0.6022008524565873,0.008081749759908465,0.47391608346967784,0.0030227031504747315
1000.0,4019.0100110370936,20.0,0.1,0.15473750372397738,0.26808174952758007,2.149073646936953,0.09977197643656723,0.3788150577611587,0.5956546223975925,0.008112141432551706,0.5063360932808256,0.0030054375713155245
1000.0,3164.0672813678675,20.0,0.1,0.4015246345259994,0.33502110300513477,2.3204955928761857,0.09201353204463236,0.3511562896356942,0.5500793323050388,0.008151139035362765,0.4542052331147859,0.003364694043435463
1000.0,1865.700952521566,20.0,0.1,0.3950423063229832,0.19431606999424256,2.624942421147744,0.10543906969950241,0.36906952221738254,0.5975265785102328,0.00812634860489452,0.49096700970691143,0.003038827540761353
1000.0,3458.7433775430727,20.0,0.1,0.3884892059241545,0.3189679817018479,2.9970756421100555,0.11854986168831393,0.3794197092699392,0.6291364388375997,0.008091276883678123,0.5140363405598881,0.0031491301557938388
1000.0,2571.794285821928,20.0,0.1,0.10453412299478529,0.19501682766516637,2.6731620140435797,0.11649193660081042,0.3543564132904326,0.6285237379605342,0.008331430726035717,0.6468515826050587,0.0032885166419383714
1000.0,2024.0261736433445,20.0,0.1,0.24000586907447,0.20640742763657155,2.0628208409238615,0.10313650717253568,0.3836191284855256,0.6261746138758386,0.008076325820725032,0.527554459910087,0.003031092662455489
1000.0,2216.828374473368,20.0,0.1,0.35761130809026387,0.2888146238700912,1.179511112405897,0.11673438438550816,0.3689188081823484,0.6574143166463929,0.008351886616823711,0.5052959005377964,0.0035932667921817502
1000.0,4121.444052499274,20.0,0.1,0.33336355292361625,0.19719291916442355,3.072357888692997,0.09199100363318315,0.36080796643277974,0.5534341336430145,0.008124095044948699,0.4772494708608575,0.0032565093472130342
1000.0,4661.063819777806,20.0,0.1,0.13509039161393396,0.3479785818110197,3.5590260164377865,0.10361953915835292,0.35251383171454054,0.5641710446173739,0.00817204466813596,0.5933732791459464,0.0029990452783374352
1000.0,4499.543357743515,20.0,0.1,0.3524774885263712,0.2928014736329283,1.5006063463847652,0.112328381728594,0.38840707577418954,0.6482061235638562,0.00812028151850319,0.5096977525930425,0.003010888135303017
1000.0,2309.153421750764,20.0,0.1,0.13097774609966048,0.37551067573491415,3.7040883313985073,0.10514168595246791,0.35714210673823255,0.5949357458457336,0.0082367808651086,0.6561540352945221,0.0030686103519366827
1000.0,3755.24095580059,20.0,0.1,0.26637122435331745,0.2778959853213303,2.227316052404562,0.09182252247230309,0.36916007425124275,0.5699873747231853,0.008106289909885375,0.4833537635944661,0.0032475110271851554
1000.0,2583.6060345985634,20.0,0.1,0.3717527115726573,0.42493128428630955,2.104000571603814,0.11139487683771035,0.3623135882156942,0.6126468933525687,0.008085760657777594,0.4902148108378922,0.0030577225399573875
1000.0,1938.3693201134633,20.0,0.1,0.11316834531612464,0.28293749452689965,3.569178273010068,0.09911875744309917,0.3894427962897484,0.6209095705453235,0.008401251388272779,0.7028052406921328,0.003431974000231975
1000.0,3952.225165652872,20.0,0.1,0.3177466637875133,0.31161718039386127,1.7162766418766988,0.11645986902400997,0.38097731692327913,0.6475366838846538,0.008063694833118716,0.5099943700807154,0.00305316155636464
1000.0,4995.4149941256965,20.0,0.1,0.32664014117640927,0.1531278511810712,2.9262508725530427,0.09503255421065933,0.37154083013580497,0.5683270750327469,0.008197362475563788,0.4905195534788398,0.0037296268735317406
1000.0,3039.327283940888,20.0,0.1,0.16173882325845812,0.3939961434007435,1.4059497007193553,0.11254756785043152,0.37608307912850636,0.6647930328971827,0.008100899103876874,0.5077429646569052,0.0030792060950665286
1000.0,3997.56112920572,20.0,0.1,0.2689647459154878,0.1517923435358017,2.8494465523746024,0.10775842337533426,0.36888564955756276,0.5989536907947418,0.008040743805747787,0.522184694823162,0.0029529959111630104
1000.0,2315.9067781455738,20.0,0.1,0.1852154663774191,0.12395619613038433,2.22369725186847,0.11687919219060287,0.3807278760567322,0.6548067643632968,0.008125888189739626,0.5668661296021321,0.003129054394688873
1000.0,1676.06448613959,20.0,0.1,0.28701724224979774,0.4462972552592368,2.8518803249726616,0.09855597763506466,0.35678107857986546,0.584510644688773,0.008195683450657456,0.49335300954597505,0.003252388925008801
1000.0,3834.1462348277023,20.0,0.1,0.14115838103948636,0.14249582276378522,1.900908873894544,0.09847980641063635,0.3982080253953475,0.6187819733008232,0.008178376924471369,0.5174729512627028,0.0030428343031943155
1000.0,3827.502208939388,20.0,0.1,0.2280080755318836,0.42811592912570173,3.527568829981665,0.1192049492824736,0.3874256859451772,0.6389614007207753,0.008138144415808552,0.596014446642818,0.003318707068935812
1000.0,1862.344991109762,20.0,0.1,0.2912319485590886,0.23994986914515054,3.2768111561410844,0.09046746424203919,0.3864404309701323,0.5882533911685762,0.008206651596542262,0.5114258681839778,0.003330189515930298
1000.0,4617.071341358394,20.0,0.1,0.4198141021420938,0.2203523212202921,1.6713423274614505,0.11404326456278607,0.3889221400286631,0.6457382279264666,0.008253500820838913,0.5105156896260995,0.003140169793775861
1000.0,3145.487417379479,20.0,0.1,0.3619273097400474,0.3476962064277245,1.163638572887121,0.11683702831978701,0.36640746206318675,0.6515995571673974,0.008273441709954475,0.49727016470266616,0.0034491938379744283
1000.0,1585.1865530297912,20.0,0.1,0.350096521361812,0.403772674694325,3.206685640315677,0.11956616331899682,0.38747921601334473,0.6507130376463508,0.008238780662694954,0.5323344225378954,0.0034739335551030787
1000.0,2879.313046447196,20.0,0.1,0.28336654046528476,0.1174289649955592,3.463678121251548,0.10240957328152761,0.3713910240941493,0.5897806922399654,0.008097265632683414,0.5208206638803794,0.003000023477049594
1000.0,3757.8975634878675,20.0,0.1,0.23053890256703238,0.3086554547843766,3.6075843526990305,0.09882085600379524,0.3800320085243964,0.5858221864491094,0.008065675871689743,0.554194197056939,0.0032449617710773324
1000.0,2350.2542197990524,20.0,0.1,0.31439155562400384,0.4213705469139575,2.181011270117264,0.09075084379145854,0.36128491555331327,0.5686305951185423,0.008172785613124511,0.47343775285927703,0.003320693918269578
1000.0,3375.292236430502,20.0,0.1,0.22504773650637436,0.2878095393050051,2.9194027619914236,0.09420570046195392,0.3623200434943431,0.5675679339398335,0.008075714870063864,0.5187287969219901,0.0032034310179155008
1000.0,3408.263903671809,20.0,0.1,0.15048378307263305,0.3532748836501277,2.548171523085064,0.10942387921618171,0.35792861253805563,0.6011890740506445,0.008082554745024808,0.5345491153418502,0.0029145261030703094
1000.0,4776.705821915229,20.0,0.1,0.441833840187541,0.329214583180365,2.104891619717822,0.11149106263779547,0.36650643033556146,0.607529180975645,0.00827688703210367,0.48515153134770533,0.003162698286128117
1000.0,3801.79868079563,20.0,0.1,0.2479226018463166,0.32423208762094363,3.712172529345076,0.09770145658060618,0.3765204208505298,0.5783558112985346,0.008103089635518639,0.5387022824685472,0.003227994046637288
1000.0,2595.2140822297424,20.0,0.1,0.415609552183384,0.43223732913643464,1.975775305639397,0.11195587437731774,0.3620508546406089,0.6113678911792003,0.008181404570897485,0.48780237740374816,0.0032901520312534046
1000.0,3258.7826709333076,20.0,0.1,0.3326907595376868,0.35315644817030467,3.8135484003356916,0.105083383782419,0.37205944143620195,0.5888485100302742,0.008159719988793043,0.5051981266468561,0.0032479693589324444
1000.0,3772.3438717317717,20.0,0.1,0.25105721250619467,0.42619217565326295,3.4186595180880226,0.10387281281846261,0.3797671006386574,0.5999778562898744,0.00805803608616653,0.5483298586119809,0.0031934067606042785
1000.0,2129.339563191802,20.0,0.1,0.3138299484046466,0.4247741100151936,3.3127168235165927,0.10712837489633247,0.3971201672903981,0.6335616066516626,0.008133293849249523,0.5362541075227165,0.0030972776391271464
1000.0,3687.816945381402,20.0,0.1,0.38063178965008393,0.42414244146522195,1.6307675157467991,0.11263656304793507,0.38020468847888356,0.6403837356925627,0.008103579644122194,0.5038792142626825,0.003046962364514311
1000.0,4634.025413224004,20.0,0.1,0.4072710000209543,0.41301440776877274,1.010307466885986,0.0949299817115066,0.3879615713001977,0.6174837782830094,0.00877350791608654,0.49087126019171484,0.0036094190228964864
1000.0,1800.2183071141021,20.0,0.1,0.3894472302177182,0.10613529856809145,2.451398014910784,0.11421089499162793,0.3938010857191928,0.6442215989220257,0.008208865806816078,0.5265520091571716,0.00329777803368633
1000.0,2883.9008323390926,20.0,0.1,0.44473762370558556,0.30993369872799725,3.7939778529799617,0.10120124406485853,0.36994694391400296,0.5725835952294661,0.008269614343982587,0.4792872238842663,0.003264753978425052
1000.0,2549.4910098156706,20.0,0.1,0.3414600994283491,0.13130149306305564,2.2611777875827404,0.11528793686313601,0.36409214192938366,0.6202947793188053,0.008080492881102188,0.5021090645667856,0.0032080292773134286
1000.0,2943.925902552166,20.0,0.1,0.24258883599790293,0.1417771772658929,1.7183302848985198,0.11934835738373328,0.3681670245959285,0.6500035098620136,0.008111019670559818,0.5080479992391248,0.0032389748779734434
1000.0,2102.3684119571662,20.0,0.1,0.15985112230715456,0.32171944752965287,2.2769280050200473,0.0910086020308568,0.3835758915172626,0.5978734339556792,0.008200850209584146,0.5483287032040791,0.0031123431651824945
1000.0,3689.939553384207,20.0,0.1,0.42245926083375884,0.21500342795520994,3.053467257422588,0.09143709740530027,0.3776615697821117,0.5672937500342213,0.00814725394450351,0.47780530454511677,0.0031271271191850958
1000.0,4456.993368270496,20.0,0.1,0.14499347579472469,0.4398347671005707,2.521425934755981,0.0937504553416485,0.37772496665784505,0.5748643784960142,0.008274683986487705,0.511510324134408,0.0034025229623317202
1000.0,2306.249595369434,20.0,0.1,0.3430433207453635,0.1832450851317196,3.892697389876145,0.1132399497883288,0.3929089515442256,0.6291270923462443,0.008300366736107276,0.5332660348577646,0.0034564897632648477
1000.0,3449.8038866192014,20.0,0.1,0.42061528425738226,0.14620721429268402,1.6729356033027498,0.09831544283834966,0.38444690531385145,0.6041793793780825,0.008164411100688012,0.49125425949406254,0.0032256904742804524
1000.0,2295.6611600235237,20.0,0.1,0.23917585554312615,0.32224665537381325,1.2854015918322652,0.09944836003387895,0.37918813157405645,0.6353057276795548,0.008047835419242975,0.4977737541282376,0.002954615510043206
1000.0,3907.1214697010646,20.0,0.1,0.14700893737220044,0.34133673186746444,2.4549508105938296,0.11373982947973439,0.3819170830439069,0.6319123807444988,0.008147189455418887,0.5457113720555533,0.002933689153809445
1000.0,4063.44534381254,20.0,0.1,0.12261710563410491,0.3254454103245591,1.5593541361645589,0.11282226755260205,0.35544606277193175,0.6262089866354958,0.008324863247453998,0.48569274020668374,0.003308568786135318
1000.0,3893.7173196181984,20.0,0.1,0.44458214512963556,0.1415167014850464,1.049132070543807,0.11199503866080099,0.35782884671329224,0.6207578970417881,0.009080748184606063,0.47866479458178274,0.004760003474264432
1000.0,2725.0330652014577,20.0,0.1,0.20592276702457954,0.10084243442538013,3.4782812895490287,0.11452150880192366,0.38229558730687185,0.6316585641971543,0.008129186618620412,0.6016554234379036,0.00302407206555437
1000.0,2457.3047543848043,20.0,0.1,0.40460147736141794,0.24661422831650015,2.2067348587484767,0.11424995894511776,0.3649835390379338,0.614851747206661,0.008138648295616108,0.49387560001375935,0.0031167721333995946
1000.0,3171.4284895507035,20.0,0.1,0.4301011337004492,0.1681265105711978,1.0020809802595645,0.11429192189682165,0.3549064008456552,0.6254378567494638,0.009103828479863891,0.48053593206690054,0.004460148082340783
1000.0,2128.9132003749273,20.0,0.1,0.20189344800502762,0.12226252130524734,2.6617719018784913,0.11618944709104603,0.3621895808877206,0.6303437043929292,0.008137463382523403,0.5800035607579189,0.0031858778780787253
1000.0,3085.788189128073,20.0,0.1,0.44663349200714764,0.4423455139184814,1.3133544607131955,0.11149903289563204,0.3948560261426117,0.6583530985582322,0.008650744147613515,0.5173191299049836,0.0038538290705768053
1000.0,3636.937568098432,20.0,0.1,0.4249894673093071,0.4425829768776436,3.678398761580626,0.11730202093121697,0.3871829817697072,0.6231875272817723,0.008258482442918194,0.5138991866742286,0.0032032504613599836
1000.0,2836.048464140873,20.0,0.1,0.12871228251039074,0.28891913759645516,2.52494482336208,0.09660940477078707,0.3872921921512522,0.6058322965062998,0.008165026987823303,0.5684755828868087,0.0029585315738865567
1000.0,4732.9905197214575,20.0,0.1,0.26960137842788623,0.4071684040105208,2.9246857006906004,0.11989397704539156,0.38030371990238915,0.6344515215041551,0.008200992238996594,0.5446527167673993,0.003589070607969495
1000.0,4393.78107425737,20.0,0.1,0.2192503480062074,0.1465327320338373,2.1606697237378683,0.11041723924821155,0.3723010658291064,0.6098561896363826,0.008094808135135542,0.5071244654875071,0.0030337361593800916
1000.0,3767.6454155452234,20.0,0.1,0.27625017450494077,0.4475629737279342,1.4357347031500258,0.09399421421234994,0.35401389406884604,0.5785779981248598,0.008131548955371128,0.45864902621906106,0.0031115487976028145
1000.0,2880.1891152782678,20.0,0.1,0.3577468938079793,0.37569178614814414,2.5248780417427836,0.09550430711673302,0.35291071357788845,0.5624460031721321,0.00809721124886772,0.46659642668145634,0.003199679824424872
1000.0,2748.429938028352,20.0,0.1,0.2910115530262469,0.16489062250820197,2.3041762362145035,0.10271644755480787,0.38021965381813305,0.6098279560455692,0.008037606359869038,0.5126143424436781,0.003132712772349079
1000.0,3827.0421380451944,20.0,0.1,0.2607480397960691,0.20106559641803873,2.254841721688131,0.10706788919557735,0.3699806647593838,0.6040096432187386,0.008025283885506801,0.5044393197869106,0.002929253795472621
1000.0,3916.2846970417413,20.0,0.1,0.25057550513353655,0.18280524690377942,2.8174366388153143,0.10215908199310214,0.3984975127956735,0.6175510997329915,0.008063038559703063,0.547836138286898,0.0030861318301965432
1000.0,1646.3918677717159,20.0,0.1,0.10267912028702235,0.30531079743475587,2.4985991271657353,0.09954944771467121,0.3667207037321065,0.613524464152831,0.008457805389619396,0.6550651662852818,0.003703839363383869
1000.0,1837.428216349329,20.0,0.1,0.24016071416120224,0.25229759417859976,3.0686843610939833,0.11993361177950766,0.3543066942102575,0.6296309771835967,0.00821104777530529,0.5470320589713429,0.003153457238997294
1000.0,2510.212152595087,20.0,0.1,0.12020787969218456,0.25212363720667497,3.976120669792617,0.0946236961982244,0.393229815548081,0.6003174283034451,0.00833621353934648,0.6858067355228712,0.0031790573358498556
1000.0,3441.5683903618196,20.0,0.1,0.15412748202731902,0.22385778607711454,1.3732828359529765,0.10519526225960557,0.36893764791282235,0.6293760765685101,0.008076059594881517,0.48947844387748024,0.0029911541631261972
1000.0,4598.381340597964,20.0,0.1,0.2921970953546269,0.21373407375693665,1.4257911408575077,0.09404213309224572,0.3706113275264594,0.5869966128823937,0.00815544315169893,0.4723911592606533,0.003109023727326935
1000.0,2583.299428184217,20.0,0.1,0.3744379418077487,0.38210001453063924,1.7428009586944766,0.115189136545216,0.35236501021037026,0.6177572143028348,0.008125012792880974,0.48360526414851474,0.003057830753584186
1000.0,1868.2483119596866,20.0,0.1,0.22658595435248427,0.13506258041029776,3.2738217640197487,0.11416981299725934,0.3988795650350677,0.6583023586284145,0.008213812934822578,0.589861677553539,0.0030942175030685554
1000.0,3906.3829116623388,20.0,0.1,0.1531565211153469,0.42389037558520537,3.142008431677916,0.11039637287686468,0.36490787737075525,0.6030269676709189,0.008095889922912419,0.5885452980484497,0.003101386488632665
1000.0,2567.1207422136804,20.0,0.1,0.30864649525952537,0.38451812826372267,2.374998687435267,0.09770198963633409,0.36758258970674096,0.5883306758488839,0.008083721101079524,0.4918454537744368,0.0031143299246892166
1000.0,2390.211556278001,20.0,0.1,0.4049945187778303,0.43844384023027594,2.3759405138667162,0.10609555644264992,0.360717185858759,0.592709219194946,0.008145899413704602,0.4808418338340435,0.0031312271326622856
1000.0,3480.3073400614057,20.0,0.1,0.2967070404715719,0.13660797964288393,3.7456754819711056,0.09300074808878665,0.3697607081138141,0.5613541241979108,0.0082008354514376,0.5008649125252258,0.003275629432419884
1000.0,1706.1604592069878,20.0,0.1,0.14980928250853914,0.26913628621117985,1.0945787018784277,0.11873224423476283,0.3866696382961891,0.7194294917585207,0.00855064855112357,0.5493512912697197,0.003665812854429367
1000.0,1598.2017013755355,20.0,0.1,0.3665514465997891,0.403180427238541,1.346698189458312,0.11206413494430505,0.37766711399826386,0.6538913649943731,0.008332598194920627,0.5132940618752146,0.003311827237448199
1000.0,4104.380581645839,20.0,0.1,0.2210853044863365,0.3635520722840553,1.9169897913008949,0.11157061678339757,0.3825348470237254,0.6343441680544356,0.008082436731263753,0.5124233380586105,0.003006114550216975
1000.0,2949.5262336107517,20.0,0.1,0.21845762063269009,0.29428243741601845,3.992821130297588,0.09470800267763209,0.3647958693192628,0.5621410703137557,0.008258488439284204,0.53365552055289,0.0037154250841282886
1000.0,2110.100346377036,20.0,0.1,0.2684394615035497,0.17289948633663366,1.6377324192382876,0.11961229838334529,0.3541113883535782,0.6446475434230615,0.00816848485857424,0.4999277430874351,0.0034076222476957904
1000.0,3811.3545382695356,20.0,0.1,0.2673707739777859,0.4303664467571754,3.3353838230945607,0.09662600728871329,0.3981796405760366,0.6036290457399175,0.008102218926326807,0.5460458196805408,0.0031549771788315782
1000.0,2671.6641211730766,20.0,0.1,0.10566763200521512,0.3267822383734347,3.5636147106400577,0.11981943834974759,0.35200778234208285,0.6286047677271606,0.008534533710517829,0.749908823927065,0.003750101120225232
1000.0,4673.3515225229075,20.0,0.1,0.16392291921489097,0.371177642031137,2.803437652889788,0.10504703978808982,0.35758833165622805,0.5773125689653638,0.00813857888358584,0.5186950999878926,0.003182919455093265
1000.0,2604.156416028108,20.0,0.1,0.14905218781073176,0.44197674376503715,1.4321993613952153,0.10293736389675077,0.35193940650215927,0.6194834129894603,0.00813997144563342,0.47325946884578773,0.0030503767928552156
1000.0,3553.2872316112926,20.0,0.1,0.4020037108799832,0.35711604209461434,1.3865646893624661,0.09821583868199069,0.3913019650119668,0.6223164520895885,0.008185510510240426,0.49858748949144915,0.003264481781675214
1000.0,4580.203766028061,20.0,0.1,0.2889481528557703,0.10513776324244985,3.2673122049747723,0.09098064877859953,0.3535949120534394,0.5403313303190644,0.008198638387647249,0.482634858125647,0.003232678401902611
1000.0,3931.6691921921647,20.0,0.1,0.2925621384567385,0.17268316633164213,1.9997148611959064,0.11062565537389404,0.3945126983682269,0.6395953987310052,0.0080342932116757,0.522362475264865,0.002990716633230125
1000.0,3567.128614348162,20.0,0.1,0.2039418943672212,0.27052970223969763,3.7681022800430717,0.11945661220133304,0.38594837222605366,0.6354946137965274,0.008141390503579454,0.6185197886928134,0.003081145115800207
1000.0,4361.492448359099,20.0,0.1,0.24022748266132093,0.2470724012693804,3.4361580143712276,0.09782385103701136,0.3675517999160799,0.5690743225561689,0.008072545565919973,0.5300960636054749,0.003123656678065326
1000.0,3327.1973740252106,20.0,0.1,0.23377043299990344,0.4157800177638822,3.8531545297303125,0.11039838160477475,0.39854969329380896,0.6294857193670763,0.008167933243266444,0.5871957365011669,0.0031422553952794494
1000.0,3213.933380724752,20.0,0.1,0.34309653661178063,0.3969735947976284,3.9088148815658705,0.11514234050721557,0.38055800457508293,0.6162336352978556,0.008264922118984093,0.5232510164364828,0.0036206343267668195
1000.0,4820.369899233443,20.0,0.1,0.4392559261722664,0.2856289783099135,1.936410513476238,0.10996856488855547,0.3664349781884725,0.6071657686484836,0.008260931765407552,0.48329343250018914,0.002959034908983424
1000.0,2159.79048494408,20.0,0.1,0.3423455095990798,0.2475046587024932,3.732785619529711,0.11951631278197744,0.36015314142558374,0.6113350486338972,0.008262771929268515,0.5085068989696612,0.003369506734497435
1000.0,2644.9722531931716,20.0,0.1,0.22751024794674016,0.2315853710093539,2.6108189757970397,0.11954541792885696,0.37122152890887117,0.643186713001921,0.008095392672616242,0.5637745316258006,0.0032929188052632802
1000.0,2256.6843725461968,20.0,0.1,0.1846312508372543,0.34645976885946683,1.1918630817368203,0.11417568989199142,0.38639979482878606,0.6940867317634397,0.008170950658379961,0.528095287994995,0.003039315676071647
1000.0,2184.936701347532,20.0,0.1,0.2264434664086941,0.18995305577155885,3.325443903834932,0.10666135761925247,0.39818753053612393,0.6370262242212663,0.008137491571930664,0.5800284722892225,0.003072621337651507
1000.0,3702.5327894161655,20.0,0.1,0.14751158807133838,0.17279658941370973,1.9266536776288123,0.10708979707576192,0.3951072217734056,0.6386901836568013,0.008129683366089482,0.5254606400962756,0.0030054495077615167
1000.0,3803.2612907478306,20.0,0.1,0.4199135453906715,0.16811809431087094,1.8531522402269676,0.10811272764837464,0.356452420517155,0.5937413903393116,0.008118303942005694,0.47328041648905783,0.0029958514975313892
1000.0,3747.801885749059,20.0,0.1,0.4109699332483765,0.3903902625572684,3.0744627297942246,0.11111630018971669,0.37300355943596375,0.6043544788939048,0.008093156315146175,0.4960344375738378,0.0029061177084268464
1000.0,1635.3569151878946,20.0,0.1,0.38308797731245847,0.25687694528360194,2.4285026294298317,0.10321912517764839,0.3753914310340799,0.6036594292929188,0.008156604231701689,0.4969695756703609,0.0033100046135428824
1000.0,3767.62329734601,20.0,0.1,0.27228435945012447,0.2543798466376169,2.5917002481873426,0.10144064818685086,0.3895720912449443,0.6101617651964387,0.008039929272528699,0.5266319153669585,0.0029854667657592177
1000.0,4384.944348012949,20.0,0.1,0.13656972360273892,0.31565138761170236,1.5391560421514172,0.09476432160840792,0.36495912296499433,0.5847753544395284,0.00824469683559976,0.47254718357901554,0.0032034221006086916
1000.0,2912.848321868065,20.0,0.1,0.10956804235001279,0.18343018891094842,1.2484093546610944,0.0945443496729301,0.3667811455596618,0.6079902241291936,0.008372626618617443,0.4774157066895344,0.003357311128438657
1000.0,3389.620305376333,20.0,0.1,0.4080600034154521,0.4051644759321943,3.9478529444472925,0.1149836812471563,0.35171796095643915,0.5807091804393862,0.008372113257336571,0.4791464582785235,0.003575569124259306
1000.0,4758.6803502754265,20.0,0.1,0.24020358556560542,0.4078999581945071,3.640490677149066,0.09054044964007163,0.37536562889718306,0.5581581770285396,0.008219105635528941,0.5276555480640197,0.003189283985851268
1000.0,4644.021803005709,20.0,0.1,0.33598616986342844,0.2754735775557304,1.1741236729430984,0.11182222262009754,0.3620268813363959,0.6275972372781345,0.00823246651114902,0.4831841015349642,0.003109378478187945
1000.0,4651.86837710742,20.0,0.1,0.2519451129896883,0.19446708467724938,3.8897179753244937,0.11073754874110968,0.35750651257789473,0.5773043870423653,0.008251426563622015,0.5397010124557805,0.0034109297709681674
1000.0,2482.027587831295,20.0,0.1,0.20142576855205313,0.13261259539217776,2.125811662116175,0.0958407988418806,0.3884228245108444,0.6076081324402848,0.008098512518079835,0.5259231779209437,0.0030874589025537197
1000.0,2337.3646426580663,20.0,0.1,0.4454193999381001,0.24629552386961506,1.9674712976805062,0.11829924921411535,0.3916233586320462,0.6513008597134554,0.00838407627196756,0.5240293713276436,0.003906739080723203
1000.0,3293.721749513137,20.0,0.1,0.21205416278026912,0.4341973649732157,2.322174245699551,0.10895074026124367,0.3589020745334371,0.6047084510945953,0.008075976253771577,0.510778587941121,0.0030231840018922506
1000.0,4449.772329362118,20.0,0.1,0.23058238805266262,0.3917156394499335,1.7271537634022351,0.09464290423815433,0.36136600390965606,0.5748265138209893,0.008153560527650913,0.4686700902268227,0.003136027899662726
1000.0,4716.766758101279,20.0,0.1,0.31051913186874147,0.288626928973692,1.5899760719276186,0.11767198347374934,0.3902100360053496,0.6598434045191889,0.008194792424825561,0.5179117211070589,0.0033120957328256874
1000.0,3302.668230612587,20.0,0.1,0.3453426722846643,0.13907711761638483,3.4336653076920713,0.11122449125746484,0.3563257592897052,0.5874031906675051,0.00809421211156508,0.4944044934756331,0.0031489343975924
1000.0,3169.7008390889146,20.0,0.1,0.4357478253393191,0.2523561232039381,3.706391653056835,0.11199313010608791,0.38901656344107693,0.6141110829147115,0.008205795711521344,0.509861022969897,0.003011456453748642
1000.0,4927.319047791134,20.0,0.1,0.38977010086869657,0.37285429229488387,2.8016327698341184,0.1168153062702322,0.35013083089169067,0.5936772863735125,0.00826746818490721,0.4828470218602705,0.0037677868229568506
1000.0,2511.3776332845327,20.0,0.1,0.18647307249811074,0.38104312971680854,1.0347208260511485,0.11917997516920838,0.3608365209357182,0.6796452639836144,0.008420513413546462,0.5047654073223603,0.0032074728073291543
1000.0,3348.126992285729,20.0,0.1,0.12842766078617593,0.14885963977069544,1.8359455477862912,0.1109211837276447,0.35176310388283316,0.6117417877085131,0.008193717546756612,0.4861316056339146,0.0031049106858702605
1000.0,4216.057748746801,20.0,0.1,0.25139728851549525,0.25287878604357916,2.2335243244716354,0.09108229438384688,0.3731389905861978,0.5690510823276984,0.008137051675139863,0.485688081458784,0.0031934965109231763
1000.0,4747.741518574526,20.0,0.1,0.32920458935887076,0.29606566124619665,2.805369678603903,0.10110961568856676,0.35564057534585597,0.5685053611093212,0.00812566181976936,0.4807757520679156,0.0032383365753349495
1000.0,3811.679884574544,20.0,0.1,0.15747482991092668,0.4103813617878642,3.6058657822377547,0.09252994150261541,0.3571329881394981,0.549799632798052,0.008164360642894549,0.5809098882190433,0.0030280923609373013
1000.0,4161.465227836051,20.0,0.1,0.3843361304849475,0.43681162405545126,3.2515622797456176,0.10396484320027685,0.36617549055080895,0.5814159123287805,0.008107665552228442,0.485454886187863,0.0031331267836561517
1000.0,2000.8378531487904,20.0,0.1,0.19330779992891203,0.38142556280600437,3.884664037748993,0.10744489077300937,0.3670560510233868,0.6042431075181964,0.008249632392889531,0.5739698675051903,0.0032562010138352027
1000.0,1809.7851143720663,20.0,0.1,0.37019484092940635,0.13036545556380458,1.8505912954157968,0.09750217957598854,0.37609210539292026,0.5967993704990571,0.008174127807468649,0.4906213463520962,0.0030773201753280972
1000.0,1792.099347876676,20.0,0.1,0.1842708203023979,0.42900326133748257,3.478582382508934,0.09697039061999475,0.3932783550452791,0.6163366202619472,0.008264750252934903,0.5900145047310463,0.0032635059653133157
1000.0,1637.6607989234192,20.0,0.1,0.4173598653518723,0.34503820012265707,1.8521937808347508,0.09594291811896916,0.370887271971012,0.5857060271726023,0.008311738298771753,0.4831357142841401,0.0034285538600785734
1000.0,2594.4516837397264,20.0,0.1,0.42445440310717586,0.27411270103055574,2.1786505377524366,0.11184747804981152,0.3659516965276437,0.6086343542444727,0.008162093861204036,0.49046618007674914,0.003310740785136457
1000.0,3269.0117605185596,20.0,0.1,0.3608451419404294,0.2145509054317538,1.913755919430191,0.11056348156375495,0.3749390857735765,0.6221844144571411,0.008012137646007158,0.49935094524257584,0.00291965765877278
1000.0,2652.959475910348,20.0,0.1,0.36741244133909634,0.15095322183981466,1.6006779719748225,0.10041099344391285,0.38502447835745174,0.6162767232820714,0.008083678013007939,0.498612528900828,0.0030456222342996856
1000.0,1926.821054973686,20.0,0.1,0.19797544862926725,0.2934979135569732,1.0008929919269405,0.10920285594419216,0.37122966763593535,0.6672666389913972,0.008293333741915203,0.511076993145608,0.0033488356407069472
1000.0,4071.750691619649,20.0,0.1,0.38262385873376525,0.39744677720549915,3.025096101513012,0.10041080143198378,0.37166941901653894,0.5824183349104854,0.00807898851314929,0.4870823518640529,0.003048617904765941
1000.0,4867.132683970233,20.0,0.1,0.2695694531675835,0.3763150546291313,2.592679822662209,0.10971574735473502,0.38228268949164396,0.6163396724508132,0.008131873146738564,0.5222040824893899,0.003332589341353407
1000.0,2882.4561633095,20.0,0.1,0.22398800252468387,0.3519557846890451,1.3534575676430252,0.11597412620104369,0.35315745077356153,0.6454107007183233,0.008110560598386106,0.48710235158348575,0.0029567411510008457
1000.0,3383.1661365510363,20.0,0.1,0.3290705530857874,0.1956098587109651,1.9583316637951942,0.10676933421918122,0.36706535551074637,0.6049878806386497,0.008000755578772197,0.48966255392559144,0.0027541210739041467
1000.0,3327.7467239725947,20.0,0.1,0.16399522453588167,0.11660195690492545,2.29775414296397,0.11868826699240659,0.3662703478948992,0.6322127965958948,0.008153789224514856,0.5344265820957668,0.0032601093010078703
1000.0,2303.5288435353477,20.0,0.1,0.16960633477543707,0.17701236247888882,3.8396903005644973,0.11305177595671155,0.3657405157909007,0.6133583867896807,0.008210290032357122,0.6154385469307663,0.0031524459761170733
1000.0,1743.6189739738281,20.0,0.1,0.11139837597229182,0.16108868969618828,3.7967833439160015,0.0906826591780849,0.36862462045235816,0.5774122241804265,0.008601631849593772,0.6502166767020926,0.0040203056661309924
1000.0,1851.2956641202268,20.0,0.1,0.20343984352391925,0.374148754519653,1.9459355901751905,0.09773064089498698,0.3798102427563295,0.618841129878034,0.008123131410294316,0.5237225276408904,0.0030630485790530235
1000.0,3848.714611960384,20.0,0.1,0.1802027234615564,0.16815597799315074,2.710119318792982,0.10878075305727367,0.35561618329557654,0.5887471464052629,0.008054778371846103,0.5288180235343621,0.002900709415621152
1000.0,3933.546202657894,20.0,0.1,0.154697811566328,0.13599374687894172,3.220748501418286,0.10818058847964818,0.3651362609101212,0.5932692978217291,0.008075116482664612,0.5902981982529975,0.003111263664004291
1000.0,1522.924942889483,20.0,0.1,0.20255379061630102,0.3417492354049886,1.091483816394971,0.11886980716739189,0.3764019667924424,0.7059354879905677,0.008454641675249532,0.53960651106025,0.0037997767264658783
1000.0,4005.541869525418,20.0,0.1,0.19497105734087725,0.24458637082463153,1.5837652603003796,0.10575700981786924,0.39986717050327625,0.6484879692133958,0.008112947728035615,0.5189473810823181,0.0030747527431356165
1000.0,2275.8209149536942,20.0,0.1,0.17785920037783337,0.104063229494862,2.8750214515632386,0.09614629583958023,0.35786657106897907,0.5744390594302252,0.008173970419626232,0.565033511844863,0.0033224248845891095
1000.0,2438.989863367764,20.0,0.1,0.25161036650500523,0.20058834646440926,1.2665291289797542,0.10475823483712615,0.3933808839728339,0.6597530572147631,0.008076566482429168,0.5170858116911935,0.0030157848221520392
1000.0,4264.993112034092,20.0,0.1,0.32450022204741213,0.2326398566433418,3.506914638032118,0.10900024404940613,0.3557601321957924,0.5785632412162368,0.008121073067287573,0.49967669792802966,0.003113962762283115
1000.0,4286.774566856851,20.0,0.1,0.26994094400701696,0.2627826354638657,1.1226848814281853,0.09249508368025568,0.39372320550426815,0.6183711628553531,0.008220312208759519,0.49568073857410133,0.00306819176512129
1000.0,2801.838991779014,20.0,0.1,0.18075565477763542,0.27249680199078385,3.181624600758992,0.09636907132235906,0.36048826884223967,0.5732891773666043,0.008111012035000868,0.567007489876483,0.003214083966913717
1000.0,4495.999296247179,20.0,0.1,0.2889471765785775,0.2169960153837055,1.9476027386521426,0.1108136638872464,0.36314037960707857,0.6060441911872602,0.008074453963647381,0.48799714846761727,0.003040322374075135
1000.0,2527.7488463009895,20.0,0.1,0.11783901120729433,0.2525441089073972,2.102712999998902,0.09474901573528602,0.3848924343397514,0.6096774521401778,0.00823154047237424,0.5293953807208458,0.003252092364519417
1000.0,1874.8357422530837,20.0,0.1,0.19283425996117687,0.16418128812135951,3.134186884123058,0.09006487377641396,0.38809631857594945,0.5935215725396652,0.008270876502162884,0.5689138699518785,0.003421640112989492
1000.0,2759.5216869289075,20.0,0.1,0.2678565634171438,0.29066250385676023,1.9786563172000695,0.10968448319909446,0.3789666176879687,0.6325717476371073,0.00801760487344104,0.5139319623789698,0.003020213766115688
1000.0,4031.7633443701657,20.0,0.1,0.25849058775998746,0.28052580955793205,3.855387379936057,0.1165021701916026,0.39700022688807146,0.6339343270215867,0.008223846623780557,0.5828505871165502,0.0030244112303228323
1000.0,3067.3220134190856,20.0,0.1,0.3613259924514557,0.26217300121299314,1.5155590098469545,0.09571680306377127,0.37852193228493203,0.6013480011046164,0.008065696393153673,0.48562022431111856,0.0031105328801996793
1000.0,1883.408202317902,20.0,0.1,0.18061519821473193,0.13067319569022648,1.3073935370284495,0.1146322929691996,0.3821521613618968,0.6876293962382224,0.008207316011495045,0.5333532272476449,0.0032114001955558173
1000.0,2993.5241009321257,20.0,0.1,0.178503240562487,0.4340680538477938,1.01709647153303,0.11952968195492855,0.3786432361591349,0.6958804314289107,0.008508561792729885,0.5196066179959645,0.003343629848795105
1000.0,3282.4130381077584,20.0,0.1,0.276098235179829,0.30182367208597805,2.6878602907289437,0.11799288764778862,0.3790198563229751,0.6401112090342058,0.008053272882730448,0.5457969498460845,0.0029515600095784003
1000.0,3255.993478253416,20.0,0.1,0.2063734856134861,0.19505889220332753,1.5468123569751753,0.09874089160324742,0.391829650221555,0.6285466694892051,0.00806085629315337,0.5052306695908053,0.00306825730027498
1000.0,1664.618937622425,20.0,0.1,0.38370857882974285,0.18991376749866146,1.8004959252177135,0.10038960447321556,0.3879175720979529,0.6169773311130029,0.00820379710427379,0.5064354027420864,0.003178501737263865
1000.0,4423.057609734131,20.0,0.1,0.32431526930077403,0.4046186765230191,3.0457166170220082,0.11716983002830239,0.3960151560824721,0.6430063107573217,0.008173961364535588,0.5459117256099272,0.0033250105877838053
1000.0,4750.7348813385615,20.0,0.1,0.2898981814517324,0.19327477573632584,2.5695832665971112,0.11766549965700847,0.3611528727074584,0.6108712678828894,0.008152554061469742,0.5087794352329313,0.0035067563286443966
1000.0,3701.6291707821224,20.0,0.1,0.2551163658372952,0.19275819045113413,1.6691807322280676,0.11399966051513068,0.3827043691904365,0.646778509699978,0.008064431031457838,0.5115889239861746,0.0032289952398633537
1000.0,2488.844168715765,20.0,0.1,0.3534517422441035,0.41399952091408954,1.7789117274912547,0.11170796530131942,0.39385754422968006,0.6550410788739278,0.008099235214011851,0.5224450482990294,0.0030541603516177174
1000.0,2673.5642939210384,20.0,0.1,0.12177802179709868,0.2913432965278495,2.1605116424950124,0.11811408510938008,0.35176490321908876,0.6352184814144877,0.00829653213250806,0.5330712546090807,0.003290376123472388
1000.0,2387.3868673678344,20.0,0.1,0.18585413487112518,0.16488183247471627,3.8131288531668757,0.1115040694902586,0.3863786530694071,0.6286963433626285,0.008182502190472783,0.6131439871613167,0.0031859815345042417
1000.0,3189.6038426817922,20.0,0.1,0.3837175565367539,0.2957501863025094,2.3475375610661757,0.11845535814969874,0.36047634227338293,0.6182630344040398,0.008100094114716773,0.49486650699900586,0.0032152680654831387
1000.0,4436.3443943349075,20.0,0.1,0.2795634770086715,0.10873998769812548,1.3608462576519869,0.09503541622445863,0.36902166131963354,0.5882082955996777,0.008172604489444232,0.4723775606798178,0.0031112193002058902
1000.0,3738.178554130138,20.0,0.1,0.1763991029137768,0.20459022079689115,1.9326821775541556,0.1137130933263022,0.37530156053873304,0.6334144372037814,0.008098160300022344,0.5115970976123762,0.0031131344322962926
1000.0,2544.1390574550046,20.0,0.1,0.33181899443962104,0.25688666744998645,3.626678416784081,0.11599097224736607,0.3910064013618909,0.636118185703901,0.008157348142785441,0.5373274861722989,0.003362420451779523
1000.0,2931.6244073330645,20.0,0.1,0.38057997208065975,0.2581222100399879,3.7216700530038715,0.11471501640197937,0.38835865534661573,0.6235721008567716,0.008137944270949242,0.5203867686056196,0.0031493580748895513
1000.0,3665.639995926527,20.0,0.1,0.10753211812716669,0.1464933273579628,3.861083721310375,0.11614886363634612,0.3588616569087906,0.6084568166842854,0.008449167756150283,0.7413341649963042,0.0034581310464532095
1000.0,4103.376989043209,20.0,0.1,0.3223745718710713,0.2632755264977623,1.0510784028084306,0.09569104770485709,0.39807890211075186,0.6310720577541713,0.00822835187928235,0.5028932812349273,0.00307678163089703
1000.0,4194.109904052408,20.0,0.1,0.12664574264776887,0.21356908173849554,2.0590299274871287,0.11079952226129137,0.37685503961258127,0.622223030777531,0.008248942480356717,0.5145928641441588,0.0031640708291279145
1000.0,4284.116032321301,20.0,0.1,0.3922180589930805,0.4153858235170699,1.479124800442634,0.11998877955938832,0.3984583575861243,0.6796284202629055,0.008355205760553888,0.5280805163249642,0.0033899638599039434
1000.0,2530.2853168184483,20.0,0.1,0.2672446321200161,0.21115205459025413,2.46599854856468,0.10053478013570438,0.38334534785289814,0.6101618873346816,0.00806170692458492,0.5238629396107194,0.003189656181818756
1000.0,1636.7977224514993,20.0,0.1,0.25074495618039416,0.28458211979673087,2.672177331290709,0.09627669710957082,0.3938145291610319,0.6187589046676655,0.008192068130207604,0.542553232982884,0.0034503763191569337
1000.0,1539.4666139149456,20.0,0.1,0.3982537348378634,0.1039355424664588,3.8469115958271227,0.11879948553362696,0.37973417744905075,0.6241961089712976,0.008491579193698612,0.5182285212454414,0.0037374877165110565
1000.0,4744.981755160263,20.0,0.1,0.1308193153613364,0.37206763282204924,2.4885995672274723,0.10064502579781036,0.3733964704208472,0.5833763988306301,0.008299205974862934,0.5127556142640896,0.003316724299020079
1000.0,2398.0229801474734,20.0,0.1,0.32850920745021056,0.33459621884497304,1.4376013021683616,0.10831782150710051,0.3906033698129423,0.6548218226507516,0.008079494254141083,0.5157839011141925,0.002923477937978073
1000.0,3618.8953930737484,20.0,0.1,0.1131914873875471,0.262900613622175,3.1401636455112465,0.0948363987550156,0.3726708807128934,0.576466836524689,0.008253664882554374,0.607254036863232,0.003572265407245912
1000.0,4839.456450844115,20.0,0.1,0.2545832024706226,0.37893016205677377,3.4530528347920733,0.10016187721032777,0.3869315634780141,0.5917133842949489,0.008129246119234919,0.5432407840133064,0.0029000249140751964
1000.0,1986.4055670020489,20.0,0.1,0.1956093673431658,0.3250278676802517,1.4719605983783732,0.11905803295108411,0.39722218382650315,0.7112439715705607,0.008220404657272041,0.5520893591598168,0.0031367582285830127
1000.0,2262.64300328485,20.0,0.1,0.2823191300218386,0.29955143146044716,3.3870935263217845,0.09761428915892426,0.39750522468405314,0.6126974041673303,0.008143310554358425,0.5362899349860489,0.0031456530965759295
1000.0,1931.440544166116,20.0,0.1,0.3770114332627563,0.19313538185567547,3.661501448934419,0.09513906984791048,0.37343095816646893,0.5731252835796335,0.008221769456590073,0.48437879167497033,0.0030590185809822317
1000.0,1978.2082108983548,20.0,0.1,0.3402555018765475,0.24103336698275,3.612130914113917,0.11892464367130391,0.39271289158578726,0.6466054861739418,0.00823779168817476,0.5403556337840406,0.003297356886242555
1000.0,2498.6928668853716,20.0,0.1,0.37340207921439406,0.276234271554744,2.1754585440500422,0.10139217352940325,0.3674082494341634,0.592011914892088,0.008058731541417905,0.48384585017185555,0.0030121787418856977
1000.0,2204.743760593071,20.0,0.1,0.20791810463758137,0.3783272313890945,1.0345039182876654,0.11550329817759324,0.39316145313442835,0.7069025469836117,0.008360364285212706,0.5366409620883518,0.0032504107395752734
1000.0,4696.163211828263,20.0,0.1,0.10100551084818585,0.44655333387647933,2.4298804402323264,0.11573469969222218,0.38250905885485653,0.6352607812385862,0.008716141857399709,0.5474834441776655,0.0042796976561338285
1000.0,2180.1658089706707,20.0,0.1,0.12354187143171011,0.2995048254517293,1.0570465063892862,0.11653326399169167,0.3783454046774473,0.6985379866474033,0.008662012149635008,0.5281858937929281,0.0033760043248299717
1000.0,4613.684569332137,20.0,0.1,0.3671406153457605,0.40901066545259557,3.0238209005476895,0.11573590153724597,0.3586267648455341,0.5995063790218447,0.00818280552490304,0.495481826086236,0.0033337003718008442
1000.0,3350.3475781582233,20.0,0.1,0.15693412624517455,0.11915088320167339,1.2081949511108254,0.10120180582755603,0.3842274572150247,0.6375485964896994,0.008170246891265909,0.5004839713252692,0.002961226546218896
1000.0,2913.2545743234455,20.0,0.1,0.21662282311010103,0.41596275051646914,3.0770639217342457,0.09322569937410978,0.37117816710734697,0.5784640394987822,0.008112929966003176,0.5389418738269196,0.003279922573185538
1000.0,3635.9890728228834,20.0,0.1,0.3687876784635382,0.23148173194373542,2.763930378120074,0.10792937548763543,0.39082273011060387,0.6210130676588441,0.008029266355654515,0.5165175001049748,0.0030511238038577445
1000.0,2040.2464935466817,20.0,0.1,0.17210359053047913,0.1114468334288431,2.656283611512097,0.09757240698363805,0.3811013828116849,0.6050422778061778,0.008157935668065976,0.5914239670657175,0.0030381117034971945
1000.0,4665.82743461819,20.0,0.1,0.18584994260522242,0.4354502706823117,2.8521237439225007,0.11226220752565896,0.3632744264281753,0.6009897511106129,0.008152702604651207,0.5349520588585374,0.003240187052260918
1000.0,4239.63849079512,20.0,0.1,0.10226014471767492,0.4134098904510176,3.3194795354027717,0.09766535410484599,0.38832255327453424,0.5956170763498153,0.008392660432801803,0.6312703209491846,0.0035956201995480043
1000.0,4999.652920201106,20.0,0.1,0.35974858691159595,0.11625905578169,2.4247077477699546,0.11980134373831434,0.39068620950351274,0.6442791589277282,0.008242435246380745,0.5270171047241021,0.003644797169278904
1000.0,4215.963723629042,20.0,0.1,0.14852322030795587,0.28055236561877983,1.3309679642837065,0.11467212307926966,0.3722799864501894,0.6520764504199933,0.008304217770657433,0.5013927519271164,0.0031762387433242638
1000.0,4546.5799699611,20.0,0.1,0.20213238267060424,0.17241101487584315,3.497664107685848,0.0920576969902136,0.36421486170985595,0.5497119428907562,0.008148799289962679,0.5363075910585979,0.0032731527778805795
1000.0,3245.8720988873206,20.0,0.1,0.10108805247105809,0.35296622652129617,2.9259041362899345,0.11846104407385513,0.35231212925776123,0.6240988110117104,0.008429906037826047,0.6488695562268263,0.003961526870408802
1000.0,3433.731578774209,20.0,0.1,0.40331542617061433,0.30479983215440587,2.691666061947489,0.10288990086411759,0.3793524373934292,0.5983082122100812,0.008041825943604647,0.49419950304400956,0.002970608323202588
1000.0,2265.0392565631296,20.0,0.1,0.38314121012773594,0.38013014780498044,3.675663482844651,0.1173505005416618,0.361872986695192,0.6051750681770306,0.008204965080890771,0.4966753076484776,0.003191896017931576
1000.0,3912.9703383221768,20.0,0.1,0.17988722247634706,0.23693780223697727,3.12709414525669,0.10011719961792082,0.37979722842955765,0.5914188951121535,0.0080414384579437,0.5676730792832594,0.0030427445752686673
1000.0,3653.2602952571538,20.0,0.1,0.18806498647745523,0.20667555015925965,1.9412191263236993,0.09652489281164889,0.378691408684355,0.5938488579396719,0.008063781300032682,0.4957741798205208,0.0030313755729163847
1000.0,2210.472469769512,20.0,0.1,0.43649424091985056,0.24614661689652756,2.4058905872699063,0.11561593636417522,0.3724212447742728,0.6194400351393698,0.008253116391476434,0.5015733943027297,0.0034984225605614516
1000.0,2132.7653480231256,20.0,0.1,0.14985804507584571,0.3265637551239985,2.2364335605431127,0.11530798328939855,0.351677502300143,0.6300604232031399,0.008190945784811943,0.5559844870380048,0.003069171057190558
1000.0,2182.0183790814226,20.0,0.1,0.39074663506072205,0.3135164792028058,3.1936075811759674,0.10035174541584893,0.3602572230794351,0.5735526303912933,0.008100685136483526,0.47427488021969644,0.003014325171760557
1000.0,3219.509426741719,20.0,0.1,0.10326883548967633,0.4440726572309992,1.353356596434845,0.11649021052086281,0.3571950187841184,0.6612481828137238,0.008609638122489351,0.49863946432129264,0.003736069460856987
1000.0,2319.3539364069766,20.0,0.1,0.25176243339083204,0.23268332070914977,3.8672698023898,0.10525539260961583,0.35987478885384155,0.5852959475747034,0.008238367902460755,0.5236374951121306,0.003584457033416488
1000.0,4699.892638633328,20.0,0.1,0.3650554973873946,0.3364380207468729,1.1366431234501004,0.09442764056666657,0.394406634187087,0.6208786134764888,0.008314426485501635,0.4964544466409155,0.0032621904565965517
1000.0,1576.4877755473556,20.0,0.1,0.2032851926275735,0.20583648452177522,3.902792729829419,0.0955185047556869,0.36552742475229977,0.5773940754597072,0.008413560036001383,0.537460266953146,0.0038559608970167446
1000.0,3947.360213077453,20.0,0.1,0.1832126899897044,0.1898306941553661,3.9244045735589657,0.11151917877545983,0.3554301115139863,0.5816510632794784,0.008160667330373938,0.5995194216573959,0.0029880945717507806
1000.0,4144.357337733929,20.0,0.1,0.1231082540346179,0.13280991335976958,2.982016531217426,0.10232274822559838,0.39875638471905284,0.6133042915234818,0.008200312101632261,0.5918797508480305,0.00317487484779509
1000.0,3836.619489028098,20.0,0.1,0.15393640942095088,0.24935586958872352,2.9128187595785393,0.10743239713292622,0.3936466017382101,0.6244971818780342,0.008056448783644112,0.5882065829718648,0.0029093890473774545
1000.0,4478.937433372072,20.0,0.1,0.3279476621959766,0.2540305729714303,2.0766078209563728,0.10155431581043041,0.3959128378643422,0.6174073569363641,0.00805577814831524,0.5099514595621959,0.002986032681873383
1000.0,2050.561791057935,20.0,0.1,0.3095197681425441,0.23941756896520242,3.0902467214316807,0.09423137820404551,0.39815648322430697,0.6076832854217864,0.008139860937525726,0.5221504492577321,0.0030455582680587816
1000.0,4665.271289736085,20.0,0.1,0.22121659504561697,0.1749203692292025,1.5952420814528945,0.11503197454692803,0.3574396602112396,0.6183784346661686,0.008245219955740443,0.48485436298841234,0.003373727346074633
1000.0,2480.2029506298545,20.0,0.1,0.2968309255109375,0.37774823452231787,3.4230151880591135,0.11222614365546774,0.3804761755470383,0.6247191729300345,0.008101379147733935,0.5349624435675664,0.0031917976658951274
1000.0,2804.5887918169437,20.0,0.1,0.28553796553912375,0.3262747978684687,1.4916925723785173,0.11477711307874996,0.38067724344461645,0.660410215955803,0.0080553973805249,0.5125509589545097,0.0029932721557795815
1000.0,1944.0788469459621,20.0,0.1,0.3865516525557273,0.29315286399796636,2.7416118655858,0.09051131613107435,0.3713927528826366,0.5683296905940605,0.008167902253101576,0.4764272895742282,0.003225574837791908
1000.0,2775.2161346295925,20.0,0.1,0.1176152508431569,0.13922887510478504,3.7413036792835808,0.10266099641499443,0.3683485206586795,0.5936206877447832,0.00824063708160692,0.6930824101462395,0.0030858327389030145
1000.0,3857.2078656913122,20.0,0.1,0.37659958913149827,0.2464328719228334,3.8800278079497006,0.09394156165203432,0.37224334714798574,0.561151349845059,0.008232021701543621,0.4811906835728631,0.003552833807260391
1000.0,4601.234318516139,20.0,0.1,0.29999170623755683,0.3484186130836814,1.142577246604262,0.11717208615753694,0.35092381266844536,0.6324460278015097,0.008395636215217073,0.47901086744824783,0.0037080352331583175
1000.0,4226.820103667976,20.0,0.1,0.1868333031882697,0.21187223902805655,1.8610911612588135,0.09123372389067944,0.3885075738022749,0.5888039575762755,0.00816702271010614,0.49547566928690273,0.003222951996383579
1000.0,1935.5523486198572,20.0,0.1,0.2773957531372814,0.43207112211705956,2.7156262419267065,0.10240591036488028,0.36773192437860647,0.6043658786374061,0.008128918917041296,0.5128644818366428,0.0031366904568650785
1000.0,1952.9297305328696,20.0,0.1,0.2790252732437756,0.3046728047439675,1.0702348267924189,0.09649063594755108,0.36445443084292306,0.6143572043804001,0.00821161720365452,0.4816387548557967,0.003130769531670878
1000.0,4054.7995506498346,20.0,0.1,0.22189155815631478,0.2557482817962158,2.012447010745588,0.11064684590777474,0.363948651526413,0.6088650455367707,0.008062392298861338,0.49587467029323357,0.0029835877146818296
1000.0,4665.875645602761,20.0,0.1,0.10887205752873097,0.31058634118302914,3.5844644822758878,0.10774939598946909,0.3990312722312341,0.6225168817629336,0.008334170276125201,0.6749174337597739,0.0030293153355425324
1000.0,4120.447917426338,20.0,0.1,0.3000090577151807,0.10280955681713795,2.0822106310572828,0.09241289122794687,0.3953551004008052,0.5949810202708554,0.008124944786248738,0.5022241381939652,0.003308129323744515
1000.0,4516.47292405631,20.0,0.1,0.20658941718451818,0.27983739484286785,1.3765248197046418,0.10295574478145494,0.3910271713773653,0.6353197680462219,0.008170910217713342,0.5055170059184003,0.0030239480553783536
1000.0,4336.659135139106,20.0,0.1,0.10789702963221481,0.13355976114544138,2.2326052722443794,0.10224022423349532,0.3668179561673765,0.5842373576407288,0.008371779279363945,0.5020417213451626,0.0032557141427268696
1000.0,2623.7539132845104,20.0,0.1,0.2724739098803202,0.3921487650927259,2.1405244787198403,0.0968845735768197,0.39309387927220374,0.6162449950072552,0.008092750430468209,0.5164414891084489,0.0033275890161096728
1000.0,4588.759554000862,20.0,0.1,0.4479030953651919,0.1598533331583088,2.8168255886198725,0.09488074956286867,0.3952415499933489,0.5918948691959469,0.008294917219245405,0.4969609342375548,0.0036275109586605655
1000.0,3148.184072550554,20.0,0.1,0.43272395371972705,0.2850848847862555,2.7500278720560445,0.11522910068095059,0.3523876982981658,0.5937454202647209,0.008182841312415572,0.4790070541241708,0.0032027194528651106
1000.0,1571.2310706580358,20.0,0.1,0.32546117325096946,0.30046270899090377,2.761484358102644,0.09635813247991083,0.39510688205927713,0.6140029931882538,0.008167977103211748,0.517290994739185,0.00318180667347661
1000.0,3526.307375780816,20.0,0.1,0.24104836883055403,0.3880537991547087,2.3104072123496007,0.10334477220045928,0.37768131722446535,0.6079067712243889,0.008044725856286922,0.5139588478485019,0.0030142224430972126
1000.0,2438.883799636,20.0,0.1,0.4006517216013987,0.22151585530249032,2.4669999445373434,0.11828232107040082,0.38257673557585725,0.6392122999315972,0.008152660134338997,0.5164469093862311,0.0031087340216998556
1000.0,3132.0060292396947,20.0,0.1,0.13214036141095817,0.22278635107062794,3.8255537357935463,0.10769157442392407,0.35810216544839363,0.5892028646929659,0.008143784743171565,0.6699459724804311,0.002929274190654701
1000.0,1749.8488584898628,20.0,0.1,0.3218978340923011,0.14265647374455653,3.736149057143775,0.11259848094876976,0.39148042403760047,0.6332508379911663,0.008303068651706264,0.5380746201367228,0.003470891543211108
1000.0,4472.550211627305,20.0,0.1,0.3220587955050106,0.3202299113162301,3.1446597239888483,0.09764641376833706,0.39808624944256826,0.6021160314797446,0.008125596789414677,0.5245975880412336,0.0032472593396559468
1000.0,2399.458046203593,20.0,0.1,0.31501522115815406,0.15636878270876942,2.3023835531547014,0.09615802944493752,0.3880213164941995,0.6031205402489409,0.008090947389775767,0.5082791248602216,0.0031858552139118483
1000.0,2986.164604363121,20.0,0.1,0.2362677043339533,0.20245886098052057,2.4245171769675276,0.10738176458894097,0.390983734584596,0.6315384760354013,0.008035427700387085,0.5455050763458852,0.003167102643554388
1000.0,4970.000667840066,20.0,0.1,0.11409955476589878,0.32164866830402694,1.6229740723427002,0.09131774107136209,0.3676089556037452,0.5708429334098133,0.008581526460083271,0.4704256050891764,0.0037750550696795497
1000.0,4245.604247672272,20.0,0.1,0.3672539607677002,0.1732178354211122,1.3168050889175626,0.11649693856171625,0.3717574199387514,0.644551348094884,0.00818900429608773,0.49777096470242027,0.0030910890525858376
1000.0,2809.362492455903,20.0,0.1,0.10049081384524505,0.10841874656264962,2.371462964284108,0.09985207612885268,0.38583874992824263,0.6147024062000377,0.008341972131186861,0.5672413183153673,0.0034574413840323622
1000.0,3034.773125619987,20.0,0.1,0.24305227932808565,0.2727200015433493,1.2983748077325035,0.09290565766299176,0.3678030639999408,0.5976559055529251,0.008065939480602894,0.47407093147261115,0.0030592662800714705
1000.0,1564.0365026181896,20.0,0.1,0.10489228048064214,0.3432655177146429,1.480671169102584,0.09876331718189425,0.38231744687358415,0.6581727357862004,0.008388809384418747,0.5212009817371394,0.003299500075243757
1000.0,4111.4132732711005,20.0,0.1,0.3517590047713859,0.4491553483765883,3.8070173954227196,0.09440428742404298,0.3952669942182235,0.5869975203340445,0.008251186977735012,0.5105012194071525,0.0035309297222738912
1000.0,4111.740115097509,20.0,0.1,0.20050947458542334,0.31358017444790787,3.6059781083191447,0.10302192980919078,0.36865639401532463,0.5808447168277118,0.00804097519901439,0.5708957459794396,0.003028545689540633
1000.0,4726.484478049264,20.0,0.1,0.1643402492174837,0.2982604907977384,2.4801903550596567,0.11753214062143245,0.35400442847059105,0.6032271424256498,0.008279484653307663,0.5132980516032427,0.0035866914099356583
1000.0,4817.017725564976,20.0,0.1,0.21693645716789547,0.2287885323783179,3.90411780682851,0.11262547086348507,0.38419910121576384,0.6065383365672588,0.008247480750825702,0.5926509749149332,0.0034829384479608317
1000.0,3817.7230921582964,20.0,0.1,0.11700129798751661,0.2584651841580724,1.1078936552918197,0.11864799031130348,0.3861729619246993,0.686540894986688,0.008880588150528654,0.5247946239438829,0.004087611421658173
1000.0,3138.2049624753054,20.0,0.1,0.11272845980843071,0.24613093960288096,1.0405172451422122,0.09458057217428983,0.350584906292432,0.5870223173041158,0.008739061595377467,0.4597695972171356,0.0037737800626914454
1000.0,1855.6406282014427,20.0,0.1,0.16480169548050025,0.3378160902140124,1.374846331705445,0.09898647028838725,0.37546927601767516,0.6414929006844412,0.008108880670617699,0.5051681806146026,0.0030484720280007423
1000.0,4026.320281265264,20.0,0.1,0.22545023209861886,0.36120463058648744,3.5181111082336463,0.11637768437748544,0.3873132126243867,0.630759679796055,0.008094826194463696,0.5922201029359717,0.0032775509852160543
1000.0,2976.3331070265863,20.0,0.1,0.4329720837598954,0.15411212321811896,3.482244680519619,0.11814995282130249,0.37301224171787617,0.6124725566647544,0.008218359781813752,0.5016775588182514,0.0031578170039336
1000.0,2909.3348161329795,20.0,0.1,0.35071585365099744,0.1860523869245968,3.5179581961916884,0.09314377510700786,0.3560469876049734,0.5507648756446111,0.008157167260675058,0.46936399874674656,0.0032093804066365673
1000.0,3064.039819369822,20.0,0.1,0.41255560701971317,0.1260104834099788,3.9773388135888625,0.09111536630213016,0.3953810242739734,0.5783109376348304,0.00835343525827767,0.4964921674569318,0.003563187821536209
1000.0,2814.526285658596,20.0,0.1,0.3024329247426276,0.30162217055050644,2.462801621924096,0.10928518909711855,0.39827340752187573,0.643592890974518,0.008039279221753326,0.5399528202579089,0.0030939189452598493
1000.0,4463.138882530984,20.0,0.1,0.412451082181838,0.111641433380521,2.889433647620706,0.1163629384699113,0.3800989317997559,0.6206049882525917,0.008210335787735688,0.5091787124190961,0.003268866803952454
1000.0,3621.2009240644443,20.0,0.1,0.22156151647017458,0.1532985004398198,1.9322520528352478,0.10249243254040562,0.36578072491410113,0.5940950713408585,0.008039653199220871,0.4879833721134617,0.002837112517121108
1000.0,4963.75265866326,20.0,0.1,0.3571666156146889,0.32270557609224604,3.3824013791806764,0.10160022892386152,0.3742041533110357,0.5806551053583981,0.008190830071543939,0.498316124208546,0.0032860062345867304
1000.0,4090.8718566989305,20.0,0.1,0.17320192657812644,0.2741454654395681,2.8672686853559743,0.11726789789770624,0.3788268265960137,0.6309582932688638,0.008091815041412584,0.5734562052124463,0.002911467204814903
1000.0,2452.2554640517415,20.0,0.1,0.20249786898087146,0.2331820473096873,3.186600019872394,0.09813267923866602,0.3892664900378276,0.6086880931254884,0.008112913340140497,0.5788819304104449,0.00326232734327289
1000.0,2434.706162436107,20.0,0.1,0.2759545559159894,0.33597155393528433,1.4470808780515467,0.09924232386715193,0.36940107230532276,0.6140835712469753,0.008043135866593921,0.485251439223255,0.0030077452630943684
1000.0,3965.4810125119293,20.0,0.1,0.2624584561145218,0.2560383332026478,2.5097821669922724,0.10730444347886942,0.35469920867954513,0.587235064490433,0.008051618883028078,0.49735539206891055,0.002883921963538381
1000.0,4876.458305581737,20.0,0.1,0.18898126600787585,0.1108231565606525,2.8564011502509814,0.09042577400389508,0.36960900002357133,0.552082749135058,0.008240548505529209,0.5057524854338873,0.003663411742678743
1000.0,2208.8830726093747,20.0,0.1,0.13500501080652613,0.26266732757746203,2.1506357905153646,0.10300755315405455,0.39582545203543545,0.6443469038287222,0.008154271024399527,0.5679727095928828,0.002998838013728335
1000.0,4714.151366788567,20.0,0.1,0.3082516030711731,0.28533639845023473,2.6495346113174385,0.10460960497741928,0.3621910044979356,0.5841631676817666,0.008094033912143844,0.49269411656671896,0.0032714461708269514
1000.0,1936.4771293601916,20.0,0.1,0.2567828099631211,0.3330131179685914,1.3474024278679173,0.09179807915591927,0.36077490776264737,0.5949651068595517,0.00815594652814556,0.4736034165007346,0.003280653912662636
1000.0,1799.6213313622206,20.0,0.1,0.12209034789522316,0.27723422911453943,3.6483561945185787,0.11945020188258282,0.35587065421291164,0.6375575769146578,0.008544986447231626,0.706640970839836,0.003542907682340485
1000.0,3121.2147606619865,20.0,0.1,0.199683437335855,0.21296181199849523,3.936910377075999,0.10630727471108216,0.3802703335264706,0.6016867408160584,0.00814181016169397,0.5878937999653243,0.0031300831961535197
1000.0,3137.8559370355783,20.0,0.1,0.3680629002460857,0.20019433422318336,1.9180170385780242,0.09612878974770928,0.3688425181728597,0.5820737325093336,0.00805214182895913,0.47711435085527587,0.0030805658120341495
1000.0,3389.7653899191614,20.0,0.1,0.3456739560283615,0.1397476801234606,2.758184646187405,0.0921423182974895,0.35982090519923376,0.5566567801049583,0.008100602363372362,0.472465622736831,0.003305582588096045
1000.0,1522.8065210834593,20.0,0.1,0.18929012243205273,0.27109134484679676,2.288007424290095,0.11075774614413164,0.3573321360760941,0.6258571233178971,0.008186049406587511,0.564842144562382,0.003272980050565286
1000.0,3842.1119437024445,20.0,0.1,0.1149659977501334,0.17710865910734527,3.361248189964086,0.10943854149192297,0.39497917694128337,0.6298128701309454,0.00822076712379555,0.6815702516065381,0.0034379157554599404
1000.0,2821.553823568064,20.0,0.1,0.33283600237897226,0.3094347166118909,2.01871104981933,0.11550551664448078,0.3854176508869509,0.6483201129452045,0.00804166184868341,0.5211509926029275,0.003001370417397392
1000.0,4302.2298868966245,20.0,0.1,0.2173708470938216,0.3817524494240331,1.5638788642123351,0.10874513142767508,0.3529755058718125,0.6063327834117315,0.00813754635455144,0.4741749715754743,0.0032303594230346285
1000.0,4426.267898187494,20.0,0.1,0.3249688580438659,0.18530194226027835,3.5413603293402316,0.11214914785007217,0.3517866580065833,0.5793499606042977,0.008171772645571292,0.4999384149476832,0.003267520631839172
1000.0,2086.4653971967127,20.0,0.1,0.24008903952547264,0.15118906271918928,2.7645536573774345,0.09888101879351725,0.38036421531433007,0.6054472600647756,0.00811989881669751,0.5397359496767531,0.0032499990823415554
1000.0,4343.075832934355,20.0,0.1,0.31767487821067536,0.17276067088015817,3.3298247394018627,0.10664294952944804,0.38196058565070456,0.6017937242716426,0.008097278850806749,0.5241543958979372,0.0031249529200975627
1000.0,1678.6614283006525,20.0,0.1,0.29781585897750895,0.37760575548556385,2.357211201416182,0.10572306481830274,0.3714568535682484,0.6178780298468609,0.008143219960649288,0.512905422209173,0.003108704823424343
1000.0,2359.6342157011522,20.0,0.1,0.2830263312570476,0.33134453425190247,3.5160669032809113,0.09342695484801476,0.3603939066430192,0.5641764996991501,0.008184864168232796,0.4942983694048227,0.003141661655506583
1000.0,2077.858676333111,20.0,0.1,0.4326565894180264,0.197769860274296,1.4046659960709942,0.09922513911366765,0.39492439551873426,0.623551559200619,0.008439179836354116,0.5079207325506228,0.00337850662247328
1000.0,4585.005884730021,20.0,0.1,0.2630392171467998,0.224482698418251,3.0960408455743096,0.09334474129784733,0.3853858423486495,0.5797220141055415,0.00811620957133193,0.5212603964934464,0.002940821582828145
1000.0,2381.4657327616283,20.0,0.1,0.4307833282716811,0.15763683379937735,2.196468067701013,0.10739169270490362,0.38224869739423595,0.6134925102853109,0.008189584433584416,0.5017186475445763,0.0034235690132094227
1000.0,1827.8814445042108,20.0,0.1,0.44394810227471826,0.1724274848529067,1.7311648832288211,0.10125775119408142,0.3717858959605141,0.5950037876633126,0.00839499250730122,0.48753999613601773,0.00356399186512348
1000.0,1501.105787627527,20.0,0.1,0.14990363291926614,0.35194063312630475,2.747393706203909,0.09354266596108314,0.3754691095385787,0.6008947887979358,0.008316838696779814,0.6231213271768556,0.0037117400392770354
1000.0,2252.2327568264673,20.0,0.1,0.20891446879775633,0.4186761604287106,2.326980967019347,0.09511070078146998,0.3552543913503124,0.576892593263025,0.008160845549426116,0.5075570386765862,0.003234160992834135
1000.0,2053.555557904865,20.0,0.1,0.3228646639403743,0.28349090832229107,3.1622488112375233,0.10675268312359931,0.3545683284629004,0.5893239630101164,0.008098869708768237,0.49143601150413374,0.00304940268062188
1000.0,4326.144449489604,20.0,0.1,0.27483159222528136,0.12408360614500893,1.6366497709068901,0.09098118410789899,0.37331635260569856,0.5764362720194696,0.008166170488899095,0.47363203687416716,0.0031357380446764833
1000.0,3363.9421551042333,20.0,0.1,0.36015748352976384,0.4350890219229946,1.1725367362095778,0.11349926844368544,0.36548902385334947,0.6428126141520534,0.008232153860334383,0.4917519093424053,0.0033126482934191983
1000.0,3857.0154672730146,20.0,0.1,0.24794860561058882,0.2912057170309853,2.7326076575895133,0.10131380791197164,0.38989663946599296,0.6093185392352608,0.008046323117212841,0.5359700685545917,0.0030609046115561895
1000.0,2569.9552415720677,20.0,0.1,0.3580205765445964,0.34094136513109524,3.582327534013758,0.10990706786760804,0.38227293447135813,0.6133095240274234,0.008094744172395328,0.5130928813415067,0.0031140674134146782
1000.0,2322.623008623851,20.0,0.1,0.12096738843238644,0.2549840425152353,1.640695995273207,0.11431510211278345,0.38218141918142706,0.6800408487202892,0.008194174295009874,0.5275940269642746,0.0028677434022522886
1000.0,2701.1859074009226,20.0,0.1,0.11821797868232473,0.342501234494679,3.2434644181278705,0.09807120766305492,0.35145441874312516,0.5735010760413658,0.008304225361556035,0.6497661481858485,0.0033114382831762094
1000.0,2323.7280548010262,20.0,0.1,0.29621124189796977,0.4211046297658262,3.67912931733456,0.11302870978320638,0.3787720211275167,0.6223368570856774,0.008184137794103189,0.5335313956142635,0.0033369763684167244
1000.0,2349.9815086477656,20.0,0.1,0.20964910401660541,0.41257376065602536,2.571698318054458,0.11258584046034814,0.3857637614701542,0.6480810855811998,0.008098310907593626,0.5800220260107427,0.003182530379047803
1000.0,2404.779752878159,20.0,0.1,0.15211504926467806,0.35209957928404656,1.226648852961414,0.10205691109825149,0.3504942484189648,0.621097964061472,0.008161844011404686,0.4724120394241537,0.0030010536406112364
1000.0,4139.784500928534,20.0,0.1,0.18871743201407415,0.20260570314884388,2.9034696358099197,0.11908339615885456,0.35045278534411345,0.6048062584770164,0.008141030407793643,0.5460757786569839,0.0031147653620871344
1000.0,2688.895200416227,20.0,0.1,0.33761634260197504,0.22616776606961203,1.1428275116932327,0.09417578404589183,0.37621139161652617,0.6065508592114607,0.008150365338214357,0.4836371420547175,0.0030965487476066443
1000.0,4688.441752571422,20.0,0.1,0.12924901125909463,0.36080514732807345,1.8682807949208133,0.11440560591588572,0.38426024705036294,0.6428853463916573,0.008431842829259639,0.5190684704674672,0.0037453459480545487
1000.0,2968.7767770954606,20.0,0.1,0.21801166059649213,0.28675703769868544,2.581372440172199,0.0931553131283056,0.36104110702398956,0.5680192959635405,0.008104744315215889,0.5080307993362819,0.003326470763222644
1000.0,3879.3573210763257,20.0,0.1,0.10589418264709327,0.35290542041331374,2.6334404508063534,0.11574891597528433,0.3889099863840248,0.6470105086948584,0.00836744161319176,0.5873356526890938,0.003692125998823667
1000.0,4841.913809677533,20.0,0.1,0.2917230493100231,0.3705379362845935,3.700946928034389,0.10713560986646042,0.35171409548853183,0.5670981040336509,0.008237557178936573,0.5062270780473784,0.0035248265859107388
1000.0,4110.729461622914,20.0,0.1,0.395175090672533,0.2828255041077473,3.1079039728217364,0.10031309551000127,0.36902309634734254,0.5770269980303506,0.008080833335103078,0.4824254825716279,0.0030369827102665215
1000.0,4867.423454320084,20.0,0.1,0.24813754788606057,0.17890137391668234,1.532358915456913,0.09882073634803087,0.38139305631173476,0.604690999787627,0.008191487203753928,0.4898971955387436,0.003172788162058862
1000.0,3351.6788180198796,20.0,0.1,0.24735613512227328,0.40800459148017265,2.8264384283739994,0.0994209705426152,0.3503008428814904,0.5697180075578191,0.008083735558688677,0.5032290647342291,0.0031850660386842206
1000.0,4688.3740556345,20.0,0.1,0.14115284328437946,0.4205666655683453,3.4909894834188036,0.11498900151666482,0.37258232382766565,0.6112918150110724,0.008198280769399689,0.6222219114920593,0.0030113809145075835
1000.0,4992.98725537212,20.0,0.1,0.330171303805233,0.40812044054752816,2.8583204965568973,0.11236417179111621,0.366026500792344,0.6020848791410651,0.008187911989565326,0.504728201063209,0.003634759336556316
1000.0,4866.464141538274,20.0,0.1,0.2183843686382465,0.22310583174827173,2.0556977911643415,0.09452240578050798,0.3571161894494666,0.5569832687206399,0.00820546897521546,0.469475072594729,0.002938968510548573
1000.0,1723.1491460851698,20.0,0.1,0.38685603357232856,0.364859703480938,2.4865701205762822,0.10155606534552986,0.3763943166088504,0.6010885384156579,0.008157491961912016,0.4951360520635761,0.0032577437589791027
1000.0,3491.685202558888,20.0,0.1,0.1481600425054148,0.36270149405907115,1.8256715922433409,0.10033536436776105,0.3539307847559314,0.5875603939489074,0.008108353310358328,0.474919208198668,0.002997223426134559
1000.0,2817.5158953042796,20.0,0.1,0.23198245775334667,0.3437239875979782,1.6670944379063224,0.09656566095166659,0.38161479884973093,0.6135671788758021,0.008050671224554396,0.49479110696566725,0.0030458803817711914
1000.0,2115.5817469395224,20.0,0.1,0.36489535278795127,0.35731673248080464,1.324489163190565,0.11500055997792175,0.3957732140224816,0.6784642135760816,0.00830211044819314,0.5305200292508939,0.00327597838996046
1000.0,2484.0722474470745,20.0,0.1,0.3667443706413732,0.15417722213014778,2.174755404613246,0.10922022953185255,0.3929495079734561,0.6354570754721007,0.00807300026766224,0.5187010368784192,0.0031108994562996017
1000.0,3007.357938725462,20.0,0.1,0.44771651633238674,0.34032121842639124,1.0344316211131055,0.11945757540572222,0.39403914592461264,0.6812578078012578,0.009458908318737492,0.5259383018520418,0.00496183614812859
1000.0,3268.5318041364644,20.0,0.1,0.33323365848676195,0.25502341002904116,1.078836675076928,0.10237463598688755,0.3618794211052332,0.611646117285905,0.008134730956878578,0.4766091613429289,0.002981375334279134
1000.0,2706.286498393379,20.0,0.1,0.15931273972578566,0.20889616368150893,1.4815935363565118,0.09567523696455689,0.3533686752519618,0.5914445215736784,0.008113032874621794,0.4657202936880889,0.0030964158117336585
1000.0,4445.193523217868,20.0,0.1,0.2617714839520372,0.30643676218425997,1.669572836614833,0.1196537877447369,0.3949199032943418,0.6702126390961345,0.008206162707633729,0.5273369080696386,0.003320128455339024
1000.0,4338.02189829017,20.0,0.1,0.18394961907321297,0.15931686385243019,3.4177662032708533,0.10707357431428292,0.39850712982491465,0.6187374128772396,0.008083282371376484,0.6072058831793018,0.0030447195510633694
1000.0,2129.850311531033,20.0,0.1,0.42575302220437994,0.44727058581548373,1.117007096058483,0.10395418299067731,0.3908132842412688,0.6422622706194714,0.008806953749233282,0.5099898571697099,0.0039010784032916888
1000.0,2354.4382015426227,20.0,0.1,0.16543497871689572,0.26111457914356606,1.6502036485173146,0.1191378049079515,0.37166098067722175,0.674263400339462,0.008152706507305409,0.5236006882988536,0.0032880072593275485
1000.0,2069.412307297007,20.0,0.1,0.3788875034096869,0.43280405366711105,3.593316517395491,0.09887532543279227,0.3858941639466295,0.5951605364321407,0.0081678724924369,0.4996357387695815,0.002967669099299043
1000.0,2870.602620985383,20.0,0.1,0.3770487339906814,0.20193669014544524,2.6272700598543643,0.09737395841636834,0.3549696850576362,0.5643354100872605,0.008074227860954708,0.4679566286555765,0.0031296934559704587
1000.0,2796.2527912661594,20.0,0.1,0.1128718413108834,0.4377732918783446,3.077907484783842,0.09279604553783165,0.39457882735863903,0.6057891610228775,0.008392342484697533,0.6632461320969829,0.003625012119073988
1000.0,4589.483730608959,20.0,0.1,0.14138290415155866,0.3903757673814585,1.2833180579355252,0.1128041426563978,0.35447098936618415,0.6268064955078436,0.008499024032270779,0.4795824120190137,0.003476507895897145
1000.0,1758.730722192046,20.0,0.1,0.31654888364362965,0.3387975874586392,2.3800196027852127,0.09836977438459706,0.3652490546413567,0.5908326878619218,0.008153132214731509,0.49167340985808916,0.003167496583113591
1000.0,4779.330696220761,20.0,0.1,0.2807646252713106,0.3725622013448835,3.802469837513908,0.09895864003478293,0.3531153802253235,0.5512235257726406,0.00826724214423503,0.501492167347418,0.0034837184322003096
1000.0,3254.1139226016758,20.0,0.1,0.10044844915300952,0.33493421475154084,2.079094851328299,0.09366983090513,0.35415621675015924,0.5700712611265645,0.008408015486416258,0.48259826938896083,0.003531701438712198
1000.0,4858.2562072911805,20.0,0.1,0.4051880320636333,0.11750522367607001,1.3924794934832359,0.09733385697292982,0.3673293251100233,0.5897517656435963,0.008279831290724762,0.4712402049624769,0.00329296903517062
1000.0,4996.573840093932,20.0,0.1,0.18797306965265975,0.10543348955318271,1.7893653423735278,0.11637430027800963,0.3805552424818741,0.6361786187419606,0.008363536537521794,0.5125392935302658,0.0038163572331135426
1000.0,3855.087211064226,20.0,0.1,0.3359118418152314,0.1978815073113607,3.2629677116522613,0.09639253270102077,0.3891190203109204,0.5902995881238119,0.008090155142430342,0.5112076861261001,0.0030627920227182938
1000.0,3309.6853004352733,20.0,0.1,0.1800744378499446,0.27009443632716534,2.793697051304096,0.09968013240155983,0.38407611001106085,0.6021649934083816,0.008042509080369289,0.5616919882003027,0.0029511694999710776
1000.0,2165.7690811448474,20.0,0.1,0.38414680428202186,0.19275432863001002,2.990047722125257,0.10601680462313083,0.39655870030748164,0.6245045334747845,0.00808617754349163,0.517512822313175,0.00294312434100633
1000.0,4528.438785286101,20.0,0.1,0.3858929282506077,0.2239650872718231,1.5179957393388679,0.1173681942945645,0.3670487545871829,0.6354522982794933,0.00819437445605116,0.4930647046845948,0.0031645398613507013
1000.0,4278.349565082981,20.0,0.1,0.2885656034170343,0.3420975359162335,3.0543317883342276,0.10054587082597348,0.39586692010816515,0.6089156719315334,0.008079377189950178,0.53526386535064,0.003117719474928053
1000.0,3218.3918063274978,20.0,0.1,0.2691569172001943,0.43465644996981,3.6791148251294428,0.10370382555803458,0.3663231269591528,0.5856505030925554,0.008119867489907772,0.524211349057211,0.003094791978685452
1000.0,3349.386442093697,20.0,0.1,0.18608747287249294,0.4279225416492537,3.7435938853745108,0.11044860488934297,0.3736355969800223,0.6076896122031871,0.00807504249575894,0.6071452397218952,0.0029141487141304085
1000.0,4373.618219083025,20.0,0.1,0.2638208248565327,0.38202229147808153,3.394505337768109,0.09508759513137022,0.36048943526910016,0.5582440616837191,0.008114609596045791,0.5069046745405494,0.00303495982287148
1000.0,4528.972287869803,20.0,0.1,0.1432344489615366,0.15285762400387404,2.3496930703359205,0.10352729965643032,0.3531865402996543,0.5687293925191955,0.008214782989206082,0.4908189078039926,0.0032356983147303793
1000.0,4135.722779743858,20.0,0.1,0.1480511503578783,0.2903804814555765,1.7863490078612778,0.11231839096578343,0.37160872345207435,0.6300694048412528,0.008176757949318483,0.5023107031717969,0.003096539075076292
1000.0,3315.425736096079,20.0,0.1,0.44838833956200763,0.35459624812894486,2.6217086983520166,0.10176153738597685,0.38847057012834085,0.6032289392877811,0.008188916548923904,0.49824897091932757,0.00329866119862319
1000.0,4331.976239624613,20.0,0.1,0.294657349544311,0.3729384003171867,2.516707460942525,0.09499255430466508,0.37795118439403136,0.5830941708211864,0.008105288778416908,0.4969775724635425,0.0030496400225301194
1000.0,3258.965208405639,20.0,0.1,0.41328703676905,0.1928282817778529,3.7592539041111475,0.11618395996808878,0.37826193054165336,0.6117582271244322,0.008192484124961995,0.5060886011585609,0.003041410869458114
1000.0,2449.958595716098,20.0,0.1,0.18438716336481958,0.40013730713376483,1.8933314762942026,0.11632017269204675,0.3700295414506604,0.6544523533009277,0.008119042192140196,0.5249646125641331,0.0031999405061241977
1000.0,3474.425375426644,20.0,0.1,0.2918732418302028,0.37373502766576083,3.212571335102301,0.11014851180122014,0.36203864515489204,0.5982678337165745,0.008048562379416454,0.5196155700528016,0.002920461247186697
1000.0,2558.8124055360304,20.0,0.1,0.13139892897215585,0.4430384651612508,3.3048772272613314,0.1121844281512951,0.3790085427926778,0.6373480834029671,0.008224731561474928,0.7001197231749656,0.0032546263981903514
1000.0,4857.902985952456,20.0,0.1,0.11312616176422262,0.24641083423924964,3.9009163178921904,0.11087214101614859,0.361719247197116,0.5867782407966795,0.008477630386870797,0.6728069180384973,0.003561084979187649
1000.0,2656.7097684949467,20.0,0.1,0.35502347491849406,0.2747620641520812,3.7797347533841776,0.09648855255322408,0.36248097508755306,0.5630998329568976,0.008199784780911046,0.47822215724202166,0.0032541710407697245
1000.0,4527.050333917191,20.0,0.1,0.1424911198808123,0.23324304856446806,1.4228874977679804,0.11660896566572401,0.36104359653265505,0.6377367343124963,0.008430447424039216,0.49147258169499797,0.0035046721913105463
1000.0,3266.0268763410877,20.0,0.1,0.19696857152903346,0.22121490080860173,2.5275211857280446,0.09117113583601846,0.3752332443807081,0.5738121648365445,0.008111009684609571,0.5165512717253748,0.0031036790278941477
1000.0,1588.5653955298956,20.0,0.1,0.1839519886898532,0.43278650210118574,3.425370943873494,0.1123950596592673,0.3660070474944122,0.6285651652742366,0.008271708412960396,0.5954157287584001,0.0033622606966453457
1000.0,3156.9948910189564,20.0,0.1,0.20928651401814677,0.37201586355843275,2.6174820757974357,0.09286827959608389,0.3553990796119644,0.5613061774934952,0.008122176195178068,0.5037265088896421,0.003293033075803683
1000.0,3934.982333059031,20.0,0.1,0.1553338168716041,0.2491288775749422,3.7281377448086257,0.10919277304873315,0.3735960525704413,0.5995731164700134,0.008040414474540254,0.6435229529379501,0.0027613094304382423
1000.0,2121.205221444481,20.0,0.1,0.3800624841984429,0.14014578936627586,1.8943353100001876,0.10289798594437052,0.3866986102458271,0.6181055582169045,0.008126483709014195,0.5050801321965055,0.0030592001582895175
1000.0,1686.653889231763,20.0,0.1,0.1291904952850873,0.4101867005566352,2.6060603368916757,0.1123473441331404,0.3742555880440297,0.6512943885246175,0.008265767473791905,0.685132982595837,0.003182313754964615
1000.0,2421.43993605989,20.0,0.1,0.14898901731517744,0.13461556769356728,1.6053303261605278,0.10307435134737425,0.3704219414636015,0.6281872131030396,0.008076959157796977,0.4966336451473781,0.0030187726575677185
1000.0,2429.232819994115,20.0,0.1,0.4430638833161389,0.3744607210630527,3.0380076727191856,0.09435097744791984,0.3960679160564718,0.5939406505616528,0.008234147788023269,0.4988422321244815,0.0031512455219294745
1000.0,3617.8932130839535,20.0,0.1,0.28629814411519927,0.39435932204825874,2.843110191431619,0.09280584114053604,0.3846648849596833,0.5870265745578807,0.008090475891576757,0.5134257391746354,0.0031497350726843853
1000.0,2982.5141896273544,20.0,0.1,0.21050986800931953,0.3788238743167629,2.9660860012174926,0.1163072977359551,0.3515476208781915,0.6117987985455542,0.008103026283834124,0.5614803850178259,0.0033594664187214358
1000.0,2809.6216794188745,20.0,0.1,0.1547900224058214,0.19622212163175343,3.106033929168305,0.09395547695846478,0.3754515300037792,0.5823181635642041,0.008147985898122243,0.5983421107938888,0.0032533150600497374
1000.0,4862.5354303777585,20.0,0.1,0.37987322147598157,0.18558126160934532,3.891211528872409,0.09981198144443222,0.35238201461611574,0.549022631096625,0.008400978979588499,0.46905444292227993,0.003882280470794699
1000.0,2258.823968398693,20.0,0.1,0.1867601419434316,0.22235998713904892,2.250233352313367,0.11380635962380206,0.37488291354130215,0.6425928819518746,0.008084513499589616,0.5600692962168533,0.0029716828379399607
1000.0,1646.2625727993102,20.0,0.1,0.2454755115806627,0.27835735475863677,1.7318469153467917,0.10248811478139201,0.3597355907784069,0.6120619568637615,0.00812330681386342,0.4975706214584827,0.0031691577078917323
1000.0,3609.6124192681987,20.0,0.1,0.17321349568888947,0.20257840528089308,1.5835861106737168,0.11477832464020177,0.3560463451172671,0.6297852347454632,0.008142883413450494,0.4873543998869931,0.003292232407921043
1000.0,4708.741463913152,20.0,0.1,0.22256026730587397,0.22739630313631268,3.5365576629628017,0.10979037479765737,0.3558289317705335,0.5786993024680918,0.008108439309848786,0.5473163826796843,0.003091640238094812
1000.0,1978.3093535640646,20.0,0.1,0.10372354634401262,0.35185192634933005,2.1981940216465325,0.11260508802277766,0.3815218748955133,0.6662410194584101,0.008386477246875048,0.6141126898287218,0.003499108519869711
1000.0,2349.5584874737906,20.0,0.1,0.24521785348700464,0.41372157632383555,1.7638184338696763,0.10204872484933167,0.36436480850220493,0.6109544506385846,0.008065199651880826,0.4890968447011572,0.002892431567784055
1000.0,4616.609085536261,20.0,0.1,0.11582183962629754,0.1616520715767193,1.956793289717724,0.10625017928874175,0.38519213031310984,0.6172255487656999,0.008390567311705564,0.5130861152788297,0.0033830574564347217
1000.0,1566.4529402637438,20.0,0.1,0.12327529235472597,0.2619945486705363,1.5981701488275686,0.11004401632077107,0.36885902862113407,0.6669476388487354,0.008242738985271295,0.5262307215533999,0.0030494280893664984
1000.0,4486.16584912156,20.0,0.1,0.18880883610006388,0.2796071630401994,2.763148550070518,0.11874740840908599,0.3714406985410869,0.6241393199313479,0.008147802730784564,0.5492582482440456,0.0032033595044499564
1000.0,3939.294220661805,20.0,0.1,0.40258523426072124,0.15403128575893593,2.639421284832306,0.11127189615775059,0.39679320989834277,0.6318520503561342,0.008101687156733237,0.5204848294441993,0.0030820568753827495
1000.0,3732.1745486913846,20.0,0.1,0.3386039575590797,0.31603089525185524,1.215348326792813,0.09335908264397696,0.38725567655697796,0.6124760357999589,0.00811400923725796,0.49007768760692894,0.0029406893472787117
1000.0,3096.257028789622,20.0,0.1,0.42908026673888344,0.2928497765261424,1.3559219153985116,0.09031936017492682,0.38823026919723874,0.5980984049297668,0.008381334602703223,0.4871096977392062,0.003375895302471698
1000.0,4904.616585465146,20.0,0.1,0.380513991089815,0.11629394102562239,3.989276231720992,0.09964970161680084,0.380625750390033,0.5759397247014696,0.008458294584403649,0.4968625724171283,0.004212224583445281
1000.0,4435.6125178086895,20.0,0.1,0.406861889543468,0.31881835939407843,3.9607962641924948,0.10960573535655074,0.3961840046769832,0.612657289889286,0.00838457504855346,0.5175538127754005,0.003254536908945362
1000.0,1905.5129026524392,20.0,0.1,0.4475159211337566,0.2718965440314238,2.1282857061359173,0.11792173649783508,0.37411954176807866,0.6291516536520264,0.00840899434013969,0.5078954962497056,0.003950461881922387
1000.0,1884.2814505093042,20.0,0.1,0.35399383937115614,0.1397519039361079,3.668451802088361,0.11971206588945804,0.38282875207166855,0.6355969157545802,0.00828811000730871,0.5286953490542903,0.0032888384488376308
1000.0,4907.039006666041,20.0,0.1,0.4236800543241065,0.25250416252676006,1.3972825094042913,0.11921259806710044,0.35859685187388435,0.633870259924877,0.008554237227493367,0.4861389965132293,0.0038468459548606257
1000.0,4979.370425777157,20.0,0.1,0.2738867035370593,0.25748377624360397,2.7376360990622417,0.10943294436176296,0.3557269029923968,0.5857343447413402,0.00815455026808534,0.4985898681667941,0.0035751189315675557
1000.0,1549.2064118046837,20.0,0.1,0.2247413368359511,0.3665306418041111,2.9471282667945085,0.11564767112276485,0.39345743440602937,0.6669475802870003,0.008228766659908474,0.5909391891242486,0.0033493709444487128
1000.0,3175.1389361454076,20.0,0.1,0.2284349969156073,0.426807999148769,1.5422690786242836,0.09687081065332807,0.39221553469102916,0.6289033202992139,0.008084216318267966,0.503180254522725,0.003190611366259014
1000.0,3516.1757566915976,20.0,0.1,0.17100456264080216,0.28562567892466695,1.24846421281724,0.0990341051003872,0.3588574945176347,0.6050597377493655,0.00810055638327391,0.47143427607333965,0.002885550692241166
1000.0,2889.6218741486837,20.0,0.1,0.2874322244171015,0.2756461761721595,2.7509392306786484,0.10258180923412935,0.3726612886338298,0.6000228588122176,0.008027886167934657,0.5165552720057611,0.0030369428370096148
1000.0,3538.757828412827,20.0,0.1,0.31672749661666666,0.2923353814145824,3.928164947191225,0.1072061073724918,0.3735370694953655,0.5921661281978347,0.008216768864505212,0.5158519783304243,0.0031148865145719405
1000.0,3550.473437803936,20.0,0.1,0.359479549965108,0.2915889024762335,2.6846778066241677,0.11116378595010978,0.3792293411197776,0.6184412477393839,0.008018055457182243,0.5105147373604494,0.0031351654068094248
1000.0,3802.452229612016,20.0,0.1,0.3069170021656577,0.15213732217683656,1.734955304570277,0.1039018253746665,0.36323594613150395,0.5966064286501144,0.008035299519995905,0.47916010859047126,0.0029724767347143353
1000.0,4314.724730263702,20.0,0.1,0.11228489818633816,0.43162466205774797,3.8906085367550585,0.11137794468584324,0.379704520136949,0.612855168052277,0.008384122370370123,0.7202360076459021,0.0033331443645093555
1000.0,2582.398361517371,20.0,0.1,0.19345367531626023,0.2791967771436046,2.5488300424761148,0.11745250213947847,0.3754529326426821,0.6457498428487605,0.008085174285990752,0.5807937394947199,0.0031490725065170906
1000.0,3075.131321158605,20.0,0.1,0.4355830843969134,0.1424717464336375,3.870878053704733,0.1038432318026221,0.36368532192284747,0.5702989448464594,0.008301756824756435,0.4765321217612495,0.0032833596884432317
1000.0,2659.3574410251967,20.0,0.1,0.24702961315698155,0.2706153873620306,2.109821836361064,0.10328256452212965,0.38074884314644897,0.617909005635512,0.008031683769602914,0.5150612627781203,0.0031898499171010256
1000.0,4444.4323597592165,20.0,0.1,0.20002599985672004,0.40769271467984447,1.4013324034284695,0.10292377280060794,0.39622588244234574,0.6437038160955115,0.00819435257083283,0.5111368099486775,0.0030292036831495134
1000.0,4201.058504498616,20.0,0.1,0.39888013310949355,0.3291164474003049,3.144581440738585,0.10293496270155483,0.3740541543335061,0.5870412307146149,0.008088511276914803,0.4897121950729934,0.0030314648908827085
1000.0,2791.3175146220656,20.0,0.1,0.4100398761773856,0.41208763813479066,2.8707498209298143,0.11141878005266856,0.3585340862295313,0.5951143721160812,0.008108221540125696,0.48275439609961396,0.0030350596924108133
1000.0,3430.016911151312,20.0,0.1,0.21483016919240078,0.3604876613505903,3.4361441111570983,0.10062373375027099,0.3863822117784014,0.6015227574238073,0.008054462703328812,0.5730645602258579,0.0031622072792580978
1000.0,4110.756443186797,20.0,0.1,0.24374548419543032,0.14559966792661347,3.274946407417366,0.09866803163334782,0.389386120190884,0.5950858176218538,0.008071680706675008,0.5491932242543685,0.0031440233882827355
1000.0,4302.723848256659,20.0,0.1,0.2672873718109363,0.12874390594377066,3.4068991059969056,0.09384621140797038,0.3985764856079025,0.5913418358563896,0.008143848023520197,0.5423909547568365,0.002988015227230703
1000.0,2428.707141201936,20.0,0.1,0.4014780322326973,0.11579431033254539,2.8117447409550764,0.11677866931860924,0.39429915468000293,0.643429166032242,0.008150246048188458,0.5257195653895717,0.0030621724202270348
1000.0,3906.1957978860246,20.0,0.1,0.32531100018416076,0.41144891016708396,1.0136848223986776,0.09129376486500902,0.35089754331940226,0.5738919613834762,0.008352830921337817,0.4514454362385916,0.003307809764766666
1000.0,4787.549677962483,20.0,0.1,0.40510531978591435,0.14050457962773,2.1301328897229728,0.1029199162192616,0.38206363851791914,0.6028708874163372,0.008112145118474842,0.49226747498879214,0.0029543502554685015
1000.0,3147.8358650338296,20.0,0.1,0.3808679041378207,0.4466411909093637,1.772832915703193,0.1008917116200282,0.36327662677793715,0.5933451804616701,0.008075603882500625,0.47615802148829056,0.0030511835517574785
1000.0,4144.00809652269,20.0,0.1,0.22917837596799678,0.4134852662959865,2.3352078251550217,0.10034736502140357,0.38436365228203984,0.6033383873450057,0.00809352316260896,0.5138320265199064,0.002967610944748807
1000.0,4746.018711581039,20.0,0.1,0.1431107355004828,0.3521735620195995,3.630945856860393,0.09523664897785514,0.3828476794869328,0.5734928598137186,0.00817489645130135,0.6020875697955528,0.0029016001420457647
1000.0,3429.2977567981357,20.0,0.1,0.14551942843456755,0.21735878685436705,3.8634665094214147,0.10420748119502007,0.3967549047751276,0.6146136435577857,0.008103477879859275,0.6748421629337115,0.0028907569341948608
1000.0,4692.0209447857615,20.0,0.1,0.35581709574929776,0.1895112638452842,2.6414161702938967,0.11661600892979677,0.3977800368518355,0.6441636667541244,0.008168034394963337,0.5344425051815321,0.0033007704295523665
1000.0,3279.983944544636,20.0,0.1,0.2778874391442613,0.3633191623124581,1.8070140446811513,0.11053995875611265,0.3967935103790836,0.6541560664031892,0.00804228319069404,0.5250193037712566,0.0029675676772442016
1000.0,3230.673741509492,20.0,0.1,0.13412824303685206,0.4090611475494512,1.9159303251135933,0.0954006330216871,0.378303158507366,0.6026750163035203,0.00816251115159946,0.49803468590875255,0.0030775167069487463
1000.0,2667.7025814206636,20.0,0.1,0.24103119922365185,0.44144684997789174,1.5226363759559236,0.09442110318024162,0.35774937614042174,0.5906282647298741,0.008108519982975116,0.46752563437187195,0.0031492186295330664
1000.0,2793.4491387644593,20.0,0.1,0.282569976596167,0.30140788878069136,1.2946465297025898,0.10521208350725315,0.3909434850229815,0.6533279842328424,0.00804549360731201,0.5118960923275143,0.002880674400112758
1000.0,4372.478779302133,20.0,0.1,0.11869573094353959,0.380096846155094,2.808524376747166,0.09133290622537552,0.387453880508713,0.5777855119043195,0.008368191670645557,0.5394006409778801,0.003347938069884441
1000.0,2435.6517110191658,20.0,0.1,0.3495988778511253,0.29971665428531236,2.125262056125167,0.11456271032792911,0.376869706195619,0.6358958943360804,0.008064496036988405,0.5115320202209566,0.0031547764203218196
1000.0,4689.4746187889305,20.0,0.1,0.4436619138143849,0.2920908741437831,2.9216654657366488,0.10640886653832302,0.3546082760490589,0.5738072319877943,0.008291976143003237,0.46950721100696724,0.0035530228637081743
1000.0,4362.948262230993,20.0,0.1,0.2246111551839004,0.1712361244283418,2.3480527752612668,0.09225442320398189,0.36661297942267673,0.5609503539948651,0.008153404262112597,0.48556338980584995,0.003137746024427035
1000.0,3808.1325653036606,20.0,0.1,0.10144129216660824,0.25295309617534645,3.0667364759191873,0.09460075785668992,0.3914352626946536,0.5940517542205666,0.008381163286816793,0.6138739087397291,0.0038599370382086462
1000.0,3106.0650086035275,20.0,0.1,0.2504848610915962,0.41892596748465616,2.9430256488269286,0.09164450613393615,0.3553496537287198,0.5583958523797904,0.008127461401153923,0.4993108873124792,0.0032583772627690875
1000.0,1521.5902197762916,20.0,0.1,0.1408973729214573,0.24855115353771717,3.945966738952212,0.10227649382208755,0.36550424509372326,0.5994581209510917,0.00843414976673374,0.6188821989175336,0.0035801046974925504
1000.0,3464.709626736825,20.0,0.1,0.2178537225174053,0.2782567850693487,2.008528982673385,0.11927030439872202,0.3662566306696023,0.6385168872190263,0.008105824682566928,0.5120379028632002,0.003121546263233824
1000.0,4935.868149317625,20.0,0.1,0.24866818147878045,0.20947925355996036,2.2199885505171366,0.11736092098536353,0.37753889772702814,0.6288344945014959,0.008196348015238749,0.5173006115096845,0.0037716541891246783
1000.0,2477.1241686110106,20.0,0.1,0.4457135547601927,0.4261998177407571,2.4902251898345487,0.10422344004925743,0.3949842336926558,0.6178589866408314,0.00825311159720054,0.5091080888099329,0.0035187991717861916
1000.0,2574.441470614856,20.0,0.1,0.43646856014466595,0.14066951379662868,2.3388327340947286,0.11853844210113386,0.38632069947264985,0.6396257826203268,0.00827840072821403,0.5172635420733274,0.0035621146531100616
1000.0,4981.726005364071,20.0,0.1,0.27381898530973414,0.23609635020090622,1.5983963688473242,0.11639553806216985,0.39732874884207225,0.6620881600189564,0.008274893158477162,0.5239775494873656,0.003515742069844914
1000.0,2407.675027977875,20.0,0.1,0.4422112607288402,0.2624317327650929,1.530304679897661,0.0986785573582944,0.3951393320656409,0.6196248023862817,0.008380054415225806,0.5054409934192202,0.0032066582618576617
1000.0,2723.793976669302,20.0,0.1,0.20381361160766823,0.1714564612921985,2.555976303702838,0.1097202246080074,0.3519184823482419,0.5988134302082454,0.008069989931834347,0.5363321935945068,0.003161483502881381
1000.0,3220.933622724092,20.0,0.1,0.3805430884592974,0.4347240713033287,1.7713080717825014,0.11657423763151978,0.3522654088370841,0.6181946246703033,0.008131085291602584,0.4823899638407713,0.003114025337844797
1000.0,2204.346840973936,20.0,0.1,0.18052168448282202,0.31809214820398835,2.726652163629931,0.09398541499190602,0.364725334928028,0.5808249451343573,0.00814936437297162,0.5593817863204522,0.003119676518665541
1000.0,3452.4421557436463,20.0,0.1,0.28473717157051004,0.42739626313060297,2.424879317566446,0.09972235709040925,0.39739819699329354,0.619557971290986,0.008075899121893066,0.5264600366695552,0.003207824956843598
1000.0,4994.566250519236,20.0,0.1,0.44703381832159217,0.19970275718189207,2.476043349029949,0.11823715049205703,0.3869022891702292,0.6352928163694471,0.008464555854609918,0.5132319940749476,0.003864715990626603
1000.0,2379.8222225255236,20.0,0.1,0.15870774352377112,0.28359289883890787,1.1926350430240098,0.11799711514965809,0.35599078166248205,0.671040089182907,0.008284551868432362,0.5006081687208656,0.0031108336847252152
1000.0,4479.726541835802,20.0,0.1,0.22592462308463346,0.4074842863666682,2.293568313394469,0.09601096128213041,0.35987460251712994,0.5664365713477875,0.008158197384527478,0.48087417670677934,0.0031160151329598256
1000.0,4083.0851883895825,20.0,0.1,0.1056330654589897,0.2214734813730494,1.8457981686763665,0.10383708166952044,0.37066380584736336,0.607359815386985,0.008318973445802978,0.4957048540911574,0.003221413189901833
1000.0,2160.927362101746,20.0,0.1,0.26024727301603073,0.3742434658278557,1.1629539555697757,0.09890585210225586,0.38708613131551883,0.6458307534980191,0.008112942526095918,0.5060983727818807,0.002929587131937429
1000.0,3946.5885277346024,20.0,0.1,0.3473519492283266,0.3925742681372778,1.3316648911724756,0.10331413382086747,0.3860963459563798,0.6329402482169219,0.00808487940813232,0.4991598746238646,0.0029996955301518757
1000.0,3408.338802963426,20.0,0.1,0.265091472656535,0.2657993811804076,3.8735469428064495,0.11201819099222071,0.3523466665450006,0.5834389119603797,0.008189191133342207,0.5253374930040265,0.0030788927999419865
1000.0,1913.3068350876904,20.0,0.1,0.2773163400538424,0.14865889531290088,2.528040516714362,0.09248985341661445,0.3891340191112003,0.5996782262803895,0.008181982006512873,0.5187461549623135,0.003321947946683543
1000.0,3974.099090938999,20.0,0.1,0.20166697086786567,0.37617746640818517,3.8991605397714526,0.11767370411884531,0.3576003712637346,0.5982494295667552,0.008207389033308343,0.591911853349021,0.0031441005054804344
1000.0,2226.471096772875,20.0,0.1,0.33261162082225615,0.28263886159072343,1.350264851194153,0.1191316842843555,0.39204631172640114,0.6868831996610196,0.008241696050742438,0.53160459709467,0.0032315465650140244
1000.0,3371.396783234919,20.0,0.1,0.4466873897845858,0.41820102083612254,1.518134286862098,0.11936696317822137,0.36479263759991004,0.6393722491283751,0.008533559538554976,0.4950785732701543,0.003949905441058971
1000.0,3019.4924661822115,20.0,0.1,0.37344756913074606,0.11900814306258965,3.836363093292386,0.1144198050219093,0.3984891828626841,0.6316461628263722,0.008245917321243275,0.5325558842611994,0.0033510934890812224
1000.0,4738.9451132458635,20.0,0.1,0.20102483870134802,0.24155402564655012,2.3621988162518086,0.09007193599882798,0.38438422566401664,0.5713852187401458,0.00823965630835223,0.5009500830827374,0.003434571535163455
1000.0,1502.8547622424635,20.0,0.1,0.20359193548311963,0.2591073063167319,1.5474319550120887,0.11371913028425266,0.37840233423775343,0.6762347504785834,0.008164584951118497,0.5398807905760075,0.0031097159630267754
1000.0,3515.326047985089,20.0,0.1,0.31630742508902876,0.2736553183434346,2.8207510577963317,0.10860569723396689,0.360839738558796,0.5955009482970248,0.00802165134424396,0.5029536327191099,0.0030453550620913746
1000.0,1990.636222961418,20.0,0.1,0.252290711038199,0.41843065562562665,3.962220761776985,0.11833292982548826,0.39904442416905656,0.655839391491637,0.008468982459282222,0.579316544948141,0.00400448520740859
1000.0,2142.125961099322,20.0,0.1,0.16006263080039446,0.25291519244226923,3.3412266745180816,0.09290972704580468,0.3860781113547383,0.5962956850454646,0.008233450992600734,0.6090333802895248,0.0033080621222892435
1000.0,2714.6239416941626,20.0,0.1,0.15729948692123122,0.4187102067079389,3.051626203134888,0.11635291626856603,0.35703944370163776,0.622853811561824,0.00815942858747968,0.6312441337675059,0.0032852069328483755
1000.0,2944.020016715809,20.0,0.1,0.38526310870047975,0.20678986683460548,3.94255151559927,0.11375458000548427,0.382803848009656,0.6128818028494672,0.008269092827528746,0.5138510812623843,0.003296559777245047
1000.0,3966.121035482961,20.0,0.1,0.41554028180648084,0.25359489167773863,1.1395909645574913,0.11222289653056484,0.3723300169953134,0.6388539111304865,0.008464873040847776,0.4937171187450896,0.0035921448373631205
1000.0,4211.712465733315,20.0,0.1,0.4300081525629149,0.3291101552450434,2.6322471792176145,0.0930900053832178,0.39968300687630565,0.5966005796954768,0.008199419725189722,0.5005349302740525,0.0033709916489547682
1000.0,3188.412048123788,20.0,0.1,0.35583911135187507,0.1337367034721076,3.17558101992671,0.10497200956844951,0.3820646795615307,0.6033375269661555,0.008050944939507542,0.5083208084870344,0.0030639632277575206
1000.0,2517.7815464390974,20.0,0.1,0.1577580385612664,0.3181378285233367,3.8141489555219974,0.09948622360771721,0.3930514858785851,0.6098138598677849,0.008143563681745491,0.629821066401358,0.0030057056189182777
1000.0,2107.299921192328,20.0,0.1,0.3168597217825483,0.42780628905243745,3.2829030367528294,0.11754306091569953,0.3784917769431915,0.6372112332102517,0.008157337452289007,0.530589042488407,0.0031871268217918006
1000.0,4959.47505578685,20.0,0.1,0.3193066490033706,0.344642765283787,2.4978717142496523,0.11668884537669755,0.3546512768111711,0.6032306706455698,0.008189887444082574,0.4942167066505394,0.003778350124739724
1000.0,2601.7826112310668,20.0,0.1,0.11147040343460601,0.33541748880724703,3.5756645084844823,0.10843828805819244,0.3583564384111099,0.6054985490881832,0.008308987188981291,0.7124983365021604,0.003174891331073116
1000.0,4838.665001516736,20.0,0.1,0.29457766049310363,0.27643497966177955,2.832751368772173,0.11386888745125444,0.37569555890522643,0.6154735675890521,0.008134349620258831,0.5236600756230463,0.0035519748625264377
1000.0,1875.1698215866927,20.0,0.1,0.428281220323677,0.15187526182596772,2.4034367158290815,0.10067986462932935,0.37902653946071696,0.5939728643325312,0.008231770737762429,0.4929248235963361,0.0031989136795188854
1000.0,2057.0570006055445,20.0,0.1,0.37104592521721136,0.3478566050822898,1.304657387855231,0.09232475576235033,0.35509700725993343,0.577223531339401,0.008273265275082166,0.46324206581066363,0.003226487691954629
1000.0,3722.5816084740773,20.0,0.1,0.40129784753096165,0.311824316170703,3.874290363433764,0.11110161870556667,0.3670792466502847,0.5889848331313394,0.008220992275082523,0.49085622586756483,0.003348618351396329
1000.0,3090.3633689067497,20.0,0.1,0.38914179324528075,0.3835459038793644,3.251531308629867,0.10834625478389996,0.38422562456909404,0.6116468752673002,0.008051187171841955,0.5061463757621789,0.0029149672726657447
1000.0,2090.983846591182,20.0,0.1,0.14653078445701911,0.2035181928692879,1.3381414314821054,0.1108984009226187,0.3754877536284323,0.6721798950907274,0.008136771815232507,0.515964684296551,0.0030221135600167937
1000.0,3604.339478928355,20.0,0.1,0.2524176516797727,0.24466564107281916,2.246674562985658,0.11959101930291147,0.3756537541568995,0.6420532984970037,0.008077015493962518,0.5286075360389546,0.003078971476640192
1000.0,3385.1883361885803,20.0,0.1,0.1098172060556053,0.3404674436304507,2.7516007441076935,0.09228257474669327,0.39431726908622033,0.5970903521756464,0.008350927363145124,0.5818824325537268,0.0035008744444348684
1000.0,2479.390386849584,20.0,0.1,0.345086480193487,0.30774909792458505,3.9543485085211043,0.11518216699970896,0.3938221879037615,0.6327519339822281,0.00833579881870608,0.5359478395917585,0.003621071661297632
1000.0,2145.696945360577,20.0,0.1,0.35811347448396147,0.4164600366476805,3.9549419598429116,0.11312269679166759,0.3595726267871022,0.5944100141119897,0.008387255406898886,0.4962751969209621,0.0033783278039222525
1000.0,3309.5957038276824,20.0,0.1,0.12056874576857096,0.3087776191014817,1.1882745576605962,0.1021309456326606,0.38037073406448885,0.6423674074165315,0.008286180149875824,0.4996932249630738,0.0031763924605838576
1000.0,4193.480602844571,20.0,0.1,0.11362311214121251,0.13423698702175926,1.3509689903487048,0.09443853553636186,0.3503691486068518,0.5704195394462057,0.008535370367810316,0.45586963180895923,0.0034936137127719365
1000.0,2946.3926551986965,20.0,0.1,0.23272882190623823,0.1205139311498252,3.387852100902592,0.11237511048963922,0.37698094948567396,0.6198509807314633,0.008082560263975589,0.5711790608361488,0.0030154603073253403
1000.0,1808.1063157211383,20.0,0.1,0.4181003172612767,0.2017040169141645,2.4450443923200877,0.10937925499272948,0.36958882224069084,0.6051912319245872,0.008207248468891332,0.494797834088965,0.003137698912425323
1000.0,2927.231228577508,20.0,0.1,0.30938404503725037,0.149625050118737,2.484246371953004,0.1018896349241672,0.3659558210174468,0.5900738073510128,0.008041853373850676,0.49712310938297527,0.0031014127955089534
1000.0,2158.837516653757,20.0,0.1,0.227620381645653,0.2816995205735187,2.546580934668376,0.10115220343306233,0.3572675987877657,0.5902269350155197,0.008107950671019075,0.5233175912731618,0.0032330916393279435
1000.0,4254.494805276242,20.0,0.1,0.1286075774878829,0.37486133247580244,2.3379403687547264,0.10072939762474858,0.39910785911870544,0.6163716037248302,0.008295417572590976,0.5359919808818636,0.0032808791743789887
1000.0,4855.567130010058,20.0,0.1,0.1489273815006862,0.380847868467724,2.3271489872303937,0.11762293049295199,0.38698575103660543,0.6396066300081718,0.008408500500570407,0.5387066889494488,0.0036825567315013387
1000.0,3208.7331263411243,20.0,0.1,0.2698846153731578,0.3149987482189802,1.4701958848452366,0.09257466470004751,0.39035855831886657,0.613338081374366,0.008084069070259922,0.4954160083162089,0.0032161303815810365
1000.0,4020.473944209066,20.0,0.1,0.37332802466507875,0.35489370470623205,3.6799902597411354,0.1162807350873274,0.3630066858440143,0.5977678111911082,0.008179490320228215,0.49911861673207364,0.0033493431617169682
1000.0,3230.1442825404542,20.0,0.1,0.42003978886487825,0.2715413784091968,3.515381036911597,0.1044803934225416,0.3560033505482009,0.5685740415326818,0.008120506069891321,0.4705361272137911,0.002992148207356614
1000.0,3882.353891360676,20.0,0.1,0.2716333916255841,0.32631435436803585,2.8847801805762288,0.0919788510643227,0.3605852123518787,0.5586339000914284,0.00810154423146823,0.4919581106851983,0.003125198379478975
1000.0,3600.9572427068088,20.0,0.1,0.23833444728003791,0.19523066103941955,3.981235992637944,0.09309725080350889,0.3811511510143599,0.5699213884159013,0.008245744647742591,0.5391411419591067,0.0034312217225146236
1000.0,3785.678297421946,20.0,0.1,0.4464895583636084,0.21882726400634803,2.968392932242331,0.11871756897752828,0.35192635318229487,0.5955566848653036,0.008299752945805112,0.4808057169417749,0.0031954254766248294
1000.0,3146.194352278474,20.0,0.1,0.24927395154753007,0.22053146898515297,1.5950216345147252,0.09812576960810808,0.35918859090230243,0.5897760639710935,0.00805022590822934,0.471150794598191,0.003208739414636879
1000.0,4448.695312214367,20.0,0.1,0.17168709729605353,0.28718952142186566,3.2130729088983685,0.0925958229601495,0.3597358205046614,0.5501011249638108,0.00813983987694185,0.5307808216771078,0.0031384453063528065
1000.0,3356.0799992171296,20.0,0.1,0.25092709902834665,0.10671964833155954,2.33371539710037,0.09440499131874633,0.35523653800890476,0.5604749067925217,0.008119746446283552,0.48103573357932056,0.0033076957932869837
1000.0,2370.1888282043697,20.0,0.1,0.4227796404653108,0.24990035050255585,2.8588817847052708,0.10900123805117788,0.3908011446279693,0.6216848732237359,0.008120514627337705,0.5115664364207291,0.0030406805359827174
1000.0,2404.375230550066,20.0,0.1,0.21282216564149065,0.3939190645110747,3.109978632840649,0.1094178773551767,0.3780957328124575,0.6268476540057054,0.008087412111493062,0.578791563761867,0.003218316822547968
1000.0,3972.5083420708916,20.0,0.1,0.3745793318072733,0.37703538763953304,3.9912531080492935,0.11752560107302161,0.3626611261545225,0.5962721862168762,0.008415196622036469,0.49981212255889274,0.0038767769535942905
1000.0,4320.172092268673,20.0,0.1,0.1976082426730708,0.11562872343006422,3.08129752297196,0.1169886789283192,0.3864497281781158,0.6323350914678447,0.008126610315567457,0.5835865992989946,0.003257778604756426
1000.0,4275.077983769034,20.0,0.1,0.2730217359990469,0.2871320224693701,1.5006879387947039,0.11942387827702886,0.398761782610584,0.680190494264751,0.008215935845757855,0.530284345560651,0.003313908714223267
1000.0,4832.598287344676,20.0,0.1,0.19501998681147348,0.2630639263530671,1.3990997064225752,0.0957492106912999,0.3771481796508351,0.5990015153789316,0.008248676466691597,0.4840485527017848,0.003190572391031612
1000.0,3280.8075265566495,20.0,0.1,0.1165725650903584,0.3316525161076567,2.653359557397767,0.11197313596039521,0.3711667824415949,0.6244267798261446,0.008169846614609498,0.5849434712870264,0.0031184050326601783
1000.0,2050.7904370844362,20.0,0.1,0.2925423787322422,0.30036436418440016,2.440358712930757,0.09004736639042844,0.35401262234948316,0.5590852669797652,0.008213903438400455,0.474681381482328,0.0034183021975220996
1000.0,2813.1949757872962,20.0,0.1,0.1004804491143865,0.3800782315295813,3.9931972600787815,0.1180367265833388,0.38944631855791917,0.6571572489167941,0.00868622926714557,0.800403614532209,0.003946828330463403
1000.0,4467.367693442284,20.0,0.1,0.10507113613275311,0.21410666371245368,2.3735944450361552,0.10401916512485383,0.3526973307430803,0.5726797423197341,0.008428121130539168,0.4974521300458338,0.0034279738769640252
1000.0,4446.623026639625,20.0,0.1,0.3733099846417759,0.18439151665002368,1.8634278200502918,0.09957915554147605,0.35631683417327054,0.5744869262706317,0.008076814616578573,0.4639719991629115,0.0031067181911025796
1000.0,1623.643777287977,20.0,0.1,0.2776781456482267,0.13607097029249737,2.989308221453377,0.0907985945741777,0.3661039985852761,0.572038143049141,0.00824044979876785,0.49586056066659534,0.003264071368693471
1000.0,2608.527352737806,20.0,0.1,0.1048484927374225,0.21696181929935207,2.7389804528162154,0.10907887427689342,0.384239996195629,0.6386125595274291,0.008238588726120256,0.6670367590357918,0.0031736612958137033
1000.0,3614.384002268605,20.0,0.1,0.31780564439357795,0.4089265238173675,3.0899157857922805,0.09336874520660099,0.3865838278198485,0.587090818685076,0.00809113505446734,0.5092539884414578,0.0030714325634377945
1000.0,4542.694947625045,20.0,0.1,0.19985661832993024,0.24256732712453025,2.075878638213328,0.1131664369437698,0.36341123447404794,0.6089381442091204,0.008151180206335441,0.4988413004094096,0.0030450819092048245
1000.0,2864.383055096083,20.0,0.1,0.10202505247145711,0.11530465607035548,2.5972264599593533,0.09002490205260157,0.3841065649119788,0.5843209208465104,0.008459086927601481,0.5770712140245822,0.0036430341658302374
1000.0,4923.4631616351035,20.0,0.1,0.15439151093947762,0.13864457344950637,1.522069920586234,0.11209734221035347,0.3799227274098818,0.6360307247945499,0.008411784481118385,0.5045468459693309,0.0037175170439679704
1000.0,2611.7590377148563,20.0,0.1,0.19653816483973532,0.2301049172129349,1.7188197476379217,0.09055813072261228,0.3510853034495004,0.5662777827676055,0.00814570114848581,0.4624101153153687,0.0031276565522014147
1000.0,3976.811024697727,20.0,0.1,0.10895320147109241,0.36809451598394183,3.2856782198793386,0.09518661995534061,0.377913574549085,0.5804297629608147,0.00830775135874702,0.6188047833655306,0.003598933407902001
1000.0,4228.331317820295,20.0,0.1,0.11651332639607877,0.44347501010479506,2.336297189095901,0.10873865407897784,0.37420161768993115,0.6133590600664598,0.008360517107714177,0.5243296446044355,0.0033469573298211697
1000.0,3393.123484594799,20.0,0.1,0.1573537510318896,0.42321115790751973,1.3669263267034255,0.11507206463733285,0.3568413071518897,0.6486466335353172,0.00820004456394872,0.48953265909373667,0.0032034381097434442
1000.0,4915.968877350518,20.0,0.1,0.22065174947081345,0.26034066830446256,3.282794541803506,0.11710479157802318,0.3606382860037768,0.6015772426111067,0.00817397865762234,0.5501819299012178,0.003432258504910385
1000.0,3130.1576396388164,20.0,0.1,0.24365772373322342,0.10196938920826176,1.705475644622351,0.11167201751037388,0.3761876145256261,0.636406984332814,0.008057784359048687,0.5053794985903645,0.0031393874847703636
1000.0,3736.830554084181,20.0,0.1,0.13779778284146815,0.17849900121076356,2.415086775672391,0.09898970563540552,0.3831063275324649,0.5957261566109966,0.008132185028704695,0.5262716202560289,0.0029963214905633956
1000.0,4105.8173036981625,20.0,0.1,0.12650970957179897,0.29383647786146305,3.3390157316169202,0.10888559487313346,0.363073054150559,0.5940253738194932,0.008136927675318746,0.6195697101604809,0.0031408184356391715
1000.0,2207.5972025057295,20.0,0.1,0.3319884652558457,0.24797529069007668,3.506801324671194,0.11514777704306854,0.3623863768355841,0.6085442953104983,0.008143738080655721,0.5076579960858978,0.0032580321382762937
1000.0,2130.0627477215126,20.0,0.1,0.13861138586941027,0.18293811275758076,3.6633480257134234,0.11258334305014736,0.37302949025238735,0.6284925258829994,0.008247977906528372,0.6732572967485025,0.003156981475722719
1000.0,1522.274789057847,20.0,0.1,0.3834654955118625,0.30650517965362895,3.081979722598681,0.10882646526348033,0.3533689934786784,0.5886016191423017,0.008189325362980048,0.4812419324599879,0.0035260279505690945
1000.0,3631.308750114108,20.0,0.1,0.20746034122676,0.41720995682496786,3.6536152948122274,0.10571469075152132,0.35995703179392646,0.5819624986104662,0.00807277244703549,0.5638406070700079,0.0030472694911829385
1000.0,1865.2648032211239,20.0,0.1,0.3733117676945509,0.33456358099599115,3.875107211124724,0.11162373992691227,0.38789462703465294,0.6208422425370997,0.008305890230515044,0.5197382538044151,0.0031256784720825373
1000.0,1521.9976143204321,20.0,0.1,0.204452128443787,0.355848347831081,3.9449719960653122,0.1186507734663095,0.35516973238808913,0.620401567354402,0.008532143343796181,0.5686289914856475,0.0038069482950630514
1000.0,4964.665044536205,20.0,0.1,0.2650252861191577,0.29150789634690244,3.5132176328687628,0.09557788836816151,0.35927204725230677,0.5526118294157214,0.008185213695970858,0.5055023919513033,0.0031114146865836253
1000.0,4162.2523414646685,20.0,0.1,0.44368096289555214,0.4228335103115536,3.1792462245917408,0.10904812672525431,0.36865392659313956,0.5920835253060145,0.00824451599861018,0.4860540938545204,0.0031823641871610814
1000.0,2441.2469220273547,20.0,0.1,0.14295158572787095,0.2582614227250758,1.8669352909116235,0.11709869213817639,0.3861946414904983,0.6774834755442578,0.008164866778385037,0.5430034720510206,0.003155099985741382
1000.0,2719.8585571466356,20.0,0.1,0.20854862221937395,0.24421772597728947,1.548713350965582,0.11822905233072131,0.36419405716483577,0.6570075846885504,0.008106963721322928,0.5043341632109604,0.003098945905758404
1000.0,4482.864610380391,20.0,0.1,0.36604126902601897,0.40371366605128767,1.9188029750101139,0.10391499031246275,0.3861220436630429,0.6172861639631264,0.008070016142848212,0.49919396301037244,0.002983174407272841
1000.0,4368.032544053505,20.0,0.1,0.3036347418858021,0.1747120969506668,3.116718198091711,0.11942816096505877,0.365476508214863,0.6148826229280748,0.008155776094636216,0.527126722747429,0.0034043599684264823
1000.0,1725.9320714161609,20.0,0.1,0.2652889921781101,0.3780205650388395,3.4436264260271865,0.11977378150187604,0.370419469728872,0.6395856809362686,0.008250279804285108,0.5451061624515121,0.00343286905120065
1000.0,4913.5438186903775,20.0,0.1,0.39532078653646907,0.40696829802781853,2.3940587000418403,0.10010035119717396,0.37730428880987466,0.5917155858162073,0.008146441271992565,0.4869814426985271,0.0031616936745645064
1000.0,1546.313605117322,20.0,0.1,0.32369061923619935,0.16082821026422103,1.668582728436341,0.10160692741477852,0.37421174750767167,0.6160230693214659,0.008155568789001241,0.49972067692233696,0.003222119766420287
1000.0,4020.1087133415313,20.0,0.1,0.29061064617774524,0.3607168727121799,2.363640574543479,0.09899370007146475,0.3822080097315119,0.5985741122696917,0.00805652661594465,0.5047276297962057,0.002951007471246388
1000.0,2148.239479574369,20.0,0.1,0.20633697758043495,0.34539027047899856,2.6863561412071975,0.09384318471789646,0.3858909171965701,0.602685561301533,0.008150600403007833,0.5573674180429855,0.003255601914411454
1000.0,3590.3056794501094,20.0,0.1,0.44760462543473567,0.20575973288555374,1.418734897450932,0.10443389741891367,0.36170883585839086,0.6002221155872778,0.008375226904972694,0.4741894331098825,0.00374469990287514
1000.0,3949.394710482671,20.0,0.1,0.4268990136000176,0.2677985962460453,1.2964150792868274,0.11348190558320626,0.38172307850996995,0.6481143002166332,0.008396619274896284,0.5041104496076723,0.0036345076333408246
1000.0,2515.154867734964,20.0,0.1,0.32076754581595307,0.38504275789870734,2.796608630355441,0.09434986767193518,0.3772058511100354,0.5873462424580687,0.008086834015536592,0.4991995400590045,0.0029412485950180882
1000.0,1705.7731350407862,20.0,0.1,0.23333797637330506,0.29617514945117657,1.6609629381238156,0.11012240712025823,0.3814862001419434,0.6589612205964701,0.008101467168754395,0.5283675516305747,0.0029983658162457795
1000.0,3724.75692462215,20.0,0.1,0.18455338392775394,0.20728319544808338,3.044064675582723,0.1166215879320646,0.3515489883220455,0.6030750892317509,0.008095749312312698,0.5666388947237627,0.0031766500827373812
1000.0,4603.717712689664,20.0,0.1,0.22067016432837017,0.32529889635803755,1.4601180276283228,0.09447815167049967,0.350041604592928,0.568255486161323,0.008217466528957133,0.4554065856270163,0.0032756567580617324
1000.0,1773.7715128085795,20.0,0.1,0.4317080520604133,0.21680715628235842,2.2985848812542713,0.11531034564207801,0.38142865305511453,0.630449609029767,0.00831029334885355,0.51303380223582,0.0034015420746751
1000.0,2891.455610779753,20.0,0.1,0.2691059005159656,0.33880565638040194,3.0064548416497203,0.09390431863961513,0.3961101884890478,0.603876983159908,0.008091473311590984,0.536421739065311,0.0031235369701018817
1000.0,4296.065818557894,20.0,0.1,0.1998868162241589,0.4064599106372935,1.1016095231506853,0.11053514925249747,0.36850177947090573,0.6423477847369983,0.008325801725889847,0.4918897912421824,0.0035248523850159854
1000.0,2741.5669545988962,20.0,0.1,0.3870744043334521,0.294431822095423,1.217856098678857,0.11885794485906186,0.38462514950289284,0.6728193238115386,0.008403177263351371,0.5192022091292905,0.003502028407900226
1000.0,3524.693893228722,20.0,0.1,0.20977075375494403,0.39513574305593047,3.149723101812913,0.11137058837528058,0.3753733089337761,0.6178348687310434,0.008047252603267378,0.5763285154119248,0.003186830257166096
1000.0,3510.8340279144004,20.0,0.1,0.2564669890829816,0.2690281968690096,3.791153778094082,0.11712474116035279,0.3635335385842317,0.6061329666336984,0.008153778293942931,0.5503497062180761,0.002985690260916379
1000.0,4509.058326103983,20.0,0.1,0.4126413981621746,0.4055510276558152,1.6920362793658814,0.11761238285180428,0.35400615479642955,0.619610840568372,0.00827958668281278,0.48010341075043517,0.0032624170402787943
1000.0,3156.9374559033804,20.0,0.1,0.33018969546212806,0.180508989359338,3.2358919967363207,0.0993989586522953,0.350402149093441,0.5610678284030253,0.00808400000394541,0.4783666954696279,0.0030949006698455968
1000.0,3724.5919489478583,20.0,0.1,0.10052449783592363,0.3270748848932744,1.593325564579899,0.11889068120363941,0.3856226880057825,0.6819882522446499,0.008587558692432393,0.5298230455561677,0.003847807046691342
1000.0,3769.2886569734496,20.0,0.1,0.1063296025490181,0.23568089657131813,2.0745654689296695,0.11920559993293357,0.39578039723571456,0.6728713505710735,0.008509018822390772,0.55260218706494,0.0037414049472617645
1000.0,1990.978839547838,20.0,0.1,0.310870995812509,0.43690243482970637,1.985924636271742,0.11694485618054805,0.35060616955402374,0.625756948458272,0.008178090131092185,0.4957223804515895,0.0034425712553996122
1000.0,2317.4356428249976,20.0,0.1,0.2762418581290126,0.11439654370625364,1.0305410675179063,0.11711318906953665,0.37991652470752646,0.6806436968361662,0.008429752202205666,0.5193922209636953,0.0036032679951068015
1000.0,1758.6898188950368,20.0,0.1,0.1537305040398091,0.22048861812316262,1.7455221868085082,0.09547483127020351,0.3587098307546566,0.6000635054128904,0.008176653414768848,0.4942994441669276,0.0032125733400960583
1000.0,3400.3952817942754,20.0,0.1,0.19357297078567293,0.3042200339398587,2.0569490136501924,0.09461323204238829,0.3936426672181627,0.6062241213465607,0.008091435710091004,0.5140384922641335,0.0029706903595039685
1000.0,3282.7032204451234,20.0,0.1,0.4376765483343047,0.14656354236071117,2.9231733219266003,0.1102888036346523,0.39234793242233423,0.6214649019840556,0.008158246215601073,0.5121405742834915,0.003073229138794371
1000.0,2985.466132625801,20.0,0.1,0.21527058533751725,0.35900360849723634,1.8638632938980826,0.10191355269162913,0.36431176218799194,0.6026347134039588,0.008033287303765015,0.4871204194828313,0.0029356144834372616
1000.0,3665.329878389463,20.0,0.1,0.3699488527820972,0.30912363338735094,1.7413673323190313,0.11260393698018882,0.3897090648431016,0.6459901707445229,0.008059096612799698,0.5138517278191256,0.0030494955197217315
1000.0,3337.3679246183538,20.0,0.1,0.3550570043557689,0.31171649395376083,2.9437462119106437,0.10443700635479088,0.39448163010253134,0.6183794202161481,0.008034350508001812,0.5194805481524727,0.003114148883047651
1000.0,1593.463084528713,20.0,0.1,0.22262401318072678,0.3964403825633579,1.2955442937189667,0.09673872075149766,0.36132147659784586,0.6195333463546446,0.008182530562244283,0.48981237049861304,0.003347141520603327
1000.0,2009.1360993894868,20.0,0.1,0.15618437249280595,0.19407058037235553,3.5814785084848872,0.09515540905281558,0.3747497863065698,0.588464313722332,0.008244023093847854,0.6009210854296667,0.0032669836762433623
1000.0,1861.5132620975612,20.0,0.1,0.2602846849969362,0.2314630312217059,2.1444745154097715,0.10040222385482486,0.3542062300572694,0.5883075964174492,0.008145274213028526,0.49386780913260664,0.003306004166940897
1000.0,4186.105310614419,20.0,0.1,0.3560917590477851,0.18738630378803697,1.7301993642568194,0.10684159228884034,0.39872866981326055,0.6388742405416388,0.008070893887644304,0.515128373712753,0.003102345163209073
1000.0,1550.587549380812,20.0,0.1,0.21539243074431863,0.22808142716464333,3.2883648803884213,0.09340313341062186,0.3704566660840279,0.5854744581089012,0.008275713275183985,0.5342015796185628,0.0032138212885962926
1000.0,4861.4645925599425,20.0,0.1,0.1280313996071285,0.34615706282221953,1.7140132313555343,0.11469346613683444,0.35053418762785993,0.6110107706081049,0.008536565877120383,0.4821883578276571,0.004071093165249707
1000.0,3968.6347748159787,20.0,0.1,0.10401491696234011,0.2009172488974506,2.9468642088250863,0.09195133445467257,0.37880829366656615,0.5721297928191651,0.00838893343458355,0.5676238697892924,0.003681144642139439
1000.0,1553.127617959797,20.0,0.1,0.4404775751544281,0.39912759729039526,1.143273037975304,0.09614747374560298,0.3845477891836764,0.6119474834397343,0.009025019316355671,0.4966175160710734,0.004694780870884035
1000.0,3616.4501332170225,20.0,0.1,0.2059679244588019,0.1420853445234157,2.6457760479830084,0.11956267738575949,0.3538971285259641,0.6149712223289648,0.008122881699802444,0.5384636276436001,0.003125045980961822
1000.0,2520.263635555632,20.0,0.1,0.1554393104034753,0.27264616166161587,1.8547137289468199,0.10968532762496226,0.3974069944511607,0.6666078455966048,0.0080925613971451,0.541371526247434,0.003106426364377625
1000.0,4163.525271521,20.0,0.1,0.11275189571776285,0.19745029685980225,1.8566025159552821,0.11138453141211575,0.3596250912827458,0.6131743785991872,0.008356902852654335,0.493261616849228,0.003384945035479883
1000.0,3053.7192354853487,20.0,0.1,0.13869498709698158,0.11555799138631907,2.3294108282232493,0.10454557358398815,0.3635025002216744,0.5969774317456534,0.008103659558104749,0.5217596611876246,0.002918665165907668
1000.0,1837.0618278698253,20.0,0.1,0.2715261345168759,0.16283533122250232,2.3518826754816797,0.09158982308498331,0.3798528988707099,0.589851372104258,0.008199676900948739,0.5083692057899406,0.0034167180645888855
1000.0,4421.506093150278,20.0,0.1,0.21687452284887998,0.20207357804272236,2.4895656334398253,0.10765252142272502,0.35208944748857396,0.5805013867014247,0.008102422453382859,0.4965752506915418,0.0030617135923425233
1000.0,2618.4576320273636,20.0,0.1,0.2947365400372153,0.3682290058897898,1.9404692498602292,0.09184362891010121,0.39462761652432804,0.6072552409741642,0.008119106456114113,0.5053017355573053,0.0031834447971619034
1000.0,4425.512887318686,20.0,0.1,0.4369823902431964,0.25403303296605506,2.3806136212129863,0.09757933637007322,0.37219560883605535,0.5791598637290076,0.008176970302568951,0.47664907510767446,0.0031485221084804576
1000.0,4955.958333440049,20.0,0.1,0.2687219090694267,0.22946927828134733,3.8128387287287153,0.10691721713900902,0.3665329360503748,0.578372350991891,0.008242456690222801,0.5320777973108556,0.00375486100052848
1000.0,4639.144827459288,20.0,0.1,0.25545175147623433,0.1796911643450053,1.0113769042818,0.0912886018941448,0.3501173214640203,0.5655957834369802,0.00850824046848567,0.45077476782819575,0.004079647357879139
1000.0,2285.4144446769546,20.0,0.1,0.1607243083674221,0.18335474981653307,2.440020927016739,0.11038990161132187,0.3614896138580517,0.6180948910686375,0.008089369638432155,0.5732599243187437,0.002968090561081157
1000.0,1708.133522817891,20.0,0.1,0.2392206223191678,0.16511340923688686,1.2020562075375052,0.0969586550445041,0.390526402693709,0.645185123094868,0.008187882009333451,0.5161410083713281,0.003257795298011298
1000.0,2557.6673833462914,20.0,0.1,0.11689582503703531,0.22200486051648977,3.873908845074229,0.11768990146509226,0.39084755657001924,0.6558940353679658,0.008429234548005557,0.7560615011353302,0.003559654375517236
1000.0,4909.6416410806705,20.0,0.1,0.39138671005464787,0.3536127856761724,3.8963135042446067,0.11381988527857698,0.3554704154255995,0.5791239952278052,0.008481122936798688,0.4852475379099111,0.0038665404667086395
1000.0,1559.6204033541585,20.0,0.1,0.21971027832035195,0.14812673862242753,2.879541418770452,0.1086485247957612,0.39814188706501397,0.6525080018453188,0.008210243198723035,0.5902029582152195,0.0034242428957434925
1000.0,2931.7756276964797,20.0,0.1,0.10873960489700848,0.320716844772422,2.4379485839657518,0.09874189825134219,0.3582516498680666,0.5839276311941409,0.008271774581048755,0.5373096008271974,0.0032904158887146185
1000.0,2173.5223199662773,20.0,0.1,0.13532975612843492,0.30455867860899133,2.4412766338215626,0.0900841661304865,0.39091350765057153,0.6016104699005832,0.008285124802592895,0.5833721186147068,0.0031462490906745376
1000.0,4722.347335746408,20.0,0.1,0.25602172228427555,0.4338800854751744,2.175625516458083,0.09337178044804277,0.3673349252799999,0.5695117145761754,0.008202185307273025,0.4785281015846752,0.00342225601322436
1000.0,3821.668555749631,20.0,0.1,0.16049649485112416,0.13259923821261843,2.399530770083295,0.09766729944826659,0.3548468418558307,0.5618965165320823,0.00812001090011532,0.49327807516020244,0.0030633268467254943
1000.0,1823.2840630911924,20.0,0.1,0.23080580749611485,0.24575895899754246,2.0860024293695396,0.11180266485937487,0.380746755399805,0.648519998506701,0.008104244270071,0.5461288736526464,0.0030226990670747847
1000.0,3932.801823350081,20.0,0.1,0.3896177891197703,0.41753943269006644,2.3753914363905784,0.10258289273216743,0.3829938630697892,0.6053212927816742,0.00805755965973367,0.4969543837363941,0.003072996809502394
1000.0,3615.196574851128,20.0,0.1,0.2413358543710243,0.43350623656676035,3.1796508326733393,0.105105633750729,0.36741506113212075,0.5948126011469763,0.008047108693665221,0.539949237392258,0.0030654123088551008
1000.0,4070.5943116632243,20.0,0.1,0.3714180371434356,0.18955429433002335,3.5936720421265846,0.11545289605371215,0.3995626550487676,0.633618589820371,0.008182514136447118,0.535421006449741,0.003267568135748282
1000.0,1576.9438321321559,20.0,0.1,0.22836064204294512,0.11123951145045893,3.356528916277597,0.10589941127941443,0.3728620682631955,0.613847414056607,0.008230703299054558,0.5474415328658555,0.0031225139050785897
1000.0,2150.564245931624,20.0,0.1,0.2598233364843843,0.17297801903483662,1.106108072879028,0.0950580863908174,0.38716378830834164,0.6321134185866577,0.008170906100539204,0.5016947481030064,0.0029479697499506853
1000.0,2491.260124613055,20.0,0.1,0.4277394697483925,0.414198319378711,2.2614954756456394,0.11102055261756096,0.38925287991461544,0.6313545156744286,0.008208907788188129,0.5127770737966937,0.003380883212256035
1000.0,3991.1453639741735,20.0,0.1,0.20898197848632427,0.30544703130565953,1.8325859409565002,0.11741361634380414,0.36335534606646563,0.6314721987992309,0.008135253637757217,0.49841628357968254,0.0030941448836323934
1000.0,3569.7800670855727,20.0,0.1,0.3434757356761581,0.18671827097199903,2.7469064948495103,0.0932382461095814,0.3912206852451621,0.5909080015203448,0.008076749959686056,0.5046532619558518,0.003209766669006148
1000.0,2216.948427307499,20.0,0.1,0.1800880574676118,0.30207178395916057,3.3008040495649333,0.1004053106376944,0.3654859596763511,0.592850015401209,0.008142750720451935,0.582929841046546,0.00317214442747476
1000.0,3148.9220718604547,20.0,0.1,0.21563436719611742,0.24396397396215885,3.8020065099160765,0.09561944475134591,0.3974823471682224,0.5974849612837844,0.008156497253962742,0.5725238556909059,0.0032104169016683123
1000.0,3831.275292385921,20.0,0.1,0.12610625588747595,0.1968695853152927,2.616813947287918,0.09824048136021832,0.3570817120485784,0.5659044227228824,0.008169941847474731,0.5151917405449158,0.0030203965141167894
1000.0,4962.03237987401,20.0,0.1,0.22038300237113284,0.39029667239490984,1.1925379677484986,0.09249267059057242,0.3893183156200569,0.6113668939901435,0.008412753644648852,0.49233295616789885,0.004170225692413425
1000.0,2513.5381570487693,20.0,0.1,0.2658554943840711,0.39370725608363744,3.989118694025073,0.10530570899716682,0.38539988010117504,0.6087296586307122,0.008301565546913556,0.5420748667250672,0.003814625671389244
1000.0,3641.6315333659404,20.0,0.1,0.365701923635815,0.35858597890026855,3.3404559652539794,0.09069454236707579,0.372898693929376,0.5622629666524088,0.008122389180342887,0.47994086570921235,0.003227799257384444
1000.0,4173.346333511276,20.0,0.1,0.1396885626757098,0.373133647914242,1.9428004345978072,0.10788344951033413,0.3900662887331085,0.6345827459867017,0.008214544735118252,0.5201445443795712,0.0031439725740339012
1000.0,4568.820701203478,20.0,0.1,0.27086680100329885,0.16541571345639333,1.4952190655155855,0.09501500918828178,0.36341735100899025,0.5790884988467615,0.008167713993572816,0.4670639111337476,0.0030812035599140507
1000.0,2223.2293263138386,20.0,0.1,0.38561264600958656,0.2875640771803645,1.743281813518176,0.1000091790838594,0.36544338658560244,0.5935534182082088,0.008113156488412014,0.48032697936309904,0.0029467162631678584
1000.0,3161.1513174385354,20.0,0.1,0.3087157128340231,0.4132068838602556,2.6678520253476616,0.09600162606305572,0.3707472334256566,0.5831066919879822,0.00807185552425839,0.496704260183378,0.0032422339810511793
1000.0,2200.1768621204183,20.0,0.1,0.44238166058695527,0.3950014314876844,3.2316903617100348,0.11219016754682458,0.3933593860957526,0.6264113451405721,0.008260875223705135,0.5165417758902494,0.003386130373314113
1000.0,4316.2365882828235,20.0,0.1,0.1442399154976607,0.38002801144646925,3.867930900448713,0.11174329731820651,0.3727421839440813,0.6014943216745933,0.008160059346808664,0.6651059725829567,0.0029777605333968994
1000.0,2980.487835817554,20.0,0.1,0.2540329116161273,0.13680733756984884,2.783891765499735,0.11809699525415995,0.369504835987954,0.6310625026242479,0.00807730738756473,0.5510452191976274,0.0029993281727529334
1000.0,4234.5230628650625,20.0,0.1,0.3839759505138235,0.4095511777474795,2.066477512109373,0.1037852236431507,0.38258382888004216,0.6110410325393549,0.008053844632410021,0.4957523408622185,0.0029048091630337488
1000.0,1749.2193254609178,20.0,0.1,0.37071033030874956,0.16760926734337697,2.7349351018335186,0.09545912664405477,0.3694120220231833,0.5781622373720235,0.008152945488040778,0.48279360605064525,0.003219298472368891
1000.0,4587.026158597968,20.0,0.1,0.3556827749191308,0.12963394506726103,2.556414364954941,0.09612858412625515,0.35620843119173295,0.558543211374069,0.008131437937785395,0.46795384438497734,0.0030934895289646573
1000.0,4172.660508792416,20.0,0.1,0.14056124469126552,0.26664838986638395,3.9238448773127765,0.10388486174958889,0.35633388716751946,0.566953686152524,0.008168747019399184,0.6433508264559502,0.002999903396768133
1000.0,2135.1939635376207,20.0,0.1,0.1437982150076535,0.29899797324653,2.7082836545706823,0.10109818442657072,0.37655657509056856,0.6129181548468284,0.008126981660999797,0.6273885287923076,0.0029745749586398097
1000.0,1902.0421414888995,20.0,0.1,0.37556917756469,0.23937671085393367,3.3504093058590465,0.11909268129251226,0.36292204791262417,0.615776278746965,0.008188788898333169,0.5017375469293931,0.003281413576313377
1000.0,2072.7626016467157,20.0,0.1,0.3789172556765482,0.2193005802160501,2.717904696491658,0.10209941448859686,0.3607802970482724,0.5825922540388951,0.008091375570212457,0.4798378853592561,0.0028939538497591653
1000.0,3977.18930755384,20.0,0.1,0.12149719007023446,0.20718274720318408,3.387806835048054,0.106003951956264,0.37748743325139716,0.6018170645913731,0.00813972671211391,0.6456409846760527,0.00320268952885185
1000.0,3859.1901410840073,20.0,0.1,0.1726927263188413,0.33419462418587653,3.859961335032881,0.11827797197522139,0.36870857966630016,0.6135574454121527,0.008155932570036536,0.6387095546407102,0.0029980450299765433
1000.0,3644.922339963672,20.0,0.1,0.31237281782444615,0.11429382817040684,2.780825468560587,0.09131865240488171,0.35248450916570107,0.5473374761266202,0.008136979096434765,0.47197946913813704,0.003340416600105945
1000.0,4920.898718895709,20.0,0.1,0.4018024261751868,0.42150532167012333,3.5456164828206145,0.10810246342955226,0.36039577620509655,0.5772407443275536,0.008285579408058828,0.48172031615443767,0.003366261458570045
1000.0,3578.930094527786,20.0,0.1,0.3932616076618717,0.43384257338938137,2.1462307853232714,0.09090941296638835,0.3834442361265323,0.5836689767243906,0.008133803377727674,0.48455319124665575,0.003307662266276384
1000.0,3501.3826080614235,20.0,0.1,0.10763855986501893,0.2263685904295581,3.460616893349351,0.1192656140572644,0.3804570398372458,0.6447899763009973,0.008376376557106862,0.7358233032221443,0.003842158251489142
1000.0,3088.920987586131,20.0,0.1,0.3438386706117117,0.21250343768559432,2.043515330069868,0.11998488566654458,0.3501208924485689,0.6179590498181649,0.008107990399346884,0.48922227221286785,0.0031018132967678973
1000.0,4433.996829154545,20.0,0.1,0.33821729811876033,0.3045533263163629,2.514686019729692,0.10879909957563577,0.35176276192707806,0.5844553259681733,0.008074058049522348,0.48120415163000224,0.002969879602121567
1000.0,4994.170093118597,20.0,0.1,0.33454680924236146,0.11240896344611206,1.440643820230461,0.1095165609935681,0.35518476368343394,0.6034132616252583,0.008242045528153002,0.4729719873157423,0.0036324283365113067
1000.0,3010.926187130929,20.0,0.1,0.3657328392602113,0.22328163337210122,1.4629831579280559,0.0902285554997301,0.36172420884180617,0.5709641716601426,0.008135632029980697,0.4626270517595257,0.0032167106410784163
1000.0,1696.8977569107687,20.0,0.1,0.17749944063188927,0.4290348805809744,2.2153520682378574,0.1081869355599054,0.36673298108755287,0.6320295266880486,0.008172459500384593,0.5626720395294957,0.003162429299409178
1000.0,2449.91316835557,20.0,0.1,0.17774141113039732,0.39248719962039236,3.3537589575627655,0.10584967952557187,0.3932143509602344,0.6319106020736808,0.008123659758377448,0.6248750056732761,0.0030512190588491118
1000.0,4120.933734371429,20.0,0.1,0.3820334769454058,0.2772285173497949,2.247884964795941,0.11293209194227563,0.36016767451424,0.604023679477496,0.008051389621709428,0.4851195848205921,0.0030335143087616085
1000.0,2042.5111664900974,20.0,0.1,0.14948560502869265,0.32679300889689855,2.3383220424288114,0.10371652617780228,0.38196522983071496,0.6300020496091192,0.00812347896894003,0.5860658796598026,0.002956930000030995
1000.0,3176.9141689676476,20.0,0.1,0.3958447934983128,0.442542488755694,2.0915893908197907,0.11453081104745089,0.3925864857524364,0.6476055190272656,0.008136744171216763,0.5201560696059828,0.003222568994855728
1000.0,3048.5839006537453,20.0,0.1,0.24088522800804804,0.17371197174405184,3.9640791423012134,0.11239909719464578,0.36089496482980216,0.5941895548358295,0.008245256924033172,0.5462948021209554,0.0035733227041411693
1000.0,2675.2779630233,20.0,0.1,0.3138415559325962,0.44570119632252536,2.7196184701514046,0.10183655101083364,0.3760610187531106,0.6039124174778844,0.00806032793962348,0.5091574099029155,0.0029498274605430207
1000.0,3792.981755411079,20.0,0.1,0.4007049344082452,0.18835033146280927,1.6396887313033277,0.11133845997730606,0.3916098622127215,0.6441628933200223,0.008126279005742825,0.5124338624588055,0.003124864489856899
1000.0,3042.8108526249425,20.0,0.1,0.39515353652592633,0.2190451162667038,2.3859663394509276,0.10603062066517187,0.35848217164677726,0.5869042768872672,0.008054812948808438,0.477798056724703,0.0030804584387552794
1000.0,2100.59581837191,20.0,0.1,0.3981020689990399,0.2995758758863033,2.348385751053471,0.09101328872929915,0.37851299108195574,0.5774364037328816,0.008186969489563534,0.48271626217963626,0.003305222074722268
1000.0,3535.314230176775,20.0,0.1,0.201561650943313,0.3141331120692131,1.0362246413151448,0.11199583357865313,0.3716452722335673,0.6563401006085544,0.008252622465972187,0.4994993366355961,0.003085511992395082
1000.0,3767.2148987095647,20.0,0.1,0.24292874003072984,0.14254558526996486,1.7858774617111557,0.0997561362254089,0.3957797650129368,0.6206987456565186,0.008070139104299537,0.5106284751863476,0.0030970091371292654
1000.0,4803.892673078354,20.0,0.1,0.3237701828311322,0.19162532193548992,2.7132938812761678,0.09704100796529826,0.3947152710423066,0.5987168103900672,0.008147729925368295,0.5137869274985428,0.0035174860222522866
1000.0,2209.6853446148834,20.0,0.1,0.2170022741155043,0.14759245038031732,1.3273862625796187,0.11978235181031191,0.3604440458842881,0.6686942593294369,0.008224356139629024,0.5065999703660923,0.003159940607823782
1000.0,3142.8810872013837,20.0,0.1,0.3239437786182353,0.35890695622376967,1.264122782555651,0.1131941343548877,0.3555160956079457,0.6317062558388185,0.008106481167671077,0.4830224804043224,0.003042002811162974
1000.0,4337.248979903312,20.0,0.1,0.10651615825530027,0.22448110949565875,2.939168618063755,0.1185675290916055,0.3703959001515135,0.6262424786509206,0.00839806944861441,0.5941377083066947,0.0036871448276540185
1000.0,4591.701150166,20.0,0.1,0.31512927582538,0.2966103147464338,3.913013286171834,0.11136968287849257,0.3590254609976595,0.5804921659637531,0.008326279286744443,0.5097673398070838,0.0036455273182456403
1000.0,4118.199961721431,20.0,0.1,0.28797792859403276,0.2923793554650552,3.7983916342605557,0.10341197975981845,0.38596452464702846,0.5960724795116029,0.008148883778566955,0.5370576402263023,0.003131403044811558
1000.0,2516.615275463832,20.0,0.1,0.16484913543690244,0.25621448036606576,2.333609436420609,0.09050621994299608,0.38787766572784277,0.5940007602459663,0.008167203515683749,0.5398710279120131,0.003037054717796389
1000.0,4085.8369917278806,20.0,0.1,0.1959522036038146,0.3386254226834241,1.9416831472661524,0.10831276598444678,0.3672845683286451,0.6098069587357563,0.008076476224893847,0.4947691342957773,0.0029455577560919648
1000.0,4990.039008370597,20.0,0.1,0.10316747270316982,0.3334940345410356,2.070479688494102,0.10235002802629335,0.3508739649320808,0.5690886789255859,0.008653466947262869,0.4781739160544942,0.004049763775035898
1000.0,4525.496631306129,20.0,0.1,0.41023795856477707,0.4249904693451275,2.3257547620750505,0.11367242757153123,0.3649512202248671,0.6091168509920944,0.008171949962944468,0.48824903870576436,0.00302253476508231
1000.0,2653.841338856042,20.0,0.1,0.2863702798553084,0.35091003217722805,3.6232733736757643,0.11255606606995498,0.3783501185745073,0.6196014491062164,0.00812056061313672,0.5382648848296933,0.0031709124477122784
1000.0,4687.612547900752,20.0,0.1,0.14532527941475387,0.18138285138257854,1.1725852403558656,0.10978764477063974,0.3702616459599576,0.6311399261987456,0.008567383925845074,0.4900984800367781,0.003775386934710167
1000.0,2265.742205095358,20.0,0.1,0.3931800436112566,0.24409481172599132,1.6071301807651255,0.10712093198564206,0.36271440284254364,0.6093567694601913,0.008136993547616747,0.48557790461693173,0.0029206940495303626
1000.0,2178.7498296303934,20.0,0.1,0.34250589083086336,0.44708731713376026,2.2406387928465135,0.09477175998700854,0.35014999351827353,0.5650641022789785,0.008181458792765984,0.46462957022628865,0.0033450688147918617
1000.0,4157.5717021174305,20.0,0.1,0.44678508944118,0.2215778675823492,1.56356424377951,0.09242755251599141,0.36985766747541426,0.5784888357902076,0.008376098543964318,0.46860420240535083,0.0036718005435425628
1000.0,2822.927427932045,20.0,0.1,0.2733408180240523,0.19164065013221382,3.1078554388167663,0.09563845002263678,0.3830516639517028,0.592176401749503,0.0080730217990704,0.5257961507898689,0.0029894590089026233
1000.0,1783.3256950942587,20.0,0.1,0.11347247534425033,0.11272876609143413,2.291346983623861,0.10159816585183945,0.38740343036406905,0.6352789892177035,0.00832780480372183,0.6197664890243373,0.0033682510387937317
1000.0,1807.6064836712862,20.0,0.1,0.4183837160688737,0.27312787191531573,3.0142076572036727,0.09282074483176589,0.38236602176196455,0.579458023262994,0.008206441249260182,0.4874386914985268,0.003390586856932491
1000.0,2824.8421260104205,20.0,0.1,0.2767192079115263,0.25886772783983847,3.713473392072895,0.09715405108212073,0.38889068297374096,0.5950902653168676,0.008162425402432416,0.5316068716121509,0.003053858629202544
1000.0,2021.258614490328,20.0,0.1,0.13957112003667368,0.1019934214165556,2.1633454263124983,0.09338963751958552,0.39511946075152493,0.6161180679927466,0.008260580123468387,0.5608424468582468,0.0032245362847411843
1000.0,4693.63198801307,20.0,0.1,0.35112176017710417,0.24911936040123747,1.7492376853954354,0.11813055608578926,0.358747961665052,0.6222920374974386,0.008162252320853125,0.4866773390955716,0.003202438205882283
1000.0,4789.2342366641005,20.0,0.1,0.41591469432327943,0.26997065020522604,3.957729279691428,0.10933839608899854,0.35125115776713384,0.5652056662499477,0.008513070840122199,0.47163482410003316,0.0038138514287049514
1000.0,2385.5860037346033,20.0,0.1,0.33129638780001197,0.3408584652879492,2.690101927088529,0.0986051536393846,0.3923734948788171,0.6123548385746744,0.00807018404251789,0.5158492265823408,0.002915589832549551
1000.0,1833.467891136453,20.0,0.1,0.11491597763730943,0.41444556027117296,3.909218717807262,0.10637390643156189,0.36814004405327366,0.6159968906223587,0.008500915520400314,0.6920203239540604,0.0036523466565641133
1000.0,1815.7383880264158,20.0,0.1,0.1980997794335942,0.3733106003493789,2.942046537333315,0.11886241258730205,0.3836735974145671,0.6642229971598983,0.008207940118868095,0.617977498692296,0.0031930417598355445
1000.0,1898.1157729820718,20.0,0.1,0.12421479430187456,0.4471143059478171,3.3780747831556335,0.09678094590835067,0.3822746872646507,0.6108321151259555,0.008404506452933107,0.6735676787288559,0.0035636048437237278
1000.0,1649.2854765219088,20.0,0.1,0.441274322347619,0.14171201774608502,1.7500268849799188,0.10325267049350269,0.38656333624454464,0.6147408710802973,0.008425341839690766,0.5056783902869537,0.003709094118628179
1000.0,4982.6599949788015,20.0,0.1,0.18559578877931915,0.1834646570675615,2.521516533012514,0.10910571864108502,0.38563887859906687,0.6118544474784275,0.008194658778316087,0.5314985178067931,0.0036559336970923852
1000.0,4793.269518283691,20.0,0.1,0.25008992155787313,0.21930463242072054,1.4305075204860995,0.09702613554141597,0.35647503862127117,0.5784290048491831,0.008214201029125493,0.46289319802538537,0.0032476782714659846
1000.0,1937.9385184491791,20.0,0.1,0.3436958407970125,0.12625210355135524,3.3390227939639487,0.11843702395029215,0.36609304266178533,0.6208631936149122,0.00819565455706598,0.5121148147064799,0.0033168824872962677
1000.0,3719.090187737119,20.0,0.1,0.10717252660242696,0.4262533123071721,1.777556903398562,0.10484553952870534,0.38075784468199186,0.6324310465313546,0.008312271306823988,0.5075126157264321,0.003168387445164057
1000.0,3512.43535747864,20.0,0.1,0.13244080997421015,0.1972795402998363,3.587227253393639,0.11574401348594182,0.3869529548129846,0.6362805668432366,0.008161394210470347,0.7042277809397366,0.0032267976129289767
1000.0,4149.106261149915,20.0,0.1,0.4083205840334204,0.10338629963751474,3.6136982453386306,0.09798550100143036,0.39638002492236235,0.59334668916355,0.008195838504807349,0.5048524608627801,0.003126184630095518
1000.0,4033.5807980646373,20.0,0.1,0.38537009311443415,0.15316118542942692,3.387255633714935,0.09549515871569565,0.35274867073518906,0.5475965696382208,0.008157635788146423,0.46263203600828207,0.003217520360464084
1000.0,2717.563567598062,20.0,0.1,0.16268738360664697,0.1300846646274208,3.215684707351224,0.09372729082067707,0.3887141992383982,0.5941778988044107,0.008181107366382596,0.6079962912653399,0.003326216586447091
1000.0,2430.220628045957,20.0,0.1,0.3312107293053447,0.19226961617697524,3.6717196162183936,0.09869508051276943,0.35710654300808625,0.5654418665733671,0.00819126308879106,0.4817125719596415,0.0032105463892559156
1000.0,4116.818833616859,20.0,0.1,0.27604797109336243,0.4148400821461109,2.767130265909617,0.10116070295959949,0.3509740785366976,0.5695912759452809,0.008094805134226717,0.48944027662979783,0.0030336383276583227
1000.0,3202.7203585501948,20.0,0.1,0.40284753606619517,0.37009746680433253,3.148821284898244,0.10638561887961451,0.37679041671675717,0.5996690033506316,0.008051625850929637,0.49495228538111063,0.0029792558376374473
1000.0,2427.061190679062,20.0,0.1,0.23079219602695591,0.2825835134242003,3.136362786084854,0.10318671254040117,0.37740141223746027,0.6090087221143753,0.008068687405983587,0.5530957869594896,0.003105372116459309
1000.0,3575.163881032129,20.0,0.1,0.43162479489826155,0.18062963685101321,2.5939100120542586,0.11793929826555237,0.36706110633046396,0.614772354123719,0.008194153689948558,0.49606851277697306,0.003251934831200485
1000.0,2800.540442587618,20.0,0.1,0.24176010333379916,0.2865573197474875,3.3969064324563982,0.11426431103264963,0.35679695386307764,0.6059978012304512,0.0080831145397026,0.546806600834751,0.0029703704265886944
1000.0,4649.442406624281,20.0,0.1,0.1788350833915861,0.4462942955921324,3.632599339937242,0.11459032020223944,0.37973779612797987,0.614141169863425,0.008147958737017331,0.6141679694126589,0.0030589110555337812
1000.0,4546.611675346832,20.0,0.1,0.16737991975987013,0.41832716608328335,3.8537710687576645,0.10147863071036847,0.3844529761454699,0.5874883159839976,0.008151984449961293,0.6183792505913112,0.0030621230136603558
1000.0,1981.6470142372746,20.0,0.1,0.3731732277970645,0.18745062588898193,3.9335452492616243,0.09925856816530575,0.3814242702943967,0.5875251600236512,0.008336361018121626,0.49871646776988654,0.003276352646693477
1000.0,3357.458441201872,20.0,0.1,0.30772069688551973,0.3465807882130741,2.172327350249652,0.11469657995889293,0.35705124055142023,0.6135053225191246,0.008044102739009983,0.4959015010062607,0.002985603038319587
1000.0,2362.360943296658,20.0,0.1,0.31959154636410103,0.2381369179288095,2.668543943222749,0.09514694536780534,0.3858003887657735,0.5976451149391521,0.008084159063373673,0.508328155897097,0.002917695186680209
1000.0,4903.656964943378,20.0,0.1,0.10212641581355004,0.19300698274546157,2.1470743587483416,0.0987695562471945,0.38745720161289243,0.5944431187407261,0.008609955618498455,0.5121757175999884,0.003646193725090196
1000.0,4298.385449170553,20.0,0.1,0.20169165189880628,0.37398062333652615,3.4843589144183764,0.11001001045408348,0.39653029505652526,0.6249620431654231,0.00807805529637388,0.6030893240398815,0.003167816947647709
1000.0,2272.892991026281,20.0,0.1,0.16868012927114678,0.3547268895938276,1.0017924753154297,0.11293323716402602,0.39795116000615416,0.7071749265139421,0.00844537537126731,0.5392798262580428,0.0033159738862257337
1000.0,1661.238892878513,20.0,0.1,0.2503785345155626,0.35480669452186053,2.460869369968241,0.1081011283328154,0.35506336945691225,0.6100324445858681,0.008173888234357449,0.5216862192763017,0.003220159288860964
1000.0,1913.8495154961897,20.0,0.1,0.23057430249744623,0.20688046262748916,2.101061023864141,0.09443495718998333,0.350196069616915,0.5707462936706756,0.008187037473686109,0.48826595011997104,0.003367438900770808
1000.0,2612.579385896158,20.0,0.1,0.36815096811655046,0.37219292897241885,3.773610907151747,0.10480585457789303,0.36070274940491903,0.577808141411547,0.008172047436676471,0.4836583647375935,0.003182524687941124
1000.0,4876.41716834713,20.0,0.1,0.3709886326351932,0.21361144723502618,1.3564084119355488,0.10283086417127986,0.3884181633734886,0.62710308509366,0.008178920331992447,0.4987489469039752,0.003277376514979797
1000.0,1897.1472665521674,20.0,0.1,0.20083589315135789,0.38119183715383453,2.329306103443972,0.11257017093322062,0.38503494453396747,0.6550963298980986,0.008134850934431082,0.5803953040341684,0.0029384495570107766
1000.0,4018.9885282674145,20.0,0.1,0.16717730681424348,0.2499254057599801,3.44107931514569,0.09150978894589862,0.3713739776131016,0.5598631850152967,0.008118033797151836,0.5690416795212758,0.0031046242311049354
1000.0,1933.5115362469253,20.0,0.1,0.3502248778617907,0.21434802956800375,3.0936572444034898,0.10706707070252577,0.37568352784892717,0.6093086761562523,0.008083026739342565,0.5048472825780765,0.0029924235043771114
1000.0,1887.6413873714594,20.0,0.1,0.17249085380636742,0.36852311434427587,2.2627809984776714,0.11451253245162887,0.38166368921406135,0.6602681584411124,0.008157700681561401,0.589731441119786,0.003142201021902366
1000.0,4559.212128459278,20.0,0.1,0.1938393099875403,0.2847389729913463,2.835121625486547,0.11983263841556757,0.37204055538063524,0.6263130538355862,0.008163344303926675,0.5538300447135691,0.0032714789916007433
1000.0,2871.0474769549774,20.0,0.1,0.2768623491920355,0.11182815967121282,1.4959645463123445,0.10181829940908835,0.38125795010601127,0.6235053344009954,0.00805419690321386,0.497940941361688,0.0030896831539804276
1000.0,4515.365424193559,20.0,0.1,0.3325177016994884,0.16189237729798442,2.7922997540717516,0.11989795403155193,0.3820922135717539,0.6347249836908844,0.008161655894249241,0.5301412097413513,0.003262251418559165
1000.0,3271.076232406449,20.0,0.1,0.32240313178157187,0.4070933059507714,2.3263369486244057,0.09963141274129744,0.3572649963978249,0.5784312177032273,0.008061628149063181,0.47887684049041296,0.003100191067618947
1000.0,4409.864702603772,20.0,0.1,0.3059818009306607,0.162184243585754,1.2596515744076953,0.1183941337625827,0.38789608539460774,0.6694651793487321,0.008272004725809952,0.5171316686939477,0.0032275888467206003
1000.0,3711.5048847677167,20.0,0.1,0.24627642995681598,0.14394719158546465,2.039180603872794,0.09085599239490806,0.3548844692290986,0.5525924182454884,0.008144012949003127,0.4650985853821628,0.0032326255375546577
1000.0,4107.4139372293275,20.0,0.1,0.21625836534409731,0.11388126579880892,1.3761584402107836,0.09790652829699298,0.3910681042961741,0.6219656701972168,0.00816266200708155,0.5003515600558883,0.003183433547444078
1000.0,3054.6383845849286,20.0,0.1,0.24723306946098528,0.24557501811505617,1.8686663585121446,0.10665038926338515,0.38688921527260284,0.6335573829097921,0.00801376553613723,0.5136204846577771,0.0030092450042477695
1000.0,1572.2723909734316,20.0,0.1,0.17499294131270166,0.1234284565843817,2.0326805674914787,0.10803592683766645,0.36919009957393023,0.6339197448372544,0.008161679645832186,0.5520144392172364,0.0032105081225629567
1000.0,3978.406273368421,20.0,0.1,0.23770035937656545,0.3174060826551879,3.4820513289190753,0.10747065883860826,0.3524922424333339,0.5770615729063684,0.008061236426710344,0.5353323481438679,0.0032316436007209055
1000.0,1721.1311074021255,20.0,0.1,0.166470447452688,0.15711601666882324,2.987588714424366,0.09027827697546095,0.37224946179378393,0.5812577153176137,0.008317186505614256,0.5873597428810381,0.003683116923549794
1000.0,2558.3640855708372,20.0,0.1,0.2354924815248373,0.2837551583166986,2.8751600553530547,0.09745302308983604,0.39407231858016745,0.613515577747354,0.008089837888602815,0.5540297993004291,0.0032066009415590746
1000.0,3512.904474488152,20.0,0.1,0.20096311049513121,0.2277939646866025,3.507244067419167,0.11764245506917032,0.3791283774894279,0.6292043866717316,0.0080805560438491,0.6092941131490964,0.0031398044205902544
1000.0,4703.414329309061,20.0,0.1,0.35395759438636876,0.21187640320920864,2.458395481826483,0.09883697760122066,0.380574758261839,0.5904657636563932,0.008080776741514313,0.4940519288046437,0.002998700179607063
1000.0,3687.0311023634067,20.0,0.1,0.42679615595923537,0.41192268436209234,1.7377544240239797,0.09548977951479724,0.3868049524744704,0.6024712507433047,0.008225309802821358,0.49052650833004174,0.0032792631376600562
1000.0,3927.5079282804113,20.0,0.1,0.11203162979985916,0.12385364104038912,3.5983098151843436,0.10548815126942926,0.3959571521037757,0.6180907778139211,0.008252431812511058,0.7056663710629891,0.0033029756877700637
1000.0,3552.7772695655526,20.0,0.1,0.17502096555260083,0.28431995319871006,2.402534914344913,0.09297869354985507,0.35481768773912337,0.5560884349466522,0.008122516338919444,0.4901697400821322,0.00298460684873062
1000.0,3408.49435152154,20.0,0.1,0.1978681656571698,0.18356370457719268,2.370354672646713,0.09695398146389597,0.37874836013101004,0.5901106727409862,0.008064069826850394,0.5170445501048447,0.002922853453717763
1000.0,3313.779063754144,20.0,0.1,0.14096512235331848,0.32562383975278986,1.51755650353685,0.11931498354333925,0.37721670148433245,0.6776484138573378,0.0082391855118582,0.5176111371049027,0.003355794884799691
1000.0,2150.2187979892697,20.0,0.1,0.1304267000922426,0.1430126440457434,1.4539419434353769,0.11160275880616399,0.36520294390572833,0.6590618701058346,0.008194089261282334,0.5051069798303699,0.0030009344063823026
1000.0,3158.674140968811,20.0,0.1,0.2260817090532408,0.11561817020157138,2.8085627410510154,0.10960189833006126,0.3742187708371798,0.6148546479073509,0.008043000548305309,0.5541124914185805,0.0031097432658150613
1000.0,4649.691443530066,20.0,0.1,0.33625150939285836,0.3356289506713076,2.0585949144482507,0.09721692022969444,0.3524100356218216,0.564061465089024,0.008115203900125975,0.4605396833839767,0.0031205380299278666
1000.0,2959.647784900618,20.0,0.1,0.4189607504675986,0.2877042363234671,1.232087893277681,0.11446171647256674,0.36449581553685106,0.635634558524411,0.00844089963994774,0.4915647788778225,0.0034278925232299764
1000.0,4988.046825811562,20.0,0.1,0.29447551458767507,0.3321505921354631,1.294827155983989,0.10392953510459016,0.36700828184014034,0.6109189913368304,0.00822064976351185,0.4796221916166282,0.0035759079227368705
1000.0,2615.65436639525,20.0,0.1,0.38148632312815245,0.4097969686040811,1.2737381128440277,0.11549864110784072,0.37642850411246076,0.6571895967412555,0.00829384367264926,0.5080424979239063,0.00331217120296239
1000.0,3640.9670607533353,20.0,0.1,0.33601074825685134,0.36598834559213456,2.3589149806704195,0.09063873192575116,0.3639571277438115,0.5623342441574953,0.008106498656738528,0.47192520672246707,0.003184115823372732
1000.0,1736.9925978715105,20.0,0.1,0.11996675310595815,0.2907902308726826,3.1628623124372006,0.09170253439044275,0.37942745854976956,0.5971496446141609,0.008474769371064842,0.6660392834034186,0.003867896774175288
1000.0,4081.2594856209853,20.0,0.1,0.2048913521107512,0.44340736467494635,1.1569143694976745,0.10812441546989945,0.3704799271823318,0.6402781811289008,0.008211540619255372,0.49180234863935757,0.003209788060733074
1000.0,4072.9327298113035,20.0,0.1,0.31607308948350815,0.4479372836781753,3.802450775330465,0.09047315981912317,0.38423588532960995,0.5691140476458102,0.008261911359556284,0.5054145876561099,0.0035679237234936085
1000.0,3363.1706034668205,20.0,0.1,0.3235194931191461,0.26376203697962297,3.8277480134251145,0.11792904730530217,0.3845503181933211,0.6265798297687937,0.008224445693926304,0.5383324247620979,0.00337971319575053
1000.0,2038.8586736300654,20.0,0.1,0.3668477182456934,0.1911386289774224,2.8159422360616606,0.11425565882108803,0.3772197749325161,0.6266859429601195,0.008093090729150803,0.5117760096833434,0.002918989323990088
1000.0,2681.9958479830193,20.0,0.1,0.24397127862252618,0.11657708017282359,1.8970191932107214,0.09210432839398093,0.3634306318054245,0.5731534689625659,0.008124342097661934,0.4764202650340078,0.0032061613947668394
1000.0,4935.104345414979,20.0,0.1,0.13495606392706883,0.44910159278614914,2.7982071670922717,0.11129099318673714,0.3605396714460658,0.5938383174339347,0.008329452071742332,0.5293943252960581,0.003694411771353774
1000.0,2560.913290863822,20.0,0.1,0.21709587296265892,0.2866361598388074,2.580006932146847,0.10769800249406254,0.3942654229085099,0.6402553893712544,0.008059181011099483,0.5719750867652369,0.0031410411689993807
1000.0,1764.743279335496,20.0,0.1,0.3859173819250826,0.3857469912739504,3.776877382143726,0.09346884249479737,0.3526820210291428,0.5483320830198839,0.00834799894770785,0.46112068149462165,0.0033364670559689995
1000.0,1701.9694150336554,20.0,0.1,0.17046921587125147,0.3401908651937316,1.8795797732809811,0.09726575381319282,0.39545777544425104,0.6405605430898305,0.008167526867799419,0.544730161841174,0.0032153923485315553
1000.0,2079.826721096711,20.0,0.1,0.30314638443346115,0.14743356678621453,2.5804155266166995,0.11613586938207804,0.3770018928346444,0.6395881053716814,0.008106122752765416,0.5320287213769326,0.003122332613437408
1000.0,4080.013355278344,20.0,0.1,0.21425084257496804,0.33906694594912246,2.642206743997793,0.10922990432983015,0.3689602783839195,0.6050593374984339,0.008052919891900745,0.5271936112800903,0.0029010075410293643
1000.0,2649.184509851102,20.0,0.1,0.32140802860482276,0.2543251698507912,2.8304138180727634,0.09608849216525112,0.3656116661913392,0.5768017394425315,0.008062928141704223,0.49053147846608036,0.0029572224713918255
1000.0,2460.6009960781676,20.0,0.1,0.13026955121284778,0.35813051441551846,1.2687490809665833,0.09583604015376869,0.3807161909357423,0.6369956923390953,0.008179262738681596,0.49535101299929457,0.0029560083711654152
1000.0,4384.830239009245,20.0,0.1,0.17580874843266298,0.3474356175749217,3.178823321901085,0.10636373641034629,0.37033888030721374,0.5932841862615346,0.008054132241238462,0.5635933630646401,0.0029788186016973723
1000.0,4928.155681578859,20.0,0.1,0.31106366780205463,0.23978727960087218,1.5841084457008183,0.10254214869287125,0.3933367881059855,0.6255047215938797,0.008157851010175297,0.5038901922645601,0.0032848024354555447
1000.0,1986.8004416818471,20.0,0.1,0.3225894174502112,0.31999719549431616,3.897285328818152,0.10927605590275837,0.36085595056492764,0.5925533440535772,0.008325353408657175,0.5024891379847741,0.0035298770319217034
1000.0,2618.4722226085605,20.0,0.1,0.2440361656389364,0.3576676622127609,3.5717006072321555,0.10290326336039568,0.3889883446318664,0.613038477147419,0.008109056535641816,0.5561256134642847,0.003090959573242
1000.0,3508.019813067139,20.0,0.1,0.1784381924498744,0.40058331943882286,2.48030569726671,0.0945863646602953,0.36426157139250004,0.571644248837393,0.008113346113595737,0.5069507403237044,0.0029637592665555804
1000.0,3178.1231040712887,20.0,0.1,0.38834816475161704,0.21049048609567222,3.85173915709733,0.10407791286471074,0.36068287788764725,0.571093192567476,0.008190081464693537,0.4793771029771987,0.0032948688625016316
1000.0,4269.054235642243,20.0,0.1,0.33906810763306516,0.40872112315172593,3.055065690752259,0.09948015499211928,0.38566553569799145,0.595612066465748,0.008095065577917834,0.5093990344201647,0.0031492170364876906
1000.0,4458.614316109481,20.0,0.1,0.31928547109269967,0.34121936887377136,1.545217754571431,0.10600257290265518,0.3977067580093753,0.6431337910724242,0.008109580532076052,0.5127710269357878,0.0029829397770478002
1000.0,3066.7629333621167,20.0,0.1,0.19588299107661766,0.4286200770180436,2.732504747268377,0.10714884329916508,0.38335268170634273,0.6244341111475982,0.008056548692591335,0.5695440676468229,0.0030343396892671373
1000.0,4784.4112758506035,20.0,0.1,0.26008115591945297,0.3752526032528385,3.5474726915560892,0.11900130328289082,0.3875955456101669,0.630221566660534,0.008233335421466455,0.5715174688782756,0.003514906282987026
1000.0,3051.7474341197676,20.0,0.1,0.343643710422963,0.1830574182588779,2.5220059344289254,0.11268694924384673,0.36573491844464096,0.6115538294626252,0.008028178833026485,0.50201712639921,0.003105415038253863
1000.0,1928.300734360639,20.0,0.1,0.41517050768102814,0.37495020599551376,1.7656244734030593,0.10907014645155033,0.39614277556337313,0.6454538444175649,0.008285416521749911,0.5222278298387875,0.0032912348834007563
1000.0,3962.1585152924135,20.0,0.1,0.244218685986392,0.3109202960373637,1.8365099592652294,0.10300743856292507,0.38227640931469337,0.6150345218471455,0.008038079876948406,0.5009331507774359,0.002989420261915117
1000.0,4653.058412668039,20.0,0.1,0.4083659425270818,0.3598571371924234,3.075386029098092,0.102672979770422,0.3671231890243886,0.5790479776574466,0.008164768901345584,0.48140047414156995,0.002994836690427039
1000.0,4749.211998575427,20.0,0.1,0.10011541648317338,0.19571294253558197,2.1633922328402337,0.10429557994837996,0.3648428737669066,0.586388621933918,0.008556205407585012,0.4988610416056534,0.0035909059591859444
1000.0,3990.5179343843574,20.0,0.1,0.19890762426432804,0.4064956167014566,3.970368855202672,0.11221760560317864,0.3618412038880098,0.5897892877225617,0.00820565397218111,0.5891462732364661,0.003128484890670913
1000.0,4456.559021445268,20.0,0.1,0.2137239905353463,0.3718667634993028,2.350800420765653,0.10534327570099587,0.3650477479269732,0.5916142896834305,0.008105010594534242,0.5006066517109735,0.003055380766517345
1000.0,4939.101399888587,20.0,0.1,0.1106050070848408,0.2266224317841095,3.0641132570138856,0.11947873034745714,0.3594080956205931,0.6102218582269021,0.008524883537619292,0.5739684952074842,0.004054814393592089
1000.0,4902.9887882273815,20.0,0.1,0.3104715824781144,0.31489238331915187,3.177727939625188,0.09637360541991634,0.37767533000993775,0.5769623660420155,0.008157122091115979,0.5052570209808339,0.0034129531667488875
1000.0,2475.066640808339,20.0,0.1,0.1309131632542682,0.31802016931434623,3.917002544518014,0.09566956618468668,0.369043771962877,0.5786770305291735,0.008252624123944228,0.6428223572866961,0.0030623820341679512
1000.0,4112.475102660757,20.0,0.1,0.15760649287924466,0.41890733043257267,2.177667924515509,0.0910812581519909,0.35317739039213025,0.5499423643762704,0.00824581097970365,0.47141225281530424,0.0032351414942559573
1000.0,3943.425145697572,20.0,0.1,0.12286661694824541,0.1468102655815141,2.4304687481401985,0.09005069301868966,0.394127130373725,0.5826347915452035,0.008351971243660848,0.5244183946945536,0.003420105534600724
1000.0,4450.416244487065,20.0,0.1,0.38718243268399766,0.36350000013334405,3.692497581014302,0.11130535346337099,0.3865432359059212,0.6097944220321736,0.008203312598348935,0.5137517791537227,0.0030442243035720957
1000.0,2033.1759737317898,20.0,0.1,0.33436686782964353,0.21768633408193155,1.9655265530031047,0.11850558100236154,0.3979378658844614,0.6730745962645153,0.008163546276068809,0.5403506161126366,0.0033186922238312246
1000.0,3694.702883897191,20.0,0.1,0.1297442716074405,0.15267678829803003,1.3051757752065996,0.10349951979040196,0.36219691749425387,0.615256011229691,0.008241128818571235,0.480322596797772,0.003128993284533071
1000.0,4007.539050617262,20.0,0.1,0.15010508483915055,0.3729624895997552,3.8060150373666657,0.09430183083774991,0.3665138128764355,0.5587271937339787,0.008143662638974035,0.6121711534269101,0.0029425966168769757
1000.0,4342.919102644149,20.0,0.1,0.21174140418543702,0.3764115891165035,3.0341489615212853,0.11026455606269381,0.3712856258947334,0.6055070039709662,0.00806328158101116,0.5491800821947105,0.003132050166270413
1000.0,3093.421087716062,20.0,0.1,0.2861929231417354,0.18866238601454743,2.895399859062173,0.09255030129315589,0.3785547880228189,0.5802075465983793,0.008080567832450439,0.5103400528814844,0.003204184093057818
1000.0,3508.69697529087,20.0,0.1,0.27146821158317125,0.3732394360069755,3.42193917912925,0.09702778634066317,0.37971077008732373,0.5860748607393312,0.008074709339717757,0.5276693821069559,0.00309862720388617
1000.0,4929.702867361382,20.0,0.1,0.42106347392479115,0.14749034379211143,1.0951823378084249,0.09289395977739323,0.38610581735453336,0.6047682705737111,0.008745735799227779,0.48616430718549414,0.004021916700595981
1000.0,3270.159542192983,20.0,0.1,0.3721424411407648,0.3013176738487796,1.8306726622978597,0.11183066290509586,0.36838906951250733,0.6207694929289657,0.008028791139912634,0.4932594875834644,0.00299734956625649
1000.0,4443.795016743832,20.0,0.1,0.419259750759154,0.3109492529458964,3.8617742863876425,0.10617669397542506,0.3653996565608486,0.5752991011555049,0.008310862722004953,0.4812981501320406,0.0029810791283349804
1000.0,4738.184379299342,20.0,0.1,0.23901271955847925,0.1466724967474839,3.015884707532079,0.10692919085747785,0.38676356424930447,0.6088692655851259,0.008103658418657117,0.5450884781873053,0.0030851405669649876
1000.0,3231.2768394702935,20.0,0.1,0.29167951702865214,0.2079215840816362,2.032512855937566,0.10205286952719647,0.3863444626227373,0.6150455543110951,0.0080156718179467,0.5087557971299733,0.002951866990955744
1000.0,1974.745414125812,20.0,0.1,0.26050641012958686,0.20171549247828335,3.3832906924831634,0.09355803048558603,0.38867837474634537,0.5970728096959061,0.008201242264793606,0.5292320828415827,0.003223583906586802
1000.0,4161.84183543873,20.0,0.1,0.34247918349669787,0.20410999072708796,2.648222307695839,0.09880869577061503,0.3646252441612312,0.5747130372737216,0.008057098488177759,0.4834695344824724,0.0030152480631793787
1000.0,3793.8451391195713,20.0,0.1,0.16246487728493747,0.39900285146229764,3.0093213970094785,0.10206424719310049,0.36519500110141523,0.5851878440531165,0.00806720949005046,0.5586705246826306,0.0029533472061198094
1000.0,2155.73430380518,20.0,0.1,0.32454697257280885,0.40713415944261355,3.7538274023729996,0.0975243547042346,0.36642652373032936,0.5752075816254344,0.008250274056686385,0.49106761235560065,0.003319216836694376
1000.0,1562.7922645110398,20.0,0.1,0.3871644156073556,0.21791933980205577,3.8701981593478227,0.09867485909613874,0.38769769639293095,0.5936482564668196,0.008360591925761027,0.5035836425977813,0.003447436554413176
1000.0,4822.4626140863475,20.0,0.1,0.4201650552746943,0.37631648607828905,1.9461889036600408,0.09585658453193986,0.3699456429637512,0.5811277235382704,0.008208189330123617,0.4721893110627491,0.003104963790802748
1000.0,2289.42205378455,20.0,0.1,0.44824239166124147,0.3477250118668027,3.6166599103684973,0.09132572536011824,0.38226590439932073,0.5681777242788468,0.008303717285806094,0.4821678498732798,0.0035549833978324
1000.0,2454.612426419756,20.0,0.1,0.17852713105554,0.19670261132645395,1.4455068970437503,0.11489802969965006,0.36625408113679286,0.6601195786709823,0.008105040835089066,0.506367458276145,0.003052940659280486
1000.0,2638.151155299095,20.0,0.1,0.10188133837398039,0.3466947075625513,3.59328131663395,0.0991030446040061,0.3965032966220668,0.6220743460094711,0.00839674468648496,0.7406289759945662,0.0033883677476862326
1000.0,4432.906593931426,20.0,0.1,0.4336177727601781,0.23608308314852713,1.2133230983140142,0.10730825882501,0.3996819899133328,0.6532336467188062,0.008587437513771954,0.5148031035409277,0.003813045069753006
1000.0,2975.2923315389153,20.0,0.1,0.38216512941512437,0.4154971470445713,2.5937340861203757,0.1193438994863406,0.38690824423189524,0.6468654850832384,0.008130487777040677,0.5234491914615838,0.0030999875874871768
1000.0,4957.535831092873,20.0,0.1,0.10768114441501714,0.43203405554426744,2.3887281669476987,0.10388185104111157,0.39643561036103475,0.6162802364696847,0.008641539349443712,0.5367430580833223,0.003913349009337592
1000.0,4276.492575555125,20.0,0.1,0.3990183827147993,0.1313754618506109,3.778338683906054,0.10625117671590177,0.37429734507428336,0.5857195595217728,0.008210974766573677,0.4935791171168091,0.003033640392822177
1000.0,1858.617919313675,20.0,0.1,0.24082748123042347,0.3522256742882507,3.449602610587344,0.11144838551889252,0.3749407943097042,0.6263615379674887,0.008162641504695275,0.551281662248672,0.003021434257705021
1000.0,4576.231874667061,20.0,0.1,0.2411986088561621,0.11486820122532088,2.709536885281826,0.10465342967568705,0.35648951345928614,0.5759792283603681,0.00811243846542654,0.5009847636273433,0.003017505198787793
1000.0,4313.138485909176,20.0,0.1,0.29681050111220614,0.3843292195015775,1.4274116740660316,0.11771090081619899,0.38121321253138696,0.6603083797710414,0.008177141113544912,0.5101344248104511,0.0030707436290959345
1000.0,4319.928168563569,20.0,0.1,0.33734382951575487,0.43289395712592715,2.5595330650746506,0.11214348944115553,0.3540154934533769,0.5955614723457021,0.00810071648613501,0.4887022211679262,0.003041895549644071
1000.0,3032.993355987458,20.0,0.1,0.25069709254476413,0.2235804690027701,3.093277860816645,0.09407381846582387,0.3677917700887561,0.5730948491702305,0.008074508730515476,0.5188275746097648,0.0029765176603578085
1000.0,2824.1285540580607,20.0,0.1,0.2838973977709177,0.2313183666818268,1.4264283411726906,0.1115348538465116,0.39811285196825424,0.6710615384888992,0.008077991633069307,0.5261993129646723,0.003058443897007602
1000.0,1956.8861552456713,20.0,0.1,0.15629129322698673,0.41460754783039055,3.002342337384593,0.09742295498112737,0.3718193043680711,0.600515586542994,0.008222227995725386,0.6184505806004704,0.0034242668984183484
1000.0,1952.1978847361706,20.0,0.1,0.32639585800472715,0.4295464689060353,1.9868110089579059,0.11312111623621605,0.39794591999300244,0.6642894388866195,0.008149088162477157,0.5355396968417595,0.0032034937392881246
1000.0,3745.761964801747,20.0,0.1,0.36323217668644814,0.1711009882366925,2.3499340307443,0.09782240791726378,0.3875621786011395,0.5983216413270023,0.008035649366995731,0.4992788711830742,0.002984749675570452
1000.0,2311.5623818949944,20.0,0.1,0.3818698890017639,0.10864227070948115,2.9176702755845527,0.11322932063109692,0.38600073298350657,0.6287377316271665,0.008096769480536994,0.5158025801401366,0.0028595917791140023
1000.0,3789.305962169788,20.0,0.1,0.2320783330908563,0.2316985325510723,2.5870129556639774,0.10960199519002044,0.38858081289782176,0.6271939059247563,0.008037481324246688,0.5448943643210882,0.0029157545775235307
1000.0,3784.3622050912686,20.0,0.1,0.18552734688023512,0.2996005144692909,1.8921758616355002,0.09388100112509448,0.35420157011947906,0.5640533506582601,0.008110880562820779,0.4663953092117592,0.003160299014080845
1000.0,3516.373905317748,20.0,0.1,0.4350820334230996,0.18032442678765637,3.8520191869951668,0.1028564156933815,0.37084014845095115,0.5752801551339689,0.008261916767779242,0.4819140786040318,0.0032629289242530864
1000.0,3089.237076990777,20.0,0.1,0.29115962389305233,0.2023838459870756,2.843760952067991,0.10544217999107693,0.3969730682165066,0.6280521123393119,0.008039962427988871,0.5445269042776554,0.003094824081095026
1000.0,4663.170636231114,20.0,0.1,0.2340772784134072,0.43207494579301065,3.0124206010185133,0.11320871216210601,0.3744452503721952,0.6139653601116485,0.0081281025955966,0.5434354990937158,0.0031621675666628542
1000.0,3950.8697108212964,20.0,0.1,0.20807808678473877,0.25778934168393197,2.333081178608642,0.10843912096587069,0.3605721158720261,0.5962609252774791,0.008056940250350085,0.5044928110953308,0.0029456286246863296
1000.0,2933.148569413377,20.0,0.1,0.33157708505783023,0.4053618328428431,1.020680997467955,0.11353383816002208,0.3619455113420067,0.6466086857791086,0.008372487959445443,0.49124141923422115,0.0036422783760811654
1000.0,2887.4904071153815,20.0,0.1,0.22518900834717792,0.30556954602763,2.161406824224709,0.09514606699902384,0.3546510999852809,0.569864494456096,0.008095930797068891,0.48144356050442483,0.0032093796097445626
1000.0,4799.910295863674,20.0,0.1,0.12422223959217016,0.1690883684755179,2.3643374512834727,0.09628054273145727,0.37673678998115967,0.5731977982922101,0.008370433339432588,0.5044636796998313,0.003366232982908533
1000.0,4129.41778091935,20.0,0.1,0.20321602823456247,0.13198483928641053,2.600514799800436,0.11448515018333527,0.36909732652054117,0.6138893533756012,0.00808846405896306,0.5339279824466383,0.0029920785423591906
1000.0,2287.897486798854,20.0,0.1,0.22453074196858552,0.3613440484573097,1.064549928350587,0.10017625507419885,0.3672162133721963,0.6321418792776097,0.008126159207020624,0.48760113659132615,0.002895840001205672
1000.0,2769.4339709348033,20.0,0.1,0.10078488069392792,0.23301208954859404,3.415829795981203,0.1192110400484174,0.37186341984725624,0.6474801380041266,0.00849951348025526,0.7680148740951633,0.003871165468858905
1000.0,4866.320833941849,20.0,0.1,0.2895205338598841,0.3344401187752497,1.9097004801643993,0.10444351611365299,0.3940808611132367,0.6243264282423253,0.008126434728633532,0.5098991717128385,0.003169098408279508
1000.0,2122.1000775007187,20.0,0.1,0.31121466811885623,0.16383373396781115,3.8147242618734243,0.10144749900597456,0.3918792110048134,0.6080810918649305,0.008275764064219093,0.5263723474853527,0.003468024739045818
1000.0,4258.923252262126,20.0,0.1,0.11534809074690405,0.16800083206643113,3.967538648557624,0.09642345884023923,0.3742842070432353,0.5685229099971603,0.008367600382264237,0.6791101756684648,0.003322749508892516
1000.0,3832.9219774160597,20.0,0.1,0.43712948926341,0.10018907363942502,3.485718445816347,0.11884199396508602,0.3755347620567331,0.6141540926624671,0.00828564675463845,0.5037718464541869,0.0032125060599679433
1000.0,3586.124961248245,20.0,0.1,0.2783045456926402,0.26255840164625094,3.1320974623972866,0.09271823400881135,0.36225272121551305,0.5607239690470533,0.008077622550334156,0.49901862961022225,0.00303427223737447
1000.0,3561.444377418699,20.0,0.1,0.42705811667974103,0.414416440142404,2.265105321384613,0.09697752136316906,0.3631300557818655,0.5725321469164575,0.008158551959252247,0.4689304889083023,0.003271069936315234
1000.0,2417.9917097428743,20.0,0.1,0.2009079406646122,0.39636309051948626,3.825474257556529,0.1097966956936256,0.39277336855551365,0.632012403118999,0.00817857276653188,0.600692346639877,0.003287303673955475
1000.0,2251.872876019036,20.0,0.1,0.13299618070539265,0.4131538725137336,3.422382582295587,0.11802708563110788,0.3860446466737189,0.6610623994117045,0.008314762111791517,0.7210009837664396,0.0034048858750929307
1000.0,2153.858093613713,20.0,0.1,0.11283777345049928,0.29145977856005,1.0989285896142524,0.10433400852511282,0.3825149303067584,0.6680330251036276,0.008482481392999243,0.5157173383416549,0.0030824622968243396
1000.0,2175.053144510195,20.0,0.1,0.32509796945831526,0.21567846971087376,3.8275851151063884,0.11900715992179575,0.39308117433397083,0.6444251938778717,0.00832606086236431,0.5460841016475746,0.0036435726687223105
1000.0,4264.104906479386,20.0,0.1,0.3992991042311852,0.14079388245613153,3.2770631680007503,0.11477988164859515,0.39336637359560145,0.6277110789248791,0.008176893705303652,0.5220989607684473,0.0031774085150577088
1000.0,1579.4711057051586,20.0,0.1,0.34670796337201565,0.149405246772985,2.8875353848547407,0.10720157574170272,0.36733357759594204,0.6045950937487754,0.008140550088071262,0.4990056305738616,0.003296715302688535
1000.0,1662.7771828920427,20.0,0.1,0.29211843787750225,0.24338171867861436,3.6781160986396597,0.09784896591921181,0.3977466718534665,0.6129520999634841,0.008305218402442407,0.5335507870480822,0.0036124138506283604
1000.0,3208.9729366792144,20.0,0.1,0.336408954757487,0.18978636727509163,1.8033129337211906,0.0986125117848746,0.3554557359126822,0.5769849519597573,0.008046875483425265,0.4673829119477527,0.002975444367098833
1000.0,4570.490807431117,20.0,0.1,0.31273134482213427,0.2893414839253087,3.163794081856567,0.10745762669101801,0.36884030129297163,0.5923630476263673,0.00809354028438294,0.5113769855200684,0.003179930587327676
1000.0,4396.380436908223,20.0,0.1,0.29662955833640325,0.37182326808743804,3.1320230946192824,0.10087981826491244,0.3537727648991799,0.5660378849471596,0.008097923357608776,0.4924808054733451,0.003171120099340854
1000.0,2041.1234918974014,20.0,0.1,0.24671761923281776,0.3933888007203653,3.7865839835515596,0.10400443939302584,0.3858874920061634,0.6140354996897334,0.008236477452966006,0.5484531109420696,0.003517712231967466
1000.0,2947.08893257783,20.0,0.1,0.15344442024430327,0.25742216119016526,1.841339818000164,0.09851559093787975,0.3508432295183982,0.5824781726920203,0.008090498079253163,0.47354851837555234,0.0030406225093167275
1000.0,4617.118645557485,20.0,0.1,0.1667950379548928,0.24824388989598514,3.2729361501583263,0.11031940350257385,0.35393634945271185,0.5818451026129321,0.0081054036389608,0.55993370781949,0.0030057358813104992
1000.0,2116.436365954255,20.0,0.1,0.359107552004046,0.346191571665192,1.3833256925637396,0.1094344289695792,0.3652393728765296,0.6303882440307302,0.008144011325836552,0.49306382987411157,0.0030515122508192986
1000.0,3129.317422804206,20.0,0.1,0.44683778746415304,0.3943844585801968,2.40523400795718,0.1042425165645447,0.35495806693125725,0.5765184749966781,0.008231021239328916,0.4683077463106052,0.003390071838805423
1000.0,2611.9708918225056,20.0,0.1,0.16793689808107695,0.1291434099911207,3.63162396123512,0.11385146697274423,0.3644770583192012,0.6135721585511188,0.008154578577859064,0.6251732944083582,0.003177248436152472
1000.0,3078.9883469549322,20.0,0.1,0.4303559747499257,0.12045978501757046,3.8430690472078495,0.10694160653565046,0.35035574193568064,0.5631732237352539,0.008316030239661414,0.4671299322532576,0.003293442055380068
1000.0,3291.2078718278904,20.0,0.1,0.43868089130582333,0.116849837023658,1.0303047311546074,0.10114721736839649,0.3658729069863554,0.6021497730086391,0.008878761108714946,0.4757867171036581,0.004292021139712747
1000.0,1717.9513731997567,20.0,0.1,0.2742110516530951,0.4227028128044691,2.0224772909906394,0.10377973080928941,0.39454177974850907,0.6440596514794531,0.008152772347269637,0.5337819398109872,0.0033954661852956705
1000.0,1575.9833798750396,20.0,0.1,0.21399056352731838,0.4185950545043655,3.8573141446782206,0.09616440238035176,0.35500699398555696,0.5704816954520691,0.00843154104764972,0.5216541238248232,0.003992142910472036
1000.0,4166.110935130937,20.0,0.1,0.1831016748050743,0.3710308813300257,1.2903982452033007,0.09652710428969528,0.39653398884518104,0.6334136773606143,0.008202950542055646,0.5053474394718994,0.003157244441711143
1000.0,2104.86584672748,20.0,0.1,0.3629851271382629,0.12990828007676977,3.6051834362010915,0.1104013165113546,0.3607401790658591,0.5922903527483214,0.008178536930745061,0.4922266073507572,0.0031504521005360003
1000.0,4432.890253869629,20.0,0.1,0.131434834818643,0.1579502624798205,3.0258618949460176,0.10320822101617218,0.353643788384498,0.5672581107111351,0.00817006199973922,0.540216996141335,0.0029760160228263
1000.0,3693.36692436868,20.0,0.1,0.2004866987150062,0.2115156258321379,1.7465633433990637,0.10410231728288658,0.36729607833642997,0.6058158385207073,0.008039669618081733,0.4871165569746685,0.003002162411011963
1000.0,3738.0323873882153,20.0,0.1,0.2587546014808328,0.20106636916697979,3.685228656550192,0.09515711648302495,0.36275713232252693,0.5589547144467345,0.008135219905378176,0.5152554901239532,0.0033185670631227064
1000.0,4624.583199231369,20.0,0.1,0.400191759860948,0.12662784685620507,2.037335342231695,0.10008608059788368,0.3928182873002261,0.6091713619439146,0.008116590203061784,0.4999464362890879,0.0030598947322500003
1000.0,1778.3517309660529,20.0,0.1,0.12472311343706395,0.28876633950641617,2.579088620389238,0.10043137514875435,0.3591926663177353,0.6010825182921133,0.008263307135079686,0.6340530979364508,0.0031668482562731584
1000.0,1937.5055924461678,20.0,0.1,0.11137511144224901,0.2868798589716005,2.5519684796283624,0.09523420293317646,0.3863238259487705,0.615113909446869,0.008366802276904827,0.6450885157415982,0.003302799589782793
1000.0,1940.1944894820547,20.0,0.1,0.34560549965045384,0.20981140010867816,3.481015843193014,0.10858770024423842,0.3896242437769703,0.6228721205210473,0.008145695855584447,0.522369275269637,0.003065694848871998
1000.0,3410.202861136343,20.0,0.1,0.2569855334421445,0.316001362340387,1.7471234798463584,0.09040851756114773,0.3937749052123715,0.6026590646478182,0.008114650363754397,0.49796158122465023,0.0033560677426260053
1000.0,4791.883380432892,20.0,0.1,0.22971899187805359,0.3275137133964808,1.984657500839189,0.1155947004058928,0.39677635401179906,0.6513858385084987,0.008213094528831797,0.5299919410209474,0.0033730917788499524
1000.0,3349.9760331178113,20.0,0.1,0.39272330389454646,0.3639524144551469,1.9793998647359556,0.11796329036272354,0.36276707458562113,0.62521411045194,0.008115465392988675,0.4936917220399299,0.0031729424530334096
1000.0,4951.044176594383,20.0,0.1,0.14340862753617287,0.18075486807429275,1.8036292982129059,0.09152244888936312,0.3709301125270986,0.566256326476966,0.008378489212040978,0.4773296703429432,0.0037392600498520187
1000.0,4871.542571238911,20.0,0.1,0.16930953491303202,0.10410177870271958,1.3966091233055988,0.11786515886824728,0.3633875284676001,0.6367435856971225,0.00853945804621523,0.4933128280823547,0.004025295007833882
1000.0,4213.611571915475,20.0,0.1,0.1956409544889716,0.21758308199990578,2.6354682825888753,0.10460228087529622,0.3647413833709037,0.5865780311547453,0.00805726852929087,0.517619327573431,0.0030010568708389537
1000.0,4067.04936719331,20.0,0.1,0.3775892607244854,0.2431709595081869,1.88376280051443,0.09867580990199151,0.3644527689174886,0.5820756962522907,0.008041211262868348,0.47218430828551605,0.0030506944378131226
1000.0,2308.2060262103055,20.0,0.1,0.20947947911655695,0.28071185606027826,1.044276354147262,0.09629200621896401,0.3811620370152937,0.6360584984075878,0.008150257816250447,0.49775180285428317,0.002950792961832309
1000.0,1566.3643988438062,20.0,0.1,0.2710888927995345,0.37810670611449393,1.9653693618821655,0.1104320302721741,0.3691934730770516,0.6363917312799946,0.00815325407565328,0.5194597169859109,0.0034765047435985266
1000.0,3917.2631609600685,20.0,0.1,0.3777397988865552,0.11964432026880094,1.9322803122059768,0.11649735534272458,0.3532615165399909,0.6086764018285062,0.008110796854913983,0.4810553301829701,0.003084411602492175
1000.0,3253.8006385234485,20.0,0.1,0.39006104208502046,0.13168102953060945,3.3019034542532784,0.1048726313134663,0.39702890316035866,0.614613121318754,0.008087596937312215,0.5153758398946028,0.003031497857472797
1000.0,2155.454625337902,20.0,0.1,0.15040146362151752,0.19222940900303576,1.1368518258532072,0.10496502007391749,0.3508385674125982,0.6301460778754373,0.008257182402929672,0.48075893141731746,0.0030292790602894693
1000.0,2101.008248885526,20.0,0.1,0.36038220499231455,0.1259060536286981,2.018741942576449,0.1109768021474508,0.38078355827639065,0.6310229475263933,0.00810967968437735,0.5103800472938527,0.0031904822147269998
1000.0,2591.1127282141806,20.0,0.1,0.27627676037253757,0.345978381612906,3.409027571644148,0.0918046058924688,0.35442939984618504,0.5549412737185376,0.00816752521581723,0.4898208755468232,0.0030655542726324525
1000.0,2448.8186409724644,20.0,0.1,0.22056069070354564,0.3900411900612032,2.9590868902663656,0.11328732723754653,0.35565315803199327,0.6138935490287388,0.008105445296899067,0.5559869496885395,0.0032522047018368086
1000.0,3837.4310853999964,20.0,0.1,0.2314528067436561,0.2566207163527643,1.5624024617832613,0.09822097288938543,0.3784743402967596,0.607780266165469,0.008056094345774761,0.4889978415020304,0.003206054382865474
1000.0,2106.221278842433,20.0,0.1,0.18355110418954362,0.18081517358607424,3.0268868452345874,0.09047160069467082,0.3848417899204055,0.5900587058944724,0.008224090117128678,0.5769032086332734,0.0034416018999345434
1000.0,1694.322164284602,20.0,0.1,0.21115753734961049,0.4307432318986748,2.756798986606763,0.09228061474399347,0.374037122225755,0.5922483885896865,0.008248552531391055,0.5447070100906425,0.0035429074578602134
1000.0,3348.775602164459,20.0,0.1,0.25043162552291603,0.2006119282735654,2.2165020331227208,0.10094345534064006,0.3615954483832149,0.5846628260926935,0.008044219654550253,0.4914734945985903,0.0031191389708208313
1000.0,2020.5157716444905,20.0,0.1,0.1567858432477056,0.27727051850080553,2.647299443595475,0.11557967619444719,0.3719950599845221,0.6461339627099458,0.008128816740609933,0.6402828841041106,0.003012499166847012
1000.0,1804.320786664583,20.0,0.1,0.14153974978013156,0.27203811768080377,1.0384721943792732,0.09501535987037496,0.3551320096621696,0.6135346689030189,0.008488508091955149,0.47846774260821784,0.003302939559600085
1000.0,2687.4121270741434,20.0,0.1,0.32687172126615427,0.14318477199857324,2.7361979901542117,0.09211024546017123,0.3918200483166368,0.5931584585464378,0.008103914227687598,0.5092446153711834,0.0030805370701657295
1000.0,2949.951197232851,20.0,0.1,0.1277585249928525,0.14776561537543947,3.2791538756645453,0.10123393137965393,0.35964353213455713,0.5824724173364639,0.008198663842392904,0.6438635323329429,0.00328468086934316
1000.0,4134.9471203963385,20.0,0.1,0.19403974219788778,0.3369574793131562,3.139663343373993,0.10345441938689928,0.38537267787482765,0.6042669503601934,0.008040961799835258,0.5687389903232128,0.0031320668122103226
1000.0,3378.1376366212826,20.0,0.1,0.4001961145582644,0.41037117884325847,1.3992633769126002,0.11268771818024678,0.38519059174144865,0.6519066855953677,0.00822017664495236,0.5091972995056,0.003223682125926945
1000.0,3058.2698330885496,20.0,0.1,0.15536200377178921,0.37736721870370404,1.8818227869868136,0.10866155233655582,0.3997701741113593,0.6606969556751857,0.008120080638619135,0.5360777340054993,0.0030814415166337903
1000.0,3074.854010176512,20.0,0.1,0.1742880173844953,0.41215618948290456,2.5304881153041796,0.10777603678597165,0.39143746890323483,0.6355150607545528,0.008075593380751651,0.5689782755107424,0.0029357002036815155
1000.0,3968.2306894971384,20.0,0.1,0.4457686938495389,0.14902119522905724,1.5077866142497562,0.11613560404875461,0.3861532680909669,0.6507999044702917,0.008456497624766609,0.5107066021949701,0.0038263189587206506
1000.0,3687.68898583795,20.0,0.1,0.38956940266879714,0.15190286001667216,3.4482390691450995,0.11244856108645786,0.36078668113675083,0.5900192140127827,0.008099451968235964,0.48868834548521495,0.0031211974780641287
1000.0,2260.294969674551,20.0,0.1,0.14868225282975514,0.23610048225449978,1.8651711928178694,0.11235421148760084,0.3766401507962806,0.655269328566477,0.008095912057182563,0.5301242812638929,0.0030025364183673253
1000.0,3528.7773702115755,20.0,0.1,0.34450156087804673,0.26086158783271307,2.146921909754073,0.11326386932910074,0.3603578594638354,0.6099350225902318,0.008019935899194695,0.4910870347800675,0.0029298399072706957
1000.0,3033.422804771947,20.0,0.1,0.21268138704438755,0.2133829877706404,1.1894794493003198,0.09709317113050403,0.3647579325216713,0.6087685257618067,0.008068834089635329,0.4762614037115559,0.002904235302945115
1000.0,1753.4483197725272,20.0,0.1,0.11132161516975958,0.40878854136282683,3.982755086301304,0.11943390813252679,0.382014247541386,0.664362527463361,0.008828876776749902,0.7496908185205376,0.004467780486460626
1000.0,2186.250394464964,20.0,0.1,0.3421273142564817,0.2123279217853377,2.060308984269951,0.10298643287181883,0.3738798514885481,0.6068905460122781,0.008061448676441763,0.4960401534162425,0.0031404949817996864
1000.0,1525.6979100674218,20.0,0.1,0.3198872483249636,0.4310704066573785,2.7677598101651313,0.10858217621151747,0.38627045701858254,0.6355528442443111,0.008166258645050514,0.5253860947382171,0.003214881043251922
1000.0,4293.044222649356,20.0,0.1,0.30966121960126536,0.3840311633595782,2.9205459671319796,0.09594851105969547,0.3801669751249297,0.5846073922004813,0.008093585931628013,0.5053843991834507,0.003178486025121243
1000.0,2698.545497887312,20.0,0.1,0.2285949711630809,0.16235852637193465,3.991701125534465,0.10834598257445295,0.36182965246387006,0.5892117935228195,0.008272411158330505,0.5460878021995431,0.0038575607414205867
1000.0,1633.6307886511045,20.0,0.1,0.39145479192988186,0.22379855748045518,2.3646834486725203,0.10086273309777458,0.3519198311118406,0.5729374536218416,0.008224223172571817,0.47060360461441303,0.0033808975082231145
1000.0,2700.2913060825704,20.0,0.1,0.3212421355511913,0.42319269312798424,2.011289292146513,0.11718082777062658,0.3788728177337083,0.6491470535911258,0.008078147088019454,0.5187932975324137,0.0031480446335745097
1000.0,3035.904664043943,20.0,0.1,0.22721912889311788,0.10629805081605774,1.8810702790069587,0.09447856662630842,0.3987004534774124,0.6135402025275467,0.008104801308812004,0.5126750954688696,0.0030761180773065306
1000.0,4365.04454865784,20.0,0.1,0.16856881377615782,0.3821919368683311,3.7216980680658938,0.1104195874435443,0.3544500852431805,0.5802761202341066,0.008107097827324408,0.6035661845832753,0.002850078969769898
1000.0,4514.111445764055,20.0,0.1,0.1992164319662314,0.12652425416294452,1.9312515746818217,0.11908529189248278,0.3668212324360044,0.6286419557802227,0.008251160153779757,0.5048707168066269,0.003285585210423832
1000.0,3380.6761495735614,20.0,0.1,0.3212188082933129,0.3607087645896365,3.5407234094710347,0.11555007092899083,0.37941032552787013,0.6211251227672829,0.008109653629839507,0.5313025248338951,0.0031649986370871977
1000.0,1658.2602068643125,20.0,0.1,0.42209815473718293,0.35976720871935686,2.77673955642895,0.10033359177429924,0.3685113107991936,0.583360095942649,0.008226190261816493,0.48337952066005474,0.003294383125141766
1000.0,3269.8953441902863,20.0,0.1,0.1433479483412233,0.31778445507423725,1.9412317489906914,0.0915240428654856,0.36085888478023975,0.5704921508508072,0.008157282979136496,0.4766308425581292,0.0030706156087038127
1000.0,2085.7391900645985,20.0,0.1,0.11762022936316396,0.13322675791041558,3.7487845043718777,0.10003340633664251,0.3868235467358937,0.6137896127532537,0.008366005585594102,0.6916578464568018,0.0033693772108234657
1000.0,3057.2093455164404,20.0,0.1,0.11289708355196174,0.4324417652373703,1.1363449809401176,0.09424291375994856,0.3709583418817519,0.6166353982705557,0.008511054496381823,0.4814220050922492,0.003465074808454934
1000.0,1919.8581723316643,20.0,0.1,0.15718805119147947,0.34098511905742207,2.9872162292924678,0.10155922615172067,0.3773827864786197,0.6157514967010975,0.008173147401840723,0.6336667228353157,0.003335293515102797
1000.0,4080.05687536821,20.0,0.1,0.1805104542859744,0.1477685019630203,1.5647625175660638,0.10940899448590627,0.3710742205533097,0.6257025633261984,0.008131020119534973,0.4939645207345684,0.003064466184603245
1000.0,4085.47320539987,20.0,0.1,0.11916824465532307,0.28721139107281146,1.7176260071803453,0.10042869829902538,0.36404144851250886,0.5958974297951763,0.00822263522895837,0.4813993728401793,0.0030001470918498306
1000.0,3256.367501821196,20.0,0.1,0.24703187579647357,0.37014331665823086,1.432981004514597,0.09547858648092296,0.388958031266665,0.6226455584886985,0.00806929017369078,0.4975313831359498,0.0031922531474301357
1000.0,2016.9771844600632,20.0,0.1,0.4322261200388904,0.243323260169862,1.2092657228409238,0.10648347867118874,0.3503886859367148,0.5993426527432969,0.008694417655157894,0.47236157407906276,0.0039026247581999264
1000.0,2284.5729223507055,20.0,0.1,0.20492501313075637,0.20035215969700823,2.7558904049484694,0.10881497658258664,0.35497048770522643,0.6036158440294264,0.008090616342966019,0.5578088943266537,0.003167890191910717
1000.0,2080.087136444353,20.0,0.1,0.18656266911604968,0.19628292788325802,1.2822006503287442,0.11566430087775786,0.3795670821412386,0.6866168880357089,0.008167510631801399,0.526501646847062,0.00308835990422237
1000.0,3230.812725433575,20.0,0.1,0.16900760379890375,0.15314795660081815,1.960573275500459,0.10404355688791571,0.37748376916474996,0.6146288729060446,0.008045839373052421,0.508692259327516,0.0029603880334293075
1000.0,2165.493396600394,20.0,0.1,0.3910050204040645,0.2409377315971317,3.573031282666935,0.10981763967894603,0.39517883158826284,0.6244553837233905,0.00813762956934367,0.5197482643369941,0.0029763340558927147
1000.0,4866.401444329269,20.0,0.1,0.13714490026832127,0.4469687308751097,2.439387562106491,0.11247042685341954,0.3901222842730285,0.6298953579652616,0.00841206075110064,0.5412205500689379,0.0036297687536459887
1000.0,4177.018318468516,20.0,0.1,0.2964540677691897,0.43285938423711345,1.8581104463879081,0.10663859912788397,0.35018820673084106,0.5899839154059671,0.008091900856891534,0.4697772804604725,0.003170491250529334
1000.0,2607.7518460217893,20.0,0.1,0.3909286561534996,0.4015252785622271,2.1166174176871944,0.09418047784775316,0.3852311417089818,0.5947243555608231,0.00813041050979287,0.49190953399676823,0.003247611606521472
1000.0,4376.461906309416,20.0,0.1,0.29484355599628503,0.2633615889762778,1.9707473323518565,0.09212499243251332,0.3578866525048267,0.5589642325033741,0.0081387581506514,0.46203120934933956,0.003195735771239259
1000.0,4392.842688242891,20.0,0.1,0.29275970825011866,0.42062031500364494,2.659581164099211,0.0984325648766053,0.3596532965464211,0.5716157481844079,0.008113276259102678,0.4865095522391359,0.003108270839763269
1000.0,4909.97995524127,20.0,0.1,0.423004800054566,0.18386931101308898,1.444270160184994,0.11164245360469206,0.3889138944490354,0.6457282034858852,0.008393406810287416,0.5080146872857993,0.0036110946895249046
1000.0,4304.532580617642,20.0,0.1,0.2748814587700041,0.22193426804372335,1.3387472886831278,0.10399553500280877,0.3556808356180844,0.5996425757146031,0.008116561222500488,0.4695123620750039,0.003053347828171719
1000.0,2130.9752741657976,20.0,0.1,0.20029736769753845,0.26867263453909446,3.7939574317247113,0.10825991994246215,0.35869902431232537,0.5962819604112902,0.008193807692259832,0.5631075335600043,0.0031778979252218838
1000.0,4111.725146731222,20.0,0.1,0.32996952753287606,0.44048309077379133,2.0793126855955704,0.10555185174917275,0.3532242711932117,0.586683712402977,0.008064634209631206,0.473404460116374,0.0031441889644261453
1000.0,4132.897211023082,20.0,0.1,0.23983971135305843,0.4376643798357759,2.3216029866485357,0.09433689567152176,0.3606235124293726,0.5663710379615631,0.008147791263978006,0.4812007742473112,0.003159594699387002
1000.0,1607.7317965245702,20.0,0.1,0.34771103395870245,0.33107759169552026,3.5922215609049704,0.09884859169604966,0.35714226157876894,0.5702901639433924,0.008254039223903203,0.47928071247768006,0.0033498498159793074
1000.0,4173.278547316306,20.0,0.1,0.20594048947653598,0.30271530506105326,3.9437829316099453,0.1084292183017443,0.373994107460857,0.5919778627896105,0.008148579801993752,0.5872393223103554,0.00301411336917321
1000.0,1523.2408035567769,20.0,0.1,0.24858586098656152,0.4049486596541608,2.2714883032176574,0.09483226264337773,0.3558483545171956,0.5820068853427423,0.008265946062515761,0.5004244451634842,0.0035962509103349715
1000.0,4282.25512311043,20.0,0.1,0.13383105500726022,0.16898373885004403,2.0666623775964377,0.09406154731099839,0.37778166713288414,0.5782024227757605,0.008246155231741709,0.4952145855182875,0.0030976537363740244
1000.0,4729.266135986059,20.0,0.1,0.21030071419246438,0.34232883732009767,2.4669387716007085,0.10542115520074587,0.3573473597398058,0.5805942175735415,0.00814250457497499,0.49602850680621685,0.0032549131345454116
1000.0,3252.3650421728144,20.0,0.1,0.30834981435949094,0.12569413445446928,1.3596016982795631,0.11515675579253591,0.39456806687395896,0.6715638801035169,0.00813746817228148,0.5241413698576183,0.003060730173678413
1000.0,3831.9181562610506,20.0,0.1,0.2319136104493746,0.25798014443651096,3.9879931659377226,0.09960505416196161,0.382217369990067,0.5832992818058856,0.008194901911951344,0.5567584994817882,0.003198337077705665
1000.0,1690.4013014720017,20.0,0.1,0.44319229815855954,0.4324526741874146,3.9184727567059547,0.11311387162604516,0.38462247362095253,0.6120082963032859,0.008558546748097062,0.5107126492576297,0.004030097154177701
1000.0,4698.92532314648,20.0,0.1,0.2694169577225529,0.35197810229425586,3.190340093785875,0.09784897094304576,0.3739816542827629,0.5778312444994964,0.008101499355758733,0.5159924613330793,0.002957917648637299
1000.0,3130.518450267222,20.0,0.1,0.11362313652531573,0.4492762447494,2.9770367768355346,0.11065192368213012,0.38815345243395316,0.6409059738473556,0.008250945410189815,0.668152643637492,0.003401358133905047
1000.0,2899.3442638927454,20.0,0.1,0.12116274173665362,0.3437957412425179,1.825618598012809,0.09484906610786911,0.35412124114853855,0.5826517824059503,0.00820516596753624,0.47116657660790184,0.00323794337037387
1000.0,2803.7190881989727,20.0,0.1,0.31815533837663346,0.37771597631626197,2.1754256022038785,0.09143460525367932,0.3912322365636123,0.5977677279398753,0.00811141020923878,0.5019602005816723,0.0031530397932015824
1000.0,1875.2949634149727,20.0,0.1,0.40555175989632475,0.14020078782284484,2.0549844552387495,0.09162526289151107,0.3931130993285576,0.5937957417973365,0.008274161163340473,0.4986106033570156,0.0033715155056703327
1000.0,4911.340084115581,20.0,0.1,0.20637971512520253,0.23530019886706477,1.7796428155556194,0.10852520974335977,0.3518581004536089,0.5900822781669598,0.008221914936071705,0.47478602393504676,0.0032545357983825825
1000.0,2339.4910053194685,20.0,0.1,0.25977284151676316,0.3326898331033278,2.1626299163727767,0.10525518244107324,0.3790453890722515,0.6235068673779787,0.008054239989646701,0.51939176759937,0.0032334052460380788
1000.0,3233.4637632314943,20.0,0.1,0.20153369756703765,0.3628448327246696,3.9188804557943016,0.09636674772305644,0.35975039477975096,0.5601078043373472,0.008188314397570146,0.5477945562663582,0.0031847750289635845
1000.0,2974.659389533893,20.0,0.1,0.2966110756901638,0.12592854834106698,1.8816920552275236,0.09702016374533017,0.379303341861543,0.5980910656867741,0.008055024557203189,0.493617795256012,0.0030384990594011178
1000.0,4826.490634733262,20.0,0.1,0.15253193672247467,0.2624760430802763,3.229122441760013,0.10747342023129339,0.3699021121367185,0.5902634484465226,0.00811081514790207,0.5647334557938273,0.002982289354046142
1000.0,4235.965431804874,20.0,0.1,0.1775941864974095,0.15586220523300837,3.964592741650807,0.11518319876322128,0.3998597925030815,0.6312737298059279,0.008280569866222267,0.6573852752820454,0.0031753818479683675
1000.0,4746.595370262856,20.0,0.1,0.2575281119740185,0.39070699395224784,3.4945268663030156,0.11623884537166393,0.3963193255873877,0.6345460536574358,0.008204989392329559,0.5764844259850136,0.0033707935693503975
1000.0,3582.3646182564376,20.0,0.1,0.2975476240190187,0.27550121187372645,2.3650109087047304,0.10228201936509537,0.39580874964937557,0.620855256592994,0.008030218731600348,0.5239935099861202,0.0030622013793236333
1000.0,2140.937217873045,20.0,0.1,0.389765271647991,0.24574492846227866,3.8289016568487675,0.1132741198400121,0.39871548722906786,0.6324509169887059,0.008264783307862074,0.5285561416426712,0.003148782176644452
1000.0,2690.9293631907967,20.0,0.1,0.17013901147095464,0.29059162228998625,2.071019819719359,0.09259852876325478,0.3752049181079305,0.589044314065251,0.008106044566397455,0.505286938662583,0.0029560450366837784
1000.0,4730.306519629759,20.0,0.1,0.40913953725481544,0.11377610007537363,2.048425816327442,0.11404317327050158,0.35275621348534875,0.5979705253006244,0.008195383841233509,0.47479655304952306,0.0030791258418451936
1000.0,3157.2089667502487,20.0,0.1,0.11584746324631023,0.23758293491973437,2.968713892218399,0.09467542256955881,0.36140513608750124,0.5694719447739799,0.008248226212109928,0.5953042004798104,0.0033866558761397746
1000.0,1963.4913918380344,20.0,0.1,0.14876874593525896,0.1326910583294416,1.333065046704877,0.09120968058625205,0.350392800921431,0.5887373931647913,0.008316272792674967,0.46505313526186975,0.003330229574082875
1000.0,1783.8530116710292,20.0,0.1,0.38679283983038637,0.34208985987428486,2.685346503468232,0.09371635586753517,0.389295210510161,0.5951101969003946,0.008169953589981323,0.49815191423270544,0.0032583958791041244
1000.0,3657.9851460773048,20.0,0.1,0.28821998736409393,0.3122403106922188,3.2655061161994654,0.09960364468856195,0.3994814622472219,0.6113532586489523,0.008071450219092932,0.5429732236885482,0.0029897239594146576
1000.0,2173.3647015422225,20.0,0.1,0.1714909819179162,0.15972503795323717,2.3628797518422635,0.10229833720161122,0.3856144617049969,0.6230750585536785,0.008095646688763666,0.5723163366288938,0.0029872368692228112
1000.0,2865.7519455219804,20.0,0.1,0.27602876254678693,0.21086088396851882,3.1478870893166357,0.10990225937320808,0.36321718006391174,0.6030688391613586,0.008042429852328115,0.5270871069309212,0.0029443788943775244
1000.0,4951.928585880734,20.0,0.1,0.3967479765246381,0.12975935076646128,1.8370651280644286,0.11039428890576206,0.3989327380511483,0.6420449372133019,0.008210054685018493,0.5167106424960323,0.003306679506951902
1000.0,2176.487422805647,20.0,0.1,0.20594621522589637,0.24118190977378126,1.0948570293854032,0.11715330050040924,0.3677423161668143,0.6797715982700046,0.008270583773789206,0.5126764496178708,0.0031577193045395583
1000.0,3649.2471929485014,20.0,0.1,0.22737745674002474,0.3699074508682818,3.14758444954336,0.11261662999743395,0.3664983281045773,0.6100730486540614,0.008047668687863623,0.5575394886154716,0.0031841500145550613
1000.0,2644.004198721907,20.0,0.1,0.44960208341297414,0.11870632129244113,2.022322554172545,0.1192755590013453,0.35233251738995086,0.6089231196257427,0.008430699623574307,0.48426035745630347,0.004002364191916536
1000.0,4184.25861492424,20.0,0.1,0.17614025433993258,0.26748264832402735,1.0605525220246588,0.10202805040133264,0.3523277818540609,0.6001235332693257,0.008367712884926892,0.46592367547255437,0.0035795656656041853
1000.0,3804.2968937961173,20.0,0.1,0.13814958136686678,0.30903100005513895,2.923238319393833,0.1198492391410245,0.37613991627341603,0.6391098631332124,0.0081659109799626,0.604737424847407,0.0032197817426363683
1000.0,3827.1552493947574,20.0,0.1,0.30702126692488596,0.16135367845283166,2.88225751572008,0.09945989747851898,0.36185306331037237,0.5737126421616245,0.008055928348624928,0.4944390955763876,0.003087823420270059
1000.0,3196.844550984062,20.0,0.1,0.367034173943255,0.3495319136300182,3.902745155912899,0.09222244624903991,0.36119622196547874,0.5496652445644621,0.008273803307480523,0.46954257297792873,0.003534155964852769
1000.0,2098.22761818832,20.0,0.1,0.15342108029720652,0.11220090346474758,1.1198803980971523,0.10346937752285412,0.37587180481773597,0.6520982411028847,0.008236023925953998,0.5064205337820339,0.002974888046791212
1000.0,3392.4765103668997,20.0,0.1,0.1627029568971473,0.3051824577832366,3.547635036727205,0.09520767219213813,0.37415427358046754,0.5757379464806686,0.008085097525375303,0.599276301643956,0.0030537335996295933
1000.0,4691.397136799399,20.0,0.1,0.38736425978018074,0.427053752068837,3.7028592686530675,0.09408608507600584,0.39769988732731154,0.5868186500634741,0.008288424376273857,0.5056597929530044,0.0033503232059799875
1000.0,2791.6196801211827,20.0,0.1,0.32588574118105107,0.17849927118457926,1.7762324581577311,0.09616733863480334,0.3798219356669996,0.5992109725740588,0.008053645016230413,0.4906039762275472,0.0030704528805751263
1000.0,2817.090026530552,20.0,0.1,0.2300638151386575,0.40962571629716105,3.5197607206320587,0.1049265475944429,0.3973114427680268,0.6260609114656099,0.008105012370877004,0.5785319391071321,0.003059408260673379
1000.0,2018.578540248643,20.0,0.1,0.20129176033599386,0.35568002946707566,2.357365859035169,0.11932133346439266,0.3836213104658276,0.6687651961723042,0.008172133719399012,0.5888069077132189,0.0031588149592340596
1000.0,2786.7478589750717,20.0,0.1,0.3718860712807075,0.42007725418460407,1.5003381203167494,0.10896124226421008,0.3713148472669126,0.6294224291457438,0.00809401908378963,0.49437648285303964,0.002945087587016876
1000.0,2030.423274483328,20.0,0.1,0.1643094455188479,0.3178064849886597,2.6007374917066413,0.10226778322457454,0.358539017466504,0.5983444522008421,0.008123058136354262,0.5841000644226748,0.0029165072183838137
1000.0,2918.369640380198,20.0,0.1,0.22684473143689896,0.22636020423918715,1.7870977404030783,0.10490660049322693,0.3970586963755283,0.6440604272677958,0.008036656336174834,0.521775218693839,0.0029806297641679397
1000.0,2460.709439878518,20.0,0.1,0.33537169321047733,0.12886832116622668,2.324872562107317,0.09875045805328393,0.3776130467440322,0.5962184998138054,0.008071675820601596,0.4974839305489056,0.003156135396401357
1000.0,2673.833914962274,20.0,0.1,0.23377864944576818,0.18409215472177126,3.7153262729297363,0.09033652751123408,0.3978587432511454,0.5905303588176789,0.008241544579354191,0.5501120581048938,0.003573196985001819
1000.0,3171.6906469388105,20.0,0.1,0.10122054231102744,0.23398424213280333,1.6519117022104157,0.0984393374217455,0.3832600328516681,0.6255512545768113,0.008257684727832143,0.5011222869669554,0.003191658610901349
1000.0,3524.2680101214837,20.0,0.1,0.24137540811403718,0.2087791026864413,2.6327521078759037,0.1173602904145976,0.3553508328354046,0.6128697441648305,0.008077707300591099,0.5276130806925065,0.0030025782219304776
1000.0,4618.686750065903,20.0,0.1,0.19571609372621107,0.39580244867166436,1.0639425022043483,0.10765379360164136,0.37805349659830983,0.6420526056536023,0.008450584854150482,0.4974383400135069,0.0040538042770443174
1000.0,4384.921628080607,20.0,0.1,0.20037156031469483,0.17240645651090236,2.859444518748593,0.09928054142422021,0.3767501517552581,0.5840103392820796,0.008075041597172077,0.530789347633758,0.003067771194736549
1000.0,2694.4789902591565,20.0,0.1,0.34628639536306033,0.2091722487479712,3.846091948818814,0.11734643603092608,0.362296066474193,0.6042331860996644,0.008255129295575998,0.506938331810415,0.0035192385760392133
1000.0,4540.444833493382,20.0,0.1,0.3945287195872682,0.2666924252105516,1.3945028023924757,0.11459097996965223,0.3785097956153307,0.6450264828919013,0.008222513516398071,0.5014878560093673,0.003071520656263211
1000.0,1750.4980624110017,20.0,0.1,0.22161675401005626,0.3495448097293379,2.6552829353248057,0.11881438760912255,0.39381295205181227,0.6760153800326979,0.008209340579507939,0.6010626153688469,0.003405300359153434
