run_label,target,start_id,start_type,objective_value,tracking_cost,constraint_cost,peak_y_pred,max_abs_xr_pred,target_error_pred_m,target_error_pred_mm,predicted_safety_violation_m,predicted_safety_violation_mm,predicted_violation_m,u_min,u_max,n_params_near_lower_bound,n_params_near_upper_bound,n_params_near_any_bound,learning_rate,adam_steps,n_random_starts,optimization_time_s_all_starts,Kr,u_Kr,hr,u_hr,f0,u_f0,f1,u_f1,A,u_A,x_r_start,u_x_r_start
main,0.55,0,random,0.8795613050460815,0.8795613050460815,0.0,0.5593785047531128,0.4852563738822937,0.009378492832183838,9.37849235534668,0.0,0.0,0.0,0.04480208083987236,0.5333666801452637,0,0,0,0.01,600,100,0.6286220550537109,2666.38134765625,0.3332517743110657,0.28667834401130676,0.5333666801452637,0.11568073183298111,0.04480208083987236,2.3435895442962646,0.4478631615638733,0.09275064617395401,0.0916881114244461,0.35550397634506226,0.11007966101169586
main,0.55,1,random,0.00651587825268507,0.0033056337852030993,0.0032102447003126144,0.5494250655174255,0.495089590549469,0.000574946403503418,0.574946403503418,8.958578109741211e-05,0.08958578109741211,8.958578109741211e-05,0.0946476012468338,0.9179637432098389,0,0,0,0.01,600,100,0.6286220550537109,4712.873046875,0.9179637432098389,0.28055769205093384,0.5158790946006775,0.31926780939102173,0.62647944688797,3.567530632019043,0.8558435440063477,0.09283943474292755,0.0946476012468338,0.36280378699302673,0.25607576966285706
main,0.55,2,random,2.5421507358551025,2.5421507358551025,0.0,0.5659441351890564,0.4942277669906616,0.01594412326812744,15.944123268127441,0.0,0.0,0.0,0.014711089432239532,0.9047204852104187,1,0,1,0.01,600,100,0.6286220550537109,2773.37939453125,0.36382266879081726,0.287088543176651,0.5345386862754822,0.36142218112945557,0.7469205856323242,3.7141613960266113,0.9047204852104187,0.1041909009218216,0.47303006052970886,0.35073554515838623,0.014711089432239532
main,0.55,3,random,0.920487105846405,0.920487105846405,0.0,0.5595942139625549,0.4882656931877136,0.009594202041625977,9.594202041625977,0.0,0.0,0.0,0.15516087412834167,0.8601697683334351,0,0,0,0.01,600,100,0.6286220550537109,2710.55322265625,0.34587231278419495,0.29674869775772095,0.5621391534805298,0.38881441950798035,0.8251841068267822,3.5805091857910156,0.8601697683334351,0.09719996154308319,0.23999863862991333,0.3577580451965332,0.15516087412834167
main,0.55,4,random,1.7909229654833325e-07,1.7909229654833325e-07,0.0,0.550004243850708,0.4810071885585785,4.231929779052734e-06,0.004231929779052734,0.0,0.0,0.0,0.04303150996565819,0.9356207251548767,0,0,0,0.01,600,100,0.6286220550537109,2834.87451171875,0.3813926875591278,0.3128337562084198,0.6080964803695679,0.3544115126132965,0.7268900871276855,3.8068621158599854,0.9356207251548767,0.09129095077514648,0.04303150996565819,0.36424174904823303,0.28483477234840393
main,0.55,5,random,0.010333885438740253,0.010333885438740253,0.0,0.5510165691375732,0.4561234414577484,0.0010165572166442871,1.016557216644287,0.0,0.0,0.0,0.12762939929962158,0.9479838609695435,0,0,0,0.01,600,100,0.6286220550537109,3379.982421875,0.5371378064155579,0.43179434537887573,0.9479838609695435,0.2089376449584961,0.31125038862228394,1.99436354637146,0.3314545154571533,0.09382888674736023,0.12762939929962158,0.3586549758911133,0.1730993688106537
main,0.55,6,random,0.00011307065142318606,0.00011307065142318606,0.0,0.5501063466072083,0.45625996589660645,0.00010633468627929688,0.10633468627929688,0.0,0.0,0.0,0.1457597315311432,0.9643036723136902,0,0,0,0.01,600,100,0.6286220550537109,3581.46337890625,0.5947038531303406,0.4375062882900238,0.9643036723136902,0.17837074398994446,0.22391638159751892,3.0611274242401123,0.6870424747467041,0.09437279403209686,0.1457597315311432,0.35750675201416016,0.1501348465681076
main,0.55,7,random,3.958401679992676,3.958401679992676,0.0,0.5698957443237305,0.48556962609291077,0.019895732402801514,19.895732879638672,0.0,0.0,0.0,0.027847209945321083,0.6279404163360596,0,0,0,0.01,600,100,0.6286220550537109,3150.7998046875,0.4716570973396301,0.28565993905067444,0.5304569602012634,0.3197791576385498,0.6279404163360596,2.2462220191955566,0.41540735960006714,0.09083542227745056,0.027847209945321083,0.37346532940864563,0.46930649876594543
main,0.55,8,random,0.14768263697624207,0.14768263697624207,0.0,0.5538429617881775,0.4944775402545929,0.003842949867248535,3.842949867248535,0.0,0.0,0.0,0.0501871258020401,0.7925152778625488,0,0,0,0.01,600,100,0.6286220550537109,4273.8037109375,0.7925152778625488,0.23043286800384521,0.3726653456687927,0.20377784967422485,0.29650813341140747,2.8549375534057617,0.6183125376701355,0.09726749360561371,0.24224978685379028,0.35250934958457947,0.0501871258020401
main,0.55,9,random,2.310007095336914,2.310007095336914,0.0,0.5651987195014954,0.46938449144363403,0.015198707580566406,15.198707580566406,0.0,0.0,0.0,0.24776683747768402,0.9736407399177551,0,0,0,0.01,600,100,0.6286220550537109,2545.68310546875,0.2987666130065918,0.44077426195144653,0.9736407399177551,0.3928169906139374,0.8366199731826782,3.334911823272705,0.7783039212226868,0.09743300825357437,0.24776683747768402,0.36424723267555237,0.2849445641040802
main,0.55,10,random,1.917672872543335,1.917672872543335,0.0,0.5638480186462402,0.4835147261619568,0.01384800672531128,13.848007202148438,0.0,0.0,0.0,0.06291250884532928,0.43758565187454224,0,0,0,0.01,600,100,0.6286220550537109,3031.5498046875,0.43758565187454224,0.12201938033103943,0.06291250884532928,0.23812457919120789,0.3946416974067688,2.023627519607544,0.34120917320251465,0.09276960790157318,0.09232019633054733,0.35763615369796753,0.1527232825756073
main,0.55,11,random,0.017974423244595528,0.017974423244595528,0.0,0.5513406991958618,0.47326669096946716,0.0013406872749328613,1.3406872749328613,0.0,0.0,0.0,0.11408668756484985,0.8409149050712585,0,0,0,0.01,600,100,0.6286220550537109,3794.408203125,0.655545175075531,0.3434602916240692,0.6956008672714233,0.2278299331665039,0.3652283847332001,3.522744655609131,0.8409149050712585,0.09668321162462234,0.2227737456560135,0.35570433735847473,0.11408668756484985
main,0.55,12,random,3.771953582763672,3.771953582763672,0.0,0.5694215297698975,0.46827811002731323,0.019421517848968506,19.421518325805664,0.0,0.0,0.0,0.15035927295684814,0.685401439666748,0,0,0,0.01,600,100,0.6286220550537109,3766.407470703125,0.6475449800491333,0.3398905098438263,0.685401439666748,0.2820156514644623,0.52004474401474,2.099932909011841,0.36664432287216187,0.09451077878475189,0.15035927295684814,0.364804208278656,0.29608413577079773
main,0.55,13,random,0.32526615262031555,0.32526615262031555,0.0,0.5557032227516174,0.4922524094581604,0.0057032108306884766,5.703210830688477,0.0,0.0,0.0,0.16252592206001282,0.9518980383872986,0,0,0,0.01,600,100,0.6286220550537109,2614.50927734375,0.3184312582015991,0.2792311906814575,0.5120891332626343,0.3906945288181305,0.83055579662323,3.855694055557251,0.9518980383872986,0.09487578272819519,0.16252592206001282,0.3597296178340912,0.19459271430969238
main,0.55,14,random,0.0,0.0,0.0,0.550000011920929,0.4689056873321533,0.0,0.0,0.0,0.0,0.0,0.017301766201853752,0.9175746440887451,1,0,1,0.01,600,100,0.6286220550537109,3337.48486328125,0.5249956250190735,0.3498072326183319,0.7137349247932434,0.4211511015892029,0.9175746440887451,3.5084211826324463,0.8361403942108154,0.09572980552911758,0.19099341332912445,0.35086509585380554,0.017301766201853752
main,0.55,15,random,2.9700143337249756,2.9700143337249756,0.0,0.5672337412834167,0.46512508392333984,0.017233729362487793,17.23373031616211,0.0,0.0,0.0,0.0315321646630764,0.8860684037208557,0,0,0,0.01,600,100,0.6286220550537109,2960.1748046875,0.4171927869319916,0.41012394428253174,0.8860684037208557,0.1110362559556961,0.0315321646630764,1.7022103071212769,0.23407010734081268,0.09473931789398193,0.15797728300094604,0.3632126748561859,0.264253705739975
main,0.55,16,random,19.31122589111328,19.31122589111328,0.0,0.5939445495605469,0.49446403980255127,0.04394453763961792,43.94453811645508,0.0,0.0,0.0,0.08437063544988632,0.3915412724018097,0,0,0,0.01,600,100,0.6286220550537109,2538.43310546875,0.29669517278671265,0.12952972948551178,0.08437063544988632,0.13769114017486572,0.10768897831439972,1.9275482892990112,0.3091827630996704,0.09322815388441086,0.10760513693094254,0.3695770502090454,0.3915412724018097
main,0.55,17,random,9.06906509399414,9.06906509399414,0.0,0.5801149010658264,0.49336808919906616,0.03011488914489746,30.11488914489746,0.0,0.0,0.0,0.07864920794963837,0.4619998037815094,0,0,0,0.01,600,100,0.6286220550537109,3116.999267578125,0.4619998037815094,0.2146879881620407,0.32767996191978455,0.15803727507591248,0.16582077741622925,2.2181239128112793,0.4060412645339966,0.10173619538545609,0.3912065327167511,0.3539324402809143,0.07864920794963837
main,0.55,18,random,0.0,0.0,0.0,0.550000011920929,0.45425280928611755,0.0,0.0,0.0,0.0,0.0,0.023948494344949722,0.9747963547706604,0,0,0,0.01,600,100,0.6286220550537109,3703.81591796875,0.6296616792678833,0.44117870926856995,0.9747963547706604,0.2509695291519165,0.4313414990901947,2.9873523712158203,0.6624507904052734,0.09774252772331238,0.25808408856391907,0.35119742155075073,0.023948494344949722
main,0.55,19,random,10.075871467590332,10.075871467590332,0.0,0.581742525100708,0.48341935873031616,0.03174251317977905,31.74251365661621,0.0,0.0,0.0,0.22121763229370117,0.816314697265625,0,0,0,0.01,600,100,0.6286220550537109,4212.869140625,0.7751054763793945,0.38571012020111084,0.816314697265625,0.23280733823776245,0.3794495165348053,2.3952507972717285,0.4650835692882538,0.09663653373718262,0.22121763229370117,0.37935870885849,0.5871742367744446
main,0.55,20,random,0.0021113308612257242,0.0021113308612257242,0.0,0.5504595041275024,0.4561820924282074,0.00045949220657348633,0.45949220657348633,0.0,0.0,0.0,0.10004789382219315,0.9596615433692932,0,0,0,0.01,600,100,0.6286220550537109,3346.72314453125,0.5276351571083069,0.43588152527809143,0.9596615433692932,0.20995332300662994,0.3141523599624634,1.9477241039276123,0.3159080147743225,0.09300144016742706,0.10004789382219315,0.35990631580352783,0.1981264054775238
main,0.55,21,random,1.6595345735549927,1.6595345735549927,0.0,0.5628823041915894,0.4662441313266754,0.0128822922706604,12.882291793823242,0.0,0.0,0.0,0.025961510837078094,0.8866482973098755,0,0,0,0.01,600,100,0.6286220550537109,4603.26904296875,0.8866482973098755,0.40979281067848206,0.8851223587989807,0.2773723006248474,0.5067780017852783,2.432377338409424,0.4774591624736786,0.09077885001897812,0.025961510837078094,0.3712717890739441,0.42543551325798035
main,0.55,22,random,0.20326529443264008,0.20326529443264008,0.0,0.5545085072517395,0.4919377863407135,0.004508495330810547,4.508495330810547,0.0,0.0,0.0,0.14781667292118073,0.786679208278656,0,0,0,0.01,600,100,0.6286220550537109,4253.376953125,0.786679208278656,0.25059688091278076,0.4302768111228943,0.21801751852035522,0.3371928930282593,2.853337287902832,0.6177790760993958,0.09485955536365509,0.1619850993156433,0.357390820980072,0.14781667292118073
main,0.55,23,random,0.0,0.0,0.0,0.550000011920929,0.46017882227897644,0.0,0.0,0.0,0.0,0.0,0.04920833557844162,0.9756588935852051,0,0,0,0.01,600,100,0.6286220550537109,2417.89892578125,0.26225680112838745,0.3770766854286194,0.7916476726531982,0.4070168733596802,0.8771910667419434,3.9269766807556152,0.9756588935852051,0.09489502757787704,0.16316747665405273,0.35246041417121887,0.04920833557844162
main,0.55,24,random,6.016854763031006,6.016854763031006,0.0,0.5745292901992798,0.4784938097000122,0.02452927827835083,24.529277801513672,0.0,0.0,0.0,0.40527182817459106,0.9595178961753845,0,0,0,0.01,600,100,0.6286220550537109,3266.7099609375,0.504774272441864,0.4358312487602234,0.9595178961753845,0.2743350565433502,0.4981001913547516,3.698549509048462,0.8995165228843689,0.10319115221500397,0.4397049844264984,0.37026357650756836,0.40527182817459106
main,0.55,25,random,0.0034441326279193163,0.0034441326279193163,0.0,0.5505868792533875,0.45399290323257446,0.0005868673324584961,0.5868673324584961,0.0,0.0,0.0,0.013960527256131172,0.9305179119110107,1,0,1,0.01,600,100,0.6286220550537109,3550.18408203125,0.5857668519020081,0.4256812632083893,0.9305179119110107,0.2162587195634842,0.33216777443885803,2.186967372894287,0.3956558406352997,0.09740693122148514,0.24689757823944092,0.3506980240345001,0.013960527256131172
main,0.55,26,random,4.601017951965332,4.601017951965332,0.0,0.5714499950408936,0.49487221240997314,0.0214499831199646,21.449983596801758,0.0,0.0,0.0,0.022837290540337563,0.6363773345947266,0,0,0,0.01,600,100,0.6286220550537109,1579.9305419921875,0.022837290540337563,0.27642786502838135,0.5040795803070068,0.25293800234794617,0.4369657337665558,2.9091320037841797,0.6363773345947266,0.09395010769367218,0.13167013227939606,0.3622855544090271,0.24571096897125244
main,0.55,27,random,0.014453466050326824,0.014453466050326824,0.0,0.5512022376060486,0.46494248509407043,0.001202225685119629,1.202225685119629,0.0,0.0,0.0,0.0244936253875494,0.9925493001937866,0,1,1,0.01,600,100,0.6286220550537109,2476.1669921875,0.27890485525131226,0.4473922550678253,0.9925493001937866,0.36601516604423523,0.7600433230400085,3.700802803039551,0.9002676010131836,0.0907348096370697,0.0244936253875494,0.3677574098110199,0.3551483452320099
main,0.55,28,random,0.06431894749403,0.06431894749403,0.0,0.552536129951477,0.47592079639434814,0.0025361180305480957,2.5361180305480957,0.0,0.0,0.0,0.135145902633667,0.9710856676101685,0,0,0,0.01,600,100,0.6286220550537109,3377.2353515625,0.5363529324531555,0.3412928879261017,0.6894082427024841,0.3681942820549011,0.7662694454193115,3.913257122039795,0.9710856676101685,0.09816522896289825,0.27217426896095276,0.3567572832107544,0.135145902633667
main,0.55,29,random,12.52720832824707,8.377181053161621,4.150026798248291,0.5789433717727661,0.4982210397720337,0.028943359851837158,28.943359375,0.0032210350036621094,3.2210350036621094,0.0032210350036621094,0.16322268545627594,0.8153177499771118,0,0,0,0.01,600,100,0.6286220550537109,4353.6123046875,0.8153177499771118,0.15712794661521912,0.16322268545627594,0.19568099081516266,0.2733742594718933,2.312731981277466,0.43757733702659607,0.09860164672136307,0.28672143816947937,0.3632672429084778,0.2653450667858124
main,0.55,30,random,0.09138340502977371,0.09138340502977371,0.0,0.5530229806900024,0.4609707295894623,0.0030229687690734863,3.0229687690734863,0.0,0.0,0.0,0.06929384171962738,0.9922918677330017,0,1,1,0.01,600,100,0.6286220550537109,4729.3125,0.9226606488227844,0.4167594909667969,0.9050271511077881,0.4473021328449249,0.9922918677330017,3.5043272972106934,0.8347757458686829,0.0971829742193222,0.23943237960338593,0.35346469283103943,0.06929384171962738
main,0.55,31,random,6.057011127471924,6.057011127471924,0.0,0.5746110081672668,0.4827345013618469,0.02461099624633789,24.61099624633789,0.0,0.0,0.0,0.3283909857273102,0.8931211233139038,0,0,0,0.01,600,100,0.6286220550537109,3274.43505859375,0.5069814324378967,0.38649460673332214,0.818556010723114,0.3427060544490814,0.6934458613395691,3.679363250732422,0.8931211233139038,0.10439310222864151,0.47977012395858765,0.36641955375671387,0.3283909857273102
main,0.55,32,random,3.9275496006011963,0.38271862268447876,3.5448310375213623,0.5561864376068115,0.4979769289493561,0.006186425685882568,6.186425685882568,0.002976924180984497,2.976924180984497,0.002976924180984497,0.022039879113435745,0.9512516856193542,0,0,0,0.01,600,100,0.6286220550537109,1866.1295166015625,0.10460842400789261,0.23820319771766663,0.39486631751060486,0.3955449163913727,0.8444141149520874,3.853754997253418,0.9512516856193542,0.09126180410385132,0.042059946805238724,0.35110199451446533,0.022039879113435745
main,0.55,33,random,0.47767409682273865,0.47767409682273865,0.0,0.5569114089012146,0.4943197965621948,0.0069113969802856445,6.9113969802856445,0.0,0.0,0.0,0.06941530108451843,0.6458981037139893,0,0,0,0.01,600,100,0.6286220550537109,3760.643310546875,0.6458981037139893,0.2051442265510559,0.30041205883026123,0.3184277415275574,0.6240792274475098,2.7803118228912354,0.5934372544288635,0.09208246320486069,0.06941530108451843,0.35472503304481506,0.09450048953294754
main,0.55,34,random,0.19763469696044922,0.19763469696044922,0.0,0.5544456243515015,0.45907893776893616,0.00444561243057251,4.44561243057251,0.0,0.0,0.0,0.04173792526125908,0.9317799210548401,0,0,0,0.01,600,100,0.6286220550537109,3675.3525390625,0.6215292811393738,0.4261229634284973,0.9317799210548401,0.18748626112937927,0.2499607503414154,2.1791794300079346,0.39305979013442993,0.09125214070081711,0.04173792526125908,0.36492714285850525,0.2985430061817169
main,0.55,35,random,0.0,0.0,0.0,0.550000011920929,0.4652577042579651,0.0,0.0,0.0,0.0,0.0,0.06308241933584213,0.9879224896430969,0,1,1,0.01,600,100,0.6286220550537109,2735.469970703125,0.3529914319515228,0.44577285647392273,0.9879224896430969,0.28966304659843445,0.5418944358825684,3.9340755939483643,0.9780251979827881,0.09189247339963913,0.06308241933584213,0.3686017096042633,0.3720340132713318
main,0.55,36,random,39.44407272338867,39.424617767333984,0.019454659894108772,0.6127890348434448,0.4952205419540405,0.06278902292251587,62.789024353027344,0.0002205371856689453,0.2205371856689453,0.0002205371856689453,0.04903597757220268,0.9585063457489014,0,0,0,0.01,600,100,0.6286220550537109,2697.08056640625,0.3420230448246002,0.11716259270906448,0.04903597757220268,0.43547719717025757,0.9585063457489014,1.770275592803955,0.25675851106643677,0.0949045792222023,0.16348578035831451,0.36920416355133057,0.38408321142196655
main,0.55,37,random,2.617222785949707,2.617222785949707,0.0,0.5661778450012207,0.46912503242492676,0.016177833080291748,16.177833557128906,0.0,0.0,0.0,0.04697839915752411,0.8216755986213684,0,0,0,0.01,600,100,0.6286220550537109,3301.135009765625,0.5146099925041199,0.38758644461631775,0.8216755986213684,0.22640225291252136,0.36114928126335144,1.8474923372268677,0.28249743580818176,0.0914093554019928,0.04697839915752411,0.3721030354499817,0.4420609474182129
main,0.55,38,random,0.011407428421080112,0.011407428421080112,0.0,0.5510680675506592,0.4785710275173187,0.0010680556297302246,1.0680556297302246,0.0,0.0,0.0,0.026424115523695946,0.8959455490112305,0,0,0,0.01,600,100,0.6286220550537109,2962.185546875,0.4177672564983368,0.30523011088371277,0.5863717794418335,0.3034549951553345,0.5812999606132507,3.6878366470336914,0.8959455490112305,0.09693504124879837,0.23116806149482727,0.35132119059562683,0.026424115523695946
main,0.55,39,random,0.0,0.0,0.0,0.550000011920929,0.47120824456214905,0.0,0.0,0.0,0.0,0.0,0.056206151843070984,0.9153704047203064,0,0,0,0.01,600,100,0.6286220550537109,4274.2265625,0.7926361560821533,0.3405112028121948,0.6871748566627502,0.420379638671875,0.9153704047203064,3.5780551433563232,0.8593516945838928,0.0953272357583046,0.17757447063922882,0.3528102934360504,0.056206151843070984
main,0.55,40,random,12.832731246948242,0.006355471909046173,12.826375961303711,0.5492027997970581,0.5006626844406128,0.0007972121238708496,0.7972121238708496,0.005662679672241211,5.662679672241211,0.005662679672241211,0.01601998135447502,0.9920687675476074,1,1,2,0.01,600,100,0.6286220550537109,1860.7291259765625,0.10306547582149506,0.26205766201019287,0.4630218744277954,0.10560699552297592,0.01601998135447502,3.9762063026428223,0.9920687675476074,0.0928172841668129,0.09390934556722641,0.3606772720813751,0.21354572474956512
main,0.55,41,random,0.7403172254562378,0.7403172254562378,0.0,0.5586041808128357,0.49385276436805725,0.008604168891906738,8.604168891906738,0.0,0.0,0.0,0.04786810278892517,0.8212049007415771,0,0,0,0.01,600,100,0.6286220550537109,2512.223388671875,0.28920668363571167,0.2636137008666992,0.46746769547462463,0.35730475187301636,0.7351564764976501,3.4636147022247314,0.8212049007415771,0.09666316956281662,0.2221054881811142,0.35239338874816895,0.04786810278892517
main,0.55,42,random,5.882608890533447,5.84922981262207,0.03337925672531128,0.5741851925849915,0.4952888786792755,0.0241851806640625,24.1851806640625,0.00028887391090393066,0.28887391090393066,0.00028887391090393066,0.18521210551261902,0.5077459812164307,0,0,0,0.01,600,100,0.6286220550537109,3277.11083984375,0.5077459812164307,0.18253637850284576,0.23581822216510773,0.2013269066810608,0.2895054221153259,2.2236368656158447,0.40787893533706665,0.09863530099391937,0.28784316778182983,0.35926058888435364,0.18521210551261902
main,0.55,43,random,0.36832499504089355,0.3681979477405548,0.00012704645632766187,0.556067943572998,0.4950178265571594,0.006067931652069092,6.067931652069092,1.7821788787841797e-05,0.017821788787841797,1.7821788787841797e-05,0.03384058177471161,0.791117250919342,0,0,0,0.01,600,100,0.6286220550537109,4268.91015625,0.791117250919342,0.2113647162914276,0.31818491220474243,0.18537726998329163,0.24393504858016968,2.726020336151123,0.5753400921821594,0.09792524576187134,0.2641747295856476,0.3516920208930969,0.03384058177471161
main,0.55,44,random,0.13547158241271973,0.13547158241271973,0.0,0.5536806583404541,0.46288228034973145,0.0036806464195251465,3.6806464195251465,0.0,0.0,0.0,0.09095215052366257,0.7465425729751587,0,0,0,0.01,600,100,0.6286220550537109,2928.119873046875,0.40803423523902893,0.3612898886203766,0.7465425729751587,0.21463504433631897,0.3275286853313446,2.8375473022460938,0.6125157475471497,0.09272857010364532,0.09095215052366257,0.3582444190979004,0.16488851606845856
main,0.55,45,random,2.6478019208298065e-06,2.6478019208298065e-06,0.0,0.5500162839889526,0.4573782980442047,1.627206802368164e-05,0.01627206802368164,0.0,0.0,0.0,0.027442486956715584,0.9420201182365417,0,0,0,0.01,600,100,0.6286220550537109,2369.80615234375,0.2485160082578659,0.42970702052116394,0.9420201182365417,0.11333885043859482,0.038110990077257156,2.496035575866699,0.4986785352230072,0.09492282569408417,0.16409409046173096,0.3513721227645874,0.027442486956715584
main,0.55,46,random,0.0,0.0,0.0,0.550000011920929,0.484497994184494,0.0,0.0,0.0,0.0,0.0,0.032175712287425995,0.8662181496620178,0,0,0,0.01,600,100,0.6286220550537109,3451.577392578125,0.5575935244560242,0.31371042132377625,0.6106011867523193,0.3692430853843689,0.7692659497261047,3.5986545085906982,0.8662181496620178,0.09096527099609375,0.032175712287425995,0.36646178364753723,0.3292354941368103
main,0.55,47,random,4.07063102722168,4.048849582672119,0.021781297400593758,0.5701217651367188,0.49523335695266724,0.020121753215789795,20.121753692626953,0.0002333521842956543,0.2333521842956543,0.0002333521842956543,0.12885768711566925,0.9599401354789734,0,0,0,0.01,600,100,0.6286220550537109,4859.79052734375,0.9599401354789734,0.1451001912355423,0.12885768711566925,0.3081747591495514,0.5947850346565247,2.507112503051758,0.5023708343505859,0.09389594197273254,0.1298646628856659,0.36321473121643066,0.2642946243286133
main,0.55,48,random,10.000446319580078,10.000446319580078,0.0,0.5816234946250916,0.4880392551422119,0.0316234827041626,31.62348175048828,0.0,0.0,0.0,0.2754485011100769,0.653680145740509,0,0,0,0.01,600,100,0.6286220550537109,3095.534423828125,0.4558669924736023,0.2976025342941284,0.564578652381897,0.32878804206848145,0.653680145740509,2.224756956100464,0.4082523286342621,0.10154876112937927,0.3849586844444275,0.3637724220752716,0.2754485011100769
main,0.55,49,random,0.0,0.0,0.0,0.550000011920929,0.4518893361091614,0.0,0.0,0.0,0.0,0.0,0.018292883411049843,0.9021468758583069,1,0,1,0.01,600,100,0.6286220550537109,2943.586181640625,0.41245320439338684,0.4157513976097107,0.9021468758583069,0.11549004167318344,0.044257257133722305,1.47240149974823,0.15746717154979706,0.0905487909913063,0.018292883411049843,0.353924036026001,0.07848107814788818
main,0.55,50,random,3.1749932765960693,3.1749932765960693,0.0,0.5678185224533081,0.4656721353530884,0.01781851053237915,17.818510055541992,0.0,0.0,0.0,0.2295864075422287,0.9048895239830017,0,0,0,0.01,600,100,0.6286220550537109,3437.38623046875,0.5535389184951782,0.41671133041381836,0.9048895239830017,0.20332255959510803,0.29520729184150696,1.843284010887146,0.28109467029571533,0.09688759595155716,0.2295864075422287,0.3637230098247528,0.27446049451828003
main,0.55,51,random,0.3477233052253723,0.3477233052253723,0.0,0.5558968186378479,0.4596916437149048,0.005896806716918945,5.896806716918945,0.0,0.0,0.0,0.09947062283754349,0.9946830868721008,0,1,1,0.01,600,100,0.6286220550537109,2740.3193359375,0.3543769419193268,0.4481390714645386,0.9946830868721008,0.4356832206249237,0.9590949416160583,3.0776193141937256,0.6925397515296936,0.09502403438091278,0.16746768355369568,0.35497352480888367,0.09947062283754349
main,0.55,52,random,0.001123301568441093,0.001123301568441093,0.0,0.550335168838501,0.4550681710243225,0.0003351569175720215,0.3351569175720215,0.0,0.0,0.0,0.11432815343141556,0.9405843615531921,0,0,0,0.01,600,100,0.6286220550537109,3415.03271484375,0.5471521615982056,0.429204523563385,0.9405843615531921,0.21612827479839325,0.3317950665950775,2.036958694458008,0.34565287828445435,0.09503350406885147,0.1677834689617157,0.35571640729904175,0.11432815343141556
main,0.55,53,random,24.05233383178711,24.05233383178711,0.0,0.5990431904792786,0.48398029804229736,0.04904317855834961,49.04317855834961,0.0,0.0,0.0,0.19820383191108704,0.5988461971282959,0,0,0,0.01,600,100,0.6286220550537109,2558.36279296875,0.30238935351371765,0.24099090695381165,0.40283116698265076,0.3095961809158325,0.5988461971282959,1.6953864097595215,0.23179545998573303,0.09594611823558807,0.19820383191108704,0.3701936900615692,0.40387409925460815
main,0.55,54,random,0.5940335988998413,0.5940335988998413,0.0,0.5577073693275452,0.46318161487579346,0.007707357406616211,7.707357406616211,0.0,0.0,0.0,0.09415120631456375,0.8287503123283386,0,0,0,0.01,600,100,0.6286220550537109,3317.9990234375,0.5194283127784729,0.3900626003742218,0.8287503123283386,0.3008764684200287,0.5739327669143677,2.9399051666259766,0.6466350555419922,0.09782614558935165,0.26087135076522827,0.3547075688838959,0.09415120631456375
main,0.55,55,random,2.6616506576538086,2.6616506576538086,0.0,0.5663145780563354,0.4911399185657501,0.016314566135406494,16.314565658569336,0.0,0.0,0.0,0.04605402052402496,0.9029564261436462,0,0,0,0.01,600,100,0.6286220550537109,2686.13330078125,0.3388952612876892,0.29784640669822693,0.5652754902839661,0.3784096837043762,0.7954562306404114,3.708869218826294,0.9029564261436462,0.10408356040716171,0.46945202350616455,0.3523027002811432,0.04605402052402496
main,0.55,56,random,4.436913967132568,4.436913967132568,0.0,0.5710639953613281,0.4923294186592102,0.02106398344039917,21.063983917236328,0.0,0.0,0.0,0.13707759976387024,0.8604655265808105,0,0,0,0.01,600,100,0.6286220550537109,4511.62939453125,0.8604655265808105,0.3164941370487213,0.6185546517372131,0.34739530086517334,0.7068437337875366,2.831455707550049,0.6104852557182312,0.094112329185009,0.13707759976387024,0.3766283392906189,0.5325668454170227
main,0.55,57,random,40.57373809814453,40.57373809814453,0.0,0.6136975288391113,0.49260130524635315,0.06369751691818237,63.69751739501953,0.0,0.0,0.0,0.14865922927856445,0.9257121086120605,0,0,0,0.01,600,100,0.6286220550537109,2545.02099609375,0.2985773980617523,0.16140833497047424,0.17545238137245178,0.42399922013282776,0.9257121086120605,1.9230128526687622,0.3076709508895874,0.10041192919015884,0.3470642566680908,0.3574329614639282,0.14865922927856445
main,0.55,58,random,20.252592086791992,20.252592086791992,0.0,0.5950028896331787,0.49405422806739807,0.045002877712249756,45.00287628173828,0.0,0.0,0.0,0.07719171047210693,0.9521902203559875,0,0,0,0.01,600,100,0.6286220550537109,4307.943359375,0.802269458770752,0.16150936484336853,0.1757410615682602,0.4332665801048279,0.9521902203559875,2.3229475021362305,0.44098255038261414,0.10584165900945663,0.5280553102493286,0.3538595736026764,0.07719171047210693
main,0.55,59,random,4.7403411865234375,4.7403411865234375,0.0,0.5717723369598389,0.49442610144615173,0.021772325038909912,21.77232551574707,0.0,0.0,0.0,0.06847382336854935,0.9085313677787781,0,0,0,0.01,600,100,0.6286220550537109,2419.502197265625,0.2627148926258087,0.2885655164718628,0.5387586355209351,0.4179859757423401,0.9085313677787781,3.3224518299102783,0.7741506099700928,0.10249175131320953,0.4163917303085327,0.35342368483543396,0.06847382336854935
main,0.55,60,random,6.345599174499512,6.345599174499512,0.0,0.5751904845237732,0.47844767570495605,0.02519047260284424,25.190471649169922,0.0,0.0,0.0,0.11971480399370193,0.7884257435798645,0,0,0,0.01,600,100,0.6286220550537109,3822.172119140625,0.6634777784347534,0.3759489953517914,0.7884257435798645,0.20600759983062744,0.30287882685661316,2.146605968475342,0.3822019398212433,0.09359144419431686,0.11971480399370193,0.3781730532646179,0.563461184501648
main,0.55,61,random,3.7167766094207764,3.7167766094207764,0.0,0.5692789554595947,0.4947453439235687,0.01927894353866577,19.27894401550293,0.0,0.0,0.0,0.016060395166277885,0.9071688652038574,1,0,1,0.01,600,100,0.6286220550537109,2798.43212890625,0.37098056077957153,0.29414013028144836,0.5546861290931702,0.38889527320861816,0.8254151344299316,3.7215065956115723,0.9071688652038574,0.10625457018613815,0.5418189167976379,0.350803017616272,0.016060395166277885
main,0.55,62,random,18.093435287475586,18.093435287475586,0.0,0.5925363898277283,0.4922924339771271,0.042536377906799316,42.536376953125,0.0,0.0,0.0,0.08153317868709564,0.8003866076469421,0,0,0,0.01,600,100,0.6286220550537109,2526.958740234375,0.2934167683124542,0.21428945660591125,0.32654133439064026,0.38013529777526855,0.8003866076469421,2.142901659011841,0.3809671998023987,0.09958145767450333,0.3193817734718323,0.35407665371894836,0.08153317868709564
main,0.55,63,random,3.197442310920451e-10,3.197442310920451e-10,0.0,0.5500001907348633,0.4676078259944916,1.7881393432617188e-07,0.00017881393432617188,0.0,0.0,0.0,0.04625926911830902,0.8359814286231995,0,0,0,0.01,600,100,0.6286220550537109,3825.96484375,0.66456139087677,0.35176217555999756,0.71932053565979,0.2168809175491333,0.33394545316696167,3.507944345474243,0.8359814286231995,0.09707596153020859,0.23586538434028625,0.35231295228004456,0.04625926911830902
main,0.55,64,random,6.0040861171728466e-09,6.0040861171728466e-09,0.0,0.550000786781311,0.47754931449890137,7.748603820800781e-07,0.0007748603820800781,0.0,0.0,0.0,0.03481128811836243,0.9878562092781067,0,1,1,0.01,600,100,0.6286220550537109,3788.26904296875,0.6537911295890808,0.32979631423950195,0.6565608978271484,0.2273111343383789,0.36374610662460327,3.963568687438965,0.9878562092781067,0.09890682250261307,0.2968941330909729,0.3517405688762665,0.03481128811836243
main,0.55,65,random,9.6788330078125,9.6788330078125,0.0,0.5811108350753784,0.4757245182991028,0.031110823154449463,31.110822677612305,0.0,0.0,0.0,0.009032136760652065,0.6752814650535583,1,0,1,0.01,600,100,0.6286220550537109,2749.26318359375,0.3569323420524597,0.3363485038280487,0.6752814650535583,0.10316124558448792,0.009032136760652065,1.6921589374542236,0.2307196408510208,0.09486077725887299,0.16202594339847565,0.3685826063156128,0.37165218591690063
main,0.55,66,random,5.053776741027832,5.053776741027832,0.0,0.5724806189537048,0.4946831464767456,0.02248060703277588,22.480606079101562,0.0,0.0,0.0,0.008748381398618221,0.6782475709915161,1,0,1,0.01,600,100,0.6286220550537109,3873.866455078125,0.6782475709915161,0.22641432285308838,0.361183762550354,0.1562446653842926,0.1606990545988083,2.464177131652832,0.48805901408195496,0.10480830073356628,0.49361008405685425,0.3504374027252197,0.008748381398618221
main,0.55,67,random,1.4496989250183105,0.13932465016841888,1.3103742599487305,0.5537326335906982,0.4968099594116211,0.003732621669769287,3.732621669769287,0.0018099546432495117,1.8099546432495117,0.0018099546432495117,0.05462945997714996,0.901680588722229,0,0,0,0.01,600,100,0.6286220550537109,4067.5107421875,0.7335745096206665,0.27011361718177795,0.4860389232635498,0.36688700318336487,0.7625343203544617,3.7050418853759766,0.901680588722229,0.09746729582548141,0.24890977144241333,0.35273146629333496,0.05462945997714996
main,0.55,68,random,0.658608615398407,0.658608615398407,0.0,0.5581154823303223,0.46885359287261963,0.00811547040939331,8.115470886230469,0.0,0.0,0.0,0.0532115139067173,0.9525375962257385,0,0,0,0.01,600,100,0.6286220550537109,3492.97607421875,0.5694217681884766,0.4333881437778473,0.9525375962257385,0.15580393373966217,0.1594398021697998,3.602015495300293,0.8673385381698608,0.09159635007381439,0.0532115139067173,0.37184953689575195,0.4369908273220062
main,0.55,69,random,7.167603015899658,7.167603015899658,0.0,0.5767723917961121,0.49087420105934143,0.026772379875183105,26.772380828857422,0.0,0.0,0.0,0.21257443726062775,0.863980233669281,0,0,0,0.01,600,100,0.6286220550537109,2609.890625,0.317111611366272,0.3362016975879669,0.6748619675636292,0.3377465605735779,0.6792759299278259,3.5919406414031982,0.863980233669281,0.10727821290493011,0.5759404897689819,0.36062872409820557,0.21257443726062775
main,0.55,70,random,12.535083770751953,12.535083770751953,0.0,0.5854049324989319,0.48117128014564514,0.03540492057800293,35.40492248535156,0.0,0.0,0.0,0.09128612279891968,0.7776341438293457,0,0,0,0.01,600,100,0.6286220550537109,2078.64990234375,0.1653285026550293,0.37217193841934204,0.7776341438293457,0.13195013999938965,0.09128612279891968,3.065826892852783,0.6886089444160461,0.09930209070444107,0.31006965041160583,0.3674638569355011,0.34927716851234436
main,0.55,71,random,0.003309747204184532,0.003309747204184532,0.0,0.550575315952301,0.4942757189273834,0.0005753040313720703,0.5753040313720703,0.0,0.0,0.0,0.09639990329742432,0.9686907529830933,0,0,0,0.01,600,100,0.6286220550537109,4153.73828125,0.7582108974456787,0.28865230083465576,0.5390065908432007,0.22080397605895996,0.3451542258262634,3.9060721397399902,0.9686907529830933,0.09858335554599762,0.28611183166503906,0.35481998324394226,0.09639990329742432
main,0.55,72,random,0.0,0.0,0.0,0.550000011920929,0.4896025061607361,0.0,0.0,0.0,0.0,0.0,0.13591326773166656,0.9590343236923218,0,0,0,0.01,600,100,0.6286220550537109,4856.6201171875,0.9590343236923218,0.29979828000068665,0.5708522200584412,0.2702251970767975,0.4863576889038086,3.8000552654266357,0.9333517551422119,0.09710622578859329,0.23687417805194855,0.35679566860198975,0.13591326773166656
main,0.55,73,random,4.207464218139648,4.207464218139648,0.0,0.5705121159553528,0.49006983637809753,0.020512104034423828,20.512104034423828,0.0,0.0,0.0,0.19900654256343842,0.9913424253463745,0,1,1,0.01,600,100,0.6286220550537109,3153.2138671875,0.47234684228897095,0.342569500207901,0.6930557489395142,0.32427293062210083,0.6407797932624817,3.974027156829834,0.9913424253463745,0.10726998746395111,0.5756663084030151,0.35995033383369446,0.19900654256343842
main,0.55,74,random,0.0,0.0,0.0,0.550000011920929,0.47030889987945557,0.0,0.0,0.0,0.0,0.0,0.023128138855099678,0.9617843627929688,0,0,0,0.01,600,100,0.6286220550537109,1580.948486328125,0.023128138855099678,0.43662452697753906,0.9617843627929688,0.13372501730918884,0.09635717421770096,3.4191532135009766,0.8063843846321106,0.09150248765945435,0.05008292943239212,0.36778226494789124,0.3556453287601471
main,0.55,75,random,4.686509609222412,4.686509609222412,0.0,0.571648359298706,0.4792408049106598,0.0216483473777771,21.648347854614258,0.0,0.0,0.0,0.10490131378173828,0.9831074476242065,0,1,1,0.01,600,100,0.6286220550537109,4658.31884765625,0.9023768305778503,0.44408759474754333,0.9831074476242065,0.20634698867797852,0.303848534822464,2.222595691680908,0.4075319468975067,0.09314703941345215,0.10490131378173828,0.3813726007938385,0.6274517774581909
main,0.55,76,random,0.014235023409128189,0.014235023409128189,0.0,0.551193118095398,0.45426633954048157,0.0011931061744689941,1.1931061744689941,0.0,0.0,0.0,0.0465482622385025,0.8944224119186401,0,0,0,0.01,600,100,0.6286220550537109,3548.909912109375,0.5854028463363647,0.41304782032966614,0.8944224119186401,0.1599273979663849,0.17122115194797516,2.113629102706909,0.3712097108364105,0.09547445178031921,0.182481586933136,0.3523274064064026,0.0465482622385025
main,0.55,77,random,0.0,0.0,0.0,0.550000011920929,0.4949883222579956,0.0,0.0,0.0,0.0,0.0,0.06886061280965805,0.6669024229049683,0,0,0,0.01,600,100,0.6286220550537109,2218.2197265625,0.20520564913749695,0.2561018466949463,0.44600531458854675,0.20657256245613098,0.3044930100440979,3.0007071495056152,0.6669024229049683,0.09206581860780716,0.06886061280965805,0.3538302183151245,0.0766041949391365
main,0.55,78,random,0.029202202335000038,0.029202202335000038,0.0,0.5517088770866394,0.4554016590118408,0.0017088651657104492,1.7088651657104492,0.0,0.0,0.0,0.11280936002731323,0.9884546995162964,0,1,1,0.01,600,100,0.6286220550537109,3483.66650390625,0.56676185131073,0.4459591209888458,0.9884546995162964,0.20068326592445374,0.2876664996147156,1.9877123832702637,0.3292374610900879,0.09622596949338913,0.20753228664398193,0.3556404709815979,0.11280936002731323
main,0.55,79,random,0.29461419582366943,0.29461419582366943,0.0,0.5554278492927551,0.457491397857666,0.005427837371826172,5.427837371826172,0.0,0.0,0.0,0.04857129603624344,0.972099244594574,0,0,0,0.01,600,100,0.6286220550537109,4466.0966796875,0.8474562764167786,0.4402347207069397,0.972099244594574,0.4378238618373871,0.9652110934257507,1.6897177696228027,0.22990594804286957,0.09145714342594147,0.04857129603624344,0.3627219498157501,0.2544390559196472
main,0.55,80,random,1.2366996315904544e-07,1.2366996315904544e-07,0.0,0.5500035285949707,0.4643988013267517,3.516674041748047e-06,0.003516674041748047,0.0,0.0,0.0,0.11917436122894287,0.9768461585044861,0,0,0,0.01,600,100,0.6286220550537109,4918.9619140625,0.9768461585044861,0.3933265805244446,0.8380759358406067,0.2873883545398712,0.5353952646255493,3.7087748050689697,0.9029249548912048,0.09357523173093796,0.11917436122894287,0.3606332838535309,0.21266548335552216
main,0.55,81,random,0.0,0.0,0.0,0.550000011920929,0.45302313566207886,0.0,0.0,0.0,0.0,0.0,0.031877510249614716,0.880550742149353,0,0,0,0.01,600,100,0.6286220550537109,3465.1806640625,0.5614802241325378,0.4081927537918091,0.880550742149353,0.19204483926296234,0.2629852592945099,1.7197108268737793,0.23990358412265778,0.09095633029937744,0.031877510249614716,0.3566427230834961,0.13285472989082336
main,0.55,82,random,10.036933898925781,10.036933898925781,0.0,0.5816811323165894,0.49434927105903625,0.0316811203956604,31.681119918823242,0.0,0.0,0.0,0.12771731615066528,0.815613865852356,0,0,0,0.01,600,100,0.6286220550537109,2181.30712890625,0.19465918838977814,0.34030741453170776,0.6865925788879395,0.3490161597728729,0.7114747762680054,3.4468417167663574,0.815613865852356,0.09383152425289154,0.12771731615066528,0.38098055124282837,0.6196110844612122
main,0.55,83,random,0.04223078489303589,0.0420096218585968,0.00022116387845017016,0.5520496368408203,0.4950235188007355,0.0020496249198913574,2.0496249198913574,2.35140323638916e-05,0.0235140323638916,2.35140323638916e-05,0.04882504791021347,0.989404559135437,0,1,1,0.01,600,100,0.6286220550537109,4962.916015625,0.989404559135437,0.1266229748725891,0.07606564462184906,0.1277998685836792,0.07942820340394974,2.7683522701263428,0.5894507765769958,0.0944897010922432,0.1496565192937851,0.3524412512779236,0.04882504791021347
main,0.55,84,random,10.112496376037598,10.112496376037598,0.0,0.5818001627922058,0.4805176258087158,0.031800150871276855,31.800151824951172,0.0,0.0,0.0,0.3400925397872925,0.9820026159286499,0,1,1,0.01,600,100,0.6286220550537109,4739.0751953125,0.9254499673843384,0.443700909614563,0.9820026159286499,0.26951244473457336,0.484321266412735,2.0275192260742188,0.34250640869140625,0.100202776491642,0.3400925397872925,0.37585052847862244,0.5170103907585144
main,0.55,85,random,14.758782386779785,14.758782386779785,0.0,0.5884171724319458,0.4906165897846222,0.038417160511016846,38.41716003417969,0.0,0.0,0.0,0.12288932502269745,0.5787022709846497,0,0,0,0.01,600,100,0.6286220550537109,3296.5,0.5132856965065002,0.22682446241378784,0.36235561966896057,0.14301127195358276,0.12288932502269745,1.8831982612609863,0.2943994402885437,0.09409749507904053,0.13658297061920166,0.3789351284503937,0.5787022709846497
main,0.55,86,random,1.4117218255996704,1.4117218255996704,0.0,0.5618816018104553,0.46535438299179077,0.011881589889526367,11.881589889526367,0.0,0.0,0.0,0.14291255176067352,0.9895384311676025,0,1,1,0.01,600,100,0.6286220550537109,4833.060546875,0.9523029327392578,0.42411351203918457,0.9260386228561401,0.4463384449481964,0.9895384311676025,1.9491479396820068,0.31638264656066895,0.09428738057613373,0.14291255176067352,0.36686602234840393,0.3373204171657562
main,0.55,87,random,0.5020264983177185,0.5020264983177185,0.0,0.557085394859314,0.4927111864089966,0.00708538293838501,7.08538293838501,0.0,0.0,0.0,0.12226248532533646,0.8817542791366577,0,0,0,0.01,600,100,0.6286220550537109,4586.1396484375,0.8817542791366577,0.2804597020149231,0.5155991315841675,0.2499822974205017,0.4285208582878113,3.1379127502441406,0.7126375436782837,0.09841547161340714,0.2805157005786896,0.35611310601234436,0.12226248532533646
main,0.55,88,random,3.154951855321997e-06,3.154951855321997e-06,0.0,0.550017774105072,0.45437759160995483,1.7762184143066406e-05,0.017762184143066406,0.0,0.0,0.0,0.12205963581800461,0.9683006405830383,0,0,0,0.01,600,100,0.6286220550537109,4680.5166015625,0.9087189435958862,0.4389052093029022,0.9683006405830383,0.2768416702747345,0.5052618980407715,2.5131776332855225,0.5043925642967224,0.09370832145214081,0.1236104965209961,0.35610297322273254,0.12205963581800461
main,0.55,89,random,0.3483790457248688,0.3483773469924927,1.6914469824769185e-06,0.555902361869812,0.49500206112861633,0.005902349948883057,5.902349948883057,2.0563602447509766e-06,0.0020563602447509766,2.0563602447509766e-06,0.02185383066534996,0.7021898031234741,0,0,0,0.01,600,100,0.6286220550537109,2181.8818359375,0.19482339918613434,0.2511928677558899,0.43197962641716003,0.33880454301834106,0.6822986602783203,3.106569290161133,0.7021898031234741,0.090655617415905,0.02185383066534996,0.3566645681858063,0.13329167664051056
main,0.55,90,random,0.0012828167527914047,0.0012828167527914047,0.0,0.5503581762313843,0.45506373047828674,0.00035816431045532227,0.35816431045532227,0.0,0.0,0.0,0.09944894909858704,0.829012930393219,0,0,0,0.01,600,100,0.6286220550537109,3352.830078125,0.5293800234794617,0.39015451073646545,0.829012930393219,0.24054750800132751,0.40156427025794983,2.149928569793701,0.383309543132782,0.09330485016107559,0.11016159504652023,0.3549724519252777,0.09944894909858704
main,0.55,91,random,2.9052867889404297,2.9052867889404297,0.0,0.5670449137687683,0.4896591901779175,0.017044901847839355,17.044902801513672,0.0,0.0,0.0,0.1612400859594345,0.817686140537262,0,0,0,0.01,600,100,0.6286220550537109,2565.0546875,0.30430129170417786,0.30810385942459106,0.5945824980735779,0.26923835277557373,0.4835381805896759,3.4530584812164307,0.817686140537262,0.10023537278175354,0.3411789536476135,0.3580619990825653,0.1612400859594345
main,0.55,92,random,7.459281187038869e-05,7.459281187038869e-05,0.0,0.5500863790512085,0.4936180114746094,8.636713027954102e-05,0.08636713027954102,0.0,0.0,0.0,0.033037327229976654,0.8853173851966858,0,0,0,0.01,600,100,0.6286220550537109,2493.39208984375,0.2838263511657715,0.2535799741744995,0.4387999176979065,0.39072081446647644,0.830630898475647,3.655952215194702,0.8853173851966858,0.09099112451076508,0.033037327229976654,0.35665813088417053,0.13316258788108826
main,0.55,93,random,7.309072494506836,7.309072494506836,0.0,0.5770353078842163,0.4833052456378937,0.027035295963287354,27.035295486450195,0.0,0.0,0.0,0.21438099443912506,0.9824330806732178,0,1,1,0.01,600,100,0.6286220550537109,4757.185546875,0.9306245446205139,0.4438515603542328,0.9824330806732178,0.20413435995578766,0.2975267469882965,2.28764271736145,0.4292142391204834,0.0964314341545105,0.21438099443912506,0.3815963864326477,0.6319278478622437
main,0.55,94,random,0.0,0.0,0.0,0.550000011920929,0.4567112326622009,0.0,0.0,0.0,0.0,0.0,0.039096757769584656,0.8982972502708435,0,0,0,0.01,600,100,0.6286220550537109,2745.115234375,0.3557472229003906,0.414404034614563,0.8982972502708435,0.3010026812553406,0.5742933750152588,3.1182701587677,0.7060900330543518,0.0959499180316925,0.19833049178123474,0.3519548177719116,0.039096757769584656
main,0.55,95,random,0.7324098348617554,0.7324098348617554,0.0,0.5585581064224243,0.4858846664428711,0.008558094501495361,8.558094024658203,0.0,0.0,0.0,0.20341163873672485,0.8605102300643921,0,0,0,0.01,600,100,0.6286220550537109,4511.7861328125,0.8605102300643921,0.3191501498222351,0.6261432766914368,0.38217976689338684,0.8062279224395752,3.186119556427002,0.7287065386772156,0.09758777171373367,0.2529257535934448,0.3601705729961395,0.20341163873672485
main,0.55,96,random,0.6071798801422119,0.6071798801422119,0.0,0.5577921867370605,0.48097872734069824,0.007792174816131592,7.792174816131592,0.0,0.0,0.0,0.20146586000919342,0.6903971433639526,0,0,0,0.01,600,100,0.6286220550537109,3792.656005859375,0.6550445556640625,0.33989471197128296,0.6854134798049927,0.24295485019683838,0.4084424674510956,3.0711913108825684,0.6903971433639526,0.09604397416114807,0.20146586000919342,0.3626069128513336,0.25213804841041565
main,0.55,97,random,8.666933059692383,8.664566040039062,0.00236666202545166,0.5794356465339661,0.4950769245624542,0.02943563461303711,29.43563461303711,7.69197940826416e-05,0.0769197940826416,7.69197940826416e-05,0.052681516855955124,0.8172534108161926,0,0,0,0.01,600,100,0.6286220550537109,4360.38671875,0.8172534108161926,0.11843853443861008,0.052681516855955124,0.23629936575889587,0.38942673802375793,2.153805732727051,0.3846019208431244,0.09582123160362244,0.19404110312461853,0.3692205548286438,0.38441088795661926
main,0.55,98,random,0.01423489861190319,0.014050725847482681,0.00018417267710901797,0.5511853694915771,0.4950214624404907,0.0011853575706481934,1.1853575706481934,2.1457672119140625e-05,0.021457672119140625,2.1457672119140625e-05,0.015154906548559666,0.681221067905426,1,0,1,0.01,600,100,0.6286220550537109,3884.273681640625,0.681221067905426,0.19927538931369781,0.2836439609527588,0.1560859978199005,0.16024573147296906,2.5809483528137207,0.5269827842712402,0.09045465290546417,0.015154906548559666,0.3629138171672821,0.2582761347293854
main,0.55,99,random,1.812093614717014e-05,1.80608949449379e-05,6.004086117172847e-08,0.5500425100326538,0.4950003921985626,4.2498111724853516e-05,0.042498111724853516,3.8743019104003906e-07,0.00038743019104003906,3.8743019104003906e-07,0.012718773446977139,0.5889716744422913,1,0,1,0.01,600,100,0.6286220550537109,3561.40087890625,0.5889716744422913,0.19116899371147156,0.2604828178882599,0.22760933637619019,0.3645980656147003,2.486259937286377,0.49542000889778137,0.09038157016038895,0.012718773446977139,0.36210015416145325,0.24200308322906494
main,0.6,0,random,0.0,0.0,0.0,0.6000000238418579,0.4949999749660492,0.0,0.0,0.0,0.0,0.0,0.12145951390266418,0.8119816780090332,0,0,0,0.01,600,100,0.7248072624206543,1925.1082763671875,0.12145951390266418,0.3439721167087555,0.6970632076263428,0.3841935694217682,0.8119816780090332,3.413073778152466,0.8043579459190369,0.11133202910423279,0.711067795753479,0.3616563379764557,0.23312656581401825
main,0.6,1,random,0.0,0.0,0.0,0.6000000238418579,0.4799998104572296,0.0,0.0,0.0,0.0,0.0,0.12484486401081085,0.9537323117256165,0,0,0,0.01,600,100,0.7248072624206543,4838.06298828125,0.9537323117256165,0.14369571208953857,0.12484486401081085,0.3107888400554657,0.602253794670105,1.910990834236145,0.30366361141204834,0.10910915583372116,0.6369719505310059,0.35679322481155396,0.1358647644519806
main,0.6,2,random,8.881784197001252e-10,8.881784197001252e-10,0.0,0.6000003218650818,0.4748055636882782,2.980232238769531e-07,0.0002980232238769531,0.0,0.0,0.0,0.03177312761545181,0.9309050440788269,0,0,0,0.01,600,100,0.7248072624206543,4758.16796875,0.9309050440788269,0.11112059652805328,0.03177312761545181,0.33010733127593994,0.65744948387146,1.5737414360046387,0.1912471204996109,0.09940513223409653,0.3135043978691101,0.36527085304260254,0.3054172992706299
main,0.6,3,random,0.00033864754368551075,0.0003368058241903782,1.8417267710901797e-06,0.5998165011405945,0.4950021505355835,0.00018352270126342773,0.18352270126342773,2.1457672119140625e-06,0.0021457672119140625,2.1457672119140625e-06,0.21771937608718872,0.6624785661697388,0,0,0,0.01,600,100,0.7248072624206543,3675.048095703125,0.6214423179626465,0.3318674862384796,0.6624785661697388,0.17620179057121277,0.21771937608718872,2.313364028930664,0.4377880394458771,0.10635092854499817,0.5450308322906494,0.3717430830001831,0.43486151099205017
main,0.6,4,random,0.5019233226776123,0.500971257686615,0.0009520452003926039,0.5929220914840698,0.49504879117012024,0.007077932357788086,7.077932357788086,4.8786401748657227e-05,0.04878640174865723,4.8786401748657227e-05,0.31755903363227844,0.7712953090667725,0,0,0,0.01,600,100,0.7248072624206543,4199.53369140625,0.7712953090667725,0.31572774052619934,0.6163650155067444,0.28017744421958923,0.5147926807403564,2.417201042175293,0.47240036725997925,0.0995267704129219,0.31755903363227844,0.37875497341156006,0.5750996470451355
main,0.6,5,random,1.7046489715576172,0.9623435735702515,0.7423054575920105,0.609809935092926,0.49636226892471313,0.009809911251068115,9.809911727905273,0.0013622641563415527,1.3622641563415527,0.0013622641563415527,0.07617523521184921,0.405289888381958,0,0,0,0.01,600,100,0.7248072624206543,2654.2080078125,0.3297736644744873,0.12666133046150208,0.07617523521184921,0.1536576896905899,0.1533076912164688,1.7961068153381348,0.2653689384460449,0.10095519572496414,0.36517325043678284,0.3702645003795624,0.405289888381958
main,0.6,6,random,0.0,0.0,0.0,0.6000000238418579,0.48107025027275085,0.0,0.0,0.0,0.0,0.0,0.09405843913555145,0.8433597087860107,0,0,0,0.01,600,100,0.7248072624206543,1829.20458984375,0.09405843913555145,0.39517587423324585,0.8433597087860107,0.334530770778656,0.6700879335403442,2.007051944732666,0.33568403124809265,0.10214727371931076,0.4049091935157776,0.3628467619419098,0.2569350302219391
main,0.6,7,random,0.0,0.0,0.0,0.6000000238418579,0.4902251958847046,0.0,0.0,0.0,0.0,0.0,0.32032397389411926,0.7419432997703552,0,0,0,0.01,600,100,0.7248072624206543,3958.64599609375,0.7024703025817871,0.3596801459789276,0.7419432997703552,0.2729965150356293,0.4942757487297058,1.9609719514846802,0.32032397389411926,0.10510094463825226,0.5033646821975708,0.37702494859695435,0.5404989719390869
main,0.6,8,random,2.415435791015625,2.415435791015625,0.0,0.5844583511352539,0.49491649866104126,0.015541672706604004,15.541672706604004,0.0,0.0,0.0,0.036258403211832047,0.972700297832489,0,0,0,0.01,600,100,0.7248072624206543,4904.451171875,0.972700297832489,0.25266191363334656,0.4361768960952759,0.1814243644475937,0.2326410412788391,2.5519354343414307,0.5173118114471436,0.09108775854110718,0.036258403211832047,0.3784562647342682,0.569125235080719
main,0.6,9,random,0.0,0.0,0.0,0.6000000238418579,0.488691121339798,0.0,0.0,0.0,0.0,0.0,0.11363961547613144,0.6927139759063721,0,0,0,0.01,600,100,0.7248072624206543,1897.7386474609375,0.11363961547613144,0.3424499034881592,0.6927139759063721,0.18559777736663818,0.24456508457660675,2.859442710876465,0.6198142766952515,0.11036396771669388,0.6787989139556885,0.35612425208091736,0.12248506397008896
main,0.6,10,random,0.013058552518486977,0.013058552518486977,0.0,0.6011427640914917,0.49109792709350586,0.001142740249633789,1.142740249633789,0.0,0.0,0.0,0.016050798818469048,0.9119436144828796,1,0,1,0.01,600,100,0.7248072624206543,2681.8974609375,0.3376849591732025,0.4191802442073822,0.9119436144828796,0.10561778396368027,0.016050798818469048,1.6425353288650513,0.2141784429550171,0.1008538007736206,0.36179324984550476,0.3796581029891968,0.5931621193885803
main,0.6,11,random,0.0,0.0,0.0,0.6000000238418579,0.4754689633846283,0.0,0.0,0.0,0.0,0.0,0.030956342816352844,0.6524515151977539,0,0,0,0.01,600,100,0.7248072624206543,3783.580322265625,0.6524515151977539,0.30871936678886414,0.596341073513031,0.19630864262580872,0.2751675546169281,1.9023818969726562,0.30079394578933716,0.10762280225753784,0.5874268412590027,0.35154780745506287,0.030956342816352844
main,0.6,12,random,1.9278931617736816,1.8878768682479858,0.04001626372337341,0.5862600207328796,0.4953162968158722,0.013740003108978271,13.74000358581543,0.00031629204750061035,0.31629204750061035,0.00031629204750061035,0.5495424866676331,0.9599884748458862,0,0,0,0.01,600,100,0.7248072624206543,4532.779296875,0.8665083050727844,0.4359959661960602,0.9599884748458862,0.3237866163253784,0.6393903493881226,3.804865837097168,0.9349552989006042,0.10648627579212189,0.5495424866676331,0.3799362778663635,0.5987257957458496
main,0.6,13,random,0.0,0.0,0.0,0.6000000238418579,0.49134573340415955,0.0,0.0,0.0,0.0,0.0,0.1898934692144394,0.4143790900707245,0,0,0,0.01,600,100,0.7248072624206543,2172.90283203125,0.19225791096687317,0.17728698253631592,0.22081996500492096,0.2450326681137085,0.4143790900707245,1.8175742626190186,0.27252474427223206,0.09569680690765381,0.1898934692144394,0.3652777373790741,0.3055545687675476
main,0.6,14,random,0.0,0.0,0.0,0.6000000238418579,0.4864811897277832,0.0,0.0,0.0,0.0,0.0,0.256621390581131,0.9702612161636353,0,0,0,0.01,600,100,0.7248072624206543,2736.662109375,0.353331983089447,0.4395914077758789,0.9702612161636353,0.24424773454666138,0.41213640570640564,1.7698642015457153,0.256621390581131,0.10457959026098251,0.4859863221645355,0.37127816677093506,0.4255635738372803
main,0.6,15,random,0.0022667800076305866,0.002231304068118334,3.547597589204088e-05,0.5995276570320129,0.4950094223022461,0.0004723668098449707,0.4723668098449707,9.417533874511719e-06,0.009417533874511719,9.417533874511719e-06,0.08795084804296494,0.949985146522522,0,0,0,0.01,600,100,0.7248072624206543,4217.8759765625,0.7765360474586487,0.43249478936195374,0.949985146522522,0.13078279793262482,0.08795084804296494,2.127260208129883,0.3757534325122833,0.10535767674446106,0.5119224786758423,0.3808281123638153,0.616562008857727
main,0.6,16,random,0.0,0.0,0.0,0.6000000238418579,0.4950000047683716,0.0,0.0,0.0,0.0,0.0,0.22773507237434387,0.9627768397331238,0,0,0,0.01,600,100,0.7248072624206543,4084.804443359375,0.7385155558586121,0.43697187304496765,0.9627768397331238,0.17970727384090424,0.22773507237434387,3.06605863571167,0.688686192035675,0.11209645122289658,0.7365484833717346,0.3732726275920868,0.46545228362083435
main,0.6,17,random,4.032055377960205,3.9513607025146484,0.08069457113742828,0.5801219940185547,0.49544915556907654,0.019878029823303223,19.878028869628906,0.00044915080070495605,0.44915080070495605,0.00044915080070495605,0.0812230259180069,0.6407080292701721,0,0,0,0.01,600,100,0.7248072624206543,1784.280517578125,0.0812230259180069,0.28317245841026306,0.5233498811721802,0.324247807264328,0.6407080292701721,2.544532060623169,0.5148440003395081,0.09273374080657959,0.09112468361854553,0.36512041091918945,0.30240821838378906
main,0.6,18,random,0.02347627654671669,0.02347627654671669,0.0,0.6015322208404541,0.4930966794490814,0.0015321969985961914,1.5321969985961914,0.0,0.0,0.0,0.255778431892395,0.938584566116333,0,0,0,0.01,600,100,0.7248072624206543,3910.92822265625,0.6888366341590881,0.4285045862197876,0.938584566116333,0.31353142857551575,0.6100898385047913,1.767335295677185,0.255778431892395,0.10128526389598846,0.37617555260658264,0.38495802879333496,0.6991608142852783
main,0.6,19,random,0.0,0.0,0.0,0.6000000238418579,0.4740343689918518,0.0,0.0,0.0,0.0,0.0,0.10483638197183609,0.9478235244750977,0,0,0,0.01,600,100,0.7248072624206543,4817.38232421875,0.9478235244750977,0.16606655716896057,0.18876157701015472,0.3051438331604004,0.5861252546310425,1.8046040534973145,0.2682013511657715,0.10551249235868454,0.5170829892158508,0.3552418053150177,0.10483638197183609
main,0.6,20,random,0.0010982716921716928,0.0010982716921716928,0.0,0.6003314256668091,0.492753267288208,0.0003314018249511719,0.3314018249511719,0.0,0.0,0.0,0.3882257044315338,0.7883477807044983,0,0,0,0.01,600,100,0.7248072624206543,3991.44140625,0.7118403911590576,0.37592172622680664,0.7883477807044983,0.26223328709602356,0.46352365612983704,2.164677143096924,0.3882257044315338,0.10827628523111343,0.6092095971107483,0.3753746449947357,0.5074930787086487
main,0.6,21,random,0.5646532773971558,0.5541704297065735,0.01048285886645317,0.6074442863464355,0.49516189098358154,0.007444262504577637,7.444262504577637,0.00016188621520996094,0.16188621520996094,0.00016188621520996094,0.2221747189760208,0.9600693583488464,0,0,0,0.01,600,100,0.7248072624206543,3060.88916015625,0.445968359708786,0.17776115238666534,0.2221747189760208,0.4360242784023285,0.9600693583488464,2.0206239223480225,0.3402079641819,0.0991043746471405,0.30347907543182373,0.36371567845344543,0.27431344985961914
main,0.6,22,random,0.0007971994346007705,0.0007971994346007705,0.0,0.5997176766395569,0.4933357536792755,0.0002823472023010254,0.2823472023010254,0.0,0.0,0.0,0.18270112574100494,0.9343653917312622,0,0,0,0.01,600,100,0.7248072624206543,2624.79541015625,0.32137006521224976,0.17480652034282684,0.21373291313648224,0.4270278811454773,0.9343653917312622,2.0519442558288574,0.3506481349468231,0.0954810380935669,0.18270112574100494,0.3601384460926056,0.20276883244514465
main,0.6,23,random,4.5865533593314467e-07,4.298783551348606e-07,2.8776980798284058e-08,0.5999934673309326,0.49500027298927307,6.556510925292969e-06,0.006556510925292969,2.682209014892578e-07,0.0002682209014892578,2.682209014892578e-07,0.13303297758102417,0.842147946357727,0,0,0,0.01,600,100,0.7248072624206543,1965.615478515625,0.13303297758102417,0.39475175738334656,0.842147946357727,0.2923522889614105,0.5495780110359192,3.2175326347351074,0.7391775250434875,0.09838030487298965,0.27934345602989197,0.3828592002391815,0.6571837067604065
main,0.6,24,random,0.015729302540421486,0.015089471824467182,0.0006398309487849474,0.5987716317176819,0.49503999948501587,0.0012283921241760254,1.2283921241760254,3.999471664428711e-05,0.03999471664428711,3.999471664428711e-05,0.2358228713274002,0.9315463304519653,0,0,0,0.01,600,100,0.7248072624206543,4004.875732421875,0.7156787514686584,0.42604121565818787,0.9315463304519653,0.1825380027294159,0.2358228713274002,2.6068689823150635,0.5356230139732361,0.10804729163646698,0.6015765070915222,0.376905620098114,0.5381125807762146
main,0.6,25,random,0.012727655470371246,0.012570072896778584,0.00015758274821564555,0.5988788604736328,0.4950198531150818,0.0011211633682250977,1.1211633682250977,1.9848346710205078e-05,0.019848346710205078,1.9848346710205078e-05,0.19280152022838593,0.8548298478126526,0,0,0,0.01,600,100,0.7248072624206543,2197.98681640625,0.19942481815814972,0.3544645607471466,0.7270416617393494,0.3548586964607239,0.7281677722930908,3.5151944160461426,0.8383981585502625,0.1156448945403099,0.8548298478126526,0.35964006185531616,0.19280152022838593
main,0.6,26,random,0.2851760983467102,0.2843015193939209,0.0008745931554585695,0.5946680307388306,0.4950467646121979,0.005331993103027344,5.331993103027344,4.6759843826293945e-05,0.046759843826293945,4.6759843826293945e-05,0.14142797887325287,0.745809018611908,0,0,0,0.01,600,100,0.7248072624206543,4110.33154296875,0.745809018611908,0.1494997888803482,0.14142797887325287,0.2670131325721741,0.4771803915500641,2.0734262466430664,0.35780879855155945,0.10115624964237213,0.3718750476837158,0.3644592761993408,0.28918567299842834
main,0.6,27,random,2.569929599761963,2.3060410022735596,0.2638886570930481,0.5848143696784973,0.49581223726272583,0.015185654163360596,15.185653686523438,0.000812232494354248,0.812232494354248,0.000812232494354248,0.22100697457790375,0.6787344217300415,0,0,0,0.01,600,100,0.7248072624206543,3875.570556640625,0.6787344217300415,0.1776074767112732,0.2217356264591217,0.23029664158821106,0.3722761273384094,2.125429391860962,0.3751431107521057,0.09663020819425583,0.22100697457790375,0.36834174394607544,0.36683493852615356
main,0.6,28,random,0.029684942215681076,0.029684942215681076,0.0,0.5982770919799805,0.4949476718902588,0.0017229318618774414,1.7229318618774414,0.0,0.0,0.0,0.07251843065023422,0.5831987857818604,0,0,0,0.01,600,100,0.7248072624206543,3003.18359375,0.42948102951049805,0.2660047709941864,0.4742993414402008,0.1253814548254013,0.07251843065023422,2.1729788780212402,0.39099299907684326,0.10749596357345581,0.5831987857818604,0.35545551776885986,0.10911017656326294
main,0.6,29,random,0.0043465932831168175,0.0043465932831168175,0.0,0.6006593108177185,0.49488747119903564,0.0006592869758605957,0.6592869758605957,0.0,0.0,0.0,0.10131800174713135,0.6760922074317932,0,0,0,0.01,600,100,0.7248072624206543,2921.9990234375,0.4062854051589966,0.15511345863342285,0.1574670374393463,0.33663228154182434,0.6760922074317932,2.0563039779663086,0.3521013557910919,0.10299742221832275,0.4332473576068878,0.35506588220596313,0.10131800174713135
main,0.6,30,random,0.026967143639922142,0.026967143639922142,0.0,0.6016421914100647,0.4944533109664917,0.0016421675682067871,1.642167568206787,0.0,0.0,0.0,0.32176050543785095,0.6153892278671265,0,0,0,0.01,600,100,0.7248072624206543,2980.94189453125,0.4231262803077698,0.3105695843696594,0.6016274094581604,0.2816140651702881,0.5188973546028137,2.04770827293396,0.34923607110977173,0.09965281933546066,0.32176050543785095,0.3807694613933563,0.6153892278671265
main,0.6,31,random,7.264924049377441,6.942702293395996,0.32222169637680054,0.5736510157585144,0.4958975315093994,0.026349008083343506,26.349008560180664,0.000897526741027832,0.897526741027832,0.000897526741027832,0.15728744864463806,0.9190776944160461,0,0,0,0.01,600,100,0.7248072624206543,4716.77197265625,0.9190776944160461,0.25490546226501465,0.4425870478153229,0.37039318680763245,0.7725520133972168,2.8064723014831543,0.6021574139595032,0.10346776247024536,0.44892552495002747,0.3578643798828125,0.15728744864463806
main,0.6,32,random,0.0,0.0,0.0,0.6000000238418579,0.4900660514831543,0.0,0.0,0.0,0.0,0.0,0.16882957518100739,0.8924896121025085,0,0,0,0.01,600,100,0.7248072624206543,2090.903564453125,0.16882957518100739,0.41237136721611023,0.8924896121025085,0.36126792430877686,0.7464798092842102,2.615060329437256,0.538353443145752,0.10222625732421875,0.40754175186157227,0.3748757243156433,0.4975143373012543
main,0.6,33,random,0.028232567012310028,0.028232567012310028,0.0,0.6016802787780762,0.4949469268321991,0.0016802549362182617,1.6802549362182617,0.0,0.0,0.0,0.048388827592134476,0.5831959843635559,0,0,0,0.01,600,100,0.7248072624206543,2785.3037109375,0.3672295808792114,0.18704482913017273,0.24869948625564575,0.26644471287727356,0.47555631399154663,2.0274267196655273,0.34247562289237976,0.10749588161706924,0.5831959843635559,0.3524194359779358,0.048388827592134476
main,0.6,34,random,0.0,0.0,0.0,0.6000000238418579,0.48198235034942627,0.0,0.0,0.0,0.0,0.0,0.04878956079483032,0.9313850402832031,0,0,0,0.01,600,100,0.7248072624206543,1670.763427734375,0.04878956079483032,0.4259847402572632,0.9313850402832031,0.20961329340934753,0.3131808638572693,2.1910946369171143,0.3970315456390381,0.1085122600197792,0.6170753240585327,0.3591325283050537,0.1826503574848175
main,0.6,35,random,108.75786590576172,0.5695752501487732,108.18829345703125,0.5924530029296875,0.5114459991455078,0.00754702091217041,7.54702091217041,0.01644599437713623,16.445995330810547,0.01644599437713623,0.026670120656490326,0.48953378200531006,0,0,0,0.01,600,100,0.7248072624206543,1593.345458984375,0.026670120656490326,0.25523102283477783,0.4435172379016876,0.13308832049369812,0.09453803300857544,2.4686012268066406,0.48953378200531006,0.09769803285598755,0.25660115480422974,0.3589949905872345,0.1799001395702362
main,0.6,36,random,0.0,0.0,0.0,0.6000000238418579,0.4949960708618164,0.0,0.0,0.0,0.0,0.0,0.018521985039114952,0.7689867615699768,1,0,1,0.01,600,100,0.7248072624206543,2651.5166015625,0.32900479435920715,0.36914536356925964,0.7689867615699768,0.10648269951343536,0.018521985039114952,3.253617286682129,0.7512058019638062,0.10887008160352707,0.6290027499198914,0.36713850498199463,0.34277012944221497
main,0.6,37,random,0.0,0.0,0.0,0.6000000238418579,0.4821954071521759,0.0,0.0,0.0,0.0,0.0,0.12088683247566223,0.9479272365570068,0,0,0,0.01,600,100,0.7248072624206543,2820.2099609375,0.3772028982639313,0.4317745268344879,0.9479272365570068,0.38464242219924927,0.8132641315460205,1.9854981899261475,0.32849937677383423,0.1126207783818245,0.754025936126709,0.35604435205459595,0.12088683247566223
main,0.6,38,random,0.0,0.0,0.0,0.6000000238418579,0.4729728102684021,0.0,0.0,0.0,0.0,0.0,0.0695546418428421,0.5732648372650146,0,0,0,0.01,600,100,0.7248072624206543,3506.4267578125,0.5732648372650146,0.1243441253900528,0.0695546418428421,0.2834518253803253,0.5241480469703674,1.2661263942718506,0.0887087881565094,0.09734062105417252,0.24468733370304108,0.3628244400024414,0.2564891278743744
main,0.6,39,random,0.20988406240940094,0.205156147480011,0.00472791725769639,0.5954706072807312,0.4951087236404419,0.004529416561126709,4.529416561126709,0.0001087188720703125,0.1087188720703125,0.0001087188720703125,0.15495815873146057,0.8665271997451782,0,0,0,0.01,600,100,0.7248072624206543,4532.84521484375,0.8665271997451782,0.38264545798301697,0.8075584769248962,0.1542353630065918,0.15495815873146057,2.982811689376831,0.6609372496604919,0.11246299743652344,0.7487665414810181,0.3631223142147064,0.2624461352825165
main,0.6,40,random,0.0037859254516661167,0.0037859254516661167,0.0,0.6006153225898743,0.49496933817863464,0.0006152987480163574,0.6152987480163574,0.0,0.0,0.0,0.3290267586708069,0.5416832566261292,0,0,0,0.01,600,100,0.7248072624206543,3141.92529296875,0.4691215455532074,0.27496057748794556,0.4998873770236969,0.28755566477775574,0.535873293876648,2.057933807373047,0.35264456272125244,0.10625049471855164,0.5416832566261292,0.36645132303237915,0.3290267586708069
main,0.6,41,random,0.002502067480236292,0.0024930858053267,8.98161579243606e-06,0.5995007157325745,0.4950047433376312,0.0004993081092834473,0.49930810928344727,4.738569259643555e-06,0.004738569259643555,4.738569259643555e-06,0.15761210024356842,0.7474738955497742,0,0,0,0.01,600,100,0.7248072624206543,3937.890625,0.6965401768684387,0.2682403028011322,0.48068660497665405,0.301878958940506,0.5767970681190491,2.0120251178741455,0.3373417258262634,0.09472836554050446,0.15761210024356842,0.387373685836792,0.7474738955497742
main,0.6,42,random,0.0,0.0,0.0,0.6000000238418579,0.470120906829834,0.0,0.0,0.0,0.0,0.0,0.14161469042301178,0.7206103205680847,0,0,0,0.01,600,100,0.7248072624206543,4022.13623046875,0.7206103205680847,0.22756853699684143,0.36448153853416443,0.2964707612991333,0.5613450407981873,1.4248440265655518,0.14161469042301178,0.09520303457975388,0.17343446612358093,0.3636358082294464,0.27271613478660583
main,0.6,43,random,0.0,0.0,0.0,0.6000000238418579,0.4798514246940613,0.0,0.0,0.0,0.0,0.0,0.06429015845060349,0.9466782808303833,0,0,0,0.01,600,100,0.7248072624206543,4813.3740234375,0.9466782808303833,0.2945176959037781,0.5557648539543152,0.12250155210494995,0.06429015845060349,2.0333635807037354,0.3444545269012451,0.10481537878513336,0.49384596943855286,0.360233873128891,0.2046772986650467
main,0.6,44,random,0.21203236281871796,0.21203236281871796,0.0,0.6046047210693359,0.48955804109573364,0.004604697227478027,4.604697227478027,0.0,0.0,0.0,0.1744939684867859,0.8895992040634155,0,0,0,0.01,600,100,0.7248072624206543,4613.59716796875,0.8895992040634155,0.29820314049720764,0.5662947297096252,0.383916437625885,0.8111898899078369,1.523481845855713,0.1744939684867859,0.09874626249074936,0.2915419340133667,0.38502347469329834,0.7004696726799011
main,0.6,45,random,0.0,0.0,0.0,0.6000000238418579,0.48896101117134094,0.0,0.0,0.0,0.0,0.0,0.1313849836587906,0.8633153438568115,0,0,0,0.01,600,100,0.7248072624206543,4384.12109375,0.8240346312522888,0.4021603465080261,0.8633153438568115,0.1548265814781189,0.15664736926555634,1.3941550254821777,0.1313849836587906,0.0998392105102539,0.3279736340045929,0.38304924964904785,0.6609847545623779
main,0.6,46,random,0.0,0.0,0.0,0.6000000238418579,0.4851616621017456,0.0,0.0,0.0,0.0,0.0,0.16832314431667328,0.6798590421676636,0,0,0,0.01,600,100,0.7248072624206543,3879.506591796875,0.6798590421676636,0.22114479541778564,0.34612801671028137,0.15891310572624207,0.16832314431667328,1.7383625507354736,0.2461208552122116,0.09584502130746841,0.19483405351638794,0.3759021759033203,0.5180438160896301
main,0.6,47,random,0.13897334039211273,0.13897334039211273,0.0,0.6037279367446899,0.49294188618659973,0.0037279129028320312,3.7279129028320312,0.0,0.0,0.0,0.05519917607307434,0.8447364568710327,0,0,0,0.01,600,100,0.7248072624206543,4456.57763671875,0.8447364568710327,0.2036370486021042,0.29610586166381836,0.36248427629470825,0.7499551177024841,1.7962008714675903,0.2654002904891968,0.09165597707033157,0.05519917607307434,0.3908424377441406,0.8168487548828125
main,0.6,48,random,0.1599958837032318,0.1599958837032318,0.0,0.6039999723434448,0.49366047978401184,0.003999948501586914,3.999948501586914,0.0,0.0,0.0,0.03552144393324852,0.9342535138130188,0,0,0,0.01,600,100,0.7248072624206543,4769.88720703125,0.9342535138130188,0.15791702270507812,0.1654772162437439,0.3468811511993408,0.7053747177124023,2.1505119800567627,0.3835039734840393,0.11636874824762344,0.8789583444595337,0.3517760634422302,0.03552144393324852
main,0.6,49,random,0.3714442253112793,0.35559117794036865,0.01585306227207184,0.594036877155304,0.4951990842819214,0.005963146686553955,5.963146686553955,0.0001990795135498047,0.1990795135498047,0.0001990795135498047,0.323014497756958,0.978019118309021,0,0,0,0.01,600,100,0.7248072624206543,3570.843017578125,0.5916694402694702,0.44230666756629944,0.978019118309021,0.24894669651985168,0.4255619943141937,2.688523769378662,0.5628412365913391,0.09969043731689453,0.323014497756958,0.386342316865921,0.7268463969230652
main,0.6,50,random,0.03950934112071991,0.03950934112071991,0.0,0.6019877195358276,0.4940066337585449,0.0019876956939697266,1.9876956939697266,0.0,0.0,0.0,0.07678128033876419,0.8905017971992493,0,0,0,0.01,600,100,0.7248072624206543,2069.7900390625,0.16279713809490204,0.4116756319999695,0.8905017971992493,0.1268734484910965,0.07678128033876419,3.461444616317749,0.820481538772583,0.1102633848786354,0.6754461526870728,0.3726610541343689,0.4532212018966675
main,0.6,51,random,0.0,0.0,0.0,0.6000000238418579,0.48984473943710327,0.0,0.0,0.0,0.0,0.0,0.0837462767958641,0.6577774286270142,0,0,0,0.01,600,100,0.7248072624206543,1793.1119384765625,0.0837462767958641,0.33022210001945496,0.6577774286270142,0.2607673406600952,0.45933523774147034,2.0126121044158936,0.33753734827041626,0.0987040102481842,0.29013362526893616,0.36505985260009766,0.3011969029903412
main,0.6,52,random,0.8911144137382507,0.8911144137382507,0.0,0.6094399094581604,0.49373558163642883,0.00943988561630249,9.439886093139648,0.0,0.0,0.0,0.006526777055114508,0.854530930519104,1,0,1,0.01,600,100,0.7248072624206543,4490.8583984375,0.854530930519104,0.10228437185287476,0.006526777055114508,0.1594594419002533,0.16988413035869598,1.555919885635376,0.1853066235780716,0.09998704493045807,0.33290156722068787,0.3841647803783417,0.6832956671714783
main,0.6,53,random,2.3923973913042573e-06,2.220446049250313e-06,1.7195134205394424e-07,0.5999851226806641,0.4950006604194641,1.4901161193847656e-05,0.014901161193847656,6.556510925292969e-07,0.0006556510925292969,6.556510925292969e-07,0.007309905253350735,0.9630373120307922,1,0,1,0.01,600,100,0.7248072624206543,4870.630859375,0.9630373120307922,0.3891804814338684,0.826229989528656,0.10255847126245499,0.007309905253350735,3.1652231216430664,0.7217410802841187,0.11706407368183136,0.9021359086036682,0.3588135540485382,0.17627102136611938
main,0.6,54,random,0.0,0.0,0.0,0.6000000238418579,0.48209092020988464,0.0,0.0,0.0,0.0,0.0,0.34867149591445923,0.9365143179893494,0,0,0,0.01,600,100,0.7248072624206543,3829.466552734375,0.665561854839325,0.39367780089378357,0.8390794396400452,0.42778000235557556,0.9365143179893494,2.0460145473480225,0.34867149591445923,0.10495851933956146,0.4986172020435333,0.3681136667728424,0.36227336525917053
main,0.6,55,random,9.197463989257812,9.094500541687012,0.10296352952718735,0.5698429346084595,0.4955073595046997,0.030157089233398438,30.157089233398438,0.000507354736328125,0.507354736328125,0.000507354736328125,0.22412995994091034,0.9422075748443604,0,0,0,0.01,600,100,0.7248072624206543,4797.7265625,0.9422075748443604,0.3371298611164093,0.6775138974189758,0.28020018339157104,0.5148577094078064,3.6672215461730957,0.8890738487243652,0.10606774687767029,0.5355916619300842,0.3612065017223358,0.22412995994091034
main,0.6,56,random,0.005113876890391111,0.00510823680087924,5.640288236463675e-06,0.5992853045463562,0.49500375986099243,0.000714719295501709,0.714719295501709,3.7550926208496094e-06,0.0037550926208496094,3.7550926208496094e-06,0.23945629596710205,0.9106935858726501,0,0,0,0.01,600,100,0.7248072624206543,4201.6357421875,0.7718958854675293,0.323417067527771,0.6383345127105713,0.41874274611473083,0.9106935858726501,2.508788824081421,0.5029296278953552,0.11166353523731232,0.7221180200576782,0.3619728088378906,0.23945629596710205
main,0.6,57,random,0.8941963315010071,0.8851826190948486,0.009013720788061619,0.5905916094779968,0.4951501190662384,0.009408414363861084,9.408414840698242,0.0001501142978668213,0.1501142978668213,0.0001501142978668213,0.07930904626846313,0.9772838950157166,0,0,0,0.01,600,100,0.7248072624206543,2525.323486328125,0.2929495573043823,0.37057748436927795,0.7730785608291626,0.1277581751346588,0.07930904626846313,3.931851625442505,0.9772838950157166,0.09991301596164703,0.3304336965084076,0.38066041469573975,0.6132080554962158
main,0.6,58,random,0.004239950329065323,0.003378684166818857,0.0008612662204541266,0.5994187593460083,0.4950464069843292,0.0005812644958496094,0.5812644958496094,4.64022159576416e-05,0.0464022159576416,4.64022159576416e-05,0.08253569155931473,0.9163355231285095,0,0,0,0.01,600,100,0.7248072624206543,1788.8748779296875,0.08253569155931473,0.42071741819381714,0.9163355231285095,0.13190892338752747,0.0911683663725853,2.352383613586426,0.4507945775985718,0.09558047354221344,0.186015784740448,0.3874830901622772,0.7496618628501892
main,0.6,59,random,0.0,0.0,0.0,0.6000000238418579,0.4797453284263611,0.0,0.0,0.0,0.0,0.0,0.035568710416555405,0.8761282563209534,0,0,0,0.01,600,100,0.7248072624206543,2775.27490234375,0.36436426639556885,0.40664488077163696,0.8761282563209534,0.19377171993255615,0.2679191827774048,2.045257329940796,0.34841910004615784,0.11423427611589432,0.8078092336654663,0.35177841782569885,0.035568710416555405
main,0.6,60,random,0.809200644493103,0.7875526547431946,0.021647976711392403,0.5911256074905396,0.49523264169692993,0.00887441635131836,8.87441635131836,0.0002326369285583496,0.2326369285583496,0.0002326369285583496,0.24699601531028748,0.7237372398376465,0,0,0,0.01,600,100,0.7248072624206543,2364.486083984375,0.24699601531028748,0.3396981656551361,0.6848519444465637,0.2587132453918457,0.45346641540527344,3.1712117195129395,0.7237372398376465,0.1053575873374939,0.5119194388389587,0.36689493060112,0.3378985524177551
main,0.6,61,random,4.397845268249512,3.9488019943237305,0.4490433633327484,0.5801284313201904,0.4960595369338989,0.01987159252166748,19.871593475341797,0.0010595321655273438,1.0595321655273438,0.0010595321655273438,0.04893176257610321,0.5639069080352783,0,0,0,0.01,600,100,0.7248072624206543,3473.67431640625,0.5639069080352783,0.1577710509300232,0.1650601327419281,0.27737218141555786,0.5067776441574097,2.324382781982422,0.44146087765693665,0.1009235680103302,0.3641189932823181,0.352446585893631,0.04893176257610321
main,0.6,62,random,0.049637261778116226,0.049285534769296646,0.0003517275326885283,0.5977799892425537,0.49502965807914734,0.0022200345993041992,2.220034599304199,2.9653310775756836e-05,0.029653310775756836,2.9653310775756836e-05,0.28837406635284424,0.6290450096130371,0,0,0,0.01,600,100,0.7248072624206543,3120.91259765625,0.46311792731285095,0.320165753364563,0.6290450096130371,0.20093092322349548,0.28837406635284424,2.2294201850891113,0.4098067581653595,0.10154936462640762,0.3849788010120392,0.37483859062194824,0.4967716932296753
main,0.6,63,random,0.1997850388288498,0.19963769614696503,0.00014734383148606867,0.5955319404602051,0.49501919746398926,0.004468083381652832,4.468083381652832,1.919269561767578e-05,0.01919269561767578,1.919269561767578e-05,0.018932798877358437,0.616657018661499,1,0,1,0.01,600,100,0.7248072624206543,1566.2647705078125,0.018932798877358437,0.31582996249198914,0.616657018661499,0.14615599811077118,0.13187429308891296,2.0668177604675293,0.3556059002876282,0.09111844748258591,0.03728138655424118,0.37377169728279114,0.47543415427207947
main,0.6,64,random,0.0,0.0,0.0,0.6000000238418579,0.47870510816574097,0.0,0.0,0.0,0.0,0.0,0.24995779991149902,0.7047427296638489,0,0,0,0.01,600,100,0.7248072624206543,3966.599609375,0.7047427296638489,0.2560756802558899,0.445930540561676,0.24130067229270935,0.40371623635292053,1.749873399734497,0.24995779991149902,0.10109658539295197,0.36988601088523865,0.36457809805870056,0.29156219959259033
main,0.6,65,random,17.31751251220703,17.112825393676758,0.2046874761581421,0.5586323738098145,0.49571534991264343,0.04136765003204346,41.36764907836914,0.0007153451442718506,0.7153451442718506,0.0007153451442718506,0.04984669014811516,0.6806241273880005,0,0,0,0.01,600,100,0.7248072624206543,3882.184326171875,0.6806241273880005,0.20267483592033386,0.29335668683052063,0.22696003317832947,0.36274296045303345,2.5085487365722656,0.5028495788574219,0.09149540215730667,0.04984669014811516,0.3639952540397644,0.2799050211906433
main,0.6,66,random,0.11193183809518814,0.11155639588832855,0.00037544508813880384,0.5966600179672241,0.49503064155578613,0.003340005874633789,3.340005874633789,3.063678741455078e-05,0.03063678741455078,3.063678741455078e-05,0.048611097037792206,0.7223873734474182,0,0,0,0.01,600,100,0.7248072624206543,4028.355712890625,0.7223873734474182,0.11701388657093048,0.048611097037792206,0.31307992339134216,0.6087997555732727,2.0595831871032715,0.35319438576698303,0.10134009271860123,0.37800300121307373,0.362015038728714,0.2403009682893753
main,0.6,67,random,1.325662612915039,1.2720882892608643,0.05357435345649719,0.5887213349342346,0.4953659772872925,0.011278688907623291,11.278688430786133,0.00036597251892089844,0.36597251892089844,0.00036597251892089844,0.06835173070430756,0.5981171727180481,0,0,0,0.01,600,100,0.7248072624206543,1923.6192626953125,0.12103407084941864,0.3093410134315491,0.5981171727180481,0.27989423274993896,0.5139834880828857,2.6651830673217773,0.5550609827041626,0.09205055236816406,0.06835173070430756,0.37620729207992554,0.5241459012031555
main,0.6,68,random,1.64473295211792,1.64473295211792,0.0,0.6128247380256653,0.4925270676612854,0.012824714183807373,12.824714660644531,0.0,0.0,0.0,0.24595165252685547,0.557955265045166,0,0,0,0.01,600,100,0.7248072624206543,2730.39892578125,0.35154253244400024,0.29528433084487915,0.557955265045166,0.26650893688201904,0.47573980689048767,1.7378549575805664,0.24595165252685547,0.1025540754199028,0.41846904158592224,0.3745954930782318,0.49191009998321533
main,0.6,69,random,0.059410735964775085,0.05922399461269379,0.00018673950398806483,0.5975664258003235,0.49502161145210266,0.002433598041534424,2.433598041534424,2.16066837310791e-05,0.0216066837310791,2.16066837310791e-05,0.1991734355688095,0.709837794303894,0,0,0,0.01,600,100,0.7248072624206543,2197.10693359375,0.1991734355688095,0.34844323992729187,0.709837794303894,0.2610318958759308,0.46009114384651184,3.0801477432250977,0.6933826208114624,0.10244252532720566,0.4147508442401886,0.3730599582195282,0.46119919419288635
main,0.6,70,random,0.0,0.0,0.0,0.6000000238418579,0.4944738745689392,0.0,0.0,0.0,0.0,0.0,0.2520826756954193,0.7477700710296631,0,0,0,0.01,600,100,0.7248072624206543,2778.53955078125,0.36529701948165894,0.3617195188999176,0.7477700710296631,0.18822893500328064,0.2520826756954193,2.9664738178253174,0.655491292476654,0.10946919769048691,0.6489733457565308,0.36455202102661133,0.2910406291484833
main,0.6,71,random,10.514782905578613,10.236608505249023,0.2781747579574585,0.5680053234100342,0.4958339333534241,0.03199470043182373,31.994701385498047,0.0008339285850524902,0.8339285850524902,0.0008339285850524902,0.14316582679748535,0.9040955305099487,0,0,0,0.01,600,100,0.7248072624206543,4664.33447265625,0.9040955305099487,0.15010803937911987,0.14316582679748535,0.15080271661281586,0.14515061676502228,2.4755492210388184,0.49184972047805786,0.09671454131603241,0.2238178551197052,0.3598848581314087,0.19769737124443054
main,0.6,72,random,0.0,0.0,0.0,0.6000000238418579,0.47507596015930176,0.0,0.0,0.0,0.0,0.0,0.05929722264409065,0.7971889972686768,0,0,0,0.01,600,100,0.7248072624206543,4290.1611328125,0.7971889972686768,0.35314565896987915,0.7232733368873596,0.29335901141166687,0.5524543523788452,2.0240678787231445,0.34135597944259644,0.11059361696243286,0.6864538788795471,0.352964848279953,0.05929722264409065
main,0.6,73,random,0.0,0.0,0.0,0.6000000238418579,0.4912271797657013,0.0,0.0,0.0,0.0,0.0,0.11914049834012985,0.597959041595459,0,0,0,0.01,600,100,0.7248072624206543,3250.619384765625,0.5001769661903381,0.2350051999092102,0.3857291638851166,0.1416991800069809,0.11914049834012985,1.7087688446044922,0.23625625669956207,0.09734281152486801,0.24476031959056854,0.37989795207977295,0.597959041595459
main,0.6,74,random,0.0,0.0,0.0,0.6000000238418579,0.481368750333786,0.0,0.0,0.0,0.0,0.0,0.13011936843395233,0.950792670249939,0,0,0,0.01,600,100,0.7248072624206543,2889.487548828125,0.3969964385032654,0.2374405562877655,0.3926873207092285,0.43277743458747864,0.950792670249939,1.7197903394699097,0.23993012309074402,0.09390358626842499,0.13011936843395233,0.3707484304904938,0.4149685800075531
main,0.6,75,random,0.28602027893066406,0.28602027893066406,0.0,0.6053481101989746,0.4938421845436096,0.005348086357116699,5.348086357116699,0.0,0.0,0.0,0.35003408789634705,0.9818152785301208,0,1,1,0.01,600,100,0.7248072624206543,4936.353515625,0.9818152785301208,0.3428841531276703,0.6939547657966614,0.22251193225383759,0.35003408789634705,2.4803035259246826,0.49343451857566833,0.11028599739074707,0.6761998534202576,0.37102821469306946,0.42056408524513245
main,0.6,76,random,1.0532974004745483,1.0532969236373901,5.130118552187923e-07,0.5897369980812073,0.4950011372566223,0.010263025760650635,10.263025283813477,1.1324882507324219e-06,0.0011324882507324219,1.1324882507324219e-06,0.27528053522109985,0.942984402179718,0,0,0,0.01,600,100,0.7248072624206543,4800.4453125,0.942984402179718,0.26795342564582825,0.47986695170402527,0.41822198033332825,0.9092056751251221,2.5999553203582764,0.5333184599876404,0.10670009255409241,0.5566698312759399,0.3637640178203583,0.27528053522109985
main,0.6,77,random,0.013959026895463467,0.013959026895463467,0.0,0.6011815071105957,0.4898492395877838,0.001181483268737793,1.181483268737793,0.0,0.0,0.0,0.1684732288122177,0.4066627025604248,0,0,0,0.01,600,100,0.7248072624206543,2634.9130859375,0.3242609202861786,0.24037939310073853,0.4010840058326721,0.15896563231945038,0.1684732288122177,1.7968250513076782,0.2656083405017853,0.10219988226890564,0.4066627025604248,0.3664005398750305,0.32801079750061035
main,0.6,78,random,0.00057874561753124,0.0005687184166163206,1.0027179087046534e-05,0.5997615456581116,0.4950050115585327,0.0002384781837463379,0.2384781837463379,5.0067901611328125e-06,0.0050067901611328125,5.0067901611328125e-06,0.32199788093566895,0.8012300133705139,0,0,0,0.01,600,100,0.7248072624206543,2632.599853515625,0.3235999643802643,0.3804304897785187,0.8012300133705139,0.2126992642879486,0.32199788093566895,2.6106364727020264,0.5368788242340088,0.10130645334720612,0.376881867647171,0.3800487220287323,0.6009743809700012
main,0.6,79,random,0.0,0.0,0.0,0.6000000238418579,0.47685012221336365,0.0,0.0,0.0,0.0,0.0,0.170403853058815,0.9426825642585754,0,0,0,0.01,600,100,0.7248072624206543,4799.388671875,0.9426825642585754,0.25550681352615356,0.4443051815032959,0.3596562445163727,0.7418750524520874,1.8813743591308594,0.29379144310951233,0.10657858103513718,0.5526192784309387,0.35852017998695374,0.170403853058815
main,0.6,80,random,0.002528563840314746,0.002321735955774784,0.00020682797185145319,0.5995181798934937,0.4950227439403534,0.0004818439483642578,0.4818439483642578,2.2739171981811523e-05,0.022739171981811523,2.2739171981811523e-05,0.2917383313179016,0.7815513610839844,0,0,0,0.01,600,100,0.7248072624206543,2705.505859375,0.34443023800849915,0.3735429644584656,0.7815513610839844,0.24622121453285217,0.41777491569519043,2.2853660583496094,0.4284553825855255,0.09875214844942093,0.2917383313179016,0.3822627365589142,0.6452546715736389
main,0.6,81,random,0.0,0.0,0.0,0.6000000238418579,0.4927235543727875,0.0,0.0,0.0,0.0,0.0,0.19903269410133362,0.7000331878662109,0,0,0,0.01,600,100,0.7248072624206543,3543.090576171875,0.5837401747703552,0.27938124537467957,0.5125178694725037,0.3450116217136383,0.7000331878662109,1.9374855756759644,0.3124952018260956,0.09597098082304001,0.19903269410133362,0.38427531719207764,0.6855062246322632
main,0.6,82,random,0.04907045513391495,0.0486629456281662,0.00040751081542111933,0.5977940559387207,0.4950319230556488,0.002205967903137207,2.205967903137207,3.191828727722168e-05,0.03191828727722168,3.191828727722168e-05,0.3451615571975708,0.873360276222229,0,0,0,0.01,600,100,0.7248072624206543,2708.0654296875,0.3451615571975708,0.3895426094532013,0.8272646069526672,0.3919910192489624,0.8342600464820862,3.6200809478759766,0.873360276222229,0.11400028318166733,0.8000094890594482,0.3682614266872406,0.36522868275642395
main,0.6,83,random,5.932870864868164,4.938112258911133,0.9947588443756104,0.577778160572052,0.4965769946575165,0.022221863269805908,22.22186279296875,0.0015769898891448975,1.5769898891448975,0.0015769898891448975,0.13352257013320923,0.5961005091667175,0,0,0,0.01,600,100,0.7248072624206543,1967.3289794921875,0.13352257013320923,0.2854079306125641,0.5297369360923767,0.278163343667984,0.5090380907058716,2.788301467895508,0.5961005091667175,0.09606090188026428,0.20202988386154175,0.3636096715927124,0.27219346165657043
main,0.6,84,random,6.33176326751709,6.33176326751709,0.0,0.5748370289802551,0.49195948243141174,0.025162994861602783,25.162994384765625,0.0,0.0,0.0,0.18244729936122894,0.8766831159591675,0,0,0,0.01,600,100,0.7248072624206543,4568.390625,0.8766831159591675,0.33331185579299927,0.6666052937507629,0.2750753164291382,0.5002151727676392,2.9114301204681396,0.6371433734893799,0.09547342360019684,0.18244729936122894,0.3754328787326813,0.5086578130722046
main,0.6,85,random,1.7058676481246948,1.705130934715271,0.0007366907084360719,0.5869419574737549,0.49504292011260986,0.013058066368103027,13.058066368103027,4.291534423828125e-05,0.04291534423828125,4.291534423828125e-05,0.042482346296310425,0.35523268580436707,0,0,0,0.01,600,100,0.7248072624206543,2325.44140625,0.23584039509296417,0.16066238284111023,0.17332106828689575,0.1597292423248291,0.17065495252609253,1.9755635261535645,0.3251878321170807,0.09127447009086609,0.042482346296310425,0.36776164174079895,0.35523268580436707
main,0.6,86,random,1.2366996088530868e-05,1.2366996088530868e-05,0.0,0.5999648571014404,0.4949136972427368,3.516674041748047e-05,0.03516674041748047,0.0,0.0,0.0,0.07542096078395844,0.7436720132827759,0,0,0,0.01,600,100,0.7248072624206543,2119.552734375,0.17701506614685059,0.3602851927280426,0.7436720132827759,0.12639734148979187,0.07542096078395844,2.099703073501587,0.3665676712989807,0.09501262754201889,0.1670875996351242,0.38281679153442383,0.6563358902931213
main,0.6,87,random,0.001856079208664596,0.001856079208664596,0.0,0.5995692014694214,0.4927346110343933,0.00043082237243652344,0.43082237243652344,0.0,0.0,0.0,0.05513421818614006,0.8038297891616821,0,0,0,0.01,600,100,0.7248072624206543,1876.5703125,0.10759153217077255,0.13298819959163666,0.09425200521945953,0.3813404142856598,0.8038297891616821,1.7242250442504883,0.2414083480834961,0.09165403246879578,0.05513421818614006,0.3619275689125061,0.2385513335466385
main,0.6,88,random,0.0,0.0,0.0,0.6000000238418579,0.4796660840511322,0.0,0.0,0.0,0.0,0.0,0.028139429166913033,0.6243215203285217,0,0,0,0.01,600,100,0.7248072624206543,3685.125244140625,0.6243215203285217,0.10984880477190018,0.028139429166913033,0.31329941749572754,0.6094269156455994,1.3145911693572998,0.1048637256026268,0.0954078808426857,0.18026256561279297,0.37274089455604553,0.4548179805278778
main,0.6,89,random,0.0,0.0,0.0,0.6000000238418579,0.472741037607193,0.0,0.0,0.0,0.0,0.0,0.051022302359342575,0.9282729625701904,0,0,0,0.01,600,100,0.7248072624206543,4748.955078125,0.9282729625701904,0.2648838758468628,0.4710967540740967,0.36932727694511414,0.7695065140724182,1.9099795818328857,0.3033265471458435,0.1074671819806099,0.5822393894195557,0.35255110263824463,0.051022302359342575
main,0.6,90,random,7.265273571014404,7.125950813293457,0.13932278752326965,0.5733055472373962,0.4955901801586151,0.02669447660446167,26.694477081298828,0.0005901753902435303,0.5901753902435303,0.0005901753902435303,0.30000609159469604,0.8080845475196838,0,0,0,0.01,600,100,0.7248072624206543,4317.47265625,0.8049921989440918,0.35267674922943115,0.7219336032867432,0.37490779161453247,0.7854508757591248,3.4242537021636963,0.8080845475196838,0.09900018572807312,0.30000609159469604,0.3744300603866577,0.4886009395122528
main,0.6,91,random,0.09715472906827927,0.09715472906827927,0.0,0.5968830585479736,0.48979663848876953,0.0031169652938842773,3.1169652938842773,0.0,0.0,0.0,0.12663534283638,0.9166737794876099,0,0,0,0.01,600,100,0.7248072624206543,4708.3583984375,0.9166737794876099,0.37258005142211914,0.7788001894950867,0.14432236552238464,0.12663534283638,2.7337307929992676,0.5779102444648743,0.10752145946025848,0.5840485692024231,0.3679456412792206,0.35891294479370117
main,0.6,92,random,0.006217477843165398,0.006217477843165398,0.0,0.6007885336875916,0.49323827028274536,0.0007885098457336426,0.7885098457336426,0.0,0.0,0.0,0.20973652601242065,0.8924335837364197,0,0,0,0.01,600,100,0.7248072624206543,4234.740234375,0.7813543677330017,0.3527490496635437,0.7221401333808899,0.4123517572879791,0.8924335837364197,2.5263357162475586,0.5087785720825195,0.11448118835687637,0.8160396218299866,0.36048683524131775,0.20973652601242065
main,0.6,93,random,0.3689219653606415,0.36821964383125305,0.000702313263900578,0.5939319133758545,0.4950419068336487,0.006068110466003418,6.068110466003418,4.190206527709961e-05,0.04190206527709961,4.190206527709961e-05,0.06277050822973251,0.44362151622772217,0,0,0,0.01,600,100,0.7248072624206543,3020.595703125,0.43445587158203125,0.17728272080421448,0.22080779075622559,0.12196967750787735,0.06277050822973251,1.9442137479782104,0.3147379159927368,0.09712353348731995,0.23745101690292358,0.37218108773231506,0.44362151622772217
main,0.6,94,random,0.10662712156772614,0.10662712156772614,0.0,0.6032654047012329,0.4945191442966461,0.003265380859375,3.265380859375,0.0,0.0,0.0,0.3229256272315979,0.8415539264678955,0,0,0,0.01,600,100,0.7248072624206543,4259.23193359375,0.7883520126342773,0.39454385638237,0.8415539264678955,0.21302396059036255,0.3229256272315979,2.3287339210510254,0.442911297082901,0.11093242466449738,0.6977474689483643,0.3736574053764343,0.4731481373310089
main,0.6,95,random,0.0,0.0,0.0,0.6000000238418579,0.4836568534374237,0.0,0.0,0.0,0.0,0.0,0.322098046541214,0.8813220858573914,0,0,0,0.01,600,100,0.7248072624206543,4584.626953125,0.8813220858573914,0.4067038893699646,0.876296877861023,0.3094116151332855,0.5983189344406128,2.215538263320923,0.4051794409751892,0.11000548303127289,0.6668493747711182,0.3661049008369446,0.322098046541214
main,0.6,96,random,0.09230464696884155,0.09230464696884155,0.0,0.6030381917953491,0.49283865094184875,0.003038167953491211,3.038167953491211,0.0,0.0,0.0,0.1146370992064476,0.6577703952789307,0,0,0,0.01,600,100,0.7248072624206543,3536.436767578125,0.5818390846252441,0.3302196264266968,0.6577703952789307,0.14012297987937927,0.1146370992064476,1.9405730962753296,0.31352436542510986,0.10336088389158249,0.44536280632019043,0.377702534198761,0.554050624370575
main,0.6,97,random,0.035104233771562576,0.035104233771562576,0.0,0.6018736362457275,0.494981974363327,0.001873612403869629,1.873612403869629,0.0,0.0,0.0,0.049570415169000626,0.26729816198349,0,0,0,0.01,600,100,0.7248072624206543,1712.031005859375,0.06058027595281601,0.12222523987293243,0.06350068002939224,0.19190503656864166,0.2625858187675476,1.8018944263458252,0.26729816198349,0.09148711711168289,0.049570415169000626,0.3599168062210083,0.1983359009027481
main,0.6,98,random,0.0,0.0,0.0,0.6000000238418579,0.49496716260910034,0.0,0.0,0.0,0.0,0.0,0.127574622631073,0.9919193983078003,0,1,1,0.01,600,100,0.7248072624206543,3600.990478515625,0.6002830266952515,0.38510704040527344,0.8145915865898132,0.44717177748680115,0.9919193983078003,2.846980094909668,0.6156600713729858,0.11775761842727661,0.9252539873123169,0.3563787341117859,0.127574622631073
main,0.6,99,random,0.0,0.0,0.0,0.6000000238418579,0.4685414135456085,0.0,0.0,0.0,0.0,0.0,0.11104575544595718,0.6730819344520569,0,0,0,0.01,600,100,0.7248072624206543,3855.786865234375,0.6730819344520569,0.15323030948638916,0.15208660066127777,0.24279192090034485,0.407976895570755,1.3331372737884521,0.11104575544595718,0.09729956090450287,0.2433186173439026,0.3585766851902008,0.17153356969356537
main,0.65,0,random,12.726595878601074,12.009631156921387,0.716964602470398,0.6153450608253479,0.496338814496994,0.03465491533279419,34.65491485595703,0.0013388097286224365,1.3388097286224365,0.0013388097286224365,0.21273061633110046,0.648090124130249,0,0,0,0.01,600,100,0.6416893005371094,2533.590087890625,0.29531145095825195,0.23579838871955872,0.3879953920841217,0.23656430840492249,0.3901837468147278,1.638191819190979,0.21273061633110046,0.09687713533639908,0.2292378842830658,0.38240450620651245,0.648090124130249
main,0.65,1,random,0.28775885701179504,0.2637128233909607,0.024046020582318306,0.6448646783828735,0.49524518847465515,0.005135297775268555,5.135297775268555,0.00024518370628356934,0.24518370628356934,0.00024518370628356934,0.04716365784406662,0.7965949773788452,0,0,0,0.01,600,100,0.6416893005371094,1665.07275390625,0.04716365784406662,0.36554667353630066,0.7587048411369324,0.3038189113140106,0.5823397636413574,1.326368808746338,0.1087895929813385,0.11389784514904022,0.7965949773788452,0.35733693838119507,0.14673860371112823
main,0.65,2,random,2.8057202143827453e-06,2.745679239524179e-06,6.004086117172847e-08,0.6499834060668945,0.4950003921985626,1.6570091247558594e-05,0.016570091247558594,3.8743019104003906e-07,0.00038743019104003906,3.8743019104003906e-07,0.06651193648576736,0.8649032711982727,0,0,0,0.01,600,100,0.6416893005371094,3412.72998046875,0.5464943051338196,0.23592841625213623,0.3883669376373291,0.34469670057296753,0.6991333961486816,1.199535846710205,0.06651193648576736,0.11594709753990173,0.8649032711982727,0.36375442147254944,0.27508866786956787
main,0.65,3,random,0.308144211769104,0.2856506109237671,0.022493598982691765,0.6446553468704224,0.4952371418476105,0.0053446292877197266,5.344629287719727,0.0002371370792388916,0.2371370792388916,0.0002371370792388916,0.03845382109284401,0.8281245231628418,0,0,0,0.01,600,100,0.6416893005371094,1898.144775390625,0.11375563591718674,0.17841002345085144,0.22402866184711456,0.26165637373924255,0.461875319480896,1.1235463619232178,0.04118213802576065,0.11484373360872269,0.8281245231628418,0.3519226908683777,0.03845382109284401
main,0.65,4,random,0.8269758224487305,0.8269758224487305,0.0,0.6409061551094055,0.49313250184059143,0.009093821048736572,9.093820571899414,0.0,0.0,0.0,0.025321517139673233,0.7711743116378784,0,0,0,0.01,600,100,0.6416893005371094,1588.6253662109375,0.025321517139673233,0.29519400000572205,0.5576971173286438,0.36991098523139954,0.7711743116378784,1.3270297050476074,0.10900987684726715,0.11142368614673615,0.7141228318214417,0.3531010150909424,0.062020376324653625
main,0.65,5,random,0.002865536604076624,0.0027070059441030025,0.00015853060176596045,0.6494796872138977,0.49501991271972656,0.0005202889442443848,0.5202889442443848,1.990795135498047e-05,0.01990795135498047,1.990795135498047e-05,0.0996982529759407,0.865943193435669,0,0,0,0.01,600,100,0.6416893005371094,2121.40576171875,0.177544504404068,0.20093916356563568,0.2883976101875305,0.4030801057815552,0.865943193435669,1.300727128982544,0.10024236142635345,0.11427310854196548,0.8091036677360535,0.35498490929603577,0.0996982529759407
main,0.65,6,random,7.977751731872559,7.717414379119873,0.2603375017642975,0.6222197413444519,0.4958067536354065,0.027780234813690186,27.780235290527344,0.0008067488670349121,0.8067488670349121,0.0008067488670349121,0.14493751525878906,0.7632060647010803,0,0,0,0.01,600,100,0.6416893005371094,2007.28125,0.14493751525878906,0.3671221137046814,0.7632060647010803,0.3463563919067383,0.7038754224777222,1.5396971702575684,0.17989906668663025,0.097833551466465,0.2611183226108551,0.38238832354545593,0.6477663516998291
main,0.65,7,random,0.34378987550735474,0.3221530020236969,0.021636884659528732,0.6443241238594055,0.49523258209228516,0.005675852298736572,5.675852298736572,0.00023257732391357422,0.23257732391357422,0.00023257732391357422,0.09132538735866547,0.9334696531295776,0,0,0,0.01,600,100,0.6416893005371094,2837.96435546875,0.3822755813598633,0.20263680815696716,0.2932479977607727,0.42671436071395874,0.9334696531295776,1.2739760875701904,0.09132538735866547,0.10496479272842407,0.4988262951374054,0.3726273775100708,0.452547550201416
main,0.65,8,random,0.04035612568259239,0.03906277194619179,0.0012933526886627078,0.6480235457420349,0.4950568675994873,0.0019764304161071777,1.9764304161071777,5.6862831115722656e-05,0.056862831115722656,5.6862831115722656e-05,0.18312464654445648,0.9596155881881714,0,0,0,0.01,600,100,0.6416893005371094,3173.78076171875,0.47822305560112,0.1835436224937439,0.23869608342647552,0.4358654320240021,0.9596155881881714,1.5493738651275635,0.18312464654445648,0.11210516095161438,0.7368387579917908,0.3628922700881958,0.25784534215927124
main,0.65,9,random,1.783873438835144,1.752655029296875,0.031218361109495163,0.6367611885070801,0.49527937173843384,0.013238787651062012,13.238787651062012,0.00027936697006225586,0.27936697006225586,0.00027936697006225586,0.06352993845939636,0.7499762177467346,0,0,0,0.01,600,100,0.6416893005371094,4124.9169921875,0.7499762177467346,0.21392613649368286,0.32550323009490967,0.18925461173057556,0.2550131678581238,1.1905897855758667,0.06352993845939636,0.10846515744924545,0.6155052185058594,0.3758547902107239,0.5170958638191223
main,0.65,10,random,9.483091354370117,8.95711898803711,0.5259720087051392,0.620071530342102,0.49614670872688293,0.02992844581604004,29.92844581604004,0.0011467039585113525,1.1467039585113525,0.0011467039585113525,0.2441685050725937,0.7564387917518616,0,0,0,0.01,600,100,0.6416893005371094,2712.40576171875,0.3464016616344452,0.3647535741329193,0.7564387917518616,0.28227242827415466,0.5207783579826355,1.7325055599212646,0.2441685050725937,0.10560964047908783,0.5203213095664978,0.3782031834125519,0.5640634894371033
main,0.65,11,random,28.65385627746582,28.24434471130371,0.4095107913017273,0.596854567527771,0.4960118234157562,0.053145408630371094,53.145408630371094,0.0010118186473846436,1.0118186473846436,0.0010118186473846436,0.12375389039516449,0.8039060235023499,0,0,0,0.01,600,100,0.6416893005371094,4313.6708984375,0.8039060235023499,0.14331385493278503,0.12375389039516449,0.1456267535686493,0.1303621381521225,2.076666831970215,0.3588889539241791,0.1041467934846878,0.4715598225593567,0.36483657360076904,0.2967316210269928
main,0.65,12,random,2.5651514530181885,2.533585786819458,0.031565673649311066,0.6340827345848083,0.495280921459198,0.01591724157333374,15.917242050170898,0.000280916690826416,0.280916690826416,0.000280916690826416,0.08343227207660675,0.8790261149406433,0,0,0,0.01,600,100,0.6416893005371094,4576.59130859375,0.8790261149406433,0.20467592775821686,0.29907408356666565,0.14389152824878693,0.12540437281131744,1.2502968311309814,0.08343227207660675,0.1063031256198883,0.543437659740448,0.37801235914230347,0.5602469444274902
main,0.65,13,random,0.035082072019577026,0.03314671292901039,0.0019353606039658189,0.6481793522834778,0.49506956338882446,0.0018206238746643066,1.8206238746643066,6.955862045288086e-05,0.06955862045288086,6.955862045288086e-05,0.08804552257061005,0.88276606798172,0,0,0,0.01,600,100,0.6416893005371094,2926.05517578125,0.4074442982673645,0.2176092565059662,0.3360264301300049,0.40896812081336975,0.88276606798172,1.264136552810669,0.08804552257061005,0.10971451550722122,0.6571505069732666,0.3681678771972656,0.3633575141429901
main,0.65,14,random,0.3065950274467468,0.30440643429756165,0.002188586862757802,0.6444826722145081,0.49507397413253784,0.005517303943634033,5.517303943634033,7.396936416625977e-05,0.07396936416625977,7.396936416625977e-05,0.05767533555626869,0.7795314192771912,0,0,0,0.01,600,100,0.6416893005371094,4055.25390625,0.730072557926178,0.21520006656646729,0.32914304733276367,0.12018636614084244,0.05767533555626869,1.209947109222412,0.0699823796749115,0.11338594555854797,0.7795314192771912,0.36814406514167786,0.3628811538219452
main,0.65,15,random,15.081062316894531,14.58071517944336,0.5003467202186584,0.6118152737617493,0.496118426322937,0.03818470239639282,38.1847038269043,0.0011184215545654297,1.1184215545654297,0.0011184215545654297,0.033938806504011154,0.9679080247879028,0,0,0,0.01,600,100,0.6416893005371094,4887.677734375,0.9679080247879028,0.34964054822921753,0.713258683681488,0.11187858134508133,0.033938806504011154,2.434082269668579,0.47802743315696716,0.11360010504722595,0.7866702675819397,0.3683188557624817,0.36637744307518005
main,0.65,16,random,16.339824676513672,15.257299423217773,1.0825260877609253,0.6109393835067749,0.49664509296417236,0.03906059265136719,39.06059265136719,0.0016450881958007812,1.6450881958007812,0.0016450881958007812,0.10690822452306747,0.7285125255584717,0,0,0,0.01,600,100,0.6416893005371094,1874.1787109375,0.10690822452306747,0.35497936606407166,0.7285125255584717,0.2713932693004608,0.48969507217407227,2.5022239685058594,0.5007413625717163,0.10023683309555054,0.34122779965400696,0.3789166510105133,0.5783328413963318
main,0.65,17,random,24.8731632232666,24.840585708618164,0.032578304409980774,0.6001596450805664,0.49528539180755615,0.049840331077575684,49.84033203125,0.0002853870391845703,0.2853870391845703,0.0002853870391845703,0.10083683580160141,0.9905465841293335,0,1,1,0.01,600,100,0.6416893005371094,4966.9130859375,0.9905465841293335,0.3542579412460327,0.7264512777328491,0.1352928876876831,0.10083683580160141,2.6555418968200684,0.5518473386764526,0.10153369605541229,0.38445642590522766,0.3814552128314972,0.6291042566299438
main,0.65,18,random,3.4517886638641357,3.287381172180176,0.16440756618976593,0.631868839263916,0.4956411123275757,0.018131136894226074,18.13113784790039,0.0006411075592041016,0.6411075592041016,0.0006411075592041016,0.05716928094625473,0.7801217436790466,0,0,0,0.01,600,100,0.6416893005371094,1756.3504638671875,0.07324297726154327,0.35457080602645874,0.7273451685905457,0.37304261326789856,0.7801217436790466,1.1715078353881836,0.05716928094625473,0.10295192897319794,0.43173089623451233,0.3739953339099884,0.4799065887928009
main,0.65,19,random,0.0002667583175934851,0.00025459914468228817,1.2159161997260526e-05,0.6498404145240784,0.4950055181980133,0.0001595616340637207,0.1595616340637207,5.513429641723633e-06,0.005513429641723633,5.513429641723633e-06,0.0784611850976944,0.9425157904624939,0,0,0,0.01,600,100,0.6416893005371094,2244.9541015625,0.21284404397010803,0.12746141850948334,0.0784611850976944,0.4298805296421051,0.9425157904624939,1.3220497369766235,0.10734990239143372,0.10966362804174423,0.6554542779922485,0.3583114445209503,0.16622909903526306
main,0.65,20,random,1.529050588607788,1.4475831985473633,0.08146743476390839,0.6379684209823608,0.49545130133628845,0.01203155517578125,12.03155517578125,0.0004512965679168701,0.4512965679168701,0.0004512965679168701,0.018244076520204544,0.7523545026779175,1,0,1,0.01,600,100,0.6416893005371094,1563.854248046875,0.018244076520204544,0.3518647849559784,0.7196137309074402,0.3633240759372711,0.7523545026779175,1.258245587348938,0.086081862449646,0.10771068185567856,0.5903560519218445,0.36494025588035583,0.29880496859550476
main,0.65,21,random,10.313580513000488,10.27203369140625,0.041546355932950974,0.6179499626159668,0.4953222870826721,0.03205001354217529,32.05001449584961,0.0003222823143005371,0.3222823143005371,0.0003222823143005371,0.3186517357826233,0.9258407354354858,0,0,0,0.01,600,100,0.6416893005371094,4740.4423828125,0.9258407354354858,0.22649028897285461,0.3614008128643036,0.2219046950340271,0.34829914569854736,1.9559552669525146,0.3186517357826233,0.1012425422668457,0.3747512996196747,0.37987032532691956,0.5974066257476807
main,0.65,22,random,1.0203098058700562,0.8990203738212585,0.12128947675228119,0.640518307685852,0.49555066227912903,0.009481668472290039,9.481668472290039,0.0005506575107574463,0.5506575107574463,0.0005506575107574463,0.10861131548881531,0.9476039409637451,0,0,0,0.01,600,100,0.6416893005371094,1987.2740478515625,0.13922114670276642,0.3744508624076843,0.7841453552246094,0.2145194560289383,0.32719844579696655,1.467880129814148,0.15596003830432892,0.11842811852693558,0.9476039409637451,0.35543057322502136,0.10861131548881531
main,0.65,23,random,28.85563087463379,28.85563087463379,0.0,0.5962825417518616,0.49457478523254395,0.05371743440628052,53.71743392944336,0.0,0.0,0.0,0.11767221987247467,0.9080066084861755,0,0,0,0.01,600,100,0.6416893005371094,4544.1953125,0.8697699904441833,0.14118528366088867,0.11767221987247467,0.4178023040294647,0.9080066084861755,2.1474509239196777,0.3824836015701294,0.09417301416397095,0.1391003578901291,0.3766181170940399,0.532362163066864
main,0.65,24,random,4.366504192352295,4.187095642089844,0.17940877377986908,0.6295375823974609,0.49566972255706787,0.020462393760681152,20.46239471435547,0.0006697177886962891,0.6697177886962891,0.0006697177886962891,0.3215061128139496,0.8165574073791504,0,0,0,0.01,600,100,0.6416893005371094,4357.951171875,0.8165574073791504,0.31410709023475647,0.6117345094680786,0.36033451557159424,0.7438129186630249,1.9645183086395264,0.3215061128139496,0.11344095319509506,0.781365156173706,0.37206268310546875,0.4412533938884735
main,0.65,25,random,11.458569526672363,10.591053009033203,0.8675166368484497,0.6174560785293579,0.49647268652915955,0.03254389762878418,32.54389953613281,0.0014726817607879639,1.4726817607879639,0.0014726817607879639,0.11294865608215332,0.7299360036849976,0,0,0,0.01,600,100,0.6416893005371094,1895.3203125,0.11294865608215332,0.35547760128974915,0.7299360036849976,0.27639710903167725,0.5039917230606079,2.199429988861084,0.3998100459575653,0.10549075901508331,0.5163586735725403,0.37153783440589905,0.43075689673423767
main,0.65,26,random,1.898423194885254,1.7859854698181152,0.11243773996829987,0.6366358995437622,0.4955301880836487,0.013364076614379883,13.364076614379883,0.0005301833152770996,0.5301833152770996,0.0005301833152770996,0.03687950596213341,0.619844377040863,0,0,0,0.01,600,100,0.6416893005371094,1629.0782470703125,0.03687950596213341,0.30575552582740784,0.5878729224205017,0.31694552302360535,0.619844377040863,1.31182861328125,0.1039428636431694,0.10326165705919266,0.4420551359653473,0.36666780710220337,0.333356112241745
main,0.65,27,random,4.317946910858154,4.148254871368408,0.16969218850135803,0.6296327114105225,0.49565133452415466,0.02036726474761963,20.367263793945312,0.0006513297557830811,0.651329755783081,0.0006513297557830811,0.10321973264217377,0.8539940118789673,0,0,0,0.01,600,100,0.6416893005371094,2467.709716796875,0.2764885127544403,0.3988978862762451,0.8539940118789673,0.33327025175094604,0.6664864420890808,1.3096592426300049,0.10321973264217377,0.10645294189453125,0.5484315156936646,0.3755272924900055,0.5105459690093994
main,0.65,28,random,0.05518451705574989,0.051896918565034866,0.0032875975593924522,0.6477218866348267,0.49509066343307495,0.0022780895233154297,2.2780895233154297,9.065866470336914e-05,0.09065866470336914,9.065866470336914e-05,0.14516110718250275,0.9312381148338318,0,0,0,0.01,600,100,0.6416893005371094,3440.908203125,0.5545451641082764,0.2344115674495697,0.38403308391571045,0.4259333312511444,0.9312381148338318,1.4354833364486694,0.14516110718250275,0.11268620938062668,0.7562071084976196,0.36700984835624695,0.34019699692726135
main,0.65,29,random,0.6023129820823669,0.6023129820823669,0.0,0.6422390937805176,0.4803449213504791,0.007760882377624512,7.760882377624512,0.0,0.0,0.0,0.05781237408518791,0.8889796137809753,0,0,0,0.01,600,100,0.6416893005371094,4611.4287109375,0.8889796137809753,0.28575435280799866,0.5307267308235168,0.16134285926818848,0.17526531219482422,1.1873557567596436,0.06245192140340805,0.11518631130456924,0.8395437002182007,0.35289061069488525,0.05781237408518791
main,0.65,30,random,33.452152252197266,33.16224670410156,0.2899072468280792,0.5924133062362671,0.4958513379096985,0.057586669921875,57.586669921875,0.0008513331413269043,0.8513331413269043,0.0008513331413269043,0.13971327245235443,0.4488619267940521,0,0,0,0.01,600,100,0.6416893005371094,2978.569580078125,0.42244845628738403,0.148899644613266,0.13971327245235443,0.25288575887680054,0.4368164837360382,1.8815622329711914,0.2938540577888489,0.09696648269891739,0.23221595585346222,0.3724430799484253,0.4488619267940521
main,0.65,31,random,64.9072265625,64.49732971191406,0.4098968505859375,0.5696897506713867,0.49601230025291443,0.08031022548675537,80.31022644042969,0.0010122954845428467,1.0122954845428467,0.0010122954845428467,0.1560366451740265,0.8714181780815125,0,0,0,0.01,600,100,0.6416893005371094,4549.9638671875,0.8714181780815125,0.2148008793592453,0.3280025124549866,0.3751453757286072,0.7861297130584717,2.554349899291992,0.5181166529655457,0.09468109905719757,0.1560366451740265,0.3684358298778534,0.3687164783477783
main,0.65,32,random,6.263913631439209,6.263913631439209,0.0,0.6249721646308899,0.47378796339035034,0.025027811527252197,25.02781105041504,0.0,0.0,0.0,0.05980050563812256,0.8458114862442017,0,0,0,0.01,600,100,0.6416893005371094,4460.33984375,0.8458114862442017,0.2823629081249237,0.5210369229316711,0.31500279903411865,0.6142936944961548,1.2236407995224,0.0745469480752945,0.11042667925357819,0.6808893084526062,0.3529900312423706,0.05980050563812256
main,0.65,33,random,0.03816800191998482,0.036459412425756454,0.0017085885629057884,0.6480905413627625,0.4950653612613678,0.0019094347953796387,1.9094347953796387,6.535649299621582e-05,0.06535649299621582,6.535649299621582e-05,0.07229487597942352,0.879186749458313,0,0,0,0.01,600,100,0.6416893005371094,3347.857421875,0.5279592871665955,0.20104676485061646,0.288705050945282,0.4077153503894806,0.879186749458313,1.2168846130371094,0.07229487597942352,0.11040080338716507,0.6800267696380615,0.36921000480651855,0.3842000961303711
main,0.65,34,random,0.5687092542648315,0.5439329147338867,0.024776343256235123,0.6426247954368591,0.4952488839626312,0.007375180721282959,7.375180721282959,0.00024887919425964355,0.24887919425964355,0.00024887919425964355,0.23414240777492523,0.9742499589920044,0,0,0,0.01,600,100,0.6416893005371094,3249.37548828125,0.4998215436935425,0.1866011619567871,0.2474319189786911,0.4409874677658081,0.9742499589920044,1.7024271488189697,0.23414240777492523,0.10909479111433029,0.6364929676055908,0.365547239780426,0.3109445869922638
main,0.65,35,random,0.007728819269686937,0.007396609056740999,0.0003322103584650904,0.649139940738678,0.4950288236141205,0.0008600354194641113,0.8600354194641113,2.8818845748901367e-05,0.028818845748901367,2.8818845748901367e-05,0.07763677835464478,0.982666015625,0,1,1,0.01,600,100,0.6416893005371094,3086.96923828125,0.4534198045730591,0.19159050285816193,0.26168715953826904,0.4439330995082855,0.982666015625,1.232910394668579,0.07763677835464478,0.10959374159574509,0.6531248092651367,0.36822056770324707,0.36441129446029663
main,0.65,36,random,0.07906435430049896,0.07627106457948685,0.002793291350826621,0.6472382545471191,0.4950835704803467,0.0027617216110229492,2.761721611022949,8.356571197509766e-05,0.08356571197509766,8.356571197509766e-05,0.22306814789772034,0.9954818487167358,0,1,1,0.01,600,100,0.6416893005371094,3218.492431640625,0.490997850894928,0.1858832836151123,0.24538080394268036,0.44841864705085754,0.9954818487167358,1.6692044734954834,0.22306814789772034,0.11187744140625,0.7292481660842896,0.36206430196762085,0.24128636717796326
main,0.65,37,random,44.66775131225586,44.47830581665039,0.18944507837295532,0.5833079218864441,0.49568819999694824,0.066692054271698,66.69205474853516,0.0006881952285766602,0.6881952285766602,0.0006881952285766602,0.12083399295806885,0.7493354678153992,0,0,0,0.01,600,100,0.6416893005371094,3950.2197265625,0.7000628113746643,0.19516849517822266,0.2719099819660187,0.362267404794693,0.7493354678153992,2.4173965454101562,0.47246551513671875,0.1009029746055603,0.3634324371814728,0.35604169964790344,0.12083399295806885
main,0.65,38,random,5.959334850311279,5.731191635131836,0.22814330458641052,0.6260600686073303,0.49575522541999817,0.023939907550811768,23.93990707397461,0.0007552206516265869,0.7552206516265869,0.0007552206516265869,0.05789149925112724,0.7304086685180664,0,0,0,0.01,600,100,0.6416893005371094,1702.6202392578125,0.05789149925112724,0.35564303398132324,0.7304086685180664,0.2970406115055084,0.562973141670227,1.397595763206482,0.13253191113471985,0.0994446873664856,0.3148229718208313,0.37725359201431274,0.5450717210769653
main,0.65,39,random,8.798158645629883,8.40190315246582,0.3962553143501282,0.6210139393806458,0.49599531292915344,0.028986036777496338,28.98603630065918,0.0009953081607818604,0.9953081607818604,0.0009953081607818604,0.12481282651424408,0.9339021444320679,0,0,0,0.01,600,100,0.6416893005371094,2280.947998046875,0.22312797605991364,0.42686572670936584,0.9339021444320679,0.3903024196624756,0.8294355273246765,1.3744385242462158,0.12481282651424408,0.10014189779758453,0.33806312084198,0.3845328688621521,0.6906572580337524
main,0.65,40,random,0.10203585028648376,0.09294681251049042,0.009089036844670773,0.6469512581825256,0.49515074491500854,0.003048717975616455,3.048717975616455,0.0001507401466369629,0.1507401466369629,0.0001507401466369629,0.03642020747065544,0.8270692825317383,0,0,0,0.01,600,100,0.6416893005371094,1731.035888671875,0.0660102441906929,0.37643077969551086,0.7898022532463074,0.31716036796569824,0.62045818567276,1.1092605590820312,0.03642020747065544,0.11481207609176636,0.8270692825317383,0.3571558892726898,0.14311765134334564
main,0.65,41,random,65.39230346679688,52.76656723022461,12.625733375549316,0.5773593783378601,0.5006182193756104,0.07264059782028198,72.64059448242188,0.0056182146072387695,5.6182146072387695,0.0056182146072387695,0.1327095478773117,0.8270812034606934,0,0,0,0.01,600,100,0.6416893005371094,1964.4833984375,0.1327095478773117,0.26686403155326843,0.47675439715385437,0.3894784152507782,0.8270812034606934,2.8886704444885254,0.6295568346977234,0.09524554759263992,0.17485156655311584,0.36146655678749084,0.22933147847652435
main,0.65,42,random,1.6051169633865356,1.5070295333862305,0.0980873852968216,0.6377238631248474,0.4954952001571655,0.012276113033294678,12.276113510131836,0.0004951953887939453,0.4951953887939453,0.0004951953887939453,0.11688359081745148,0.7127611041069031,0,0,0,0.01,600,100,0.6416893005371094,1909.092529296875,0.11688359081745148,0.3289387822151184,0.654110848903656,0.2750939726829529,0.5002684593200684,1.5581064224243164,0.18603549897670746,0.11138283461332321,0.7127611041069031,0.36084017157554626,0.21680359542369843
main,0.65,43,random,0.0023397060576826334,0.0022595480550080538,8.015810453798622e-05,0.6495246291160583,0.49501416087150574,0.00047534704208374023,0.47534704208374023,1.4156103134155273e-05,0.014156103134155273,1.4156103134155273e-05,0.06189641356468201,0.9162898659706116,0,0,0,0.01,600,100,0.6416893005371094,3273.125732421875,0.5066073536872864,0.20401233434677124,0.29717808961868286,0.42070144414901733,0.9162898659706116,1.1856892108917236,0.06189641356468201,0.1113109141588211,0.7103637456893921,0.367814838886261,0.35629668831825256
main,0.65,44,random,7.408406236208975e-05,7.053135050227866e-05,3.552713678800501e-06,0.6499159932136536,0.49500298500061035,8.398294448852539e-05,0.08398294448852539,2.9802322387695312e-06,0.0029802322387695312,2.9802322387695312e-06,0.09632577002048492,0.8206905722618103,0,0,0,0.01,600,100,0.6416893005371094,3127.962890625,0.4651322364807129,0.22319240868091583,0.3519783020019531,0.3872416913509369,0.8206905722618103,1.2889773845672607,0.09632577002048492,0.11304837465286255,0.7682791948318481,0.3653320372104645,0.3066405653953552
main,0.65,45,random,2.3848934173583984,2.238316535949707,0.146576926112175,0.6350389719009399,0.49560534954071045,0.014961004257202148,14.961004257202148,0.0006053447723388672,0.6053447723388672,0.0006053447723388672,0.20519065856933594,0.8267865180969238,0,0,0,0.01,600,100,0.6416893005371094,3681.077392578125,0.6231649518013,0.21378982067108154,0.32511377334594727,0.3893752694129944,0.8267865180969238,1.6155719757080078,0.20519065856933594,0.10583841800689697,0.527947187423706,0.37500467896461487,0.5000935196876526
main,0.65,46,random,9.52724838256836,9.158820152282715,0.36842820048332214,0.6197364330291748,0.49595972895622253,0.030263543128967285,30.26354217529297,0.0009597241878509521,0.9597241878509521,0.0009597241878509521,0.16026520729064941,0.7835569381713867,0,0,0,0.01,600,100,0.6416893005371094,2178.790283203125,0.19394007325172424,0.36248502135276794,0.749957263469696,0.37424492835998535,0.7835569381713867,1.4807956218719482,0.16026520729064941,0.09507881104946136,0.1692935675382614,0.3872942626476288,0.7458851933479309
main,0.65,47,random,73.00390625,64.08735656738281,8.916546821594238,0.5699453949928284,0.49972137808799744,0.08005458116531372,80.05458068847656,0.0047213733196258545,4.721373558044434,0.0047213733196258545,0.18086190521717072,0.870056688785553,0,0,0,0.01,600,100,0.6416893005371094,2133.0166015625,0.18086190521717072,0.2796132564544678,0.5131807327270508,0.27496960759162903,0.49991312623023987,3.6101701259613037,0.870056688785553,0.09819262474775314,0.27308738231658936,0.36174964904785156,0.23499295115470886
main,0.65,48,random,10.301653861999512,9.980137825012207,0.3215159475803375,0.6184086203575134,0.4958965480327606,0.03159135580062866,31.59135627746582,0.0008965432643890381,0.8965432643890381,0.0008965432643890381,0.020589541643857956,0.6535959243774414,0,0,0,0.01,600,100,0.6416893005371094,3087.408203125,0.45354515314102173,0.1956588327884674,0.27331095933914185,0.10720634460449219,0.020589541643857956,1.782146692276001,0.2607155740261078,0.10960787534713745,0.6535959243774414,0.3639800250530243,0.27960076928138733
main,0.65,49,random,0.15772104263305664,0.1442531794309616,0.013467857614159584,0.6462019085884094,0.4951834976673126,0.003798067569732666,3.798067569732666,0.00018349289894104004,0.18349289894104004,0.00018349289894104004,0.0941065177321434,0.9723736047744751,0,0,0,0.01,600,100,0.6416893005371094,1867.3248291015625,0.1049499437212944,0.40430426597595215,0.8694407939910889,0.30007603764533997,0.5716457962989807,1.3269827365875244,0.108994260430336,0.11917120218276978,0.9723736047744751,0.3547053337097168,0.0941065177321434
main,0.65,50,random,24.363819122314453,22.125978469848633,2.2378408908843994,0.6029617190361023,0.4973652958869934,0.047038257122039795,47.03825759887695,0.002365291118621826,2.365291118621826,0.002365291118621826,0.06181393563747406,0.6137232780456543,0,0,0,0.01,600,100,0.6416893005371094,1716.3487548828125,0.06181393563747406,0.3148031532764435,0.6137232780456543,0.26844480633735657,0.4812708795070648,2.4711194038391113,0.4903731644153595,0.10000772029161453,0.33359068632125854,0.3695704936981201,0.3914097249507904
main,0.65,51,random,1.1588318347930908,1.0950678586959839,0.06376396119594574,0.6395354270935059,0.49539926648139954,0.01046454906463623,10.46454906463623,0.0003992617130279541,0.3992617130279541,0.0003992617130279541,0.0040937368758022785,0.6282673478126526,1,0,1,0.01,600,100,0.6416893005371094,1514.328125,0.0040937368758022785,0.3022763431072235,0.5779324173927307,0.31989356875419617,0.6282673478126526,1.172382116317749,0.05746070295572281,0.10371474921703339,0.4571582078933716,0.3643108606338501,0.28621700406074524
main,0.65,52,random,4.843180179595947,4.843180179595947,0.0,0.6279927492141724,0.48428085446357727,0.022007226943969727,22.007226943969727,0.0,0.0,0.0,0.07113177329301834,0.9466959238052368,0,0,0,0.01,600,100,0.6416893005371094,4813.435546875,0.9466959238052368,0.3397529721260071,0.6850085258483887,0.12489612400531769,0.07113177329301834,1.331540822982788,0.1105135828256607,0.11216729879379272,0.7389100790023804,0.3623453676700592,0.24690723419189453
main,0.65,53,random,0.25982925295829773,0.24750833213329315,0.012320924550294876,0.6450249552726746,0.4951755106449127,0.004975020885467529,4.975020885467529,0.0001755058765411377,0.1755058765411377,0.0001755058765411377,0.07560527324676514,0.8448467254638672,0,0,0,0.01,600,100,0.6416893005371094,1764.618408203125,0.07560527324676514,0.3385002911090851,0.6814294457435608,0.3142159879207611,0.6120457053184509,1.432594895362854,0.14419829845428467,0.11534540355205536,0.8448467254638672,0.354187935590744,0.08375880867242813
main,0.65,54,random,0.06407669931650162,0.06202692165970802,0.002049775095656514,0.6475094556808472,0.4950715899467468,0.002490520477294922,2.490520477294922,7.158517837524414e-05,0.07158517837524414,7.158517837524414e-05,0.1124572828412056,0.928960919380188,0,0,0,0.01,600,100,0.6416893005371094,3906.010009765625,0.6874314546585083,0.3296974301338196,0.6562783718109131,0.34238743782043457,0.6925355792045593,1.337371826171875,0.1124572828412056,0.1178688257932663,0.928960919380188,0.3690304756164551,0.3806094825267792
main,0.65,55,random,0.11248497664928436,0.11007224768400192,0.002412731759250164,0.6466822624206543,0.4950776696205139,0.003317713737487793,3.317713737487793,7.766485214233398e-05,0.07766485214233398,7.766485214233398e-05,0.1126507818698883,0.9797092080116272,0,0,0,0.01,600,100,0.6416893005371094,3571.19091796875,0.5917688608169556,0.3651805818080902,0.757658839225769,0.3679821491241455,0.7656633257865906,1.3379523754119873,0.1126507818698883,0.11939127743244171,0.9797092080116272,0.36605560779571533,0.3211119771003723
main,0.65,56,random,1.066627860069275,1.0558065176010132,0.01082133874297142,0.6397247314453125,0.4951644837856293,0.01027524471282959,10.27524471282959,0.00016447901725769043,0.16447901725769043,0.00016447901725769043,0.10193809121847153,0.9339257478713989,0,0,0,0.01,600,100,0.6416893005371094,3554.739013671875,0.5870682597160339,0.4247554540634155,0.9278727173805237,0.2905735373497009,0.5444958209991455,1.305814266204834,0.10193809121847153,0.1180177703499794,0.9339257478713989,0.3689403533935547,0.3788069784641266
main,0.65,57,random,8.473289926769212e-05,8.283965871669352e-05,1.893241119432787e-06,0.6499089598655701,0.4950021803379059,9.101629257202148e-05,0.09101629257202148,2.175569534301758e-06,0.002175569534301758,2.175569534301758e-06,0.07855093479156494,0.9143853783607483,0,0,0,0.01,600,100,0.6416893005371094,3774.073974609375,0.6497354507446289,0.30048367381095886,0.5728105306625366,0.37451988458633423,0.7843425869941711,1.2356528043746948,0.07855093479156494,0.11743155866861343,0.9143853783607483,0.3677690625190735,0.3553811311721802
main,0.65,58,random,2.2169981002807617,2.1311588287353516,0.08583922684192657,0.6354014873504639,0.4954632520675659,0.014598488807678223,14.598488807678223,0.00046324729919433594,0.46324729919433594,0.00046324729919433594,0.09658358991146088,0.6654632091522217,0,0,0,0.01,600,100,0.6416893005371094,1838.0426025390625,0.09658358991146088,0.3329121172428131,0.6654632091522217,0.319177508354187,0.6262214183807373,1.3669805526733398,0.12232685089111328,0.10521842539310455,0.5072807669639587,0.36883535981178284,0.3767072260379791
main,0.65,59,random,0.2534315288066864,0.2510795295238495,0.002352013485506177,0.6449891924858093,0.4950766861438751,0.005010783672332764,5.010783672332764,7.668137550354004e-05,0.07668137550354004,7.668137550354004e-05,0.05089535191655159,0.8883622884750366,0,0,0,0.01,600,100,0.6416893005371094,3856.781982421875,0.6733662486076355,0.23824140429496765,0.394975483417511,0.16839954257011414,0.1954272836446762,1.1526861190795898,0.05089535191655159,0.11665086448192596,0.8883622884750366,0.3646596670150757,0.29319310188293457
main,0.65,60,random,1.5610307455062866,1.547290325164795,0.013740462251007557,0.6375609636306763,0.49518534541130066,0.01243901252746582,12.43901252746582,0.00018534064292907715,0.18534064292907715,0.00018534064292907715,0.0036240711342543364,0.9905853867530823,1,1,2,0.01,600,100,0.6416893005371094,4967.048828125,0.9905853867530823,0.2657616138458252,0.47360464930534363,0.10126842558383942,0.0036240711342543364,1.3223304748535156,0.10744350403547287,0.11272117495536804,0.7573724389076233,0.37237057089805603,0.44741150736808777
main,0.65,61,random,0.6055483818054199,0.5997899174690247,0.00575847877189517,0.6422553658485413,0.49511998891830444,0.00774461030960083,7.74461030960083,0.00011998414993286133,0.11998414993286133,0.00011998414993286133,0.08933885395526886,0.7883114814758301,0,0,0,0.01,600,100,0.6416893005371094,3981.635009765625,0.7090385556221008,0.21599742770195007,0.33142122626304626,0.14683184027671814,0.13380523025989532,1.2680165767669678,0.08933885395526886,0.11364933848381042,0.7883114814758301,0.3677448034286499,0.35489585995674133
main,0.65,62,random,4.1687726974487305,3.9764950275421143,0.192277729511261,0.6300588250160217,0.4956933259963989,0.01994115114212036,19.941150665283203,0.0006933212280273438,0.6933212280273438,0.0006933212280273438,0.008264063857495785,0.5682448148727417,1,0,1,0.01,600,100,0.6416893005371094,1528.9241943359375,0.008264063857495785,0.29888567328453064,0.5682448148727417,0.2976992726325989,0.5648550987243652,1.4950153827667236,0.1650051325559616,0.09489236027002335,0.16307850182056427,0.3765973448753357,0.5319469571113586
main,0.65,63,random,4.706848621368408,4.632933616638184,0.07391484081745148,0.6284757256507874,0.4954298734664917,0.021524250507354736,21.524250030517578,0.0004298686981201172,0.4298686981201172,0.0004298686981201172,0.06998506188392639,0.8894322514533997,0,0,0,0.01,600,100,0.6416893005371094,4413.998046875,0.8325707912445068,0.41130128502845764,0.8894322514533997,0.2090187668800354,0.3114822208881378,1.2099552154541016,0.06998506188392639,0.11232799291610718,0.7442664504051208,0.376190721988678,0.5238147377967834
main,0.65,64,random,11.451061248779297,10.901957511901855,0.5491040945053101,0.6169818639755249,0.49617165327072144,0.03301811218261719,33.01811218261719,0.0011716485023498535,1.1716485023498535,0.0011716485023498535,0.12634475529193878,0.7452765703201294,0,0,0,0.01,600,100,0.6416893005371094,1942.2066650390625,0.12634475529193878,0.36084678769111633,0.7452765703201294,0.26379019021987915,0.4679720103740692,1.9604909420013428,0.32016366720199585,0.103415846824646,0.447194904088974,0.37408074736595154,0.4816150367259979
main,0.65,65,random,0.0851811096072197,0.08018510788679123,0.004996003583073616,0.6471682786941528,0.49511176347732544,0.002831697463989258,2.831697463989258,0.00011175870895385742,0.11175870895385742,0.00011175870895385742,0.08748093992471695,0.9428797960281372,0,0,0,0.01,600,100,0.6416893005371094,2837.138671875,0.3820396363735199,0.20534980297088623,0.3009994626045227,0.4300079047679901,0.9428797960281372,1.2624428272247314,0.08748093992471695,0.1074967160820961,0.583223819732666,0.3696747422218323,0.3934948444366455
main,0.65,66,random,0.33120301365852356,0.3273294270038605,0.0038735962007194757,0.6442787051200867,0.49509841203689575,0.00572127103805542,5.72127103805542,9.840726852416992e-05,0.09840726852416992,9.840726852416992e-05,0.023462187498807907,0.7573063373565674,0,0,0,0.01,600,100,0.6416893005371094,4116.51171875,0.7475748062133789,0.21252372860908508,0.3214963376522064,0.10821177065372467,0.023462187498807907,1.2246057987213135,0.0748685821890831,0.11271919310092926,0.7573063373565674,0.3688317835330963,0.37663590908050537
main,0.65,67,random,0.6911793947219849,0.6460152864456177,0.045164093375205994,0.641962468624115,0.49533602595329285,0.0080375075340271,8.037508010864258,0.00033602118492126465,0.33602118492126465,0.00033602118492126465,0.17698447406291962,0.8176230192184448,0,0,0,0.01,600,100,0.6416893005371094,2864.189697265625,0.38976848125457764,0.1851794719696045,0.24336989223957062,0.3861680328845978,0.8176230192184448,1.546802043914795,0.18226736783981323,0.11402183771133423,0.8007279634475708,0.3588492274284363,0.17698447406291962
main,0.65,68,random,0.22477427124977112,0.21506771445274353,0.009706556797027588,0.6453624367713928,0.49515578150749207,0.004637539386749268,4.637539386749268,0.0001557767391204834,0.1557767391204834,0.0001557767391204834,0.045678041875362396,0.9387742877006531,0,0,0,0.01,600,100,0.6416893005371094,2466.266845703125,0.27607622742652893,0.11598731577396393,0.045678041875362396,0.4285709857940674,0.9387742877006531,1.4648892879486084,0.15496307611465454,0.107069231569767,0.5689743757247925,0.3616931140422821,0.23386229574680328
main,0.65,69,random,1.017863154411316,1.017863154411316,0.0,0.6399110555648804,0.4822332262992859,0.010088920593261719,10.088920593261719,0.0,0.0,0.0,0.0314103364944458,0.9007208943367004,0,0,0,0.01,600,100,0.6416893005371094,4652.5234375,0.9007208943367004,0.30445578694343567,0.5841593742370605,0.11099361628293991,0.0314103364944458,1.1813820600509644,0.06046070158481598,0.11377862840890884,0.7926210165023804,0.35669374465942383,0.13387508690357208
main,0.65,70,random,0.8375139832496643,0.7774084210395813,0.06010553985834122,0.6411828994750977,0.49538764357566833,0.008817076683044434,8.817076683044434,0.00038763880729675293,0.38763880729675293,0.00038763880729675293,0.0761612057685852,0.7032800912857056,0,0,0,0.01,600,100,0.6416893005371094,1766.564208984375,0.0761612057685852,0.3461480438709259,0.7032800912857056,0.3199533522129059,0.6284381747245789,1.2906712293624878,0.0968904197216034,0.10984485596418381,0.6614952683448792,0.3625505864620209,0.25101205706596375
main,0.65,71,random,23.5194034576416,22.989652633666992,0.5297516584396362,0.6020524501800537,0.49615082144737244,0.04794752597808838,47.94752502441406,0.0011508166790008545,1.1508166790008545,0.0011508166790008545,0.15356461703777313,0.654793918132782,0,0,0,0.01,600,100,0.6416893005371094,2037.47607421875,0.15356461703777313,0.3291778564453125,0.654793918132782,0.2579035758972168,0.451153039932251,2.5825164318084717,0.5275054574012756,0.10290545970201492,0.4301818609237671,0.36807724833488464,0.36154475808143616
main,0.65,72,random,5.431947231292725,5.354684829711914,0.07726228982210159,0.6268597841262817,0.4954394996166229,0.02314019203186035,23.14019203186035,0.0004394948482513428,0.4394948482513428,0.0004394948482513428,0.2540333867073059,0.9729044437408447,0,0,0,0.01,600,100,0.6416893005371094,4905.16552734375,0.9729044437408447,0.21522986888885498,0.3292281925678253,0.2345973253250122,0.38456377387046814,1.7621002197265625,0.2540333867073059,0.10868510603904724,0.6228370070457458,0.3748786449432373,0.49757304787635803
main,0.65,73,random,0.2698584198951721,0.26722609996795654,0.0026323064230382442,0.644830584526062,0.4950811266899109,0.005169391632080078,5.169391632080078,8.112192153930664e-05,0.08112192153930664,8.112192153930664e-05,0.06581573188304901,0.8018172979354858,0,0,0,0.01,600,100,0.6416893005371094,4032.762939453125,0.7236465215682983,0.22056981921195984,0.34448522329330444,0.12537850439548492,0.0725100114941597,1.1974471807479858,0.06581573188304901,0.11405451595783234,0.8018172979354858,0.367408812046051,0.3481765687465668
main,0.65,74,random,0.1519697904586792,0.142663836479187,0.009305951185524464,0.6462228894233704,0.4951525330543518,0.0037770867347717285,3.7770867347717285,0.0001525282859802246,0.1525282859802246,0.0001525282859802246,0.11720532178878784,0.9261559844017029,0,0,0,0.01,600,100,0.6416893005371094,3292.10791015625,0.512030839920044,0.3257710337638855,0.645060122013092,0.4241545796394348,0.9261559844017029,1.3516159057617188,0.11720532178878784,0.11595353484153748,0.8651177883148193,0.36682188510894775,0.33643773198127747
main,0.65,75,random,25.83647346496582,25.83647346496582,0.0,0.5991703867912292,0.49335232377052307,0.05082958936691284,50.82958984375,0.0,0.0,0.0,0.12309224903583527,0.8933685421943665,0,0,0,0.01,600,100,0.6416893005371094,4626.7900390625,0.8933685421943665,0.3688336908817291,0.7680962681770325,0.14308229088783264,0.12309224903583527,2.521937847137451,0.5073125958442688,0.10379508882761002,0.4598362147808075,0.37816715240478516,0.5633429288864136
main,0.65,76,random,1.694567084312439,1.6861618757247925,0.008405186235904694,0.6370147466659546,0.49514496326446533,0.0129852294921875,12.9852294921875,0.00014495849609375,0.14495849609375,0.00014495849609375,0.07158426940441132,0.9245371222496033,0,0,0,0.01,600,100,0.6416893005371094,4160.9443359375,0.7602697610855103,0.3952554166316986,0.8435869216918945,0.18271416425704956,0.2363261580467224,1.2147527933120728,0.07158426940441132,0.11773611605167389,0.9245371222496033,0.3701964020729065,0.40392789244651794
main,0.65,77,random,0.5570017099380493,0.519843339920044,0.03715837746858597,0.6427899599075317,0.49530479311943054,0.0072100162506103516,7.210016250610352,0.00030478835105895996,0.30478835105895996,0.00030478835105895996,0.08362369239330292,0.9491119980812073,0,0,0,0.01,600,100,0.6416893005371094,2194.5185546875,0.19843384623527527,0.29663166403770447,0.5618047714233398,0.2321905791759491,0.37768733501434326,1.4336786270141602,0.14455954730510712,0.1184733584523201,0.9491119980812073,0.354181170463562,0.08362369239330292
main,0.65,78,random,15.707491874694824,15.707491874694824,0.0,0.6103672981262207,0.4877203106880188,0.03963267803192139,39.6326789855957,0.0,0.0,0.0,0.07708811014890671,0.6240332126617432,0,0,0,0.01,600,100,0.6416893005371094,1769.808349609375,0.07708811014890671,0.2968071699142456,0.5623062252998352,0.31841161847114563,0.6240332126617432,1.8014349937438965,0.26714497804641724,0.0925728902220726,0.08576294034719467,0.3735522925853729,0.4710460603237152
main,0.65,79,random,32.16510009765625,30.764902114868164,1.4001965522766113,0.5945338606834412,0.4968709647655487,0.05546611547470093,55.46611404418945,0.001870959997177124,1.870959997177124,0.001870959997177124,0.23432892560958862,0.660547137260437,0,0,0,0.01,600,100,0.6416893005371094,2320.1513671875,0.23432892560958862,0.3311915099620819,0.660547137260437,0.24254149198532104,0.4072614014148712,2.8210558891296387,0.6070186495780945,0.10381030291318893,0.46034348011016846,0.3672771751880646,0.34554344415664673
main,0.65,80,random,0.0,0.0,0.0,0.6499999761581421,0.4949949085712433,0.0,0.0,0.0,0.0,0.0,0.022180944681167603,0.8598125576972961,0,0,0,0.01,600,100,0.6416893005371094,2604.92822265625,0.315693736076355,0.27793675661087036,0.5083907246589661,0.4009343981742859,0.8598125576972961,1.0665428638458252,0.022180944681167603,0.11523163318634033,0.8410544395446777,0.36029770970344543,0.20595426857471466
main,0.65,81,random,0.546474039554596,0.5139297246932983,0.03254429250955582,0.6428310871124268,0.4952852427959442,0.007168889045715332,7.168889045715332,0.00028523802757263184,0.28523802757263184,0.00028523802757263184,0.044864390045404434,0.6784526705741882,0,0,0,0.01,600,100,0.6416893005371094,1657.025390625,0.044864390045404434,0.332290381193161,0.6636868119239807,0.3228553831577301,0.6367296576499939,1.3212003707885742,0.10706676542758942,0.11035358160734177,0.6784526705741882,0.3592101037502289,0.18420195579528809
main,0.65,82,random,1.6738712787628174,1.6587361097335815,0.015135174617171288,0.63712078332901,0.49519452452659607,0.01287919282913208,12.879192352294922,0.0001945197582244873,0.1945197582244873,0.0001945197582244873,0.041914571076631546,0.9733068943023682,0,0,0,0.01,600,100,0.6416893005371094,4906.57421875,0.9733068943023682,0.2684302031993866,0.48122918605804443,0.11467009782791138,0.041914571076631546,1.3218122720718384,0.10727076232433319,0.11290990561246872,0.7636635899543762,0.3723100423812866,0.4462009370326996
main,0.65,83,random,0.0871405377984047,0.08437705039978027,0.0027634857688099146,0.6470952033996582,0.49508312344551086,0.0029047727584838867,2.9047727584838867,8.311867713928223e-05,0.08311867713928223,8.311867713928223e-05,0.06971026957035065,0.8227142095565796,0,0,0,0.01,600,100,0.6416893005371094,3460.748291015625,0.5602138042449951,0.21388840675354004,0.3253954350948334,0.38794997334480286,0.8227142095565796,1.2091307640075684,0.06971026957035065,0.11076312512159348,0.692104160785675,0.3697768449783325,0.39553678035736084
main,0.65,84,random,41.592594146728516,38.918914794921875,2.673678398132324,0.5876149535179138,0.49758538603782654,0.06238502264022827,62.3850212097168,0.002585381269454956,2.585381269454956,0.002585381269454956,0.243721604347229,0.6833802461624146,0,0,0,0.01,600,100,0.6416893005371094,3891.830810546875,0.6833802461624146,0.18530255556106567,0.243721604347229,0.2065334916114807,0.304381400346756,2.1627936363220215,0.38759782910346985,0.10048884153366089,0.34962812066078186,0.36451345682144165,0.29026922583580017
main,0.65,85,random,0.00031541174394078553,0.0002989893255289644,1.6422418411821127e-05,0.6498270630836487,0.49500641226768494,0.0001729130744934082,0.1729130744934082,6.407499313354492e-06,0.006407499313354492,6.407499313354492e-06,0.14547789096832275,0.9543241858482361,0,0,0,0.01,600,100,0.6416893005371094,3248.67626953125,0.49962180852890015,0.24635657668113708,0.41816169023513794,0.4340134561061859,0.9543241858482361,1.4364336729049683,0.14547789096832275,0.11414199322462082,0.8047332167625427,0.36488714814186096,0.2977428436279297
main,0.65,86,random,0.2039676308631897,0.20255647599697113,0.0014111552154645324,0.6454993486404419,0.49505940079689026,0.004500627517700195,4.500627517700195,5.939602851867676e-05,0.05939602851867676,5.939602851867676e-05,0.011858069337904453,0.7958056330680847,1,0,1,0.01,600,100,0.6416893005371094,4035.057373046875,0.7243021130561829,0.20996424555778503,0.3141835331916809,0.10415032505989075,0.011858069337904453,1.1787221431732178,0.05957403779029846,0.1138741672039032,0.7958056330680847,0.3669060170650482,0.33812013268470764
main,0.65,87,random,5.271791458129883,5.086766719818115,0.18502461910247803,0.6274461150169373,0.4956801235675812,0.022553861141204834,22.553861618041992,0.0006801187992095947,0.6801187992095947,0.0006801187992095947,0.055407214909791946,0.9520779252052307,0,0,0,0.01,600,100,0.6416893005371094,2090.324951171875,0.16866426169872284,0.3921028971672058,0.8345797657966614,0.119392529129982,0.055407214909791946,1.9521329402923584,0.31737765669822693,0.11856233328580856,0.9520779252052307,0.3580325245857239,0.16065040230751038
main,0.65,88,random,0.04531466215848923,0.04368004947900772,0.0016346124466508627,0.6479099988937378,0.4950639307498932,0.002089977264404297,2.089977264404297,6.392598152160645e-05,0.06392598152160645,6.392598152160645e-05,0.10339515656232834,0.9112069010734558,0,0,0,0.01,600,100,0.6416893005371094,3855.40966796875,0.672974169254303,0.31909826397895813,0.6259950399398804,0.34549999237060547,0.7014285922050476,1.310185432434082,0.10339515656232834,0.117336206138134,0.9112069010734558,0.368950754404068,0.379015177488327
main,0.65,89,random,0.020367702469229698,0.019393429160118103,0.000974273425526917,0.6486073732376099,0.4950493574142456,0.0013926029205322266,1.3926029205322266,4.935264587402344e-05,0.04935264587402344,4.935264587402344e-05,0.0945342630147934,0.8726508021354675,0,0,0,0.01,600,100,0.6416893005371094,3666.11669921875,0.6188904643058777,0.28079432249069214,0.5165552496910095,0.351886123418808,0.7196746468544006,1.2836027145385742,0.0945342630147934,0.11617952585220337,0.8726508021354675,0.36740487813949585,0.34809789061546326
main,0.65,90,random,0.2614652216434479,0.2526649534702301,0.008800259791314602,0.6449733972549438,0.49514833092689514,0.005026578903198242,5.026578903198242,0.00014832615852355957,0.14832615852355957,0.00014832615852355957,0.21013092994689941,0.920007586479187,0,0,0,0.01,600,100,0.6416893005371094,3481.078857421875,0.566022515296936,0.2314836084842682,0.3756674826145172,0.4220026433467865,0.920007586479187,1.6303927898406982,0.21013092994689941,0.11472108215093613,0.8240360617637634,0.3635224997997284,0.270450234413147
main,0.65,91,random,12.988091468811035,12.988091468811035,0.0,0.6139609813690186,0.48851537704467773,0.036038994789123535,36.03899383544922,0.0,0.0,0.0,0.02481464296579361,0.6128157377243042,0,0,0,0.01,600,100,0.6416893005371094,1586.8511962890625,0.02481464296579361,0.29494965076446533,0.5569989681243896,0.3144855201244354,0.6128157377243042,1.8154770135879517,0.2718256711959839,0.09549111127853394,0.1830368936061859,0.3681192994117737,0.3623860478401184
main,0.65,92,random,2.5640783309936523,2.469500780105591,0.09457744657993317,0.6342853307723999,0.4954862594604492,0.015714645385742188,15.714645385742188,0.0004862546920776367,0.4862546920776367,0.0004862546920776367,0.12186627089977264,0.8350571393966675,0,0,0,0.01,600,100,0.6416893005371094,2304.62353515625,0.22989240288734436,0.3922699987888336,0.8350571393966675,0.3299877643585205,0.6571078896522522,1.3655987977981567,0.12186627089977264,0.11013836413621902,0.6712787747383118,0.37003523111343384,0.4007047414779663
main,0.65,93,random,2.434473991394043,2.323761224746704,0.11071264743804932,0.6347560882568359,0.49552610516548157,0.015243887901306152,15.243887901306152,0.0005261003971099854,0.5261003971099854,0.0005261003971099854,0.09442748129367828,0.6542810201644897,0,0,0,0.01,600,100,0.6416893005371094,1830.4962158203125,0.09442748129367828,0.3289983570575714,0.6542810201644897,0.3218027353286743,0.6337221264839172,1.3149696588516235,0.10498988628387451,0.10424060374498367,0.4746866822242737,0.37010836601257324,0.40216705203056335
main,0.65,94,random,78.67743682861328,77.74484252929688,0.9325963258743286,0.5618269443511963,0.49652692675590515,0.0881730318069458,88.17303466796875,0.0015269219875335693,1.5269219875335693,0.0015269219875335693,0.23024585843086243,0.9396948218345642,0,0,0,0.01,600,100,0.6416893005371094,4478.43212890625,0.8509806394577026,0.3126181662082672,0.6074804663658142,0.42889317870140076,0.9396948218345642,3.6994142532348633,0.8998047709465027,0.09690737724304199,0.23024585843086243,0.36778590083122253,0.3557179570198059
main,0.65,95,random,102.25662231445312,101.8080825805664,0.44853830337524414,0.5490999817848206,0.49605894088745117,0.10089999437332153,100.89999389648438,0.0010589361190795898,1.0589361190795898,0.0010589361190795898,0.0456375777721405,0.8849202990531921,0,0,0,0.01,600,100,0.6416893005371094,4273.2841796875,0.7923668622970581,0.2796019911766052,0.5131485462188721,0.34098413586616516,0.6885260939598083,3.6547608375549316,0.8849202990531921,0.09136912971735,0.0456375777721405,0.3648075759410858,0.2961515784263611
main,0.65,96,random,0.0,0.0,0.0,0.6499999761581421,0.49498528242111206,0.0,0.0,0.0,0.0,0.0,0.027126476168632507,0.9731172919273376,0,0,0,0.01,600,100,0.6416893005371094,2794.7978515625,0.36994224786758423,0.10949426889419556,0.027126476168632507,0.440591037273407,0.9731172919273376,1.4142019748687744,0.1380673199892044,0.11184032261371613,0.7280107736587524,0.3581983745098114,0.16396749019622803
main,0.65,97,random,91.3465576171875,90.26465606689453,1.08189857006073,0.5549922585487366,0.49664461612701416,0.09500771760940552,95.00772094726562,0.0016446113586425781,1.6446113586425781,0.0016446113586425781,0.13597695529460907,0.8171895742416382,0,0,0,0.01,600,100,0.6416893005371094,3033.204833984375,0.4380585253238678,0.2746061384677887,0.498874694108963,0.20391041040420532,0.2968868613243103,3.451568603515625,0.8171895742416382,0.09407930821180344,0.13597695529460907,0.36014363169670105,0.20287244021892548
main,0.65,98,random,32.01713562011719,31.84894561767578,0.16818922758102417,0.5935651063919067,0.49564844369888306,0.05643486976623535,56.43486785888672,0.0006484389305114746,0.6484389305114746,0.0006484389305114746,0.08448711037635803,0.8157381415367126,0,0,0,0.01,600,100,0.6416893005371094,3246.478515625,0.4989938735961914,0.18426582217216492,0.24075947701931,0.38550832867622375,0.8157381415367126,2.2866337299346924,0.42887789011001587,0.1012457087635994,0.37485694885253906,0.3542243540287018,0.08448711037635803
main,0.65,99,random,1.1153109073638916,1.0553901195526123,0.059920839965343475,0.6397267580032349,0.4953870475292206,0.010273218154907227,10.273218154907227,0.000387042760848999,0.387042760848999,0.000387042760848999,0.02013413980603218,0.625988781452179,0,0,0,0.01,600,100,0.6416893005371094,1570.469482421875,0.02013413980603218,0.3059713840484619,0.5884896516799927,0.31909605860710144,0.625988781452179,1.0652008056640625,0.021733608096837997,0.10370905697345734,0.45696842670440674,0.3654686212539673,0.3093726634979248
main,0.7,0,random,26.997711181640625,25.526926040649414,1.47078537940979,0.6494758129119873,0.4969175457954407,0.05052417516708374,50.524173736572266,0.0019175410270690918,1.9175410270690918,0.0019175410270690918,0.014751202426850796,0.7629063725471497,1,0,1,0.01,600,100,0.7057023048400879,1551.629150390625,0.014751202426850796,0.3485078513622284,0.7100224494934082,0.3122873902320862,0.6065353751182556,1.1483503580093384,0.04945012181997299,0.1128871887922287,0.7629063725471497,0.3573783338069916,0.14756694436073303
main,0.7,1,random,15.2689790725708,14.864302635192871,0.40467631816864014,0.6614457368850708,0.4960058331489563,0.038554251194000244,38.55425262451172,0.0010058283805847168,1.0058283805847168,0.0010058283805847168,0.07589524239301682,0.9644928574562073,0,0,0,0.01,600,100,0.7057023048400879,2828.10888671875,0.3794597089290619,0.2200324833393097,0.3429499566555023,0.4375724792480469,0.9644928574562073,1.2276856899261475,0.07589524239301682,0.11840449273586273,0.9468165636062622,0.35800549387931824,0.1601100116968155
main,0.7,2,random,28.982685089111328,27.54905891418457,1.4336261749267578,0.6475127935409546,0.49689316749572754,0.052487194538116455,52.4871940612793,0.001893162727355957,1.893162727355957,0.001893162727355957,0.0400196798145771,0.7431575059890747,0,0,0,0.01,600,100,0.7057023048400879,1640.06884765625,0.0400196798145771,0.3524141013622284,0.721183180809021,0.31296685338020325,0.6084767580032349,1.2178258895874023,0.07260864228010178,0.11229472607374191,0.7431575059890747,0.35951685905456543,0.19033698737621307
main,0.7,3,random,23.647066116333008,22.76261329650879,0.8844519853591919,0.6522898077964783,0.49648699164390564,0.04771018028259277,47.710182189941406,0.0014869868755340576,1.4869868755340576,0.0014869868755340576,0.16758115589618683,0.9658694267272949,0,0,0,0.01,600,100,0.7057023048400879,2668.58447265625,0.3338812291622162,0.19034525752067566,0.2581292986869812,0.43805429339408875,0.9658694267272949,1.526526927947998,0.17550897598266602,0.11420901119709015,0.8069671988487244,0.358379065990448,0.16758115589618683
main,0.7,4,random,18.192068099975586,17.556385040283203,0.635683536529541,0.6580996513366699,0.4962606430053711,0.04190033674240112,41.90033721923828,0.0012606382369995117,1.2606382369995117,0.0012606382369995117,0.0920850932598114,0.9733768105506897,0,0,0,0.01,600,100,0.7057023048400879,2374.248291015625,0.24978524446487427,0.1322297751903534,0.0920850932598114,0.4406818747520447,0.9733768105506897,1.3518421649932861,0.11728071421384811,0.11339841037988663,0.77994704246521,0.3554725646972656,0.1094515323638916
main,0.7,5,random,42.95256805419922,42.2818489074707,0.670717716217041,0.6349754929542542,0.49629491567611694,0.0650244951248169,65.02449798583984,0.0012949109077453613,1.2949109077453613,0.0012949109077453613,0.1561535894870758,0.8162874579429626,0,0,0,0.01,600,100,0.7057023048400879,4357.005859375,0.8162874579429626,0.1966523379087448,0.27614954113960266,0.17873695492744446,0.2249627262353897,1.4684607982635498,0.1561535894870758,0.11065023392438889,0.6883411407470703,0.3735368847846985,0.4707378149032593
main,0.7,6,random,37.94027328491211,37.47347640991211,0.4667972922325134,0.6387844085693359,0.49608027935028076,0.06121557950973511,61.215579986572266,0.0010802745819091797,1.0802745819091797,0.0010802745819091797,0.07104946672916412,0.8184852004051208,0,0,0,0.01,600,100,0.7057023048400879,4364.6982421875,0.8184852004051208,0.213631272315979,0.3246607482433319,0.16439834237098694,0.18399527668952942,1.2131483554840088,0.07104946672916412,0.11258219927549362,0.7527399659156799,0.3730661869049072,0.46132364869117737
main,0.7,7,random,22.56882667541504,21.450035095214844,1.1187913417816162,0.6536858081817627,0.4966724216938019,0.04631417989730835,46.314178466796875,0.0016724169254302979,1.6724169254302979,0.0016724169254302979,0.13123701512813568,0.9261526465415955,0,0,0,0.01,600,100,0.7057023048400879,3162.2939453125,0.4749411344528198,0.20771300792694092,0.30775144696235657,0.4241534173488617,0.9261526465415955,1.3937110900878906,0.13123701512813568,0.11406932026147842,0.8023106455802917,0.36416497826576233,0.28329944610595703
main,0.7,8,random,22.91303825378418,21.653301239013672,1.259737253189087,0.6534668803215027,0.4967746436595917,0.04653310775756836,46.53310775756836,0.0017746388912200928,1.7746388912200928,0.0017746388912200928,0.04430322349071503,0.9193775057792664,0,0,0,0.01,600,100,0.7057023048400879,3185.10595703125,0.4814588725566864,0.23834624886512756,0.3952749967575073,0.42178210616111755,0.9193775057792664,1.1329096555709839,0.04430322349071503,0.11360260099172592,0.7867534756660461,0.36736661195755005,0.34733203053474426
main,0.7,9,random,28.73924446105957,28.555191040039062,0.18405300378799438,0.646562933921814,0.4956783354282379,0.05343705415725708,53.43705368041992,0.000678330659866333,0.678330659866333,0.000678330659866333,0.03143951669335365,0.8362034559249878,0,0,0,0.01,600,100,0.7057023048400879,4021.27734375,0.7203649282455444,0.22361460328102112,0.35318461060523987,0.1110038310289383,0.03143951669335365,1.1593888998031616,0.05312962085008621,0.11508610099554062,0.8362034559249878,0.36633220314979553,0.32664427161216736
main,0.7,10,random,159.5823974609375,154.50877380371094,5.0736188888549805,0.5756984353065491,0.49856147170066833,0.12430155277252197,124.30155181884766,0.003561466932296753,3.561466932296753,0.003561466932296753,0.07586295902729034,0.7718280553817749,0,0,0,0.01,600,100,0.7057023048400879,2065.7744140625,0.16164982318878174,0.2649494409561157,0.47128409147262573,0.37013980746269226,0.7718280553817749,2.8112595081329346,0.6037531495094299,0.09853807091712952,0.28460240364074707,0.3537931442260742,0.07586295902729034
main,0.7,11,random,33.499671936035156,31.993751525878906,1.5059211254119873,0.6434369683265686,0.4969403147697449,0.05656301975250244,56.563018798828125,0.001940310001373291,1.940310001373291,0.001940310001373291,0.08690375089645386,0.9423843622207642,0,0,0,0.01,600,100,0.7057023048400879,3020.649169921875,0.4344711899757385,0.2058935910463333,0.30255311727523804,0.4298345148563385,0.9423843622207642,1.2607111930847168,0.08690375089645386,0.10286810994148254,0.4289369285106659,0.37793099880218506,0.5586197972297668
main,0.7,12,random,41.11210250854492,41.01755905151367,0.09454266726970673,0.6359550356864929,0.49548617005348206,0.06404495239257812,64.04495239257812,0.00048616528511047363,0.48616528511047363,0.00048616528511047363,0.011140330694615841,0.9474302530288696,1,0,1,0.01,600,100,0.7057023048400879,4816.005859375,0.9474302530288696,0.32860246300697327,0.6531499028205872,0.10389911383390427,0.011140330694615841,1.3029167652130127,0.10097227990627289,0.11501841992139816,0.8339474201202393,0.37034401297569275,0.40688052773475647
main,0.7,13,random,16.923917770385742,16.01943016052246,0.9044885039329529,0.6599757075309753,0.4965037405490875,0.0400242805480957,40.0242805480957,0.0015037357807159424,1.5037357807159424,0.0015037357807159424,0.07692109793424606,0.957954466342926,0,0,0,0.01,600,100,0.7057023048400879,2844.15234375,0.38404354453086853,0.22642430663108826,0.3612123429775238,0.4352840483188629,0.957954466342926,1.23076331615448,0.07692109793424606,0.11712352931499481,0.9041176438331604,0.36026445031166077,0.2052893191576004
main,0.7,14,random,43.68012237548828,41.7443733215332,1.9357508420944214,0.6353901028633118,0.4971998631954193,0.06460988521575928,64.6098861694336,0.0021998584270477295,2.1998584270477295,0.0021998584270477295,0.29363521933555603,0.8436035513877869,0,0,0,0.01,600,100,0.7057023048400879,4178.8173828125,0.7653763890266418,0.3131607472896576,0.6090307235717773,0.39219367504119873,0.8348391056060791,1.8809056282043457,0.29363521933555603,0.11530810594558716,0.8436035513877869,0.3709445893764496,0.41889169812202454
main,0.7,15,random,15.051363945007324,14.550323486328125,0.5010402798652649,0.6618551015853882,0.4961192011833191,0.03814488649368286,38.1448860168457,0.0011191964149475098,1.1191964149475098,0.0011191964149475098,0.07597380131483078,0.9587299227714539,0,0,0,0.01,600,100,0.7057023048400879,2840.5830078125,0.38302376866340637,0.22151626646518707,0.347189337015152,0.4342746436595917,0.955070436000824,1.2279213666915894,0.07597380131483078,0.11876189708709717,0.9587299227714539,0.3578241467475891,0.1564832180738449
main,0.7,16,random,88.80418395996094,88.4939193725586,0.31026583909988403,0.6059287786483765,0.49588072299957275,0.09407120943069458,94.07121276855469,0.0008807182312011719,0.8807182312011719,0.0008807182312011719,0.1000780239701271,0.30036887526512146,0,0,0,0.01,600,100,0.7057023048400879,2021.3955078125,0.14897014200687408,0.14000269770622253,0.11429344117641449,0.14171507954597473,0.1191859170794487,1.901106595993042,0.30036887526512146,0.09833192825317383,0.2777308523654938,0.35500389337539673,0.1000780239701271
main,0.7,17,random,72.74211883544922,72.38915252685547,0.3529658317565918,0.6149181723594666,0.49593937397003174,0.08508181571960449,85.08181762695312,0.0009393692016601562,0.9393692016601562,0.0009393692016601562,0.11858084052801132,0.7019426822662354,0,0,0,0.01,600,100,0.7057023048400879,3546.2783203125,0.5846509337425232,0.21998050808906555,0.34280145168304443,0.14150330424308777,0.11858084052801132,1.8944164514541626,0.298138827085495,0.11105827987194061,0.7019426822662354,0.36209365725517273,0.24187320470809937
main,0.7,18,random,27.00745964050293,26.839887619018555,0.16757138073444366,0.6481927633285522,0.49564725160598755,0.0518072247505188,51.80722427368164,0.0006472468376159668,0.6472468376159668,0.0006472468376159668,0.033762771636247635,0.9199846982955933,0,0,0,0.01,600,100,0.7057023048400879,3906.138916015625,0.6874682903289795,0.23441296815872192,0.384037047624588,0.1190788671374321,0.054511044174432755,1.1012883186340332,0.033762771636247635,0.11759953945875168,0.9199846982955933,0.36295899748802185,0.25918006896972656
main,0.7,19,random,18.45671272277832,17.773277282714844,0.6834354400634766,0.6578416228294373,0.4963071346282959,0.04215836524963379,42.158363342285156,0.0013071298599243164,1.3071298599243164,0.0013071298599243164,0.12906929850578308,0.9942584037780762,0,1,1,0.01,600,100,0.7057023048400879,2847.83447265625,0.3850955367088318,0.17545311152935028,0.2155803143978119,0.44799041748046875,0.9942584037780762,1.3872078657150269,0.12906929850578308,0.1148393303155899,0.8279778361320496,0.3597985804080963,0.1959715634584427
main,0.7,20,random,43.85261154174805,41.583248138427734,2.269361972808838,0.6355149149894714,0.49738189578056335,0.06448507308959961,64.48507690429688,0.0023818910121917725,2.3818910121917725,0.0023818910121917725,0.14842386543750763,0.8528866171836853,0,0,0,0.01,600,100,0.7057023048400879,3161.26708984375,0.47464779019355774,0.27287179231643677,0.49391937255859375,0.20993754267692566,0.3141072690486908,1.445271611213684,0.14842386543750763,0.11558659374713898,0.8528866171836853,0.3660188615322113,0.32037729024887085
main,0.7,21,random,46.079010009765625,44.40526580810547,1.6737456321716309,0.6333627104759216,0.4970455765724182,0.06663727760314941,66.63727569580078,0.002045571804046631,2.045571804046631,0.002045571804046631,0.09087154269218445,0.660728394985199,0,0,0,0.01,600,100,0.7057023048400879,1818.0504150390625,0.09087154269218445,0.32128942012786865,0.632255494594574,0.3312549293041229,0.660728394985199,1.402947187423706,0.13431571424007416,0.10092014074325562,0.36400464177131653,0.3750624358654022,0.5012487173080444
main,0.7,22,random,27.628114700317383,26.118026733398438,1.510087490081787,0.648894190788269,0.49694299697875977,0.051105797290802,51.105796813964844,0.0019429922103881836,1.9429922103881836,0.0019429922103881836,0.01282107550650835,0.7571148872375488,1,0,1,0.01,600,100,0.7057023048400879,1544.873779296875,0.01282107550650835,0.3305014669895172,0.6585755944252014,0.3195430040359497,0.6272656917572021,1.2726852893829346,0.09089507907629013,0.11271344125270844,0.7571148872375488,0.3560658395290375,0.12131672352552414
main,0.7,23,random,24.021135330200195,22.666595458984375,1.3545403480529785,0.6523905396461487,0.4968402087688446,0.04760944843292236,47.60944747924805,0.0018402040004730225,1.8402040004730225,0.0018402040004730225,0.026247402653098106,0.8776564002037048,0,0,0,0.01,600,100,0.7057023048400879,1591.865966796875,0.026247402653098106,0.35112130641937256,0.71748948097229,0.31961795687675476,0.6274799108505249,1.1866544485092163,0.06221814081072807,0.11632969230413437,0.8776564002037048,0.35349002480506897,0.06980033963918686
main,0.7,24,random,15.100113868713379,14.715307235717773,0.38480645418167114,0.6616394519805908,0.495980829000473,0.038360536098480225,38.36053466796875,0.0009808242321014404,0.9808242321014404,0.0009808242321014404,0.0740652084350586,0.9745048880577087,0,0,0,0.01,600,100,0.7057023048400879,2835.08740234375,0.38145357370376587,0.21792340278625488,0.3369239866733551,0.44107669591903687,0.9745048880577087,1.2221956253051758,0.0740652084350586,0.1184459701180458,0.9481990337371826,0.35796689987182617,0.15933828055858612
main,0.7,25,random,23.440475463867188,21.45500373840332,1.9854726791381836,0.6536804437637329,0.4972279369831085,0.046319544315338135,46.31954574584961,0.0022279322147369385,2.2279322147369385,0.0022279322147369385,0.07280302792787552,0.9496756792068481,0,0,0,0.01,600,100,0.7057023048400879,2844.900634765625,0.38425731658935547,0.15471792221069336,0.1563369333744049,0.37154772877693176,0.7758507132530212,1.2184090614318848,0.07280302792787552,0.11849026381969452,0.9496756792068481,0.3575734794139862,0.15146967768669128
main,0.7,26,random,33.642295837402344,32.0992317199707,1.5430634021759033,0.6433438062667847,0.49696409702301025,0.05665618181228638,56.65618133544922,0.001964092254638672,1.9640922546386719,0.001964092254638672,0.07433677464723587,0.8378735184669495,0,0,0,0.01,600,100,0.7057023048400879,3555.998046875,0.5874280333518982,0.21107646822929382,0.31736132502555847,0.39325571060180664,0.8378735184669495,1.2230103015899658,0.07433677464723587,0.10586920380592346,0.528973400592804,0.37790170311927795,0.55803382396698
main,0.7,27,random,88.38481140136719,87.85944366455078,0.525370717048645,0.6062666177749634,0.4961460530757904,0.09373337030410767,93.73336791992188,0.0011460483074188232,1.1460483074188232,0.0011460483074188232,0.23411384224891663,0.9149734377861023,0,0,0,0.01,600,100,0.7057023048400879,3147.160888671875,0.4706173837184906,0.18193984031677246,0.23411384224891663,0.42024070024490356,0.9149734377861023,2.0339927673339844,0.3446643054485321,0.09922182559967041,0.3073941469192505,0.3654419183731079,0.3088383674621582
main,0.7,28,random,151.5927276611328,151.5927276611328,0.0,0.5768769979476929,0.4946969747543335,0.12312299013137817,123.12299346923828,0.0,0.0,0.0,0.09091456979513168,0.9593827724456787,0,0,0,0.01,600,100,0.7057023048400879,4857.83984375,0.9593827724456787,0.13182009756565094,0.09091456979513168,0.30726495385169983,0.5921856164932251,2.399212598800659,0.4664041996002197,0.09547314792871475,0.18243829905986786,0.3642774820327759,0.28554996848106384
main,0.7,29,random,31.57050323486328,30.089458465576172,1.481044054031372,0.6451461315155029,0.4969242215156555,0.054853856563568115,54.85385513305664,0.0019242167472839355,1.9242167472839355,0.0019242167472839355,0.11526435613632202,0.8700686097145081,0,0,0,0.01,600,100,0.7057023048400879,2598.14990234375,0.31375712156295776,0.23497501015663147,0.3856429159641266,0.4045239984989166,0.8700686097145081,1.3457930088043213,0.11526435613632202,0.10937449336051941,0.6458163857460022,0.36760464310646057,0.3520927429199219
main,0.7,30,random,185.82339477539062,185.66815185546875,0.15524549782276154,0.5637398958206177,0.49562299251556396,0.13626009225845337,136.2600860595703,0.0006229877471923828,0.6229877471923828,0.0006229877471923828,0.10088647902011871,0.9422386288642883,0,0,0,0.01,600,100,0.7057023048400879,4797.8349609375,0.9422386288642883,0.15449418127536774,0.15569767355918884,0.40245679020881653,0.8641623258590698,2.8018388748168945,0.6006129384040833,0.09407664835453033,0.13588811457157135,0.35504430532455444,0.10088647902011871
main,0.7,31,random,12.782358169555664,11.85398006439209,0.928378164768219,0.6655703783035278,0.4965234696865082,0.03442960977554321,34.42961120605469,0.0015234649181365967,1.5234649181365967,0.0015234649181365967,0.009016912430524826,0.9347190260887146,1,0,1,0.01,600,100,0.7057023048400879,2159.462890625,0.18841800093650818,0.13978134095668793,0.11366098374128342,0.4271516501903534,0.9347190260887146,1.19148588180542,0.06382864713668823,0.11777245998382568,0.9257487058639526,0.3504508435726166,0.009016912430524826
main,0.7,32,random,29.91543197631836,28.502851486206055,1.4125800132751465,0.6466119289398193,0.4968792200088501,0.05338805913925171,53.388057708740234,0.0018792152404785156,1.8792152404785156,0.0018792152404785156,0.18941360712051392,0.9014508724212646,0,0,0,0.01,600,100,0.7057023048400879,3613.7451171875,0.6039271950721741,0.2817018926143646,0.5191482901573181,0.41550779342651367,0.9014508724212646,1.5682408809661865,0.18941360712051392,0.1151539534330368,0.8384650349617004,0.36863845586776733,0.37276890873908997
main,0.7,33,random,22.995569229125977,21.466102600097656,1.5294666290283203,0.6536684632301331,0.49695542454719543,0.04633152484893799,46.33152389526367,0.0019554197788238525,1.9554197788238525,0.0019554197788238525,0.03381975367665291,0.9271649122238159,0,0,0,0.01,600,100,0.7057023048400879,1618.369140625,0.03381975367665291,0.3611816465854645,0.746233344078064,0.31901031732559204,0.6257437467575073,1.1565734148025513,0.052191123366355896,0.11781494319438934,0.9271649122238159,0.3527602255344391,0.05520443618297577
main,0.7,34,random,40.09996795654297,37.74711227416992,2.3528573513031006,0.6385613083839417,0.4974253177642822,0.061438679695129395,61.43867874145508,0.0024253129959106445,2.4253129959106445,0.0024253129959106445,0.06937608867883682,0.8651746511459351,0,0,0,0.01,600,100,0.7057023048400879,1742.8162841796875,0.06937608867883682,0.3192174732685089,0.626335620880127,0.40281111001968384,0.8651746511459351,1.329880714416504,0.10996025055646896,0.10818270593881607,0.6060901880264282,0.3667881488800049,0.33576303720474243
main,0.7,35,random,49.528167724609375,47.581966400146484,1.946202278137207,0.6310203075408936,0.49720579385757446,0.06897968053817749,68.97968292236328,0.002205789089202881,2.205789089202881,0.002205789089202881,0.08564639091491699,0.6272926926612854,0,0,0,0.01,600,100,0.7057023048400879,1799.7623291015625,0.08564639091491699,0.27576854825019836,0.5021958947181702,0.3195524513721466,0.6272926926612854,1.5189273357391357,0.1729757934808731,0.0952402725815773,0.17467576265335083,0.3788636028766632,0.5772720575332642
main,0.7,36,random,42.75439453125,40.58026885986328,2.1741256713867188,0.636297345161438,0.4973313808441162,0.06370264291763306,63.70264434814453,0.002331376075744629,2.331376075744629,0.002331376075744629,0.04180491715669632,0.6942102909088135,0,0,0,0.01,600,100,0.7057023048400879,1646.3172607421875,0.04180491715669632,0.3275962173938751,0.6502748727798462,0.34297358989715576,0.6942102909088135,1.2423348426818848,0.08077828586101532,0.10304656624794006,0.43488553166389465,0.37176406383514404,0.4352811574935913
main,0.7,37,random,20.260482788085938,19.37340545654297,0.8870774507522583,0.6559847593307495,0.49648919701576233,0.04401522874832153,44.015228271484375,0.001489192247390747,1.489192247390747,0.001489192247390747,0.016009628772735596,0.9049784541130066,1,0,1,0.01,600,100,0.7057023048400879,3164.646484375,0.4756132662296295,0.2424059808254242,0.40687426924705505,0.4167424440383911,0.9049784541130066,1.0480289459228516,0.016009628772735596,0.11658143252134323,0.8860477805137634,0.3634820878505707,0.2696418762207031
main,0.7,38,random,27.34480857849121,25.82920265197754,1.5156052112579346,0.6491775512695312,0.4969465434551239,0.050822436809539795,50.82243728637695,0.0019465386867523193,1.9465386867523193,0.0019465386867523193,0.013598469085991383,0.7932859659194946,1,0,1,0.01,600,100,0.7057023048400879,1701.3472900390625,0.05752779170870781,0.3590291440486908,0.7400833368301392,0.3160943388938904,0.6174123883247375,1.0407954454421997,0.013598469085991383,0.11379857361316681,0.7932859659194946,0.35925549268722534,0.18510998785495758
main,0.7,39,random,38.54213333129883,34.00775909423828,4.534372806549072,0.64168381690979,0.4983668923377991,0.058316171169281006,58.31616973876953,0.0033668875694274902,3.3668875694274902,0.0033668875694274902,0.21814456582069397,0.8791684508323669,0,0,0,0.01,600,100,0.7057023048400879,2907.74267578125,0.4022121727466583,0.21038411557674408,0.3153831958770752,0.40770894289016724,0.8791684508323669,1.6544337272644043,0.21814456582069397,0.11170259863138199,0.7234199047088623,0.3651779294013977,0.3035587966442108
main,0.7,40,random,26.2288875579834,26.1419734954834,0.08691389858722687,0.6488707661628723,0.4954661428928375,0.05112922191619873,51.12922286987305,0.0004661381244659424,0.4661381244659424,0.0004661381244659424,0.015293782576918602,0.9471940398216248,1,0,1,0.01,600,100,0.7057023048400879,3911.46728515625,0.6889906525611877,0.23352977633476257,0.38151368498802185,0.10535282641649246,0.015293782576918602,1.1326162815093994,0.044205427169799805,0.11841581761837006,0.9471940398216248,0.3614400625228882,0.2288013994693756
main,0.7,41,random,105.15670776367188,102.41304779052734,2.7436609268188477,0.5988006591796875,0.49761900305747986,0.10119932889938354,101.19932556152344,0.0026189982891082764,2.6189982891082764,0.0026189982891082764,0.06426136195659637,0.7379403710365295,0,0,0,0.01,600,100,0.7057023048400879,1724.914794921875,0.06426136195659637,0.3185425400733948,0.6244072914123535,0.35827910900115967,0.7379403710365295,2.6161365509033203,0.5387121438980103,0.10055404901504517,0.35180172324180603,0.3687087893486023,0.3741755187511444
main,0.7,42,random,37.13045120239258,35.02705383300781,2.103395938873291,0.640816330909729,0.4972931444644928,0.05918365716934204,59.183658599853516,0.002293139696121216,2.293139696121216,0.002293139696121216,0.029560307040810585,0.6376086473464966,0,0,0,0.01,600,100,0.7057023048400879,1603.4610595703125,0.029560307040810585,0.301377534866333,0.5753644108772278,0.3231630325317383,0.6376086473464966,1.1201831102371216,0.040061019361019135,0.10373048484325409,0.45768269896507263,0.36777400970458984,0.35547998547554016
main,0.7,43,random,119.31305694580078,116.00200653076172,3.3110504150390625,0.59229576587677,0.4978770911693573,0.10770422220230103,107.7042236328125,0.0028770864009857178,2.8770864009857178,0.0028770864009857178,0.052131783217191696,0.5791688561439514,0,0,0,0.01,600,100,0.7057023048400879,3527.0908203125,0.5791688561439514,0.11824612319469452,0.052131783217191696,0.21894285082817078,0.3398367166519165,2.0093512535095215,0.33645036816596985,0.1016494631767273,0.388315349817276,0.36516115069389343,0.30322301387786865
main,0.7,44,random,35.1485710144043,33.498443603515625,1.6501271724700928,0.6421221494674683,0.4970310926437378,0.05787783861160278,57.877838134765625,0.002031087875366211,2.031087875366211,0.002031087875366211,0.13535365462303162,0.8860332369804382,0,0,0,0.01,600,100,0.7057023048400879,3918.995849609375,0.691141664981842,0.302580326795578,0.5788009762763977,0.4101116359233856,0.8860332369804382,1.4060609340667725,0.13535365462303162,0.11177301406860352,0.7257673144340515,0.3755543828010559,0.5110876560211182
main,0.7,45,random,23.504087448120117,21.971261978149414,1.5328251123428345,0.6531264781951904,0.49695757031440735,0.046873509883880615,46.87350845336914,0.0019575655460357666,1.9575655460357666,0.0019575655460357666,0.05299516022205353,0.9353220462799072,0,0,0,0.01,600,100,0.7057023048400879,1707.74462890625,0.05935562029480934,0.35731568932533264,0.7351877093315125,0.3248268663883209,0.6423624753952026,1.1589854955673218,0.05299516022205353,0.1180596575140953,0.9353220462799072,0.35352855920791626,0.07057129591703415
main,0.7,46,random,40.65557098388672,38.217533111572266,2.438037633895874,0.6381796598434448,0.49746882915496826,0.06182032823562622,61.82032775878906,0.0024688243865966797,2.4688243865966797,0.0024688243865966797,0.10163754969835281,0.5863093137741089,0,0,0,0.01,600,100,0.7057023048400879,1919.251220703125,0.11978605389595032,0.14276841282844543,0.12219547480344772,0.135573148727417,0.10163754969835281,1.5732355117797852,0.19107849895954132,0.10758928209543228,0.5863093137741089,0.35577818751335144,0.11556407064199448
main,0.7,47,random,64.86945343017578,61.4132080078125,3.4562463760375977,0.6216334104537964,0.49793949723243713,0.07836657762527466,78.3665771484375,0.0029394924640655518,2.9394924640655518,0.0029394924640655518,0.0981271043419838,0.8494991064071655,0,0,0,0.01,600,100,0.7057023048400879,3898.668212890625,0.685333788394928,0.32031115889549255,0.6294604539871216,0.13434448838233948,0.0981271043419838,1.8111461400985718,0.2703820466995239,0.11548496782779694,0.8494991064071655,0.36935263872146606,0.38705265522003174
main,0.7,48,random,142.34506225585938,137.9803009033203,4.364767074584961,0.5825349688529968,0.4983033239841461,0.11746501922607422,117.46501922607422,0.003303319215774536,3.303319215774536,0.003303319215774536,0.0900958701968193,0.6820303201675415,0,0,0,0.01,600,100,0.7057023048400879,1815.3355712890625,0.0900958701968193,0.27599072456359863,0.5028306245803833,0.33871060609817505,0.6820303201675415,2.722407817840576,0.5741358995437622,0.09878341108560562,0.2927802503108978,0.3575533628463745,0.1510673612356186
main,0.7,49,random,59.68630599975586,57.235595703125,2.450709104537964,0.6243457794189453,0.4974752366542816,0.07565420866012573,75.65420532226562,0.002475231885910034,2.475231885910034,0.002475231885910034,0.12565238773822784,0.5310579538345337,0,0,0,0.01,600,100,0.7057023048400879,3002.28564453125,0.42922452092170715,0.14491063356399536,0.12831608951091766,0.1439783275127411,0.12565238773822784,1.464737892150879,0.15491260588169098,0.10593173652887344,0.5310579538345337,0.37390580773353577,0.47811591625213623
main,0.7,50,random,70.760009765625,67.72173309326172,3.0382790565490723,0.6177067756652832,0.4977560341358185,0.08229321241378784,82.293212890625,0.0027560293674468994,2.7560293674468994,0.0027560293674468994,0.13323284685611725,0.6430759429931641,0,0,0,0.01,600,100,0.7057023048400879,2266.14404296875,0.21889826655387878,0.1468496173620224,0.13385604321956635,0.24892041087150574,0.42548686265945435,1.5076597929000854,0.16921992599964142,0.09399698674678802,0.13323284685611725,0.38215380907058716,0.6430759429931641
main,0.7,51,random,70.57320404052734,67.22459411621094,3.348609209060669,0.6180093884468079,0.497893363237381,0.08199059963226318,81.9906005859375,0.0028933584690093994,2.8933584690093994,0.0028933584690093994,0.09670485556125641,0.9206839203834534,0,0,0,0.01,600,100,0.7057023048400879,4722.3935546875,0.9206839203834534,0.14556241035461426,0.1301783323287964,0.40939417481422424,0.8839833736419678,1.8484745025634766,0.282824844121933,0.09290114790201187,0.09670485556125641,0.39346230030059814,0.869246244430542
main,0.7,52,random,22.732112884521484,21.324501037597656,1.4076111316680908,0.6538215279579163,0.49687591195106506,0.046178460121154785,46.17845916748047,0.0018759071826934814,1.8759071826934814,0.0018759071826934814,0.016229603439569473,0.9081457853317261,1,0,1,0.01,600,100,0.7057023048400879,1556.8035888671875,0.016229603439569473,0.3655624985694885,0.7587500214576721,0.3135855793952942,0.6102445125579834,1.1093084812164307,0.036436181515455246,0.11724437028169632,0.9081457853317261,0.352855384349823,0.057108063250780106
main,0.7,53,random,145.9022216796875,128.529052734375,17.373172760009766,0.586629331111908,0.501590371131897,0.11337065696716309,113.37065887451172,0.006590366363525391,6.590366363525391,0.006590366363525391,0.18210867047309875,0.8020952939987183,0,0,0,0.01,600,100,0.7057023048400879,4307.33349609375,0.8020952939987183,0.16373804211616516,0.18210867047309875,0.2421456277370453,0.4061303734779358,2.261861562728882,0.42062050104141235,0.09955772012472153,0.31859061121940613,0.36609378457069397,0.32187557220458984
main,0.7,54,random,32.4086799621582,32.1668701171875,0.24181045591831207,0.6432841420173645,0.49577751755714417,0.05671584606170654,56.71584701538086,0.000777512788772583,0.777512788772583,0.000777512788772583,0.0879836454987526,0.8196660876274109,0,0,0,0.01,600,100,0.7057023048400879,3902.037353515625,0.6862964034080505,0.2166893482208252,0.33339813351631165,0.14927555620670319,0.1407873034477234,1.2639509439468384,0.0879836454987526,0.11458998173475266,0.8196660876274109,0.36707624793052673,0.34152504801750183
main,0.7,55,random,26.549781799316406,25.247507095336914,1.302274227142334,0.6497530937194824,0.4968043565750122,0.05024689435958862,50.24689483642578,0.001804351806640625,1.804351806640625,0.001804351806640625,0.029584703966975212,0.7980445027351379,0,0,0,0.01,600,100,0.7057023048400879,1603.5465087890625,0.029584703966975212,0.35919591784477234,0.7405597567558289,0.3118981122970581,0.6054232120513916,1.1617844104766846,0.05392812192440033,0.11394133418798447,0.7980445027351379,0.3573397696018219,0.14679543673992157
main,0.7,56,random,23.25580406188965,23.25580406188965,0.0,0.6517757177352905,0.4848055839538574,0.04822427034378052,48.22426986694336,0.0,0.0,0.0,0.02025592513382435,0.9928391575813293,0,1,1,0.01,600,100,0.7057023048400879,4225.4453125,0.7786986827850342,0.3099910318851471,0.5999743938446045,0.14080938696861267,0.1165982261300087,1.1245613098144531,0.04152042418718338,0.11978517472743988,0.9928391575813293,0.35101279616355896,0.02025592513382435
main,0.7,57,random,63.381160736083984,62.70152282714844,0.6796386241912842,0.6208156943321228,0.4963034987449646,0.07918429374694824,79.18429565429688,0.0013034939765930176,1.3034939765930176,0.0013034939765930176,0.020056234672665596,0.9437418580055237,0,0,0,0.01,600,100,0.7057023048400879,1925.6939697265625,0.1216268390417099,0.34132102131843567,0.6894886493682861,0.1834205985069275,0.23834457993507385,2.307575225830078,0.43585845828056335,0.11831225454807281,0.9437418580055237,0.3510028123855591,0.020056234672665596
main,0.7,58,random,17.390920639038086,16.66569709777832,0.7252234816551208,0.6591763496398926,0.49634650349617004,0.04082363843917847,40.823638916015625,0.001346498727798462,1.346498727798462,0.001346498727798462,0.07510043680667877,0.9558184742927551,0,0,0,0.01,600,100,0.7057023048400879,2892.406982421875,0.3978305757045746,0.2153278887271881,0.3295082449913025,0.4345364570617676,0.9558184742927551,1.2253012657165527,0.07510043680667877,0.11659390479326248,0.8864635229110718,0.3608701229095459,0.21740223467350006
main,0.7,59,random,16.195302963256836,15.721007347106934,0.47429633140563965,0.6603502631187439,0.4960889220237732,0.03964972496032715,39.64972686767578,0.0010889172554016113,1.0889172554016113,0.0010889172554016113,0.07721957564353943,0.9486458897590637,0,0,0,0.01,600,100,0.7057023048400879,2846.101806640625,0.38460052013397217,0.22050979733467102,0.34431368112564087,0.43202605843544006,0.9486458897590637,1.231658697128296,0.07721957564353943,0.11769349128007889,0.9231163859367371,0.3590817153453827,0.18163417279720306
main,0.7,60,random,122.00666809082031,108.03129577636719,13.975370407104492,0.5960618853569031,0.5009108781814575,0.10393810272216797,103.93810272216797,0.0059108734130859375,5.9108734130859375,0.0059108734130859375,0.17789313197135925,0.8480209708213806,0,0,0,0.01,600,100,0.7057023048400879,4468.0732421875,0.8480209708213806,0.16226258873939514,0.17789313197135925,0.24039176106452942,0.40111929178237915,2.180535316467285,0.3935117721557617,0.10226117819547653,0.40870580077171326,0.36650654673576355,0.33013075590133667
main,0.7,61,random,19.470169067382812,18.590179443359375,0.8799905776977539,0.6568836569786072,0.4964832365512848,0.04311633110046387,43.1163330078125,0.001483231782913208,1.483231782913208,0.001483231782913208,0.12214281409978867,0.9588413834571838,0,0,0,0.01,600,100,0.7057023048400879,3044.1005859375,0.4411715865135193,0.21381209790706635,0.3251774311065674,0.43559446930885315,0.9588413834571838,1.3664283752441406,0.12214281409978867,0.1160917580127716,0.8697253465652466,0.3613618016242981,0.22723618149757385
main,0.7,62,random,179.17237854003906,179.17237854003906,0.0,0.5661447048187256,0.49276024103164673,0.13385528326034546,133.85528564453125,0.0,0.0,0.0,0.021872207522392273,0.8928075432777405,0,0,0,0.01,600,100,0.7057023048400879,4406.88134765625,0.8305375576019287,0.22434116899967194,0.3552604913711548,0.4124826192855835,0.8928075432777405,2.507235288619995,0.5024117827415466,0.09065616875886917,0.021872207522392273,0.3730722963809967,0.461446076631546
main,0.7,63,random,67.79900360107422,67.52703857421875,0.27196669578552246,0.6178251504898071,0.49582457542419434,0.08217483758926392,82.17483520507812,0.0008245706558227539,0.8245706558227539,0.0008245706558227539,0.13822107017040253,0.8998674750328064,0,0,0,0.01,600,100,0.7057023048400879,3740.103271484375,0.6400294899940491,0.15481913089752197,0.15662607550621033,0.4149536192417145,0.8998674750328064,2.0272693634033203,0.34242308139801025,0.1094895675778389,0.6496521830558777,0.3569110631942749,0.13822107017040253
main,0.7,64,random,57.43811798095703,56.89483642578125,0.5432813167572021,0.6245713233947754,0.4961654245853424,0.07542866468429565,75.42866516113281,0.0011654198169708252,1.1654198169708252,0.0011654198169708252,0.13844025135040283,0.9208332896232605,0,0,0,0.01,600,100,0.7057023048400879,4722.91650390625,0.9208332896232605,0.17968890070915222,0.22768254578113556,0.14845408499240875,0.13844025135040283,1.6689666509628296,0.22298887372016907,0.10022566467523575,0.34085553884506226,0.3831273913383484,0.6625475287437439
main,0.7,65,random,41.03397750854492,40.6695442199707,0.36443477869033813,0.6362273097038269,0.4959545135498047,0.06377267837524414,63.77267837524414,0.0009545087814331055,0.9545087814331055,0.0009545087814331055,0.1327766478061676,0.9440132975578308,0,0,0,0.01,600,100,0.7057023048400879,4804.046875,0.9440132975578308,0.21116122603416443,0.31760352849960327,0.18836183845996857,0.25246238708496094,1.3983299732208252,0.1327766478061676,0.11602483689785004,0.8674947023391724,0.3697888255119324,0.3957766890525818
main,0.7,66,random,35.37006759643555,33.704017639160156,1.6660487651824951,0.6419448256492615,0.49704086780548096,0.05805516242980957,58.05516052246094,0.002040863037109375,2.040863037109375,0.002040863037109375,0.06118793785572052,0.8054654002189636,0,0,0,0.01,600,100,0.7057023048400879,2036.244384765625,0.15321269631385803,0.38191288709640503,0.8054654002189636,0.3199306130409241,0.6283732056617737,1.1835638284683228,0.06118793785572052,0.11200924217700958,0.733641505241394,0.3662461042404175,0.3249223232269287
main,0.7,67,random,46.6029052734375,44.54145050048828,2.0614542961120605,0.6332606077194214,0.4972701668739319,0.06673938035964966,66.7393798828125,0.0022701621055603027,2.2701621055603027,0.0022701621055603027,0.010470246896147728,0.5786123275756836,1,0,1,0.01,600,100,0.7057023048400879,1536.6458740234375,0.010470246896147728,0.2853509783744812,0.5295742154121399,0.30251431465148926,0.5786123275756836,1.4814071655273438,0.16046907007694244,0.09507088363170624,0.1690293699502945,0.37683582305908203,0.5367165803909302
main,0.7,68,random,28.259666442871094,26.710227966308594,1.5494384765625,0.6483180522918701,0.496968150138855,0.05168193578720093,51.68193435668945,0.0019681453704833984,1.9681453704833984,0.0019681453704833984,0.03716874122619629,0.7650261521339417,0,0,0,0.01,600,100,0.7057023048400879,1630.090576171875,0.03716874122619629,0.3433626592159271,0.6953218579292297,0.3176271915435791,0.6217919588088989,1.2391607761383057,0.07972024381160736,0.11295078694820404,0.7650261521339417,0.3579636812210083,0.15927357971668243
main,0.7,69,random,30.085844039916992,29.837709426879883,0.24813544750213623,0.6453760862350464,0.4957876205444336,0.05462390184402466,54.6239013671875,0.0007876157760620117,0.7876157760620117,0.0007876157760620117,0.07140863686800003,0.8253331780433655,0,0,0,0.01,600,100,0.7057023048400879,3971.853515625,0.7062438726425171,0.219508096575737,0.3414517045021057,0.12518492341041565,0.07195693999528885,1.2142258882522583,0.07140863686800003,0.11475999653339386,0.8253331780433655,0.36702030897140503,0.3404063284397125
main,0.7,70,random,28.019039154052734,27.04041862487793,0.9786199927330017,0.6479995846748352,0.4965641498565674,0.05200040340423584,52.000404357910156,0.0015641450881958008,1.5641450881958008,0.0015641450881958008,0.19271530210971832,0.8988856077194214,0,0,0,0.01,600,100,0.7057023048400879,3395.71044921875,0.5416315793991089,0.2267562448978424,0.36216068267822266,0.4146099388599396,0.8988856077194214,1.578145980834961,0.19271530210971832,0.11392951011657715,0.7976503372192383,0.36537066102027893,0.3074134290218353
main,0.7,71,random,38.675048828125,36.44993591308594,2.225114107131958,0.6396262049674988,0.4973585605621338,0.060373783111572266,60.373783111572266,0.002358555793762207,2.358555793762207,0.002358555793762207,0.23456944525241852,0.9051663875579834,0,0,0,0.01,600,100,0.7057023048400879,3837.140380859375,0.6677544116973877,0.2793215811252594,0.512347400188446,0.41680821776390076,0.9051663875579834,1.7037084102630615,0.23456944525241852,0.11082513630390167,0.6941713094711304,0.37428560853004456,0.4857119619846344
main,0.7,72,random,212.03717041015625,110.73548889160156,101.30168914794922,0.5947690606117249,0.5109139680862427,0.10523092746734619,105.23092651367188,0.015913963317871094,15.913963317871094,0.015913963317871094,0.020062370225787163,0.8024579286575317,0,0,0,0.01,600,100,0.7057023048400879,1570.21826171875,0.020062370225787163,0.2540889084339142,0.4402540326118469,0.38086026906967163,0.8024579286575317,2.659801959991455,0.5532673597335815,0.1007988303899765,0.35996097326278687,0.35682883858680725,0.136576846241951
main,0.7,73,random,52.42772674560547,49.668495178222656,2.759230613708496,0.6295241117477417,0.4976264238357544,0.07047587633132935,70.47587585449219,0.0026264190673828125,2.6264190673828125,0.0026264190673828125,0.3484845757484436,0.9634918570518494,0,0,0,0.01,600,100,0.7057023048400879,4872.2216796875,0.9634918570518494,0.3049575090408325,0.5855928659439087,0.3258552849292755,0.6453008055686951,2.0454537868499756,0.3484845757484436,0.11547624319791794,0.8492081761360168,0.3731510043144226,0.46302032470703125
main,0.7,74,random,30.104114532470703,28.28452491760254,1.8195905685424805,0.6468167901039124,0.4971328377723694,0.05318319797515869,53.183197021484375,0.0021328330039978027,2.1328330039978027,0.0021328330039978027,0.06175534427165985,0.7408420443534851,0,0,0,0.01,600,100,0.7057023048400879,1716.1436767578125,0.06175534427165985,0.35376179218292236,0.7250337600708008,0.3145774304866791,0.6130783557891846,1.213443636894226,0.07114788889884949,0.11222526431083679,0.7408420443534851,0.36112239956855774,0.2224482297897339
main,0.7,75,random,81.86051940917969,81.50627899169922,0.35424354672431946,0.6097191572189331,0.49594107270240784,0.09028083086013794,90.28083038330078,0.0009410679340362549,0.9410679340362549,0.0009410679340362549,0.04221807047724724,0.27122873067855835,0,0,0,0.01,600,100,0.7057023048400879,2168.09521484375,0.19088435173034668,0.11477632820606232,0.04221807047724724,0.14461849629878998,0.12748141586780548,1.8136861324310303,0.27122873067855835,0.09757812321186066,0.2526039779186249,0.36220046877861023,0.24400962889194489
main,0.7,76,random,13.346892356872559,13.060970306396484,0.28592246770858765,0.663860023021698,0.4958454668521881,0.03613996505737305,36.13996505737305,0.0008454620838165283,0.8454620838165283,0.0008454620838165283,0.044998541474342346,0.9939892292022705,0,1,1,0.01,600,100,0.7057023048400879,2469.483154296875,0.2769952118396759,0.16207323968410492,0.17735210061073303,0.44789621233940125,0.9939892292022705,1.2754591703414917,0.09181973338127136,0.11813867092132568,0.9379557371139526,0.3522499203681946,0.044998541474342346
main,0.7,77,random,27.48881721496582,26.22975730895996,1.2590603828430176,0.6487849950790405,0.49677416682243347,0.05121499300003052,51.21499252319336,0.0017741620540618896,1.7741620540618896,0.0017741620540618896,0.045707859098911285,0.7917845845222473,0,0,0,0.01,600,100,0.7057023048400879,1659.9775390625,0.045707859098911285,0.3601614236831665,0.7433183789253235,0.31352800130844116,0.6100800037384033,1.186102271080017,0.06203408166766167,0.1137535348534584,0.7917845845222473,0.3583841919898987,0.16768412292003632
main,0.7,78,random,26.896671295166016,26.896671295166016,0.0,0.6481379866600037,0.4897298216819763,0.05186200141906738,51.86199951171875,0.0,0.0,0.0,0.01921171136200428,0.9677500128746033,1,0,1,0.01,600,100,0.7057023048400879,4529.2197265625,0.8654912710189819,0.31370556354522705,0.6105873584747314,0.1067240983247757,0.01921171136200428,1.1445249319076538,0.04817497730255127,0.11903250217437744,0.9677500128746033,0.3584306240081787,0.16861239075660706
main,0.7,79,random,32.872684478759766,30.568836212158203,2.303849220275879,0.644710898399353,0.4973999261856079,0.05528908967971802,55.28908920288086,0.002399921417236328,2.399921417236328,0.002399921417236328,0.06762063503265381,0.7133901119232178,0,0,0,0.01,600,100,0.7057023048400879,1768.128173828125,0.07660805433988571,0.34968653321266174,0.7133901119232178,0.31459474563598633,0.6131278276443481,1.2028619050979614,0.06762063503265381,0.11058038473129272,0.686012864112854,0.3641219735145569,0.28243979811668396
main,0.7,80,random,137.52793884277344,128.8673095703125,8.660632133483887,0.5864802598953247,0.4996531307697296,0.11351972818374634,113.51972961425781,0.004653126001358032,4.653125762939453,0.004653126001358032,0.12584462761878967,0.5453641414642334,0,0,0,0.01,600,100,0.7057023048400879,1940.4561767578125,0.12584462761878967,0.29087746143341064,0.5453641414642334,0.2371577024459839,0.391879141330719,2.617645025253296,0.5392150282859802,0.09716048836708069,0.23868289589881897,0.36693236231803894,0.3386472463607788
main,0.7,81,random,28.40654945373535,27.24947738647461,1.157072901725769,0.6477989554405212,0.49670079350471497,0.052201032638549805,52.20103454589844,0.0017007887363433838,1.7007887363433838,0.0017007887363433838,0.060263730585575104,0.8831890225410461,0,0,0,0.01,600,100,0.7057023048400879,3901.313232421875,0.6860895156860352,0.27010780572891235,0.4860222637653351,0.40911614894866943,0.8831890225410461,1.1807911396026611,0.060263730585575104,0.11310786753892899,0.7702623605728149,0.3744497001171112,0.488993763923645
main,0.7,82,random,35.55802536010742,35.345401763916016,0.2126253992319107,0.6405479907989502,0.49572908878326416,0.05945199728012085,59.451995849609375,0.0007290840148925781,0.7290840148925781,0.0007290840148925781,0.05087057873606682,0.9727672934532166,0,0,0,0.01,600,100,0.7057023048400879,4185.56201171875,0.767303466796875,0.38558030128479004,0.815943717956543,0.1698116660118103,0.1994619071483612,1.1526117324829102,0.05087057873606682,0.1191830188035965,0.9727672934532166,0.36867934465408325,0.3735868036746979
main,0.7,83,random,31.96312713623047,30.04605484008789,1.9170719385147095,0.6451857089996338,0.4971892237663269,0.054814279079437256,54.81427764892578,0.0021892189979553223,2.1892189979553223,0.0021892189979553223,0.06456556171178818,0.7149381041526794,0,0,0,0.01,600,100,0.7057023048400879,1791.6448974609375,0.08332712203264236,0.3451329171657562,0.7003797292709351,0.3195963203907013,0.6274181008338928,1.1936967372894287,0.06456556171178818,0.11144813895225525,0.7149381041526794,0.36290228366851807,0.2580460011959076
main,0.7,84,random,49.58872985839844,47.751094818115234,1.8376363515853882,0.6308978199958801,0.49714338779449463,0.06910216808319092,69.10216522216797,0.002143383026123047,2.143383026123047,0.002143383026123047,0.11875681579113007,0.8155673146247864,0,0,0,0.01,600,100,0.7057023048400879,2346.36865234375,0.2418196052312851,0.38544854521751404,0.8155673146247864,0.28803661465644836,0.5372474789619446,1.356270432472229,0.11875681579113007,0.10764434188604355,0.5881447196006775,0.3744453191757202,0.48890623450279236
main,0.7,85,random,14.402688026428223,13.974367141723633,0.42832130193710327,0.6626176834106445,0.49603480100631714,0.037382304668426514,37.38230514526367,0.0010347962379455566,1.0347962379455566,0.0010347962379455566,0.07475483417510986,0.9752893447875977,0,0,0,0.01,600,100,0.7057023048400879,2826.703369140625,0.3790581226348877,0.22133749723434448,0.34667858481407166,0.4381699562072754,0.9661998748779297,1.2242645025253296,0.07475483417510986,0.11925867944955826,0.9752893447875977,0.3570651710033417,0.14130324125289917
main,0.7,86,random,101.10038757324219,101.10038757324219,0.0,0.5994513034820557,0.4831649661064148,0.10054868459701538,100.5486831665039,0.0,0.0,0.0,0.08082886040210724,0.7204013466835022,0,0,0,0.01,600,100,0.7057023048400879,2135.191162109375,0.1814831793308258,0.25480496883392334,0.44229987263679504,0.3521404564380646,0.7204013466835022,1.7138468027114868,0.237948939204216,0.09242486953735352,0.08082886040210724,0.3695719838142395,0.3914394676685333
main,0.7,87,random,15.028792381286621,14.610818862915039,0.41797322034835815,0.6617758870124817,0.49602222442626953,0.038224101066589355,38.22410202026367,0.0010222196578979492,1.0222196578979492,0.0010222196578979492,0.07755529880523682,0.9934782981872559,0,1,1,0.01,600,100,0.7057023048400879,2937.88720703125,0.41082486510276794,0.22888126969337463,0.3682321608066559,0.41388389468193054,0.8968111276626587,1.2326658964157104,0.07755529880523682,0.11980434507131577,0.9934782981872559,0.35732871294021606,0.14657412469387054
main,0.7,88,random,18.444141387939453,17.676715850830078,0.7674257755279541,0.6579563021659851,0.4963851273059845,0.04204368591308594,42.04368591308594,0.001385122537612915,1.385122537612915,0.001385122537612915,0.08006469905376434,0.9562733769416809,0,0,0,0.01,600,100,0.7057023048400879,2816.090087890625,0.3760257363319397,0.21635159850120544,0.33243313431739807,0.43469566106796265,0.9562733769416809,1.2401940822601318,0.08006469905376434,0.11529029160737991,0.8430098295211792,0.36175695061683655,0.2351391464471817
main,0.7,89,random,23.850162506103516,22.401647567749023,1.448514461517334,0.6526696085929871,0.4969029724597931,0.047330379486083984,47.330379486083984,0.0019029676914215088,1.9029676914215088,0.0019029676914215088,0.06385607272386551,0.9089282751083374,0,0,0,0.01,600,100,0.7057023048400879,3477.609375,0.5650312304496765,0.24596571922302246,0.41704490780830383,0.41812488436698914,0.9089282751083374,1.1915682554244995,0.06385607272386551,0.1143219918012619,0.8107331991195679,0.36946532130241394,0.38930660486221313
main,0.7,90,random,37.61981201171875,35.66255187988281,1.9572618007659912,0.6402818560600281,0.4972120523452759,0.05971813201904297,59.71813201904297,0.002212047576904297,2.212047576904297,0.002212047576904297,0.00751612801104784,0.5902209281921387,1,0,1,0.01,600,100,0.7057023048400879,1526.306396484375,0.00751612801104784,0.30657732486724854,0.5902209281921387,0.30551159381866455,0.5871759653091431,1.4356577396392822,0.14521926641464233,0.10537093877792358,0.5123647451400757,0.3648635745048523,0.29727157950401306
main,0.7,91,random,17.783430099487305,16.98666763305664,0.7967619895935059,0.6587851047515869,0.49641135334968567,0.04121488332748413,41.214881896972656,0.001411348581314087,1.411348581314087,0.001411348581314087,0.0791831836104393,0.9565268754959106,0,0,0,0.01,600,100,0.7057023048400879,2816.79150390625,0.37622615694999695,0.21754908561706543,0.33585450053215027,0.4347843825817108,0.9565268754959106,1.2375495433807373,0.0791831836104393,0.115989089012146,0.8663029670715332,0.3609926700592041,0.21985362470149994
main,0.7,92,random,20.419857025146484,19.657146453857422,0.7627106308937073,0.6556636095046997,0.49638086557388306,0.04433637857437134,44.33638000488281,0.0013808608055114746,1.3808608055114746,0.0013808608055114746,0.09903198480606079,0.9090457558631897,0,0,0,0.01,600,100,0.7057023048400879,3195.92626953125,0.4845503866672516,0.23000532388687134,0.37144380807876587,0.38051143288612366,0.8014612793922424,1.2970960140228271,0.09903198480606079,0.11727137118577957,0.9090457558631897,0.3621436655521393,0.24287350475788116
main,0.7,93,random,23.626537322998047,22.29615020751953,1.3303866386413574,0.6527811884880066,0.4968237280845642,0.04721879959106445,47.21879959106445,0.001823723316192627,1.823723316192627,0.001823723316192627,0.05027195066213608,0.9326989650726318,0,0,0,0.01,600,100,0.7057023048400879,1675.9517822265625,0.05027195066213608,0.35385242104530334,0.7252926230430603,0.3248409032821655,0.6424025893211365,1.2108715772628784,0.07029051333665848,0.1179809644818306,0.9326989650726318,0.3527351915836334,0.05470389127731323
main,0.7,94,random,35.34172058105469,33.99357986450195,1.348142385482788,0.6416959762573242,0.496835857629776,0.058304011821746826,58.304012298583984,0.001835852861404419,1.835852861404419,0.001835852861404419,0.03222576156258583,0.890435516834259,0,0,0,0.01,600,100,0.7057023048400879,2696.6669921875,0.341904878616333,0.20970824360847473,0.3134520947933197,0.41165241599082947,0.890435516834259,1.096677303314209,0.03222576156258583,0.10254865884780884,0.4182884693145752,0.3752536475658417,0.5050729513168335
main,0.7,95,random,26.91080093383789,26.7275390625,0.18326139450073242,0.6483013033866882,0.4956768751144409,0.05169868469238281,51.69868469238281,0.0006768703460693359,0.6768703460693359,0.0006768703460693359,0.013523908331990242,0.9211364388465881,1,0,1,0.01,600,100,0.7057023048400879,3932.0908203125,0.6948831081390381,0.23009136319160461,0.37168964743614197,0.10473337024450302,0.013523908331990242,1.1494759321212769,0.04982529953122139,0.11763408780097961,0.9211364388465881,0.3626765012741089,0.2535303831100464
main,0.7,96,random,16.611520767211914,15.973610877990723,0.6379096508026123,0.6600329875946045,0.4962628483772278,0.03996700048446655,39.96699905395508,0.0012628436088562012,1.2628436088562012,0.0012628436088562012,0.09317281097173691,0.9658432006835938,0,0,0,0.01,600,100,0.7057023048400879,3005.462890625,0.4301322102546692,0.22980603575706482,0.37087440490722656,0.4140026867389679,0.8971505761146545,1.2795183658599854,0.09317281097173691,0.11897529661655426,0.9658432006835938,0.35884568095207214,0.17691366374492645
main,0.7,97,random,25.624792098999023,23.999221801757812,1.6255710124969482,0.6510109901428223,0.49701592326164246,0.04898899793624878,48.98899841308594,0.002015918493270874,2.015918493270874,0.002015918493270874,0.06929869949817657,0.9398980736732483,0,0,0,0.01,600,100,0.7057023048400879,1868.838623046875,0.10538247972726822,0.35739555954933167,0.7354158759117126,0.33237531781196594,0.6639294624328613,1.207896113395691,0.06929869949817657,0.11819694191217422,0.9398980736732483,0.35528862476348877,0.10577267408370972
main,0.7,98,random,57.082218170166016,54.678260803222656,2.403959035873413,0.6260552406311035,0.497451514005661,0.07394474744796753,73.94474792480469,0.0024515092372894287,2.4515092372894287,0.0024515092372894287,0.12547500431537628,0.9128049612045288,0,0,0,0.01,600,100,0.7057023048400879,4112.0029296875,0.7462864518165588,0.14391624927520752,0.12547500431537628,0.41948172450065613,0.9128049612045288,1.6749005317687988,0.2249668687582016,0.09741754829883575,0.24725142121315002,0.3868717551231384,0.7374348640441895
main,0.7,99,random,16.086965560913086,15.603958129882812,0.48300719261169434,0.6604981422424316,0.4960988759994507,0.039501845836639404,39.50184631347656,0.0010988712310791016,1.0988712310791016,0.0010988712310791016,0.0769619345664978,0.9523264765739441,0,0,0,0.01,600,100,0.7057023048400879,2841.9814453125,0.3834232985973358,0.2200261652469635,0.34293192625045776,0.4333142638206482,0.9523264765739441,1.2308857440948486,0.0769619345664978,0.11774942278862,0.924980878829956,0.3589797914028168,0.17959584295749664
main,0.75,0,random,101.24115753173828,93.07955932617188,8.161599159240723,0.653522253036499,0.4995170831680298,0.09647774696350098,96.47774505615234,0.004517078399658203,4.517078399658203,0.004517078399658203,0.004221791867166758,0.7915128469467163,1,0,1,0.01,600,100,0.6379332542419434,1667.498779296875,0.04785679280757904,0.3106481432914734,0.6018518209457397,0.3299095928668976,0.6568845510482788,1.0126653909683228,0.004221791867166758,0.11374538391828537,0.7915128469467163,0.35808247327804565,0.16164955496788025
main,0.75,1,random,149.9457550048828,144.62237548828125,5.323372840881348,0.6297409534454346,0.498648077249527,0.12025904655456543,120.25904846191406,0.0036480724811553955,3.6480724811553955,0.0036480724811553955,0.12413924187421799,0.7670065760612488,0,0,0,0.01,600,100,0.6379332542419434,2305.55419921875,0.23015837371349335,0.3684522807598114,0.7670065760612488,0.33219724893569946,0.6634207367897034,1.372417688369751,0.12413924187421799,0.10268527269363403,0.4228423535823822,0.3810594081878662,0.6211884021759033
main,0.75,2,random,96.72293090820312,96.05634307861328,0.6665870547294617,0.6519916653633118,0.496290922164917,0.09800833463668823,98.00833129882812,0.0012909173965454102,1.2909173965454102,0.0012909173965454102,0.007416025269776583,0.9860318899154663,1,1,2,0.01,600,100,0.6379332542419434,3853.325439453125,0.6723787188529968,0.24178600311279297,0.4051028788089752,0.10794727504253387,0.02270650677382946,1.0222480297088623,0.007416025269776583,0.1195809543132782,0.9860318899154663,0.36063042283058167,0.2126082479953766
main,0.75,3,random,147.06863403320312,140.1101837158203,6.9584455490112305,0.6316318511962891,0.49917086958885193,0.11836814880371094,118.36814880371094,0.004170864820480347,4.170865058898926,0.004170864820480347,0.1745414137840271,0.7258589267730713,0,0,0,0.01,600,100,0.6379332542419434,3294.6357421875,0.5127530694007874,0.30063554644584656,0.5732444524765015,0.2043215036392212,0.29806146025657654,1.5236241817474365,0.1745414137840271,0.11177577078342438,0.7258589267730713,0.37461191415786743,0.4922383725643158
main,0.75,4,random,74.73918151855469,72.32902526855469,2.410158634185791,0.6649535298347473,0.4974546730518341,0.08504647016525269,85.04647064208984,0.0024546682834625244,2.4546682834625244,0.0024546682834625244,0.03832364082336426,0.9972196817398071,0,1,1,0.01,600,100,0.6379332542419434,2663.625,0.3324642777442932,0.2324027717113495,0.37829360365867615,0.42980241775512695,0.9422926902770996,1.1149709224700928,0.03832364082336426,0.11991658806800842,0.9972196817398071,0.35585060715675354,0.11701195687055588
main,0.75,5,random,81.74269104003906,79.41083526611328,2.3318562507629395,0.6608872413635254,0.4974144697189331,0.08911275863647461,89.11276245117188,0.0024144649505615234,2.4144649505615234,0.0024144649505615234,0.07264925539493561,0.9747826457023621,0,0,0,0.01,600,100,0.6379332542419434,2898.50927734375,0.3995741307735443,0.21135537326335907,0.31815820932388306,0.4411739110946655,0.9747826457023621,1.2179477214813232,0.07264925539493561,0.11682447046041489,0.8941490650177002,0.36154094338417053,0.23081882297992706
main,0.75,6,random,308.99798583984375,297.9001159667969,11.097871780395508,0.5774021744728088,0.5002673268318176,0.17259782552719116,172.5978240966797,0.005267322063446045,5.267322063446045,0.005267322063446045,0.13459812104701996,0.8750081062316895,0,0,0,0.01,600,100,0.6379332542419434,4562.5283203125,0.8750081062316895,0.18473884463310242,0.2421109825372696,0.17545294761657715,0.2155798375606537,2.490210771560669,0.49673691391944885,0.10266431421041489,0.42214372754096985,0.3567298948764801,0.13459812104701996
main,0.75,7,random,167.70713806152344,167.03172302246094,0.6754186153411865,0.6207592487335205,0.4962994456291199,0.1292407512664795,129.24075317382812,0.001299440860748291,1.299440860748291,0.001299440860748291,0.16779747605323792,0.9681777954101562,0,0,0,0.01,600,100,0.6379332542419434,2423.7001953125,0.2639143764972687,0.18702071905136108,0.2486306130886078,0.4388622045516968,0.9681777954101562,1.9089956283569336,0.30299854278564453,0.1031317412853241,0.4377245604991913,0.35838988423347473,0.16779747605323792
main,0.75,8,random,103.90934753417969,98.50731658935547,5.402027130126953,0.650749146938324,0.4986749291419983,0.09925085306167603,99.2508544921875,0.003674924373626709,3.674924373626709,0.003674924373626709,0.05172853171825409,0.795449435710907,0,0,0,0.01,600,100,0.6379332542419434,1707.673583984375,0.05933532491326332,0.35899844765663147,0.7399955987930298,0.31103596091270447,0.602959930896759,1.155185580253601,0.05172853171825409,0.11386348307132721,0.795449435710907,0.3608924448490143,0.2178490310907364
main,0.75,9,random,96.66972351074219,92.4534683227539,4.216256141662598,0.6538472771644592,0.4982466399669647,0.09615272283554077,96.15272521972656,0.0032466351985931396,3.2466351985931396,0.0032466351985931396,0.06844303011894226,0.9507707953453064,0,0,0,0.01,600,100,0.6379332542419434,1775.661865234375,0.07876051962375641,0.352468341588974,0.721338152885437,0.32692739367485046,0.6483640074729919,1.2053290605545044,0.06844303011894226,0.11852312088012695,0.9507707953453064,0.35490530729293823,0.09810621291399002
main,0.75,10,random,84.54159545898438,80.81069946289062,3.7308950424194336,0.6601052284240723,0.49805405735969543,0.08989477157592773,89.894775390625,0.0030540525913238525,3.0540525913238525,0.0030540525913238525,0.07427865266799927,0.9198936820030212,0,0,0,0.01,600,100,0.6379332542419434,3034.0224609375,0.43829217553138733,0.2249573916196823,0.35702112317085266,0.42196276783943176,0.9198936820030212,1.2228360176086426,0.07427865266799927,0.11678554117679596,0.8928515315055847,0.3635537624359131,0.27107539772987366
main,0.75,11,random,95.22709655761719,90.5116195678711,4.715475559234619,0.6548624038696289,0.4984334707260132,0.0951375961303711,95.1375961303711,0.0034334659576416016,3.4334659576416016,0.0034334659576416016,0.04962128400802612,0.9491842985153198,0,0,0,0.01,600,100,0.6379332542419434,1751.5472412109375,0.07187063246965408,0.3532332479953766,0.7235236167907715,0.3249909281730652,0.6428312659263611,1.1488637924194336,0.04962128400802612,0.1184755265712738,0.9491842985153198,0.3549136817455292,0.09827353060245514
main,0.75,12,random,93.59481811523438,88.95622253417969,4.638597011566162,0.6556833982467651,0.4984053671360016,0.09431660175323486,94.31660461425781,0.003405362367630005,3.405362367630005,0.003405362367630005,0.04780922085046768,0.95977783203125,0,0,0,0.01,600,100,0.6379332542419434,1667.332275390625,0.04780922085046768,0.34856268763542175,0.7101790904998779,0.3240860402584076,0.6402458548545837,1.1932954788208008,0.06443183869123459,0.11879333108663559,0.95977783203125,0.3528757393360138,0.05751512572169304
main,0.75,13,random,82.27533721923828,79.31675720214844,2.958578109741211,0.6609400510787964,0.4977196455001831,0.08905994892120361,89.05995178222656,0.0027196407318115234,2.7196407318115234,0.0027196407318115234,0.07955561578273773,0.9518489837646484,0,0,0,0.01,600,100,0.6379332542419434,2823.253173828125,0.3780723512172699,0.21813525259494781,0.3375293016433716,0.433147132396698,0.9518489837646484,1.2386668920516968,0.07955561578273773,0.11654962599277496,0.8849875926971436,0.3615756928920746,0.23151369392871857
main,0.75,14,random,97.58362579345703,93.41983795166016,4.163784503936768,0.653346061706543,0.4982263743877411,0.09665393829345703,96.65393829345703,0.003226369619369507,3.226369619369507,0.003226369619369507,0.0257970429956913,0.8597679734230042,0,0,0,0.01,600,100,0.6379332542419434,1590.2896728515625,0.0257970429956913,0.32253217697143555,0.6358062624931335,0.32738620042800903,0.6496748328208923,1.2391988039016724,0.07973294705152512,0.11579303443431854,0.8597679734230042,0.353591650724411,0.07183314859867096
main,0.75,15,random,97.38899993896484,92.77674865722656,4.612247943878174,0.6536793112754822,0.4983956813812256,0.09632068872451782,96.32068634033203,0.003395676612854004,3.395676612854004,0.003395676612854004,0.035386934876441956,0.8731203079223633,0,0,0,0.01,600,100,0.6379332542419434,1623.854248046875,0.035386934876441956,0.3429110646247864,0.6940316557884216,0.3201921284198761,0.6291203498840332,1.1939160823822021,0.06463871151208878,0.11619360744953156,0.8731203079223633,0.3551798462867737,0.1035970002412796
main,0.75,16,random,100.9012222290039,99.19926452636719,1.7019551992416382,0.6504011750221252,0.4970627427101135,0.09959882497787476,99.59882354736328,0.0020627379417419434,2.0627379417419434,0.0020627379417419434,0.19308871030807495,0.962895929813385,0,0,0,0.01,600,100,0.6379332542419434,3436.65478515625,0.5533299446105957,0.2774994969367981,0.5071414113044739,0.4182108938694,0.9091740250587463,1.57926607131958,0.19308871030807495,0.11888687312602997,0.962895929813385,0.36298030614852905,0.25960612297058105
main,0.75,17,random,399.29833984375,398.0484924316406,1.2498559951782227,0.5504884719848633,0.49676766991615295,0.19951152801513672,199.51153564453125,0.001767665147781372,1.767665147781372,0.001767665147781372,0.05209038406610489,0.9704295992851257,0,0,0,0.01,600,100,0.6379332542419434,4896.50390625,0.9704295992851257,0.2212054431438446,0.34630125761032104,0.2233097404241562,0.3523135483264923,3.2118377685546875,0.7372792363166809,0.09454846382141113,0.15161533653736115,0.3526045083999634,0.05209038406610489
main,0.75,18,random,84.50591278076172,81.12992858886719,3.3759822845458984,0.6599278450012207,0.4979051649570465,0.0900721549987793,90.07215881347656,0.0029051601886749268,2.9051601886749268,0.0029051601886749268,0.07501966506242752,0.9667490124702454,0,0,0,0.01,600,100,0.6379332542419434,2899.70703125,0.39991632103919983,0.2104906141757965,0.31568747758865356,0.43836215138435364,0.9667490124702454,1.2250590324401855,0.07501966506242752,0.115618035197258,0.853934645652771,0.36335399746894836,0.2670799791812897
main,0.75,19,random,98.95223999023438,96.0123062133789,2.9399335384368896,0.6520141363143921,0.49771106243133545,0.09798586368560791,97.9858627319336,0.002711057662963867,2.711057662963867,0.002711057662963867,0.041643206030130386,0.8730018734931946,0,0,0,0.01,600,100,0.6379332542419434,1645.751220703125,0.041643206030130386,0.2888815402984619,0.5396615266799927,0.35198864340782166,0.7199675440788269,1.2365367412567139,0.07884559035301208,0.11619005352258682,0.8730018734931946,0.3525145947933197,0.050292279571294785
main,0.75,20,random,342.6969909667969,339.9556884765625,2.741288661956787,0.5656211376190186,0.4976178705692291,0.18437886238098145,184.3788604736328,0.002617865800857544,2.617865800857544,0.002617865800857544,0.14023345708847046,0.8419229388237,0,0,0,0.01,600,100,0.6379332542419434,4446.73046875,0.8419229388237,0.30461010336875916,0.5846002697944641,0.14908170700073242,0.14023345708847046,3.4644501209259033,0.8214833736419678,0.10179668664932251,0.39322295784950256,0.35874009132385254,0.17480212450027466
main,0.75,21,random,77.14624786376953,75.09123229980469,2.055018424987793,0.6633448004722595,0.49726662039756775,0.08665519952774048,86.65519714355469,0.002266615629196167,2.266615629196167,0.002266615629196167,0.07587810605764389,0.9630798101425171,0,0,0,0.01,600,100,0.6379332542419434,2827.032470703125,0.3791521489620209,0.2203035056591034,0.3437243103981018,0.43707790970802307,0.9630798101425171,1.227634310722351,0.07587810605764389,0.11889174580574036,0.9630582332611084,0.3585283160209656,0.17056666314601898
main,0.75,22,random,117.07312774658203,111.94203186035156,5.131096363067627,0.6441973447799683,0.49858158826828003,0.10580265522003174,105.80265808105469,0.0035815834999084473,3.5815834999084473,0.0035815834999084473,0.08433275669813156,0.7766402363777161,0,0,0,0.01,600,100,0.6379332542419434,1906.5966796875,0.11617046594619751,0.37182408571243286,0.7766402363777161,0.3109871745109558,0.6028205156326294,1.2529982328414917,0.08433275669813156,0.11176931858062744,0.7256441116333008,0.3668479919433594,0.3369598686695099
main,0.75,23,random,182.88880920410156,182.88880920410156,0.0,0.614763617515564,0.49145203828811646,0.13523638248443604,135.23638916015625,0.0,0.0,0.0,0.046536218374967575,0.8821407556533813,0,0,0,0.01,600,100,0.6379332542419434,1995.94580078125,0.14169879257678986,0.19848227500915527,0.2813779413700104,0.4087492525577545,0.8821407556533813,1.8086776733398438,0.26955923438072205,0.10251516103744507,0.4171719253063202,0.35232681035995483,0.046536218374967575
main,0.75,24,random,77.7276382446289,75.152099609375,2.575540065765381,0.6633096933364868,0.4975374937057495,0.08669030666351318,86.6903076171875,0.0025374889373779297,2.5374889373779297,0.0025374889373779297,0.07685660570859909,0.9598914980888367,0,0,0,0.01,600,100,0.6379332542419434,2815.98486328125,0.3759956359863281,0.22068864107131958,0.3448246717453003,0.4359620213508606,0.9598914980888367,1.230569839477539,0.07685660570859909,0.11867441236972809,0.9558137059211731,0.35890907049179077,0.17818138003349304
main,0.75,25,random,111.04714965820312,105.35391998291016,5.693233489990234,0.6473579406738281,0.49877268075942993,0.10264205932617188,102.64205932617188,0.0037726759910583496,3.7726759910583496,0.0037726759910583496,0.07628446072340012,0.8526760339736938,0,0,0,0.01,600,100,0.6379332542419434,1766.99560546875,0.07628446072340012,0.3204610347747803,0.629888653755188,0.26677852869033813,0.47651010751724243,1.4345917701721191,0.14486393332481384,0.11558027565479279,0.8526760339736938,0.35648754239082336,0.1297510266304016
main,0.75,26,random,189.98594665527344,189.98594665527344,0.0,0.6121646165847778,0.4898647964000702,0.13783538341522217,137.83538818359375,0.0,0.0,0.0,0.3352116346359253,0.8205024003982544,0,0,0,0.01,600,100,0.6379332542419434,4150.47119140625,0.7572774887084961,0.3871758282184601,0.8205024003982544,0.29317912459373474,0.551940381526947,2.0056347846984863,0.3352116346359253,0.11440093070268631,0.8133643269538879,0.3670825660228729,0.34165146946907043
main,0.75,27,random,96.26162719726562,91.64119720458984,4.620428562164307,0.654270589351654,0.49839869141578674,0.09572941064834595,95.72940826416016,0.003398686647415161,3.398686647415161,0.003398686647415161,0.061398696154356,0.9577628374099731,0,0,0,0.01,600,100,0.6379332542419434,1714.8953857421875,0.061398696154356,0.34780699014663696,0.7080199718475342,0.3176707923412323,0.6219165921211243,1.2590739727020264,0.0863579735159874,0.11873288452625275,0.9577628374099731,0.35341677069664,0.06833542138338089
main,0.75,28,random,76.67569732666016,74.6964340209961,1.9792628288269043,0.6635729074478149,0.49722445011138916,0.08642709255218506,86.42709350585938,0.002224445343017578,2.224445343017578,0.002224445343017578,0.0777340978384018,0.9701340198516846,0,0,0,0.01,600,100,0.6379332542419434,2830.1318359375,0.38003769516944885,0.21983501315116882,0.34238576889038086,0.43843138217926025,0.9669468402862549,1.233202338218689,0.0777340978384018,0.11910402029752731,0.9701340198516846,0.35822856426239014,0.16457125544548035
main,0.75,29,random,75.90595245361328,73.45783996582031,2.448113203048706,0.6642924547195435,0.49747392535209656,0.08570754528045654,85.7075424194336,0.0024739205837249756,2.4739205837249756,0.0024739205837249756,0.03190666809678078,0.9806761741638184,0,1,1,0.01,600,100,0.6379332542419434,2641.40283203125,0.32611507177352905,0.23304659128189087,0.38013309240341187,0.4271107614040375,0.9346022009849548,1.0957200527191162,0.03190666809678078,0.11942028254270554,0.9806761741638184,0.3561916947364807,0.12383418530225754
main,0.75,30,random,94.57059478759766,86.98226928710938,7.588325500488281,0.6567357182502747,0.4993555545806885,0.09326428174972534,93.2642822265625,0.0043555498123168945,4.3555498123168945,0.0043555498123168945,0.020573632791638374,0.8505359292030334,0,0,0,0.01,600,100,0.6379332542419434,1673.8050537109375,0.04965858906507492,0.18754936754703522,0.25014105439186096,0.37683939933776855,0.790969729423523,1.061720848083496,0.020573632791638374,0.11551607400178909,0.8505359292030334,0.35320767760276794,0.06415356695652008
main,0.75,31,random,78.2276840209961,76.1236343383789,2.1040520668029785,0.6627511382102966,0.49729350209236145,0.08724886178970337,87.24886322021484,0.002293497323989868,2.293497323989868,0.002293497323989868,0.07731305807828903,0.9547752141952515,0,0,0,0.01,600,100,0.6379332542419434,2851.21337890625,0.38606101274490356,0.22163838148117065,0.3475382626056671,0.4307135343551636,0.9448958039283752,1.2319391965866089,0.07731305807828903,0.11864325404167175,0.9547752141952515,0.35910290479660034,0.18205788731575012
main,0.75,32,random,85.88382720947266,82.01797485351562,3.8658535480499268,0.6594362258911133,0.49810880422592163,0.09056377410888672,90.56377410888672,0.003108799457550049,3.108799457550049,0.003108799457550049,0.007530369330197573,0.9697099924087524,1,0,1,0.01,600,100,0.6379332542419434,1932.7230224609375,0.12363515794277191,0.29249808192253113,0.5499945282936096,0.366120845079422,0.7603452801704407,1.0225911140441895,0.007530369330197573,0.11909129470586777,0.9697099924087524,0.3513043224811554,0.026086486876010895
main,0.75,33,random,117.12982940673828,110.55805206298828,6.571775436401367,0.644853413105011,0.49905332922935486,0.10514658689498901,105.1465835571289,0.004053324460983276,4.0533246994018555,0.004053324460983276,0.07237406075000763,0.6704654097557068,0,0,0,0.01,600,100,0.6379332542419434,1753.3092041015625,0.07237406075000763,0.33466288447380066,0.6704654097557068,0.31241175532341003,0.6068907380104065,1.233216404914856,0.07773879170417786,0.10888274013996124,0.6294246315956116,0.3669145405292511,0.3382906913757324
main,0.75,34,random,76.8310317993164,74.5176773071289,2.31335711479187,0.663676381111145,0.49740487337112427,0.08632361888885498,86.32361602783203,0.0024048686027526855,2.4048686027526855,0.0024048686027526855,0.07685041427612305,0.9801369309425354,0,1,1,0.01,600,100,0.6379332542419434,2862.09521484375,0.3891700506210327,0.22383078932762146,0.35380226373672485,0.4280196726322174,0.9371991157531738,1.2305512428283691,0.07685041427612305,0.11940410733222961,0.9801369309425354,0.35842859745025635,0.16857187449932098
main,0.75,35,random,82.12004852294922,78.74468994140625,3.375358819961548,0.661261796951294,0.497904896736145,0.08873820304870605,88.73820495605469,0.0029048919677734375,2.9048919677734375,0.0029048919677734375,0.0730770006775856,0.9717042446136475,0,0,0,0.01,600,100,0.6379332542419434,2905.51220703125,0.4015749394893646,0.21129167079925537,0.317976176738739,0.4400964677333832,0.9717042446136475,1.2192310094833374,0.0730770006775856,0.11674074083566666,0.8913581371307373,0.36212098598480225,0.24241989850997925
main,0.75,36,random,119.22337341308594,118.39384460449219,0.829529881477356,0.6411910653114319,0.4964400827884674,0.10880893468856812,108.8089370727539,0.0014400780200958252,1.4400780200958252,0.0014400780200958252,0.017796361818909645,0.9033660888671875,1,0,1,0.01,600,100,0.6379332542419434,4661.78125,0.9033660888671875,0.28362441062927246,0.524641215801239,0.10622872412204742,0.017796361818909645,1.3073872327804565,0.10246241837739944,0.11694834381341934,0.8982781171798706,0.3693031072616577,0.38606205582618713
main,0.75,37,random,129.7622528076172,129.52162170410156,0.2406255155801773,0.6361924409866333,0.49577561020851135,0.1138075590133667,113.80755615234375,0.0007756054401397705,0.7756054401397705,0.0007756054401397705,0.02084176614880562,0.9526874423027039,0,0,0,0.01,600,100,0.6379332542419434,4834.40625,0.9526874423027039,0.3425813615322113,0.6930896043777466,0.10729461908340454,0.02084176614880562,1.257495403289795,0.08583181351423264,0.11593358218669891,0.8644528388977051,0.36970987915992737,0.39419788122177124
main,0.75,38,random,126.56372833251953,119.630615234375,6.933111190795898,0.6406242251396179,0.49916326999664307,0.10937577486038208,109.37577819824219,0.004163265228271484,4.163265228271484,0.004163265228271484,0.008888741955161095,0.6322096586227417,1,0,1,0.01,600,100,0.6379332542419434,1531.110595703125,0.008888741955161095,0.3212733864784241,0.6322096586227417,0.28813663125038147,0.5375332236289978,1.332758903503418,0.11091964691877365,0.10310244560241699,0.43674802780151367,0.37111493945121765,0.4222985804080963
main,0.75,39,random,163.07699584960938,159.06503295898438,4.011964321136475,0.6238790154457092,0.4981670081615448,0.12612098455429077,126.12098693847656,0.0031670033931732178,3.1670033931732178,0.0031670033931732178,0.29197269678115845,0.919475257396698,0,0,0,0.01,600,100,0.6379332542419434,4718.1630859375,0.919475257396698,0.24911236763000488,0.4260353446006775,0.20219044387340546,0.29197269678115845,1.9650202989578247,0.3216734230518341,0.110019750893116,0.6673250198364258,0.3739531934261322,0.47906365990638733
main,0.75,40,random,105.58907318115234,98.74481201171875,6.84426212310791,0.6506295800209045,0.4991365075111389,0.09937041997909546,99.37042236328125,0.004136502742767334,4.136502742767334,0.004136502742767334,0.062369976192712784,0.8586161732673645,0,0,0,0.01,600,100,0.6379332542419434,1829.3846435546875,0.09410989284515381,0.37976813316345215,0.7993375658988953,0.3099961578845978,0.5999889969825745,1.1871099472045898,0.062369976192712784,0.1157584860920906,0.8586161732673645,0.3617159128189087,0.23431839048862457
main,0.75,41,random,195.82125854492188,195.82125854492188,0.0,0.6100638508796692,0.48366281390190125,0.1399361491203308,139.93614196777344,0.0,0.0,0.0,0.05767202377319336,0.693869411945343,0,0,0,0.01,600,100,0.6379332542419434,1704.56884765625,0.058448243886232376,0.26014646887779236,0.45756131410598755,0.3428542912006378,0.693869411945343,1.6359374523162842,0.21197916567325592,0.10110755264759064,0.3702518343925476,0.35288360714912415,0.05767202377319336
main,0.75,42,random,108.20437622070312,101.2052993774414,6.999076843261719,0.6493991613388062,0.4991830289363861,0.10060083866119385,100.60083770751953,0.004183024168014526,4.1830244064331055,0.004183024168014526,0.13744057714939117,0.8385842442512512,0,0,0,0.01,600,100,0.6379332542419434,2388.30419921875,0.2538011968135834,0.27280887961387634,0.49373969435691833,0.3817845284938812,0.8050986528396606,1.4123218059539795,0.13744057714939117,0.11515752971172333,0.8385842442512512,0.3623536229133606,0.24707233905792236
main,0.75,43,random,98.87902069091797,94.16575622558594,4.713265419006348,0.6529609560966492,0.4984326660633087,0.09703904390335083,97.03904724121094,0.003432661294937134,3.432661294937134,0.003432661294937134,0.04782527685165405,0.874891996383667,0,0,0,0.01,600,100,0.6379332542419434,1714.1881103515625,0.061196595430374146,0.3581126928329468,0.7374648451805115,0.31699031591415405,0.6199723482131958,1.1434757709503174,0.04782527685165405,0.11624675989151001,0.874891996383667,0.3576034605503082,0.15206919610500336
main,0.75,44,random,106.32524871826172,105.55004119873047,0.7752060294151306,0.647262454032898,0.4963921308517456,0.10273754596710205,102.737548828125,0.0013921260833740234,1.3921260833740234,0.0013921260833740234,0.04158413037657738,0.85491943359375,0,0,0,0.01,600,100,0.6379332542419434,3967.7138671875,0.705061137676239,0.22506099939346313,0.357317179441452,0.11455444991588593,0.04158413037657738,1.1369125843048096,0.04563750699162483,0.1156475841999054,0.85491943359375,0.3662462532520294,0.32492491602897644
main,0.75,45,random,88.1595458984375,85.01936340332031,3.1401798725128174,0.6577940583229065,0.49780187010765076,0.0922059416770935,92.20594024658203,0.002801865339279175,2.801865339279175,0.002801865339279175,0.011060330085456371,0.9812294244766235,1,1,2,0.01,600,100,0.6379332542419434,1835.929443359375,0.09597986191511154,0.30371811985969543,0.5820517539978027,0.355440616607666,0.7298303842544556,1.170667052268982,0.05688900500535965,0.11943688243627548,0.9812294244766235,0.3505530059337616,0.011060330085456371
main,0.75,46,random,250.9833221435547,250.98171997070312,0.0016057826578617096,0.5915759801864624,0.4950633645057678,0.1584240198135376,158.4240264892578,6.335973739624023e-05,0.06335973739624023,6.335973739624023e-05,0.12182700634002686,0.7429569959640503,0,0,0,0.01,600,100,0.6379332542419434,4005.486083984375,0.7158531546592712,0.21014490723609924,0.3146997094154358,0.3600349426269531,0.7429569959640503,2.340785026550293,0.4469282925128937,0.10466895997524261,0.48896533250808716,0.35609135031700134,0.12182700634002686
main,0.75,47,random,118.03888702392578,117.18842315673828,0.8504668474197388,0.6417464017868042,0.49645814299583435,0.1082535982131958,108.25360107421875,0.0014581382274627686,1.4581382274627686,0.0014581382274627686,0.010698046535253525,0.9858603477478027,1,1,2,0.01,600,100,0.6379332542419434,4950.51123046875,0.9858603477478027,0.24435842037200928,0.4124526381492615,0.10374432057142258,0.010698046535253525,1.198208212852478,0.06606941670179367,0.11666975915431976,0.8889919519424438,0.3703150451183319,0.4063011705875397
main,0.75,48,random,261.17803955078125,253.2935028076172,7.884521484375,0.5908480286598206,0.4994397461414337,0.15915197134017944,159.1519775390625,0.004439741373062134,4.439741134643555,0.004439741373062134,0.22734639048576355,0.6366084814071655,0,0,0,0.01,600,100,0.6379332542419434,3728.129638671875,0.6366084814071655,0.1795712411403656,0.22734639048576355,0.23539987206459045,0.3868567645549774,2.1413955688476562,0.38046520948410034,0.1013578400015831,0.37859463691711426,0.36445340514183044,0.2890680134296417
main,0.75,49,random,120.24380493164062,114.43630981445312,5.8074951171875,0.6430251002311707,0.498810350894928,0.10697489976882935,106.97489929199219,0.0038103461265563965,3.8103461265563965,0.0038103461265563965,0.07902595400810242,0.7891396284103394,0,0,0,0.01,600,100,0.6379332542419434,1959.4532470703125,0.1312723606824875,0.3761988580226898,0.7891396284103394,0.34189409017562866,0.6911259889602661,1.2370778322219849,0.07902595400810242,0.11248422414064407,0.7494741678237915,0.36747512221336365,0.34950223565101624
main,0.75,50,random,114.06266021728516,108.5851058959961,5.477552890777588,0.6457958221435547,0.4987005293369293,0.10420417785644531,104.20417785644531,0.0037005245685577393,3.7005245685577393,0.0037005245685577393,0.036307428032159805,0.6906702518463135,0,0,0,0.01,600,100,0.6379332542419434,1627.0760498046875,0.036307428032159805,0.30564191937446594,0.5875483751296997,0.32373514771461487,0.6392433047294617,1.4210612773895264,0.1403537392616272,0.11072010546922684,0.6906702518463135,0.3602525591850281,0.20505134761333466
main,0.75,51,random,75.56449890136719,73.32508087158203,2.239420175552368,0.6643699407577515,0.49736613035202026,0.08563005924224854,85.63005828857422,0.0023661255836486816,2.3661255836486816,0.0023661255836486816,0.07576663792133331,0.9895915389060974,0,1,1,0.01,600,100,0.6379332542419434,2834.61181640625,0.38131770491600037,0.22242379188537598,0.349782258272171,0.43453237414360046,0.9558068513870239,1.2272999286651611,0.07576663792133331,0.11968774348497391,0.9895915389060974,0.3578200936317444,0.15640176832675934
main,0.75,52,random,104.66636657714844,103.61862182617188,1.0477455854415894,0.6482067704200745,0.49661844968795776,0.10179322957992554,101.79322814941406,0.0016184449195861816,1.6184449195861816,0.0016184449195861816,0.01494844164699316,0.9576408267021179,1,0,1,0.01,600,100,0.6379332542419434,4070.726318359375,0.7344932556152344,0.22242307662963867,0.34978023171424866,0.10523195564746857,0.01494844164699316,1.1966490745544434,0.06554968655109406,0.11872921884059906,0.9576408267021179,0.36392971873283386,0.27859437465667725
main,0.75,53,random,138.9060821533203,133.8629913330078,5.043096542358398,0.6343008279800415,0.49855074286460876,0.1156991720199585,115.69917297363281,0.0035507380962371826,3.5507380962371826,0.0035507380962371826,0.09389843046665192,0.7080873847007751,0,0,0,0.01,600,100,0.6379332542419434,1828.64453125,0.09389843046665192,0.34191882610321045,0.691196620464325,0.347830593585968,0.7080873847007751,1.340172290802002,0.11339075118303299,0.1019056886434555,0.3968561887741089,0.37696629762649536,0.5393256545066833
main,0.75,54,random,137.83480834960938,129.1841583251953,8.650650978088379,0.6363407969474792,0.4996504485607147,0.11365920305252075,113.6592025756836,0.00465044379234314,4.650444030761719,0.00465044379234314,0.22147339582443237,0.8595972061157227,0,0,0,0.01,600,100,0.6379332542419434,2453.997802734375,0.27257081866264343,0.26026812195777893,0.45790895819664,0.2340731918811798,0.38306623697280884,1.6720402240753174,0.22401341795921326,0.11578791588544846,0.8595972061157227,0.36107367277145386,0.22147339582443237
main,0.75,55,random,74.37674713134766,72.74010467529297,1.6366443634033203,0.6647121906280518,0.4970227777957916,0.08528780937194824,85.28781127929688,0.002022773027420044,2.022773027420044,0.002022773027420044,0.05924380570650101,0.994356095790863,0,1,1,0.01,600,100,0.6379332542419434,2554.92041015625,0.30140578746795654,0.16679129004478455,0.1908322423696518,0.4480246305465698,0.994356095790863,1.3284897804260254,0.1094966009259224,0.11884460598230362,0.9614869356155396,0.3529621958732605,0.05924380570650101
main,0.75,56,random,102.23501586914062,96.7553482055664,5.479670524597168,0.6516357064247131,0.4987012445926666,0.09836429357528687,98.36429595947266,0.003701239824295044,3.701239824295044,0.003701239824295044,0.04679713025689125,0.8214983344078064,0,0,0,0.01,600,100,0.6379332542419434,1663.7899169921875,0.04679713025689125,0.3156181275844574,0.6160517930984497,0.32964569330215454,0.6561305522918701,1.2661375999450684,0.08871254324913025,0.11464494466781616,0.8214983344078064,0.3562537729740143,0.1250755786895752
main,0.75,57,random,132.56752014160156,128.39988708496094,4.167631149291992,0.6366863250732422,0.4982278645038605,0.11331367492675781,113.31367492675781,0.0032278597354888916,3.2278597354888916,0.0032278597354888916,0.08021388947963715,0.7027505040168762,0,0,0,0.01,600,100,0.6379332542419434,1780.7486572265625,0.08021388947963715,0.34596267342567444,0.7027505040168762,0.3421418368816376,0.6918337941169739,1.2949304580688477,0.09831012785434723,0.10437902063131332,0.4793006181716919,0.37358996272087097,0.47179916501045227
main,0.75,58,random,126.02993774414062,117.39369201660156,8.63624382019043,0.6416516304016113,0.4996465742588043,0.10834836959838867,108.34837341308594,0.004646569490432739,4.64656925201416,0.004646569490432739,0.08125478774309158,0.6168785095214844,0,0,0,0.01,600,100,0.6379332542419434,1784.3917236328125,0.08125478774309158,0.311682790517807,0.60480797290802,0.31590747833251953,0.6168785095214844,1.3201727867126465,0.10672424733638763,0.10557196289300919,0.5190653204917908,0.3705638349056244,0.4112766683101654
main,0.75,59,random,96.1223373413086,91.56167602539062,4.560659885406494,0.6543121337890625,0.49837663769721985,0.0956878662109375,95.6878662109375,0.0033766329288482666,3.3766329288482666,0.0033766329288482666,0.033768970519304276,0.9005011916160583,0,0,0,0.01,600,100,0.6379332542419434,1671.60498046875,0.04902999475598335,0.36576899886131287,0.7593399882316589,0.31359365582466125,0.6102675795555115,1.1013069152832031,0.033768970519304276,0.11701503396034241,0.9005011916160583,0.3565462529659271,0.13092495501041412
main,0.75,60,random,162.7379913330078,162.2767333984375,0.4612506031990051,0.6226121187210083,0.496073842048645,0.1273878812789917,127.38787841796875,0.0010738372802734375,1.0738372802734375,0.0010738372802734375,0.06406360119581223,0.7172074913978577,0,0,0,0.01,600,100,0.6379332542419434,1724.22265625,0.06406360119581223,0.31711089611053467,0.6203168630599976,0.3510226011276245,0.7172074913978577,1.5763546228408813,0.19211819767951965,0.09243013709783554,0.08100448548793793,0.38391003012657166,0.6782005429267883
main,0.75,61,random,69.47549438476562,61.98673629760742,7.48875617980957,0.6712683439254761,0.4993268847465515,0.07873165607452393,78.73165893554688,0.004326879978179932,4.326879978179932,0.004326879978179932,0.016457373276352882,0.9768308401107788,1,0,1,0.01,600,100,0.6379332542419434,2218.07275390625,0.20516368746757507,0.1325555294752121,0.09301578253507614,0.43208757042884827,0.9488216638565063,1.2454771995544434,0.08182575553655624,0.11930492520332336,0.9768308401107788,0.3508228659629822,0.016457373276352882
main,0.75,62,random,87.5796127319336,83.27488708496094,4.304725646972656,0.6587449312210083,0.49828052520751953,0.0912550687789917,91.25506591796875,0.0032805204391479492,3.280520439147949,0.0032805204391479492,0.12285920232534409,0.9263932108879089,0,0,0,0.01,600,100,0.6379332542419434,3113.89794921875,0.46111375093460083,0.2407558262348175,0.40215954184532166,0.42423760890960693,0.9263932108879089,1.3685775995254517,0.12285920232534409,0.11750978976488113,0.9169930219650269,0.36335474252700806,0.26709502935409546
main,0.75,63,random,77.9394760131836,75.03980255126953,2.899674415588379,0.6633744835853577,0.49769243597984314,0.08662551641464233,86.62551879882812,0.0026924312114715576,2.6924312114715576,0.0026924312114715576,0.01819281280040741,0.9531955718994141,1,0,1,0.01,600,100,0.6379332542419434,2593.404296875,0.3124011754989624,0.2365638017654419,0.3901822865009308,0.42090868949890137,0.9168820381164551,1.054578423500061,0.01819281280040741,0.11859586834907532,0.9531955718994141,0.3568468987941742,0.1369381994009018
main,0.75,64,random,180.9724884033203,180.9724884033203,0.0,0.6154739856719971,0.48228493332862854,0.13452601432800293,134.52601623535156,0.0,0.0,0.0,0.03403065726161003,0.7394265532493591,0,0,0,0.01,600,100,0.6379332542419434,1860.108642578125,0.10288819670677185,0.2713223993778229,0.4894925355911255,0.3587992787361145,0.7394265532493591,1.4686908721923828,0.15623031556606293,0.10458440333604813,0.48614686727523804,0.3517015278339386,0.03403065726161003
main,0.75,65,random,81.11444854736328,78.3996810913086,2.71476411819458,0.6614564061164856,0.49760517477989197,0.0885435938835144,88.54359436035156,0.0026051700115203857,2.6051700115203857,0.0026051700115203857,0.07848985493183136,0.9547996520996094,0,0,0,0.01,600,100,0.6379332542419434,2820.0927734375,0.37716934084892273,0.21855010092258453,0.3387145698070526,0.4341798722743988,0.9547996520996094,1.2354695796966553,0.07848985493183136,0.11708533018827438,0.9028444886207581,0.36082372069358826,0.21647468209266663
main,0.75,66,random,74.33338928222656,71.90657806396484,2.4268081188201904,0.665202260017395,0.4974631369113922,0.08479773998260498,84.79773712158203,0.00246313214302063,2.46313214302063,0.00246313214302063,0.09325486421585083,0.9946579337120056,0,1,1,0.01,600,100,0.6379332542419434,2619.4912109375,0.31985461711883545,0.17118456959724426,0.20338448882102966,0.4481302797794342,0.9946579337120056,1.3000026941299438,0.10000089555978775,0.11884989589452744,0.9616633057594299,0.3546627461910248,0.09325486421585083
main,0.75,67,random,91.06501007080078,86.01581573486328,5.049193382263184,0.6572552919387817,0.4985528886318207,0.09274470806121826,92.74470520019531,0.0035528838634490967,3.5528838634490967,0.0035528838634490967,0.014271357096731663,0.9615886211395264,1,0,1,0.01,600,100,0.6379332542419434,1611.6961669921875,0.03191320225596428,0.32750943303108215,0.6500269174575806,0.3312961757183075,0.6608462333679199,1.1655362844467163,0.055178772658109665,0.11884765326976776,0.9615886211395264,0.3507135510444641,0.014271357096731663
main,0.75,68,random,105.21170043945312,104.58033752441406,0.631362795829773,0.6477354764938354,0.49625635147094727,0.10226452350616455,102.2645263671875,0.0012563467025756836,1.2563467025756836,0.0012563467025756836,0.03140440955758095,0.8887619376182556,0,0,0,0.01,600,100,0.6379332542419434,3936.8916015625,0.6962547302246094,0.2262718677520752,0.36077675223350525,0.11099154502153397,0.03140440955758095,1.1533575057983398,0.05111916363239288,0.11666285991668701,0.8887619376182556,0.3646622896194458,0.29324567317962646
main,0.75,69,random,97.22830200195312,91.11257934570312,6.115722179412842,0.6545470952987671,0.49891015887260437,0.09545290470123291,95.4529037475586,0.003910154104232788,3.910154104232788,0.003910154104232788,0.005170396529138088,0.8206928968429565,2,0,2,0.01,600,100,0.6379332542419434,1528.715576171875,0.008204437792301178,0.3344912827014923,0.6699751019477844,0.31590163707733154,0.6168618202209473,1.015511155128479,0.005170396529138088,0.11462078988552094,0.8206928968429565,0.356214702129364,0.1242939680814743
main,0.75,70,random,92.40135192871094,87.30342102050781,5.097932815551758,0.6565636992454529,0.4985699951648712,0.09343630075454712,93.4363021850586,0.003569990396499634,3.569990396499634,0.003569990396499634,0.06821861118078232,0.9452992081642151,0,0,0,0.01,600,100,0.6379332542419434,3226.236083984375,0.4932103157043457,0.2308233082294464,0.37378084659576416,0.4308547079563141,0.9452992081642151,1.2046558856964111,0.06821861118078232,0.1135719045996666,0.7857301831245422,0.3692564368247986,0.3851286470890045
main,0.75,71,random,107.18498992919922,106.5210189819336,0.6639735698699951,0.6467909812927246,0.49628838896751404,0.10320901870727539,103.20901489257812,0.001288384199142456,1.288384199142456,0.001288384199142456,0.01874258928000927,0.8351913690567017,1,0,1,0.01,600,100,0.6379332542419434,4009.8076171875,0.7170879244804382,0.22093552350997925,0.34553006291389465,0.10655990988016129,0.01874258928000927,1.1807262897491455,0.060242075473070145,0.11505573987960815,0.8351913690567017,0.36684221029281616,0.33684417605400085
main,0.75,72,random,100.23876953125,99.87957000732422,0.35919684171676636,0.65006023645401,0.49594762921333313,0.09993976354598999,99.93976593017578,0.0009476244449615479,0.9476244449615479,0.0009476244449615479,0.02324742078781128,0.9741365313529968,0,0,0,0.01,600,100,0.6379332542419434,3848.291259765625,0.6709403395652771,0.24828678369522095,0.4236764907836914,0.13331317901611328,0.09518051147460938,1.069742202758789,0.02324742078781128,0.11922409385442734,0.9741365313529968,0.3615904152393341,0.2318086475133896
main,0.75,73,random,137.09347534179688,132.99053955078125,4.102931499481201,0.6346784830093384,0.49820271134376526,0.11532151699066162,115.32151794433594,0.0032027065753936768,3.2027065753936768,0.0032027065753936768,0.10266049206256866,0.7316588759422302,0,0,0,0.01,600,100,0.6379332542419434,1979.077880859375,0.13687938451766968,0.3560805916786194,0.7316588759422302,0.3411148190498352,0.6888994574546814,1.3079814910888672,0.10266049206256866,0.10452596843242645,0.4841989278793335,0.3757571578025818,0.5151433348655701
main,0.75,74,random,135.19496154785156,129.84144592285156,5.353509902954102,0.6360520124435425,0.4986583888530731,0.11394798755645752,113.94799041748047,0.003658384084701538,3.658384084701538,0.003658384084701538,0.10390027612447739,0.7079758048057556,0,0,0,0.01,600,100,0.6379332542419434,1945.385498046875,0.12725301086902618,0.34779152274131775,0.7079758048057556,0.33419814705848694,0.6691375374794006,1.3117008209228516,0.10390027612447739,0.1045130044221878,0.48376673460006714,0.3753421902656555,0.5068440437316895
main,0.75,75,random,98.21974182128906,93.34461975097656,4.8751220703125,0.6533849835395813,0.498491108417511,0.0966150164604187,96.6150131225586,0.0034911036491394043,3.4911036491394043,0.0034911036491394043,0.03651891648769379,0.8584080338478088,0,0,0,0.01,600,100,0.6379332542419434,1627.816162109375,0.03651891648769379,0.34502115845680237,0.7000604867935181,0.31817418336868286,0.6233547925949097,1.1811591386795044,0.060386378318071365,0.11575223505496979,0.8584080338478088,0.3560678958892822,0.12135793268680573
main,0.75,76,random,174.6498565673828,158.602294921875,16.047555923461914,0.6240625977516174,0.5013339519500732,0.12593740224838257,125.9374008178711,0.00633394718170166,6.33394718170166,0.00633394718170166,0.27722400426864624,0.7999072670936584,0,0,0,0.01,600,100,0.6379332542419434,4178.51025390625,0.7652886509895325,0.301699697971344,0.5762848258018494,0.3799675405025482,0.7999072670936584,1.831671953201294,0.27722400426864624,0.1029730886220932,0.43243616819381714,0.3885197341442108,0.7703948616981506
main,0.75,77,random,80.45207214355469,77.27759552001953,3.1744754314422607,0.6620923280715942,0.49781712889671326,0.08790767192840576,87.90766906738281,0.002817124128341675,2.817124128341675,0.002817124128341675,0.07861410826444626,0.9540621638298035,0,0,0,0.01,600,100,0.6379332542419434,2819.3515625,0.37695759534835815,0.21952199935913086,0.3414914011955261,0.433921754360199,0.9540621638298035,1.2358423471450806,0.07861410826444626,0.11741675436496735,0.9138917922973633,0.36064067482948303,0.21281328797340393
main,0.75,78,random,140.28018188476562,134.3865203857422,5.8936614990234375,0.6340748071670532,0.49883851408958435,0.11592519283294678,115.9251937866211,0.0038385093212127686,3.8385093212127686,0.0038385093212127686,0.3134356141090393,0.8846055865287781,0,0,0,0.01,600,100,0.6379332542419434,4596.11962890625,0.8846055865287781,0.2938683331012726,0.5539095401763916,0.33199238777160645,0.662835419178009,1.9403069019317627,0.3134356141090393,0.11542803794145584,0.8476013541221619,0.3738774061203003,0.47754809260368347
main,0.75,79,random,95.55879974365234,95.55879974365234,0.0,0.652245819568634,0.4873521327972412,0.09775418043136597,97.75418090820312,0.0,0.0,0.0,0.009229602292180061,0.9590860605239868,1,0,1,0.01,600,100,0.6379332542419434,4034.361328125,0.7241032123565674,0.3026849925518036,0.5791000127792358,0.12367592006921768,0.06764549016952515,1.0276888608932495,0.009229602292180061,0.11877258121967316,0.9590860605239868,0.3534786105155945,0.0695725530385971
main,0.75,80,random,74.93925476074219,73.12840270996094,1.8108547925949097,0.6644848585128784,0.4971277117729187,0.08551514148712158,85.51514434814453,0.002127707004547119,2.127707004547119,0.002127707004547119,0.07503297924995422,0.9953092932701111,0,1,1,0.01,600,100,0.6379332542419434,2815.83056640625,0.3759515881538391,0.22199413180351257,0.34855467081069946,0.43819740414619446,0.9662783145904541,1.225098967552185,0.07503297924995422,0.11985927820205688,0.9953092932701111,0.35721850395202637,0.1443701982498169
main,0.75,81,random,110.75371551513672,109.78216552734375,0.9715473055839539,0.6452230215072632,0.4965584874153137,0.10477697849273682,104.7769775390625,0.0015584826469421387,1.5584826469421387,0.0015584826469421387,0.060038790106773376,0.8153603076934814,0,0,0,0.01,600,100,0.6379332542419434,3877.023681640625,0.6791496276855469,0.2166195809841156,0.33319878578186035,0.14692966639995575,0.1340847611427307,1.1801164150238037,0.060038790106773376,0.11446081101894379,0.8153603076934814,0.3682342767715454,0.36468538641929626
main,0.75,82,random,201.48165893554688,199.60931396484375,1.8723437786102295,0.6087168455123901,0.4971635341644287,0.14128315448760986,141.2831573486328,0.002163529396057129,2.163529396057129,0.002163529396057129,0.10916562378406525,0.9136930704116821,0,0,0,0.01,600,100,0.6379332542419434,3859.078125,0.6740223169326782,0.19176942110061646,0.2621983289718628,0.4197925627231598,0.9136930704116821,2.2360479831695557,0.41201600432395935,0.10795213282108307,0.5984045267105103,0.3554582893848419,0.10916562378406525
main,0.75,83,random,165.54847717285156,164.4228515625,1.1256201267242432,0.6217725276947021,0.4966775178909302,0.12822747230529785,128.22747802734375,0.0016775131225585938,1.6775131225585938,0.0016775131225585938,0.27785369753837585,0.9792628884315491,0,0,0,0.01,600,100,0.6379332542419434,3285.737060546875,0.5102105736732483,0.22118894755840302,0.3462541401386261,0.4427419900894165,0.9792628884315491,1.8335610628128052,0.27785369753837585,0.10147953778505325,0.3826511800289154,0.375549852848053,0.5109969973564148
main,0.75,84,random,114.15660858154297,108.25580596923828,5.900802135467529,0.6459539532661438,0.4988408386707306,0.1040460467338562,104.0460433959961,0.003840833902359009,3.840833902359009,0.003840833902359009,0.03651251643896103,0.6535883545875549,0,0,0,0.01,600,100,0.6379332542419434,1627.7938232421875,0.03651251643896103,0.3287559151649475,0.6535883545875549,0.31045427918434143,0.601297914981842,1.2767581939697266,0.0922527089715004,0.10891684144735336,0.6305614113807678,0.3642439544200897,0.28487923741340637
main,0.75,85,random,137.2498779296875,125.04096984863281,12.208901405334473,0.638178288936615,0.5005246996879578,0.11182171106338501,111.82170867919922,0.005524694919586182,5.524694919586182,0.005524694919586182,0.08301930874586105,0.4910646378993988,0,0,0,0.01,600,100,0.6379332542419434,1790.567626953125,0.08301930874586105,0.24005433917045593,0.400155246257782,0.2411918342113495,0.40340521931648254,1.56528902053833,0.18842969834804535,0.10473193973302841,0.4910646378993988,0.3677043318748474,0.35408666729927063
main,0.75,86,random,146.11729431152344,140.21914672851562,5.898146629333496,0.6315858364105225,0.49883997440338135,0.11841416358947754,118.4141616821289,0.0038399696350097656,3.8399696350097656,0.0038399696350097656,0.13250692188739777,0.9512059092521667,0,0,0,0.01,600,100,0.6379332542419434,2689.22802734375,0.33977943658828735,0.36123597621917725,0.7463884949684143,0.14637741446495056,0.13250692188739777,1.7899795770645142,0.2633265256881714,0.11853617429733276,0.9512059092521667,0.3631262481212616,0.2625250816345215
main,0.75,87,random,81.100830078125,77.71625518798828,3.3845763206481934,0.6618431806564331,0.4979088604450226,0.0881568193435669,88.15682220458984,0.002908855676651001,2.908855676651001,0.002908855676651001,0.07922745496034622,0.9495513439178467,0,0,0,0.01,600,100,0.6379332542419434,2828.0771484375,0.37945058941841125,0.21980419754981995,0.3422977328300476,0.4323429465293884,0.9495513439178467,1.2376823425292969,0.07922745496034622,0.11719292402267456,0.9064309000968933,0.36107513308525085,0.2215029001235962
main,0.75,88,random,77.23738861083984,75.82875061035156,1.4086400270462036,0.6629202961921692,0.49687659740448,0.08707970380783081,87.07970428466797,0.0018765926361083984,1.8765926361083984,0.0018765926361083984,0.10563543438911438,0.9949982166290283,0,1,1,0.01,600,100,0.6379332542419434,2620.9951171875,0.320284366607666,0.16851407289505005,0.1957545131444931,0.44824936985969543,0.9949982166290283,1.3169063329696655,0.10563543438911438,0.11723111569881439,0.9077040553092957,0.35565292835235596,0.11305847764015198
main,0.75,89,random,77.43071746826172,74.50182342529297,2.9288909435272217,0.6636855602264404,0.49770596623420715,0.08631443977355957,86.31443786621094,0.0027059614658355713,2.7059614658355713,0.0027059614658355713,0.07812173664569855,0.9880613088607788,0,1,1,0.01,600,100,0.6379332542419434,2903.66845703125,0.40104812383651733,0.22744858264923096,0.36413881182670593,0.41828790307044983,0.9093940258026123,1.2343652248382568,0.07812173664569855,0.11964184045791626,0.9880613088607788,0.35880208015441895,0.17604142427444458
main,0.75,90,random,94.35771942138672,89.40337371826172,4.954347133636475,0.6554466485977173,0.4985193610191345,0.09455335140228271,94.55335235595703,0.0035193562507629395,3.5193562507629395,0.0035193562507629395,0.011774441227316856,0.8872587084770203,1,0,1,0.01,600,100,0.6379332542419434,1541.2105712890625,0.011774441227316856,0.3555476665496826,0.7301362156867981,0.31136423349380493,0.6038978099822998,1.1289713382720947,0.042990460991859436,0.11661776155233383,0.8872587084770203,0.35454195737838745,0.09083912521600723
main,0.75,91,random,90.71907806396484,84.76826477050781,5.950814247131348,0.657930314540863,0.4988570809364319,0.09206968545913696,92.06968688964844,0.0038570761680603027,3.8570761680603027,0.0038570761680603027,0.030869247391819954,0.9788976907730103,0,0,0,0.01,600,100,0.6379332542419434,1608.0423583984375,0.030869247391819954,0.3626125156879425,0.7503215074539185,0.3155933618545532,0.6159810423851013,1.103919506072998,0.03463983163237572,0.11936692893505096,0.9788976907730103,0.35281556844711304,0.056311313062906265
main,0.75,92,random,75.48224639892578,73.6142349243164,1.8680132627487183,0.6642012596130371,0.49716103076934814,0.08579874038696289,85.79873657226562,0.0021610260009765625,2.1610260009765625,0.0021610260009765625,0.07517640292644501,0.9863653182983398,0,1,1,0.01,600,100,0.6379332542419434,2821.17431640625,0.3774784207344055,0.2209262251853943,0.3455035090446472,0.4381313621997833,0.9660896062850952,1.2255291938781738,0.07517640292644501,0.11959095299243927,0.9863653182983398,0.35759270191192627,0.15185397863388062
main,0.75,93,random,170.75634765625,170.75634765625,0.0,0.6193262338638306,0.48811477422714233,0.13067376613616943,130.67376708984375,0.0,0.0,0.0,0.11140619218349457,0.5871627926826477,0,0,0,0.01,600,100,0.6379332542419434,1941.5367431640625,0.126153364777565,0.30550697445869446,0.5871627926826477,0.2593284249305725,0.45522406697273254,1.6447505950927734,0.21491685509681702,0.10760121792554855,0.586707353591919,0.35557031631469727,0.11140619218349457
main,0.75,94,random,81.61461639404297,78.5644302368164,3.0501840114593506,0.661363422870636,0.49776142835617065,0.08863657712936401,88.6365737915039,0.0027614235877990723,2.7614235877990723,0.0027614235877990723,0.07925482094287872,0.9525772929191589,0,0,0,0.01,600,100,0.6379332542419434,2820.28271484375,0.3772236108779907,0.21865525841712952,0.33901503682136536,0.43340203166007996,0.9525772929191589,1.2377644777297974,0.07925482094287872,0.11685733497142792,0.8952446579933167,0.3612353205680847,0.22470618784427643
main,0.75,95,random,75.84940338134766,73.9206771850586,1.9287290573120117,0.6640228629112244,0.49719586968421936,0.08597713708877563,85.97713470458984,0.0021958649158477783,2.1958649158477783,0.0021958649158477783,0.07561956346035004,0.9838286638259888,0,1,1,0.01,600,100,0.6379332542419434,2831.6669921875,0.3804762661457062,0.22187688946723938,0.3482196629047394,0.435605525970459,0.9588729739189148,1.2268587350845337,0.07561956346035004,0.11951485276222229,0.9838286638259888,0.3578307032585144,0.15661396086215973
main,0.75,96,random,93.55687713623047,89.17255401611328,4.3843207359313965,0.6555687785148621,0.49831071496009827,0.09443122148513794,94.43122100830078,0.0033107101917266846,3.3107101917266846,0.0033107101917266846,0.038873340934515,0.935433566570282,0,0,0,0.01,600,100,0.6379332542419434,1647.399169921875,0.04211406409740448,0.3614780306816101,0.7470801472663879,0.31651243567466736,0.6186069846153259,1.1166200637817383,0.038873340934515,0.11806300282478333,0.935433566570282,0.3544304370880127,0.08860879391431808
main,0.75,97,random,97.36138153076172,92.67516326904297,4.686214923858643,0.6537320613861084,0.4984228014945984,0.0962679386138916,96.26793670654297,0.0034227967262268066,3.4227967262268066,0.0034227967262268066,0.039795733988285065,0.8750836849212646,0,0,0,0.01,600,100,0.6379332542419434,1639.2850341796875,0.039795733988285065,0.3475515842437744,0.7072902321815491,0.31870725750923157,0.6248778700828552,1.1714099645614624,0.0571366623044014,0.11625251173973083,0.8750836849212646,0.3557092249393463,0.11418437212705612
main,0.75,98,random,97.12150573730469,91.89277648925781,5.228731632232666,0.6541392803192139,0.4986155033111572,0.09586071968078613,95.8607177734375,0.0036154985427856445,3.6154985427856445,0.0036154985427856445,0.07361515611410141,0.9004100561141968,0,0,0,0.01,600,100,0.6379332542419434,2184.093994140625,0.1954554319381714,0.27216723561286926,0.49190640449523926,0.37910374999046326,0.7974392771720886,1.2208454608917236,0.07361515611410141,0.11701229959726334,0.9004100561141968,0.35690075159072876,0.13801538944244385
main,0.75,99,random,107.39167785644531,101.00499725341797,6.386681079864502,0.6494987607002258,0.498995840549469,0.10050123929977417,100.50123596191406,0.003995835781097412,3.995835781097412,0.003995835781097412,0.03800462558865547,0.7249320149421692,0,0,0,0.01,600,100,0.6379332542419434,1633.0162353515625,0.03800462558865547,0.34327059984207153,0.6950588226318359,0.3099229037761688,0.5997797250747681,1.2063390016555786,0.06877965480089188,0.11174795776605606,0.7249320149421692,0.3617817461490631,0.2356351613998413
