target,attempt,generation,best_objective_so_far,scipy_convergence
0.55,1,1,0.08162637218810748,4.6308788788618954e-08
0.55,1,2,0.08162637218810748,3.32782666435568e-08
0.55,1,3,0.08162637218810748,4.3005606999252327e-08
0.55,1,4,0.08063952604633257,4.705344308386495e-08
0.55,1,5,0.08063952604633257,4.011349428791978e-08
0.55,1,6,0.07986553370995314,4.3565744797850236e-08
0.55,1,7,0.07986553370995314,5.187838470822486e-08
0.55,1,8,0.07910638309634807,4.193828749325089e-08
0.55,1,9,0.07908358648711952,3.4165538998222976e-08
0.55,1,10,0.07908358648711952,3.398483273292298e-08
0.55,1,11,0.07875955158597553,2.836981177809443e-08
0.55,1,12,0.07875955158597553,1.7861097037375335e-07
0.55,1,13,0.07875955158597553,1.7768849982637218e-07
0.55,1,14,0.07870938635894327,1.767608303530682e-07
0.55,1,15,0.07824261198114316,4.953992615477798e-07
0.55,1,16,0.07824261198114316,4.964712811387471e-07
0.55,1,17,0.07824261198114316,5.678104800022923e-07
0.55,1,18,0.07824261198114316,8.180943605074072e-07
0.55,1,19,0.07824261198114316,8.107763414559563e-07
0.55,1,20,0.07824261198114316,9.34321157569588e-07
0.55,1,21,0.07824261198114316,1.1415518927933607e-06
0.55,1,22,0.07819623306590266,1.223885925575824e-06
0.55,1,23,0.07819623306590266,1.3821319765303962e-06
0.55,1,24,0.07819623306590266,1.440534902847315e-06
0.55,1,25,0.07814326451362924,1.4635945357953566e-06
0.55,1,26,0.07814326451362924,2.0607365837518034e-06
0.55,1,27,0.07814326451362924,2.062295159147358e-06
0.55,1,28,0.07814326451362924,2.1122068269049495e-06
0.55,1,29,0.0781375000113117,2.4057175200879323e-06
0.55,1,30,0.0781375000113117,2.447166253210815e-06
0.55,1,31,0.0781375000113117,2.868657200117961e-06
0.55,1,32,0.0781375000113117,3.3126708259366185e-06
0.55,1,33,0.0781375000113117,3.344824276219279e-06
0.55,1,34,0.07811968636953995,4.454711105462165e-06
0.55,1,35,0.07811968636953995,4.6184189178207466e-06
0.55,1,36,0.07811968636953995,4.724844010452029e-06
0.55,1,37,0.07811968636953995,4.9616928331774195e-06
0.55,1,38,0.07811968636953995,6.85305876972355e-06
0.55,1,39,0.07811968636953995,6.883519390859377e-06
0.55,1,40,0.07807232726518681,6.841633207908366e-06
0.55,1,41,0.07807232726518681,6.870665402411344e-06
0.55,1,42,0.07807232726518681,7.128194149463623e-06
0.55,1,43,0.07807232726518681,7.240753118115725e-06
0.55,1,44,0.07807232726518681,7.967266509812449e-06
0.55,1,45,0.07803883056180261,8.012893366478405e-06
0.55,1,46,0.07803883056180261,1.0633797842917753e-05
0.55,1,47,0.07803883056180261,1.4456197982004231e-05
0.55,1,48,0.07803883056180261,1.554332932060174e-05
0.55,1,49,0.07803883056180261,1.6575259175931245e-05
0.55,1,50,0.07803883056180261,1.6717879645321508e-05
0.55,1,51,0.07794877008076323,1.689843881381781e-05
0.55,1,52,0.07794877008076323,1.750332702152576e-05
0.55,1,53,0.07794877008076323,1.787087695682069e-05
0.55,1,54,0.07794877008076323,2.103772597774863e-05
0.55,1,55,0.07794877008076323,2.0873437214127375e-05
0.55,1,56,0.07794877008076323,2.0724852723962507e-05
0.55,1,57,0.0779276703881335,2.0461509512733097e-05
0.55,1,58,0.0779276703881335,2.0603415327038866e-05
0.55,1,59,0.0779276703881335,2.131119458885143e-05
0.55,1,60,0.0779276703881335,2.1612494098261582e-05
0.55,1,61,0.0779276703881335,2.1619026051693772e-05
0.55,1,62,0.0779276703881335,2.175384767660546e-05
0.55,1,63,0.0779276703881335,2.2039827929294476e-05
0.55,1,64,0.07792468023321225,2.256755229566595e-05
0.55,1,65,0.07792468023321225,2.5444958543798916e-05
0.55,1,66,0.07792468023321225,2.5289757773277854e-05
0.55,1,67,0.07792468023321225,2.5820249394727445e-05
0.55,1,68,0.07792468023321225,3.163157803904309e-05
0.55,1,69,0.07792468023321225,3.161421210595812e-05
0.55,1,70,0.07792468023321225,3.610590811037287e-05
0.55,1,71,0.07786548609550231,3.789706590334122e-05
0.55,1,72,0.07786548609550231,3.976392618428635e-05
0.55,1,73,0.07786548609550231,3.9772277901544826e-05
0.55,1,74,0.07786494424385905,3.9193721860118476e-05
0.55,1,75,0.07786494424385905,3.897048582804501e-05
0.55,1,76,0.07786427722652771,4.0184063640453354e-05
0.55,1,77,0.07786427722652771,4.3377668416947715e-05
0.55,1,78,0.07786427722652771,4.481827479761932e-05
0.55,1,79,0.07786427722652771,4.4846157462423014e-05
0.55,1,80,0.07786427722652771,4.6519381564608055e-05
0.55,1,81,0.07786427722652771,4.748134886059845e-05
0.55,1,82,0.07786427722652771,4.7176663964004e-05
0.55,1,83,0.07785108377771294,4.7959160413668134e-05
0.55,1,84,0.07785108377771294,4.8065338130376754e-05
0.55,1,85,0.07785108377771294,4.8080765825180974e-05
0.55,1,86,0.07785108377771294,4.864403660365487e-05
0.55,1,87,0.07785108377771294,4.8861287632590426e-05
0.55,1,88,0.07784488313080534,4.9783353255342866e-05
0.55,1,89,0.07784488313080534,5.674041500688014e-05
0.55,1,90,0.07784488313080534,8.60620516161657e-05
0.55,1,91,0.07784488313080534,8.852158082759906e-05
0.55,1,92,0.07784488313080534,8.96965964761089e-05
0.55,1,93,0.07784488313080534,9.231549610057647e-05
0.55,1,94,0.07784488313080534,9.266675635750493e-05
0.55,1,95,0.07784488313080534,9.720197577810283e-05
0.55,1,96,0.07784488313080534,0.00010145437903524623
0.55,1,97,0.0778374047976026,0.0001014208723040181
0.55,1,98,0.0778374047976026,0.00010428009542304765
0.55,1,99,0.0778374047976026,0.00011623282152248716
0.55,1,100,0.0778374047976026,0.00011899176972484968
0.55,1,101,0.0778374047976026,0.00012021556265287835
0.55,1,102,0.0778374047976026,0.00012281749493041067
0.55,1,103,0.0778374047976026,0.0001275383818046404
0.55,1,104,0.0778374047976026,0.0001276349953568035
0.55,1,105,0.07783214457239682,0.00013659440840597131
0.55,1,106,0.07783214457239682,0.00013653193086739156
0.55,1,107,0.07783214457239682,0.0001482698316551788
0.55,1,108,0.07783214457239682,0.00014753364702764474
0.55,1,109,0.07783214457239682,0.00014683661137297052
0.55,1,110,0.07783098288120507,0.00014587925496640033
0.55,1,111,0.07783053435100379,0.0001448835070697661
0.55,1,112,0.07783053435100379,0.00016123273141993908
0.55,1,113,0.07782765104705039,0.00016190511509324342
0.55,1,114,0.07782765104705039,0.0001645689842269502
0.55,1,115,0.07782765104705039,0.00016420505089127302
0.55,1,116,0.07782765104705039,0.00016415873075694936
0.55,1,117,0.07782765104705039,0.0004907575858746372
0.55,1,118,0.07782765104705039,0.0005288141669595926
0.55,1,119,0.07782738353069787,0.0005367469280053268
0.55,1,120,0.07782738353069787,0.0007510673649175469
0.55,1,121,0.07782615721407521,
0.55,2,1,0.08299039667449867,3.046013459161841e-08
0.55,2,2,0.08299039667449867,4.7907879470017245e-08
0.55,2,3,0.08299039667449867,2.995235080442816e-08
0.55,2,4,0.08299039667449867,3.236748429491947e-08
0.55,2,5,0.08299039667449867,3.712495874240572e-08
0.55,2,6,0.08217834532146287,5.6087115648791204e-08
0.55,2,7,0.08024811504696826,6.708780986276627e-08
0.55,2,8,0.08024811504696826,5.981483459592216e-08
0.55,2,9,0.07949593245122097,5.983323053754572e-08
0.55,2,10,0.0791567182824138,7.518100413933634e-08
0.55,2,11,0.0791567182824138,7.492138725413504e-08
0.55,2,12,0.07865930669433291,7.25400338856794e-08
0.55,2,13,0.07865930669433291,6.847844513127204e-08
0.55,2,14,0.07865930669433291,6.486748596256755e-08
0.55,2,15,0.07865930669433291,6.287313073540781e-08
0.55,2,16,0.07865930669433291,1.642415680131263e-07
0.55,2,17,0.07865930669433291,2.1956656027008047e-07
0.55,2,18,0.07865930669433291,6.29036912562192e-07
0.55,2,19,0.07865930669433291,6.822087909412189e-07
0.55,2,20,0.07847754761772614,8.033334840940591e-07
0.55,2,21,0.07840527779069742,7.97218398750128e-07
0.55,2,22,0.07840527779069742,8.311584595320823e-07
0.55,2,23,0.07840527779069742,8.310994745692671e-07
0.55,2,24,0.07840527779069742,1.384927455600272e-06
0.55,2,25,0.07840527779069742,1.45839490652021e-06
0.55,2,26,0.07814781487256683,1.504409566703337e-06
0.55,2,27,0.07814781487256683,1.5874245965053554e-06
0.55,2,28,0.07814781487256683,1.735390527359802e-06
0.55,2,29,0.07813555037868594,2.2519746214891644e-06
0.55,2,30,0.07813555037868594,2.295931552457838e-06
0.55,2,31,0.07813555037868594,2.6385525929697943e-06
0.55,2,32,0.07813555037868594,2.6728036675384422e-06
0.55,2,33,0.07813555037868594,3.175724010336671e-06
0.55,2,34,0.07808594902712193,3.1797635556236624e-06
0.55,2,35,0.07808594902712193,4.195898101657333e-06
0.55,2,36,0.07808594902712193,4.475385179651925e-06
0.55,2,37,0.07808594902712193,4.50565685551807e-06
0.55,2,38,0.07808594902712193,4.491876685156351e-06
0.55,2,39,0.07808594902712193,4.90663333114397e-06
0.55,2,40,0.07808594902712193,4.9045187581821145e-06
0.55,2,41,0.07808594902712193,5.080052448549894e-06
0.55,2,42,0.07808594902712193,5.083853504292565e-06
0.55,2,43,0.07803664292873148,5.052315854189429e-06
0.55,2,44,0.07802637830930925,5.327394714585945e-06
0.55,2,45,0.07796914852154965,5.3661522623102896e-06
0.55,2,46,0.07796914852154965,5.417110815416645e-06
0.55,2,47,0.07796914852154965,5.423541749338256e-06
0.55,2,48,0.07796914852154965,5.444288229659097e-06
0.55,2,49,0.07796914852154965,1.738607054364641e-05
0.55,2,50,0.07796914852154965,1.7340216434085474e-05
0.55,2,51,0.07796914852154965,1.75109178757668e-05
0.55,2,52,0.07796914852154965,1.7528363854050004e-05
0.55,2,53,0.07796914852154965,1.8756947510891468e-05
0.55,2,54,0.07796914852154965,1.9045875643271445e-05
0.55,2,55,0.07796914852154965,2.0214844268810248e-05
0.55,2,56,0.07795626896764513,2.239111625027893e-05
0.55,2,57,0.07795626896764513,2.247302989948967e-05
0.55,2,58,0.07795626896764513,2.584793865967911e-05
0.55,2,59,0.07794942749023342,3.303006131481978e-05
0.55,2,60,0.07794942749023342,3.4230865492580066e-05
0.55,2,61,0.07794942749023342,5.406500816480511e-05
0.55,2,62,0.07794942749023342,6.234171399567498e-05
0.55,2,63,0.07794942749023342,6.913181975616284e-05
0.55,2,64,0.07792655727447295,7.704836790680357e-05
0.55,2,65,0.07791864084051789,7.693450951587329e-05
0.55,2,66,0.07791864084051789,0.00010104107053784583
0.55,2,67,0.07791864084051789,0.00010742780305760778
0.55,2,68,0.07791864084051789,0.00010852978234401816
0.55,2,69,0.07791864084051789,0.00010954894699686741
0.55,2,70,0.07791864084051789,0.0001180435069013644
0.55,2,71,0.07791864084051789,0.00011811954894540507
0.55,2,72,0.07791864084051789,0.00012090180511105762
0.55,2,73,0.07791864084051789,0.00015913631522775516
0.55,2,74,0.07791864084051789,0.00018345607286996286
0.55,2,75,0.07791864084051789,0.0001951655205361922
0.55,2,76,0.07791864084051789,0.0001950724616751437
0.55,2,77,0.07791272063263203,0.00020615818854337103
0.55,2,78,0.07791272063263203,0.00020537939161522872
0.55,2,79,0.07791272063263203,0.0002164516204416224
0.55,2,80,0.07791272063263203,0.00021238413101255522
0.55,2,81,0.07791272063263203,0.00021882688010236112
0.55,2,82,0.07791272063263203,0.00021891895425246656
0.55,2,83,0.07791272063263203,0.00022498245887547007
0.55,2,84,0.07791272063263203,0.00022572945062411258
0.55,2,85,0.07791272063263203,0.00023022136169738197
0.55,2,86,0.07791272063263203,0.000230981608324175
0.55,2,87,0.07791272063263203,0.0002440180693556338
0.55,2,88,0.07791272063263203,0.00025040721235909316
0.55,2,89,0.07791272063263203,0.00026359580796567867
0.55,2,90,0.07791272063263203,0.0002896148449257668
0.55,2,91,0.07790940019974912,0.0005874315578435593
0.55,2,92,0.07790940019974912,0.0006042980391294017
0.55,2,93,0.07790940019974912,0.0006187400968151387
0.55,2,94,0.07790940019974912,0.0006334046337547433
0.55,2,95,0.07790940019974912,0.000619544610052739
0.55,2,96,0.07790940019974912,0.0006157159097969035
0.55,2,97,0.07790940019974912,0.0006200103211312006
0.55,2,98,0.07790764358111914,0.0007141620185768816
0.55,2,99,0.07790764358111914,0.0007791318114435208
0.55,2,100,0.07790764358111914,0.0008340725042694707
0.55,2,101,0.07790764358111914,0.0008443592180921515
0.55,2,102,0.07790764358111914,0.0008749466890524251
0.55,2,103,0.07790764358111914,0.0008640245785736377
0.55,2,104,0.07790491674513383,0.0008620252068979235
0.55,2,105,0.07790491674513383,0.0008652214796198937
0.55,2,106,0.07790491674513383,0.0008604910385584562
0.55,2,107,0.07790442170682277,0.0008553824125801782
0.55,2,108,0.07790442170682277,0.0008580918947173232
0.55,2,109,0.07790442170682277,0.0010066814549431619
0.55,2,110,0.07790442170682277,0.0010237009157231724
0.55,2,111,0.07790442170682277,0.001015782728976631
0.55,2,112,0.07790442170682277,0.0010432620505602952
0.55,2,113,0.07790442170682277,0.0010391734866774633
0.55,2,114,0.07790442170682277,0.0011079304281235763
0.55,2,115,0.07790442170682277,0.001136526625798689
0.55,2,116,0.07790442170682277,0.0011381764923531416
0.55,2,117,0.07790442170682277,0.001151997078344626
0.55,2,118,0.07790442170682277,0.0011694713815188636
0.55,2,119,0.07790442170682277,0.0011598206361221172
0.55,2,120,0.07790442170682277,0.001157821765437691
0.55,2,121,0.07790412549491718,
0.55,3,1,0.0950080226827284,2.2748817563890634e-08
0.55,3,2,0.08172946507714841,1.8026159660801183e-08
0.55,3,3,0.08172946507714841,3.113917569473195e-08
0.55,3,4,0.08172946507714841,6.777290992756842e-08
0.55,3,5,0.08104021565076772,5.8212647121336063e-08
0.55,3,6,0.08104021565076772,4.4815217575519786e-08
0.55,3,7,0.08013923328577605,3.9498572880445774e-08
0.55,3,8,0.0801158541171377,3.8711004345586805e-08
0.55,3,9,0.07896929411673048,3.55043472043185e-08
0.55,3,10,0.07896929411673048,2.875804104057225e-08
0.55,3,11,0.07896929411673048,4.5665880794178384e-08
0.55,3,12,0.07896929411673048,4.81759056169759e-08
0.55,3,13,0.07896929411673048,9.689545253236769e-08
0.55,3,14,0.07840852542336593,1.986151504299619e-07
0.55,3,15,0.07840852542336593,2.17594477649599e-07
0.55,3,16,0.07840852542336593,2.2236901214503238e-07
0.55,3,17,0.07840852542336593,2.4243030302893223e-07
0.55,3,18,0.07840852542336593,4.871280149327284e-07
0.55,3,19,0.07840852542336593,5.052455181469868e-07
0.55,3,20,0.07840852542336593,5.22852319454909e-07
0.55,3,21,0.07840852542336593,8.422192958846699e-07
0.55,3,22,0.07840852542336593,1.0773577889067384e-06
0.55,3,23,0.07840852542336593,1.1001275841395588e-06
0.55,3,24,0.07840852542336593,1.1448579384686334e-06
0.55,3,25,0.07840852542336593,1.3036924751533496e-06
0.55,3,26,0.07840852542336593,1.3057603848977149e-06
0.55,3,27,0.07832812195397158,1.658112962886608e-06
0.55,3,28,0.07832812195397158,1.652470634966094e-06
0.55,3,29,0.07832812195397158,1.7181138999268476e-06
0.55,3,30,0.07832812195397158,2.033232073857132e-06
0.55,3,31,0.07832812195397158,2.2624332237282587e-06
0.55,3,32,0.07832812195397158,2.286006465754615e-06
0.55,3,33,0.0782881595338118,2.477275821747455e-06
0.55,3,34,0.0782881595338118,2.7641437702224623e-06
0.55,3,35,0.0782881595338118,2.8909606100383587e-06
0.55,3,36,0.0782881595338118,2.9183749714976215e-06
0.55,3,37,0.0782881595338118,2.931628677755035e-06
0.55,3,38,0.0782881595338118,2.9423406314204344e-06
0.55,3,39,0.0782881595338118,3.0095528880065024e-06
0.55,3,40,0.07818450094765544,3.4015833231569666e-06
0.55,3,41,0.07818450094765544,3.992162366045589e-06
0.55,3,42,0.07818450094765544,4.237829719847495e-06
0.55,3,43,0.07817926934988989,4.50271529503107e-06
0.55,3,44,0.07817926934988989,4.755892615317523e-06
0.55,3,45,0.0781541639677332,5.104563387635344e-06
0.55,3,46,0.0781541639677332,5.279150062473292e-06
0.55,3,47,0.0781541639677332,5.351522004306438e-06
0.55,3,48,0.0781541639677332,5.34761264586703e-06
0.55,3,49,0.0781541639677332,5.332785768059866e-06
0.55,3,50,0.0781541639677332,8.675688565070658e-06
0.55,3,51,0.07808241763769425,9.303270868775933e-06
0.55,3,52,0.07808241763769425,9.963825758329764e-06
0.55,3,53,0.07805104091971914,9.949238255793937e-06
0.55,3,54,0.07805104091971914,1.1145341842736735e-05
0.55,3,55,0.07805104091971914,1.116240217798323e-05
0.55,3,56,0.07805104091971914,1.0931808302574229e-05
0.55,3,57,0.07805104091971914,1.352714427711759e-05
0.55,3,58,0.07805104091971914,1.6421117472318617e-05
0.55,3,59,0.07805104091971914,1.6324628478725616e-05
0.55,3,60,0.07805104091971914,1.6787406783538772e-05
0.55,3,61,0.07801915189247541,1.7028371644054385e-05
0.55,3,62,0.07801915189247541,1.8088672335421054e-05
0.55,3,63,0.07801915189247541,2.0800645515095723e-05
0.55,3,64,0.07801915189247541,2.1043789148758084e-05
0.55,3,65,0.07801915189247541,2.0988860388865398e-05
0.55,3,66,0.07801915189247541,2.1506688290277695e-05
0.55,3,67,0.07801915189247541,2.314458723692409e-05
0.55,3,68,0.07801915189247541,2.3542645064965828e-05
0.55,3,69,0.07801915189247541,2.3653712363996647e-05
0.55,3,70,0.07801915189247541,2.6920227508275053e-05
0.55,3,71,0.07801915189247541,3.4614985801672156e-05
0.55,3,72,0.0779907396397444,3.432159451918605e-05
0.55,3,73,0.0779907396397444,3.431660752634466e-05
0.55,3,74,0.0779907396397444,3.454039533657209e-05
0.55,3,75,0.07794967467769985,3.477876678862278e-05
0.55,3,76,0.07794967467769985,3.600924217242461e-05
0.55,3,77,0.07794967467769985,3.53460385985563e-05
0.55,3,78,0.07794967467769985,3.5450229106686104e-05
0.55,3,79,0.07794967467769985,3.555519852546782e-05
0.55,3,80,0.07794967467769985,3.5011299597022064e-05
0.55,3,81,0.07794967467769985,3.4977096729600506e-05
0.55,3,82,0.07794553650918915,3.421603702646467e-05
0.55,3,83,0.07794553650918915,3.432109201391065e-05
0.55,3,84,0.07794553650918915,3.432461797520766e-05
0.55,3,85,0.07794553650918915,3.544659214750983e-05
0.55,3,86,0.07794553650918915,3.616864701246751e-05
0.55,3,87,0.07794553650918915,3.895828646520782e-05
0.55,3,88,0.07794173354278296,3.884723830855565e-05
0.55,3,89,0.07794173354278296,3.899043442092626e-05
0.55,3,90,0.07794173354278296,3.958172152890605e-05
0.55,3,91,0.07794173354278296,4.041115138052431e-05
0.55,3,92,0.07794173354278296,4.147162960513883e-05
0.55,3,93,0.07794173354278296,4.309714685901178e-05
0.55,3,94,0.07792304122011862,4.398812914125702e-05
0.55,3,95,0.07792304122011862,4.402793495777169e-05
0.55,3,96,0.07792304122011862,0.00015784173825296216
0.55,3,97,0.07792304122011862,0.0001627956908574948
0.55,3,98,0.07792304122011862,0.00016327613912434696
0.55,3,99,0.07791442719731456,0.00015819712444707382
0.55,3,100,0.07791442719731456,0.0001622610036687036
0.55,3,101,0.07791442719731456,0.00016327143260235695
0.55,3,102,0.07791074940365617,0.00017770929745059423
0.55,3,103,0.07791074940365617,0.00018358435193599015
0.55,3,104,0.07791074940365617,0.00018079202292030678
0.55,3,105,0.07791074940365617,0.00019259243889861426
0.55,3,106,0.07791074940365617,0.00020477095607152962
0.55,3,107,0.07790582290022896,0.00021297042659158797
0.55,3,108,0.07790582290022896,0.00022821006499240622
0.55,3,109,0.07790582290022896,0.00025408071695254606
0.55,3,110,0.07790582290022896,0.0002531031419861888
0.55,3,111,0.07790582290022896,0.0002528990918890964
0.55,3,112,0.07790582290022896,0.000264363112730016
0.55,3,113,0.07790582290022896,0.00026485258006751344
0.55,3,114,0.07790582290022896,0.0002652219452708166
0.55,3,115,0.07790582290022896,0.0002637229728786595
0.55,3,116,0.07790582290022896,0.00029165629152662684
0.55,3,117,0.07790582290022896,0.00029623235374917265
0.55,3,118,0.07790582290022896,0.0002968416376130113
0.55,3,119,0.07790582290022896,0.00032598965713948367
0.55,3,120,0.07790582290022896,0.0003268582713261878
0.55,3,121,0.07790364774808722,
0.55,4,1,0.12262469231064946,2.88891849684928e-08
0.55,4,2,0.0810664548330465,2.0321301375649484e-08
0.55,4,3,0.0810664548330465,3.8073228164022775e-08
0.55,4,4,0.0786992255171405,5.7343371384219454e-08
0.55,4,5,0.0786992255171405,4.5995081953485386e-08
0.55,4,6,0.0786992255171405,3.0794740828177275e-08
0.55,4,7,0.0786992255171405,4.143933947298776e-08
0.55,4,8,0.07845060267652104,4.428580884017379e-08
0.55,4,9,0.07845060267652104,1.1016873756178328e-07
0.55,4,10,0.07845060267652104,9.918478674242029e-08
0.55,4,11,0.07845060267652104,9.758083341238045e-08
0.55,4,12,0.07845060267652104,9.388838326879933e-08
0.55,4,13,0.07834695807738193,3.681931375468817e-07
0.55,4,14,0.07834695807738193,3.852097860842122e-07
0.55,4,15,0.07834695807738193,5.016577215787261e-07
0.55,4,16,0.07834695807738193,9.222544090448295e-07
0.55,4,17,0.07834695807738193,1.4216357370269914e-06
0.55,4,18,0.07834695807738193,1.8776970282651824e-06
0.55,4,19,0.07826117466124509,1.890205894257485e-06
0.55,4,20,0.07826117466124509,1.9232368082908e-06
0.55,4,21,0.07826117466124509,2.442275261260203e-06
0.55,4,22,0.07826117466124509,2.6558327293207892e-06
0.55,4,23,0.07826117466124509,2.6936403998791398e-06
0.55,4,24,0.07826117466124509,3.5450869685134492e-06
0.55,4,25,0.07826117466124509,3.588208611009009e-06
0.55,4,26,0.07826117466124509,3.6634894317564072e-06
0.55,4,27,0.07826117466124509,3.644298875572755e-06
0.55,4,28,0.07826117466124509,3.6883301831208884e-06
0.55,4,29,0.07826117466124509,3.6776069095816322e-06
0.55,4,30,0.07826117466124509,3.6912300011325253e-06
0.55,4,31,0.07826117466124509,3.690993024715724e-06
0.55,4,32,0.07826117466124509,3.8853656448632684e-06
0.55,4,33,0.07826117466124509,4.265321400409916e-06
0.55,4,34,0.07826117466124509,5.362788814451928e-06
0.55,4,35,0.07826117466124509,5.362200144783655e-06
0.55,4,36,0.07826117466124509,5.845616194490939e-06
0.55,4,37,0.07816351785026493,5.935130627634908e-06
0.55,4,38,0.07816351785026493,5.958025806635834e-06
0.55,4,39,0.07816351785026493,7.200179987559056e-06
0.55,4,40,0.07816351785026493,7.154420251561321e-06
0.55,4,41,0.07816351785026493,7.285835455411901e-06
0.55,4,42,0.07816351785026493,7.956633021982637e-06
0.55,4,43,0.07816351785026493,8.3331986059355e-06
0.55,4,44,0.07816351785026493,1.0069642347480919e-05
0.55,4,45,0.07815678587652833,1.8136868711490235e-05
0.55,4,46,0.07815678587652833,2.583285312837486e-05
0.55,4,47,0.07815678587652833,2.6692692358326315e-05
0.55,4,48,0.07812892234747178,2.8048957125906285e-05
0.55,4,49,0.07812892234747178,3.553818065894351e-05
0.55,4,50,0.07812892234747178,4.345102259506017e-05
0.55,4,51,0.07812892234747178,4.6926145745303824e-05
0.55,4,52,0.07810853167743599,4.667264268423257e-05
0.55,4,53,0.07810853167743599,6.079304664294345e-05
0.55,4,54,0.07810853167743599,6.788674666546473e-05
0.55,4,55,0.07810735666287019,6.902893757022888e-05
0.55,4,56,0.07810735666287019,6.899672875478005e-05
0.55,4,57,0.07810735666287019,7.158169790512988e-05
0.55,4,58,0.07809855739608261,7.73041902265281e-05
0.55,4,59,0.07809855739608261,8.301074347337472e-05
0.55,4,60,0.07809855739608261,8.277357916853639e-05
0.55,4,61,0.07809823647152803,9.984206365120984e-05
0.55,4,62,0.07809823647152803,0.00010425920559033061
0.55,4,63,0.07809823647152803,0.00010376969954628867
0.55,4,64,0.07809542834655646,0.00010233119019500155
0.55,4,65,0.07809096842426902,0.00010505901201060698
0.55,4,66,0.07809096842426902,0.00011774443879456897
0.55,4,67,0.07809096842426902,0.00012154831474030456
0.55,4,68,0.07809096842426902,0.0001351255812521869
0.55,4,69,0.07809096842426902,0.00014212865100177998
0.55,4,70,0.07809096842426902,0.0001465140556149568
0.55,4,71,0.07808977656598569,0.00014849675235194533
0.55,4,72,0.07808977656598569,0.0003011054564461857
0.55,4,73,0.07808977656598569,0.00029999586575931873
0.55,4,74,0.07808977656598569,0.00030203239662197423
0.55,4,75,0.07808977656598569,0.0003268867379243745
0.55,4,76,0.07808977656598569,0.00043439002056579895
0.55,4,77,0.07808977656598569,0.00045743000082820414
0.55,4,78,0.07808977656598569,0.0004996074554910633
0.55,4,79,0.07808962576673611,0.0005215299846815352
0.55,4,80,0.07808962576673611,0.0005320628139385298
0.55,4,81,0.07808962576673611,0.0005622893935554622
0.55,4,82,0.07808962576673611,0.0005669074951153804
0.55,4,83,0.07808962576673611,0.0010000595929539535
0.55,4,84,0.07808962576673611,0.0011007290806279546
0.55,4,85,0.07808962576673611,0.0011590649125703908
0.55,4,86,0.07808962576673611,0.0011595174305916067
0.55,4,87,0.07808962576673611,0.0012212144070433712
0.55,4,88,0.07808917498855697,0.001220791272169393
0.55,4,89,0.07808917498855697,0.0012159465591094925
0.55,4,90,0.07808917498855697,0.001225603798769315
0.55,4,91,0.07808917498855697,0.0012978810889134927
0.55,4,92,0.07808917498855697,0.002058681401129453
0.55,4,93,0.07808917498855697,0.0020928205662373053
0.55,4,94,0.07808917498855697,0.003084407523878078
0.55,4,95,0.07808917498855697,0.0031469007553369737
0.55,4,96,0.07808917498855697,0.0036565012891909263
0.55,4,97,0.07808917498855697,0.003688060118862988
0.55,4,98,0.07808890355873216,0.003777436144258748
0.55,4,99,0.0780886309806091,0.003937530810426882
0.55,4,100,0.0780886309806091,0.003939894810350216
0.55,4,101,0.0780886309806091,0.004785940622244695
0.55,4,102,0.07808857473211041,0.005255133435556615
0.55,4,103,0.07808857473211041,0.005713799728060066
0.55,4,104,0.07808857473211041,0.006527445700365884
0.55,4,105,0.07808857473211041,0.006881975289581882
0.55,4,106,0.07808857473211041,0.007403910413391205
0.55,4,107,0.07808857473211041,0.007559278609786074
0.55,4,108,0.07808852269019673,0.008723577158554124
0.55,4,109,0.07808852269019673,0.009081349385221933
0.55,4,110,0.07808852269019673,0.009744365375362503
0.55,4,111,0.07808852269019673,0.010997701847642856
0.55,4,112,0.07808852269019673,0.011004227228177205
0.55,4,113,0.07808850729185192,0.013480761404295917
0.55,4,114,0.07808850729185192,0.014402467491901454
0.55,4,115,0.07808850729185192,0.015589913858085362
0.55,4,116,0.07808850729185192,0.02090727178884615
0.55,4,117,0.07808850729185192,0.022223755864956164
0.55,4,118,0.07808850729185192,0.024142350275849947
0.55,4,119,0.07808850729185192,0.025717224222309976
0.55,4,120,0.0780884481308074,0.026066593335611257
0.55,4,121,0.07808844490427837,
0.55,5,1,0.08150422467800328,2.612800382847969e-08
0.55,5,2,0.08150422467800328,1.5150903986043783e-08
0.55,5,3,0.07990743000858877,2.388854113979183e-08
0.55,5,4,0.07990743000858877,2.7807320811615097e-08
0.55,5,5,0.07990743000858877,4.209875629364811e-08
0.55,5,6,0.07990743000858877,4.136416705720992e-08
0.55,5,7,0.07905445744908843,2.7171061908311806e-08
0.55,5,8,0.07849533564364528,4.075236770117693e-08
0.55,5,9,0.07849533564364528,3.238136358755402e-08
0.55,5,10,0.07849533564364528,4.881777271689934e-08
0.55,5,11,0.07849533564364528,1.5847210670274666e-07
0.55,5,12,0.07849533564364528,1.780635720472977e-07
0.55,5,13,0.07849533564364528,1.9279737777726678e-07
0.55,5,14,0.07849533564364528,2.2595224081555978e-07
0.55,5,15,0.07849533564364528,2.3796231402856793e-07
0.55,5,16,0.07849533564364528,3.836400778015751e-07
0.55,5,17,0.07849533564364528,4.3914192825376224e-07
0.55,5,18,0.07849533564364528,4.7523527380859794e-07
0.55,5,19,0.07813424699672608,4.862919728033887e-07
0.55,5,20,0.07813424699672608,6.315865777446454e-07
0.55,5,21,0.07813424699672608,8.971666841978322e-07
0.55,5,22,0.07813424699672608,9.985611115085712e-07
0.55,5,23,0.07813424699672608,9.943379789049934e-07
0.55,5,24,0.07813424699672608,1.0735523364552676e-06
0.55,5,25,0.07813424699672608,1.2562546501884072e-06
0.55,5,26,0.07813424699672608,1.716173420728342e-06
0.55,5,27,0.07806681176792568,1.995262585286989e-06
0.55,5,28,0.07806681176792568,2.257432830279784e-06
0.55,5,29,0.07806681176792568,2.2625376496032946e-06
0.55,5,30,0.07806681176792568,2.2633069719096325e-06
0.55,5,31,0.07806681176792568,2.2535681181367425e-06
0.55,5,32,0.07801607322270578,2.272627446107669e-06
0.55,5,33,0.07801607322270578,2.269873166731877e-06
0.55,5,34,0.07801607322270578,2.929559850108504e-06
0.55,5,35,0.07801607322270578,3.9296987377618915e-06
0.55,5,36,0.07801607322270578,3.947168302671681e-06
0.55,5,37,0.07789284134292755,4.0890384072916e-06
0.55,5,38,0.07789284134292755,8.965991817759498e-06
0.55,5,39,0.07789284134292755,8.90080070105508e-06
0.55,5,40,0.07789284134292755,1.153539836665215e-05
0.55,5,41,0.07789284134292755,1.1532546593353275e-05
0.55,5,42,0.07789284134292755,1.221670180401625e-05
0.55,5,43,0.07789284134292755,1.2226235746618124e-05
0.55,5,44,0.07789284134292755,1.2147417234219946e-05
0.55,5,45,0.07789284134292755,1.3382719653044896e-05
0.55,5,46,0.07789284134292755,1.4186504033957107e-05
0.55,5,47,0.07789284134292755,1.4177295942538262e-05
0.55,5,48,0.07789284134292755,1.4144723115845413e-05
0.55,5,49,0.07789284134292755,1.6129960077566768e-05
0.55,5,50,0.07789284134292755,1.6158737061691398e-05
0.55,5,51,0.07789284134292755,1.6154871875228757e-05
0.55,5,52,0.07789284134292755,1.634528419162527e-05
0.55,5,53,0.07789284134292755,1.6649192972311656e-05
0.55,5,54,0.07789284134292755,1.7111211713345466e-05
0.55,5,55,0.07789284134292755,2.291262955956343e-05
0.55,5,56,0.07789284134292755,2.2865644555338653e-05
0.55,5,57,0.07789284134292755,2.3465732868715912e-05
0.55,5,58,0.07789284134292755,2.408362164421412e-05
0.55,5,59,0.07789284134292755,2.6097093043531797e-05
0.55,5,60,0.07789284134292755,2.5781882416150874e-05
0.55,5,61,0.07787872706489932,2.8792664490366893e-05
0.55,5,62,0.07787872706489932,3.028690209164397e-05
0.55,5,63,0.07785508416189496,3.253565904995999e-05
0.55,5,64,0.07785508416189496,3.3255178316294374e-05
0.55,5,65,0.07785508416189496,3.993998275367669e-05
0.55,5,66,0.07785508416189496,4.0909231633736935e-05
0.55,5,67,0.07785508416189496,4.117072906909238e-05
0.55,5,68,0.07785508416189496,4.247037275273648e-05
0.55,5,69,0.07785508416189496,4.590876150262179e-05
0.55,5,70,0.07785508416189496,4.5849994505530635e-05
0.55,5,71,0.07785508416189496,4.5877165920341636e-05
0.55,5,72,0.07784704313326798,5.2524038315932574e-05
0.55,5,73,0.07784704313326798,5.262721994937926e-05
0.55,5,74,0.07784704313326798,6.0664147029478735e-05
0.55,5,75,0.07784704313326798,6.579767944556527e-05
0.55,5,76,0.07784704313326798,7.173199018621638e-05
0.55,5,77,0.07784663170065123,8.637941047994896e-05
0.55,5,78,0.07783950235541633,0.00010906904756654351
0.55,5,79,0.07783950235541633,0.00011681234057303615
0.55,5,80,0.07783456961586321,0.00016153313263622665
0.55,5,81,0.07783456961586321,0.00017428356969317066
0.55,5,82,0.07783456961586321,0.00017738684341165578
0.55,5,83,0.07783456961586321,0.00020401098328529284
0.55,5,84,0.07783456961586321,0.00020360878685742127
0.55,5,85,0.07783456961586321,0.00021765557733814062
0.55,5,86,0.07783456961586321,0.00022818642013414708
0.55,5,87,0.07783286345827148,0.00022487367855413308
0.55,5,88,0.07783286345827148,0.00022500601006025366
0.55,5,89,0.07783286345827148,0.00022295914931758155
0.55,5,90,0.07783286345827148,0.00023758684769117132
0.55,5,91,0.07783286345827148,0.00024603147122272904
0.55,5,92,0.07783286345827148,0.0002489389437490856
0.55,5,93,0.07783286345827148,0.00025727440060738146
0.55,5,94,0.07783286345827148,0.00034152903879850047
0.55,5,95,0.07783286345827148,0.0004756606707621769
0.55,5,96,0.07783286345827148,0.00047354794072738515
0.55,5,97,0.07782895283768718,0.000489803762067021
0.55,5,98,0.07782895283768718,0.0004914588832007089
0.55,5,99,0.07782895283768718,0.0005814921278440647
0.55,5,100,0.07782895283768718,0.0006749503212126126
0.55,5,101,0.07782895283768718,0.0006874085224511833
0.55,5,102,0.07782895283768718,0.0006977408756610756
0.55,5,103,0.07782895283768718,0.0007320835033780596
0.55,5,104,0.07782895283768718,0.0009109869758600988
0.55,5,105,0.07782895283768718,0.0009450711021877836
0.55,5,106,0.07782726895278724,0.0009162205723274187
0.55,5,107,0.07782726895278724,0.000911170980574991
0.55,5,108,0.07782726895278724,0.0010445793093332763
0.55,5,109,0.07782726895278724,0.0010513695515910874
0.55,5,110,0.07782726895278724,0.0012579091951890463
0.55,5,111,0.07782726895278724,0.001235043989156992
0.55,5,112,0.07782678001396834,0.0013073245296647208
0.55,5,113,0.07782678001396834,0.0012837176500066336
0.55,5,114,0.07782678001396834,0.0013835139950397007
0.55,5,115,0.07782678001396834,0.001458182475849056
0.55,5,116,0.07782678001396834,0.0014568966684662653
0.55,5,117,0.07782634458198384,0.0014838457753891822
0.55,5,118,0.07782634458198384,0.0015889901968418791
0.55,5,119,0.07782634458198384,0.0015770497355877533
0.55,5,120,0.07782634458198384,0.0020692481179408594
0.55,5,121,0.07782545919734594,
0.6,1,1,0.08386511612332778,3.2421907218823694e-08
0.6,1,2,0.07670552298772677,2.956446159583558e-08
0.6,1,3,0.07670552298772677,1.7198373379469072e-08
0.6,1,4,0.07670552298772677,2.503314702607261e-08
0.6,1,5,0.07667109987408177,2.0568999481293815e-08
0.6,1,6,0.07667109987408177,5.856811501325066e-08
0.6,1,7,0.07667109987408177,5.788431247282359e-08
0.6,1,8,0.07667109987408177,5.1663059909548875e-08
0.6,1,9,0.07667109987408177,4.5798436842101605e-08
0.6,1,10,0.07667109987408177,5.4689453053844835e-08
0.6,1,11,0.07667109987408177,1.0719835155330518e-07
0.6,1,12,0.07667109987408177,1.1496839797533419e-07
0.6,1,13,0.07667109987408177,1.1608268373032918e-07
0.6,1,14,0.07659134085950797,1.1330359288600939e-07
0.6,1,15,0.07659134085950797,1.1246570149911055e-07
0.6,1,16,0.07659134085950797,2.240767284433433e-07
0.6,1,17,0.07634014737356801,2.2459370050074653e-07
0.6,1,18,0.07558545693756516,5.007914070297818e-07
0.6,1,19,0.07558545693756516,7.275445607396302e-07
0.6,1,20,0.07558545693756516,1.001772627963658e-06
0.6,1,21,0.07558545693756516,1.0315783611369457e-06
0.6,1,22,0.07558545693756516,1.1228858455290575e-06
0.6,1,23,0.07558545693756516,1.1193958868842936e-06
0.6,1,24,0.07558545693756516,1.1444826893891451e-06
0.6,1,25,0.07558545693756516,1.3064258066637133e-06
0.6,1,26,0.07518449546021522,1.3253017153825055e-06
0.6,1,27,0.07518449546021522,1.3234787350371519e-06
0.6,1,28,0.07518449546021522,1.3200785669777204e-06
0.6,1,29,0.07518449546021522,1.597013419119844e-06
0.6,1,30,0.07518449546021522,1.5881938321112516e-06
0.6,1,31,0.07518449546021522,1.5787020317119404e-06
0.6,1,32,0.07518449546021522,1.8289068415539686e-06
0.6,1,33,0.07518449546021522,1.8669471031124345e-06
0.6,1,34,0.07518449546021522,1.973617879915174e-06
0.6,1,35,0.07518449546021522,1.9856488702722048e-06
0.6,1,36,0.07518449546021522,2.1205132607057903e-06
0.6,1,37,0.07518449546021522,2.1247265088047425e-06
0.6,1,38,0.07518449546021522,2.2683395505769227e-06
0.6,1,39,0.07518449546021522,2.4177787731327618e-06
0.6,1,40,0.07518449546021522,2.397641863470131e-06
0.6,1,41,0.07506006458847328,2.3978703363533494e-06
0.6,1,42,0.07506006458847328,4.295595959419093e-06
0.6,1,43,0.07506006458847328,4.490739647070426e-06
0.6,1,44,0.07506006458847328,5.038353182282768e-06
0.6,1,45,0.07506006458847328,5.092094158109257e-06
0.6,1,46,0.07495634326982722,5.17791242216328e-06
0.6,1,47,0.07495634326982722,6.7671493879806775e-06
0.6,1,48,0.07495634326982722,7.1257495794720106e-06
0.6,1,49,0.07495634326982722,7.482364389834824e-06
0.6,1,50,0.07495634326982722,7.431974027642454e-06
0.6,1,51,0.07495634326982722,7.434973867126541e-06
0.6,1,52,0.07495634326982722,7.581550590759328e-06
0.6,1,53,0.07495634326982722,7.6006797412676506e-06
0.6,1,54,0.07495634326982722,8.084193398289707e-06
0.6,1,55,0.07495634326982722,8.059819627091843e-06
0.6,1,56,0.07495634326982722,8.077963116750781e-06
0.6,1,57,0.07489239208960541,9.124111385817873e-06
0.6,1,58,0.07488962256565765,9.786710199984746e-06
0.6,1,59,0.07488962256565765,1.0321864796731703e-05
0.6,1,60,0.07488962256565765,1.0260839576363803e-05
0.6,1,61,0.07479988168252012,1.0648347923912876e-05
0.6,1,62,0.07475763279875605,1.1196601599907476e-05
0.6,1,63,0.07475763279875605,1.1455409738888131e-05
0.6,1,64,0.07475763279875605,1.1345743420436912e-05
0.6,1,65,0.07475763279875605,1.1386937156608654e-05
0.6,1,66,0.07475763279875605,1.1463678355939421e-05
0.6,1,67,0.07475763279875605,1.5818122481189196e-05
0.6,1,68,0.07475763279875605,1.8687150708217277e-05
0.6,1,69,0.07475763279875605,2.226842748467e-05
0.6,1,70,0.07475763279875605,2.223426913221532e-05
0.6,1,71,0.07475763279875605,2.3033409676648153e-05
0.6,1,72,0.07475763279875605,2.4155766902640833e-05
0.6,1,73,0.07475763279875605,2.7665690478355583e-05
0.6,1,74,0.07475763279875605,2.764569279299217e-05
0.6,1,75,0.07475763279875605,2.85125324754315e-05
0.6,1,76,0.07475763279875605,2.889288188329618e-05
0.6,1,77,0.07475763279875605,3.35722884001245e-05
0.6,1,78,0.07475763279875605,3.50409165943247e-05
0.6,1,79,0.07475763279875605,3.514320739739551e-05
0.6,1,80,0.07475282614818549,3.5130545845052654e-05
0.6,1,81,0.07475282614818549,4.502270904889161e-05
0.6,1,82,0.07475282614818549,5.1000493496290415e-05
0.6,1,83,0.07475282614818549,6.207641938188446e-05
0.6,1,84,0.07475282614818549,6.822229997993797e-05
0.6,1,85,0.07475282614818549,6.838966412916055e-05
0.6,1,86,0.07475282614818549,6.977803101243879e-05
0.6,1,87,0.07475282614818549,6.914111347729322e-05
0.6,1,88,0.07475229001837369,0.00011909121568185228
0.6,1,89,0.07475229001837369,0.00012267919541438045
0.6,1,90,0.07475228698136205,0.00012511234748866033
0.6,1,91,0.07475228698136205,0.00013157470838232182
0.6,1,92,0.07474602743156988,0.00014599487538445152
0.6,1,93,0.07474602743156988,0.00017781782496499747
0.6,1,94,0.07474602743156988,0.00018075009518788332
0.6,1,95,0.07474602743156988,0.00018105244252255914
0.6,1,96,0.07474380640273315,0.00018295823529003392
0.6,1,97,0.07474380640273315,0.0001889616221232031
0.6,1,98,0.07474380640273315,0.00021042097920235213
0.6,1,99,0.07474380640273315,0.00021096504685013057
0.6,1,100,0.07474380640273315,0.00021505690934412648
0.6,1,101,0.07474380640273315,0.00021421435589337055
0.6,1,102,0.07474380640273315,0.00021247092106980287
0.6,1,103,0.07474380640273315,0.00021203586984254482
0.6,1,104,0.07474380640273315,0.000359419692081544
0.6,1,105,0.07474380640273315,0.0004088507005143263
0.6,1,106,0.07474380640273315,0.0004747088074413129
0.6,1,107,0.07474380640273315,0.0005092986344460613
0.6,1,108,0.07474380640273315,0.0005139492594779562
0.6,1,109,0.07474380640273315,0.0005162551926635541
0.6,1,110,0.07474380640273315,0.0007939392216123361
0.6,1,111,0.07474380640273315,0.0008730254287583984
0.6,1,112,0.07474380640273315,0.0010054123329910176
0.6,1,113,0.07474380640273315,0.0010310752498703655
0.6,1,114,0.07474380640273315,0.0011262285723046316
0.6,1,115,0.07474380640273315,0.0013071179920696742
0.6,1,116,0.07474380640273315,0.0014931574116235644
0.6,1,117,0.07474380640273315,0.0015535544799137105
0.6,1,118,0.07474380640273315,0.001627912945659527
0.6,1,119,0.07474380640273315,0.0017575212648748837
0.6,1,120,0.0747437107353818,0.0022422698791601417
0.6,1,121,0.07474351165033259,
0.6,2,1,0.07889678075019152,2.904077143256089e-08
0.6,2,2,0.07889678075019152,2.7464010716750433e-08
0.6,2,3,0.07889678075019152,1.863942251400584e-08
0.6,2,4,0.07889678075019152,2.3263689072446853e-08
0.6,2,5,0.07889678075019152,1.191386810393897e-08
0.6,2,6,0.07889678075019152,3.246103805012092e-08
0.6,2,7,0.07889678075019152,4.2261157277388994e-08
0.6,2,8,0.07887167279460933,3.633986318088271e-08
0.6,2,9,0.07887167279460933,2.988693206706394e-08
0.6,2,10,0.07755308828416554,6.405391400596546e-08
0.6,2,11,0.0775417845137453,6.437185895681258e-08
0.6,2,12,0.07642734968996598,5.769073860608216e-08
0.6,2,13,0.0762816629288446,5.470457064659278e-08
0.6,2,14,0.0762816629288446,6.539692975380945e-08
0.6,2,15,0.0762816629288446,6.221247238318194e-08
0.6,2,16,0.0762816629288446,5.934764603765358e-08
0.6,2,17,0.07561668222976858,3.933413863542599e-07
0.6,2,18,0.07561668222976858,4.4076968417535484e-07
0.6,2,19,0.07561668222976858,4.401494962374418e-07
0.6,2,20,0.07561668222976858,4.522228515337839e-07
0.6,2,21,0.07561668222976858,5.132038424161809e-07
0.6,2,22,0.07561668222976858,5.387021451668149e-07
0.6,2,23,0.07561668222976858,5.416714525033918e-07
0.6,2,24,0.07561668222976858,9.081299232640669e-07
0.6,2,25,0.07561668222976858,9.016857374812551e-07
0.6,2,26,0.07552389211250932,9.160303053324364e-07
0.6,2,27,0.07552389211250932,9.220932424050516e-07
0.6,2,28,0.07500471394102451,9.187056879373687e-07
0.6,2,29,0.07500471394102451,9.187056879373687e-07
0.6,2,30,0.07500471394102451,9.248393887329279e-07
0.6,2,31,0.07500471394102451,1.0058873660399504e-06
0.6,2,32,0.07500471394102451,1.0110986379612236e-06
0.6,2,33,0.07500471394102451,1.225525837892342e-06
0.6,2,34,0.07500471394102451,1.2451752628383678e-06
0.6,2,35,0.07500471394102451,1.359669107953674e-06
0.6,2,36,0.07500471394102451,1.3552425397923354e-06
0.6,2,37,0.07500471394102451,1.3536549995996582e-06
0.6,2,38,0.07498357936194223,1.3543490866217576e-06
0.6,2,39,0.07498357936194223,2.2946763106924177e-06
0.6,2,40,0.07498357936194223,2.293455556389812e-06
0.6,2,41,0.07498357936194223,2.722178739099363e-06
0.6,2,42,0.07498357936194223,2.717176165135015e-06
0.6,2,43,0.07498357936194223,2.801785393773509e-06
0.6,2,44,0.07498357936194223,2.8012281280799666e-06
0.6,2,45,0.07498357936194223,3.902423982239986e-06
0.6,2,46,0.07498357936194223,4.089785311004238e-06
0.6,2,47,0.07498357936194223,4.3597014516571165e-06
0.6,2,48,0.07498357936194223,4.474858180344641e-06
0.6,2,49,0.07498357936194223,5.171287634508068e-06
0.6,2,50,0.07498357936194223,5.259541457726688e-06
0.6,2,51,0.07498357936194223,5.382475936850482e-06
0.6,2,52,0.07498357936194223,5.707546060006376e-06
0.6,2,53,0.07497218485252742,5.711460563437595e-06
0.6,2,54,0.07497218485252742,6.433357266007706e-06
0.6,2,55,0.07495777559330713,6.374127284919797e-06
0.6,2,56,0.07495777559330713,6.585675221217738e-06
0.6,2,57,0.07484029295517565,6.997000426721442e-06
0.6,2,58,0.07484029295517565,7.637207022209684e-06
0.6,2,59,0.07484029295517565,7.5824973546061785e-06
0.6,2,60,0.07484029295517565,8.237693576736651e-06
0.6,2,61,0.07484029295517565,8.229036725193206e-06
0.6,2,62,0.07484029295517565,8.378912335947593e-06
0.6,2,63,0.07484029295517565,8.956770733491606e-06
0.6,2,64,0.07484029295517565,8.996371926285141e-06
0.6,2,65,0.07480839420583124,1.0571751478150865e-05
0.6,2,66,0.07480839420583124,1.169205952608018e-05
0.6,2,67,0.07480606298202078,1.3569237788657771e-05
0.6,2,68,0.07480606298202078,1.4185776312821334e-05
0.6,2,69,0.07480606298202078,1.4302649224106595e-05
0.6,2,70,0.07480606298202078,1.4806304922132865e-05
0.6,2,71,0.07480606298202078,1.4816746199433519e-05
0.6,2,72,0.07480606298202078,1.6231797351007866e-05
0.6,2,73,0.07480606298202078,1.661059381183353e-05
0.6,2,74,0.07480606298202078,1.6782409154329808e-05
0.6,2,75,0.07480211121262856,1.6756660729318572e-05
0.6,2,76,0.07480211121262856,3.968838590078062e-05
0.6,2,77,0.07480211121262856,4.086700930046308e-05
0.6,2,78,0.07480211121262856,4.175298637597522e-05
0.6,2,79,0.07480211121262856,4.202002114384202e-05
0.6,2,80,0.07480211121262856,4.55315210300132e-05
0.6,2,81,0.07480211121262856,4.587775951011728e-05
0.6,2,82,0.07480211121262856,5.828777659409158e-05
0.6,2,83,0.07480211121262856,6.585976402496322e-05
0.6,2,84,0.07480211121262856,6.513264101955773e-05
0.6,2,85,0.07480211121262856,6.826972675975736e-05
0.6,2,86,0.07479580313030504,7.35416578984868e-05
0.6,2,87,0.07479580313030504,7.83556608260568e-05
0.6,2,88,0.07478639037851709,8.274455967412115e-05
0.6,2,89,0.07478639037851709,9.768276519096299e-05
0.6,2,90,0.07477627258485153,9.713001162864561e-05
0.6,2,91,0.0747569867014754,9.459571316997457e-05
0.6,2,92,0.0747569867014754,9.884228676985943e-05
0.6,2,93,0.0747569867014754,0.00010316819835041246
0.6,2,94,0.0747569867014754,0.00010704838236670114
0.6,2,95,0.0747569867014754,0.00010629938916215792
0.6,2,96,0.0747569867014754,0.00010775166707213735
0.6,2,97,0.0747569867014754,0.00011456457515631309
0.6,2,98,0.0747569867014754,0.00011524793422166618
0.6,2,99,0.0747569867014754,0.0001156536196321754
0.6,2,100,0.0747569867014754,0.00012078588854279189
0.6,2,101,0.0747569867014754,0.0001233072121462616
0.6,2,102,0.07475406968054288,0.0001407118555939398
0.6,2,103,0.07475289846367592,0.00014460754994205125
0.6,2,104,0.07475289846367592,0.0001503429264493347
0.6,2,105,0.07474929140815839,0.0002883541126510834
0.6,2,106,0.07474929140815839,0.00030074397782295245
0.6,2,107,0.07474929140815839,0.00031523365300712845
0.6,2,108,0.07474693664582338,0.00032987478917631655
0.6,2,109,0.07474693664582338,0.0003533684485863733
0.6,2,110,0.07474693664582338,0.0003650223922763198
0.6,2,111,0.07474693664582338,0.0003704817386658103
0.6,2,112,0.07474580941351686,0.00042640697094237755
0.6,2,113,0.07474580941351686,0.00047562326552020326
0.6,2,114,0.07474545647635522,0.0004927971662389923
0.6,2,115,0.07474545647635522,0.0005332406663097112
0.6,2,116,0.07474545647635522,0.0005825042074365851
0.6,2,117,0.07474545647635522,0.0005935244100455988
0.6,2,118,0.07474545647635522,0.0005908495861982976
0.6,2,119,0.07474545647635522,0.0006247157570660447
0.6,2,120,0.07474408788603734,0.0006884815715075021
0.6,2,121,0.07474374018629028,
0.6,3,1,0.08128881915045097,1.4921945541677797e-08
0.6,3,2,0.08087273229203693,1.1298854261909359e-08
0.6,3,3,0.07664754870229878,2.8140569258335045e-08
0.6,3,4,0.07664754870229878,2.4521968754014488e-08
0.6,3,5,0.07664754870229878,4.9267817100758744e-08
0.6,3,6,0.07664754870229878,4.297404990867037e-08
0.6,3,7,0.07664754870229878,7.057480897802866e-08
0.6,3,8,0.07664754870229878,8.141184841112146e-08
0.6,3,9,0.07664754870229878,1.1012861158958796e-07
0.6,3,10,0.07661010021805176,1.0362695438719537e-07
0.6,3,11,0.07661010021805176,1.379847174849186e-07
0.6,3,12,0.0756795970451283,1.3342309087126576e-07
0.6,3,13,0.0756795970451283,1.5559872864650391e-07
0.6,3,14,0.07563824658153201,1.647985093458542e-07
0.6,3,15,0.07532134614322435,1.618591590721877e-07
0.6,3,16,0.07532134614322435,2.9903659613170886e-07
0.6,3,17,0.07532134614322435,4.3615862418549523e-07
0.6,3,18,0.07532134614322435,4.4102611921341935e-07
0.6,3,19,0.07532134614322435,5.6955367348175e-07
0.6,3,20,0.07532134614322435,6.332653960545969e-07
0.6,3,21,0.07532134614322435,7.601612560633192e-07
0.6,3,22,0.07532134614322435,8.827905951092071e-07
0.6,3,23,0.07532134614322435,8.816733140561349e-07
0.6,3,24,0.07532134614322435,9.571491445019751e-07
0.6,3,25,0.07532134614322435,9.740736834730409e-07
0.6,3,26,0.07532134614322435,9.949163811342257e-07
0.6,3,27,0.07532134614322435,1.1512829190820441e-06
0.6,3,28,0.07532134614322435,1.6905380469930664e-06
0.6,3,29,0.07530755151445262,2.150426716083178e-06
0.6,3,30,0.07530755151445262,2.7176009951246756e-06
0.6,3,31,0.07530755151445262,3.1458415978401017e-06
0.6,3,32,0.07530755151445262,3.3974017291134547e-06
0.6,3,33,0.07530755151445262,3.944829706371633e-06
0.6,3,34,0.07530755151445262,3.9759196716821565e-06
0.6,3,35,0.07520539632286043,4.007380261669172e-06
0.6,3,36,0.07520539632286043,4.0982558773453575e-06
0.6,3,37,0.07518722024899804,4.070476595267191e-06
0.6,3,38,0.07488115250997893,4.899321402881231e-06
0.6,3,39,0.07488115250997893,5.026338390189442e-06
0.6,3,40,0.07488115250997893,6.631552278733661e-06
0.6,3,41,0.07488115250997893,6.808039940968852e-06
0.6,3,42,0.07488115250997893,6.805659691290239e-06
0.6,3,43,0.07488115250997893,6.788005744867597e-06
0.6,3,44,0.07488115250997893,6.93768847028422e-06
0.6,3,45,0.07488115250997893,7.0855055853582725e-06
0.6,3,46,0.07488115250997893,6.945642089504229e-06
0.6,3,47,0.07488115250997893,6.9653777834893096e-06
0.6,3,48,0.07488115250997893,7.0969289001722196e-06
0.6,3,49,0.07488115250997893,7.080583412681477e-06
0.6,3,50,0.07485460831508697,7.078205044166721e-06
0.6,3,51,0.07485460831508697,7.987399520869907e-06
0.6,3,52,0.07485460831508697,8.609610936331892e-06
0.6,3,53,0.07485460831508697,8.749168915144085e-06
0.6,3,54,0.07480392948504563,8.927918013478628e-06
0.6,3,55,0.07480392948504563,9.010093174584039e-06
0.6,3,56,0.07480392948504563,9.178174546537774e-06
0.6,3,57,0.07480392948504563,9.050152082086241e-06
0.6,3,58,0.07480392948504563,1.140020433087985e-05
0.6,3,59,0.07480392948504563,1.4253222859463416e-05
0.6,3,60,0.07480392948504563,1.4312365118744713e-05
0.6,3,61,0.07480392948504563,1.5033601817559257e-05
0.6,3,62,0.07480392948504563,1.5049244639817675e-05
0.6,3,63,0.07480392948504563,1.5008907927859898e-05
0.6,3,64,0.07479835050837222,1.6787996589424964e-05
0.6,3,65,0.07479835050837222,1.896942485694606e-05
0.6,3,66,0.07479835050837222,2.1385250344111824e-05
0.6,3,67,0.07479835050837222,2.1404239183958566e-05
0.6,3,68,0.07479835050837222,2.1685033295699697e-05
0.6,3,69,0.07479835050837222,2.1726547421687907e-05
0.6,3,70,0.07479835050837222,2.1947418774429415e-05
0.6,3,71,0.07479835050837222,2.2710969674492124e-05
0.6,3,72,0.0747720341115464,2.2792394083213427e-05
0.6,3,73,0.0747720341115464,2.2672478032700967e-05
0.6,3,74,0.0747720341115464,2.3209882626290148e-05
0.6,3,75,0.0747720341115464,2.799260386349553e-05
0.6,3,76,0.0747720341115464,2.81053461021041e-05
0.6,3,77,0.0747720341115464,2.8237027920728325e-05
0.6,3,78,0.07476861607179214,5.689561717985637e-05
0.6,3,79,0.07476861607179214,5.670485892196657e-05
0.6,3,80,0.07476861607179214,5.883556474631023e-05
0.6,3,81,0.07476861607179214,6.121427601656097e-05
0.6,3,82,0.07476861607179214,7.925013224559504e-05
0.6,3,83,0.07475671576882206,7.924729936010648e-05
0.6,3,84,0.07475671576882206,0.00010124791143913205
0.6,3,85,0.07475671576882206,0.00010254014962544787
0.6,3,86,0.07475671576882206,0.00010685785432923376
0.6,3,87,0.07475671576882206,0.00011092706426406101
0.6,3,88,0.07475671576882206,0.0001148687896928585
0.6,3,89,0.07475671576882206,0.00012309610849898234
0.6,3,90,0.07475671576882206,0.00012182753376320724
0.6,3,91,0.07475671576882206,0.00012294485587407197
0.6,3,92,0.0747526417813767,0.00013006196374692764
0.6,3,93,0.0747526417813767,0.00013853993967010773
0.6,3,94,0.0747526417813767,0.0001463934302743406
0.6,3,95,0.0747526417813767,0.00015515812227482708
0.6,3,96,0.0747526417813767,0.00016063136733877848
0.6,3,97,0.0747526417813767,0.00016174532864245212
0.6,3,98,0.0747526417813767,0.00016171282403207207
0.6,3,99,0.0747526417813767,0.00016767655881939263
0.6,3,100,0.07474724657861956,0.00016835196878401524
0.6,3,101,0.0747471274498007,0.00017084182566321767
0.6,3,102,0.0747471274498007,0.000172694129364035
0.6,3,103,0.0747471274498007,0.0002154889891724951
0.6,3,104,0.0747456280973427,0.00021225494281051338
0.6,3,105,0.0747456280973427,0.00021148324526594467
0.6,3,106,0.0747456280973427,0.00021746634172702242
0.6,3,107,0.07474480274653736,0.00022180844344648056
0.6,3,108,0.07474480274653736,0.00022701307753559912
0.6,3,109,0.07474480274653736,0.00043865569063107255
0.6,3,110,0.07474480274653736,0.0004408227006515708
0.6,3,111,0.07474480274653736,0.0005851156517204541
0.6,3,112,0.07474480274653736,0.0006788771979525977
0.6,3,113,0.07474480274653736,0.00112074327268884
0.6,3,114,0.07474405502835296,0.0011847450258769042
0.6,3,115,0.07474363312095146,0.0013115243672870503
0.6,3,116,0.07474363312095146,0.0013023261496967298
0.6,3,117,0.07474363312095146,0.0013340590535826026
0.6,3,118,0.07474363312095146,0.0013525460381148891
0.6,3,119,0.07474363312095146,0.0014227819812375924
0.6,3,120,0.07474363312095146,0.0014714863895613378
0.6,3,121,0.07474363293444367,
0.6,4,1,0.08235955107589982,2.9217440732894014e-08
0.6,4,2,0.08235955107589982,1.8471593212544092e-08
0.6,4,3,0.08235955107589982,3.8892931805000556e-08
0.6,4,4,0.08235955107589982,2.725295353850721e-08
0.6,4,5,0.08002059031268617,2.3880591312771283e-08
0.6,4,6,0.08002059031268617,3.004311340746119e-08
0.6,4,7,0.07722056906287174,2.248102748115869e-08
0.6,4,8,0.07722056906287174,5.1356656873416175e-08
0.6,4,9,0.07722056906287174,4.6051963252798445e-08
0.6,4,10,0.0763991096361018,6.474407571212593e-08
0.6,4,11,0.0763991096361018,7.09318764773111e-08
0.6,4,12,0.0763991096361018,7.638484962502805e-08
0.6,4,13,0.0763991096361018,7.479103154806347e-08
0.6,4,14,0.0763991096361018,7.788045354707548e-08
0.6,4,15,0.0763991096361018,7.397769256393714e-08
0.6,4,16,0.0763991096361018,9.45343470180102e-08
0.6,4,17,0.0763991096361018,2.041338292583143e-07
0.6,4,18,0.0763991096361018,2.6638520343363286e-07
0.6,4,19,0.07632416948134468,2.9723418437436125e-07
0.6,4,20,0.07632416948134468,3.0240575895128887e-07
0.6,4,21,0.07632416948134468,3.58532610941676e-07
0.6,4,22,0.0763126424573505,4.425704980247468e-07
0.6,4,23,0.0763126424573505,5.296424815448472e-07
0.6,4,24,0.0760072101838134,5.485929269233826e-07
0.6,4,25,0.0760072101838134,5.525157081855032e-07
0.6,4,26,0.0760072101838134,5.660291268942899e-07
0.6,4,27,0.0760072101838134,5.6467212071703e-07
0.6,4,28,0.07585266783657124,1.116598540852034e-06
0.6,4,29,0.07585266783657124,1.1212683103702917e-06
0.6,4,30,0.07585266783657124,1.169083103193933e-06
0.6,4,31,0.07585266783657124,1.1688657489501607e-06
0.6,4,32,0.07585266783657124,1.1870882795894877e-06
0.6,4,33,0.07585266783657124,1.2028822412526047e-06
0.6,4,34,0.07585266783657124,1.2136292337834531e-06
0.6,4,35,0.07585266783657124,1.21130935211147e-06
0.6,4,36,0.07585266783657124,1.2257541042146959e-06
0.6,4,37,0.07585266783657124,1.2409661432950355e-06
0.6,4,38,0.07585266783657124,1.2297666973290199e-06
0.6,4,39,0.07585266783657124,1.2328464319862136e-06
0.6,4,40,0.0758377354598774,1.2326733778542395e-06
0.6,4,41,0.0758377354598774,1.2628677647323281e-06
0.6,4,42,0.07527113832364671,1.5961636381542192e-06
0.6,4,43,0.07527113832364671,1.628925162389711e-06
0.6,4,44,0.07527113832364671,1.6358775919723341e-06
0.6,4,45,0.07527113832364671,1.635953111548756e-06
0.6,4,46,0.07527113832364671,1.8038464779821647e-06
0.6,4,47,0.07527113832364671,1.8154844981010518e-06
0.6,4,48,0.07527113832364671,1.8122341271181512e-06
0.6,4,49,0.07519655656788705,3.502569559579158e-06
0.6,4,50,0.07519655656788705,4.322665713016675e-06
0.6,4,51,0.07519655656788705,4.337444632798711e-06
0.6,4,52,0.07519655656788705,4.338066115268032e-06
0.6,4,53,0.07519655656788705,4.6799655977280304e-06
0.6,4,54,0.07507433307916386,4.586050420854523e-06
0.6,4,55,0.07507433307916386,5.790062435914475e-06
0.6,4,56,0.07507433307916386,5.831410483294291e-06
0.6,4,57,0.07507433307916386,5.879667732555496e-06
0.6,4,58,0.07507433307916386,5.9851963994545425e-06
0.6,4,59,0.07503725090455696,5.92299131744433e-06
0.6,4,60,0.07503725090455696,6.449606693097843e-06
0.6,4,61,0.07503725090455696,6.528080739250389e-06
0.6,4,62,0.07503725090455696,6.5934475857192915e-06
0.6,4,63,0.07503725090455696,6.587875481227231e-06
0.6,4,64,0.07503725090455696,7.6233060311224936e-06
0.6,4,65,0.07503725090455696,8.621348979796496e-06
0.6,4,66,0.07503725090455696,8.67111845801798e-06
0.6,4,67,0.07500380372906065,8.765346497444106e-06
0.6,4,68,0.07500380372906065,8.702361047840057e-06
0.6,4,69,0.07500380372906065,8.64018695081811e-06
0.6,4,70,0.07500380372906065,9.023568712085583e-06
0.6,4,71,0.07496807498637087,9.433110869351934e-06
0.6,4,72,0.07495641724556862,9.469190821692793e-06
0.6,4,73,0.07490127111904576,1.0030831310096838e-05
0.6,4,74,0.07490127111904576,1.0085833718627688e-05
0.6,4,75,0.07490127111904576,1.495555620209771e-05
0.6,4,76,0.07490127111904576,1.5272896651178567e-05
0.6,4,77,0.07490127111904576,1.542108038982537e-05
0.6,4,78,0.074876539147326,1.544615270761538e-05
0.6,4,79,0.074876539147326,1.5844591440944023e-05
0.6,4,80,0.074876539147326,1.611712572411359e-05
0.6,4,81,0.074876539147326,1.619929384026254e-05
0.6,4,82,0.074876539147326,1.6290861290883467e-05
0.6,4,83,0.0748410268634299,1.6489736970699816e-05
0.6,4,84,0.0748410268634299,1.647315977281162e-05
0.6,4,85,0.0748410268634299,1.6804138212562394e-05
0.6,4,86,0.0748410268634299,1.7739273503716044e-05
0.6,4,87,0.0748410268634299,1.9099697725447576e-05
0.6,4,88,0.0748410268634299,1.8842209565596152e-05
0.6,4,89,0.0748410268634299,3.807489222942253e-05
0.6,4,90,0.0748410268634299,4.0220502521756084e-05
0.6,4,91,0.0748410268634299,4.0284240894051156e-05
0.6,4,92,0.07481068026770897,4.221306261044752e-05
0.6,4,93,0.07481068026770897,4.365161022106625e-05
0.6,4,94,0.07481068026770897,4.7316846118034997e-05
0.6,4,95,0.074784737540153,4.7700685629954044e-05
0.6,4,96,0.0747708578844836,5.0428660250285535e-05
0.6,4,97,0.0747708578844836,5.219609138726225e-05
0.6,4,98,0.0747708578844836,5.3693663623827754e-05
0.6,4,99,0.0747708578844836,5.591963087373221e-05
0.6,4,100,0.0747708578844836,7.527959744278973e-05
0.6,4,101,0.0747708578844836,7.248223838733899e-05
0.6,4,102,0.0747708578844836,7.394772125158783e-05
0.6,4,103,0.07476635922034502,7.647781381447511e-05
0.6,4,104,0.07475842722026019,8.396474509562598e-05
0.6,4,105,0.07475527975449608,9.739324333927356e-05
0.6,4,106,0.07475527975449608,0.00011698321687856055
0.6,4,107,0.07475527975449608,0.0001298988765067641
0.6,4,108,0.07475527975449608,0.00012723199782211972
0.6,4,109,0.07475527975449608,0.00012933229192587937
0.6,4,110,0.07475527975449608,0.0001285572881664957
0.6,4,111,0.07475527975449608,0.00013398927491353982
0.6,4,112,0.07475527975449608,0.00016336556902463452
0.6,4,113,0.0747519202021007,0.00016131032774113624
0.6,4,114,0.0747519202021007,0.00016438358867198913
0.6,4,115,0.0747519202021007,0.00017026438690272256
0.6,4,116,0.0747519202021007,0.00020406094877454005
0.6,4,117,0.0747519202021007,0.00020934129149380952
0.6,4,118,0.0747495784255495,0.00020993202057964744
0.6,4,119,0.0747495784255495,0.00020834800180741922
0.6,4,120,0.0747495784255495,0.00021425256110110864
0.6,4,121,0.07474943386568142,
0.6,5,1,0.08071207298726915,2.1702125062521644e-08
0.6,5,2,0.08071207298726915,1.5334383954984265e-08
0.6,5,3,0.0778182258765884,2.9125990087450106e-08
0.6,5,4,0.07609264809722958,1.7485577919266282e-08
0.6,5,5,0.07609264809722958,1.3329288574396501e-08
0.6,5,6,0.07609264809722958,1.187581339866558e-08
0.6,5,7,0.07609264809722958,1.1487493420374199e-08
0.6,5,8,0.07609264809722958,1.0976008160645672e-08
0.6,5,9,0.07609264809722958,9.251085708118261e-08
0.6,5,10,0.0760554803805522,1.1265653715754031e-07
0.6,5,11,0.0760554803805522,1.1415303341620047e-07
0.6,5,12,0.0760554803805522,1.1993333424039868e-07
0.6,5,13,0.0753161990213449,1.2193502892744208e-07
0.6,5,14,0.0753161990213449,1.2077685039991486e-07
0.6,5,15,0.0753161990213449,1.2041850722832228e-07
0.6,5,16,0.0753161990213449,4.4158055088351524e-07
0.6,5,17,0.07498686573939792,7.136546469335043e-07
0.6,5,18,0.07498686573939792,9.255374781245296e-07
0.6,5,19,0.07498686573939792,9.749719007058246e-07
0.6,5,20,0.07497787735800918,1.4157296178413032e-06
0.6,5,21,0.07497787735800918,2.046132290801729e-06
0.6,5,22,0.07481706745252306,2.5796999941998297e-06
0.6,5,23,0.07481706745252306,3.7067762530118533e-06
0.6,5,24,0.07481706745252306,3.963313915906524e-06
0.6,5,25,0.07481706745252306,4.216776901774168e-06
0.6,5,26,0.07481706745252306,4.190350220028463e-06
0.6,5,27,0.07481706745252306,4.573088548963441e-06
0.6,5,28,0.07481706745252306,4.736385202760427e-06
0.6,5,29,0.07481706745252306,4.819668772598569e-06
0.6,5,30,0.07481706745252306,5.2860499637460725e-06
0.6,5,31,0.07481706745252306,5.5644649655218635e-06
0.6,5,32,0.07481706745252306,7.668351562961275e-06
0.6,5,33,0.07481706745252306,7.68577384447853e-06
0.6,5,34,0.07481706745252306,8.058072323769498e-06
0.6,5,35,0.07481706745252306,8.411515770419107e-06
0.6,5,36,0.07481706745252306,8.449551465505864e-06
0.6,5,37,0.07481706745252306,8.477608326816235e-06
0.6,5,38,0.07481706745252306,8.507307513753882e-06
0.6,5,39,0.07481706745252306,9.453270143780896e-06
0.6,5,40,0.07481706745252306,9.628758075305534e-06
0.6,5,41,0.07481706745252306,1.3658620992883055e-05
0.6,5,42,0.07481706745252306,1.4789969256482885e-05
0.6,5,43,0.07481706745252306,1.5172969270918332e-05
0.6,5,44,0.074784395160047,1.5168903493068835e-05
0.6,5,45,0.074784395160047,1.5133859305145803e-05
0.6,5,46,0.074784395160047,1.605256531932941e-05
0.6,5,47,0.074784395160047,1.6460277026540743e-05
0.6,5,48,0.074784395160047,1.676660620827785e-05
0.6,5,49,0.074784395160047,3.314230412456769e-05
0.6,5,50,0.074784395160047,3.8397096931062215e-05
0.6,5,51,0.07477097584964106,3.966924929397619e-05
0.6,5,52,0.07477097584964106,4.486471187388534e-05
0.6,5,53,0.07477097584964106,4.8681103021355177e-05
0.6,5,54,0.07477097584964106,4.818379957395704e-05
0.6,5,55,0.07477097584964106,5.080005901182368e-05
0.6,5,56,0.07477097584964106,5.744320368618543e-05
0.6,5,57,0.07476786463870369,5.7028829487563655e-05
0.6,5,58,0.07475847265354785,5.8861287707073576e-05
0.6,5,59,0.07475847265354785,6.05184963370879e-05
0.6,5,60,0.07475847265354785,8.139794455060313e-05
0.6,5,61,0.0747576367189022,8.071712881509415e-05
0.6,5,62,0.0747576367189022,9.556014777736059e-05
0.6,5,63,0.0747576367189022,9.690939197916418e-05
0.6,5,64,0.0747576367189022,0.00010766160887171826
0.6,5,65,0.0747576367189022,0.00013545791365448788
0.6,5,66,0.0747576367189022,0.00013654426308780658
0.6,5,67,0.0747576367189022,0.00015255672056229796
0.6,5,68,0.07475526690872819,0.00015879274119262786
0.6,5,69,0.07475526690872819,0.00016353032467694736
0.6,5,70,0.07475526690872819,0.00016360839195549493
0.6,5,71,0.07475526690872819,0.0001755972885207327
0.6,5,72,0.07474863536525617,0.00018349597309129557
0.6,5,73,0.07474816697940978,0.00023888275591300504
0.6,5,74,0.07474816697940978,0.0002343545224056728
0.6,5,75,0.07474816697940978,0.00026204111053503655
0.6,5,76,0.07474816697940978,0.00031870540639667734
0.6,5,77,0.07474816697940978,0.00032405753860176897
0.6,5,78,0.07474816697940978,0.00032476250382000934
0.6,5,79,0.07474816697940978,0.00032728635715119017
0.6,5,80,0.0747443924466901,0.0003200193765376332
0.6,5,81,0.0747443924466901,0.0003630682131955366
0.6,5,82,0.0747443924466901,0.0003832389307377411
0.6,5,83,0.0747443924466901,0.00042489490024529524
0.6,5,84,0.0747443924466901,0.0004997458321874479
0.6,5,85,0.0747443924466901,0.0006199781458497665
0.6,5,86,0.0747443924466901,0.0006609216812812797
0.6,5,87,0.0747443924466901,0.0006722275493236996
0.6,5,88,0.0747443924466901,0.000675744171057932
0.6,5,89,0.0747443924466901,0.0007522305401439573
0.6,5,90,0.07474381092404389,0.0007547953444943344
0.6,5,91,0.07474381092404389,0.0007782158038274098
0.6,5,92,0.07474381092404389,0.0008423808036197444
0.6,5,93,0.07474381092404389,0.0009106464928129665
0.6,5,94,0.07474381092404389,0.0010714819668083111
0.6,5,95,0.07474381092404389,0.0012015957117706313
0.6,5,96,0.07474381092404389,0.0013313391850076285
0.6,5,97,0.07474381092404389,0.0013462043206656758
0.6,5,98,0.07474381092404389,0.0014529219153169644
0.6,5,99,0.07474381092404389,0.0018704077125409643
0.6,5,100,0.07474381092404389,0.0020477855806378554
0.6,5,101,0.07474381092404389,0.0021408579149729584
0.6,5,102,0.07474381092404389,0.002176394661272744
0.6,5,103,0.07474381092404389,0.0024579408898234385
0.6,5,104,0.07474356490500375,0.0025152414316004157
0.6,5,105,0.07474356490500375,0.00279320092191839
0.6,5,106,0.07474356490500375,0.002819141662670249
0.6,5,107,0.07474356490500375,0.0028489284794535946
0.6,5,108,0.07474356490500375,0.0030264498678040917
0.6,5,109,0.07474356490500375,0.0031346088139354938
0.6,5,110,0.07474356490500375,0.003365008132442076
0.6,5,111,0.07474340829383522,0.005347809679760322
0.6,5,112,0.07474340829383522,0.005512412418533431
0.6,5,113,0.07474340829383522,0.007079387835633113
0.6,5,114,0.07474340829383522,0.007375898329278521
0.6,5,115,0.07474340829383522,0.009841868452462918
0.6,5,116,0.07474340829383522,0.009809048198626573
0.6,5,117,0.07474330455194333,0.0101416708809273
0.6,5,118,0.07474330455194333,0.010105995123277445
0.6,5,119,0.07474330455194333,0.010386140020405521
0.6,5,120,0.07474330455194333,0.010831512637859543
0.6,5,121,0.07474327373666381,
0.65,1,1,0.13274594760342576,2.792076258249341e-08
0.65,1,2,0.13274594760342576,2.026377901023004e-08
0.65,1,3,0.10420011536737075,1.186008104514571e-08
0.65,1,4,0.09473613154206906,4.526897864099439e-08
0.65,1,5,0.08756802887055179,6.164022804339897e-08
0.65,1,6,0.08516698324810475,7.45419570755355e-08
0.65,1,7,0.08516698324810475,6.376437532459198e-08
0.65,1,8,0.07854379716935493,5.61760903989088e-08
0.65,1,9,0.07829348626664967,6.189495648095092e-08
0.65,1,10,0.07829348626664967,5.813524369126016e-08
0.65,1,11,0.07756427472029395,4.612976954677579e-08
0.65,1,12,0.07756427472029395,4.03220469371719e-08
0.65,1,13,0.07756427472029395,3.703488747725416e-08
0.65,1,14,0.07756427472029395,6.862525727332307e-08
0.65,1,15,0.07709630253275154,8.111481025613603e-08
0.65,1,16,0.07709630253275154,8.457030320922963e-08
0.65,1,17,0.07709630253275154,8.249846675165717e-08
0.65,1,18,0.07709630253275154,8.125169913757795e-08
0.65,1,19,0.07709630253275154,8.028047633044316e-08
0.65,1,20,0.07709630253275154,1.06234413415908e-07
0.65,1,21,0.07709630253275154,1.0613291095022193e-07
0.65,1,22,0.07709630253275154,1.070892263323623e-07
0.65,1,23,0.07709630253275154,1.1520232767607198e-07
0.65,1,24,0.07709630253275154,1.2882075274056648e-07
0.65,1,25,0.07709630253275154,1.378444740051446e-07
0.65,1,26,0.07709630253275154,1.4221149242591817e-07
0.65,1,27,0.07709630253275154,1.862590935415869e-07
0.65,1,28,0.07709630253275154,1.8886467852497658e-07
0.65,1,29,0.07709630253275154,2.2369496215034013e-07
0.65,1,30,0.07709630253275154,2.2182072094809412e-07
0.65,1,31,0.07709630253275154,2.23555235892083e-07
0.65,1,32,0.07679914344216024,2.2126624615824874e-07
0.65,1,33,0.07679914344216024,2.5985080353293517e-07
0.65,1,34,0.07679914344216024,4.500539483953417e-07
0.65,1,35,0.07679914344216024,5.022250342975284e-07
0.65,1,36,0.07679914344216024,6.554838329058288e-07
0.65,1,37,0.07679914344216024,6.562842590022636e-07
0.65,1,38,0.07679914344216024,1.2908259384507605e-06
0.65,1,39,0.07679914344216024,1.3294500257681698e-06
0.65,1,40,0.07679914344216024,1.554236913673625e-06
0.65,1,41,0.07679914344216024,1.6891697607898636e-06
0.65,1,42,0.07679914344216024,1.7199814791389518e-06
0.65,1,43,0.07679914344216024,1.7587586766159025e-06
0.65,1,44,0.07679914344216024,1.8558599890538305e-06
0.65,1,45,0.0767113772935964,2.1585138906245347e-06
0.65,1,46,0.0767113772935964,2.1930323187544676e-06
0.65,1,47,0.0767113772935964,2.597353545050385e-06
0.65,1,48,0.0767113772935964,2.646486176567492e-06
0.65,1,49,0.0767113772935964,2.9306267672892822e-06
0.65,1,50,0.0767113772935964,2.9505611950888564e-06
0.65,1,51,0.0767113772935964,5.4190481502077955e-06
0.65,1,52,0.0767113772935964,5.524130462005959e-06
0.65,1,53,0.0767113772935964,6.140479440308895e-06
0.65,1,54,0.07664892447363574,6.0123217952160844e-06
0.65,1,55,0.07664892447363574,6.118986348237427e-06
0.65,1,56,0.07664892447363574,6.43738247065721e-06
0.65,1,57,0.07658378763394175,6.570481742622322e-06
0.65,1,58,0.076549529788188,7.585819761704475e-06
0.65,1,59,0.076549529788188,7.638013978676803e-06
0.65,1,60,0.076549529788188,7.632763737750845e-06
0.65,1,61,0.076549529788188,7.78695352291555e-06
0.65,1,62,0.076549529788188,8.020108412657177e-06
0.65,1,63,0.076549529788188,8.189778899325594e-06
0.65,1,64,0.076549529788188,9.017985047323793e-06
0.65,1,65,0.076549529788188,9.347887536946406e-06
0.65,1,66,0.076549529788188,9.37172417972538e-06
0.65,1,67,0.076549529788188,9.593941776314141e-06
0.65,1,68,0.076549529788188,9.597673877620926e-06
0.65,1,69,0.076549529788188,9.614592860218297e-06
0.65,1,70,0.076549529788188,9.61766954763509e-06
0.65,1,71,0.076549529788188,9.695222821557395e-06
0.65,1,72,0.07651581337768598,9.685627391528767e-06
0.65,1,73,0.07651581337768598,9.713999049171043e-06
0.65,1,74,0.07651581337768598,9.78073098639371e-06
0.65,1,75,0.07651581337768598,9.799016185774511e-06
0.65,1,76,0.07651581337768598,9.790767547117992e-06
0.65,1,77,0.07651581337768598,1.5286002670324244e-05
0.65,1,78,0.07651581337768598,1.5267161446604683e-05
0.65,1,79,0.07651581337768598,1.581497219510807e-05
0.65,1,80,0.07651581337768598,1.6321046848200356e-05
0.65,1,81,0.07651581337768598,1.7696775771037037e-05
0.65,1,82,0.07651581337768598,3.128456118047963e-05
0.65,1,83,0.07651581337768598,3.6783415753023124e-05
0.65,1,84,0.07651581337768598,4.181341221297164e-05
0.65,1,85,0.07651581337768598,4.181145509769991e-05
0.65,1,86,0.07651581337768598,4.1690883015982405e-05
0.65,1,87,0.07649554206394307,4.1568378293565214e-05
0.65,1,88,0.07649554206394307,4.1974849887005954e-05
0.65,1,89,0.07649554206394307,4.2266302371125166e-05
0.65,1,90,0.07649554206394307,4.306832940639009e-05
0.65,1,91,0.07649554206394307,4.403207130074169e-05
0.65,1,92,0.07649554206394307,4.697954872426685e-05
0.65,1,93,0.07649554206394307,5.063330101034407e-05
0.65,1,94,0.07649554206394307,5.324950884266172e-05
0.65,1,95,0.07649554206394307,5.848372102080187e-05
0.65,1,96,0.07649554206394307,5.871056211216524e-05
0.65,1,97,0.07649554206394307,7.967698472894461e-05
0.65,1,98,0.07649554206394307,7.967698472894461e-05
0.65,1,99,0.07649554206394307,8.446213803839384e-05
0.65,1,100,0.07649554206394307,8.481752138980423e-05
0.65,1,101,0.07649554206394307,8.662713806380835e-05
0.65,1,102,0.07649554206394307,8.683824820924856e-05
0.65,1,103,0.07649554206394307,9.075003908154082e-05
0.65,1,104,0.07649554206394307,9.037049874910334e-05
0.65,1,105,0.07649554206394307,0.0001034832239425723
0.65,1,106,0.07649140709919867,0.0001096413985308983
0.65,1,107,0.07649140709919867,0.00011514834077408932
0.65,1,108,0.07649140709919867,0.00011375774394354548
0.65,1,109,0.07649140709919867,0.0001222598857760768
0.65,1,110,0.07649140709919867,0.0001228262048138871
0.65,1,111,0.07649140709919867,0.0001208236888710316
0.65,1,112,0.07649140709919867,0.00012146363650741653
0.65,1,113,0.07649140709919867,0.00012791124116600102
0.65,1,114,0.07649140709919867,0.0001328519406153582
0.65,1,115,0.07649140709919867,0.00014643499478984967
0.65,1,116,0.07649140709919867,0.00015305511025966121
0.65,1,117,0.07649140709919867,0.00015455106501818187
0.65,1,118,0.07649140709919867,0.00015375714498858556
0.65,1,119,0.07649140709919867,0.00016929029108489824
0.65,1,120,0.07649140709919867,0.0002008800524139675
0.65,1,121,0.0764863646071305,
0.65,2,1,0.3356432208049849,1.9683527321920236e-08
0.65,2,2,0.11737287550563698,3.646000831317783e-08
0.65,2,3,0.10901274408731292,2.55350333501437e-08
0.65,2,4,0.10901274408731292,5.0843905810068285e-08
0.65,2,5,0.0848453740626943,4.2523691096510856e-08
0.65,2,6,0.08092842626985439,5.467233322477981e-08
0.65,2,7,0.08092842626985439,6.402751656380792e-08
0.65,2,8,0.08092842626985439,5.5613993213877426e-08
0.65,2,9,0.08092842626985439,5.7273495631081555e-08
0.65,2,10,0.08092842626985439,4.8090629544133106e-08
0.65,2,11,0.07930856812732351,4.4160263168182436e-08
0.65,2,12,0.07876592450733848,3.9327444369845265e-08
0.65,2,13,0.07750413280107289,3.242592531777962e-08
0.65,2,14,0.07750413280107289,3.4443259067366905e-08
0.65,2,15,0.07750413280107289,3.227859783859102e-08
0.65,2,16,0.07750413280107289,3.0880015378590505e-08
0.65,2,17,0.07741172346428789,3.0252388691489207e-08
0.65,2,18,0.07741172346428789,2.908522598878227e-08
0.65,2,19,0.07741172346428789,2.8960720144246816e-08
0.65,2,20,0.07741172346428789,2.861515922919312e-08
0.65,2,21,0.07726565952099451,2.8333884845973243e-08
0.65,2,22,0.07726565952099451,2.8327660218276445e-08
0.65,2,23,0.07726565952099451,8.798289498572915e-07
0.65,2,24,0.07706291233507967,8.85837245214332e-07
0.65,2,25,0.07706291233507967,8.929660029601786e-07
0.65,2,26,0.07706291233507967,8.934721910262096e-07
0.65,2,27,0.07706291233507967,1.5382807927589118e-06
0.65,2,28,0.07699167447309896,1.923232702987681e-06
0.65,2,29,0.07699167447309896,2.0149165976419446e-06
0.65,2,30,0.07699167447309896,2.013272411297549e-06
0.65,2,31,0.07688726514398189,2.107358537183041e-06
0.65,2,32,0.07669192417131825,2.114732235423979e-06
0.65,2,33,0.07669192417131825,2.370679197255745e-06
0.65,2,34,0.07669192417131825,2.3749493967926513e-06
0.65,2,35,0.07669192417131825,2.385923027673525e-06
0.65,2,36,0.0766486575210154,2.4754001410792637e-06
0.65,2,37,0.0766486575210154,2.6650368968654884e-06
0.65,2,38,0.0766486575210154,4.86867648569964e-06
0.65,2,39,0.0766486575210154,7.072654430086226e-06
0.65,2,40,0.0766486575210154,7.217134388625481e-06
0.65,2,41,0.0766486575210154,7.301882254826521e-06
0.65,2,42,0.0766486575210154,7.820245373266523e-06
0.65,2,43,0.0766486575210154,8.237283646984465e-06
0.65,2,44,0.0766486575210154,8.338657405087442e-06
0.65,2,45,0.0766486575210154,8.475779440075924e-06
0.65,2,46,0.0766486575210154,8.860645008001432e-06
0.65,2,47,0.0766486575210154,9.675627107604059e-06
0.65,2,48,0.0766486575210154,1.0212878404898159e-05
0.65,2,49,0.0766486575210154,1.0569886696962318e-05
0.65,2,50,0.0766486575210154,1.0972251523073461e-05
0.65,2,51,0.0766486575210154,1.1027394494331648e-05
0.65,2,52,0.0766486575210154,1.1082697596492682e-05
0.65,2,53,0.0766486575210154,1.1320235948968715e-05
0.65,2,54,0.07654976023237106,1.1212936254350026e-05
0.65,2,55,0.07654976023237106,1.1306514023676476e-05
0.65,2,56,0.07654976023237106,1.8713780777432733e-05
0.65,2,57,0.07654976023237106,1.9710464633974632e-05
0.65,2,58,0.07654976023237106,2.013785629040161e-05
0.65,2,59,0.07654976023237106,2.0528534891887514e-05
0.65,2,60,0.07654976023237106,2.0386909428874964e-05
0.65,2,61,0.07654976023237106,2.1705731211342502e-05
0.65,2,62,0.07654976023237106,2.1682711788988258e-05
0.65,2,63,0.07654976023237106,2.394137891392173e-05
0.65,2,64,0.07654976023237106,2.4194904759158038e-05
0.65,2,65,0.07654976023237106,2.4514062452227854e-05
0.65,2,66,0.07652480921700058,2.3949492645148875e-05
0.65,2,67,0.07652480921700058,2.38706974777556e-05
0.65,2,68,0.07652480921700058,3.0702768437720775e-05
0.65,2,69,0.07652480921700058,3.0511263275668417e-05
0.65,2,70,0.07652480921700058,3.054099663041271e-05
0.65,2,71,0.07652480921700058,3.147390893193799e-05
0.65,2,72,0.07652480921700058,3.173130668839421e-05
0.65,2,73,0.07652480921700058,3.199408445570722e-05
0.65,2,74,0.07652480921700058,3.259393522389287e-05
0.65,2,75,0.07652480921700058,3.264096183765171e-05
0.65,2,76,0.07652480921700058,3.593199174020024e-05
0.65,2,77,0.07652480921700058,4.74648701807664e-05
0.65,2,78,0.07652480921700058,4.838615815376435e-05
0.65,2,79,0.07652480921700058,5.5948754708289956e-05
0.65,2,80,0.07650604495788552,6.146882336519482e-05
0.65,2,81,0.07650604495788552,6.975346631311331e-05
0.65,2,82,0.07650604495788552,6.869967745174996e-05
0.65,2,83,0.07650604495788552,7.194511999654103e-05
0.65,2,84,0.07650604495788552,8.86647043780452e-05
0.65,2,85,0.07650552273636005,8.661970647548294e-05
0.65,2,86,0.07650552273636005,9.642461767333676e-05
0.65,2,87,0.07650552273636005,0.00010485801205138592
0.65,2,88,0.07650552273636005,0.00011059109303132095
0.65,2,89,0.07650552273636005,0.00011031664908396437
0.65,2,90,0.07650552273636005,0.00011623253150494438
0.65,2,91,0.07650552273636005,0.00012443051857114552
0.65,2,92,0.07649887289736293,0.00013582227165844402
0.65,2,93,0.07648695191687335,0.00013615759630573003
0.65,2,94,0.07648695191687335,0.00014468648964570998
0.65,2,95,0.07648695191687335,0.0001433971350307931
0.65,2,96,0.07648695191687335,0.00015918524107163065
0.65,2,97,0.07648695191687335,0.00016330003764091625
0.65,2,98,0.07648695191687335,0.00016928062086990733
0.65,2,99,0.07648695191687335,0.00016775348956829143
0.65,2,100,0.07648695191687335,0.00017063602309389601
0.65,2,101,0.07648695191687335,0.00018027095779252095
0.65,2,102,0.07648597362130682,0.00017887772154070395
0.65,2,103,0.07648597362130682,0.00020688816657171355
0.65,2,104,0.07648597362130682,0.00020691851898498373
0.65,2,105,0.07648597362130682,0.00021040371461799546
0.65,2,106,0.07648597362130682,0.00021064566571989322
0.65,2,107,0.07648597362130682,0.0002102134732767709
0.65,2,108,0.07648597362130682,0.00020740614834301865
0.65,2,109,0.07648597362130682,0.00021138442376944343
0.65,2,110,0.07648597362130682,0.0002192157490081826
0.65,2,111,0.07648597362130682,0.0002354348330765543
0.65,2,112,0.07648597362130682,0.00023503008000542064
0.65,2,113,0.07648597362130682,0.00033964817510671267
0.65,2,114,0.07648597362130682,0.00036096678416043965
0.65,2,115,0.07648597362130682,0.00039216425916738164
0.65,2,116,0.07648597362130682,0.00041996992045614155
0.65,2,117,0.07648597362130682,0.0004167734544894417
0.65,2,118,0.07648221057852608,0.00042535624710152766
0.65,2,119,0.07648221057852608,0.00045856829857282566
0.65,2,120,0.07648221057852608,0.0004645767146603504
0.65,2,121,0.0764813022247029,
0.65,3,1,0.26512297950390273,2.8238989907548014e-08
0.65,3,2,0.09557092604948361,1.9691056428435957e-08
0.65,3,3,0.08146290090041697,1.3715739765402021e-08
0.65,3,4,0.08146290090041697,4.032880196290267e-08
0.65,3,5,0.08003729075780067,6.665301804669889e-08
0.65,3,6,0.08003729075780067,5.8119657498772784e-08
0.65,3,7,0.08003729075780067,6.406514952180891e-08
0.65,3,8,0.07977213602933844,5.052851092314529e-08
0.65,3,9,0.07932815203234023,6.067559502251132e-08
0.65,3,10,0.07932815203234023,4.944993312677581e-08
0.65,3,11,0.07932815203234023,4.509178376771281e-08
0.65,3,12,0.07932815203234023,6.105018091785827e-08
0.65,3,13,0.07932815203234023,5.9504790890340863e-08
0.65,3,14,0.07932815203234023,5.710755944783182e-08
0.65,3,15,0.07932815203234023,5.3830409908480305e-08
0.65,3,16,0.07932815203234023,5.161428778136502e-08
0.65,3,17,0.07932815203234023,5.580099921966953e-08
0.65,3,18,0.07932815203234023,5.208429442428017e-08
0.65,3,19,0.07932815203234023,8.095891926374826e-08
0.65,3,20,0.07849512868624767,7.941437670123367e-08
0.65,3,21,0.07849512868624767,1.0313341808183987e-07
0.65,3,22,0.07849512868624767,9.989770892601084e-08
0.65,3,23,0.07816208343278261,1.940636531166631e-07
0.65,3,24,0.07816208343278261,2.1832922754142968e-07
0.65,3,25,0.07816208343278261,2.402653240383306e-07
0.65,3,26,0.07698742595267918,3.2713130523766475e-07
0.65,3,27,0.07698742595267918,3.276705776194272e-07
0.65,3,28,0.07698742595267918,4.834457437020827e-07
0.65,3,29,0.07698742595267918,4.990222269556256e-07
0.65,3,30,0.07698742595267918,5.058708959360727e-07
0.65,3,31,0.07698742595267918,5.060744587824253e-07
0.65,3,32,0.0769228159563912,9.130525490077479e-07
0.65,3,33,0.0769228159563912,1.1909612026784145e-06
0.65,3,34,0.0769228159563912,1.5244256552964255e-06
0.65,3,35,0.0769228159563912,1.5636100043716446e-06
0.65,3,36,0.0769228159563912,1.9638188300469015e-06
0.65,3,37,0.0768314212560684,2.206560607942382e-06
0.65,3,38,0.0768314212560684,2.216024902566176e-06
0.65,3,39,0.0768314212560684,2.472868677563806e-06
0.65,3,40,0.0768314212560684,2.529246040588799e-06
0.65,3,41,0.0768314212560684,3.284470532044765e-06
0.65,3,42,0.0768314212560684,3.4709916626323058e-06
0.65,3,43,0.0768314212560684,3.511378135859481e-06
0.65,3,44,0.07674079147128089,3.66815677376646e-06
0.65,3,45,0.07674079147128089,3.6804996524419722e-06
0.65,3,46,0.07674079147128089,3.7225894910414053e-06
0.65,3,47,0.07667174985419381,3.7937606120568514e-06
0.65,3,48,0.07667174985419381,3.9882361062066825e-06
0.65,3,49,0.07667174985419381,3.971487231065492e-06
0.65,3,50,0.07667174985419381,3.962979831137909e-06
0.65,3,51,0.07667174985419381,4.014469974811175e-06
0.65,3,52,0.07667174985419381,4.02380201659596e-06
0.65,3,53,0.07667174985419381,5.001094315460759e-06
0.65,3,54,0.07667174985419381,6.275541248333668e-06
0.65,3,55,0.07664519981985748,9.101528990584877e-06
0.65,3,56,0.07664519981985748,9.168045091450802e-06
0.65,3,57,0.07664519981985748,9.416997587069942e-06
0.65,3,58,0.07657716949865004,1.2681697167513763e-05
0.65,3,59,0.07657716949865004,1.2983067357236761e-05
0.65,3,60,0.07657716949865004,1.385849306291878e-05
0.65,3,61,0.07657716949865004,1.4040899390333269e-05
0.65,3,62,0.07657716949865004,1.4161186487673594e-05
0.65,3,63,0.07657716949865004,1.5540336368870786e-05
0.65,3,64,0.07657716949865004,1.6155396887135014e-05
0.65,3,65,0.07657716949865004,1.895757022974537e-05
0.65,3,66,0.07657716949865004,1.9202994302041845e-05
0.65,3,67,0.07657716949865004,1.9615443689455894e-05
0.65,3,68,0.07657716949865004,1.9467320871235955e-05
0.65,3,69,0.07655529329125142,1.9059241620496273e-05
0.65,3,70,0.07655529329125142,1.9230673712084395e-05
0.65,3,71,0.07655529329125142,1.94576170705407e-05
0.65,3,72,0.07655529329125142,1.9852816437712537e-05
0.65,3,73,0.07655529329125142,1.981618655474805e-05
0.65,3,74,0.07655529329125142,1.9990084371788368e-05
0.65,3,75,0.07653416949618141,1.9756341666721044e-05
0.65,3,76,0.07653416949618141,1.9988618324761458e-05
0.65,3,77,0.07653416949618141,2.073232911864362e-05
0.65,3,78,0.07653416949618141,2.1289004955831768e-05
0.65,3,79,0.07653416949618141,2.147929586077593e-05
0.65,3,80,0.07653416949618141,2.1340233728685626e-05
0.65,3,81,0.07653416949618141,2.118320290237615e-05
0.65,3,82,0.07653416949618141,2.2290918874727163e-05
0.65,3,83,0.07653416949618141,2.366004147729544e-05
0.65,3,84,0.07653416949618141,2.6620629290014882e-05
0.65,3,85,0.07653416949618141,2.6842509882306273e-05
0.65,3,86,0.07653416949618141,2.6660996504680136e-05
0.65,3,87,0.07653416949618141,2.6570398625063407e-05
0.65,3,88,0.07653416949618141,2.65136957266808e-05
0.65,3,89,0.07653416949618141,2.651366196999383e-05
0.65,3,90,0.07653416949618141,2.686416508402287e-05
0.65,3,91,0.07653416949618141,2.6933580562445958e-05
0.65,3,92,0.07653416949618141,2.815925396033353e-05
0.65,3,93,0.07653416949618141,3.695281951219444e-05
0.65,3,94,0.07653416949618141,3.712443647853707e-05
0.65,3,95,0.07653416949618141,3.7108328531009795e-05
0.65,3,96,0.07653416949618141,3.7216745861519645e-05
0.65,3,97,0.07653416949618141,3.721700939386131e-05
0.65,3,98,0.07653223375626726,3.8595717939022216e-05
0.65,3,99,0.07653223375626726,3.846445047534448e-05
0.65,3,100,0.07652617775074189,4.7138297058605824e-05
0.65,3,101,0.07652617775074189,7.654497049827875e-05
0.65,3,102,0.07652617775074189,7.713299026798086e-05
0.65,3,103,0.07651348538802594,8.165896579257448e-05
0.65,3,104,0.07651348538802594,8.216462927073474e-05
0.65,3,105,0.07651348538802594,9.010210595399459e-05
0.65,3,106,0.07651348538802594,0.00010521310417390275
0.65,3,107,0.07651348538802594,0.00010956915301110149
0.65,3,108,0.07651348538802594,0.0001217856062454974
0.65,3,109,0.07651348538802594,0.00012028315511312269
0.65,3,110,0.07651348538802594,0.00012200600535082059
0.65,3,111,0.07651348538802594,0.0001256817087015801
0.65,3,112,0.07651348538802594,0.0001290789758764866
0.65,3,113,0.0765020014920099,0.00013616836271241768
0.65,3,114,0.0765020014920099,0.00013616836271241768
0.65,3,115,0.0765020014920099,0.00016818170776592944
0.65,3,116,0.0765020014920099,0.0001708672137033596
0.65,3,117,0.0765020014920099,0.00017624600326480785
0.65,3,118,0.0765020014920099,0.0001956947176578583
0.65,3,119,0.0765020014920099,0.00019579107551341817
0.65,3,120,0.07649696360337596,0.00019908591224378593
0.65,3,121,0.07647970075697533,
0.65,4,1,0.20395758157640448,2.5584056363556944e-08
0.65,4,2,0.11271988155081003,3.7265637743024625e-08
0.65,4,3,0.08335791453820326,4.211706909885703e-08
0.65,4,4,0.08335791453820326,3.550559834929137e-08
0.65,4,5,0.07896751884061814,2.7396243170375414e-08
0.65,4,6,0.07896751884061814,5.769005069049586e-08
0.65,4,7,0.07896751884061814,5.2995463752432805e-08
0.65,4,8,0.07896751884061814,5.000225624095758e-08
0.65,4,9,0.07896751884061814,7.164218506161001e-08
0.65,4,10,0.07896751884061814,9.757584892335161e-08
0.65,4,11,0.07896751884061814,9.515996476659906e-08
0.65,4,12,0.07806017721781941,9.105142551083321e-08
0.65,4,13,0.07806017721781941,1.0038981744117416e-07
0.65,4,14,0.07763675547428381,1.253113292124148e-07
0.65,4,15,0.07763675547428381,1.460123766563859e-07
0.65,4,16,0.07763675547428381,2.342133334400203e-07
0.65,4,17,0.07763675547428381,3.088890768754443e-07
0.65,4,18,0.07758611129690823,3.123062830690784e-07
0.65,4,19,0.07758611129690823,3.963023835202581e-07
0.65,4,20,0.07758611129690823,4.14482634472983e-07
0.65,4,21,0.07709033516733366,4.427247571743981e-07
0.65,4,22,0.07709033516733366,4.4533176538374354e-07
0.65,4,23,0.07709033516733366,7.276021308257319e-07
0.65,4,24,0.07709033516733366,7.274554657120512e-07
0.65,4,25,0.07709033516733366,8.69540697480076e-07
0.65,4,26,0.07709033516733366,9.455144787092386e-07
0.65,4,27,0.07709033516733366,9.981406064157015e-07
0.65,4,28,0.07709033516733366,1.0296768084688188e-06
0.65,4,29,0.07709033516733366,1.1254381276022825e-06
0.65,4,30,0.07709033516733366,1.1613010304501215e-06
0.65,4,31,0.07709033516733366,1.2077099973062111e-06
0.65,4,32,0.07709033516733366,1.3421835692391954e-06
0.65,4,33,0.07709033516733366,2.224909921638864e-06
0.65,4,34,0.07709033516733366,4.030999475766533e-06
0.65,4,35,0.07709033516733366,4.373668776869747e-06
0.65,4,36,0.07709033516733366,4.939167435668364e-06
0.65,4,37,0.07709033516733366,5.4857696677947814e-06
0.65,4,38,0.07709033516733366,5.462498467493439e-06
0.65,4,39,0.07709033516733366,5.565362269070257e-06
0.65,4,40,0.07709033516733366,5.625667959581945e-06
0.65,4,41,0.07701950145840934,5.803054480373274e-06
0.65,4,42,0.07701950145840934,6.555278945655099e-06
0.65,4,43,0.07689134938159659,6.5200566492291625e-06
0.65,4,44,0.07675741939176137,6.506911030757864e-06
0.65,4,45,0.07675741939176137,6.499066465121433e-06
0.65,4,46,0.07675741939176137,6.448731589727842e-06
0.65,4,47,0.07675741939176137,6.615902223846184e-06
0.65,4,48,0.07675741939176137,6.773486411383598e-06
0.65,4,49,0.07675741939176137,7.338636490740304e-06
0.65,4,50,0.07675741939176137,7.491871197230991e-06
0.65,4,51,0.07675741939176137,7.836041925882194e-06
0.65,4,52,0.07675741939176137,7.786923280990456e-06
0.65,4,53,0.07675741939176137,8.19549171532254e-06
0.65,4,54,0.07675741939176137,8.18543125907656e-06
0.65,4,55,0.07675741939176137,8.172744076889923e-06
0.65,4,56,0.07675741939176137,8.136938948390528e-06
0.65,4,57,0.07675741939176137,1.0245456460732506e-05
0.65,4,58,0.07675741939176137,1.04923294639765e-05
0.65,4,59,0.07675741939176137,1.0569793720803224e-05
0.65,4,60,0.07675741939176137,1.0626004645869802e-05
0.65,4,61,0.07667694521423957,1.0798810171604103e-05
0.65,4,62,0.07667694521423957,1.0757856957025626e-05
0.65,4,63,0.07654002166404575,1.0594360223212486e-05
0.65,4,64,0.07654002166404575,1.1108490709369305e-05
0.65,4,65,0.07654002166404575,1.1239806121059011e-05
0.65,4,66,0.07654002166404575,1.115225467101322e-05
0.65,4,67,0.07654002166404575,1.2547753349025918e-05
0.65,4,68,0.07654002166404575,1.555181611604687e-05
0.65,4,69,0.07654002166404575,1.578114583635682e-05
0.65,4,70,0.07654002166404575,1.9115905215696237e-05
0.65,4,71,0.07654002166404575,1.8561852647703636e-05
0.65,4,72,0.07654002166404575,1.8607963625444084e-05
0.65,4,73,0.07654002166404575,1.9707624973358963e-05
0.65,4,74,0.07654002166404575,1.9973796903603355e-05
0.65,4,75,0.0765240951821248,2.5653516058826155e-05
0.65,4,76,0.0765240951821248,2.9340873812876945e-05
0.65,4,77,0.0765240951821248,2.920788866465904e-05
0.65,4,78,0.0765240951821248,3.069850575383007e-05
0.65,4,79,0.0765240951821248,3.154516320079067e-05
0.65,4,80,0.07649770077837142,3.1611738016615796e-05
0.65,4,81,0.07649770077837142,3.153702144519114e-05
0.65,4,82,0.07649770077837142,3.357770370908407e-05
0.65,4,83,0.07649770077837142,3.6209284010172244e-05
0.65,4,84,0.07649770077837142,3.765744955637247e-05
0.65,4,85,0.07648698320100741,3.739532924266071e-05
0.65,4,86,0.07648698320100741,3.888573297697953e-05
0.65,4,87,0.07648698320100741,4.044245939286716e-05
0.65,4,88,0.07648698320100741,4.050668651475448e-05
0.65,4,89,0.07648698320100741,3.985654003083974e-05
0.65,4,90,0.07648698320100741,3.980386958148036e-05
0.65,4,91,0.07648698320100741,4.2186489691061036e-05
0.65,4,92,0.07648698320100741,4.2750009620963066e-05
0.65,4,93,0.07648698320100741,4.2664183019838735e-05
0.65,4,94,0.07648698320100741,4.315081535548504e-05
0.65,4,95,0.07648698320100741,4.555347832934864e-05
0.65,4,96,0.07648698320100741,5.747465897785616e-05
0.65,4,97,0.07648698320100741,5.736430601076541e-05
0.65,4,98,0.07648698320100741,5.9710079232841346e-05
0.65,4,99,0.07648698320100741,6.618493615704193e-05
0.65,4,100,0.07648698320100741,6.601633542103203e-05
0.65,4,101,0.07648698320100741,6.638819123099041e-05
0.65,4,102,0.07648698320100741,6.945248411214927e-05
0.65,4,103,0.07648698320100741,7.052082531071606e-05
0.65,4,104,0.07648698320100741,7.039955040452875e-05
0.65,4,105,0.07648500662702815,7.199085632215853e-05
0.65,4,106,0.07648500662702815,9.13948256030207e-05
0.65,4,107,0.07648500662702815,0.00010578256889565636
0.65,4,108,0.07648500662702815,0.00012705152617331067
0.65,4,109,0.07648500662702815,0.00016894188784015196
0.65,4,110,0.07648500662702815,0.00017814756051291058
0.65,4,111,0.07648373999068783,0.00017456008945266628
0.65,4,112,0.07648373999068783,0.00018353845374545401
0.65,4,113,0.07648373999068783,0.00019084020992669884
0.65,4,114,0.07648373999068783,0.00019747339271452899
0.65,4,115,0.07648373999068783,0.0002234781946294732
0.65,4,116,0.07648373999068783,0.00023701452173762532
0.65,4,117,0.0764809588646303,0.00024524854081336517
0.65,4,118,0.07648069649187274,0.00032340430463441487
0.65,4,119,0.07648069649187274,0.0003277073067597353
0.65,4,120,0.07648069649187274,0.00032502490334722134
0.65,4,121,0.07647989703399777,
0.65,5,1,1.2763364709339657,2.175202623848274e-08
0.65,5,2,0.0853798327386164,4.230924883244043e-08
0.65,5,3,0.0845627582180307,3.93049645184699e-08
0.65,5,4,0.0845627582180307,5.597595423272661e-08
0.65,5,5,0.08211931526318429,4.509771638393159e-08
0.65,5,6,0.08211931526318429,6.589849079149075e-08
0.65,5,7,0.08043071021889955,6.77471074530115e-08
0.65,5,8,0.08043071021889955,6.29610210229007e-08
0.65,5,9,0.08043071021889955,5.7371861048341505e-08
0.65,5,10,0.07913387828729329,6.649381753675946e-08
0.65,5,11,0.07913387828729329,6.206028721082933e-08
0.65,5,12,0.07913387828729329,6.293850377524206e-08
0.65,5,13,0.07834559529044012,6.051621683413426e-08
0.65,5,14,0.07831555974800387,5.8021384591163065e-08
0.65,5,15,0.07748213101704224,5.299103524512031e-08
0.65,5,16,0.07748213101704224,4.871420965081271e-08
0.65,5,17,0.07748213101704224,6.605046462719067e-08
0.65,5,18,0.07744674144192319,6.182405932463094e-08
0.65,5,19,0.07744674144192319,7.939204745851941e-08
0.65,5,20,0.07744674144192319,9.743773984272215e-08
0.65,5,21,0.07744674144192319,1.0035080936204341e-07
0.65,5,22,0.07730165826216949,1.1963296552407302e-07
0.65,5,23,0.07718675225824653,1.1586618317979574e-07
0.65,5,24,0.07718675225824653,1.5145020710218728e-07
0.65,5,25,0.07718675225824653,1.735081674052265e-07
0.65,5,26,0.07718675225824653,1.8222899745532987e-07
0.65,5,27,0.07718675225824653,1.9936895932051454e-07
0.65,5,28,0.07718675225824653,2.0828461675925789e-07
0.65,5,29,0.07718675225824653,6.003877750631562e-07
0.65,5,30,0.07718675225824653,6.116483442260053e-07
0.65,5,31,0.07718675225824653,6.127686965221502e-07
0.65,5,32,0.07718675225824653,6.697347412503646e-07
0.65,5,33,0.07718675225824653,6.728871547861572e-07
0.65,5,34,0.07718675225824653,6.713496898605418e-07
0.65,5,35,0.07718675225824653,1.0199965660240301e-06
0.65,5,36,0.07718675225824653,1.0207481450833411e-06
0.65,5,37,0.07718675225824653,1.0466925753140135e-06
0.65,5,38,0.07718675225824653,1.11337119426188e-06
0.65,5,39,0.07718675225824653,1.3048182715294035e-06
0.65,5,40,0.07679740265072883,1.2927614554255862e-06
0.65,5,41,0.07679740265072883,1.2901136979527318e-06
0.65,5,42,0.07677084127614076,1.5205377113830306e-06
0.65,5,43,0.07677084127614076,1.528544616003239e-06
0.65,5,44,0.07677084127614076,1.5369647930620675e-06
0.65,5,45,0.07677084127614076,1.5332687821328714e-06
0.65,5,46,0.07675444866501019,1.5611158656509224e-06
0.65,5,47,0.07675444866501019,1.7980289471355209e-06
0.65,5,48,0.07675444866501019,1.796613789491712e-06
0.65,5,49,0.07675444866501019,1.796613789491712e-06
0.65,5,50,0.07674654572950748,1.8037230681559142e-06
0.65,5,51,0.07674654572950748,1.780084543571399e-06
0.65,5,52,0.07674654572950748,1.7758677387579582e-06
0.65,5,53,0.07674654572950748,1.7797756870588678e-06
0.65,5,54,0.07674654572950748,1.7993519783860272e-06
0.65,5,55,0.07674654572950748,1.7966202024326834e-06
0.65,5,56,0.07674654572950748,1.8570623179905072e-06
0.65,5,57,0.07674654572950748,1.8798859149717737e-06
0.65,5,58,0.07674654572950748,1.9795989053846955e-06
0.65,5,59,0.07674654572950748,2.0761125486632e-06
0.65,5,60,0.07674654572950748,2.0693839488726432e-06
0.65,5,61,0.07674654572950748,2.1267071096001438e-06
0.65,5,62,0.07674654572950748,2.124820776744866e-06
0.65,5,63,0.07674654572950748,2.275086804811077e-06
0.65,5,64,0.07674654572950748,2.919857542676613e-06
0.65,5,65,0.07674654572950748,2.9115608069905725e-06
0.65,5,66,0.07674654572950748,2.9116040499232587e-06
0.65,5,67,0.07674654572950748,2.971453164948104e-06
0.65,5,68,0.07661226893217182,3.096084174882427e-06
0.65,5,69,0.07661226893217182,4.752403218129338e-06
0.65,5,70,0.07661226893217182,5.039518742405755e-06
0.65,5,71,0.07661226893217182,5.291806833340891e-06
0.65,5,72,0.07661226893217182,5.558134086376441e-06
0.65,5,73,0.07661226893217182,5.526505313874098e-06
0.65,5,74,0.07661226893217182,6.235969102022274e-06
0.65,5,75,0.07661226893217182,8.245514663329596e-06
0.65,5,76,0.07661226893217182,8.403064205393932e-06
0.65,5,77,0.07661226893217182,8.612654478887938e-06
0.65,5,78,0.07661226893217182,1.240249456318835e-05
0.65,5,79,0.07661226893217182,1.4483457495066021e-05
0.65,5,80,0.07661226893217182,1.4538752113005982e-05
0.65,5,81,0.07661226893217182,1.4408180874035759e-05
0.65,5,82,0.07661226893217182,1.521704136419139e-05
0.65,5,83,0.07661226893217182,1.5925314731355775e-05
0.65,5,84,0.07661226893217182,1.5966051530601918e-05
0.65,5,85,0.07661226893217182,1.6388005972857154e-05
0.65,5,86,0.07661226893217182,1.6879046884462233e-05
0.65,5,87,0.07659591764056878,1.8270286470437574e-05
0.65,5,88,0.07652361137550695,1.843919244002887e-05
0.65,5,89,0.07652361137550695,1.8309933839319478e-05
0.65,5,90,0.07652361137550695,1.876160837686642e-05
0.65,5,91,0.07652361137550695,1.883489746333127e-05
0.65,5,92,0.07652361137550695,2.0802484459194632e-05
0.65,5,93,0.07652361137550695,2.1034659685845435e-05
0.65,5,94,0.07652361137550695,2.422898113076243e-05
0.65,5,95,0.07652361137550695,2.661666292527187e-05
0.65,5,96,0.0765208595003559,2.660618629441456e-05
0.65,5,97,0.0765208595003559,2.699153920146847e-05
0.65,5,98,0.0765208595003559,2.6964202656257526e-05
0.65,5,99,0.07652022345927834,3.8341568954408656e-05
0.65,5,100,0.07652022345927834,3.797247939081699e-05
0.65,5,101,0.07652022345927834,3.863544902227469e-05
0.65,5,102,0.07651622799544514,3.814186285439036e-05
0.65,5,103,0.07649652893835196,4.68970579573738e-05
0.65,5,104,0.07649652893835196,4.760502376993383e-05
0.65,5,105,0.07649652893835196,4.7968249194070495e-05
0.65,5,106,0.07649652893835196,4.841837406522882e-05
0.65,5,107,0.0764882006872567,4.936743995219405e-05
0.65,5,108,0.0764882006872567,4.935271819825403e-05
0.65,5,109,0.0764882006872567,4.9395693289982624e-05
0.65,5,110,0.0764882006872567,5.393300294023858e-05
0.65,5,111,0.0764882006872567,5.3736812453562484e-05
0.65,5,112,0.0764882006872567,5.893148781369034e-05
0.65,5,113,0.0764882006872567,5.861660051395269e-05
0.65,5,114,0.0764882006872567,6.126798602390767e-05
0.65,5,115,0.0764882006872567,7.443967537886974e-05
0.65,5,116,0.0764882006872567,7.667144354871673e-05
0.65,5,117,0.0764882006872567,7.670032903906548e-05
0.65,5,118,0.0764882006872567,7.65324340191692e-05
0.65,5,119,0.0764882006872567,7.809684416301199e-05
0.65,5,120,0.0764882006872567,7.800198037812272e-05
0.65,5,121,0.0764870851278305,
0.7,1,1,24.117200261086026,3.3009652123074077e-08
0.7,1,2,21.37653934646793,3.154273250721508e-08
0.7,1,3,21.37653934646793,7.839614831294657e-08
0.7,1,4,17.77824709934434,8.114272725808256e-08
0.7,1,5,16.794882035061153,1.0241551683776728e-07
0.7,1,6,13.652574375876739,2.1075946584817894e-07
0.7,1,7,12.517929637233962,2.2106192683691725e-07
0.7,1,8,12.517929637233962,2.0432375050108602e-07
0.7,1,9,12.517929637233962,2.1300588949547612e-07
0.7,1,10,12.517929637233962,2.3341892539627256e-07
0.7,1,11,12.517929637233962,2.2764581201522953e-07
0.7,1,12,12.517929637233962,2.4443659865763895e-07
0.7,1,13,12.517929637233962,2.571293094078369e-07
0.7,1,14,12.517929637233962,2.543305070092779e-07
0.7,1,15,11.762549015544852,2.4776884130875656e-07
0.7,1,16,9.50709871975218,2.717027895534179e-07
0.7,1,17,9.50709871975218,3.0518712394839874e-07
0.7,1,18,9.287482140855149,3.055700724577369e-07
0.7,1,19,9.287482140855149,3.081961772724645e-07
0.7,1,20,9.287482140855149,3.199215201155026e-07
0.7,1,21,8.747752054312816,3.178217995763375e-07
0.7,1,22,8.747752054312816,3.22764484468416e-07
0.7,1,23,8.747752054312816,3.5954033368434713e-07
0.7,1,24,8.113395907791963,4.85723402194021e-07
0.7,1,25,8.113395907791963,4.7403409721264863e-07
0.7,1,26,8.113395907791963,4.7274360730738523e-07
0.7,1,27,8.113395907791963,4.633672396828229e-07
0.7,1,28,8.113395907791963,4.6078619016732245e-07
0.7,1,29,8.113395907791963,4.4248884860433476e-07
0.7,1,30,8.113395907791963,5.077400571605684e-07
0.7,1,31,8.113395907791963,5.3200433593447e-07
0.7,1,32,8.113395907791963,7.469803659474989e-07
0.7,1,33,8.112209914355157,7.669848311566555e-07
0.7,1,34,8.112209914355157,8.385786829901478e-07
0.7,1,35,8.08412162693204,9.309609568586634e-07
0.7,1,36,8.08412162693204,1.1195961535581868e-06
0.7,1,37,8.08412162693204,1.1508919439271074e-06
0.7,1,38,7.885117566976416,1.2705191705157332e-06
0.7,1,39,7.885117566976416,1.3797202725042158e-06
0.7,1,40,7.885117566976416,1.5523478977328736e-06
0.7,1,41,7.824020793938349,2.45634769818663e-06
0.7,1,42,7.824020793938349,2.72208627499572e-06
0.7,1,43,7.824020793938349,2.818846908319994e-06
0.7,1,44,7.824020793938349,3.306541117601188e-06
0.7,1,45,7.824020793938349,4.0379617641941255e-06
0.7,1,46,7.824020793938349,4.247785152446778e-06
0.7,1,47,7.824020793938349,4.681790910445006e-06
0.7,1,48,7.795959783182886,6.46037657459549e-06
0.7,1,49,7.794515363729543,6.39309354936599e-06
0.7,1,50,7.781476068764393,7.07410511133515e-06
0.7,1,51,7.781476068764393,8.195569001050013e-06
0.7,1,52,7.7675366439773965,8.418130526709094e-06
0.7,1,53,7.7675366439773965,8.79754901807377e-06
0.7,1,54,7.7675366439773965,9.170104800810696e-06
0.7,1,55,7.763137543733006,9.556172669658734e-06
0.7,1,56,7.751955696636309,1.2279918876851677e-05
0.7,1,57,7.748168276005182,1.331082095660964e-05
0.7,1,58,7.748168276005182,1.3456500748271535e-05
0.7,1,59,7.735492474374226,1.7152281544442736e-05
0.7,1,60,7.735492474374226,1.8877607181735557e-05
0.7,1,61,7.735492474374226,1.8925001201269623e-05
0.7,1,62,7.735492474374226,2.1793559747091142e-05
0.7,1,63,7.735492474374226,2.5967991449981237e-05
0.7,1,64,7.734679066830328,2.8585934538134417e-05
0.7,1,65,7.734430479256305,2.9957545182324732e-05
0.7,1,66,7.734430479256305,3.301059173117406e-05
0.7,1,67,7.734430479256305,3.7493271715052817e-05
0.7,1,68,7.734430479256305,3.987649835563909e-05
0.7,1,69,7.734430479256305,4.5314894685540504e-05
0.7,1,70,7.7322030122665355,4.5818654036064904e-05
0.7,1,71,7.7322030122665355,5.1180370830288305e-05
0.7,1,72,7.730556907744381,5.1225884362225335e-05
0.7,1,73,7.730556907744381,5.756826833089726e-05
0.7,1,74,7.730556907744381,6.1293431640968e-05
0.7,1,75,7.729390156903686,6.162444689331507e-05
0.7,1,76,7.729390156903686,6.541939612843826e-05
0.7,1,77,7.729390156903686,6.964169097709704e-05
0.7,1,78,7.729390156903686,7.699484466546313e-05
0.7,1,79,7.727409735570489,8.331391049360733e-05
0.7,1,80,7.727018156455164,8.137207085648689e-05
0.7,1,81,7.727018156455164,9.33870967996416e-05
0.7,1,82,7.727018156455164,9.454181599117985e-05
0.7,1,83,7.72568370441439,9.728286568284082e-05
0.7,1,84,7.72568370441439,9.75533594350796e-05
0.7,1,85,7.7255543423351325,0.00012447222608967797
0.7,1,86,7.7255543423351325,0.00012548186976523408
0.7,1,87,7.7255543423351325,0.0001281527139000011
0.7,1,88,7.7255543423351325,0.00012805111205554752
0.7,1,89,7.725143809031207,0.00012906371580928403
0.7,1,90,7.725143809031207,0.00013147301985780966
0.7,1,91,7.724887725802325,0.00013101377510102763
0.7,1,92,7.724887725802325,0.00013071126247821152
0.7,1,93,7.724887725802325,0.00013098580733020057
0.7,1,94,7.724887725802325,0.0001312873510220828
0.7,1,95,7.724887725802325,0.0003673795505192615
0.7,1,96,7.724887725802325,0.00040421875079570965
0.7,1,97,7.72484120542652,0.00042147190690564295
0.7,1,98,7.724556463533744,0.0004312311495622255
0.7,1,99,7.724556463533744,0.0004947853666734513
0.7,1,100,7.724556463533744,0.000585558306247934
0.7,1,101,7.724556463533744,0.0006103325019603395
0.7,1,102,7.724556463533744,0.0006507275360315132
0.7,1,103,7.724452834620181,0.000678069952671651
0.7,1,104,7.724452834620181,0.0007743034454478087
0.7,1,105,7.724452834620181,0.0009502170297357689
0.7,1,106,7.724452834620181,0.0009424781027398292
0.7,1,107,7.724366671469957,0.0009856656462633956
0.7,1,108,7.724289207034635,0.0010378966806743912
0.7,1,109,7.724289207034635,0.0012180496514802943
0.7,1,110,7.724289207034635,0.0013359558314290736
0.7,1,111,7.724289207034635,0.0013927169850361158
0.7,1,112,7.724289207034635,0.0014409302575870656
0.7,1,113,7.724289207034635,0.0017827763273628409
0.7,1,114,7.7242322033428685,0.002151397514598285
0.7,1,115,7.7242322033428685,0.002175135272097466
0.7,1,116,7.7242322033428685,0.0021727456090740115
0.7,1,117,7.7242322033428685,0.0023308175769208
0.7,1,118,7.7242322033428685,0.0027219135805378507
0.7,1,119,7.7242322033428685,0.002724246355368732
0.7,1,120,7.7242322033428685,0.0027445182182800317
0.7,1,121,7.724176118706952,
0.7,2,1,19.850450082144825,2.9479333414165702e-08
0.7,2,2,12.966502524963236,4.310562697854327e-08
0.7,2,3,12.966502524963236,9.377250076055636e-08
0.7,2,4,12.966502524963236,1.2736529074854212e-07
0.7,2,5,12.966502524963236,1.276239112121106e-07
0.7,2,6,10.573338029242382,1.266938259950461e-07
0.7,2,7,10.573338029242382,1.4135224345838423e-07
0.7,2,8,10.4056646690888,1.7612934504064205e-07
0.7,2,9,10.4056646690888,1.7819912877942818e-07
0.7,2,10,9.212381944203099,2.098940380937792e-07
0.7,2,11,9.212381944203099,2.328883195115434e-07
0.7,2,12,9.212381944203099,2.308636163980296e-07
0.7,2,13,9.079862711361024,2.626069553404186e-07
0.7,2,14,9.066916110126362,2.925579113805337e-07
0.7,2,15,9.066916110126362,3.23388140534851e-07
0.7,2,16,8.746324037127588,3.2113491472543475e-07
0.7,2,17,8.520264319930023,3.1043125305659625e-07
0.7,2,18,8.520264319930023,3.0269417558054545e-07
0.7,2,19,8.494133598536761,4.158943997801619e-07
0.7,2,20,8.494133598536761,4.5734517584404247e-07
0.7,2,21,8.477047126103994,5.594337720578647e-07
0.7,2,22,8.110468145355599,5.383941607379313e-07
0.7,2,23,8.110468145355599,7.612477032085677e-07
0.7,2,24,8.058615612561368,7.90010678566583e-07
0.7,2,25,8.058615612561368,8.352501792166307e-07
0.7,2,26,8.031157272359582,9.362536278954029e-07
0.7,2,27,8.031157272359582,9.350897266433512e-07
0.7,2,28,7.855809550940432,1.097001160047962e-06
0.7,2,29,7.855809550940432,1.1904057233225323e-06
0.7,2,30,7.855809550940432,1.3210309700946242e-06
0.7,2,31,7.854439785918297,1.9020967654434425e-06
0.7,2,32,7.854439785918297,1.9643697525473046e-06
0.7,2,33,7.854439785918297,1.990800974177683e-06
0.7,2,34,7.851400609455614,2.4601316964950024e-06
0.7,2,35,7.819341214795184,3.326601062266862e-06
0.7,2,36,7.819341214795184,3.343621872063386e-06
0.7,2,37,7.819341214795184,3.582637922623815e-06
0.7,2,38,7.819341214795184,3.938963113744414e-06
0.7,2,39,7.778874309678439,4.0612520227355975e-06
0.7,2,40,7.778874309678439,4.057078207694952e-06
0.7,2,41,7.778874309678439,4.036301464716404e-06
0.7,2,42,7.750921221458539,4.183260248564143e-06
0.7,2,43,7.750921221458539,5.946528964070794e-06
0.7,2,44,7.750921221458539,6.239807475098463e-06
0.7,2,45,7.750921221458539,6.974452857125143e-06
0.7,2,46,7.750921221458539,7.210679962270671e-06
0.7,2,47,7.750921221458539,8.475237682350473e-06
0.7,2,48,7.745128192142162,8.505325403669926e-06
0.7,2,49,7.745128192142162,9.904667353948086e-06
0.7,2,50,7.745128192142162,1.044422576377937e-05
0.7,2,51,7.745128192142162,1.0505187020738983e-05
0.7,2,52,7.745128192142162,1.0455332771656524e-05
0.7,2,53,7.735996447856997,1.4273737434509314e-05
0.7,2,54,7.735996447856997,1.6082727234318348e-05
0.7,2,55,7.735996447856997,1.6634203654883092e-05
0.7,2,56,7.7307983732975245,1.835387667003272e-05
0.7,2,57,7.7307983732975245,1.8862027954365354e-05
0.7,2,58,7.7307983732975245,2.664948733347595e-05
0.7,2,59,7.7307983732975245,2.9188488167286087e-05
0.7,2,60,7.7307983732975245,2.9971674047314314e-05
0.7,2,61,7.7307983732975245,3.125288575817251e-05
0.7,2,62,7.7307983732975245,3.429853620601965e-05
0.7,2,63,7.7307983732975245,4.492809801151625e-05
0.7,2,64,7.7307983732975245,5.232164808542455e-05
0.7,2,65,7.7307983732975245,5.883511126088826e-05
0.7,2,66,7.7307983732975245,6.387095771677651e-05
0.7,2,67,7.729681968643231,7.019903870150447e-05
0.7,2,68,7.729681968643231,8.229464115671577e-05
0.7,2,69,7.727970800116605,9.493114903772898e-05
0.7,2,70,7.727970800116605,0.00011445133363123694
0.7,2,71,7.727970800116605,0.00011900129282413638
0.7,2,72,7.727970800116605,0.00012351215011408443
0.7,2,73,7.727970800116605,0.00014725519942216257
0.7,2,74,7.727419699134332,0.00016543099812765618
0.7,2,75,7.725717150919957,0.00019113582754811211
0.7,2,76,7.725717150919957,0.00020502023685788957
0.7,2,77,7.725717150919957,0.0002410203696070547
0.7,2,78,7.725717150919957,0.0002491420873850834
0.7,2,79,7.725717150919957,0.0002664843915330042
0.7,2,80,7.725717150919957,0.0002725460756261492
0.7,2,81,7.725717150919957,0.0002837797839109676
0.7,2,82,7.725717150919957,0.0003050059034039346
0.7,2,83,7.724892977749094,0.00030566391299888875
0.7,2,84,7.724892977749094,0.0003181211415951881
0.7,2,85,7.724671784605395,0.0003401970923498341
0.7,2,86,7.724671784605395,0.00034302087072814923
0.7,2,87,7.724671784605395,0.0005024876525142601
0.7,2,88,7.724671784605395,0.0005384300255884346
0.7,2,89,7.724638899005772,0.0005524726462544258
0.7,2,90,7.724638899005772,0.0005809194071011061
0.7,2,91,7.72454195735069,0.0005983131261939412
0.7,2,92,7.72454195735069,0.0007369321393400439
0.7,2,93,7.7245032357090855,0.0008515099325822495
0.7,2,94,7.724483774568363,0.0009334607989091863
0.7,2,95,7.724425132203346,0.0009981441511513966
0.7,2,96,7.724425132203346,0.0010728543378543526
0.7,2,97,7.724425132203346,0.0013338764072074738
0.7,2,98,7.724387152610474,0.0014699066433211062
0.7,2,99,7.724387152610474,0.0018298142276926969
0.7,2,100,7.724363642143634,0.0019662457291556227
0.7,2,101,7.724363642143634,0.00222812320014813
0.7,2,102,7.724363642143634,0.0026600902704363863
0.7,2,103,7.724295364287128,0.0027020295021165704
0.7,2,104,7.724295364287128,0.0031535840688172324
0.7,2,105,7.7242657000489015,0.003077816296542635
0.7,2,106,7.7242657000489015,0.003050667481812824
0.7,2,107,7.7242657000489015,0.00373578279873682
0.7,2,108,7.724228508779065,0.003858185993416803
0.7,2,109,7.724228508779065,0.004708672672306284
0.7,2,110,7.724206223975665,0.005081610784524052
0.7,2,111,7.724206223975665,0.005367503114507039
0.7,2,112,7.724206223975665,0.006847477582188046
0.7,2,113,7.724199001420858,0.007681661022154837
0.7,2,114,7.724188260193144,0.007708563959021636
0.7,2,115,7.724188260193144,0.007811093343678474
0.7,2,116,7.724188260193144,0.008474286119249734
0.7,2,117,7.724188260193144,0.01028901249183671
0.7,2,118,7.724184341353917,0.01160893602528021
0.7,2,119,7.724169298839195,0.012263459701890468
0.7,2,120,7.724169239043522,0.012713667493083626
0.7,2,121,7.724164900065374,
0.7,3,1,28.345914136505307,2.327935388386594e-08
0.7,3,2,23.11218239820197,3.673431617846693e-08
0.7,3,3,23.11218239820197,9.886273432220806e-08
0.7,3,4,23.11218239820197,1.515862676463267e-07
0.7,3,5,23.11218239820197,1.8909216199345324e-07
0.7,3,6,20.48500245763061,1.9268242397850075e-07
0.7,3,7,12.358262524880022,1.9496003356735848e-07
0.7,3,8,11.561961443464702,2.0200009981872222e-07
0.7,3,9,10.200767360607715,1.9277067895356502e-07
0.7,3,10,10.200767360607715,1.8900330880473317e-07
0.7,3,11,10.200767360607715,1.8742665010365825e-07
0.7,3,12,10.200767360607715,1.7887749170921248e-07
0.7,3,13,10.199277287980353,1.9235939047660275e-07
0.7,3,14,10.199277287980353,1.8909224240628276e-07
0.7,3,15,10.199277287980353,1.8774695744164125e-07
0.7,3,16,9.24735464046507,1.7092012437565882e-07
0.7,3,17,9.24735464046507,1.6651306615854498e-07
0.7,3,18,9.24735464046507,1.6149613507269858e-07
0.7,3,19,8.657870894711044,1.7814950426616278e-07
0.7,3,20,8.657870894711044,2.405701868809507e-07
0.7,3,21,8.657870894711044,2.5788606960493454e-07
0.7,3,22,8.448131925251744,3.5373236706448837e-07
0.7,3,23,8.448131925251744,3.5858018510240216e-07
0.7,3,24,8.448131925251744,4.230065231134572e-07
0.7,3,25,8.103329288041847,5.592969731982614e-07
0.7,3,26,8.103329288041847,5.622405107834829e-07
0.7,3,27,8.103329288041847,5.52210407726423e-07
0.7,3,28,8.103329288041847,5.891877736308334e-07
0.7,3,29,8.103329288041847,6.034389793227013e-07
0.7,3,30,8.103329288041847,5.936868635709071e-07
0.7,3,31,8.103329288041847,6.476395128200125e-07
0.7,3,32,8.103329288041847,6.598959162092184e-07
0.7,3,33,8.103329288041847,7.721086470577438e-07
0.7,3,34,8.103329288041847,9.220812002017103e-07
0.7,3,35,8.103329288041847,9.323590024607555e-07
0.7,3,36,8.103329288041847,9.597357202280156e-07
0.7,3,37,7.962136931214256,1.0076790704839847e-06
0.7,3,38,7.962136931214256,1.1203850846326838e-06
0.7,3,39,7.962136931214256,1.185347456407201e-06
0.7,3,40,7.962136931214256,1.2131805395962084e-06
0.7,3,41,7.9283591814414915,1.2997967346928766e-06
0.7,3,42,7.9283591814414915,1.3899052367748765e-06
0.7,3,43,7.909697862272998,1.3555030016120266e-06
0.7,3,44,7.909697862272998,1.58787631063979e-06
0.7,3,45,7.869177152991009,1.7068159449289907e-06
0.7,3,46,7.869177152991009,1.6859876460132755e-06
0.7,3,47,7.794609798637785,1.7007079777294499e-06
0.7,3,48,7.794609798637785,1.7579389531506248e-06
0.7,3,49,7.794609798637785,1.7756548578841809e-06
0.7,3,50,7.794609798637785,1.7694741828883085e-06
0.7,3,51,7.794609798637785,2.055541382445387e-06
0.7,3,52,7.794609798637785,2.0627135368343174e-06
0.7,3,53,7.794609798637785,2.101097344049519e-06
0.7,3,54,7.772321009645762,2.0956519604185485e-06
0.7,3,55,7.762639584150743,4.260265084668006e-06
0.7,3,56,7.762639584150743,6.429936556284921e-06
0.7,3,57,7.762639584150743,6.519337463959098e-06
0.7,3,58,7.762639584150743,9.874655241837123e-06
0.7,3,59,7.745259155154273,1.0021537568263906e-05
0.7,3,60,7.745259155154273,1.0269766626715859e-05
0.7,3,61,7.745259155154273,1.2587905648932148e-05
0.7,3,62,7.745259155154273,1.2866095664161175e-05
0.7,3,63,7.745259155154273,1.3057876404071946e-05
0.7,3,64,7.745259155154273,1.3212915202135092e-05
0.7,3,65,7.745259155154273,1.3265985947652218e-05
0.7,3,66,7.741516325309823,1.5685345420271196e-05
0.7,3,67,7.741516325309823,1.6272804483766183e-05
0.7,3,68,7.7400228117256455,2.2272816453846008e-05
0.7,3,69,7.735603757702617,2.770217044157889e-05
0.7,3,70,7.735603757702617,3.5622961266499965e-05
0.7,3,71,7.732751207398492,3.711702317879579e-05
0.7,3,72,7.732751207398492,3.7359598157825245e-05
0.7,3,73,7.732751207398492,4.072729247378567e-05
0.7,3,74,7.732748828035806,4.081236863328505e-05
0.7,3,75,7.732748828035806,4.389223454016573e-05
0.7,3,76,7.730875218315975,4.644955469130661e-05
0.7,3,77,7.730875218315975,4.903465442155159e-05
0.7,3,78,7.729492139929309,5.223262971918727e-05
0.7,3,79,7.729492139929309,8.364637961409612e-05
0.7,3,80,7.728176583164913,9.310066298195377e-05
0.7,3,81,7.728176583164913,0.00010091806999035148
0.7,3,82,7.728176583164913,9.942486394076225e-05
0.7,3,83,7.7273667688994125,0.00010198796726111902
0.7,3,84,7.72724121147607,0.0001408120171436209
0.7,3,85,7.72724121147607,0.0001503892309676049
0.7,3,86,7.726244327957408,0.00016405379669860856
0.7,3,87,7.725215949658681,0.00016612712683026178
0.7,3,88,7.725215949658681,0.00017796087291343962
0.7,3,89,7.725215949658681,0.0001843934009539817
0.7,3,90,7.725215949658681,0.00019094920262132889
0.7,3,91,7.724897605537309,0.0001928554738610846
0.7,3,92,7.724897605537309,0.00018735047013955308
0.7,3,93,7.724897605537309,0.0002224891910299149
0.7,3,94,7.724897605537309,0.00022599867164818616
0.7,3,95,7.724897605537309,0.0002396882830506105
0.7,3,96,7.724897605537309,0.00024359951217892923
0.7,3,97,7.724897605537309,0.00027615849337729234
0.7,3,98,7.724897605537309,0.0003016488057446206
0.7,3,99,7.724897605537309,0.0003359500004666877
0.7,3,100,7.724897605537309,0.0003487831511705122
0.7,3,101,7.724572210414203,0.0003531805833240772
0.7,3,102,7.724572210414203,0.00038117201795546057
0.7,3,103,7.7244703501131315,0.00040095057790898587
0.7,3,104,7.7244703501131315,0.0004043875247442898
0.7,3,105,7.7244703501131315,0.00047642606128606163
0.7,3,106,7.724461349301163,0.0007083039773207692
0.7,3,107,7.724461349301163,0.0007770584166769669
0.7,3,108,7.724461349301163,0.00087877715569672
0.7,3,109,7.724437430762597,0.0008967023716107954
0.7,3,110,7.72439293408639,0.0009632855730478615
0.7,3,111,7.724357280971125,0.000969336007018338
0.7,3,112,7.724357280971125,0.001048427519891422
0.7,3,113,7.724357280971125,0.0011055961913991094
0.7,3,114,7.724357280971125,0.0013205653742800808
0.7,3,115,7.724357280971125,0.0013619561497372026
0.7,3,116,7.724357280971125,0.001405372545932132
0.7,3,117,7.724343514014092,0.0016127757171447825
0.7,3,118,7.724283513093259,0.0016939337837498147
0.7,3,119,7.724283041765815,0.001727066965424488
0.7,3,120,7.724283041765815,0.0033423754901742058
0.7,3,121,7.724164803517955,
0.7,4,1,29.75596267768349,3.4004520145001014e-08
0.7,4,2,29.75596267768349,2.185890369067891e-08
0.7,4,3,29.75596267768349,8.771671315558882e-08
0.7,4,4,19.716749493304427,8.657438843180723e-08
0.7,4,5,18.35066000795605,1.6267954035595252e-07
0.7,4,6,18.35066000795605,1.9128145264978386e-07
0.7,4,7,13.673599578108588,1.6316675033934272e-07
0.7,4,8,13.673599578108588,1.8274627686081482e-07
0.7,4,9,11.672374898481582,1.648008527568371e-07
0.7,4,10,11.672374898481582,1.5663537782142758e-07
0.7,4,11,10.52452064946823,1.50432718714155e-07
0.7,4,12,10.52452064946823,1.5775683359228377e-07
0.7,4,13,10.52452064946823,1.7232081239958835e-07
0.7,4,14,10.52452064946823,1.795188995620197e-07
0.7,4,15,10.52452064946823,2.249896033252086e-07
0.7,4,16,10.52452064946823,3.2202595722756533e-07
0.7,4,17,9.402596234772442,3.3457732424139084e-07
0.7,4,18,9.402596234772442,3.616611253581371e-07
0.7,4,19,9.402596234772442,3.681230010261003e-07
0.7,4,20,8.809292724130133,3.562364854549689e-07
0.7,4,21,8.809292724130133,3.7871939488156867e-07
0.7,4,22,8.809292724130133,4.0438300533228236e-07
0.7,4,23,8.809292724130133,4.589549338583127e-07
0.7,4,24,8.809292724130133,4.919768587900135e-07
0.7,4,25,8.809292724130133,5.069608624385843e-07
0.7,4,26,8.809292724130133,5.81432673718021e-07
0.7,4,27,8.809292724130133,5.945643103071747e-07
0.7,4,28,8.809292724130133,6.517712721636169e-07
0.7,4,29,8.235253237663828,8.014858726321754e-07
0.7,4,30,8.161758864183271,8.640151408809222e-07
0.7,4,31,8.161758864183271,8.426294275425223e-07
0.7,4,32,8.161758864183271,8.97505105371514e-07
0.7,4,33,8.1191761371916,1.0055345087743378e-06
0.7,4,34,8.1191761371916,1.020929877129277e-06
0.7,4,35,8.1191761371916,1.0213794959295152e-06
0.7,4,36,8.1191761371916,1.0110968954182693e-06
0.7,4,37,8.1191761371916,1.1522558118603043e-06
0.7,4,38,8.112382631652972,1.2345633856754015e-06
0.7,4,39,8.112382631652972,1.2350201697736554e-06
0.7,4,40,8.112382631652972,1.2262839787972402e-06
0.7,4,41,8.112382631652972,1.2870526040349521e-06
0.7,4,42,8.112382631652972,1.2999154174425065e-06
0.7,4,43,7.903829621266974,1.4049556067550403e-06
0.7,4,44,7.903829621266974,1.632073786047015e-06
0.7,4,45,7.889577927457566,1.7812430051554255e-06
0.7,4,46,7.889577927457566,1.7874953794369742e-06
0.7,4,47,7.889577927457566,2.241995161950955e-06
0.7,4,48,7.889577927457566,2.4907565364735022e-06
0.7,4,49,7.889577927457566,2.488547948027594e-06
0.7,4,50,7.889577927457566,2.6377556566359465e-06
0.7,4,51,7.852929148136733,2.6784836782200402e-06
0.7,4,52,7.852929148136733,2.839714086070875e-06
0.7,4,53,7.852929148136733,3.1486038466018114e-06
0.7,4,54,7.852929148136733,3.314361539931155e-06
0.7,4,55,7.852929148136733,3.37946083444919e-06
0.7,4,56,7.852929148136733,3.4866561784308955e-06
0.7,4,57,7.852929148136733,3.522130224636296e-06
0.7,4,58,7.852929148136733,3.5202791593965735e-06
0.7,4,59,7.78743896128532,3.936624653352735e-06
0.7,4,60,7.78743896128532,5.371320073971797e-06
0.7,4,61,7.78743896128532,5.500447709580206e-06
0.7,4,62,7.78743896128532,5.5628322221439055e-06
0.7,4,63,7.78743896128532,6.2638048539943775e-06
0.7,4,64,7.78743896128532,6.529030182531284e-06
0.7,4,65,7.760947987546207,6.402773314637611e-06
0.7,4,66,7.760947987546207,6.261190594544696e-06
0.7,4,67,7.744595588159296,7.40061933729483e-06
0.7,4,68,7.74152001241899,8.356883684915037e-06
0.7,4,69,7.74152001241899,8.625826992534755e-06
0.7,4,70,7.74152001241899,8.722406949764613e-06
0.7,4,71,7.74152001241899,8.95882203014911e-06
0.7,4,72,7.74152001241899,9.156693184059537e-06
0.7,4,73,7.74152001241899,9.922986506713816e-06
0.7,4,74,7.74152001241899,9.639279429319915e-06
0.7,4,75,7.74152001241899,1.0512423843750531e-05
0.7,4,76,7.74152001241899,1.104344494324992e-05
0.7,4,77,7.733298234984923,1.841637504628472e-05
0.7,4,78,7.730260892579023,2.5906197240358627e-05
0.7,4,79,7.730260892579023,3.0634998615608206e-05
0.7,4,80,7.730260892579023,3.1132975186787184e-05
0.7,4,81,7.730260892579023,4.0723380220652756e-05
0.7,4,82,7.730260892579023,4.098596526959886e-05
0.7,4,83,7.730260892579023,4.705978378183363e-05
0.7,4,84,7.730260892579023,4.8225817911436286e-05
0.7,4,85,7.730260892579023,5.980068800454743e-05
0.7,4,86,7.730201507905255,7.02562428151562e-05
0.7,4,87,7.727678385918737,7.683161591849972e-05
0.7,4,88,7.727678385918737,9.446870826681521e-05
0.7,4,89,7.727678385918737,0.00010617648754808632
0.7,4,90,7.727678385918737,0.00010592750719758362
0.7,4,91,7.7273200862286675,0.00010453190304211562
0.7,4,92,7.7273200862286675,0.00015707945465612098
0.7,4,93,7.7273200862286675,0.0001784070849542636
0.7,4,94,7.7261829818924666,0.00023425325367639878
0.7,4,95,7.7261829818924666,0.0002689215949691848
0.7,4,96,7.725842138712197,0.0003165572439733237
0.7,4,97,7.725842138712197,0.0003181262026371435
0.7,4,98,7.725842138712197,0.0003426456475620566
0.7,4,99,7.725842138712197,0.0003452177439756619
0.7,4,100,7.725842138712197,0.0003491349777585792
0.7,4,101,7.725272867116562,0.0003952132322461543
0.7,4,102,7.725272867116562,0.0004334155888986279
0.7,4,103,7.725094818503922,0.000511602720027686
0.7,4,104,7.724893536259202,0.0005073477523881804
0.7,4,105,7.724440460879236,0.0005233176621224475
0.7,4,106,7.724440460879236,0.0005346012281350909
0.7,4,107,7.724440460879236,0.0005725979563984586
0.7,4,108,7.724440460879236,0.000598836413424512
0.7,4,109,7.724440460879236,0.000596777263792886
0.7,4,110,7.724440460879236,0.0007149966178590857
0.7,4,111,7.724440460879236,0.0007414947699627399
0.7,4,112,7.724440460879236,0.0008268549825831519
0.7,4,113,7.724440460879236,0.0008284777738913377
0.7,4,114,7.724440460879236,0.0011618769617566963
0.7,4,115,7.724440460879236,0.0012878794129984317
0.7,4,116,7.724440460879236,0.0015209862480375033
0.7,4,117,7.724362087601542,0.002018828602932883
0.7,4,118,7.724362087601542,0.002199934969068442
0.7,4,119,7.724356132117965,0.0030755740907040872
0.7,4,120,7.7242954611245755,0.003117284670038628
0.7,4,121,7.72416252477356,
0.7,5,1,26.86874765307076,3.871154583550301e-08
0.7,5,2,26.86874765307076,2.9331253810348027e-08
0.7,5,3,14.097795719785868,3.399688088953619e-08
0.7,5,4,14.097795719785868,1.1729627932767466e-07
0.7,5,5,14.097795719785868,1.2464334583853757e-07
0.7,5,6,14.097795719785868,1.725805721336221e-07
0.7,5,7,14.097795719785868,2.226108937600261e-07
0.7,5,8,12.196208710188426,2.496295953235804e-07
0.7,5,9,11.80619383534752,2.5218788180600016e-07
0.7,5,10,10.895970632855892,2.4477892906873586e-07
0.7,5,11,10.895970632855892,2.404791821248822e-07
0.7,5,12,10.895970632855892,2.476292443528126e-07
0.7,5,13,10.895970632855892,2.8457374737702193e-07
0.7,5,14,10.731352157237172,3.05711138086876e-07
0.7,5,15,10.226334784607047,3.0247753284596435e-07
0.7,5,16,10.226334784607047,3.164430945723882e-07
0.7,5,17,9.85492441671528,3.1576900479119496e-07
0.7,5,18,9.85492441671528,2.9840756560389954e-07
0.7,5,19,9.159969307645943,4.1435742775405747e-07
0.7,5,20,9.159969307645943,4.071735897559299e-07
0.7,5,21,8.28333002990821,3.833611635753947e-07
0.7,5,22,8.28333002990821,3.8071145093889075e-07
0.7,5,23,8.28333002990821,3.857808270565941e-07
0.7,5,24,8.28333002990821,4.031805597509717e-07
0.7,5,25,8.28333002990821,4.284665821007292e-07
0.7,5,26,8.28333002990821,5.089245964175248e-07
0.7,5,27,8.28333002990821,5.003726885021438e-07
0.7,5,28,8.28333002990821,4.945568553016878e-07
0.7,5,29,8.15484483303215,5.026367589786255e-07
0.7,5,30,8.15484483303215,5.345250834500852e-07
0.7,5,31,8.15484483303215,6.524822168689736e-07
0.7,5,32,8.15484483303215,6.578849622293074e-07
0.7,5,33,8.15484483303215,6.791335283548613e-07
0.7,5,34,8.15484483303215,6.672539765304264e-07
0.7,5,35,8.102378608715128,6.615007156825386e-07
0.7,5,36,8.03404250476154,1.080836167782463e-06
0.7,5,37,7.900397506421085,1.0775216532176243e-06
0.7,5,38,7.900397506421085,1.1964015777794969e-06
0.7,5,39,7.900397506421085,1.2867744205303763e-06
0.7,5,40,7.900397506421085,1.2793963708197404e-06
0.7,5,41,7.879169471587315,1.3157068002967974e-06
0.7,5,42,7.833765396114387,1.3187634840152566e-06
0.7,5,43,7.833765396114387,1.5264795052605389e-06
0.7,5,44,7.833765396114387,1.7423354854148106e-06
0.7,5,45,7.833765396114387,1.7482976865605242e-06
0.7,5,46,7.833765396114387,1.841996352484896e-06
0.7,5,47,7.833765396114387,1.9766697393487507e-06
0.7,5,48,7.833765396114387,1.949471252896221e-06
0.7,5,49,7.833765396114387,3.0480501054551488e-06
0.7,5,50,7.833765396114387,3.4427478116852484e-06
0.7,5,51,7.833765396114387,3.637479641329211e-06
0.7,5,52,7.777767342412457,3.525923529181517e-06
0.7,5,53,7.776869979231564,3.583380798135328e-06
0.7,5,54,7.776869979231564,5.048719727567226e-06
0.7,5,55,7.776869979231564,5.180974310656289e-06
0.7,5,56,7.773864391844739,5.692059753486587e-06
0.7,5,57,7.773864391844739,5.870358173375205e-06
0.7,5,58,7.7480341609359185,6.051191721629253e-06
0.7,5,59,7.744155332915471,9.601775074111881e-06
0.7,5,60,7.744155332915471,9.921973170037187e-06
0.7,5,61,7.744155332915471,1.0869583685720386e-05
0.7,5,62,7.744155332915471,1.1887191700778886e-05
0.7,5,63,7.744155332915471,1.2158911373611364e-05
0.7,5,64,7.744155332915471,1.3793334752208175e-05
0.7,5,65,7.744155332915471,1.4152624978866205e-05
0.7,5,66,7.744155332915471,1.4894732895070423e-05
0.7,5,67,7.744155332915471,1.5541564964370695e-05
0.7,5,68,7.740736758600036,1.5563334561843534e-05
0.7,5,69,7.740736758600036,1.6302932510693555e-05
0.7,5,70,7.740736758600036,1.7385294761724534e-05
0.7,5,71,7.739681351384105,1.795837198623023e-05
0.7,5,72,7.739681351384105,2.5074491626574304e-05
0.7,5,73,7.73516955266203,2.7259880355408758e-05
0.7,5,74,7.73516955266203,2.8811566811796184e-05
0.7,5,75,7.73516955266203,3.1853613859611846e-05
0.7,5,76,7.733039715732833,3.1519064582190684e-05
0.7,5,77,7.731008565293441,3.4017264498122165e-05
0.7,5,78,7.731008565293441,4.470000366827892e-05
0.7,5,79,7.731008565293441,4.931609481627083e-05
0.7,5,80,7.730277340504508,7.030544540781471e-05
0.7,5,81,7.730277340504508,7.429356629075679e-05
0.7,5,82,7.727296371570617,7.164243400714812e-05
0.7,5,83,7.727296371570617,9.322090488123025e-05
0.7,5,84,7.72546390546694,0.00010235891719910518
0.7,5,85,7.72546390546694,0.0001232018143024892
0.7,5,86,7.72546390546694,0.00012509747020404084
0.7,5,87,7.72546390546694,0.00013458617776650032
0.7,5,88,7.72546390546694,0.00013239326370826116
0.7,5,89,7.72546390546694,0.00013367731633275078
0.7,5,90,7.72546390546694,0.0001462036790086474
0.7,5,91,7.72546390546694,0.0001659188125024342
0.7,5,92,7.72546390546694,0.00020895000981010852
0.7,5,93,7.72546390546694,0.00021013440750223785
0.7,5,94,7.72546390546694,0.0002232170963618609
0.7,5,95,7.72546390546694,0.00022843402585448578
0.7,5,96,7.72546390546694,0.00023157367635729393
0.7,5,97,7.725029333852861,0.0002348439480084864
0.7,5,98,7.725029333852861,0.00028090740616230117
0.7,5,99,7.725029333852861,0.00030194453466234284
0.7,5,100,7.725029333852861,0.0003369092090929612
0.7,5,101,7.725029333852861,0.0003833291842780472
0.7,5,102,7.725029333852861,0.0004146503721987102
0.7,5,103,7.724967967857853,0.00046790475436580143
0.7,5,104,7.724786907626082,0.0005451752598910242
0.7,5,105,7.724700907117337,0.0005865650238489084
0.7,5,106,7.724700907117337,0.000615310989799652
0.7,5,107,7.724515737189511,0.0006575084214226019
0.7,5,108,7.72451081398287,0.0007506281504102908
0.7,5,109,7.72451081398287,0.0007376171322033867
0.7,5,110,7.72451081398287,0.0009209369087177422
0.7,5,111,7.724504126242563,0.0010170559934571401
0.7,5,112,7.724504126242563,0.0011636119238459506
0.7,5,113,7.724503629254179,0.0011756394002430718
0.7,5,114,7.724484493625682,0.0012940766537412065
0.7,5,115,7.724484493625682,0.001342817497971089
0.7,5,116,7.724484493625682,0.0013337478537742118
0.7,5,117,7.72441864537016,0.001947953578199017
0.7,5,118,7.724388489693314,0.0020447995991573513
0.7,5,119,7.724337592530256,0.0022652009104367934
0.7,5,120,7.724337592530256,0.0027374032802599396
0.7,5,121,7.724187959665076,
0.75,1,1,88.88818444565104,2.6783989545223997e-08
0.75,1,2,85.48664039572301,4.011101385456533e-08
0.75,1,3,85.48664039572301,1.2508618520321032e-07
0.75,1,4,70.72407663592597,1.53624961399632e-07
0.75,1,5,70.72407663592597,2.848548250489137e-07
0.75,1,6,70.72407663592597,3.3630625512315366e-07
0.75,1,7,70.72407663592597,3.531146361062162e-07
0.75,1,8,66.7351088961705,4.677156373729578e-07
0.75,1,9,66.4264903592026,4.838996944717227e-07
0.75,1,10,64.0191040834697,5.534081710322438e-07
0.75,1,11,64.0191040834697,5.692478222497674e-07
0.75,1,12,64.0191040834697,5.780746385654183e-07
0.75,1,13,61.83259701726086,5.855189168581311e-07
0.75,1,14,60.93440103111401,6.026566596920568e-07
0.75,1,15,60.49388117233936,6.987853750422452e-07
0.75,1,16,60.06810922638251,7.170741743678842e-07
0.75,1,17,60.06810922638251,7.315770864935495e-07
0.75,1,18,59.45284798192693,7.362358735459055e-07
0.75,1,19,59.44069051744841,1.0958204439940456e-06
0.75,1,20,59.44069051744841,1.1668191872239373e-06
0.75,1,21,59.37417265377979,1.5536503555386908e-06
0.75,1,22,59.37417265377979,1.738902684705587e-06
0.75,1,23,59.37417265377979,1.990064292939836e-06
0.75,1,24,59.37417265377979,2.2009771992867153e-06
0.75,1,25,59.37417265377979,2.367183226759669e-06
0.75,1,26,59.37417265377979,3.189341848094097e-06
0.75,1,27,59.15534450531685,3.1922586871414876e-06
0.75,1,28,59.04768783155286,3.686475271421741e-06
0.75,1,29,59.04768783155286,3.7860704138294077e-06
0.75,1,30,58.793869901338454,3.819884480595551e-06
0.75,1,31,58.793869901338454,3.8676769598687875e-06
0.75,1,32,58.750498282743735,3.990080322354291e-06
0.75,1,33,58.750498282743735,4.8078131972053516e-06
0.75,1,34,58.748602883687376,5.653208533123133e-06
0.75,1,35,58.61673755930949,5.643999938124023e-06
0.75,1,36,58.61673755930949,6.535191992182442e-06
0.75,1,37,58.61673755930949,6.5688166461637765e-06
0.75,1,38,58.609764874938215,6.754178760979774e-06
0.75,1,39,58.609764874938215,9.782511804914491e-06
0.75,1,40,58.55589059031466,9.873067017532996e-06
0.75,1,41,58.55285106029058,1.0728610325276608e-05
0.75,1,42,58.32372867875705,1.1448751318516627e-05
0.75,1,43,58.32372867875705,1.2296090529812293e-05
0.75,1,44,58.32372867875705,1.3574249274557546e-05
0.75,1,45,58.32372867875705,1.3740969960194873e-05
0.75,1,46,58.32372867875705,1.3823247025654114e-05
0.75,1,47,58.32372867875705,1.4117117463801954e-05
0.75,1,48,58.32372867875705,1.4095960521101795e-05
0.75,1,49,58.32372867875705,1.4367650134629803e-05
0.75,1,50,58.32372867875705,1.4423502015553435e-05
0.75,1,51,58.32372867875705,1.6793651688090692e-05
0.75,1,52,58.32372867875705,1.777071254310197e-05
0.75,1,53,58.32372867875705,2.3332213353460146e-05
0.75,1,54,58.30900726029495,2.376390956212449e-05
0.75,1,55,58.30900726029495,2.5496596844106172e-05
0.75,1,56,58.30900726029495,3.263127558276466e-05
0.75,1,57,58.30900726029495,3.382426402376398e-05
0.75,1,58,58.30900726029495,3.5638187268761364e-05
0.75,1,59,58.30900726029495,4.20942602690618e-05
0.75,1,60,58.30900726029495,5.313546253931992e-05
0.75,1,61,58.29193460136526,5.519630455283156e-05
0.75,1,62,58.29193460136526,6.097216921076353e-05
0.75,1,63,58.29070255349936,7.950271345656698e-05
0.75,1,64,58.29070255349936,8.754015288525268e-05
0.75,1,65,58.29070255349936,9.774582358339517e-05
0.75,1,66,58.275758948817995,0.00010094746050971895
0.75,1,67,58.275758948817995,0.00010365891795826626
0.75,1,68,58.275758948817995,0.00010958387333815632
0.75,1,69,58.275758948817995,0.00011034210258848925
0.75,1,70,58.275758948817995,0.00011381530995574244
0.75,1,71,58.27265238920363,0.00011372960756244742
0.75,1,72,58.27265238920363,0.00011680198385576721
0.75,1,73,58.26758916648513,0.00012011651341565115
0.75,1,74,58.26758916648513,0.00011989204467912713
0.75,1,75,58.26758916648513,0.00012024051560385003
0.75,1,76,58.26758916648513,0.00012132361020732017
0.75,1,77,58.26758916648513,0.0001256060538612126
0.75,1,78,58.26754053912435,0.00033250916079991335
0.75,1,79,58.26754053912435,0.0003567829512632038
0.75,1,80,58.266645194472765,0.0005035646228041513
0.75,1,81,58.266645194472765,0.0005140732106441914
0.75,1,82,58.266645194472765,0.0005639445942578213
0.75,1,83,58.2644046645767,0.000749695323913914
0.75,1,84,58.26331967216954,0.0007896848078899894
0.75,1,85,58.26331967216954,0.0007753228990072102
0.75,1,86,58.26329141014407,0.0007787772704702137
0.75,1,87,58.26329141014407,0.0007992619404047719
0.75,1,88,58.26329141014407,0.0008126163596964603
0.75,1,89,58.26329141014407,0.0010064665889085618
0.75,1,90,58.26280775658032,0.0010107882888381059
0.75,1,91,58.26280775658032,0.001220534499707288
0.75,1,92,58.262757400914005,0.0020408246736394148
0.75,1,93,58.26228866956592,0.0020538325385283463
0.75,1,94,58.26228866956592,0.002101187589332197
0.75,1,95,58.26228866956592,0.0027325936063751933
0.75,1,96,58.26189677635363,0.0030378258121564576
0.75,1,97,58.26189677635363,0.0030365970864898273
0.75,1,98,58.26189677635363,0.0030728113317723973
0.75,1,99,58.26189677635363,0.0035150053563404314
0.75,1,100,58.26189677635363,0.004611854550899813
0.75,1,101,58.26179664005928,0.005837593731247307
0.75,1,102,58.26179664005928,0.00591534049088816
0.75,1,103,58.26179664005928,0.007271662792642424
0.75,1,104,58.2617714514937,0.008122979553352252
0.75,1,105,58.26164706260556,0.008032826409276184
0.75,1,106,58.26158496707419,0.00804673170115592
0.75,1,107,58.26158496707419,0.008452571705794101
0.75,1,108,58.26158496707419,0.008985743897547532
0.75,1,109,58.26158496707419,0.00903333372164916
0.75,1,110,58.2615379169382,0.020062160391855086
0.75,1,111,58.2615379169382,0.02308691944783535
0.75,1,112,58.2615379169382,0.023226335046549605
0.75,1,113,58.261526233574074,0.028591134320829173
0.75,1,114,58.26151574006759,0.035282749232220224
0.75,1,115,58.26148402714354,0.04365718316632518
0.75,1,116,58.26144542043521,0.04350185950090264
0.75,1,117,58.26144542043521,0.04560073468645202
0.75,1,118,58.26144542043521,0.04906791894213325
0.75,1,119,58.26144542043521,0.05268634321954959
0.75,1,120,58.26144542043521,0.052373400092738116
0.75,1,121,58.26144539518322,
0.75,2,1,97.43684107945514,5.46193409457831e-08
0.75,2,2,89.86326058379882,5.159864027046527e-08
0.75,2,3,80.06780157022035,2.575321816024442e-07
0.75,2,4,80.06780157022035,3.19318677847902e-07
0.75,2,5,79.57224654453034,3.3977812921784044e-07
0.75,2,6,72.98710642123093,3.8909316941617006e-07
0.75,2,7,72.98710642123093,4.07258111718254e-07
0.75,2,8,72.98710642123093,4.780071210549521e-07
0.75,2,9,67.66292994695952,5.118165136529902e-07
0.75,2,10,67.66292994695952,5.179783706572587e-07
0.75,2,11,63.76544326020738,5.359484827055027e-07
0.75,2,12,63.76544326020738,5.547691028506451e-07
0.75,2,13,61.891391291564425,5.256145543549612e-07
0.75,2,14,59.863486749928356,5.621044143636557e-07
0.75,2,15,59.863486749928356,6.199679058970349e-07
0.75,2,16,59.863486749928356,6.692465030708853e-07
0.75,2,17,59.863486749928356,7.357515116406891e-07
0.75,2,18,59.863486749928356,9.178211237317385e-07
0.75,2,19,59.863486749928356,9.457308251579664e-07
0.75,2,20,59.863486749928356,1.2633473043484343e-06
0.75,2,21,59.863486749928356,1.3210562992503202e-06
0.75,2,22,59.863486749928356,1.3950033066326397e-06
0.75,2,23,59.67065533899638,1.7143377913492052e-06
0.75,2,24,59.67065533899638,2.087690659389144e-06
0.75,2,25,58.71695950154559,2.966261220143169e-06
0.75,2,26,58.71695950154559,3.083450368939137e-06
0.75,2,27,58.71695950154559,3.4280102217774684e-06
0.75,2,28,58.71695950154559,3.6592280309027545e-06
0.75,2,29,58.71695950154559,4.0987040831486195e-06
0.75,2,30,58.64828495107439,4.231293815106079e-06
0.75,2,31,58.64828495107439,3.9925912457555305e-06
0.75,2,32,58.584869708525495,4.22129523705143e-06
0.75,2,33,58.584869708525495,4.520204319712178e-06
0.75,2,34,58.584869708525495,4.537910748443399e-06
0.75,2,35,58.539430685915804,4.844044815551688e-06
0.75,2,36,58.539430685915804,5.770931570403089e-06
0.75,2,37,58.539430685915804,6.345216407310845e-06
0.75,2,38,58.539430685915804,6.694847778400852e-06
0.75,2,39,58.52569973611919,7.901864747575429e-06
0.75,2,40,58.52569973611919,8.29841781136992e-06
0.75,2,41,58.489864309897975,8.393432728286942e-06
0.75,2,42,58.489864309897975,8.72561533331226e-06
0.75,2,43,58.406364260321936,1.2848962812590188e-05
0.75,2,44,58.406364260321936,1.2811347070787559e-05
0.75,2,45,58.406364260321936,1.585758275875085e-05
0.75,2,46,58.34108383700817,1.6318642121543642e-05
0.75,2,47,58.34108383700817,1.696399263258145e-05
0.75,2,48,58.34108383700817,2.5091445369194318e-05
0.75,2,49,58.34108383700817,2.8905806163030424e-05
0.75,2,50,58.330601318704446,3.199265344938826e-05
0.75,2,51,58.330601318704446,3.469067858083858e-05
0.75,2,52,58.330601318704446,3.650620237451245e-05
0.75,2,53,58.30038231078568,3.842840539519475e-05
0.75,2,54,58.30038231078568,3.690942475089828e-05
0.75,2,55,58.30038231078568,3.8428162971923864e-05
0.75,2,56,58.29759942271847,3.916487464219625e-05
0.75,2,57,58.29759942271847,4.20235218238535e-05
0.75,2,58,58.26995584894677,4.152944910189099e-05
0.75,2,59,58.26995584894677,4.3453385262835515e-05
0.75,2,60,58.26995584894677,4.482631615119716e-05
0.75,2,61,58.26995584894677,5.096666481220835e-05
0.75,2,62,58.26995584894677,5.7406333225857896e-05
0.75,2,63,58.26995584894677,5.763085262998858e-05
0.75,2,64,58.26995584894677,5.7875484743938915e-05
0.75,2,65,58.26995584894677,5.927769617510728e-05
0.75,2,66,58.26995584894677,0.00015060759451566348
0.75,2,67,58.26865311938156,0.00016622621999549906
0.75,2,68,58.26865311938156,0.00020384067114143062
0.75,2,69,58.268125134867525,0.00021064640472628793
0.75,2,70,58.26751386820934,0.00024280305717799776
0.75,2,71,58.26538088425691,0.00025179192206194054
0.75,2,72,58.26538088425691,0.00032344768324234815
0.75,2,73,58.26538088425691,0.0003329127473008833
0.75,2,74,58.264472482564834,0.0003635781896281265
0.75,2,75,58.264472482564834,0.00039326350751527875
0.75,2,76,58.264472482564834,0.00042829010854796023
0.75,2,77,58.26439988063295,0.0004274918467147204
0.75,2,78,58.263999881964374,0.00046034515068713006
0.75,2,79,58.263999881964374,0.00048688941492601646
0.75,2,80,58.26338915867048,0.0005210372307494699
0.75,2,81,58.26338915867048,0.0005243153861886732
0.75,2,82,58.26321598898187,0.0005224725974932111
0.75,2,83,58.26321598898187,0.000708087205571313
0.75,2,84,58.26267236732542,0.0007011398687501747
0.75,2,85,58.26267236732542,0.0007038883033954151
0.75,2,86,58.26267236732542,0.0014500011099290997
0.75,2,87,58.26267236732542,0.0015017967968530494
0.75,2,88,58.262379019227524,0.0019078920098735026
0.75,2,89,58.262379019227524,0.0020298309278638195
0.75,2,90,58.262069059689146,0.002606490099937528
0.75,2,91,58.262069059689146,0.002669265279456789
0.75,2,92,58.262069059689146,0.0028100537718311553
0.75,2,93,58.262069059689146,0.002829052905835163
0.75,2,94,58.262069059689146,0.0029231936240123424
0.75,2,95,58.26188991657842,0.0031422746960400607
0.75,2,96,58.261869243255134,0.0032595865014646915
0.75,2,97,58.261869243255134,0.0051869664350200585
0.75,2,98,58.261869243255134,0.005330697346176158
0.75,2,99,58.261869243255134,0.00686087866601846
0.75,2,100,58.26176389909984,0.007946460536904459
0.75,2,101,58.26176389909984,0.008221994051972882
0.75,2,102,58.26159327654487,0.008477433038137154
0.75,2,103,58.26159327654487,0.008386975384371238
0.75,2,104,58.26159327654487,0.008873745871815386
0.75,2,105,58.26159327654487,0.00947740408595734
0.75,2,106,58.26152478032704,0.014889290219415324
0.75,2,107,58.26152478032704,0.015339277864611589
0.75,2,108,58.26152018618452,0.015365490007171075
0.75,2,109,58.26149039545694,0.017302540876710154
0.75,2,110,58.2614863515309,0.01763129830614684
0.75,2,111,58.2614863515309,0.017906983245028357
0.75,2,112,58.26144836300501,0.018536625475959485
0.75,2,113,58.26144836300501,0.019424178895437964
0.75,2,114,58.26144836300501,0.021279931985876573
0.75,2,115,58.26144836300501,0.021987957791800412
0.75,2,116,58.26144836300501,0.025122721151423336
0.75,2,117,58.26144836300501,0.029249630504322513
0.75,2,118,58.26144836300501,0.02919460916112157
0.75,2,119,58.26143759758025,0.04440576481001311
0.75,2,120,58.26143759758025,0.04877047562906086
0.75,2,121,58.261412320553035,
0.75,3,1,88.68966802571231,6.796227918029772e-08
0.75,3,2,88.68966802571231,9.258636558023441e-08
0.75,3,3,88.68966802571231,1.0641923293507001e-07
0.75,3,4,80.79102017746541,1.0440369765591073e-07
0.75,3,5,78.44038637572743,9.575563135529828e-08
0.75,3,6,78.44038637572743,3.503025504225267e-07
0.75,3,7,73.22346878744976,3.8923249700302905e-07
0.75,3,8,73.22346878744976,4.3504259684610566e-07
0.75,3,9,67.80857024954305,4.4755021220487597e-07
0.75,3,10,67.25630432846371,4.5235257412329493e-07
0.75,3,11,65.56085441093886,5.152850659348325e-07
0.75,3,12,65.1401806089698,5.34392653479344e-07
0.75,3,13,65.1401806089698,6.573711077381208e-07
0.75,3,14,65.1401806089698,7.077285842394465e-07
0.75,3,15,64.30122544638978,8.254393095929788e-07
0.75,3,16,63.04154741291452,7.981311369203131e-07
0.75,3,17,63.04154741291452,1.041376418660174e-06
0.75,3,18,61.43840020601212,1.1128402326469443e-06
0.75,3,19,61.43840020601212,1.4308314926786174e-06
0.75,3,20,60.149772776198354,1.831021293694685e-06
0.75,3,21,60.149772776198354,1.8285443822583349e-06
0.75,3,22,60.149772776198354,1.954472907405264e-06
0.75,3,23,60.149772776198354,1.9759142505994493e-06
0.75,3,24,60.02770290405079,1.9993235559915097e-06
0.75,3,25,60.02770290405079,2.0576330850398043e-06
0.75,3,26,60.02770290405079,2.3154780922045142e-06
0.75,3,27,59.92605916539083,2.456103050731124e-06
0.75,3,28,59.92605916539083,2.672987514927792e-06
0.75,3,29,59.92605916539083,2.9108392696089406e-06
0.75,3,30,59.17854883627901,3.082276327266795e-06
0.75,3,31,59.154145579158275,2.9779259848404317e-06
0.75,3,32,59.154145579158275,3.049856487904179e-06
0.75,3,33,59.154145579158275,3.4362116463435103e-06
0.75,3,34,59.04638379859894,3.995699603727761e-06
0.75,3,35,59.04638379859894,4.6105532470789645e-06
0.75,3,36,59.04638379859894,4.6547025754163305e-06
0.75,3,37,59.04638379859894,5.456514551641221e-06
0.75,3,38,58.79751592248331,5.908906424690616e-06
0.75,3,39,58.60120339834741,6.023993747734854e-06
0.75,3,40,58.462768503778584,6.22243675055886e-06
0.75,3,41,58.462768503778584,6.761028045109749e-06
0.75,3,42,58.462768503778584,6.830382365905549e-06
0.75,3,43,58.462768503778584,6.807275386100548e-06
0.75,3,44,58.462768503778584,7.720611849517908e-06
0.75,3,45,58.462768503778584,8.333710694422862e-06
0.75,3,46,58.462768503778584,8.465063188686916e-06
0.75,3,47,58.41750289332128,9.687925415866314e-06
0.75,3,48,58.41750289332128,1.1148055529371626e-05
0.75,3,49,58.385121048152435,1.2047114116219607e-05
0.75,3,50,58.31724226360209,1.2689057861006239e-05
0.75,3,51,58.31724226360209,2.291501617903345e-05
0.75,3,52,58.31724226360209,2.6439998619691194e-05
0.75,3,53,58.31724226360209,2.9600939269854722e-05
0.75,3,54,58.31724226360209,2.9436409003070707e-05
0.75,3,55,58.31724226360209,3.033758395968671e-05
0.75,3,56,58.3146413900188,3.4851754688864904e-05
0.75,3,57,58.30448013694226,3.4903012758765616e-05
0.75,3,58,58.30268471606454,3.654127620527563e-05
0.75,3,59,58.30268471606454,4.733940127467351e-05
0.75,3,60,58.30129863363406,5.2862329832749976e-05
0.75,3,61,58.27695484657987,5.3631341636142263e-05
0.75,3,62,58.27695484657987,5.43131198554247e-05
0.75,3,63,58.27695484657987,5.4927605468833e-05
0.75,3,64,58.27695484657987,9.352843180269747e-05
0.75,3,65,58.27695484657987,9.450233260876628e-05
0.75,3,66,58.27695484657987,9.863262705201486e-05
0.75,3,67,58.27695484657987,0.000107274567873024
0.75,3,68,58.27695484657987,0.00011100631235548204
0.75,3,69,58.27695484657987,0.00011777255770896226
0.75,3,70,58.2754874105509,0.00012711216728134614
0.75,3,71,58.2754874105509,0.00014037749120983568
0.75,3,72,58.2754874105509,0.00021572423291255517
0.75,3,73,58.27071760430067,0.00026240830986659137
0.75,3,74,58.27071760430067,0.00025966620155817746
0.75,3,75,58.27071760430067,0.0002757059954329352
0.75,3,76,58.27071760430067,0.0002876262209356296
0.75,3,77,58.27071760430067,0.0003250489871412302
0.75,3,78,58.27071760430067,0.000356931241858515
0.75,3,79,58.27069316161632,0.00035937574358350845
0.75,3,80,58.27069316161632,0.00039637665596718757
0.75,3,81,58.26701308657945,0.0005044252558569688
0.75,3,82,58.26701308657945,0.0005332471389293164
0.75,3,83,58.26649570114723,0.0005393526637181579
0.75,3,84,58.26531559506717,0.0005183054291276484
0.75,3,85,58.26451961977245,0.0006038886687425064
0.75,3,86,58.263809464795195,0.0006102554242650466
0.75,3,87,58.263809464795195,0.0007239471870838619
0.75,3,88,58.26295256330382,0.0008252435419085621
0.75,3,89,58.26295256330382,0.0008572466474095085
0.75,3,90,58.26295256330382,0.0008788694216032497
0.75,3,91,58.26215757084392,0.0010855830390072941
0.75,3,92,58.26215757084392,0.0010906947941507318
0.75,3,93,58.26215757084392,0.0010839277092845087
0.75,3,94,58.26215757084392,0.0010959923406951898
0.75,3,95,58.26215757084392,0.0012083131772913124
0.75,3,96,58.26215757084392,0.0011984227007457212
0.75,3,97,58.26215757084392,0.0017701288460730484
0.75,3,98,58.26215757084392,0.0019837954722592157
0.75,3,99,58.26201774960356,0.002467571939075956
0.75,3,100,58.26201774960356,0.0025592002215967056
0.75,3,101,58.26201774960356,0.0025745729732908154
0.75,3,102,58.26201774960356,0.003193155369968957
0.75,3,103,58.26201774960356,0.0034545288192599426
0.75,3,104,58.26201774960356,0.004392191658321547
0.75,3,105,58.26162460798233,0.004644456899926539
0.75,3,106,58.26162460798233,0.004857521404341757
0.75,3,107,58.26162460798233,0.005491073347700408
0.75,3,108,58.26162460798233,0.005525563715591679
0.75,3,109,58.26162460798233,0.005685364299711051
0.75,3,110,58.26162460798233,0.006411633062522398
0.75,3,111,58.26162460798233,0.006679787915539739
0.75,3,112,58.26162460798233,0.0075065570129121935
0.75,3,113,58.26162460798233,0.009126583735140598
0.75,3,114,58.2616154159637,0.009602270513931048
0.75,3,115,58.2616154159637,0.009790193920529884
0.75,3,116,58.26155301081498,0.011445226021525371
0.75,3,117,58.26149333768123,0.011416708367667915
0.75,3,118,58.26149333768123,0.011438387721102547
0.75,3,119,58.26149333768123,0.012217303231107765
0.75,3,120,58.26149333768123,0.012073050298594646
0.75,3,121,58.261434017953164,
0.75,4,1,80.34211639809817,1.387047821202428e-07
0.75,4,2,78.9912363496983,1.530545727999679e-07
0.75,4,3,68.68690068372938,1.5845965431841643e-07
0.75,4,4,68.68690068372938,1.4899823998298183e-07
0.75,4,5,68.68690068372938,2.150273014507497e-07
0.75,4,6,68.19111962397625,3.022591578545663e-07
0.75,4,7,68.19111962397625,3.1079353624067637e-07
0.75,4,8,68.19111962397625,3.2356907136817436e-07
0.75,4,9,65.30599754850715,4.3761083593436053e-07
0.75,4,10,63.80366003910475,4.499548117578465e-07
0.75,4,11,63.32920036312865,4.089315484466701e-07
0.75,4,12,63.32920036312865,4.4631117513422233e-07
0.75,4,13,63.32920036312865,4.7325097073934457e-07
0.75,4,14,62.75760503461507,4.917665420272023e-07
0.75,4,15,62.59789724709984,5.372765606328021e-07
0.75,4,16,62.056302824706535,6.395748687913698e-07
0.75,4,17,61.730309954645044,6.359518088345276e-07
0.75,4,18,60.29633140806649,6.586174320283451e-07
0.75,4,19,60.29633140806649,6.624776341830508e-07
0.75,4,20,60.29633140806649,1.0388321795177458e-06
0.75,4,21,60.29633140806649,1.2063049852202065e-06
0.75,4,22,60.29633140806649,1.207876366796043e-06
0.75,4,23,59.46928633783895,1.2233816987357982e-06
0.75,4,24,59.012987064905644,1.2672312982451402e-06
0.75,4,25,58.816437924408085,1.9903242941019155e-06
0.75,4,26,58.816437924408085,2.0536181216114478e-06
0.75,4,27,58.816437924408085,3.0719166665110153e-06
0.75,4,28,58.80756570433257,3.0036403503962047e-06
0.75,4,29,58.80756570433257,3.401304621087893e-06
0.75,4,30,58.80756570433257,3.5434769614320154e-06
0.75,4,31,58.80756570433257,4.495230885803489e-06
0.75,4,32,58.49465520595192,4.880132692502085e-06
0.75,4,33,58.49465520595192,4.914424660608267e-06
0.75,4,34,58.49465520595192,6.583814814238372e-06
0.75,4,35,58.48584250854629,8.374728938202698e-06
0.75,4,36,58.43638764842741,1.1249182273476447e-05
0.75,4,37,58.43638764842741,1.1958044782428977e-05
0.75,4,38,58.43638764842741,1.5677029316945575e-05
0.75,4,39,58.40742647982354,1.756360783871107e-05
0.75,4,40,58.38490830871281,2.086127890338907e-05
0.75,4,41,58.38490830871281,2.1931065038545737e-05
0.75,4,42,58.38490830871281,2.2333131822200255e-05
0.75,4,43,58.38490830871281,2.3853340024410612e-05
0.75,4,44,58.38490830871281,2.4342332459981994e-05
0.75,4,45,58.37695714311687,2.5342734382281338e-05
0.75,4,46,58.37695714311687,4.8222533061966896e-05
0.75,4,47,58.37695714311687,5.147405030089954e-05
0.75,4,48,58.37695714311687,5.744551981110503e-05
0.75,4,49,58.362298034102444,6.555444064954862e-05
0.75,4,50,58.315192510615816,6.80478553160762e-05
0.75,4,51,58.315192510615816,6.922038253845037e-05
0.75,4,52,58.31085687762847,7.801188334337296e-05
0.75,4,53,58.307864032727835,8.170475050859622e-05
0.75,4,54,58.28600440489855,9.789644234091876e-05
0.75,4,55,58.28600440489855,0.00011209634257114462
0.75,4,56,58.28600440489855,0.00011988297512257102
0.75,4,57,58.283424171187086,0.00013929192788562797
0.75,4,58,58.283424171187086,0.00014557659580048218
0.75,4,59,58.28259087075331,0.00015404003822070463
0.75,4,60,58.28259087075331,0.00015965166413353839
0.75,4,61,58.27422401809482,0.00016250567000418594
0.75,4,62,58.27422401809482,0.00017491316869975491
0.75,4,63,58.27143245844193,0.000181308883825145
0.75,4,64,58.269539973773554,0.00019901560961565232
0.75,4,65,58.269539973773554,0.00022939208462175034
0.75,4,66,58.269539973773554,0.00026255836432602207
0.75,4,67,58.269539973773554,0.0002900126798566443
0.75,4,68,58.26778849779516,0.00031567920160409184
0.75,4,69,58.2657506663002,0.0003169634653211336
0.75,4,70,58.2657506663002,0.0003431876835498119
0.75,4,71,58.2657506663002,0.0003572122656185686
0.75,4,72,58.26554717532358,0.00036375540983564513
0.75,4,73,58.26554717532358,0.0003784827836678582
0.75,4,74,58.2636218876704,0.00038127362882520394
0.75,4,75,58.2636218876704,0.00038676437821253757
0.75,4,76,58.263353875647994,0.0003897131064903828
0.75,4,77,58.26229186586204,0.001049753074917162
0.75,4,78,58.26229186586204,0.0013381734948065202
0.75,4,79,58.26229186586204,0.0014469760500390593
0.75,4,80,58.26229186586204,0.001530570010822839
0.75,4,81,58.26229186586204,0.0017701994214435644
0.75,4,82,58.26229186586204,0.0017575076255413628
0.75,4,83,58.26229186586204,0.00176557713500209
0.75,4,84,58.26229186586204,0.001785111055891704
0.75,4,85,58.26229186586204,0.0018194780547249121
0.75,4,86,58.26229186586204,0.0018280477319170966
0.75,4,87,58.26229186586204,0.002043259755107056
0.75,4,88,58.26217999749975,0.00199583925342941
0.75,4,89,58.26209415570355,0.0036605081172946777
0.75,4,90,58.26209415570355,0.004240176409772685
0.75,4,91,58.26157261521725,0.00474503276638979
0.75,4,92,58.26157261521725,0.004913804426279299
0.75,4,93,58.26157261521725,0.005186495752622697
0.75,4,94,58.26157261521725,0.006085572422891372
0.75,4,95,58.26157261521725,0.006146331232824579
0.75,4,96,58.26157261521725,0.006188103060413828
0.75,4,97,58.26157261521725,0.007601712934812521
0.75,4,98,58.26157261521725,0.00773143951776987
0.75,4,99,58.261550891320034,0.008310556639940573
0.75,4,100,58.26152720690783,0.008328985951359523
0.75,4,101,58.261501929825634,0.010457799320217539
0.75,4,102,58.261501929825634,0.011666749115987134
0.75,4,103,58.261501929825634,0.012286455793600335
0.75,4,104,58.261501929825634,0.014000009709454343
0.75,4,105,58.261501929825634,0.015698443098893875
0.75,4,106,58.261463742334975,0.01722134153561703
0.75,4,107,58.261463742334975,0.02157204298793269
0.75,4,108,58.261463742334975,0.022404386389713482
0.75,4,109,58.261463742334975,0.023211546149203715
0.75,4,110,58.261463742334975,0.031217085416063276
0.75,4,111,58.261463742334975,0.03289179155938423
0.75,4,112,58.261463742334975,0.037384284985714965
0.75,4,113,58.26144514710471,0.03805612655064563
0.75,4,114,58.2614390132489,0.039376680421137594
0.75,4,115,58.2614390132489,0.06518560863289513
0.75,4,116,58.2614390132489,0.06394151849521018
0.75,4,117,58.2614390132489,0.0688817849184779
0.75,4,118,58.26143422129841,0.09143765807423962
0.75,4,119,58.26143422129841,0.09210141508458072
0.75,4,120,58.26143082220836,0.10368857089730502
0.75,4,121,58.26141441001546,
0.75,5,1,94.16295755269763,4.8601718407385793e-08
0.75,5,2,87.19536770585592,4.306385250756222e-08
0.75,5,3,87.08822458662154,1.5313990654307225e-07
0.75,5,4,87.08822458662154,1.5483554598991223e-07
0.75,5,5,81.98792225475528,2.3622804392762028e-07
0.75,5,6,80.31200840615953,3.197695175241638e-07
0.75,5,7,80.31200840615953,3.7239991526647867e-07
0.75,5,8,66.64540358531899,3.7446470061479555e-07
0.75,5,9,66.64540358531899,4.184051666206254e-07
0.75,5,10,66.64540358531899,5.461736666679335e-07
0.75,5,11,66.64540358531899,5.181942156552712e-07
0.75,5,12,64.60321423791996,5.750394927114887e-07
0.75,5,13,62.60900720367522,6.692262815737803e-07
0.75,5,14,61.159099970251496,7.057437386252623e-07
0.75,5,15,61.159099970251496,7.757816794838899e-07
0.75,5,16,61.159099970251496,9.485699649015551e-07
0.75,5,17,60.84977370199688,1.0603875702080451e-06
0.75,5,18,60.44019556238437,1.3122821112507988e-06
0.75,5,19,60.44019556238437,1.410477842769206e-06
0.75,5,20,60.44019556238437,1.5531906328777465e-06
0.75,5,21,59.178325274912524,1.6341562202434673e-06
0.75,5,22,59.178325274912524,1.7091230901275418e-06
0.75,5,23,59.178325274912524,1.8323675953462612e-06
0.75,5,24,59.178325274912524,1.9834014418376283e-06
0.75,5,25,59.178325274912524,2.027524116667185e-06
0.75,5,26,59.178325274912524,2.1486871190874822e-06
0.75,5,27,59.178325274912524,2.4308816277694895e-06
0.75,5,28,59.178325274912524,2.7470117104234407e-06
0.75,5,29,59.178325274912524,3.4870863598663874e-06
0.75,5,30,59.07524159308817,4.14961172990059e-06
0.75,5,31,58.87690510316061,4.469009905301284e-06
0.75,5,32,58.858989184760404,4.7691249463390845e-06
0.75,5,33,58.66608080599226,5.07426001501403e-06
0.75,5,34,58.570643978908684,6.227255508214366e-06
0.75,5,35,58.570643978908684,7.687036959033811e-06
0.75,5,36,58.570643978908684,8.393531730378545e-06
0.75,5,37,58.570643978908684,8.753464314282422e-06
0.75,5,38,58.436118178075944,9.51378067630925e-06
0.75,5,39,58.436118178075944,9.513025622116793e-06
0.75,5,40,58.436118178075944,1.0470153080222492e-05
0.75,5,41,58.436118178075944,1.170706454667342e-05
0.75,5,42,58.436118178075944,1.2331737184167704e-05
0.75,5,43,58.436118178075944,1.441350629089299e-05
0.75,5,44,58.39976597585922,1.6315021291125986e-05
0.75,5,45,58.39976597585922,1.747485537601631e-05
0.75,5,46,58.39976597585922,1.8197127992291765e-05
0.75,5,47,58.382992774816834,2.3805632011953538e-05
0.75,5,48,58.37999257225753,2.5274797078005018e-05
0.75,5,49,58.37999257225753,3.687257672502423e-05
0.75,5,50,58.35268947413932,3.798237383064266e-05
0.75,5,51,58.32433757679203,3.8544777185833534e-05
0.75,5,52,58.32433757679203,3.9270344232210745e-05
0.75,5,53,58.32433757679203,3.8549217231113793e-05
0.75,5,54,58.32433757679203,3.789439622407637e-05
0.75,5,55,58.32433757679203,3.886678678311379e-05
0.75,5,56,58.30517425130185,5.338347642074374e-05
0.75,5,57,58.30517425130185,5.577037815278092e-05
0.75,5,58,58.30517425130185,5.7108441222656755e-05
0.75,5,59,58.30441214565146,6.704034067961539e-05
0.75,5,60,58.30441214565146,6.726495870988523e-05
0.75,5,61,58.282209355918255,7.396197511900001e-05
0.75,5,62,58.27979797074353,8.41790891994908e-05
0.75,5,63,58.27898411030489,8.988461410310545e-05
0.75,5,64,58.27898411030489,9.465248740841947e-05
0.75,5,65,58.278331856144504,0.00014665299304353447
0.75,5,66,58.27559802409108,0.00016429904612157075
0.75,5,67,58.27559802409108,0.00016337368883713913
0.75,5,68,58.275143252067494,0.00024874246534644664
0.75,5,69,58.275143252067494,0.00025661613869954516
0.75,5,70,58.275143252067494,0.00025939397853532033
0.75,5,71,58.2735627448163,0.00042625930009395214
0.75,5,72,58.271282991039165,0.0004752995658039516
0.75,5,73,58.266395567136506,0.00054168330033588
0.75,5,74,58.266395567136506,0.0005164996336416078
0.75,5,75,58.266395567136506,0.0006236730778820871
0.75,5,76,58.26552401200315,0.0006268348657045349
0.75,5,77,58.265118499613926,0.0006416956208520706
0.75,5,78,58.264612038934494,0.000679932667551158
0.75,5,79,58.264612038934494,0.0007539371609315018
0.75,5,80,58.264612038934494,0.0008251030766862334
0.75,5,81,58.264612038934494,0.0009044257219715756
0.75,5,82,58.26316058279721,0.0010736233773885058
0.75,5,83,58.26316058279721,0.0011580643172851763
0.75,5,84,58.26306189729565,0.001182033412793515
0.75,5,85,58.26306189729565,0.0013026012101877082
0.75,5,86,58.262698612344415,0.002045888626884493
0.75,5,87,58.262698612344415,0.0022204325438349107
0.75,5,88,58.26179270693776,0.0022051637250966125
0.75,5,89,58.26179270693776,0.002174457464799657
0.75,5,90,58.26179270693776,0.0023588826755774547
0.75,5,91,58.26179270693776,0.0029258075374112413
0.75,5,92,58.26179270693776,0.003541558133603462
0.75,5,93,58.26179270693776,0.004203177122572766
0.75,5,94,58.26179270693776,0.004337777395044629
0.75,5,95,58.26161305884508,0.00448329225762657
0.75,5,96,58.26161305884508,0.0047245464677336604
0.75,5,97,58.26161305884508,0.004811721501081585
0.75,5,98,58.26161305884508,0.007272304968697627
0.75,5,99,58.26161305884508,0.00816905655748204
0.75,5,100,58.26161305884508,0.008738179777125722
0.75,5,101,58.26161305884508,0.009570061610518031
0.75,5,102,58.26161305884508,0.01017456812331357
0.75,5,103,58.26161305884508,0.011899746485129795
0.75,5,104,58.26161305884508,0.013348437870575462
0.75,5,105,58.26161305884508,0.01399265092668441
0.75,5,106,58.26152400551785,0.01658108249993983
0.75,5,107,58.26152400551785,0.020223095784284405
0.75,5,108,58.261505747766016,0.02199512172829592
0.75,5,109,58.26148706724933,0.024502556017398397
0.75,5,110,58.26148706724933,0.026816904556767617
0.75,5,111,58.26148706724933,0.03352753533248631
0.75,5,112,58.261478668866296,0.042993258201890656
0.75,5,113,58.261478668866296,0.04863372887846342
0.75,5,114,58.261450870965305,0.04876965366385866
0.75,5,115,58.261450870965305,0.05562565399534366
0.75,5,116,58.261450870965305,0.0563432988507322
0.75,5,117,58.261450870965305,0.06486628042110065
0.75,5,118,58.261444522401106,0.06451719792805764
0.75,5,119,58.261444522401106,0.0678693958500195
0.75,5,120,58.261444522401106,0.07257258876099831
0.75,5,121,58.26144450032157,
