epoch,seed,train_loss,val_loss,val_peak_y_loss,val_max_abs_xr_loss,n_train
1,42,0.9601071278254191,1.0385054349899292,1.017040491104126,1.059970498085022,200
2,42,0.8445900082588196,0.9174801111221313,0.8546475768089294,0.9803125858306885,200
3,42,0.735326329867045,0.8011323809623718,0.7046458125114441,0.8976189494132996,200
4,42,0.6338062882423401,0.6904870271682739,0.5710350275039673,0.8099390864372253,200
5,42,0.5602543552716573,0.5881941318511963,0.459643691778183,0.716744601726532,200
6,42,0.4562852332989375,0.4973490536212921,0.3678804934024811,0.6268175840377808,200
7,42,0.4504489600658417,0.4234609603881836,0.2998330295085907,0.5470889210700989,200
8,42,0.3547775646050771,0.3639742434024811,0.249549001455307,0.47839948534965515,200
9,42,0.3203456699848175,0.3176189064979553,0.21482357382774353,0.4204142391681671,200
10,42,0.31088655193646747,0.2832243740558624,0.19099587202072144,0.3754528760910034,200
11,42,0.267605925599734,0.26053541898727417,0.17636877298355103,0.3447021245956421,200
12,42,0.2454914649327596,0.24763968586921692,0.16735433042049408,0.32792505621910095,200
13,42,0.22107642143964767,0.24247869849205017,0.16611364483833313,0.3188437819480896,200
14,42,0.23855594297250113,0.24148741364479065,0.16624221205711365,0.31673258543014526,200
15,42,0.20126178860664368,0.2326297163963318,0.16386841237545013,0.301391065120697,200
16,42,0.2180268665154775,0.22292552888393402,0.15605424344539642,0.2897968292236328,200
17,42,0.1894616335630417,0.21113745868206024,0.14493104815483093,0.27734383940696716,200
18,42,0.19314020375410715,0.20242270827293396,0.13490119576454163,0.2699442505836487,200
19,42,0.18692605197429657,0.2020406424999237,0.13247302174568176,0.27160823345184326,200
20,42,0.17466565469900766,0.19660252332687378,0.12930232286453247,0.2639027237892151,200
21,42,0.17040895919005075,0.1907171607017517,0.12390880286693573,0.2575255334377289,200
22,42,0.15071203807989755,0.18465374410152435,0.11545798182487488,0.25384947657585144,200
23,42,0.15160412341356277,0.1824081391096115,0.11210515350103378,0.25271114706993103,200
24,42,0.1478592703739802,0.1803916096687317,0.10993102192878723,0.25085219740867615,200
25,42,0.14160562306642532,0.1793767362833023,0.11523643881082535,0.24351701140403748,200
26,42,0.13846250623464584,0.1722532957792282,0.11011740565299988,0.23438914120197296,200
27,42,0.12542875359455744,0.1655651479959488,0.10726993530988693,0.22386033833026886,200
28,42,0.12901878108580908,0.16040119528770447,0.10381332784891129,0.21698908507823944,200
29,42,0.11616866538921992,0.15356729924678802,0.09725511074066162,0.20987948775291443,200
30,42,0.11393022785584132,0.15204836428165436,0.09490028768777847,0.20919643342494965,200
31,42,0.1102592945098877,0.15616346895694733,0.0994550958275795,0.21287183463573456,200
32,42,0.10521533340215683,0.15729400515556335,0.09936217963695526,0.21522583067417145,200
33,42,0.10357948392629623,0.15544043481349945,0.09672214090824127,0.21415875852108002,200
34,42,0.10226857662200928,0.1536293774843216,0.09157449752092361,0.21568424999713898,200
35,42,0.09647039572397868,0.15032155811786652,0.09284054487943649,0.20780256390571594,200
36,42,0.09810028970241547,0.153216153383255,0.10054515302181244,0.20588715374469757,200
37,42,0.09085005521774292,0.1521507203578949,0.09250503033399582,0.21179644763469696,200
38,42,0.08860377222299576,0.14835146069526672,0.08465101569890976,0.2120518982410431,200
39,42,0.08384818335374196,0.14767736196517944,0.08574279397726059,0.2096119374036789,200
40,42,0.0844636211792628,0.14608119428157806,0.08883477747440338,0.20332759618759155,200
41,42,0.08181918288270633,0.14973081648349762,0.0906260684132576,0.20883552730083466,200
42,42,0.07469101250171661,0.1511474996805191,0.08994042128324509,0.21235458552837372,200
43,42,0.06826375052332878,0.1465892344713211,0.08507923781871796,0.20809920132160187,200
44,42,0.07184218739469846,0.14613410830497742,0.08444079011678696,0.20782743394374847,200
45,42,0.06892992307742436,0.14614839851856232,0.08277664333581924,0.2095201462507248,200
46,42,0.06978252405921619,0.14597554504871368,0.08333013951778412,0.20862092077732086,200
47,42,0.06578067565957706,0.14589913189411163,0.08032876998186111,0.21146950125694275,200
48,42,0.06257887929677963,0.14237423241138458,0.07992898672819138,0.2048194855451584,200
49,42,0.05487519999345144,0.1426117867231369,0.0837012454867363,0.2015223205089569,200
50,42,0.057341730842987694,0.1419166624546051,0.08109194785356522,0.2027413547039032,200
51,42,0.055293974777062736,0.14568467438220978,0.08244036138057709,0.20892897248268127,200
52,42,0.051271951446930565,0.146820530295372,0.08370786160230637,0.20993319153785706,200
53,42,0.052454616874456406,0.14284561574459076,0.08234768360853195,0.20334355533123016,200
54,42,0.047684989869594574,0.14691655337810516,0.08398378640413284,0.2098492980003357,200
55,42,0.04669427499175072,0.1455201804637909,0.08124130219221115,0.20979908108711243,200
56,42,0.045706524203221,0.1464272439479828,0.0814490094780922,0.21140547096729279,200
57,42,0.0442401555677255,0.1446083039045334,0.08122189342975616,0.2079947292804718,200
58,42,0.04513027022282282,0.14454342424869537,0.07949435710906982,0.20959250628948212,200
59,42,0.04510605831940969,0.14687660336494446,0.08105481415987015,0.21269840002059937,200
60,42,0.03958599269390106,0.14063802361488342,0.07802827656269073,0.20324775576591492,200
61,42,0.03758039325475693,0.14001965522766113,0.07830467075109482,0.20173463225364685,200
62,42,0.04052686194578806,0.14366455376148224,0.08046240359544754,0.20686669647693634,200
63,42,0.03538874536752701,0.13959519565105438,0.07531081140041351,0.20387956500053406,200
64,42,0.03319365531206131,0.1364724487066269,0.07608569413423538,0.1968591809272766,200
65,42,0.032372552901506424,0.1393284797668457,0.0805632546544075,0.1980936974287033,200
66,42,0.03819211199879646,0.14321914315223694,0.07962308079004288,0.2068151980638504,200
67,42,0.0318856251736482,0.13843123614788055,0.07671108096837997,0.20015136897563934,200
68,42,0.029470884551604588,0.13975724577903748,0.08093975484371185,0.1985747516155243,200
69,42,0.03251533893247446,0.14424552023410797,0.08319452404975891,0.20529650151729584,200
70,42,0.030133388315637905,0.142024964094162,0.07840542495250702,0.20564447343349457,200
71,42,0.026240486651659012,0.13936439156532288,0.07803525775671005,0.2006935030221939,200
72,42,0.02899978185693423,0.13949650526046753,0.07941795140504837,0.19957508146762848,200
73,42,0.024778975173830986,0.13769544661045074,0.08153590559959412,0.19385497272014618,200
74,42,0.023714686433474224,0.13589617609977722,0.07974640280008316,0.19204594194889069,200
75,42,0.023852342118819553,0.1344265639781952,0.07970132678747177,0.18915177881717682,200
76,42,0.023971436855693657,0.13900773227214813,0.08084726333618164,0.19716814160346985,200
77,42,0.02519203908741474,0.1388252228498459,0.07829713821411133,0.19935330748558044,200
78,42,0.021545385320981342,0.13359028100967407,0.07845926284790039,0.18872128427028656,200
79,42,0.019969742745161057,0.13241344690322876,0.08016861230134964,0.18465827405452728,200
80,42,0.02012962040801843,0.13302361965179443,0.08014503121376038,0.1859022080898285,200
81,42,0.019888076310356457,0.1309366226196289,0.07752849906682968,0.18434473872184753,200
82,42,0.01841029680023591,0.13026976585388184,0.07750862091779709,0.183030903339386,200
83,42,0.01864635447661082,0.13330750167369843,0.08008185774087906,0.1865331381559372,200
84,42,0.01861119611809651,0.13165979087352753,0.07923642545938492,0.18408314883708954,200
85,42,0.016827338685592014,0.12958253920078278,0.07731962203979492,0.18184544146060944,200
86,42,0.01651743457963069,0.13036786019802094,0.07773474603891373,0.18300098180770874,200
87,42,0.015748172998428345,0.1308775246143341,0.07859040796756744,0.18316464126110077,200
88,42,0.016864814795553684,0.1312292069196701,0.07886220514774323,0.18359622359275818,200
89,42,0.014391527355959019,0.12653186917304993,0.07745432108640671,0.17560939490795135,200
90,42,0.015022154276569685,0.12594842910766602,0.07632997632026672,0.1755669116973877,200
91,42,0.014177086452643076,0.12644661962985992,0.07740883529186249,0.17548440396785736,200
92,42,0.015009009900192419,0.12895390391349792,0.07909306138753891,0.17881473898887634,200
93,42,0.013906888663768768,0.12548449635505676,0.07760504633188248,0.17336393892765045,200
94,42,0.01440412395944198,0.12470962107181549,0.07642938941717148,0.1729898601770401,200
95,42,0.014228384631375471,0.12381232529878616,0.0760766789317131,0.17154796421527863,200
96,42,0.012428351677954197,0.12493521720170975,0.07869715988636017,0.17117328941822052,200
97,42,0.012408047604064146,0.12763436138629913,0.0794094130396843,0.17585931718349457,200
98,42,0.011710124866416058,0.12571585178375244,0.07765774428844452,0.17377395927906036,200
99,42,0.011820086898903051,0.12393857538700104,0.07565870136022568,0.1722184270620346,200
100,42,0.011229408594469229,0.12270022928714752,0.07637834548950195,0.1690221130847931,200
101,42,0.011223432763169209,0.12236811220645905,0.07575979828834534,0.16897644102573395,200
102,42,0.011549103384216627,0.12041857838630676,0.07436513900756836,0.16647201776504517,200
103,42,0.01092445415755113,0.11997850984334946,0.0739731714129448,0.16598384082317352,200
104,42,0.011676269117742777,0.12101352959871292,0.07635898888111115,0.1656680703163147,200
105,42,0.01052883748585979,0.12306619435548782,0.07701914757490158,0.16911323368549347,200
106,42,0.010330551924804846,0.12241371721029282,0.07629100233316422,0.16853639483451843,200
107,42,0.00929799381022652,0.1212998703122139,0.07672838866710663,0.16587136685848236,200
108,42,0.00948663397381703,0.1227850466966629,0.07775335758924484,0.16781672835350037,200
109,42,0.010036145181705555,0.12125573307275772,0.07632085680961609,0.16619062423706055,200
110,42,0.008531840362896522,0.12034644186496735,0.0747213065624237,0.1659715622663498,200
111,42,0.008735786813000837,0.12104927748441696,0.07490520179271698,0.16719335317611694,200
112,42,0.008955477736890316,0.11970839649438858,0.07650502771139145,0.1629117876291275,200
113,42,0.008075480349361897,0.11892812699079514,0.07565884292125702,0.16219741106033325,200
114,42,0.008531902761509022,0.11923317611217499,0.0744553804397583,0.16401097178459167,200
115,42,0.008387806825339794,0.11969585716724396,0.0750519186258316,0.16433978080749512,200
116,42,0.00789944315329194,0.11843476444482803,0.07512699067592621,0.16174252331256866,200
117,42,0.00763959080601732,0.1179397851228714,0.07477016746997833,0.16110940277576447,200
118,42,0.007557913971443971,0.11717993766069412,0.07461057603359222,0.15974928438663483,200
119,42,0.00729226212327679,0.11744320392608643,0.07428763061761856,0.1605987846851349,200
120,42,0.007750590331852436,0.11757240444421768,0.07486724108457565,0.1602775603532791,200
121,42,0.007048129104077816,0.11730293929576874,0.07432159036397934,0.16028429567813873,200
122,42,0.006964258849620819,0.11744412779808044,0.07534758746623993,0.15954065322875977,200
123,42,0.0067311557941138744,0.1197739839553833,0.07584308832883835,0.16370487213134766,200
124,42,0.006496254509935777,0.11699818819761276,0.0733267292380333,0.16066965460777283,200
125,42,0.00701256034274896,0.11599000543355942,0.07267315685749054,0.1593068540096283,200
126,42,0.005972575085858504,0.11712948977947235,0.07421845942735672,0.16004052758216858,200
127,42,0.006355307064950466,0.11572977900505066,0.0734398365020752,0.15801973640918732,200
128,42,0.0059299760808547335,0.11592783778905869,0.07343033701181412,0.15842534601688385,200
129,42,0.006048304494470358,0.11461486667394638,0.07269170880317688,0.15653803944587708,200
130,42,0.0056593761158486204,0.11380285769701004,0.07289479672908783,0.15471091866493225,200
131,42,0.005433363219102223,0.1140763908624649,0.07434092462062836,0.15381185710430145,200
132,42,0.005299717343101899,0.11465592682361603,0.07472821325063705,0.1545836478471756,200
133,42,0.005446531654645999,0.11501561850309372,0.07356777042150497,0.15646344423294067,200
134,42,0.0055033535075684386,0.11662421375513077,0.07267686724662781,0.16057156026363373,200
135,42,0.005194615727911393,0.11629341542720795,0.07336243242025375,0.15922440588474274,200
136,42,0.004829763822878401,0.11644387990236282,0.07395173609256744,0.1589360386133194,200
137,42,0.005536575413619478,0.1152200847864151,0.07342901825904846,0.15701113641262054,200
138,42,0.005251940029362838,0.11477691680192947,0.07368630915880203,0.1558675467967987,200
139,42,0.004763655985395114,0.11591798812150955,0.0737239345908165,0.158112034201622,200
140,42,0.004570984436819951,0.11562737077474594,0.07415669411420822,0.15709805488586426,200
141,42,0.0049349970649927855,0.11456457525491714,0.07318488508462906,0.15594425797462463,200
142,42,0.004864083059752981,0.11373337358236313,0.07271013408899307,0.1547565907239914,200
143,42,0.004833390858645241,0.11484328657388687,0.07411272823810577,0.15557384490966797,200
144,42,0.004608017082015674,0.11650822311639786,0.07517324388027191,0.1578432023525238,200
145,42,0.004395269167919953,0.11673358082771301,0.07418318837881088,0.15928396582603455,200
146,42,0.004316795306901137,0.11409713327884674,0.07261193543672562,0.15558233857154846,200
147,42,0.004390215889240305,0.1128978505730629,0.07213663309812546,0.15365907549858093,200
148,42,0.004165771882981062,0.1133585274219513,0.07347533106803894,0.15324172377586365,200
149,42,0.003978688192243378,0.11389460414648056,0.07402215152978897,0.15376706421375275,200
150,42,0.004146619777505596,0.11274383962154388,0.07254381477832794,0.15294386446475983,200
151,42,0.0037219987716525793,0.11367552727460861,0.07254423201084137,0.15480680763721466,200
152,42,0.003553292869279782,0.11457659304141998,0.07334093749523163,0.15581224858760834,200
153,42,0.0036242643060783544,0.11360754817724228,0.07294975966215134,0.15426534414291382,200
154,42,0.0033396725387622914,0.11216902732849121,0.07126680761575699,0.15307123959064484,200
155,42,0.003767361088345448,0.11195077747106552,0.07070493698120117,0.15319663286209106,200
156,42,0.003522044358154138,0.11290907859802246,0.07128024101257324,0.15453791618347168,200
157,42,0.003067440896605452,0.11364784091711044,0.07267758250236511,0.15461809933185577,200
158,42,0.0032524886385848126,0.11308865249156952,0.07291043549776077,0.15326687693595886,200
159,42,0.0031022233112404742,0.11269590258598328,0.07230541110038757,0.15308639407157898,200
160,42,0.0029540912170584,0.11235465854406357,0.0712990015745163,0.15341033041477203,200
161,42,0.0029778489843010902,0.11164037138223648,0.07087941467761993,0.15240134298801422,200
162,42,0.0030595046312858662,0.11108366400003433,0.07064756006002426,0.151519775390625,200
163,42,0.0028865752586474023,0.11112602800130844,0.07112366706132889,0.1511283814907074,200
164,42,0.0027012942979733148,0.11177387088537216,0.07053195685148239,0.15301579236984253,200
165,42,0.0030127319041639566,0.11146733164787292,0.07022353261709213,0.15271110832691193,200
166,42,0.0028377962298691273,0.11247127503156662,0.07106245309114456,0.15388008952140808,200
167,42,0.0025453015696257353,0.11256755143404007,0.0720432922244072,0.15309181809425354,200
168,42,0.002840773512919744,0.11143862456083298,0.07125144451856613,0.15162579715251923,200
169,42,0.0027217709769805274,0.11107190698385239,0.07118073850870132,0.15096308290958405,200
170,42,0.0024997276486828923,0.11158506572246552,0.0708271935582161,0.15234296023845673,200
171,42,0.0024313442409038544,0.11042627692222595,0.06987328082323074,0.15097926557064056,200
172,42,0.002439444108555714,0.11048781871795654,0.0698309987783432,0.15114463865756989,200
173,42,0.0023925842251628637,0.1119750514626503,0.07077308744192123,0.15317700803279877,200
174,42,0.002456649439409375,0.11153855919837952,0.07050070911645889,0.15257643163204193,200
175,42,0.0022529018266747394,0.1105368435382843,0.06936025619506836,0.15171341598033905,200
176,42,0.0022498718850935497,0.11050526052713394,0.0694275051355362,0.1515830010175705,200
177,42,0.0022048279643058777,0.1123008280992508,0.07052144408226013,0.15408019721508026,200
178,42,0.0022596913234641156,0.11209425330162048,0.07099960744380951,0.15318889915943146,200
179,42,0.002144076667415599,0.11187104135751724,0.07090174406766891,0.15284034609794617,200
180,42,0.00223859422840178,0.11234766989946365,0.06997904926538467,0.15471626818180084,200
181,42,0.0020590937541176877,0.11146850883960724,0.06925911456346512,0.15367791056632996,200
182,42,0.002054906372601787,0.11080960184335709,0.06942296028137207,0.1521962434053421,200
183,42,0.0022247551241889596,0.11029628664255142,0.06893030554056168,0.15166227519512177,200
184,42,0.0020018793487300477,0.10966300964355469,0.06887399405241013,0.15045203268527985,200
185,42,0.0019764637496943274,0.11132514476776123,0.0692836344242096,0.15336664021015167,200
186,42,0.0020044187549501657,0.11089356988668442,0.06877266615629196,0.15301446616649628,200
187,42,0.001774982704470555,0.11049129068851471,0.06865326315164566,0.15232931077480316,200
188,42,0.0019362962727124493,0.11165440082550049,0.06948939710855484,0.15381939709186554,200
189,42,0.0018257327610626817,0.11083923280239105,0.06867680698633194,0.15300163626670837,200
190,42,0.001767300224552552,0.110030397772789,0.0671439990401268,0.1529167741537094,200
191,42,0.0019695987769713006,0.11004676669836044,0.06723082810640335,0.15286271274089813,200
192,42,0.0017991461014995973,0.11220140755176544,0.0694110244512558,0.15499180555343628,200
193,42,0.0018253829330205917,0.11103729903697968,0.06911062449216843,0.15296396613121033,200
194,42,0.0016295425593852997,0.11179249733686447,0.06925202161073685,0.1543329805135727,200
195,42,0.0018531927683701117,0.11140163987874985,0.0689229965209961,0.1538802683353424,200
196,42,0.0015927557833492756,0.11122525483369827,0.06901182979345322,0.15343865752220154,200
197,42,0.0015030612315361698,0.11096852272748947,0.06868655979633331,0.15325050055980682,200
198,42,0.0014643064544846613,0.1105063259601593,0.06828495860099792,0.15272770822048187,200
199,42,0.001560775136264662,0.11052342504262924,0.06834375113248825,0.15270309150218964,200
200,42,0.0014209786895662546,0.11204169690608978,0.06953945010900497,0.154543936252594,200
201,42,0.0014326240634545684,0.11263569444417953,0.069776751101017,0.15549464523792267,200
202,42,0.0014139452250674367,0.11103294789791107,0.06827964633703232,0.15378625690937042,200
203,42,0.001531193246288846,0.11087962985038757,0.06795120984315872,0.15380802750587463,200
204,42,0.0013004086989288528,0.11170816421508789,0.06849102675914764,0.15492530167102814,200
205,42,0.0013313732536820073,0.11214620620012283,0.06937018781900406,0.154922217130661,200
206,42,0.001300625716491292,0.11209674924612045,0.06878020614385605,0.15541329979896545,200
207,42,0.0013121023851757248,0.11096218228340149,0.0679556354880333,0.15396875143051147,200
208,42,0.0013374903161699574,0.11120616644620895,0.0679621696472168,0.1544501781463623,200
209,42,0.0012461371176565688,0.11159659922122955,0.0683538168668747,0.1548393815755844,200
210,42,0.001350845811733355,0.1104942113161087,0.06749161332845688,0.15349680185317993,200
211,42,0.0012573202063019078,0.11126693338155746,0.0676489993929863,0.15488485991954803,200
212,42,0.0012110818643122911,0.11134287714958191,0.06797930598258972,0.1547064483165741,200
213,42,0.001236429011138777,0.11161745339632034,0.06877882033586502,0.15445610880851746,200
214,42,0.001202124966463695,0.11262322962284088,0.06924112886190414,0.15600532293319702,200
215,42,0.0012048156931996346,0.1116170659661293,0.06825818866491318,0.15497593581676483,200
216,42,0.00111774632629628,0.11118948459625244,0.06760375946760178,0.1547752171754837,200
217,42,0.0010671053314581513,0.11173330992460251,0.06760427355766296,0.15586234629154205,200
218,42,0.0010387027092898886,0.11168219894170761,0.06817876547574997,0.15518563985824585,200
219,42,0.0010645046713761985,0.11136183142662048,0.06756403297185898,0.15515963733196259,200
220,42,0.0010057537001557648,0.11079444736242294,0.06722293049097061,0.15436597168445587,200
221,42,0.0009797758733232815,0.11060623824596405,0.0676283985376358,0.1535840779542923,200
222,42,0.0009663298260420561,0.1121583804488182,0.0685928612947464,0.15572389960289001,200
223,42,0.000973571635161837,0.11169897764921188,0.06812162697315216,0.1552763134241104,200
224,42,0.0009700805724908909,0.1107785776257515,0.06646817922592163,0.15508897602558136,200
225,42,0.0008954647346399724,0.11025748401880264,0.0665336474776268,0.1539813131093979,200
226,42,0.001001701030569772,0.11110074073076248,0.06770738959312439,0.15449409186840057,200
227,42,0.0009230213278594116,0.11206260323524475,0.06817488372325897,0.15595035254955292,200
228,42,0.0008986148944435021,0.11106166243553162,0.06746961176395416,0.15465372800827026,200
229,42,0.0008371183648705482,0.11081057041883469,0.0663437619805336,0.15527738630771637,200
230,42,0.0008450976650541028,0.11099220812320709,0.0667133703827858,0.15527105331420898,200
231,42,0.0008738493973699709,0.11180998384952545,0.06796655803918839,0.15565341711044312,200
232,42,0.0008646602121492227,0.11128837615251541,0.06717316061258316,0.15540359914302826,200
233,42,0.000905081726765881,0.10998903214931488,0.06623578816652298,0.15374226868152618,200
234,42,0.0008504334643172721,0.11032800376415253,0.06718327105045319,0.15347273647785187,200
235,42,0.0008003518256979684,0.11166850477457047,0.06822379678487778,0.15511323511600494,200
236,42,0.0008164989606787761,0.11149553954601288,0.0677792876958847,0.15521179139614105,200
237,42,0.0008306081096331278,0.11073781549930573,0.0666131004691124,0.15486253798007965,200
238,42,0.0007523156818933785,0.11025876551866531,0.06613217294216156,0.15438535809516907,200
239,42,0.0007330695031366,0.11090009659528732,0.06671357899904251,0.15508660674095154,200
240,42,0.0007368046014259259,0.11055885255336761,0.06657125055789948,0.15454643964767456,200
241,42,0.0007695115248983105,0.11032624542713165,0.066138856112957,0.15451361238956451,200
242,42,0.000729262848229458,0.11045488715171814,0.06666187196969986,0.1542479246854782,200
243,42,0.0007632800649541119,0.11104830354452133,0.0676066130399704,0.15448999404907227,200
244,42,0.0007494972475493947,0.1114414855837822,0.06697184592485428,0.15591111779212952,200
245,42,0.0006575425698732337,0.11078168451786041,0.06650280207395554,0.1550605744123459,200
246,42,0.0006845152044358352,0.1110912635922432,0.06682928651571274,0.15535324811935425,200
247,42,0.0006887682829983532,0.1103011816740036,0.06702207028865814,0.15358032286167145,200
248,42,0.0006519157905131578,0.10988511890172958,0.06584841758012772,0.15392182767391205,200
249,42,0.0006744847826970121,0.11042728275060654,0.06589820235967636,0.1549563705921173,200
250,42,0.0006412940565496683,0.11086864769458771,0.06688687950372696,0.15485042333602905,200
251,42,0.0006123504135757685,0.1109248474240303,0.06694342941045761,0.1549062579870224,200
252,42,0.000600500536772112,0.11010268330574036,0.06587826460599899,0.15432710945606232,200
253,42,0.0005859749023026476,0.10949715226888657,0.06569130718708038,0.15330298244953156,200
254,42,0.000566558698968341,0.11044750362634659,0.06622456014156342,0.15467046201229095,200
255,42,0.0005980862576204041,0.11020980030298233,0.06646347790956497,0.1539561003446579,200
256,42,0.0005404745655444761,0.10989803820848465,0.06642208248376846,0.15337397158145905,200
257,42,0.00058483974620079,0.11063864827156067,0.06629868596792221,0.15497861802577972,200
258,42,0.0005559061925547818,0.11026185005903244,0.0663227066397667,0.15420100092887878,200
259,42,0.0005370948347263038,0.10965687781572342,0.06600641459226608,0.15330734848976135,200
260,42,0.0005595627008005977,0.10973247140645981,0.0652882531285286,0.15417668223381042,200
261,42,0.0005587151584525903,0.10988157242536545,0.06526919454336166,0.15449397265911102,200
262,42,0.0004949508875142783,0.11070888489484787,0.06567170470952988,0.15574607253074646,200
263,42,0.0005033949467663964,0.11062344908714294,0.06648781150579453,0.15475909411907196,200
264,42,0.0005235189649586877,0.11007504165172577,0.06626297533512115,0.15388710796833038,200
265,42,0.0004786971937088917,0.1099095344543457,0.06548203527927399,0.15433703362941742,200
266,42,0.0004794737130093078,0.11043114215135574,0.06573262810707092,0.15512965619564056,200
267,42,0.0004901156935375184,0.11028782278299332,0.06569262593984604,0.15488305687904358,200
268,42,0.00048076562234200537,0.1093134954571724,0.06567557901144028,0.1529514342546463,200
269,42,0.00045779242645949125,0.10989410430192947,0.06558021903038025,0.1542079597711563,200
270,42,0.00046412169467657804,0.11003950238227844,0.0657120794057846,0.15436694025993347,200
271,42,0.0004768802027683705,0.11029348522424698,0.0662747249007225,0.15431226789951324,200
272,42,0.000437429368806382,0.10937170684337616,0.06557459384202957,0.15316882729530334,200
273,42,0.0004559640462199847,0.10926584899425507,0.06490282714366913,0.1536288857460022,200
274,42,0.0004178863843359674,0.1097254753112793,0.06546775996685028,0.15398317575454712,200
275,42,0.00041385306394658983,0.10982081294059753,0.06534166634082794,0.15429995954036713,200
276,42,0.00040152361422466737,0.10958116501569748,0.06500137597322464,0.15416094660758972,200
277,42,0.0004122313985135406,0.1096763163805008,0.06510989367961884,0.15424273908138275,200
278,42,0.0004159063003802051,0.10957156866788864,0.06502847373485565,0.15411466360092163,200
279,42,0.00042428806773386896,0.10950515419244766,0.06481911242008209,0.15419119596481323,200
280,42,0.0003831314679700881,0.10913898795843124,0.06506970524787903,0.15320825576782227,200
281,42,0.0004124713984007637,0.1091032475233078,0.06489979475736618,0.15330670773983002,200
282,42,0.0003865805532162388,0.10971928387880325,0.06527771800756454,0.15416084229946136,200
283,42,0.0004152732144575566,0.11013197898864746,0.06539331376552582,0.1548706591129303,200
284,42,0.00042137910107461113,0.1090371385216713,0.06453534215688705,0.15353892743587494,200
285,42,0.0003787852959552159,0.10915609449148178,0.0643526166677475,0.15395955741405487,200
286,42,0.0004762196767842397,0.11002299934625626,0.0651877298951149,0.1548582762479782,200
287,42,0.0003733685686408232,0.10959667712450027,0.06451193988323212,0.15468139946460724,200
288,42,0.0003437293538202842,0.10866601020097733,0.06431376188993454,0.15301822125911713,200
289,42,0.00037779740523546934,0.10880707204341888,0.06479015946388245,0.15282396972179413,200
290,42,0.0003333351293501134,0.10970364511013031,0.06542407721281052,0.1539831906557083,200
291,42,0.0003466527656807254,0.10939515382051468,0.06467460840940475,0.154115691781044,200
292,42,0.0003572517210462441,0.10919655859470367,0.064275823533535,0.15411730110645294,200
293,42,0.00032053265992241603,0.10890732705593109,0.06471797078847885,0.15309667587280273,200
294,42,0.00031837645898728323,0.10877005755901337,0.06445173919200897,0.15308837592601776,200
295,42,0.0003248739764482404,0.10911620408296585,0.06458530575037003,0.15364710986614227,200
296,42,0.00030256018120174605,0.10947235673666,0.06513618677854538,0.15380851924419403,200
297,42,0.00030590937240049243,0.10917482525110245,0.06504524499177933,0.15330441296100616,200
298,42,0.00031127130205277354,0.10880449414253235,0.06477222591638565,0.15283675491809845,200
299,42,0.0002940539561677724,0.1093432605266571,0.06444747745990753,0.15423904359340668,200
300,42,0.00029510485668045777,0.10921165347099304,0.06449946016073227,0.15392383933067322,200
301,42,0.00028829247457906604,0.10914500802755356,0.0646987333893776,0.15359129011631012,200
302,42,0.0002808834833558649,0.10910274088382721,0.06460460275411606,0.15360088646411896,200
303,42,0.0002740245060219119,0.10956356674432755,0.06489083170890808,0.154236301779747,200
304,42,0.0002611816065230717,0.10952748358249664,0.064930759370327,0.1541242152452469,200
305,42,0.0002585107771058877,0.10906286537647247,0.06457646191120148,0.15354926884174347,200
306,42,0.00026851181852786493,0.10901106894016266,0.06468046456575394,0.15334168076515198,200
307,42,0.00027945930681501824,0.10886147618293762,0.06459426879882812,0.15312868356704712,200
308,42,0.0002570996342304473,0.10883863270282745,0.06411347538232803,0.15356378257274628,200
309,42,0.0002541263869109874,0.10865940898656845,0.06432662159204483,0.15299220383167267,200
310,42,0.0002747539062208186,0.10928312689065933,0.0645369365811348,0.15402932465076447,200
311,42,0.000252485740929842,0.109157994389534,0.06438416987657547,0.15393181145191193,200
312,42,0.00026133529900107533,0.10923885554075241,0.06431066244840622,0.154167041182518,200
313,42,0.0002658120356500149,0.10935623943805695,0.06488697975873947,0.15382549166679382,200
314,42,0.00024318002397194505,0.10908248275518417,0.06457855552434921,0.15358641743659973,200
315,42,0.0002425868830565984,0.10868590325117111,0.06423807144165039,0.15313373506069183,200
316,42,0.00026340523618273437,0.10847902297973633,0.06416327506303787,0.15279477834701538,200
317,42,0.0002239482564618811,0.10869988799095154,0.06411454826593399,0.1532852202653885,200
318,42,0.00023488330286151418,0.1087823361158371,0.06458715349435806,0.15297752618789673,200
319,42,0.00022404216482148817,0.10918957740068436,0.06457699090242386,0.15380217134952545,200
320,42,0.00023947365116328,0.10863805562257767,0.06422805041074753,0.1530480533838272,200
321,42,0.000228109168043981,0.10861601680517197,0.06428103148937225,0.15295100212097168,200
322,42,0.00022404948928548643,0.10917598754167557,0.06460732221603394,0.153744637966156,200
323,42,0.00021813950540187457,0.1091417595744133,0.06461997330188751,0.1536635458469391,200
324,42,0.00020726438863979033,0.10890521854162216,0.06444788724184036,0.15336257219314575,200
325,42,0.00020839826417310783,0.10859010368585587,0.06438412517309189,0.15279607474803925,200
326,42,0.00021724610511834422,0.10924891382455826,0.064365915954113,0.1541319042444229,200
327,42,0.0002203133044531569,0.10890151560306549,0.06428845226764679,0.1535145789384842,200
328,42,0.00020468091436972222,0.1084349974989891,0.0645546093583107,0.15231537818908691,200
329,42,0.00020860040482754508,0.10876414179801941,0.06471405178308487,0.15281422436237335,200
330,42,0.00020146344225698462,0.10927372425794601,0.06491201370954514,0.1536354422569275,200
331,42,0.00021029937488492578,0.10897448658943176,0.06435393542051315,0.15359504520893097,200
332,42,0.00019739383909230432,0.10820527374744415,0.06425737589597702,0.1521531641483307,200
333,42,0.00018940500255363682,0.10870260745286942,0.06451696157455444,0.1528882533311844,200
334,42,0.00018805742729455233,0.10854258388280869,0.06421082466840744,0.15287433564662933,200
335,42,0.00018508174980524927,0.10860191285610199,0.06430263072252274,0.15290118753910065,200
336,42,0.0001974834012798965,0.10840120911598206,0.06478342413902283,0.15201899409294128,200
337,42,0.0002126292820321396,0.10852009803056717,0.06452646106481552,0.15251371264457703,200
338,42,0.0002039385678169007,0.10900953412055969,0.06473489105701447,0.15328417718410492,200
339,42,0.0001869838840017716,0.10891027003526688,0.064934641122818,0.15288589894771576,200
340,42,0.00018169934628531337,0.10895371437072754,0.06473314017057419,0.1531742960214615,200
341,42,0.00018374550321217006,0.10803820192813873,0.06397079676389694,0.15210561454296112,200
342,42,0.00018892358154213676,0.10855188220739365,0.06399538367986679,0.1531083881855011,200
343,42,0.00017672003984140852,0.10844562947750092,0.06497953832149506,0.15191170573234558,200
344,42,0.00017062355376159152,0.10919450968503952,0.06518251448869705,0.15320651233196259,200
345,42,0.0001718804172317808,0.10872452706098557,0.06437357515096664,0.15307550132274628,200
346,42,0.0001710710882131631,0.10836294293403625,0.06411001831293106,0.15261586010456085,200
347,42,0.00016705022911385944,0.10833961516618729,0.06431498378515244,0.15236423909664154,200
348,42,0.00016313572996295989,0.10863471031188965,0.06452004611492157,0.15274937450885773,200
349,42,0.00015596591886909059,0.10831015557050705,0.06447461992502213,0.15214568376541138,200
350,42,0.00015154941744791964,0.10817544162273407,0.06438589841127396,0.1519649773836136,200
351,42,0.0001644332854387661,0.10806053131818771,0.06428999453783035,0.15183109045028687,200
352,42,0.0001558290629570062,0.10872036963701248,0.06483176350593567,0.1526089608669281,200
353,42,0.00014911670587025583,0.10822384804487228,0.064438596367836,0.15200909972190857,200
354,42,0.00015160042191079506,0.10835740715265274,0.0644768550992012,0.15223795175552368,200
355,42,0.00014004094312743595,0.1087033674120903,0.06457093358039856,0.15283580124378204,200
356,42,0.0001491019744814063,0.10826411098241806,0.06418678909540176,0.15234141051769257,200
357,42,0.0001377818140705737,0.10798164457082748,0.06438858807086945,0.15157470107078552,200
358,42,0.00014385968097485602,0.10831664502620697,0.06470201909542084,0.1519312560558319,200
359,42,0.00013101684695963436,0.10854339599609375,0.06453492492437363,0.15255188941955566,200
360,42,0.00015648376817504564,0.10845017433166504,0.06440818309783936,0.15249215066432953,200
361,42,0.00013818176375934854,0.10814504325389862,0.06437624990940094,0.1519138365983963,200
362,42,0.00013546939104950675,0.10840485990047455,0.06421182304620743,0.15259790420532227,200
363,42,0.00013615072627241412,0.10872534662485123,0.06435727328062057,0.15309341251850128,200
364,42,0.00012779278767993674,0.10850346833467484,0.06466283649206161,0.15234407782554626,200
365,42,0.00013407562558616823,0.10807884484529495,0.06412266194820404,0.15203504264354706,200
366,42,0.00014021199846562618,0.10836412757635117,0.06441041082143784,0.1523178368806839,200
367,42,0.00013395482286189994,0.10851380228996277,0.0644407570362091,0.15258686244487762,200
368,42,0.0001349044468952343,0.10826228559017181,0.06442739814519882,0.1520971655845642,200
369,42,0.0001314057614460277,0.10788311809301376,0.06451160460710526,0.15125462412834167,200
370,42,0.00012725447353053218,0.10807483643293381,0.06467654556035995,0.15147313475608826,200
371,42,0.0001486111432313919,0.10799949616193771,0.06448057293891907,0.15151843428611755,200
372,42,0.00013101242075208575,0.10844605416059494,0.06492634862661362,0.15196575224399567,200
373,42,0.0001278582252173995,0.1082259863615036,0.06452202796936035,0.15192994475364685,200
374,42,0.0001228352339239791,0.10869515687227249,0.06450284272432327,0.1528874933719635,200
375,42,0.0001297954780360063,0.10827729105949402,0.0650789812207222,0.15147559344768524,200
376,42,0.00013591046202539778,0.10818032920360565,0.06491861492395401,0.1514420360326767,200
377,42,0.00011646826654517402,0.10808692872524261,0.06435248255729675,0.15182135999202728,200
378,42,0.00012170012390318637,0.10833946615457535,0.06451519578695297,0.15216374397277832,200
379,42,0.00011335033195791766,0.10767853260040283,0.06442203372716904,0.15093500912189484,200
380,42,0.0001197569314778472,0.10750307887792587,0.06421565264463425,0.1507904976606369,200
381,42,0.00012398640440854555,0.10766494274139404,0.06433383375406265,0.15099604427814484,200
382,42,0.00011283368561028813,0.1079946979880333,0.06444090604782104,0.15154848992824554,200
383,42,0.0001111702949856408,0.10822861641645432,0.06478706002235413,0.1516701728105545,200
384,42,0.00011767222410223137,0.10776729881763458,0.06455055624246597,0.1509840339422226,200
385,42,0.00012520076415967196,0.10786283761262894,0.06459587067365646,0.151129812002182,200
386,42,0.0001027356168682066,0.10744450241327286,0.06413063406944275,0.15075835585594177,200
387,42,0.00010670260962797329,0.10765060037374496,0.06425192207098007,0.15104927122592926,200
388,42,0.00010685390589060262,0.10781926661729813,0.06467472016811371,0.15096381306648254,200
389,42,0.00010815434022030483,0.10756953060626984,0.06403150409460068,0.1511075645685196,200
390,42,0.00010799843100054811,0.10769076645374298,0.06395675987005234,0.15142478048801422,200
391,42,0.0001020205551564383,0.10786782950162888,0.06476211547851562,0.15097354352474213,200
392,42,0.00010125128028448671,0.10763994604349136,0.06427498906850815,0.15100492537021637,200
393,42,0.00010730035379917051,0.10780838876962662,0.06409633159637451,0.15152046084403992,200
394,42,8.436992963349137e-05,0.10732749849557877,0.06430795788764954,0.150347039103508,200
395,42,9.822496698082735e-05,0.10724715143442154,0.06410672515630722,0.15038758516311646,200
396,42,8.837280620355159e-05,0.10744894295930862,0.06419017910957336,0.15070772171020508,200
397,42,9.50905717521285e-05,0.10755910724401474,0.064394511282444,0.15072369575500488,200
398,42,8.723793386404093e-05,0.10732991248369217,0.06444118916988373,0.15021862089633942,200
399,42,9.251905188042049e-05,0.10738466680049896,0.06393860280513763,0.15083074569702148,200
400,42,8.907936959682654e-05,0.10733239352703094,0.06422629952430725,0.15043851733207703,200
401,42,9.04501697126155e-05,0.10727041214704514,0.06427056342363358,0.1502702832221985,200
402,42,8.913801502785645e-05,0.10706028342247009,0.06425733119249344,0.14986322820186615,200
403,42,9.91484218199427e-05,0.10735469311475754,0.06405748426914215,0.15065190196037292,200
404,42,8.845095726428553e-05,0.10738274455070496,0.0644945278763771,0.1502709686756134,200
405,42,9.380198025610298e-05,0.1074887216091156,0.06435313820838928,0.15062430500984192,200
406,42,8.268620513263159e-05,0.10703325271606445,0.06427270174026489,0.1497938185930252,200
407,42,8.113311074945766e-05,0.10755530744791031,0.06428119540214539,0.15082944929599762,200
408,42,8.911843178793788e-05,0.1068819910287857,0.06413165479898453,0.1496323198080063,200
409,42,8.618187348474748e-05,0.10710477828979492,0.06419781595468521,0.15001173317432404,200
410,42,8.697252875814836e-05,0.10730218887329102,0.0643782913684845,0.15022608637809753,200
411,42,8.48904771070617e-05,0.10745037347078323,0.06408561766147614,0.15081514418125153,200
412,42,8.966101934978117e-05,0.10668692737817764,0.06432633101940155,0.14904752373695374,200
413,42,0.0001028090725109602,0.10702124238014221,0.0640220120549202,0.15002049505710602,200
414,42,9.430197678739205e-05,0.1067238599061966,0.06412434577941895,0.14932337403297424,200
415,42,8.690716761824054e-05,0.1072322353720665,0.06424816697835922,0.15021629631519318,200
416,42,8.238674126914702e-05,0.10631785541772842,0.0638459101319313,0.14878979325294495,200
417,42,8.856555117138971e-05,0.10707754641771317,0.06403368711471558,0.15012140572071075,200
418,42,9.021288860822096e-05,0.10726197808980942,0.06463415175676346,0.1498897820711136,200
419,42,8.669571010007833e-05,0.107143834233284,0.064096599817276,0.150191068649292,200
420,42,8.575134900941823e-05,0.10649516433477402,0.06401427835226059,0.14897604286670685,200
421,42,8.281593666955207e-05,0.10698313266038895,0.06404786556959152,0.14991837739944458,200
422,42,9.061712141071136e-05,0.10658033937215805,0.06405109912157059,0.1491095870733261,200
423,42,7.835597837887083e-05,0.10696268826723099,0.06392944604158401,0.14999593794345856,200
424,42,7.38385727648468e-05,0.10684192925691605,0.06409237533807755,0.14959149062633514,200
425,42,7.833843361974384e-05,0.10674211382865906,0.06414090096950531,0.14934329688549042,200
426,42,7.752580131636932e-05,0.10680602490901947,0.06415079534053802,0.1494612693786621,200
427,42,7.191661037116621e-05,0.10658340901136398,0.0640939250588417,0.14907290041446686,200
428,42,7.35139983589761e-05,0.10684626549482346,0.06397443264722824,0.14971809089183807,200
429,42,7.409628839620079e-05,0.10635847598314285,0.06417448818683624,0.14854246377944946,200
430,42,7.471365339976425e-05,0.1070457324385643,0.06432096660137177,0.14977049827575684,200
431,42,7.633967713142435e-05,0.10634516179561615,0.06395638734102249,0.1487339287996292,200
432,42,7.257021328162712e-05,0.10699016600847244,0.06410808861255646,0.14987224340438843,200
433,42,8.051027058778952e-05,0.10616310685873032,0.0639655739068985,0.14836063981056213,200
434,42,7.030623601167463e-05,0.10670886933803558,0.06400735676288605,0.14941038191318512,200
435,42,7.36887232051231e-05,0.10651228576898575,0.06438849121332169,0.1486360877752304,200
436,42,6.964525770551215e-05,0.10690106451511383,0.0641220360994339,0.14968010783195496,200
437,42,6.707055460234794e-05,0.10637932270765305,0.06389608234167099,0.1488625705242157,200
438,42,7.425258324171106e-05,0.10642674565315247,0.06382784247398376,0.14902564883232117,200
439,42,6.869906671151209e-05,0.10622790455818176,0.0642879456281662,0.14816786348819733,200
440,42,6.590462483776112e-05,0.10655857622623444,0.06418035179376602,0.14893677830696106,200
441,42,6.552763564589743e-05,0.10630227625370026,0.0639813169836998,0.14862322807312012,200
442,42,6.14693999523297e-05,0.10683641582727432,0.06411082297563553,0.1495620161294937,200
443,42,7.269689134166886e-05,0.106322281062603,0.06394485384225845,0.14869970083236694,200
444,42,6.0219206716283225e-05,0.10616552084684372,0.0636419951915741,0.14868904650211334,200
445,42,6.0513688367791474e-05,0.10622084885835648,0.06428235024213791,0.14815934002399445,200
446,42,6.636808878586938e-05,0.10637391358613968,0.06402119249105453,0.1487266570329666,200
447,42,5.933429808161842e-05,0.10591910779476166,0.06369540095329285,0.14814281463623047,200
448,42,6.308847756978746e-05,0.10653045773506165,0.06414607167243958,0.1489148586988449,200
449,42,7.132167593226768e-05,0.10615615546703339,0.06418216973543167,0.1481301337480545,200
450,42,7.69413381931372e-05,0.10590005666017532,0.06367937475442886,0.1481207311153412,200
451,42,7.43298636128505e-05,0.10588496178388596,0.06363729387521744,0.14813262224197388,200
452,42,7.205522706499323e-05,0.10637973248958588,0.0640614703297615,0.14869800209999084,200
453,42,6.818523494681965e-05,0.10611389577388763,0.06393947452306747,0.1482883095741272,200
454,42,6.193030397601736e-05,0.1060946136713028,0.06382682174444199,0.1483624130487442,200
455,42,5.427121383642467e-05,0.10591564327478409,0.06427083909511566,0.14756044745445251,200
456,42,5.824979355869194e-05,0.10660853236913681,0.06422815471887589,0.14898891746997833,200
457,42,5.7633551477920264e-05,0.10636140406131744,0.06393773853778839,0.1487850844860077,200
458,42,5.446082286653109e-05,0.10627885907888412,0.0638628825545311,0.14869482815265656,200
459,42,5.370625027959856e-05,0.1057436466217041,0.06399484723806381,0.1474924236536026,200
460,42,5.011485579113165e-05,0.10600374639034271,0.06375457346439362,0.148252934217453,200
461,42,5.1703966164495796e-05,0.1061074435710907,0.06401178985834122,0.14820308983325958,200
462,42,4.842183625441976e-05,0.10622622817754745,0.06417707353830338,0.14827539026737213,200
463,42,5.009421511203982e-05,0.10590710490942001,0.06364773213863373,0.1481664776802063,200
464,42,5.747530667576939e-05,0.1061902567744255,0.06385020166635513,0.14853030443191528,200
465,42,5.14604532024047e-05,0.10605805367231369,0.06411197036504745,0.14800414443016052,200
466,42,5.167918546552149e-05,0.10611148178577423,0.06382125616073608,0.14840170741081238,200
467,42,5.286619489197619e-05,0.10597521811723709,0.06379743665456772,0.14815299212932587,200
468,42,5.018298179493286e-05,0.10625697672367096,0.06416468322277069,0.14834928512573242,200
469,42,4.75692152879977e-05,0.10571695119142532,0.06370766460895538,0.14772623777389526,200
470,42,5.112997799490889e-05,0.10580787807703018,0.0636705607175827,0.14794518053531647,200
471,42,4.9812772582905986e-05,0.1060735210776329,0.064055435359478,0.14809159934520721,200
472,42,5.1019642948328205e-05,0.1058250367641449,0.0640016496181488,0.1476484090089798,200
473,42,4.811152030015364e-05,0.10576827079057693,0.06379776448011398,0.1477387696504593,200
474,42,5.004914055461995e-05,0.10570518672466278,0.06395077705383301,0.14745958149433136,200
475,42,4.706924664787948e-05,0.10595802217721939,0.06402881443500519,0.1478872299194336,200
476,42,4.825443223429223e-05,0.10577691346406937,0.06389191746711731,0.14766189455986023,200
477,42,4.9228048737859353e-05,0.1059131771326065,0.0641201063990593,0.14770622551441193,200
478,42,5.0982690784924976e-05,0.10569771379232407,0.06380143761634827,0.14759397506713867,200
479,42,5.255196932315206e-05,0.10558683425188065,0.06371232122182846,0.14746133983135223,200
480,42,5.2135920365496226e-05,0.10616013407707214,0.06436358392238617,0.14795668423175812,200
481,42,4.6439140836203784e-05,0.1057879626750946,0.06419209390878677,0.14738383889198303,200
482,42,4.9138769099954516e-05,0.1058453693985939,0.0637497827410698,0.14794094860553741,200
483,42,4.734633330372162e-05,0.10542725026607513,0.06413604319095612,0.14671844244003296,200
484,42,4.381891024725822e-05,0.10549306869506836,0.06388507038354874,0.14710107445716858,200
485,42,4.535373348820334e-05,0.1056494414806366,0.06393631547689438,0.1473625749349594,200
486,42,4.293721334155028e-05,0.10579849779605865,0.06397152692079544,0.14762544631958008,200
487,42,4.188616185274441e-05,0.10549314320087433,0.06374707072973251,0.14723919332027435,200
488,42,4.258349205580695e-05,0.10558303445577621,0.06371636688709259,0.14744970202445984,200
489,42,4.743350655189715e-05,0.10520350188016891,0.06378386914730072,0.1466231346130371,200
490,42,4.95517172870071e-05,0.10563264787197113,0.06381972134113312,0.14744557440280914,200
491,42,5.010698441765271e-05,0.10565018653869629,0.06413307040929794,0.14716731011867523,200
492,42,5.00852778107704e-05,0.1056944951415062,0.06372810155153275,0.14766088128089905,200
493,42,5.120432130449141e-05,0.10538402199745178,0.063807412981987,0.14696063101291656,200
494,42,4.527655861844929e-05,0.10539345443248749,0.06388190388679504,0.14690500497817993,200
495,42,4.683925120237594e-05,0.10518418997526169,0.06360792368650436,0.1467604637145996,200
496,42,4.349075000694332e-05,0.10550803691148758,0.0638226643204689,0.14719340205192566,200
497,42,4.8369376600021496e-05,0.10583489388227463,0.06410757452249527,0.14756223559379578,200
498,42,4.769596732027518e-05,0.10525620728731155,0.06391440331935883,0.14659801125526428,200
499,42,4.725992403109558e-05,0.10492395609617233,0.06397842615842819,0.14586949348449707,200
500,42,4.642715187704501e-05,0.10532581061124802,0.0637994036078453,0.14685222506523132,200
501,42,5.352505225649414e-05,0.10528858751058578,0.0637814998626709,0.14679566025733948,200
502,42,4.527777309704106e-05,0.10533397644758224,0.06411190330982208,0.1465560644865036,200
503,42,4.171601540292613e-05,0.10517266392707825,0.06379897147417068,0.1465463638305664,200
504,42,4.394119120358179e-05,0.10536562651395798,0.06365139782428741,0.14707987010478973,200
505,42,4.131752939429134e-05,0.10501131415367126,0.06382822245359421,0.14619439840316772,200
506,42,4.5310191732520856e-05,0.10506723821163177,0.06371063739061356,0.1464238464832306,200
507,42,4.949465195143906e-05,0.10555271804332733,0.0640885978937149,0.14701683819293976,200
508,42,5.118013117074346e-05,0.1052437499165535,0.06419483572244644,0.14629265666007996,200
509,42,4.278918095224071e-05,0.10519256442785263,0.06400951743125916,0.1463756263256073,200
510,42,4.277646318466092e-05,0.10542380064725876,0.06426543742418289,0.14658215641975403,200
511,42,3.9591894164914265e-05,0.10497104376554489,0.06360381096601486,0.14633826911449432,200
512,42,4.065793048842655e-05,0.1046273410320282,0.06341570615768433,0.14583897590637207,200
513,42,4.363415913151888e-05,0.10561787337064743,0.06428968161344528,0.14694605767726898,200
514,42,4.54689834441524e-05,0.10540361702442169,0.06412892043590546,0.14667828381061554,200
515,42,4.119889975603049e-05,0.10517089813947678,0.06382443010807037,0.14651736617088318,200
516,42,4.029380094531613e-05,0.10488312691450119,0.06369634717702866,0.14606991410255432,200
517,42,4.299979506564947e-05,0.10481015592813492,0.0635041669011116,0.14611612260341644,200
518,42,3.884026106485786e-05,0.10523250699043274,0.06409601122140884,0.14636899530887604,200
519,42,4.097072329993049e-05,0.10503046214580536,0.06383571773767471,0.1462251991033554,200
520,42,3.986446730171641e-05,0.10482427477836609,0.06365647166967392,0.14599207043647766,200
521,42,4.1131129667822584e-05,0.10479404777288437,0.06398369371891022,0.14560440182685852,200
522,42,4.08760788559448e-05,0.10504025965929031,0.06374789774417877,0.14633260667324066,200
523,42,4.3331505973280095e-05,0.1048487201333046,0.06363913416862488,0.14605830609798431,200
524,42,4.1341692849528044e-05,0.10531849414110184,0.06416651606559753,0.14647047221660614,200
525,42,4.23574395730005e-05,0.10492154955863953,0.06385768204927444,0.145985409617424,200
526,42,4.486568165399755e-05,0.10483190417289734,0.06384139508008957,0.14582239091396332,200
527,42,3.554666091076797e-05,0.1051936149597168,0.06430233269929886,0.14608488976955414,200
528,42,4.5460177110120035e-05,0.10511153191328049,0.0640951618552208,0.14612790942192078,200
529,42,3.81641075364314e-05,0.104680135846138,0.06405788660049438,0.14530237019062042,200
530,42,4.7741690650582314e-05,0.10529033094644547,0.06423832476139069,0.14634233713150024,200
531,42,4.121380940584155e-05,0.10502921789884567,0.06413273513317108,0.14592568576335907,200
532,42,4.322612221585587e-05,0.10473383218050003,0.06399734318256378,0.14547032117843628,200
533,42,3.509480726885764e-05,0.10486145317554474,0.06392952054738998,0.1457933932542801,200
534,42,3.759020910365507e-05,0.10462979972362518,0.06363552808761597,0.1456240713596344,200
535,42,4.132445368062084e-05,0.10478080064058304,0.06376652419567108,0.145795077085495,200
536,42,3.4848188685524896e-05,0.10450103878974915,0.0635552778840065,0.1454468071460724,200
537,42,4.071696639584843e-05,0.1045575812458992,0.06358416378498077,0.14553098380565643,200
538,42,3.551375266397372e-05,0.10437355190515518,0.06381635367870331,0.14493075013160706,200
539,42,3.480630887982746e-05,0.10460979491472244,0.06382978707551956,0.14538981020450592,200
540,42,3.3263431760133244e-05,0.10456908494234085,0.06372465193271637,0.14541350305080414,200
541,42,3.464072566809288e-05,0.10437062382698059,0.06364026665687561,0.14510099589824677,200
542,42,3.7304296711226925e-05,0.10433327406644821,0.06372760981321335,0.14493896067142487,200
543,42,3.625239151006099e-05,0.10454462468624115,0.06361263245344162,0.14547660946846008,200
544,42,3.852402308742361e-05,0.10474513471126556,0.0638909563422203,0.14559932053089142,200
545,42,4.011822481212827e-05,0.10412466526031494,0.06352735310792923,0.14472196996212006,200
546,42,4.295876351534389e-05,0.10461331903934479,0.06373617053031921,0.14549046754837036,200
547,42,4.232105796594018e-05,0.10456731915473938,0.06398005783557892,0.14515458047389984,200
548,42,3.897300484823063e-05,0.10400974750518799,0.06335928291082382,0.14466021955013275,200
549,42,4.1834071453195065e-05,0.1044536605477333,0.06358273327350616,0.14532457292079926,200
550,42,4.6264455401493855e-05,0.1045280322432518,0.06407365202903748,0.14498241245746613,200
551,42,5.0559722391578056e-05,0.10446136444807053,0.06335087865591049,0.14557185769081116,200
552,42,5.485058136400767e-05,0.10449852794408798,0.06396564841270447,0.1450314223766327,200
553,42,4.647933383239433e-05,0.10411223024129868,0.06393972784280777,0.1442847102880478,200
554,42,4.304448520997539e-05,0.10393668711185455,0.06328894942998886,0.14458443224430084,200
555,42,4.418418696635248e-05,0.10415617376565933,0.0640827938914299,0.14422957599163055,200
556,42,4.660072590922937e-05,0.10456131398677826,0.06389566510915756,0.14522697031497955,200
557,42,4.7475502166586615e-05,0.1035018116235733,0.06307129561901093,0.14393234252929688,200
558,42,4.6908124204492196e-05,0.10417626798152924,0.06371065974235535,0.14464187622070312,200
559,42,4.419724912925934e-05,0.10472019761800766,0.06421592831611633,0.1452244371175766,200
560,42,5.1311128724288814e-05,0.10403118282556534,0.06390462070703506,0.14415773749351501,200
561,42,4.531625260521347e-05,0.10388824343681335,0.06377405673265457,0.14400242269039154,200
562,42,3.547421753561745e-05,0.10416750609874725,0.06363026797771454,0.14470475912094116,200
563,42,3.9816105830444336e-05,0.10402809828519821,0.06343311816453934,0.14462308585643768,200
564,42,3.3850421459646896e-05,0.10414140671491623,0.06374015659093857,0.14454267919063568,200
565,42,3.869591334175008e-05,0.10422368347644806,0.06406997889280319,0.14437738060951233,200
566,42,3.248203453646662e-05,0.10449837148189545,0.06387943774461746,0.14511729776859283,200
567,42,3.2012155619061865e-05,0.10379169881343842,0.06382656842470169,0.14375682175159454,200
568,42,3.7183652845366545e-05,0.10369376093149185,0.06361166387796402,0.14377586543560028,200
569,42,3.1889003366813995e-05,0.10446826368570328,0.06386483460664749,0.14507170021533966,200
570,42,2.989546010212507e-05,0.10374605655670166,0.06369230151176453,0.1437998116016388,200
571,42,3.238138378947042e-05,0.10376884043216705,0.06354961544275284,0.14398807287216187,200
572,42,3.334461992684131e-05,0.10407280921936035,0.06387735903263092,0.1442682445049286,200
573,42,3.232236485928297e-05,0.10396099090576172,0.06388816982507706,0.14403381943702698,200
574,42,3.1137168965263605e-05,0.10405317693948746,0.06371398270130157,0.14439238607883453,200
575,42,3.122712102291795e-05,0.10377060621976852,0.06381747871637344,0.143723726272583,200
576,42,3.449283152197798e-05,0.10374465584754944,0.06339628249406815,0.14409303665161133,200
577,42,3.624868986662477e-05,0.1038351058959961,0.06376419961452484,0.14390601217746735,200
578,42,3.689255390781909e-05,0.10416697710752487,0.06380349397659302,0.14453047513961792,200
579,42,3.841514383869556e-05,0.10350581258535385,0.06361827254295349,0.14339333772659302,200
580,42,3.972220292780548e-05,0.1038498654961586,0.06397902220487595,0.14372070133686066,200
581,42,4.221204532465587e-05,0.10345838963985443,0.06373696774244308,0.14317980408668518,200
582,42,4.8436259021400474e-05,0.1038287952542305,0.0638706237077713,0.1437869668006897,200
583,42,5.33264028490521e-05,0.10342679917812347,0.06356873363256454,0.143284872174263,200
584,42,4.4940708903595805e-05,0.1034717932343483,0.06381899863481522,0.14312459528446198,200
585,42,6.156341138800296e-05,0.10357877612113953,0.0637408047914505,0.14341674745082855,200
586,42,3.790810781841477e-05,0.1032601073384285,0.0633401945233345,0.1431800276041031,200
587,42,4.356793336531458e-05,0.10361671447753906,0.06394124776124954,0.14329218864440918,200
588,42,4.5168077728400626e-05,0.10349758714437485,0.06371396780014038,0.14328119158744812,200
589,42,3.677273101250952e-05,0.10299661755561829,0.0632886216044426,0.142704576253891,200
590,42,3.3335477079769284e-05,0.10299670696258545,0.06388962268829346,0.14210380613803864,200
591,42,3.484026274236385e-05,0.10326846688985825,0.06344897300004959,0.1430879384279251,200
592,42,3.88625946167546e-05,0.10313323140144348,0.06381337344646454,0.1424531191587448,200
593,42,3.4596796467667446e-05,0.1033988669514656,0.06393082439899445,0.14286689460277557,200
594,42,2.9157693158291902e-05,0.10317756980657578,0.06361283361911774,0.142742320895195,200
595,42,3.5701930755749345e-05,0.10356898605823517,0.06393947452306747,0.14319850504398346,200
596,42,2.9678937304803792e-05,0.10370181500911713,0.06406593322753906,0.1433376967906952,200
597,42,2.7870034803830396e-05,0.10274616628885269,0.06351051479578018,0.1419818252325058,200
598,42,3.244615982112009e-05,0.10305067896842957,0.0635039433836937,0.14259742200374603,200
599,42,3.063304514701789e-05,0.10324797034263611,0.06371616572141647,0.14277976751327515,200
600,42,3.3064668362688586e-05,0.10317487269639969,0.06370090693235397,0.1426488310098648,200
601,42,3.2332940463675186e-05,0.1028459221124649,0.0637165755033493,0.1419752687215805,200
602,42,3.257721558232637e-05,0.10266155749559402,0.06369426846504211,0.14162883162498474,200
603,42,2.9491264892082352e-05,0.10331456363201141,0.06385781615972519,0.14277131855487823,200
604,42,2.8966590737885174e-05,0.10286573320627213,0.063479945063591,0.14225152134895325,200
605,42,2.9048023558668017e-05,0.10272567719221115,0.06359172612428665,0.14185962080955505,200
606,42,2.7929535159879986e-05,0.10292140394449234,0.06391198933124542,0.14193083345890045,200
607,42,3.366124292369932e-05,0.102481409907341,0.06366565078496933,0.14129717648029327,200
608,42,2.9401394082621362e-05,0.10276983678340912,0.06350716948509216,0.1420324742794037,200
609,42,2.7600535759120248e-05,0.10267391800880432,0.06375192105770111,0.14159592986106873,200
610,42,3.008599378517829e-05,0.10249962657690048,0.06366105377674103,0.14133819937705994,200
611,42,2.6931455370989472e-05,0.10249659419059753,0.06361175328493118,0.14138144254684448,200
612,42,2.8393772784814548e-05,0.10254877060651779,0.06372573226690292,0.14137183129787445,200
613,42,3.110347158023311e-05,0.10238781571388245,0.06325329095125198,0.1415223330259323,200
614,42,3.17153080686694e-05,0.1023697704076767,0.06346237659454346,0.14127714931964874,200
615,42,2.9473400597150128e-05,0.10234543681144714,0.06352947652339935,0.14116139709949493,200
616,42,2.800519784310988e-05,0.10226462036371231,0.06337883323431015,0.14115040004253387,200
617,42,3.4833882940195814e-05,0.10223600268363953,0.06338632106781006,0.141085684299469,200
618,42,3.1353749363915995e-05,0.10243202745914459,0.06381003558635712,0.14105400443077087,200
619,42,2.843134037296598e-05,0.10242804139852524,0.06342539936304092,0.14143067598342896,200
620,42,2.641551994505183e-05,0.10207905620336533,0.06322956085205078,0.14092855155467987,200
621,42,3.311770281773837e-05,0.10207048058509827,0.06333865225315094,0.1408023089170456,200
622,42,3.308582745376043e-05,0.10228195041418076,0.06358214467763901,0.1409817487001419,200
623,42,2.7415918035937164e-05,0.10202271491289139,0.06355289369821548,0.1404925435781479,200
624,42,2.9398932989958364e-05,0.10189736634492874,0.06344785541296005,0.14034685492515564,200
625,42,3.0297098419396207e-05,0.10189556330442429,0.06364323198795319,0.14014790952205658,200
626,42,2.9735921392178472e-05,0.1020035594701767,0.06357485055923462,0.14043228328227997,200
627,42,3.0508953689907987e-05,0.10182568430900574,0.0636202022433281,0.1400311440229416,200
628,42,3.5261820206263415e-05,0.1021057590842247,0.0639665499329567,0.1402449756860733,200
629,42,2.9487310409119043e-05,0.10201624035835266,0.06370674818754196,0.14032573997974396,200
630,42,3.42092074182195e-05,0.1021413654088974,0.06340918689966202,0.140873521566391,200
631,42,3.14122820176029e-05,0.10217800736427307,0.06331826746463776,0.1410377472639084,200
632,42,3.1460671380045824e-05,0.10145922005176544,0.06304094940423965,0.13987748324871063,200
633,42,2.897254853451159e-05,0.10152740031480789,0.06344053149223328,0.1396142691373825,200
634,42,2.6961036079834837e-05,0.10157520323991776,0.0633510872721672,0.1397993266582489,200
635,42,3.003688531559116e-05,0.10162920504808426,0.06324364989995956,0.14001475274562836,200
636,42,2.8848696577673156e-05,0.10187225043773651,0.06348561495542526,0.14025887846946716,200
637,42,2.7555322958505712e-05,0.10147199034690857,0.06305872648954391,0.13988524675369263,200
638,42,2.9409816609889578e-05,0.10104525834321976,0.06332626193761826,0.13876424729824066,200
639,42,2.8571649333268095e-05,0.1014012023806572,0.06330320239067078,0.13949920237064362,200
640,42,2.9637729312526062e-05,0.10133855044841766,0.06311306357383728,0.13956406712532043,200
641,42,3.176430557990292e-05,0.1017741784453392,0.06376317888498306,0.13978515565395355,200
642,42,3.7747760264513396e-05,0.10113885998725891,0.06346942484378815,0.13880828022956848,200
643,42,4.3517422454897314e-05,0.10174259543418884,0.06332513689994812,0.14016005396842957,200
644,42,3.768890322438286e-05,0.1016654297709465,0.06357384473085403,0.13975702226161957,200
645,42,3.5887038393411785e-05,0.10150809586048126,0.06347519904375076,0.13954098522663116,200
646,42,3.5515726267476566e-05,0.10165915638208389,0.06330480426549911,0.14001350104808807,200
647,42,3.704391807938615e-05,0.10073879361152649,0.06308195739984512,0.13839563727378845,200
648,42,4.577149714653691e-05,0.10180862247943878,0.06352423131465912,0.14009301364421844,200
649,42,4.981342014313365e-05,0.10196461528539658,0.06402290612459183,0.13990633189678192,200
650,42,4.941584605451984e-05,0.10083084553480148,0.06329052150249481,0.13837118446826935,200
651,42,5.063687785877846e-05,0.10142291337251663,0.06314794719219208,0.13969789445400238,200
652,42,4.8839696925521516e-05,0.10164666920900345,0.0635499507188797,0.1397433876991272,200
653,42,4.8644482982732974e-05,0.10187659412622452,0.06353805959224701,0.14021514356136322,200
654,42,5.391414015321061e-05,0.10158075392246246,0.06345006823539734,0.1397114396095276,200
655,42,5.351481377147138e-05,0.10101751983165741,0.06363742798566818,0.13839761912822723,200
656,42,5.0734470278257504e-05,0.10109197348356247,0.06311863660812378,0.13906531035900116,200
657,42,4.9304726417176425e-05,0.1011342853307724,0.06345120817422867,0.13881736993789673,200
658,42,4.960678779752925e-05,0.10111619532108307,0.06411855667829514,0.1381138414144516,200
659,42,6.180169051125024e-05,0.10123585164546967,0.0630217045545578,0.13944999873638153,200
660,42,7.363650850796451e-05,0.1009976789355278,0.06344883143901825,0.13854651153087616,200
661,42,8.733522311861937e-05,0.10059347003698349,0.06344965100288391,0.13773730397224426,200
662,42,7.25069464048526e-05,0.10037745535373688,0.06341670453548431,0.13733820617198944,200
663,42,6.852775065150733e-05,0.10104255378246307,0.06429661065340042,0.13778850436210632,200
664,42,6.467127726258089e-05,0.10112030059099197,0.0635964572429657,0.13864414393901825,200
665,42,6.446717088692822e-05,0.10021936148405075,0.06323862820863724,0.13720010221004486,200
666,42,5.4672885501834877e-05,0.10031735152006149,0.06396763026714325,0.13666705787181854,200
667,42,5.7389861467527226e-05,0.10120900720357895,0.06428240984678268,0.138135626912117,200
668,42,5.0376040841607996e-05,0.10107005387544632,0.06422318518161774,0.1379169076681137,200
669,42,4.025795957810866e-05,0.10041527450084686,0.06339719146490097,0.13743336498737335,200
670,42,3.4429354248762443e-05,0.10045966506004333,0.06286623328924179,0.13805308938026428,200
671,42,3.638901155985271e-05,0.0995878055691719,0.06296560168266296,0.13621000945568085,200
672,42,3.8743478701993204e-05,0.10036562383174896,0.06318777054548264,0.1375434547662735,200
673,42,3.6511805471188076e-05,0.10060993582010269,0.06369543075561523,0.13752444088459015,200
674,42,3.209345353146394e-05,0.09979178756475449,0.0633210837841034,0.13626250624656677,200
675,42,4.484613236854784e-05,0.10003639757633209,0.06285029649734497,0.1372225135564804,200
676,42,4.601692489814013e-05,0.10095850378274918,0.06427670270204544,0.13764029741287231,200
677,42,3.853239286399912e-05,0.10042529553174973,0.06357564777135849,0.13727495074272156,200
678,42,3.997081997416293e-05,0.09987780451774597,0.06277545541524887,0.13698014616966248,200
679,42,4.4072725965330996e-05,0.09993961453437805,0.06324680149555206,0.13663244247436523,200
680,42,3.87604074300422e-05,0.10061439126729965,0.06362346559762955,0.13760527968406677,200
681,42,4.745659801604537e-05,0.10031433403491974,0.06381448358297348,0.1368141770362854,200
682,42,4.6186007239157334e-05,0.09956762194633484,0.06291517615318298,0.1362200528383255,200
683,42,3.994682750393016e-05,0.09976910799741745,0.06256921589374542,0.13696901500225067,200
684,42,4.4216934232584513e-05,0.10034461319446564,0.06343469023704529,0.1372545212507248,200
685,42,3.357964184639665e-05,0.10054368525743484,0.06378603726625443,0.13730131089687347,200
686,42,3.857505362248048e-05,0.10001840442419052,0.06356494128704071,0.13647188246250153,200
687,42,3.691799732526609e-05,0.10018906742334366,0.06350573897361755,0.13687238097190857,200
688,42,3.875484920475477e-05,0.10000931471586227,0.06311658769845963,0.13690203428268433,200
689,42,3.2094642544204056e-05,0.10017912834882736,0.06368405371904373,0.13667422533035278,200
690,42,2.825180733149561e-05,0.10065022855997086,0.06340690702199936,0.13789357244968414,200
691,42,3.202875692901822e-05,0.09984339028596878,0.0631757453083992,0.13651104271411896,200
692,42,3.235573725154003e-05,0.10009798407554626,0.06393351405858994,0.136262446641922,200
693,42,2.7619129468803294e-05,0.10025777667760849,0.06339314579963684,0.13712240755558014,200
694,42,3.2256104532280006e-05,0.09984292834997177,0.06360505521297455,0.1360808163881302,200
695,42,2.9242735157216277e-05,0.0996064618229866,0.06331600993871689,0.13589690625667572,200
696,42,2.9985358196427114e-05,0.09992901235818863,0.0632251426577568,0.13663288950920105,200
697,42,2.6434750301026117e-05,0.09979912638664246,0.06338649243116379,0.13621176779270172,200
698,42,3.104508080771969e-05,0.09990063309669495,0.06299111247062683,0.13681016862392426,200
699,42,3.235274319498179e-05,0.10010014474391937,0.06332901865243912,0.13687126338481903,200
700,42,3.4170253760142565e-05,0.09949547797441483,0.06275530904531479,0.13623563945293427,200
701,42,3.929975415909818e-05,0.09967147558927536,0.06335070729255676,0.13599224388599396,200
702,42,3.524494240991771e-05,0.09990986436605453,0.06349177658557892,0.13632793724536896,200
703,42,2.99850429049305e-05,0.09957606345415115,0.0633048340678215,0.1358473002910614,200
704,42,2.8002775555554155e-05,0.09900388866662979,0.06298068910837173,0.13502709567546844,200
705,42,2.9041402134074208e-05,0.09974384307861328,0.0632554367184639,0.13623224198818207,200
706,42,3.7160937305695065e-05,0.09951364994049072,0.06331059336662292,0.13571670651435852,200
707,42,4.282084349445844e-05,0.09956560283899307,0.06319402158260345,0.1359371840953827,200
708,42,4.177155036207599e-05,0.09969732165336609,0.0632007047533989,0.13619394600391388,200
709,42,4.592701588990167e-05,0.09923510253429413,0.06334199011325836,0.1351282149553299,200
710,42,3.08344539613851e-05,0.09946700930595398,0.06349107623100281,0.13544292747974396,200
711,42,2.9990400435053743e-05,0.099626325070858,0.06324850767850876,0.13600414991378784,200
712,42,3.396466369546639e-05,0.09960683435201645,0.06340627372264862,0.13580738008022308,200
713,42,4.958752106176689e-05,0.09976448863744736,0.06334793567657471,0.1361810564994812,200
714,42,7.218528844532557e-05,0.09907481074333191,0.06252501159906387,0.13562461733818054,200
715,42,6.207980550243519e-05,0.09908081591129303,0.06325820833444595,0.1349034160375595,200
716,42,8.0285212485857e-05,0.10028080642223358,0.06430690735578537,0.13625472784042358,200
717,42,9.841042386445527e-05,0.09917502105236053,0.06302904337644577,0.1353209912776947,200
718,42,8.266195436590351e-05,0.09911977499723434,0.0637015849351883,0.1345379650592804,200
719,42,6.877379928482696e-05,0.09959230571985245,0.06355598568916321,0.13562864065170288,200
720,42,4.328859116261204e-05,0.1000998467206955,0.06433064490556717,0.13586905598640442,200
721,42,4.534721665550023e-05,0.09923119843006134,0.06352805346250534,0.13493433594703674,200
722,42,4.1154339366282024e-05,0.09894303977489471,0.06300400197505951,0.13488207757472992,200
723,42,5.105632953927852e-05,0.09953616559505463,0.06327228993177414,0.1358000487089157,200
724,42,4.6217171378278486e-05,0.09910277277231216,0.06310725212097168,0.13509829342365265,200
725,42,5.206393810415951e-05,0.0989978015422821,0.06300392001867294,0.13499167561531067,200
726,42,4.123386194502624e-05,0.09878683090209961,0.06321536004543304,0.13435830175876617,200
727,42,3.092615952482447e-05,0.09970113635063171,0.06410351395606995,0.13529875874519348,200
728,42,3.229392799160754e-05,0.09904509037733078,0.06343311071395874,0.134657084941864,200
729,42,2.5524956072331406e-05,0.09896697103977203,0.06323831528425217,0.1346956193447113,200
730,42,2.8970591301913373e-05,0.09859326481819153,0.06297541409730911,0.13421110808849335,200
731,42,2.750480659112024e-05,0.09857535362243652,0.06299562007188797,0.13415509462356567,200
732,42,2.6735257658098515e-05,0.09916020184755325,0.06334256380796432,0.13497783243656158,200
733,42,2.921301832733055e-05,0.09855472296476364,0.06276211887598038,0.1343473345041275,200
734,42,3.015278040644868e-05,0.09878043085336685,0.0630863681435585,0.1344745010137558,200
735,42,2.7518764909473248e-05,0.09894684702157974,0.06340326368808746,0.13449043035507202,200
736,42,2.4637499639842037e-05,0.09876749664545059,0.06297164410352707,0.13456334173679352,200
737,42,2.3668714978460532e-05,0.09881591796875,0.0632227286696434,0.1344091296195984,200
738,42,2.305804567489152e-05,0.09875106811523438,0.06310958415269852,0.13439254462718964,200
739,42,2.580506043159403e-05,0.09872785210609436,0.06308809667825699,0.13436761498451233,200
740,42,2.4261703705027077e-05,0.09860841184854507,0.06307750195264816,0.1341393142938614,200
741,42,3.100669103635786e-05,0.098793163895607,0.0634191632270813,0.1341671645641327,200
742,42,3.464590190560557e-05,0.09908019006252289,0.0633402168750763,0.1348201483488083,200
743,42,4.697284506012996e-05,0.09895526617765427,0.06354082375764847,0.13436971604824066,200
744,42,3.4887692891061306e-05,0.09853367507457733,0.0634271502494812,0.13364019989967346,200
745,42,3.468669031766088e-05,0.09893355518579483,0.06311693787574768,0.1347501575946808,200
746,42,3.283648220531177e-05,0.09861297905445099,0.06292299926280975,0.13430295884609222,200
747,42,3.0610697043205924e-05,0.09877531975507736,0.06359602510929108,0.13395461440086365,200
748,42,4.315091913061527e-05,0.0986558049917221,0.06341911107301712,0.1338924914598465,200
749,42,3.9474208582153857e-05,0.09847065806388855,0.06295179575681686,0.13398951292037964,200
750,42,3.541023518967753e-05,0.09881877899169922,0.0633692815899849,0.13426825404167175,200
751,42,2.6882855308940634e-05,0.09872187674045563,0.06342638283967972,0.13401737809181213,200
752,42,4.045502889008882e-05,0.09810326248407364,0.06303338706493378,0.1331731379032135,200
753,42,2.8274518020528678e-05,0.09842667728662491,0.06316521018743515,0.13368813693523407,200
754,42,2.963797972673395e-05,0.09858615696430206,0.06303693354129791,0.1341353952884674,200
755,42,2.9698930423667964e-05,0.09813074767589569,0.06320200115442276,0.13305948674678802,200
756,42,3.0172497038923513e-05,0.09843190759420395,0.06357423961162567,0.13328957557678223,200
757,42,3.7615128045824044e-05,0.09840545058250427,0.06306983530521393,0.13374106585979462,200
758,42,3.532633612242838e-05,0.09783511608839035,0.06311516463756561,0.1325550675392151,200
759,42,3.441203019368307e-05,0.09780401736497879,0.062998928129673,0.13260911405086517,200
760,42,2.7153288101544604e-05,0.09812404215335846,0.06311740726232529,0.13313069939613342,200
761,42,2.6850302674574777e-05,0.09820326417684555,0.06316038966178894,0.13324612379074097,200
762,42,2.462222376683106e-05,0.09811820834875107,0.06303334981203079,0.13320305943489075,200
763,42,3.0707238693139516e-05,0.09828649461269379,0.06332473456859589,0.1332482546567917,200
764,42,3.3189013871985175e-05,0.09792958945035934,0.06283822655677795,0.13302095234394073,200
765,42,2.9604377535482247e-05,0.09827547520399094,0.06310712546110153,0.13344383239746094,200
766,42,3.342124000482727e-05,0.09797191619873047,0.06341827660799026,0.13252557814121246,200
767,42,3.84170610535269e-05,0.09746066480875015,0.06251619756221771,0.1324051320552826,200
768,42,3.234506160273062e-05,0.09809602051973343,0.06300242245197296,0.1331896185874939,200
769,42,3.320680540734126e-05,0.098548524081707,0.06362085044384003,0.13347619771957397,200
770,42,3.681844888584843e-05,0.09761869162321091,0.06306471675634384,0.13217264413833618,200
771,42,3.523998748278245e-05,0.09761440753936768,0.0626358687877655,0.13259294629096985,200
772,42,3.2677768710224577e-05,0.09809594601392746,0.06335394829511642,0.1328379511833191,200
773,42,3.970444837856727e-05,0.09812220931053162,0.06352115422487259,0.13272327184677124,200
774,42,3.378936283600827e-05,0.09797455370426178,0.06337480992078781,0.13257430493831635,200
775,42,2.976682238416591e-05,0.09778927266597748,0.0626859962940216,0.13289254903793335,200
776,42,3.4462598705431446e-05,0.0976119264960289,0.06299763917922974,0.13222621381282806,200
777,42,3.347753651420741e-05,0.09852803498506546,0.06404398381710052,0.1330120712518692,200
778,42,2.8494325912712764e-05,0.09802615642547607,0.06307432055473328,0.13297799229621887,200
779,42,2.9188008435691398e-05,0.09783937782049179,0.06330201774835587,0.13237673044204712,200
780,42,3.174590104511784e-05,0.09803254157304764,0.06316749006509781,0.13289760053157806,200
781,42,3.191264477209188e-05,0.0980985164642334,0.06317296624183655,0.13302406668663025,200
782,42,3.587245737435296e-05,0.09811388701200485,0.06361131370067596,0.13261646032333374,200
783,42,3.668182762339711e-05,0.09765133261680603,0.06281538307666779,0.13248726725578308,200
784,42,3.2150848710443825e-05,0.09803223609924316,0.06292001903057098,0.13314443826675415,200
785,42,3.5526328550380036e-05,0.09747403115034103,0.06285277754068375,0.13209527730941772,200
786,42,3.593616929720156e-05,0.09749093651771545,0.06321217119693756,0.13176970183849335,200
787,42,2.943155656491096e-05,0.09763166308403015,0.06302203238010406,0.13224130868911743,200
788,42,3.153004521057786e-05,0.0977879986166954,0.06328993290662766,0.13228607177734375,200
789,42,2.7045586951620255e-05,0.09776568412780762,0.06298811733722687,0.13254326581954956,200
790,42,2.698313740741772e-05,0.09765146672725677,0.06337889283895493,0.13192404806613922,200
791,42,2.872979833531038e-05,0.09768017381429672,0.06301650404930115,0.1323438584804535,200
792,42,3.105841824435629e-05,0.09771707653999329,0.0627959743142128,0.13263817131519318,200
793,42,2.9838243790436536e-05,0.09792531281709671,0.0633375272154808,0.13251309096813202,200
794,42,4.1816107720175445e-05,0.09710798412561417,0.06275622546672821,0.13145975768566132,200
795,42,3.261084323942972e-05,0.09771909564733505,0.06338359415531158,0.1320546269416809,200
796,42,3.526218885478253e-05,0.09812255203723907,0.06325457990169525,0.1329905092716217,200
797,42,3.6968653754835636e-05,0.0976824089884758,0.06360699981451035,0.13175781071186066,200
798,42,4.159481371364867e-05,0.09720700234174728,0.06305375695228577,0.1313602477312088,200
799,42,4.7397214075317606e-05,0.09717397391796112,0.0624685175716877,0.13187943398952484,200
800,42,4.855091598680398e-05,0.09705332666635513,0.06295748054981232,0.13114918768405914,200
801,42,6.857333755760919e-05,0.09823095053434372,0.06339135766029358,0.13307052850723267,200
802,42,5.012203231065845e-05,0.09784018248319626,0.0630425363779068,0.13263782858848572,200
803,42,4.5113401938579045e-05,0.09673665463924408,0.062319230288267136,0.13115407526493073,200
804,42,6.8702619804147e-05,0.09781523048877716,0.06379006803035736,0.13184039294719696,200
805,42,0.0001089095991725723,0.09684371203184128,0.0626019760966301,0.13108545541763306,200
806,42,6.829826452303678e-05,0.09725264459848404,0.06277023255825043,0.13173505663871765,200
807,42,5.2621506862730406e-05,0.0970831885933876,0.0638192892074585,0.13034707307815552,200
808,42,5.02832917845808e-05,0.09713166207075119,0.06327654421329498,0.1309867948293686,200
809,42,5.164441366408331e-05,0.09723356366157532,0.06344224512577057,0.13102488219738007,200
810,42,4.934479875373654e-05,0.09646128863096237,0.06258129328489304,0.1303412765264511,200
811,42,5.196647301393872e-05,0.09774085879325867,0.06339213252067566,0.13208958506584167,200
812,42,5.2098918483049296e-05,0.09753037244081497,0.0637098029255867,0.13135094940662384,200
813,42,5.203435163518103e-05,0.0971759781241417,0.06279893219470978,0.1315530240535736,200
814,42,3.423045139546351e-05,0.0969758853316307,0.06311971694231033,0.13083204627037048,200
815,42,3.9316083833303615e-05,0.09665875136852264,0.06309351325035095,0.13022398948669434,200
816,42,2.9435811787455652e-05,0.09649618715047836,0.06266467273235321,0.13032770156860352,200
817,42,2.5103211252523277e-05,0.09706065058708191,0.06295527517795563,0.131166011095047,200
818,42,2.7819283786811866e-05,0.09682390838861465,0.06269941478967667,0.13094839453697205,200
819,42,3.424222025690445e-05,0.09665324538946152,0.06290212273597717,0.13040435314178467,200
820,42,4.0471477404935285e-05,0.09690361469984055,0.0630369558930397,0.13077028095722198,200
821,42,3.304427688514503e-05,0.097330741584301,0.06270518153905869,0.1319563090801239,200
822,42,4.4292549622089915e-05,0.09722089767456055,0.06296297907829285,0.13147881627082825,200
823,42,3.114110162035407e-05,0.09673542529344559,0.06270483881235123,0.13076600432395935,200
824,42,3.9707984493967764e-05,0.09658125042915344,0.06282807886600494,0.13033443689346313,200
825,42,5.0967849650381446e-05,0.09740611165761948,0.06320115923881531,0.13161106407642365,200
826,42,3.8531450021158285e-05,0.09664762020111084,0.06283803284168243,0.13045722246170044,200
827,42,4.861352499574423e-05,0.09605220705270767,0.06268338859081268,0.12942104041576385,200
828,42,4.3915789622891076e-05,0.09617220610380173,0.06267669051885605,0.1296677142381668,200
829,42,4.441998135007452e-05,0.09700196236371994,0.06351971626281738,0.1304842084646225,200
830,42,5.896969378227368e-05,0.09740147739648819,0.06272546201944351,0.13207750022411346,200
831,42,4.2649853033556916e-05,0.09634874016046524,0.06271438300609589,0.1299830973148346,200
832,42,4.302969864511397e-05,0.09543875604867935,0.06248969957232475,0.12838782370090485,200
833,42,4.298240310163237e-05,0.09781613200902939,0.06344452500343323,0.13218775391578674,200
834,42,6.298423007441063e-05,0.09681858867406845,0.06281755119562149,0.13081960380077362,200
835,42,6.156233454627606e-05,0.09448574483394623,0.06257133185863495,0.1264001727104187,200
836,42,8.530018628031637e-05,0.09612388908863068,0.06202598288655281,0.13022178411483765,200
837,42,7.786299102008343e-05,0.0971255749464035,0.062102727591991425,0.13214842975139618,200
838,42,6.408287178298148e-05,0.09581311792135239,0.06302361190319061,0.12860262393951416,200
839,42,9.818615217227489e-05,0.09756862372159958,0.0628439337015152,0.13229329884052277,200
840,42,0.00014781489880988374,0.09676454216241837,0.06264174729585648,0.13088732957839966,200
841,42,0.00011130349351636444,0.09512913972139359,0.06254754215478897,0.1277107447385788,200
842,42,0.00012579587928485125,0.09746010601520538,0.06297706812620163,0.13194313645362854,200
843,42,7.782015745760873e-05,0.09765167534351349,0.06284642219543457,0.1324569284915924,200
844,42,0.0001004680913562576,0.09609605371952057,0.06287038326263428,0.12932173907756805,200
845,42,8.645562532668312e-05,0.09505952149629593,0.062345027923583984,0.12777401506900787,200
846,42,7.336544755768652e-05,0.09566792100667953,0.06205334514379501,0.12928250432014465,200
847,42,7.412100967485458e-05,0.09615996479988098,0.06267222762107849,0.12964768707752228,200
848,42,6.071325818387171e-05,0.09571405500173569,0.06318863481283188,0.1282394826412201,200
849,42,5.1760265099195145e-05,0.09613166004419327,0.06282425671815872,0.1294390708208084,200
850,42,4.8402785372066624e-05,0.0955289825797081,0.06232614442706108,0.128731831908226,200
851,42,5.361182653966049e-05,0.09511096775531769,0.06275802105665207,0.1274639070034027,200
852,42,4.911505129712168e-05,0.09542762488126755,0.06243797764182091,0.1284172683954239,200
853,42,5.154330331909781e-05,0.09580493718385696,0.06351940333843231,0.12809047102928162,200
854,42,6.301282094985557e-05,0.09541530907154083,0.06346289068460464,0.12736772000789642,200
855,42,6.024871011807894e-05,0.09548285603523254,0.062022797763347626,0.12894292175769806,200
856,42,5.3996056522009894e-05,0.09620262682437897,0.06254766136407852,0.12985758483409882,200
857,42,4.4498983697849326e-05,0.09548848122358322,0.06240228936076164,0.1285746842622757,200
858,42,5.365376637200825e-05,0.09730188548564911,0.06333012133836746,0.13127365708351135,200
859,42,4.539924702839926e-05,0.09488067775964737,0.0622597374022007,0.12750162184238434,200
860,42,4.675409339445954e-05,0.0958385020494461,0.06276682019233704,0.12891021370887756,200
861,42,4.4600339606404305e-05,0.09719600528478622,0.06249607354402542,0.13189592957496643,200
862,42,4.76237473776564e-05,0.09563891589641571,0.062163352966308594,0.12911447882652283,200
863,42,4.1555378023379795e-05,0.09619390219449997,0.06266342848539352,0.129724383354187,200
864,42,5.210857489146292e-05,0.09639552235603333,0.0625588521361351,0.13023218512535095,200
865,42,5.251350254790547e-05,0.09516821056604385,0.06268617510795593,0.12765023112297058,200
866,42,5.753887914276371e-05,0.09534524381160736,0.06226124241948128,0.12842923402786255,200
867,42,6.317151079808052e-05,0.09731987118721008,0.06297800689935684,0.13166174292564392,200
868,42,8.434919194163133e-05,0.09362344443798065,0.06225478649139404,0.12499210238456726,200
869,42,0.00015250744278697917,0.09724963456392288,0.06291915476322174,0.13158011436462402,200
870,42,0.00011676063998796356,0.09700438380241394,0.062020327895879745,0.13198843598365784,200
871,42,0.0001252937460473428,0.09479837864637375,0.06294700503349304,0.12664976716041565,200
872,42,0.00014175247633829713,0.098439522087574,0.06305868923664093,0.1338203400373459,200
873,42,0.00011534419900272042,0.0968710407614708,0.06336817890405655,0.13037388026714325,200
874,42,8.97045344269524e-05,0.09492745250463486,0.06298869848251343,0.12686623632907867,200
875,42,0.00010602868860587478,0.09581103175878525,0.06248270720243454,0.12913936376571655,200
876,42,9.664093643853751e-05,0.09529562294483185,0.06233328953385353,0.12825794517993927,200
877,42,8.408567373408005e-05,0.09549135714769363,0.06320063024759293,0.12778209149837494,200
878,42,8.146112547062027e-05,0.09716212004423141,0.06359892338514328,0.13072530925273895,200
879,42,7.958603479589026e-05,0.09589403122663498,0.06219390779733658,0.12959414720535278,200
880,42,6.810855848016217e-05,0.0944480374455452,0.06173180043697357,0.12716427445411682,200
881,42,5.476274479102964e-05,0.09655651450157166,0.06323645263910294,0.12987656891345978,200
882,42,6.440064801912133e-05,0.09504928439855576,0.06322051584720612,0.1268780529499054,200
883,42,5.231346585787833e-05,0.09449473023414612,0.061980970203876495,0.12700849771499634,200
884,42,4.546029352544186e-05,0.0955856665968895,0.0618247464299202,0.129346564412117,200
885,42,5.360712869636094e-05,0.0946156308054924,0.06255724281072617,0.12667401134967804,200
886,42,6.870206076807032e-05,0.09520341455936432,0.06253653764724731,0.12787029147148132,200
887,42,4.387149359293593e-05,0.0951198861002922,0.06206131726503372,0.1281784474849701,200
888,42,5.832121314597316e-05,0.0952695831656456,0.06299926340579987,0.12753991782665253,200
889,42,4.978922273342808e-05,0.09485162049531937,0.06205889210104942,0.127644345164299,200
890,42,5.374373965120564e-05,0.0956868976354599,0.06307734549045563,0.12829644978046417,200
891,42,3.6543945801289134e-05,0.09478352963924408,0.06181199103593826,0.1277550756931305,200
892,42,4.1466355469310656e-05,0.09446784853935242,0.06241973489522934,0.1265159547328949,200
893,42,5.9004617166162156e-05,0.0952509418129921,0.0631755068898201,0.1273263841867447,200
894,42,4.573824298859108e-05,0.0959547832608223,0.06280626356601715,0.12910330295562744,200
895,42,5.507262540049851e-05,0.09523811936378479,0.06181981787085533,0.12865641713142395,200
896,42,4.954845644533634e-05,0.09377538412809372,0.06184975057840347,0.12570102512836456,200
897,42,6.081109192261162e-05,0.09618529677391052,0.06329455971717834,0.1290760338306427,200
898,42,0.00010109282205424582,0.09480810165405273,0.06256195157766342,0.12705425918102264,200
899,42,9.465752373216674e-05,0.09338690340518951,0.06171189621090889,0.12506192922592163,200
900,42,9.587696937766547e-05,0.09538201987743378,0.062298256903886795,0.12846578657627106,200
901,42,7.103301444052097e-05,0.09437767416238785,0.06311242282390594,0.12564294040203094,200
902,42,6.242620293051004e-05,0.0949232429265976,0.06221391633152962,0.12763255834579468,200
903,42,8.557255932828411e-05,0.09596594423055649,0.062342166900634766,0.1295897364616394,200
904,42,8.38208992111807e-05,0.09591532498598099,0.06278025358915329,0.1290503889322281,200
905,42,8.573757925963339e-05,0.09369172900915146,0.06311533600091934,0.12426813691854477,200
906,42,0.00011384142029176776,0.09460297971963882,0.06222295016050339,0.12698300182819366,200
907,42,0.0001192406076976719,0.09618774801492691,0.06324144452810287,0.12913407385349274,200
908,42,0.0002056452358374372,0.0937560498714447,0.06343246251344681,0.1240796372294426,200
909,42,0.00017269837796144807,0.09645285457372665,0.062386881560087204,0.1305188238620758,200
910,42,0.00016703729731185982,0.09350878745317459,0.06139511987566948,0.1256224662065506,200
911,42,0.00010511529399082065,0.09221141785383224,0.0634583979845047,0.12096445262432098,200
912,42,0.00016183589589976086,0.09722929447889328,0.06347806006669998,0.13098053634166718,200
913,42,0.00015192958865857994,0.09630782157182693,0.06340048462152481,0.12921516597270966,200
914,42,0.00017679934777940312,0.09467410296201706,0.061394087970256805,0.12795411050319672,200
915,42,0.00018932523865563175,0.09536615759134293,0.06301767379045486,0.12771464884281158,200
916,42,0.0001412292088692387,0.09402363747358322,0.06252822279930115,0.1255190521478653,200
917,42,0.00019310450200767568,0.09434495121240616,0.06191982701420784,0.12677007913589478,200
918,42,0.00015616827295161784,0.09443386644124985,0.06261198222637177,0.12625575065612793,200
919,42,0.00011338012700434774,0.09630556404590607,0.06273423880338669,0.12987688183784485,200
920,42,0.00017643638420850039,0.09521814435720444,0.061832502484321594,0.12860378623008728,200
921,42,0.00018911472579929978,0.09130197018384933,0.06149102747440338,0.12111292779445648,200
922,42,0.00013198593903022507,0.09597790986299515,0.0640580803155899,0.12789775431156158,200
923,42,0.0001583433234676098,0.09577106684446335,0.06332433968782425,0.12821778655052185,200
924,42,9.772997145773843e-05,0.09144879132509232,0.060869958251714706,0.12202762067317963,200
925,42,0.00011853975108048569,0.09498989582061768,0.062448687851428986,0.12753109633922577,200
926,42,0.00010147000284632668,0.09414047747850418,0.06215754896402359,0.12612341344356537,200
927,42,8.018136577447876e-05,0.0922030434012413,0.061917565762996674,0.12248852103948593,200
928,42,0.00010742423182819039,0.09523177146911621,0.06241185963153839,0.12805166840553284,200
929,42,0.00011196330645664905,0.09337341785430908,0.06151575222611427,0.1252310872077942,200
930,42,0.00011750158106830592,0.09190420061349869,0.062146879732608795,0.12166151404380798,200
931,42,0.0001680538674312023,0.0932171642780304,0.06093554571270943,0.12549880146980286,200
932,42,9.812648689451937e-05,0.09270940721035004,0.0625389888882637,0.12287983298301697,200
933,42,0.00011459385132184252,0.09321538358926773,0.06163667514920235,0.12479410320520401,200
934,42,0.00022875521002182117,0.09335044026374817,0.061782900243997574,0.12491796910762787,200
935,42,0.00014629306679125875,0.0940694808959961,0.06278257817029953,0.12535637617111206,200
936,42,0.0001920153881656006,0.09397823363542557,0.061608679592609406,0.12634779512882233,200
937,42,0.00027448458422441036,0.09174510836601257,0.060449402779340744,0.1230408176779747,200
938,42,0.00020228721162614724,0.09370245784521103,0.06122029572725296,0.1261846125125885,200
939,42,0.00022202266942864904,0.09331544488668442,0.06146083399653435,0.12517006695270538,200
940,42,0.00022847276462319618,0.09340856969356537,0.0630432665348053,0.12377386540174484,200
941,42,0.0002248889213660732,0.0942903459072113,0.061757367104291916,0.1268233209848404,200
942,42,0.00018760395081092915,0.09374683350324631,0.06235736608505249,0.12513630092144012,200
943,42,0.0003531903979213287,0.0942404568195343,0.06365697830915451,0.12482395023107529,200
944,42,0.000224557938054204,0.09504594653844833,0.06125309318304062,0.12883880734443665,200
945,42,0.00022172358391496042,0.09309441596269608,0.06342358142137527,0.12276522815227509,200
946,42,0.0002794462682989736,0.09313935786485672,0.06198948249220848,0.12428922206163406,200
947,42,0.00015126665433247885,0.09478923678398132,0.060920581221580505,0.12865787744522095,200
948,42,0.00014276276245558014,0.09356222301721573,0.062083806842565536,0.12504062056541443,200
949,42,0.00017602349301644912,0.09316296875476837,0.06172104552388191,0.12460488826036453,200
950,42,0.00011308192915748805,0.09494166821241379,0.06442951411008835,0.12545381486415863,200
951,42,0.00016728103219065815,0.09229811280965805,0.06057852879166603,0.12401770055294037,200
952,42,0.00012784543408391377,0.09552460163831711,0.06364394724369049,0.12740525603294373,200
953,42,0.00014127300770875686,0.09438643604516983,0.062203649431467056,0.1265692114830017,200
954,42,0.00016266121626055488,0.09344404190778732,0.06275199353694916,0.12413609027862549,200
955,42,0.00017805454990593717,0.0939810648560524,0.061851128935813904,0.1261110007762909,200
956,42,0.00011955621569844273,0.0942114070057869,0.06218385323882103,0.12623895704746246,200
957,42,0.00011121249553980306,0.0931583121418953,0.06274796277284622,0.12356866151094437,200
958,42,0.00013174420989040905,0.09285198897123337,0.061060477048158646,0.12464351207017899,200
959,42,0.00010073952338037391,0.09390334784984589,0.06117163598537445,0.12663505971431732,200
960,42,8.043612615438178e-05,0.09374625980854034,0.06236373633146286,0.12512877583503723,200
961,42,8.769303046089287e-05,0.09252440929412842,0.06201073154807091,0.12303808331489563,200
962,42,9.278077777707949e-05,0.09284138679504395,0.060723695904016495,0.12495908886194229,200
963,42,7.1856166565946e-05,0.09355301409959793,0.06110389530658722,0.12600211799144745,200
964,42,0.00011671857646433637,0.09406781196594238,0.06242615729570389,0.12570945918560028,200
965,42,9.829314755431066e-05,0.09321702271699905,0.06225668266415596,0.12417735904455185,200
966,42,9.255176822383267e-05,0.09298529475927353,0.06306692212820053,0.12290366739034653,200
967,42,0.00013174262251898958,0.09445396810770035,0.06357134133577347,0.12533660233020782,200
968,42,8.606388170543748e-05,0.0941481739282608,0.06204411759972572,0.12625223398208618,200
969,42,8.59834532699703e-05,0.09277346730232239,0.060954444110393524,0.12459249049425125,200
970,42,7.089233137473154e-05,0.09310479462146759,0.06224065646529198,0.1239689365029335,200
971,42,0.00010302141405797254,0.09308616071939468,0.06142330542206764,0.12474904209375381,200
972,42,7.319646586741631e-05,0.0929577499628067,0.0619155652821064,0.1239999458193779,200
973,42,0.00010816023132065311,0.0923796221613884,0.06116567924618721,0.12359356135129929,200
974,42,0.00013529460557037964,0.09316841512918472,0.06190606579184532,0.12443074584007263,200
975,42,0.00011095843971512902,0.09364954382181168,0.06308401376008987,0.12421507388353348,200
976,42,0.00010379085870226845,0.09147689491510391,0.059910837560892105,0.12304293364286423,200
977,42,6.902708870863232e-05,0.09306176006793976,0.06122225150465965,0.12490125745534897,200
978,42,5.918645911151543e-05,0.09293214231729507,0.061081692576408386,0.12478259205818176,200
979,42,5.409534302695344e-05,0.09332819283008575,0.06222677230834961,0.1244295984506607,200
980,42,6.788746274348038e-05,0.09283264726400375,0.06150010973215103,0.12416518479585648,200
981,42,5.8960522437701e-05,0.09292350709438324,0.06142570823431015,0.12442130595445633,200
982,42,6.040153433180725e-05,0.09267529100179672,0.0619346983730793,0.12341587990522385,200
983,42,5.047862699332958e-05,0.09257309883832932,0.06196857616305351,0.12317764014005661,200
984,42,3.794040821958333e-05,0.09291977435350418,0.06164165586233139,0.12419787794351578,200
985,42,2.9390781492111273e-05,0.09285084158182144,0.06237439066171646,0.12332729995250702,200
986,42,3.366381012407752e-05,0.0927724614739418,0.061748407781124115,0.1237965077161789,200
987,42,2.7369149999382596e-05,0.09232647716999054,0.061058588325977325,0.12359436601400375,200
988,42,2.542494621593505e-05,0.09238003194332123,0.061344996094703674,0.12341506034135818,200
989,42,2.070014670607634e-05,0.09226135909557343,0.06092735379934311,0.12359535694122314,200
990,42,2.3528742531198077e-05,0.0923556238412857,0.06141621246933937,0.12329505383968353,200
991,42,2.6303755172799963e-05,0.09311281889677048,0.061297930777072906,0.12492771446704865,200
992,42,2.8513898845024716e-05,0.0927891805768013,0.06102864071726799,0.1245497390627861,200
993,42,3.249230273164964e-05,0.09147772192955017,0.06078820675611496,0.12216722965240479,200
994,42,3.967562831045749e-05,0.09261194616556168,0.06115010753273964,0.12407378852367401,200
995,42,3.8740454935274706e-05,0.09393062442541122,0.061738867312669754,0.126122385263443,200
996,42,6.687937881603527e-05,0.09096315503120422,0.06038382276892662,0.12154248356819153,200
997,42,8.10243836895097e-05,0.09205351024866104,0.06097288802266121,0.12313413619995117,200
998,42,6.834142065296571e-05,0.09366976469755173,0.06199594959616661,0.12534357607364655,200
999,42,9.887828855426051e-05,0.09176001697778702,0.06198040768504143,0.1215396299958229,200
1000,42,6.872234613789867e-05,0.09176305681467056,0.06093375012278557,0.12259235978126526,200
1001,42,7.523935831462343e-05,0.09298426657915115,0.061789050698280334,0.12417948991060257,200
1002,42,9.372231579618528e-05,0.09281202405691147,0.06051371619105339,0.12511031329631805,200
1003,42,7.733876069930072e-05,0.09206244349479675,0.06110318377614021,0.1230216920375824,200
1004,42,7.693943431756149e-05,0.09358032792806625,0.06343083083629608,0.12372981756925583,200
1005,42,0.00012628671538550407,0.09169075638055801,0.06044882535934448,0.12293267995119095,200
1006,42,9.946141896458964e-05,0.09286093711853027,0.060201246291399,0.12552061676979065,200
1007,42,9.087047995611404e-05,0.09209688752889633,0.060808002948760986,0.12338576465845108,200
1008,42,0.00010923327984831606,0.09274911880493164,0.06240564584732056,0.12309260666370392,200
1009,42,8.782943283828597e-05,0.09220302850008011,0.0614655502140522,0.12294051051139832,200
1010,42,8.048069867072627e-05,0.09181750565767288,0.06088672950863838,0.12274827808141708,200
1011,42,7.551366676731656e-05,0.09193361550569534,0.06096098944544792,0.12290625274181366,200
1012,42,6.398130426532589e-05,0.09266400337219238,0.06126227229833603,0.12406573444604874,200
1013,42,6.386945824488066e-05,0.09341967850923538,0.06203516200184822,0.12480421364307404,200
1014,42,6.14983315851229e-05,0.09059040993452072,0.06099569797515869,0.12018512189388275,200
1015,42,9.807605359431666e-05,0.09362069517374039,0.06306189298629761,0.12417950481176376,200
1016,42,6.792754963195573e-05,0.09338842332363129,0.06164128705859184,0.12513557076454163,200
1017,42,6.381413550116122e-05,0.09212540835142136,0.061613067984580994,0.12263774871826172,200
1018,42,7.716873369645327e-05,0.09139774739742279,0.06101273000240326,0.12178277224302292,200
1019,42,4.8450068182622395e-05,0.09296941757202148,0.06205093115568161,0.12388791888952255,200
1020,42,4.130736488150433e-05,0.09227435290813446,0.0618777833878994,0.12267091870307922,200
1021,42,4.246136571358269e-05,0.09129152446985245,0.06071554869413376,0.12186748534440994,200
1022,42,4.8692585551179945e-05,0.09120987355709076,0.06058214232325554,0.12183760106563568,200
1023,42,4.674011627988269e-05,0.0919855386018753,0.06170034408569336,0.12227072566747665,200
1024,42,3.9170892705442384e-05,0.09171988070011139,0.061297010630369186,0.1221427395939827,200
1025,42,5.341358216052564e-05,0.09146817773580551,0.06101250648498535,0.12192385643720627,200
1026,42,6.401734935934655e-05,0.09171582013368607,0.06045462191104889,0.12297701090574265,200
1027,42,5.1039238921172604e-05,0.09129015356302261,0.06110374629497528,0.12147655338048935,200
1028,42,6.964155181776732e-05,0.09205365180969238,0.06160197779536247,0.12250532954931259,200
1029,42,5.408734068623744e-05,0.0929342657327652,0.061610154807567596,0.12425839155912399,200
1030,42,4.768844519276172e-05,0.09141886979341507,0.06077004224061966,0.12206768989562988,200
1031,42,6.453429280857866e-05,0.09167642891407013,0.06046031415462494,0.12289252132177353,200
1032,42,5.948871694272384e-05,0.09230310469865799,0.059693511575460434,0.12491267174482346,200
1033,42,5.719807086279616e-05,0.09236875921487808,0.06172843277454376,0.1230090782046318,200
1034,42,3.938614645448979e-05,0.09176038205623627,0.06127128750085831,0.12224946171045303,200
1035,42,4.1970915238683425e-05,0.09126963466405869,0.060917507857084274,0.1216217651963234,200
1036,42,6.423823166793834e-05,0.09180707484483719,0.06087707355618477,0.12273706495761871,200
1037,42,5.2057426728424616e-05,0.0913078784942627,0.06097117438912392,0.12164460122585297,200
1038,42,5.981086966736863e-05,0.09073979407548904,0.060547709465026855,0.12093186378479004,200
1039,42,4.771098247147165e-05,0.09095970541238785,0.05991809442639351,0.12200131267309189,200
1040,42,3.4683548316631153e-05,0.09163158386945724,0.06150888651609421,0.12175429612398148,200
1041,42,4.1199770445624985e-05,0.09209120273590088,0.060604359954595566,0.1235780417919159,200
1042,42,3.687791892540796e-05,0.0914083942770958,0.06044815480709076,0.12236865609884262,200
1043,42,3.220837728197997e-05,0.09032820165157318,0.060523200780153275,0.120133176445961,200
1044,42,4.386343546987822e-05,0.09151923656463623,0.060932707041502,0.12210576236248016,200
1045,42,5.3954499890096486e-05,0.09121222048997879,0.060464803129434586,0.1219596415758133,200
1046,42,6.56143602100201e-05,0.09193836897611618,0.06136367470026016,0.1225130707025528,200
1047,42,5.145579113256341e-05,0.09071075171232224,0.06064300611615181,0.12077849358320236,200
1048,42,6.239706150760564e-05,0.08999206125736237,0.05946354940533638,0.12052056193351746,200
1049,42,6.637876504100859e-05,0.09161151200532913,0.06038292869925499,0.12284008413553238,200
1050,42,9.394074004376307e-05,0.09237146377563477,0.0619230680167675,0.12281987816095352,200
1051,42,7.929440774508596e-05,0.09036897867918015,0.06057756021618843,0.12016040831804276,200
1052,42,0.00014273736208754903,0.09121015667915344,0.06006704270839691,0.12235327064990997,200
1053,42,8.231571943421538e-05,0.09353598952293396,0.06257280707359314,0.12449917197227478,200
1054,42,0.00015924191393423826,0.09126400947570801,0.06172885373234749,0.12079916149377823,200
1055,42,9.173083526547998e-05,0.0911407396197319,0.060423675924539566,0.12185779958963394,200
1056,42,5.952856736257672e-05,0.09125277400016785,0.061027366667985916,0.12147816270589828,200
1057,42,5.757249042896243e-05,0.09139501303434372,0.06130179390311241,0.12148821353912354,200
1058,42,5.815742648943948e-05,0.09020517021417618,0.05975288525223732,0.12065744400024414,200
1059,42,5.596069847039568e-05,0.09033333510160446,0.060147181153297424,0.12051951140165329,200
1060,42,5.058209959922048e-05,0.09270534664392471,0.061223432421684265,0.12418726831674576,200
1061,42,5.231724329253969e-05,0.09033667296171188,0.06054825708270073,0.12012508511543274,200
1062,42,5.282844964919301e-05,0.08988318592309952,0.060346994549036026,0.11941936612129211,200
1063,42,4.687496524032516e-05,0.09177783876657486,0.061189938336610794,0.12236573547124863,200
1064,42,6.584530759331149e-05,0.09130416810512543,0.06102592125535011,0.12158241122961044,200
1065,42,6.241067361164217e-05,0.09082376956939697,0.059815820306539536,0.12183172255754471,200
1066,42,4.8397968688126035e-05,0.09156451374292374,0.06048281118273735,0.12264620512723923,200
1067,42,5.023123594583012e-05,0.09183814376592636,0.06118817254900932,0.1224881187081337,200
1068,42,3.927653233404271e-05,0.09052345156669617,0.060156457126140594,0.12089043110609055,200
1069,42,4.042318444893075e-05,0.09057247638702393,0.060760583728551865,0.12038437277078629,200
1070,42,3.198963956189497e-05,0.0918383076786995,0.06060570478439331,0.12307090312242508,200
1071,42,2.863670912726472e-05,0.09047247469425201,0.05994785577058792,0.12099708616733551,200
1072,42,2.7246770211301435e-05,0.09085874259471893,0.060130394995212555,0.1215871050953865,200
1073,42,2.792665509332437e-05,0.09256868064403534,0.061474721878767014,0.12366264313459396,200
1074,42,3.624389440422723e-05,0.0903903916478157,0.06049179285764694,0.12028898298740387,200
1075,42,3.912019989608476e-05,0.09098697453737259,0.06056518852710724,0.12140876799821854,200
1076,42,2.8973125154152513e-05,0.0922759398818016,0.061144646257162094,0.12340722233057022,200
1077,42,3.5461699250542246e-05,0.0905531570315361,0.06050620973110199,0.120600126683712,200
1078,42,2.8976024623261765e-05,0.08994091302156448,0.060014571994543076,0.1198672503232956,200
1079,42,3.6044002627022564e-05,0.091024249792099,0.06021992489695549,0.12182857096195221,200
1080,42,3.7001284605745845e-05,0.09140530973672867,0.060895320028066635,0.1219153180718422,200
1081,42,3.9965184744990743e-05,0.09094090759754181,0.05986835062503815,0.12201344966888428,200
1082,42,3.608297265600413e-05,0.09015907347202301,0.05960865318775177,0.12070949375629425,200
1083,42,4.968612726467351e-05,0.09195072203874588,0.0608457513153553,0.12305567413568497,200
1084,42,4.564015277234527e-05,0.09094522893428802,0.06053924933075905,0.12135118991136551,200
1085,42,4.981122886723218e-05,0.09013915061950684,0.05941879749298096,0.12085949629545212,200
1086,42,5.1001357254184164e-05,0.09066375344991684,0.06089423596858978,0.1204332634806633,200
1087,42,4.2338003064893805e-05,0.09082973748445511,0.06058918684720993,0.12107028812170029,200
1088,42,4.2985294082124405e-05,0.0903642326593399,0.05999886989593506,0.12072958797216415,200
1089,42,5.7945505735309176e-05,0.09074082225561142,0.06014307588338852,0.12133855372667313,200
1090,42,4.822236102578851e-05,0.09102240949869156,0.06110697612166405,0.12093786895275116,200
1091,42,5.415025104108887e-05,0.08916841447353363,0.0593663714826107,0.11897046118974686,200
1092,42,6.747357959587437e-05,0.0907851904630661,0.060405466705560684,0.12116492539644241,200
1093,42,4.971051142395785e-05,0.08927836269140244,0.0600222684442997,0.11853446811437607,200
1094,42,5.797080302727409e-05,0.09169825166463852,0.06080395355820656,0.12259254604578018,200
1095,42,5.019946305158859e-05,0.09073378145694733,0.06070009618997574,0.12076746672391891,200
1096,42,5.486738518811762e-05,0.09178749471902847,0.06118156388401985,0.1223934143781662,200
1097,42,6.999572966985095e-05,0.09013787657022476,0.05913538858294487,0.12114037573337555,200
1098,42,6.903864414198324e-05,0.08970017731189728,0.05967665836215019,0.11972368508577347,200
1099,42,5.932539473481787e-05,0.09053432196378708,0.06005444377660751,0.12101419270038605,200
1100,42,8.440356517288213e-05,0.09134950488805771,0.06096557900309563,0.12173342704772949,200
1101,42,7.725896769746517e-05,0.08986067771911621,0.060668740421533585,0.11905261874198914,200
1102,42,8.639143076531279e-05,0.08944876492023468,0.05880294740200043,0.12009457498788834,200
1103,42,0.00010228864509069051,0.09249181300401688,0.06168068200349808,0.12330293655395508,200
1104,42,8.910897789367785e-05,0.09133737534284592,0.0601605549454689,0.12251420319080353,200
1105,42,7.075522080413066e-05,0.08976159989833832,0.059291187673807144,0.120231993496418,200
1106,42,0.00010346311319153756,0.09074309468269348,0.060606010258197784,0.12088020145893097,200
1107,42,0.00012037579654133879,0.09090883284807205,0.060399122536182404,0.12141852080821991,200
1108,42,0.00011235545389354229,0.09038648754358292,0.06019067019224167,0.12058231979608536,200
1109,42,0.00010002527293787959,0.08904128521680832,0.06003302335739136,0.11804953962564468,200
1110,42,0.00011713889640911172,0.09093459695577621,0.06136925145983696,0.12049994617700577,200
1111,42,0.00014351495095373443,0.0904383510351181,0.05867067724466324,0.12220601737499237,200
1112,42,0.00015315996521773437,0.09114613384008408,0.06076725944876671,0.12152501940727234,200
1113,42,0.00017967590247280896,0.09015646576881409,0.06084494665265083,0.11946798861026764,200
1114,42,0.00011956039816141129,0.0911918506026268,0.060876183211803436,0.12150750309228897,200
1115,42,0.00014905420054371157,0.08988626301288605,0.05997605249285698,0.11979646980762482,200
1116,42,0.00019013124013630053,0.0902852714061737,0.06027735024690628,0.12029319256544113,200
1117,42,0.0001251951398444362,0.08994647115468979,0.059615615755319595,0.12027733027935028,200
1118,42,0.0001608806875689576,0.08950968086719513,0.05985720828175545,0.11916212737560272,200
1119,42,0.00013858880993211642,0.08987042307853699,0.05929507687687874,0.12044576555490494,200
1120,42,8.384699685848318e-05,0.08929452300071716,0.059212684631347656,0.11937636882066727,200
1121,42,6.595033725413184e-05,0.09109198302030563,0.061045337468385696,0.12113863974809647,200
1122,42,7.043803392055754e-05,0.09060684591531754,0.06067926809191704,0.12053443491458893,200
1123,42,5.4904248827369884e-05,0.09013772010803223,0.060755323618650436,0.11952010542154312,200
1124,42,8.015816880894515e-05,0.09084158390760422,0.060367703437805176,0.12131547927856445,200
1125,42,8.062909667690595e-05,0.09198799729347229,0.06024767458438873,0.12372832000255585,200
1126,42,0.00014178654479716593,0.08806928247213364,0.058351412415504456,0.11778713762760162,200
1127,42,0.00012558544161341464,0.08889398723840714,0.05978516489267349,0.11800281703472137,200
1128,42,0.0001797351748488533,0.09101366996765137,0.05970688536763191,0.12232045829296112,200
1129,42,0.0001779228332452476,0.09189855307340622,0.06047593802213669,0.12332117557525635,200
1130,42,0.00021507000201381743,0.09250463545322418,0.06221918761730194,0.12279009819030762,200
1131,42,0.0002585273808411633,0.089387908577919,0.06062692776322365,0.11814889311790466,200
1132,42,0.00015931040009794137,0.09125246107578278,0.06175585463643074,0.12074907124042511,200
1133,42,0.00014483767154160887,0.08912242203950882,0.05766567960381508,0.12057916820049286,200
1134,42,0.00013907464259924987,0.09007979184389114,0.061022814363241196,0.11913678050041199,200
1135,42,0.00013935814058640972,0.09130174666643143,0.06068135052919388,0.12192214280366898,200
1136,42,0.00018384194117970765,0.08870482444763184,0.059954848140478134,0.11745481193065643,200
1137,42,0.00024855442946621525,0.0886043831706047,0.05961349979043007,0.11759527027606964,200
1138,42,0.00016383389932646727,0.09190613776445389,0.06108340248465538,0.1227288544178009,200
1139,42,0.00015332594436282912,0.09050862491130829,0.06003635749220848,0.1209808960556984,200
1140,42,0.00016507936137107512,0.0875217393040657,0.05960136279463768,0.11544210463762283,200
1141,42,0.0001224110989520947,0.08940939605236053,0.06034880876541138,0.11846998333930969,200
1142,42,0.0001334447394280384,0.09190408885478973,0.05963043123483658,0.12417774647474289,200
1143,42,0.0001458946984106054,0.0902622863650322,0.06136349216103554,0.11916108429431915,200
1144,42,0.00010383194967289455,0.0891190841794014,0.0600406751036644,0.11819750815629959,200
1145,42,0.0001748566379925857,0.09018071740865707,0.06175779551267624,0.11860363930463791,200
1146,42,0.00015756205539219081,0.09183457493782043,0.06014107167720795,0.12352808564901352,200
1147,42,0.00012624792968078205,0.09034468233585358,0.059516314417123795,0.12117303162813187,200
1148,42,0.00010465220839250833,0.09009229391813278,0.06138168275356293,0.11880291253328323,200
1149,42,0.00010696137178456411,0.09041713178157806,0.059709906578063965,0.12112434208393097,200
1150,42,0.00012064893477751563,0.08758242428302765,0.0584859624505043,0.116678886115551,200
1151,42,0.00011530285458623742,0.08956246823072433,0.05953801050782204,0.11958693712949753,200
1152,42,0.00011445328709669411,0.09151851385831833,0.05988592281937599,0.12315110117197037,200
1153,42,7.826428676101689e-05,0.08694577217102051,0.05918146297335625,0.11471008509397507,200
1154,42,7.704781940750156e-05,0.08962618559598923,0.0594385527074337,0.11981380730867386,200
1155,42,7.376381472568028e-05,0.08905158191919327,0.05895279720425606,0.11915036290884018,200
1156,42,6.866920254348467e-05,0.08819815516471863,0.05933992937207222,0.11705638468265533,200
1157,42,4.890595179555627e-05,0.08953475952148438,0.06004907190799713,0.11902043968439102,200
1158,42,4.7299202075616144e-05,0.08890625834465027,0.059415023773908615,0.11839750409126282,200
1159,42,4.531483743145751e-05,0.08864223957061768,0.05865287780761719,0.11863160133361816,200
1160,42,4.2806065418214225e-05,0.08805093169212341,0.059849657118320465,0.11625220626592636,200
1161,42,4.496099063544534e-05,0.08959093689918518,0.05922587588429451,0.11995600908994675,200
1162,42,3.834911452334685e-05,0.09036550670862198,0.058757323771715164,0.1219736710190773,200
1163,42,3.60809560030854e-05,0.08917724341154099,0.05940941721200943,0.11894507706165314,200
1164,42,5.101467468193732e-05,0.08842441439628601,0.05935945734381676,0.11748938262462616,200
1165,42,3.545371024908187e-05,0.08892125636339188,0.05898607149720192,0.11885644495487213,200
1166,42,4.247824472258799e-05,0.09004071354866028,0.059356074780225754,0.1207253634929657,200
1167,42,2.5755176466191188e-05,0.08961472660303116,0.05910876765847206,0.12012066692113876,200
1168,42,2.6119645553990267e-05,0.08919263631105423,0.05907594412565231,0.11930934339761734,200
1169,42,2.464218293122637e-05,0.08952251821756363,0.05915346369147301,0.11989157646894455,200
1170,42,2.5764341141136054e-05,0.08883941918611526,0.059198420494794846,0.11848042905330658,200
1171,42,2.7206219480528187e-05,0.08875489234924316,0.059388887137174606,0.11812090128660202,200
1172,42,2.376789416302927e-05,0.08934815227985382,0.05900074169039726,0.11969555169343948,200
1173,42,2.246830748238911e-05,0.08928701281547546,0.059365637600421906,0.11920840293169022,200
1174,42,2.438285264361184e-05,0.0885322317481041,0.05880692973732948,0.118257537484169,200
1175,42,2.711179088995171e-05,0.08911256492137909,0.059096809476614,0.11912832409143448,200
1176,42,2.677985503396485e-05,0.08918368071317673,0.05928373709321022,0.11908362805843353,200
1177,42,3.2275878159756154e-05,0.08800218999385834,0.05870230495929718,0.1173020675778389,200
1178,42,4.5091900877499334e-05,0.08947307616472244,0.05956188589334488,0.11938425898551941,200
1179,42,3.487584520674621e-05,0.08992698043584824,0.05953409522771835,0.12031987309455872,200
1180,42,3.939355641099004e-05,0.08924228698015213,0.059796467423439026,0.11868809163570404,200
1181,42,3.839143694979915e-05,0.08833764493465424,0.0593770407140255,0.11729824542999268,200
1182,42,9.21429309528321e-05,0.08947798609733582,0.06006145477294922,0.11889450252056122,200
1183,42,9.401522765983827e-05,0.08830462396144867,0.05880177021026611,0.11780746281147003,200
1184,42,0.00013206251605879515,0.0897568017244339,0.06083390861749649,0.11867968738079071,200
1185,42,8.450215561121392e-05,0.08964107185602188,0.05924499034881592,0.12003716081380844,200
1186,42,8.704043769588073e-05,0.088621586561203,0.05777265131473541,0.11947054415941238,200
1187,42,6.227605384386455e-05,0.08841497451066971,0.059981569647789,0.11684836447238922,200
1188,42,8.294271659300041e-05,0.09010656177997589,0.05959697440266609,0.12061615288257599,200
1189,42,8.842874134037022e-05,0.08876919001340866,0.058823905885219574,0.11871447414159775,200
1190,42,7.5360407208791e-05,0.08730688691139221,0.05876800790429115,0.11584577709436417,200
1191,42,9.636738953607467e-05,0.08972067385911942,0.05983408913016319,0.11960725486278534,200
1192,42,0.00011467450046135734,0.08870894461870193,0.05927872657775879,0.11813915520906448,200
1193,42,8.379814850438076e-05,0.08851300925016403,0.05972893908619881,0.11729707568883896,200
1194,42,0.00012703484147399044,0.0882253348827362,0.05858945474028587,0.11786120384931564,200
1195,42,7.306208378092076e-05,0.08835167437791824,0.0585193894803524,0.11818395555019379,200
1196,42,9.693601775021914e-05,0.08958090841770172,0.05866634100675583,0.12049546837806702,200
1197,42,0.00010329695214750245,0.0892023891210556,0.06029803678393364,0.11810675263404846,200
1198,42,8.417827484663576e-05,0.08716447651386261,0.05917268618941307,0.11515626311302185,200
1199,42,0.0001135783750214614,0.08793368190526962,0.0579703263938427,0.11789704859256744,200
1200,42,0.00016231497526556873,0.08881769329309464,0.059518877416849136,0.11811648309230804,200
1201,42,0.00022318650493010259,0.08893468230962753,0.05903765931725502,0.11883170157670975,200
1202,42,0.00011900077273215477,0.08837011456489563,0.06010162830352783,0.11663861572742462,200
1203,42,0.00013463393649241576,0.08840569853782654,0.060332491993904114,0.11647891253232956,200
1204,42,0.00011784882857076202,0.08816175162792206,0.05890475958585739,0.11741873621940613,200
1205,42,8.688553983423238e-05,0.0894935205578804,0.05942153185606003,0.11956550925970078,200
1206,42,0.00012464184449830404,0.08790112286806107,0.058966875076293945,0.11683537811040878,200
1207,42,0.00011258940018403034,0.0879792794585228,0.058920491486787796,0.1170380637049675,200
1208,42,7.285752265791719e-05,0.08762335777282715,0.0579480417072773,0.1172986775636673,200
1209,42,7.27735484057727e-05,0.08746977895498276,0.058850593864917755,0.11608895659446716,200
1210,42,6.607011528103612e-05,0.08959401398897171,0.05967474356293678,0.11951326578855515,200
1211,42,6.157219953214128e-05,0.08632000535726547,0.0578911192715168,0.11474888771772385,200
1212,42,7.922294510838886e-05,0.08939313888549805,0.05984979495406151,0.11893649399280548,200
1213,42,8.886058761466605e-05,0.08887293189764023,0.05874321609735489,0.11900267004966736,200
1214,42,7.943397455771144e-05,0.087554931640625,0.05876481533050537,0.11634505540132523,200
1215,42,7.087289001598644e-05,0.08822403103113174,0.058282893151044846,0.11816515773534775,200
1216,42,5.1927741878898814e-05,0.08841035515069962,0.05898341163992882,0.11783728748559952,200
1217,42,6.73825852572918e-05,0.08887568861246109,0.05958564579486847,0.11816573143005371,200
1218,42,5.025879666694285e-05,0.08725548535585403,0.057927295565605164,0.11658366769552231,200
1219,42,5.907192826271057e-05,0.08764232695102692,0.05886765569448471,0.11641701310873032,200
1220,42,6.852418421961677e-05,0.08830061554908752,0.05850899964570999,0.11809222400188446,200
1221,42,4.715310933534056e-05,0.08761043846607208,0.05910200998187065,0.11611887812614441,200
1222,42,5.434574510824556e-05,0.08724305033683777,0.05801761895418167,0.11646847426891327,200
1223,42,5.300223953478659e-05,0.08889136463403702,0.059234149754047394,0.11854857951402664,200
1224,42,6.641146683250554e-05,0.0875772014260292,0.05899028107523918,0.11616414040327072,200
1225,42,5.2640286109332614e-05,0.08866090327501297,0.059973202645778656,0.11734858900308609,200
1226,42,5.392485885143591e-05,0.08746625483036041,0.05808752402663231,0.11684498935937881,200
1227,42,5.0537462811917067e-05,0.08751031756401062,0.058837782591581345,0.1161828488111496,200
1228,42,4.5520137064158916e-05,0.08913376182317734,0.059460606426000595,0.11880692094564438,200
1229,42,3.9984532728946455e-05,0.08751542121171951,0.059446822851896286,0.11558400839567184,200
1230,42,4.688948320108466e-05,0.0871659368276596,0.057750072330236435,0.11658180505037308,200
1231,42,4.089261953292104e-05,0.08821721374988556,0.05899595096707344,0.11743847280740738,200
1232,42,3.10158472226855e-05,0.08953619003295898,0.059679485857486725,0.11939290165901184,200
1233,42,3.3634022353605055e-05,0.08767899870872498,0.05810951068997383,0.11724848300218582,200
1234,42,3.344317398538502e-05,0.08825982362031937,0.05852559581398964,0.11799405515193939,200
1235,42,2.633165543860135e-05,0.08819694817066193,0.05879800021648407,0.11759588867425919,200
1236,42,2.8495682272478007e-05,0.08763863891363144,0.05878717452287674,0.11649010330438614,200
1237,42,3.495816054055467e-05,0.08724197000265121,0.05846906080842018,0.11601487547159195,200
1238,42,3.190912199594701e-05,0.08955850452184677,0.05932574346661568,0.11979126930236816,200
1239,42,4.6865756303304806e-05,0.08719339966773987,0.058616526424884796,0.11577027291059494,200
1240,42,5.1824816182488576e-05,0.08720796555280685,0.058391496539115906,0.116024449467659,200
1241,42,5.8304502696652584e-05,0.08810948580503464,0.058831047266721725,0.11738792061805725,200
1242,42,7.82918868935667e-05,0.08699160069227219,0.058786436915397644,0.11519677191972733,200
1243,42,5.092286543610195e-05,0.0881490558385849,0.05888118967413902,0.11741691082715988,200
1244,42,5.289003214177986e-05,0.0859321877360344,0.05791250988841057,0.11395188421010971,200
1245,42,6.584927784084964e-05,0.08765441924333572,0.0592181570827961,0.11609069257974625,200
1246,42,5.219539283037496e-05,0.08857926726341248,0.058769360184669495,0.11838917434215546,200
1247,42,5.048220918979496e-05,0.08812346309423447,0.059072162955999374,0.11717475950717926,200
1248,42,7.222099278199796e-05,0.08762209117412567,0.059010520577430725,0.11623366922140121,200
1249,42,8.26565616686518e-05,0.08547846227884293,0.058653973042964935,0.11230296641588211,200
1250,42,0.00010962984621680032,0.08887599408626556,0.057928524911403656,0.11982344090938568,200
1251,42,9.726385906105861e-05,0.0879751518368721,0.05940304324030876,0.11654724925756454,200
1252,42,0.00010577442905438754,0.08613216876983643,0.057914070785045624,0.11435026675462723,200
1253,42,0.00011114242079202086,0.08752719312906265,0.058887284249067307,0.1161670982837677,200
1254,42,7.918319170130417e-05,0.08833499252796173,0.05893685668706894,0.11773312836885452,200
1255,42,0.00010371571988798678,0.08835646510124207,0.059194985777139664,0.11751794815063477,200
1256,42,0.00012063904675111796,0.0853232592344284,0.058792419731616974,0.11185411363840103,200
1257,42,0.00014088350386979678,0.08663082122802734,0.05831250175833702,0.11494912952184677,200
1258,42,0.00018301577074453235,0.08779147267341614,0.058928024023771286,0.1166549026966095,200
1259,42,0.00016685982215373466,0.0884503424167633,0.0597403384745121,0.11716035008430481,200
1260,42,0.00019066106081785014,0.08567909896373749,0.057703014463186264,0.11365518718957901,200
1261,42,0.00023010948401254913,0.08792727440595627,0.057579994201660156,0.11827456951141357,200
1262,42,0.0002317184650261576,0.08821956068277359,0.05871450528502464,0.11772462725639343,200
1263,42,0.00023519121168646961,0.08569873869419098,0.05907869711518288,0.11231877654790878,200
1264,42,0.0002535327027241389,0.0864519327878952,0.05870683118700981,0.1141970306634903,200
1265,42,0.00019369740281642103,0.08989234268665314,0.059177715331315994,0.12060696631669998,200
1266,42,0.0003233609604649246,0.08715653419494629,0.05753921717405319,0.11677385121583939,200
1267,42,0.00041200695947433513,0.08580085635185242,0.05743521824479103,0.11416648328304291,200
1268,42,0.0005350800735565523,0.09246429055929184,0.060143016278743744,0.12478557974100113,200
1269,42,0.0006815499315659205,0.08868231624364853,0.05734096094965935,0.1200236827135086,200
1270,42,0.0004485491760230313,0.08618167042732239,0.058572351932525635,0.11379099637269974,200
1271,42,0.0004743107807977746,0.09444832801818848,0.057777389883995056,0.1311192810535431,200
1272,42,0.000625054866153126,0.09224081039428711,0.05917118862271309,0.12531043589115143,200
1273,42,0.0004441750643309206,0.08570753782987595,0.057795606553554535,0.11361947655677795,200
1274,42,0.000519670497548456,0.08960255235433578,0.058710258454084396,0.12049485743045807,200
1275,42,0.0005974474818989014,0.0885215625166893,0.060587383806705475,0.11645574867725372,200
1276,42,0.0005003122399405887,0.08592251688241959,0.056190405040979385,0.11565463989973068,200
1277,42,0.0008286805435394248,0.08831360191106796,0.05855647101998329,0.11807073652744293,200
1278,42,0.0004655097145587206,0.09218096733093262,0.059538308531045914,0.12482363730669022,200
1279,42,0.00039067019436818856,0.08849985152482986,0.06032199412584305,0.11667771637439728,200
1280,42,0.00035532099233629805,0.08858609944581985,0.05894988402724266,0.11822231858968735,200
1281,42,0.00043109160227080184,0.08924999833106995,0.060304705053567886,0.1181953027844429,200
1282,42,0.0003510935736509661,0.08954226970672607,0.05953414365649223,0.11955039948225021,200
1283,42,0.00032335152112257976,0.08717840164899826,0.058443568646907806,0.11591323465108871,200
1284,42,0.0004820504885477324,0.08731864392757416,0.05992647260427475,0.11471082270145416,200
1285,42,0.000370130476464207,0.09006349742412567,0.06156265735626221,0.11856435239315033,200
1286,42,0.0005141689907759428,0.08920585364103317,0.05843963474035263,0.11997207254171371,200
1287,42,0.0004987484426237643,0.08641732484102249,0.05917830765247345,0.11365632712841034,200
1288,42,0.000521266677727302,0.09156392514705658,0.0596538707613945,0.12347397953271866,200
1289,42,0.0005805517236391703,0.08681777864694595,0.05978580191731453,0.11384975165128708,200
1290,42,0.0004419071434919412,0.0869210883975029,0.05748438835144043,0.11635778099298477,200
1291,42,0.0004586922683908294,0.09451324492692947,0.061681054532527924,0.12734542787075043,200
1292,42,0.0005510859579468766,0.0840931236743927,0.057484403252601624,0.11070183664560318,200
1293,42,0.0004351053212303668,0.08618293702602386,0.05884683132171631,0.11351905018091202,200
1294,42,0.0004120328521821648,0.09238090366125107,0.0616234727203846,0.12313833087682724,200
1295,42,0.0003590215928852558,0.08385106176137924,0.05658954754471779,0.1111125722527504,200
1296,42,0.0004205878746385376,0.08822771161794662,0.060756340622901917,0.11569908261299133,200
1297,42,0.00039720736094750464,0.0878772959113121,0.05836497247219086,0.11738961189985275,200
1298,42,0.0003507711711184432,0.08451085537672043,0.059591181576251984,0.10943053662776947,200
1299,42,0.0002792608429444954,0.08778044581413269,0.059181198477745056,0.11637967079877853,200
1300,42,0.0003144737226345266,0.08685660362243652,0.05940590426325798,0.11430729180574417,200
1301,42,0.00026423775125294924,0.08631464838981628,0.05746939405798912,0.11515988409519196,200
1302,42,0.00021093084069434553,0.08541449904441833,0.05743052065372467,0.1133984699845314,200
1303,42,0.00023960752878338099,0.08806326985359192,0.06392128020524979,0.11220527440309525,200
1304,42,0.00022971484092219421,0.09019676595926285,0.061421167105436325,0.11897236853837967,200
1305,42,0.0002833668841049075,0.08263105899095535,0.057173993438482285,0.10808811336755753,200
1306,42,0.0002632667504561444,0.08266500383615494,0.05771712213754654,0.10761287808418274,200
1307,42,0.0002223797928309068,0.08893615752458572,0.059683844447135925,0.11818846315145493,200
1308,42,0.00021230162140758088,0.08546534180641174,0.058469008654356,0.11246167123317719,200
1309,42,0.00011855183887140204,0.08555534482002258,0.05861829221248627,0.1124923974275589,200
1310,42,8.176547756496196e-05,0.08698005974292755,0.05874151363968849,0.11521859467029572,200
1311,42,8.67896718167079e-05,0.08558890223503113,0.05796707049012184,0.11321072280406952,200
1312,42,8.599085898216192e-05,0.08623883128166199,0.058852944523096085,0.11362471431493759,200
1313,42,8.958340185927227e-05,0.08766703307628632,0.0592428594827652,0.11609122157096863,200
1314,42,8.838881088498358e-05,0.08601037412881851,0.05748118832707405,0.11453955620527267,200
1315,42,5.99361774220597e-05,0.08693277090787888,0.05829828977584839,0.11556725203990936,200
1316,42,5.438940570456907e-05,0.08496873080730438,0.0581856369972229,0.11175183951854706,200
1317,42,4.4209290839110814e-05,0.0855981633067131,0.0580466128885746,0.1131497323513031,200
1318,42,3.150907953871259e-05,0.08731050789356232,0.058616627007722855,0.11600438505411148,200
1319,42,3.324034211497443e-05,0.08527836948633194,0.0577024444937706,0.11285427212715149,200
1320,42,2.9697631665233832e-05,0.08498038351535797,0.058044686913490295,0.11191609501838684,200
1321,42,3.7696385940459244e-05,0.08543690294027328,0.057840339839458466,0.1130334660410881,200
1322,42,4.3095304135931656e-05,0.08633382618427277,0.05802025645971298,0.11464738845825195,200
1323,42,3.533135835217157e-05,0.08588357269763947,0.057394251227378845,0.11437288671731949,200
1324,42,4.323128086980432e-05,0.08528783917427063,0.058640528470277786,0.11193515360355377,200
1325,42,3.8423832544746496e-05,0.0862039104104042,0.05855155363678932,0.11385626345872879,200
1326,42,3.056678603267452e-05,0.08610201627016068,0.057581380009651184,0.11462265998125076,200
1327,42,3.0343683950680617e-05,0.08545424044132233,0.0581960529088974,0.11271245032548904,200
1328,42,4.1486946429358795e-05,0.085906021296978,0.058282725512981415,0.11352930963039398,200
1329,42,4.287673679452079e-05,0.08536627888679504,0.05796681344509125,0.11276575922966003,200
1330,42,3.711250004319785e-05,0.08567853271961212,0.05809570476412773,0.11326136440038681,200
1331,42,4.881631199774953e-05,0.08643008023500443,0.05850372090935707,0.11435644328594208,200
1332,42,4.130619769663705e-05,0.08633411675691605,0.0581686906516552,0.1144995391368866,200
1333,42,4.181221447652206e-05,0.08511088788509369,0.05714248865842819,0.11307930946350098,200
1334,42,3.0576994807537026e-05,0.0859597697854042,0.05851888284087181,0.11340063065290451,200
1335,42,3.4091362977051176e-05,0.08562863618135452,0.058579038828611374,0.11267824470996857,200
1336,42,3.10869430298529e-05,0.08571156114339828,0.05770094692707062,0.11372217535972595,200
1337,42,2.9597178581752814e-05,0.08433745801448822,0.05739963427186012,0.11127526313066483,200
1338,42,2.9012764571234584e-05,0.08481769263744354,0.05723467841744423,0.11240071803331375,200
1339,42,2.8588570179029677e-05,0.08557441830635071,0.058144569396972656,0.11300425976514816,200
1340,42,2.7916264419521514e-05,0.08494306355714798,0.058026645332574844,0.11185948550701141,200
1341,42,2.3771934138494544e-05,0.08610831946134567,0.0582987479865551,0.11391787230968475,200
1342,42,3.2860754799912684e-05,0.08527939766645432,0.057951997965574265,0.11260679364204407,200
1343,42,2.970381562287609e-05,0.08573010563850403,0.058378417044878006,0.11308179050683975,200
1344,42,2.5165169063257053e-05,0.08641379326581955,0.057998817414045334,0.11482875794172287,200
1345,42,3.3240471263222084e-05,0.0852484405040741,0.057850006967782974,0.11264684796333313,200
1346,42,2.3075280599490117e-05,0.08556520193815231,0.058460135012865067,0.11267025023698807,200
1347,42,2.072884853987489e-05,0.08560779690742493,0.05786691606044769,0.11334869265556335,200
1348,42,2.3349412003881298e-05,0.08571731299161911,0.058111872524023056,0.11332274973392487,200
1349,42,2.9116559138249915e-05,0.08560020476579666,0.05799879878759384,0.11320160329341888,200
1350,42,3.5320238869947694e-05,0.08512505143880844,0.05746638402342796,0.11278370767831802,200
1351,42,5.5067934833156564e-05,0.0847720056772232,0.057651422917842865,0.11189258098602295,200
1352,42,4.9337768966021635e-05,0.08512774854898453,0.05768081173300743,0.11257468909025192,200
1353,42,9.171343602550526e-05,0.0857556015253067,0.05734946206212044,0.11416173726320267,200
1354,42,5.040839702511827e-05,0.08480177819728851,0.05819125100970268,0.11141229420900345,200
1355,42,4.6371776988962665e-05,0.08586566895246506,0.058624982833862305,0.11310635507106781,200
1356,42,7.951728305973423e-05,0.08493666350841522,0.05726625397801399,0.11260708421468735,200
1357,42,6.0405839273395635e-05,0.08674968779087067,0.059391628950834274,0.11410775035619736,200
1358,42,6.74612808021872e-05,0.08620888739824295,0.0577799491584301,0.1146378219127655,200
1359,42,4.420268790757594e-05,0.08416791260242462,0.05740465968847275,0.1109311431646347,200
1360,42,4.864734728471376e-05,0.08699676394462585,0.05794380605220795,0.11604971438646317,200
1361,42,6.383357200926791e-05,0.08703305572271347,0.058805324137210846,0.11526079475879669,200
1362,42,5.620125375571661e-05,0.08412356674671173,0.057584259659051895,0.11066285520792007,200
1363,42,7.156188560960193e-05,0.085072360932827,0.05699686333537102,0.11314784735441208,200
1364,42,6.971420225454494e-05,0.08636903762817383,0.05901477113366127,0.11372330039739609,200
1365,42,8.318444694547604e-05,0.08546342700719833,0.057853613048791885,0.11307324469089508,200
1366,42,8.003218560285556e-05,0.08561674505472183,0.058035533875226974,0.11319797486066818,200
1367,42,8.181163502740674e-05,0.08655191212892532,0.05851267650723457,0.11459115147590637,200
1368,42,5.1006838475586846e-05,0.08624458312988281,0.05883122608065605,0.11365792900323868,200
1369,42,3.875670154229738e-05,0.08402712643146515,0.05785718932747841,0.11019706726074219,200
1370,42,3.946138410052905e-05,0.08550327271223068,0.05788382515311241,0.11312271654605865,200
1371,42,4.571559838950634e-05,0.08557286858558655,0.05801292136311531,0.11313281208276749,200
1372,42,6.932451530398491e-05,0.08512571454048157,0.05817681550979614,0.11207461357116699,200
1373,42,7.729418333231781e-05,0.08666655421257019,0.05889074504375458,0.1144423708319664,200
1374,42,0.00010293386488532026,0.08584831655025482,0.058044541627168655,0.11365208774805069,200
1375,42,8.74811339599546e-05,0.08473248779773712,0.05734606087207794,0.1121189221739769,200
1376,42,8.268174618327369e-05,0.08364514261484146,0.05696694180369377,0.11032336205244064,200
1377,42,0.00010493083876402427,0.08763311803340912,0.059125278145074844,0.1161409392952919,200
1378,42,0.00012818615505238995,0.08807234466075897,0.05868711695075035,0.11745758354663849,200
1379,42,0.00010283871476228039,0.08314749598503113,0.05746142938733101,0.10883353650569916,200
1380,42,0.00011529805973016967,0.08594424277544022,0.05744508281350136,0.11444339156150818,200
1381,42,0.00015922497065427402,0.08520622551441193,0.05698598921298981,0.11342643946409225,200
1382,42,0.0002399175427854061,0.08459710329771042,0.05876526981592178,0.11042892932891846,200
1383,42,0.00018731743815199783,0.08474604040384293,0.056596312671899796,0.11289575695991516,200
1384,42,0.0001595571132687231,0.08465016633272171,0.056654442101716995,0.11264589428901672,200
1385,42,0.00011684529211682577,0.0854698047041893,0.059000637382268906,0.1119389683008194,200
1386,42,0.00017935362848220393,0.08544681966304779,0.058871444314718246,0.11202219128608704,200
1387,42,0.0001720949997737383,0.0853288471698761,0.05963146686553955,0.11102624237537384,200
1388,42,0.00014742581697646528,0.08497586846351624,0.05650800094008446,0.11344373971223831,200
1389,42,0.00017151013889815658,0.08678193390369415,0.059430081397295,0.1141337901353836,200
1390,42,0.00016937765758484602,0.08352279663085938,0.057865988463163376,0.10917959362268448,200
1391,42,0.00016237627035782984,0.08686934411525726,0.05796292796730995,0.11577575653791428,200
1392,42,0.00023727343553521982,0.08337538689374924,0.05897366628050804,0.10777711123228073,200
1393,42,0.0002719945089969163,0.08575000613927841,0.05792154371738434,0.11357848346233368,200
1394,42,0.00018179138229849437,0.08750560879707336,0.05723440647125244,0.11777681857347488,200
1395,42,0.00021238795306999236,0.08200408518314362,0.05666424334049225,0.10734392702579498,200
1396,42,0.0003506403979069243,0.08834193646907806,0.05953852832317352,0.1171453520655632,200
1397,42,0.00046532605968726176,0.08540084213018417,0.05703455209732056,0.11376713216304779,200
1398,42,0.00030569145261930924,0.08345218002796173,0.05905654653906822,0.10784778743982315,200
1399,42,0.00025963267641297233,0.08562488853931427,0.05710639804601669,0.11414335668087006,200
1400,42,0.00022190053520413736,0.08504292368888855,0.05713169649243355,0.11295413970947266,200
1401,42,0.00030970581671378267,0.08623674511909485,0.0585501603782177,0.1139233335852623,200
1402,42,0.00023916334612295032,0.08260151743888855,0.055711355060338974,0.10949167609214783,200
1403,42,0.00022118715666389713,0.08385617285966873,0.05966223031282425,0.10805010795593262,200
1404,42,0.0002129706796646739,0.08885356783866882,0.05801702290773392,0.11969010531902313,200
1405,42,0.00033287493473229307,0.08170553296804428,0.05635114386677742,0.10705991089344025,200
1406,42,0.00035000612842850387,0.08326422423124313,0.05613761767745018,0.11039083451032639,200
1407,42,0.00040411741550390917,0.08528471738100052,0.058321643620729446,0.11224778741598129,200
1408,42,0.00028974152034303796,0.0858667865395546,0.06189070641994476,0.10984285920858383,200
1409,42,0.00025968078019407886,0.08577511459589005,0.058189842849969864,0.11336037516593933,200
1410,42,0.00022128953908880553,0.08347470313310623,0.05775897577404976,0.109190434217453,200
1411,42,0.0001641044752129043,0.0840485543012619,0.05829118937253952,0.10980591922998428,200
1412,42,0.00017413340780573586,0.08626972883939743,0.05817948281764984,0.11435998231172562,200
1413,42,0.00015665355022065341,0.08512801676988602,0.05920181795954704,0.11105421185493469,200
1414,42,0.0001291829175897874,0.0824076309800148,0.057467229664325714,0.10734803229570389,200
1415,42,0.00012015237492353965,0.08516351878643036,0.05751015618443489,0.11281689256429672,200
1416,42,0.00011261951294727623,0.08330383896827698,0.05734696239233017,0.10926072299480438,200
1417,42,8.441928972994599e-05,0.08390965312719345,0.057928189635276794,0.10989110916852951,200
1418,42,0.00010075986695786317,0.08486974984407425,0.05746262148022652,0.11227688193321228,200
1419,42,5.601618856114025e-05,0.0845012366771698,0.057487472891807556,0.11151500791311264,200
1420,42,6.593191574211232e-05,0.08610447496175766,0.05872218683362007,0.11348675936460495,200
1421,42,7.142055740890403e-05,0.08409067988395691,0.05763860419392586,0.11054275929927826,200
1422,42,5.936979505349882e-05,0.08547709137201309,0.05759553983807564,0.11335863173007965,200
1423,42,8.058816941532616e-05,0.08354024589061737,0.057160042226314545,0.10992047190666199,200
1424,42,9.586557765336086e-05,0.08471536636352539,0.058237459510564804,0.11119327694177628,200
1425,42,8.356599816276382e-05,0.08488170057535172,0.05803736671805382,0.11172603815793991,200
1426,42,7.225129350748223e-05,0.08322278410196304,0.05636926367878914,0.11007630079984665,200
1427,42,6.638282381269771e-05,0.08403141051530838,0.056826282292604446,0.11123652756214142,200
1428,42,7.858138875841784e-05,0.08288871496915817,0.056491170078516006,0.10928628593683243,200
1429,42,7.155382627388462e-05,0.08514972031116486,0.0577850267291069,0.11251440644264221,200
1430,42,8.618057715163256e-05,0.08340314030647278,0.05667932331562042,0.11012697219848633,200
1431,42,7.651192572666332e-05,0.08344201743602753,0.05679374933242798,0.11009027808904648,200
1432,42,0.0001359441812383011,0.08373341709375381,0.05708852782845497,0.11037829518318176,200
1433,42,6.67885942675639e-05,0.08233025670051575,0.05566943436861038,0.1089910939335823,200
1434,42,6.267981249645042e-05,0.08489157259464264,0.057411715388298035,0.11237143725156784,200
1435,42,6.691975674281518e-05,0.08317425847053528,0.05763547495007515,0.1087130606174469,200
1436,42,8.143483864841983e-05,0.08367252349853516,0.056528814136981964,0.11081622540950775,200
1437,42,6.530419826352347e-05,0.08691951632499695,0.057211145758628845,0.11662789434194565,200
1438,42,9.788803921158735e-05,0.08242905139923096,0.057408612221479416,0.1074494868516922,200
1439,42,0.00012818281781316424,0.08512189984321594,0.05674268305301666,0.11350112408399582,200
1440,42,0.0001713289117712217,0.08480022847652435,0.05721847712993622,0.11238198727369308,200
1441,42,0.00015386304585263133,0.08635368198156357,0.05890554562211037,0.11380182951688766,200
1442,42,0.00021822432366510233,0.08608850091695786,0.05861155316233635,0.11356545984745026,200
1443,42,0.0001628273263728867,0.08127857744693756,0.05655054748058319,0.10600660741329193,200
1444,42,0.00020978590328013524,0.08779965341091156,0.05796701833605766,0.11763228476047516,200
1445,42,0.00028140016850860167,0.08401881903409958,0.056925710290670395,0.11111191660165787,200
1446,42,0.0002223889702387775,0.08547922968864441,0.058537792414426804,0.11242066323757172,200
1447,42,0.00018025977381815514,0.08819349855184555,0.055874500423669815,0.12051248550415039,200
1448,42,0.0002369953969415898,0.08507731556892395,0.05813705921173096,0.11201756447553635,200
1449,42,0.000253999469957004,0.08722241222858429,0.05996466428041458,0.114480160176754,200
1450,42,0.00022831792981984714,0.08513528853654861,0.05728001520037651,0.11299055069684982,200
1451,42,0.00020470463884218285,0.08505269885063171,0.05779910087585449,0.11230631172657013,200
1452,42,0.0002823203831212595,0.08693370223045349,0.05679420754313469,0.1170731782913208,200
1453,42,0.00019985512578083822,0.08651836961507797,0.058631379157304764,0.11440536379814148,200
1454,42,0.0002560316546199222,0.08529887348413467,0.05734900385141373,0.11324874311685562,200
1455,42,0.0003172821258582796,0.08740457892417908,0.05753960460424423,0.11726953834295273,200
1456,42,0.00031788339159296203,0.08431193232536316,0.05814911797642708,0.11047474294900894,200
1457,42,0.00041172520044104505,0.08836138993501663,0.059438034892082214,0.11728474497795105,200
1458,42,0.0004013575962744653,0.08410096168518066,0.05778061971068382,0.1104213073849678,200
1459,42,0.0003672934156687309,0.08371812850236893,0.05814055725932121,0.10929568111896515,200
1460,42,0.00033238382699588936,0.09027139097452164,0.057889532297849655,0.12265326082706451,200
1461,42,0.00028864868606130284,0.08369770646095276,0.058252964168787,0.10914245247840881,200
1462,42,0.00035018215809638303,0.0832492858171463,0.056841444224119186,0.10965713113546371,200
1463,42,0.00023442256497219205,0.08750961720943451,0.05780980363488197,0.11720941960811615,200
1464,42,0.00017420569201931357,0.08624919503927231,0.05920296907424927,0.11329542845487595,200
1465,42,0.00014286675044180205,0.08476720005273819,0.05634729936718941,0.11318708956241608,200
1466,42,0.00013343357810905823,0.08256292343139648,0.05701233446598053,0.10811351984739304,200
1467,42,0.00011614348962514971,0.08336252719163895,0.05793572589755058,0.10878932476043701,200
1468,42,0.00014795171591686085,0.08500542491674423,0.05846622958779335,0.11154461652040482,200
1469,42,0.00014573702840910605,0.082038514316082,0.0565304160118103,0.1075466051697731,200
1470,42,0.00013466991852813712,0.08605822920799255,0.057903680950403214,0.1142127737402916,200
1471,42,0.00016982048206652203,0.08558034896850586,0.05917155742645264,0.11198913305997849,200
1472,42,0.00012380656213887656,0.08131375163793564,0.05722718685865402,0.10540032386779785,200
1473,42,0.00016504828090546653,0.0859040766954422,0.056876279413700104,0.1149318590760231,200
1474,42,0.00026447285199537873,0.0835835412144661,0.05716068670153618,0.11000637710094452,200
1475,42,0.00028874078028214473,0.08634725958108902,0.059595443308353424,0.11309907585382462,200
1476,42,0.00024067919972973564,0.08634352684020996,0.05709337070584297,0.11559366434812546,200
1477,42,0.00021721726807300001,0.08147848397493362,0.05641505867242813,0.10654190927743912,200
1478,42,0.00017124575970228761,0.0854680985212326,0.0577196329832077,0.1132165715098381,200
1479,42,0.00017107176730254045,0.0851752907037735,0.05783534049987793,0.11251523345708847,200
1480,42,0.00013884748720253506,0.08451496064662933,0.057684969156980515,0.11134494096040726,200
1481,42,0.00011078952714645614,0.0837496891617775,0.056880854070186615,0.11061852425336838,200
1482,42,0.00011233861247698466,0.08486738801002502,0.057752575725317,0.11198219656944275,200
1483,42,9.310481012410794e-05,0.08501265943050385,0.056963760405778885,0.11306155472993851,200
1484,42,0.00010390515914574887,0.08212116360664368,0.05603989586234093,0.10820244252681732,200
1485,42,7.166818371236634e-05,0.08542915433645248,0.05804292485117912,0.11281537264585495,200
1486,42,5.817091732751578e-05,0.08446450531482697,0.05763065814971924,0.1112983450293541,200
1487,42,5.726217568735592e-05,0.08307674527168274,0.05615083500742912,0.11000266671180725,200
1488,42,4.353915877193989e-05,0.08426165580749512,0.05765161290764809,0.11087169498205185,200
1489,42,4.606268460823534e-05,0.08200594782829285,0.05655340477824211,0.10745847225189209,200
1490,42,4.2236328833193206e-05,0.08378637582063675,0.05634737014770508,0.11122538149356842,200
1491,42,4.371403823218619e-05,0.08398552983999252,0.056456614285707474,0.11151444911956787,200
1492,42,3.9043526461076304e-05,0.08432433009147644,0.057130616158246994,0.11151804029941559,200
1493,42,3.250688193171906e-05,0.08426370471715927,0.0571102537214756,0.11141715943813324,200
1494,42,4.902984316383178e-05,0.08223395049571991,0.056032005697488785,0.10843590646982193,200
1495,42,6.881979910152343e-05,0.08485868573188782,0.056885357946157455,0.11283201724290848,200
1496,42,7.654353733717774e-05,0.08354362100362778,0.056469645351171494,0.11061760783195496,200
1497,42,5.496585799846798e-05,0.08195905387401581,0.05692833289504051,0.10698976367712021,200
1498,42,6.665464024990797e-05,0.08525484055280685,0.056601632386446,0.11390805244445801,200
1499,42,0.00011539984067591529,0.0833289846777916,0.05625331401824951,0.11040466278791428,200
1500,42,0.00012130586643858503,0.08299610018730164,0.057227566838264465,0.1087646335363388,200
1,42,0.935174822807312,1.1597903966903687,1.0933539867401123,1.2262266874313354,400
2,42,0.7352119833230972,0.9459707736968994,0.8291851282119751,1.0627564191818237,400
3,42,0.6153891632954279,0.7556893229484558,0.6157813668251038,0.8955971002578735,400
4,42,0.47831755379835766,0.5963013768196106,0.4734547436237335,0.7191479206085205,400
5,42,0.3535188337167104,0.4850165545940399,0.3937368094921112,0.5762962698936462,400
6,42,0.28566547979911167,0.4086841642856598,0.34085384011268616,0.4765144884586334,400
7,42,0.29297168801228207,0.37350744009017944,0.3164374530315399,0.4305773973464966,400
8,42,0.24181328589717546,0.3421706557273865,0.29708823561668396,0.38725295662879944,400
9,42,0.2121907894810041,0.3223414719104767,0.28272971510887146,0.3619531989097595,400
10,42,0.2078693906466166,0.31036847829818726,0.2742646634578705,0.34647226333618164,400
11,42,0.1819420928756396,0.2934909462928772,0.26303622126579285,0.3239456117153168,400
12,42,0.18012578785419464,0.27993088960647583,0.25455111265182495,0.3053106367588043,400
13,42,0.17108634114265442,0.26929792761802673,0.25112271308898926,0.28747308254241943,400
14,42,0.1521113303800424,0.26065710186958313,0.24489566683769226,0.276418536901474,400
15,42,0.14383595188458762,0.25256675481796265,0.23864217102527618,0.2664913833141327,400
16,42,0.1366256376107534,0.2454012930393219,0.23213346302509308,0.25866907835006714,400
17,42,0.1433252071340879,0.2333705723285675,0.22556622326374054,0.24117489159107208,400
18,42,0.1195775227000316,0.22497256100177765,0.21683914959430695,0.23310597240924835,400
19,42,0.11459849153955777,0.2211494892835617,0.21370790898799896,0.22859112918376923,400
20,42,0.11127077291409175,0.21443381905555725,0.20787587761878967,0.22099177539348602,400
21,42,0.10673148309191068,0.20894630253314972,0.20507480204105377,0.21281781792640686,400
22,42,0.09788370194534461,0.20415785908699036,0.20217503607273102,0.2061406821012497,400
23,42,0.11031364152828853,0.19822147488594055,0.19698743522167206,0.19945551455020905,400
24,42,0.09454170987010002,0.19757750630378723,0.1957707703113556,0.19938424229621887,400
25,42,0.09986038443942864,0.19259807467460632,0.19287414848804474,0.1923220306634903,400
26,42,0.08551306960483392,0.18968892097473145,0.19066108763217926,0.18871673941612244,400
27,42,0.07756390546758969,0.18713784217834473,0.18396572768688202,0.19030997157096863,400
28,42,0.07256769699354966,0.18350034952163696,0.18044574558734894,0.186554953455925,400
29,42,0.07262863653401534,0.17684943974018097,0.17739523947238922,0.1763036698102951,400
30,42,0.0754642654210329,0.17413528263568878,0.1725274622440338,0.17574314773082733,400
31,42,0.062427038326859474,0.1733737736940384,0.1689201444387436,0.1778274029493332,400
32,42,0.07013849789897601,0.16739580035209656,0.1635429710149765,0.171248659491539,400
33,42,0.056709633519252144,0.16745272278785706,0.16363926231861115,0.17126618325710297,400
34,42,0.060130088279644646,0.1637318730354309,0.1619347184896469,0.16552899777889252,400
35,42,0.056672912711898484,0.16145458817481995,0.15633998811244965,0.16656920313835144,400
36,42,0.05200315328935782,0.15705589950084686,0.15382875502109528,0.16028304398059845,400
37,42,0.04946442320942879,0.15114013850688934,0.14968517422676086,0.15259504318237305,400
38,42,0.04861523459355036,0.14895455539226532,0.14656278491020203,0.15134626626968384,400
39,42,0.04877844328681628,0.15061865746974945,0.14870117604732513,0.15253615379333496,400
40,42,0.04749315294126669,0.14882461726665497,0.14390000700950623,0.15374918282032013,400
41,42,0.04304245548943678,0.14487804472446442,0.14102530479431152,0.14873076975345612,400
42,42,0.04156297259032726,0.1405455768108368,0.13622984290122986,0.14486126601696014,400
43,42,0.038342222571372986,0.13873258233070374,0.13534808158874512,0.14211706817150116,400
44,42,0.03599990252405405,0.13673292100429535,0.133670836687088,0.13979505002498627,400
45,42,0.035229372791945934,0.13610519468784332,0.13248251378536224,0.1397278606891632,400
46,42,0.036511870411535106,0.1342010200023651,0.13055488467216492,0.1378471404314041,400
47,42,0.037630620102087654,0.1316813975572586,0.12935826182365417,0.13400454819202423,400
48,42,0.034146227252980076,0.1309933066368103,0.12785938382148743,0.13412721455097198,400
49,42,0.032655224514504276,0.129637211561203,0.12654311954975128,0.1327313333749771,400
50,42,0.030406697032352287,0.12521475553512573,0.12395771592855453,0.12647178769111633,400
51,42,0.03305888827890158,0.12427166849374771,0.12148883193731308,0.12705451250076294,400
52,42,0.02729591013242801,0.1243564784526825,0.12286095321178436,0.12585200369358063,400
53,42,0.027778334605197113,0.12280779331922531,0.12046410143375397,0.12515148520469666,400
54,42,0.02676407340914011,0.12431482970714569,0.11997237801551819,0.128657266497612,400
55,42,0.02435244309405486,0.12353281676769257,0.11821278184652328,0.12885285913944244,400
56,42,0.024325632490217686,0.12133871763944626,0.11611629277467728,0.12656110525131226,400
57,42,0.024284296669065952,0.12175390124320984,0.11421497166156769,0.1292928010225296,400
58,42,0.023198797833174467,0.118504598736763,0.11212258040904999,0.12488658726215363,400
59,42,0.02364066739877065,0.12008044123649597,0.11420117318630219,0.12595972418785095,400
60,42,0.02447588291640083,0.122426338493824,0.1176517903804779,0.1272008866071701,400
61,42,0.02034615818411112,0.11958035081624985,0.11606799811124802,0.12309268116950989,400
62,42,0.0199729783150057,0.11605323106050491,0.11332666128873825,0.11877980828285217,400
63,42,0.019497032277286053,0.1120966300368309,0.10877218097448349,0.11542108654975891,400
64,42,0.017693182608733576,0.1096966341137886,0.10392700880765915,0.11546625196933746,400
65,42,0.018886663019657135,0.11288825422525406,0.10666417330503464,0.11911233514547348,400
66,42,0.0186591693200171,0.1102396547794342,0.1065596267580986,0.113919697701931,400
67,42,0.01757489734639724,0.10754504799842834,0.10595666617155075,0.10913343727588654,400
68,42,0.01683361005658905,0.10985834151506424,0.10684152692556381,0.11287514865398407,400
69,42,0.016160277960201103,0.10884236544370651,0.10593215376138687,0.11175255477428436,400
70,42,0.015859301667660475,0.10895292460918427,0.10400107502937317,0.11390479654073715,400
71,42,0.01505030800277988,0.10922632366418839,0.10347796976566315,0.11497467011213303,400
72,42,0.016199525600920122,0.10893354564905167,0.10286172479391098,0.11500534415245056,400
73,42,0.014890984321633974,0.10810738056898117,0.10438194125890732,0.11183282732963562,400
74,42,0.014783393281201521,0.10728193074464798,0.10274596512317657,0.11181790381669998,400
75,42,0.015023764688521624,0.10785732418298721,0.10045186430215836,0.11526277661323547,400
76,42,0.01360030643021067,0.1044301986694336,0.10024049133062363,0.10861991345882416,400
77,42,0.014425722106049458,0.10874352604150772,0.10429174453020096,0.11319533735513687,400
78,42,0.013293704017996788,0.10842230916023254,0.10182702541351318,0.11501758545637131,400
79,42,0.0130724737731119,0.10294146835803986,0.09903263300657272,0.1068502739071846,400
80,42,0.012233278093238672,0.10217764228582382,0.09741953015327454,0.10693574696779251,400
81,42,0.011946230505903562,0.10096690058708191,0.09651634842157364,0.10541744530200958,400
82,42,0.01134335195335249,0.10158535838127136,0.09777393937110901,0.10539676249027252,400
83,42,0.010641921466837326,0.10184848308563232,0.09671029448509216,0.10698667913675308,400
84,42,0.011522527784109116,0.10063566267490387,0.09447567909955978,0.10679564625024796,400
85,42,0.011021792267759642,0.1005525290966034,0.09692791104316711,0.10417712479829788,400
86,42,0.01081838272511959,0.09910918772220612,0.09546861052513123,0.10274975001811981,400
87,42,0.01095859349394838,0.09885621815919876,0.09415821731090546,0.10355421900749207,400
88,42,0.010547303827479482,0.09817779809236526,0.09418471902608871,0.10217086970806122,400
89,42,0.009474035197248062,0.09850144386291504,0.09256713092327118,0.1044357493519783,400
90,42,0.009242818147564927,0.10070807486772537,0.0950520858168602,0.10636408627033234,400
91,42,0.009946500339234868,0.09935399144887924,0.09410920739173889,0.104598768055439,400
92,42,0.009995834746708473,0.0980384424328804,0.0936746597290039,0.1024022251367569,400
93,42,0.0089707983036836,0.09663687646389008,0.09276083111763,0.10051292926073074,400
94,42,0.00911192976248761,0.0965057834982872,0.09217772632837296,0.10083385556936264,400
95,42,0.008601970582579574,0.09653153270483017,0.09182373434305191,0.10123934596776962,400
96,42,0.008313151154046258,0.09634615480899811,0.09032698720693588,0.10236533731222153,400
97,42,0.008200451731681824,0.09540315717458725,0.09002652764320374,0.10077979415655136,400
98,42,0.008243774607156714,0.09571551531553268,0.08993669599294662,0.10149434953927994,400
99,42,0.008653117809444666,0.09693221747875214,0.09350039064884186,0.1003640741109848,400
100,42,0.008720556506887078,0.09558609127998352,0.0905800610780716,0.10059211403131485,400
101,42,0.008628128406902155,0.09202337265014648,0.08905566483736038,0.09499108791351318,400
102,42,0.00838824516783158,0.09320560842752457,0.08941832184791565,0.09699291735887527,400
103,42,0.007725161345054706,0.094535231590271,0.08924837410449982,0.09982207417488098,400
104,42,0.007324397951985399,0.09296323359012604,0.08934402465820312,0.09658244997262955,400
105,42,0.007191991278280814,0.09487323462963104,0.08920346945524216,0.10054298490285873,400
106,42,0.007063073494161169,0.09324146807193756,0.0894414484500885,0.09704147279262543,400
107,42,0.007428599754348397,0.09239321202039719,0.08757083117961884,0.09721558541059494,400
108,42,0.0061586054507642984,0.09191591292619705,0.08633067458868027,0.09750117361545563,400
109,42,0.006276874414955576,0.09210057556629181,0.08646979928016663,0.0977313295006752,400
110,42,0.006151542921240131,0.09365684539079666,0.08716566115617752,0.1001480296254158,400
111,42,0.005844143917784095,0.09313274919986725,0.08683652430772781,0.09942898154258728,400
112,42,0.005883409331242244,0.09176728874444962,0.08569839596748352,0.09783617407083511,400
113,42,0.006087259234239657,0.09161759912967682,0.08581583946943283,0.09741934388875961,400
114,42,0.005707160181676348,0.09345687925815582,0.08881508558988571,0.09809867292642593,400
115,42,0.006024959264323115,0.0908825471997261,0.08415447920560837,0.09761061519384384,400
116,42,0.005924944533035159,0.09088758379220963,0.08534451574087143,0.09643066674470901,400
117,42,0.005610621456677715,0.09133243560791016,0.08422787487506866,0.09843700379133224,400
118,42,0.005878420818286638,0.0909472182393074,0.08622023463249207,0.09567420184612274,400
119,42,0.005229622746507327,0.09038218855857849,0.08457018435001373,0.09619418531656265,400
120,42,0.005077581076572339,0.09190477430820465,0.0871434360742569,0.09666610509157181,400
121,42,0.0054213465967526036,0.09010439366102219,0.08400443196296692,0.09620435535907745,400
122,42,0.004683038957106571,0.08995864540338516,0.08456224948167801,0.09535503387451172,400
123,42,0.004891239029044907,0.08886216580867767,0.08213208615779877,0.09559223800897598,400
124,42,0.0047310843753317995,0.0901784673333168,0.08635680377483368,0.09400013089179993,400
125,42,0.004756317978414397,0.09002150595188141,0.08509339392185211,0.09494961053133011,400
126,42,0.004765004928534229,0.09150076657533646,0.08538227528333664,0.09761926531791687,400
127,42,0.004383069773515065,0.08984999358654022,0.08359383046627045,0.0961061492562294,400
128,42,0.0047143912718941765,0.08907996863126755,0.08227787911891937,0.09588203579187393,400
129,42,0.004196391518538197,0.08936189115047455,0.08272000402212143,0.09600375592708588,400
130,42,0.004190526437014341,0.09053225815296173,0.08428315073251724,0.09678135812282562,400
131,42,0.004353594034910202,0.09090330451726913,0.08579673618078232,0.09600988030433655,400
132,42,0.004108075518161058,0.08907577395439148,0.0830567255616188,0.09509481489658356,400
133,42,0.004122255486436188,0.08763539791107178,0.08177240937948227,0.09349837899208069,400
134,42,0.004038944258354604,0.09038714319467545,0.08288880437612534,0.09788547456264496,400
135,42,0.004194740555249155,0.09026961773633957,0.08472823351621628,0.09581100940704346,400
136,42,0.003963046435577174,0.08854234218597412,0.08280730247497559,0.09427735954523087,400
137,42,0.0038391900792097053,0.08711826801300049,0.08110328018665314,0.09313328564167023,400
138,42,0.0036741202929988503,0.08969162404537201,0.08309542387723923,0.09628783911466599,400
139,42,0.0037246358891328177,0.08834785968065262,0.08194654434919357,0.09474918246269226,400
140,42,0.0037485255549351373,0.08848398178815842,0.08280777931213379,0.09416018426418304,400
141,42,0.0035730484717835984,0.08873526006937027,0.0836518257856369,0.09381868690252304,400
142,42,0.003413584471369783,0.08825953304767609,0.08232675492763519,0.09419230371713638,400
143,42,0.003300497269568344,0.08813789486885071,0.081125907599926,0.09514988213777542,400
144,42,0.0037008049354578056,0.08776319772005081,0.08073211461305618,0.09479427337646484,400
145,42,0.003995426115579903,0.08889017254114151,0.08270813524723053,0.09507223963737488,400
146,42,0.003579078591428697,0.08812672644853592,0.08377628028392792,0.09247716516256332,400
147,42,0.0032592579955235124,0.08674273639917374,0.08033457398414612,0.09315087646245956,400
148,42,0.003218080421599249,0.0873868316411972,0.08168219029903412,0.09309147298336029,400
149,42,0.0032415068320309124,0.08799373358488083,0.08240275084972382,0.09358472377061844,400
150,42,0.002994182442004482,0.08676819503307343,0.08043971657752991,0.09309668838977814,400
151,42,0.00298002529113243,0.08608999848365784,0.07958471775054932,0.09259531646966934,400
152,42,0.0030997039284557104,0.0882050171494484,0.08169306814670563,0.09471698850393295,400
153,42,0.0029276239996155104,0.08756542205810547,0.08146621286869049,0.09366463124752045,400
154,42,0.002958512787396709,0.08725481480360031,0.08107533305883408,0.09343431890010834,400
155,42,0.0026827505013595023,0.08696842938661575,0.08025243133306503,0.09368441998958588,400
156,42,0.0027626975594709315,0.08725171536207199,0.08026884496212006,0.09423458576202393,400
157,42,0.0027173874938550093,0.08720114082098007,0.08146288990974426,0.09293938428163528,400
158,42,0.0027704647897432246,0.08631334453821182,0.08027383685112,0.09235284477472305,400
159,42,0.0027759432365807393,0.08751020580530167,0.08089164644479752,0.09412874281406403,400
160,42,0.002832161379046738,0.08675237745046616,0.08173704892396927,0.09176771342754364,400
161,42,0.0029520473520581922,0.0864577516913414,0.08030298352241516,0.09261251240968704,400
162,42,0.002674539340659976,0.08644286543130875,0.07977621257305145,0.09310951828956604,400
163,42,0.0026605799794197083,0.08696399629116058,0.08059171587228775,0.09333626180887222,400
164,42,0.002374814668049415,0.08661901205778122,0.08028307557106018,0.09295495599508286,400
165,42,0.002478597375253836,0.0865236222743988,0.08055251091718674,0.09249473363161087,400
166,42,0.0024803458557774625,0.08610910922288895,0.08029887080192566,0.09191933274269104,400
167,42,0.0024245841001781323,0.08685412257909775,0.08029188215732574,0.09341635555028915,400
168,42,0.0022143078385852277,0.08610367774963379,0.07952679693698883,0.09268058091402054,400
169,42,0.0023944191634655,0.08601152896881104,0.0789966732263565,0.09302637726068497,400
170,42,0.002576762441700945,0.085799440741539,0.07831688970327377,0.09328198432922363,400
171,42,0.0024215278099291027,0.08651372790336609,0.0808119922876358,0.09221545606851578,400
172,42,0.0022991035560456416,0.08517543226480484,0.07914460450410843,0.09120624512434006,400
173,42,0.002487728158788135,0.08474599570035934,0.07813356816768646,0.09135842323303223,400
174,42,0.0024569244123995304,0.08518339693546295,0.0772126168012619,0.0931541696190834,400
175,42,0.0023873334478897354,0.08520353585481644,0.07891499996185303,0.09149207919836044,400
176,42,0.002231750637292862,0.08647465705871582,0.07860644161701202,0.09434285759925842,400
177,42,0.0023283510042044022,0.08608441054821014,0.0796981155872345,0.09247071295976639,400
178,42,0.0020642539020627737,0.08620334416627884,0.07827571034431458,0.0941309779882431,400
179,42,0.0022790782968513668,0.08490370959043503,0.07838480919599533,0.09142260253429413,400
180,42,0.002133045306739708,0.08521512895822525,0.07812468707561493,0.09230557829141617,400
181,42,0.002040452692502489,0.08431656658649445,0.07755499333143234,0.09107813984155655,400
182,42,0.00203886527257661,0.0843748152256012,0.07735560089349747,0.09139403700828552,400
183,42,0.0019737479354565344,0.08525701612234116,0.07825281471014023,0.09226123243570328,400
184,42,0.0018559847376309335,0.08544051647186279,0.07763799279928207,0.09324304759502411,400
185,42,0.0018763067782856524,0.08543240278959274,0.07876566052436829,0.0920991450548172,400
186,42,0.0017695017158985138,0.08495558798313141,0.07690810412168503,0.09300307929515839,400
187,42,0.0017762907470266025,0.08435392379760742,0.07694043964147568,0.09176740795373917,400
188,42,0.0018304958939552307,0.0849485844373703,0.07756892591714859,0.09232824295759201,400
189,42,0.001716072321869433,0.08505512028932571,0.07730361074209213,0.0928066223859787,400
190,42,0.0017446460357556741,0.08504308760166168,0.07788390666246414,0.09220229089260101,400
191,42,0.0018300556888182957,0.08478619158267975,0.07708177715539932,0.09249060600996017,400
192,42,0.001791324291843921,0.08381816744804382,0.0762706995010376,0.09136564284563065,400
193,42,0.0020601331489160657,0.0852944478392601,0.07944195717573166,0.09114693105220795,400
194,42,0.001821197123111536,0.08439851552248001,0.07659951597452164,0.09219752997159958,400
195,42,0.0017260297512014706,0.08423911780118942,0.07647357136011124,0.09200465679168701,400
196,42,0.0016393554979003966,0.083888940513134,0.0769190788269043,0.09085880219936371,400
197,42,0.001605977149059375,0.0840546041727066,0.07642067968845367,0.09168854355812073,400
198,42,0.001539882136664043,0.08434735238552094,0.07761602103710175,0.09107866883277893,400
199,42,0.0016125907422974706,0.08513741940259933,0.0765690803527832,0.09370578080415726,400
200,42,0.0016700971561173599,0.08328299224376678,0.07524249702692032,0.09132348001003265,400
201,42,0.001482359308283776,0.08413410931825638,0.07718263566493988,0.09108557552099228,400
202,42,0.0017043665090265374,0.08429557830095291,0.07755327969789505,0.09103786945343018,400
203,42,0.0016087055555544794,0.08379028737545013,0.07537419348955154,0.09220639616250992,400
204,42,0.0017886146476181846,0.08349709212779999,0.07580278068780899,0.09119139611721039,400
205,42,0.0018420246973012884,0.08510936796665192,0.07898399233818054,0.0912347361445427,400
206,42,0.0015946565157112975,0.08335039019584656,0.0758831799030304,0.09081760048866272,400
207,42,0.0015595434039520721,0.0838644877076149,0.07600747048854828,0.09172151982784271,400
208,42,0.0013540784905975063,0.08354481309652328,0.07716168463230133,0.08992792665958405,400
209,42,0.0014554442022927105,0.08304120600223541,0.07581162452697754,0.09027080237865448,400
210,42,0.0014038681013820071,0.08396381884813309,0.07622455060482025,0.09170309454202652,400
211,42,0.0015847088652662933,0.08319957554340363,0.0748753547668457,0.09152378141880035,400
212,42,0.0014167832753931482,0.0837547704577446,0.07571982592344284,0.09178970754146576,400
213,42,0.0014685600181110203,0.08305401355028152,0.07583968341350555,0.0902683362364769,400
214,42,0.0013210567994974554,0.08301593363285065,0.07517682015895844,0.09085503965616226,400
215,42,0.0013486741421123345,0.08281810581684113,0.0753876268863678,0.09024857729673386,400
216,42,0.001288045197725296,0.0839301347732544,0.076461561024189,0.0913987010717392,400
217,42,0.0014359275325356673,0.08351649343967438,0.07743153721094131,0.08960144221782684,400
218,42,0.001352133627127235,0.08325198292732239,0.07586407661437988,0.0906398817896843,400
219,42,0.0013131487066857517,0.08210527151823044,0.07505381852388382,0.08915671706199646,400
220,42,0.0014000582547547917,0.08392665535211563,0.07627321034669876,0.09158008545637131,400
221,42,0.001216330691628779,0.08313010632991791,0.07487977296113968,0.09138046205043793,400
222,42,0.0011436906643211842,0.08185247331857681,0.07396233826875687,0.08974261581897736,400
223,42,0.001317822141572833,0.08171357959508896,0.07405733317136765,0.08936980366706848,400
224,42,0.0012940606102347374,0.08262791484594345,0.07534285634756088,0.08991297334432602,400
225,42,0.0011204672725095104,0.08196652680635452,0.07386474311351776,0.09006831794977188,400
226,42,0.001126099523389712,0.08294947445392609,0.07496671378612518,0.09093222767114639,400
227,42,0.001164929543544228,0.08246403187513351,0.07479336857795715,0.09013470262289047,400
228,42,0.0010762259092492361,0.08146901428699493,0.07286984473466873,0.09006819874048233,400
229,42,0.0011138343737305452,0.08297325670719147,0.0751594603061676,0.09078703820705414,400
230,42,0.0011422118404880166,0.08282735198736191,0.07598228007555008,0.08967244625091553,400
231,42,0.001046972000040114,0.08147389441728592,0.07327880710363388,0.08966896682977676,400
232,42,0.0011314893490634859,0.08184382319450378,0.07313816994428635,0.09054947644472122,400
233,42,0.0010166802385356277,0.08292748034000397,0.07560959458351135,0.09024536609649658,400
234,42,0.0010892266582231969,0.08236763626337051,0.07416464388370514,0.0905706062912941,400
235,42,0.0010045935535648216,0.08240027725696564,0.07457731664180756,0.09022323787212372,400
236,42,0.0009450119978282601,0.082790307700634,0.0750049278140068,0.0905756875872612,400
237,42,0.0008924344923192015,0.08263090252876282,0.07477983087301254,0.09048199653625488,400
238,42,0.000959364619726936,0.08181192725896835,0.07367593795061111,0.08994793891906738,400
239,42,0.0009614665080637982,0.08225643634796143,0.07364794611930847,0.09086493402719498,400
240,42,0.0010195176194732387,0.0817725658416748,0.07423562556505203,0.08930950611829758,400
241,42,0.0009586704642667124,0.08180462568998337,0.07448286563158035,0.08912640064954758,400
242,42,0.0010314994821480166,0.08185485005378723,0.07470909506082535,0.08900060504674911,400
243,42,0.001105877240964522,0.08212912082672119,0.07398872822523117,0.0902695432305336,400
244,42,0.0009756589618821939,0.08194576948881149,0.07359053194522858,0.09030100703239441,400
245,42,0.000966047664405778,0.08274796605110168,0.0744822695851326,0.09101366996765137,400
246,42,0.0009531840235770991,0.08077192306518555,0.07308206707239151,0.08846178650856018,400
247,42,0.0010281376113804679,0.08169683068990707,0.0732978880405426,0.09009575843811035,400
248,42,0.0010247337534868468,0.0807361900806427,0.07233993709087372,0.08913244307041168,400
249,42,0.0009256328145662943,0.08152006566524506,0.07443007081747055,0.08861006051301956,400
250,42,0.0009710358087128649,0.08251985162496567,0.074910469353199,0.09012924879789352,400
251,42,0.0009616889874450862,0.08219896256923676,0.07390471547842026,0.09049320220947266,400
252,42,0.0009048573556356132,0.08219099044799805,0.07530069351196289,0.0890812873840332,400
253,42,0.0009055558572678516,0.08206887543201447,0.07380111515522003,0.09033660590648651,400
254,42,0.0008810787985567003,0.08074437826871872,0.0728667825460434,0.08862197399139404,400
255,42,0.0008732776235168179,0.08165660500526428,0.0738966092467308,0.08941663056612015,400
256,42,0.0008242570523483058,0.08169686049222946,0.07349284738302231,0.08990088105201721,400
257,42,0.0008965204178821295,0.08180375397205353,0.07378534227609634,0.08982213586568832,400
258,42,0.000829268537927419,0.0809154137969017,0.07293624430894852,0.08889459073543549,400
259,42,0.0008177368824059764,0.0814366415143013,0.0737495869398117,0.0891236960887909,400
260,42,0.0007566202839370817,0.08162195235490799,0.07345860451459885,0.08978526294231415,400
261,42,0.0007199518149718642,0.080718033015728,0.07251811027526855,0.08891796320676804,400
262,42,0.0006611051455062503,0.08112775534391403,0.07305984944105148,0.08919564634561539,400
263,42,0.0006744860778174674,0.08158404380083084,0.07411212474107742,0.08905596286058426,400
264,42,0.0007057998639841875,0.08187321573495865,0.07360853999853134,0.09013791382312775,400
265,42,0.0007530436269007623,0.0802883729338646,0.07151123881340027,0.08906551450490952,400
266,42,0.0007327048903486381,0.08148889243602753,0.07434538006782532,0.08863239735364914,400
267,42,0.0006801854857864479,0.08112891018390656,0.07260381430387497,0.08965398371219635,400
268,42,0.0007008125830907375,0.0807599201798439,0.07243471592664719,0.08908511698246002,400
269,42,0.0006824547793560972,0.08064961433410645,0.07221566140651703,0.08908357471227646,400
270,42,0.0007240679891159137,0.08096157759428024,0.07236143946647644,0.08956171572208405,400
271,42,0.0007151097427898397,0.08072962611913681,0.07280056923627853,0.08865868300199509,400
272,42,0.0006578799026707808,0.08136986941099167,0.07261981815099716,0.09011992067098618,400
273,42,0.0006787914996190617,0.08035676181316376,0.07242999970912933,0.08828353136777878,400
274,42,0.0006482727136850978,0.08064191043376923,0.0720469132065773,0.08923690021038055,400
275,42,0.0005979436294486126,0.0814468115568161,0.0728919506072998,0.09000168740749359,400
276,42,0.0006635928633234774,0.08052618056535721,0.07233752310276031,0.08871482312679291,400
277,42,0.0006611328183983763,0.08098921924829483,0.07281697541475296,0.0891614705324173,400
278,42,0.0006609976165539896,0.08074663579463959,0.07199537754058838,0.0894978865981102,400
279,42,0.0006956306363766392,0.080497145652771,0.0714164674282074,0.08957783132791519,400
280,42,0.0007028561958577484,0.08022621273994446,0.07175767421722412,0.0886947438120842,400
281,42,0.000659692557140564,0.08193636685609818,0.07424633204936981,0.08962639421224594,400
282,42,0.0006272520501321802,0.08108401298522949,0.07272421568632126,0.08944380283355713,400
283,42,0.000641736415370057,0.08037908375263214,0.07185103744268417,0.08890713006258011,400
284,42,0.0006695573150257891,0.08107481896877289,0.07232791930437088,0.08982173353433609,400
285,42,0.0006878794374642894,0.08119617402553558,0.07257170230150223,0.08982063084840775,400
286,42,0.0006565055809915066,0.08185765892267227,0.07337835431098938,0.09033694863319397,400
287,42,0.000664999766740948,0.08106862753629684,0.073080874979496,0.08905638754367828,400
288,42,0.0006186855413640538,0.08033854514360428,0.07236962765455246,0.0883074551820755,400
289,42,0.0005631837896847477,0.08092460036277771,0.07127626985311508,0.09057292342185974,400
290,42,0.0005603605386568233,0.08004744350910187,0.0711611732840538,0.08893370628356934,400
291,42,0.0005809113257176554,0.08132491260766983,0.07240450382232666,0.09024529159069061,400
292,42,0.0005392025341279805,0.08047650009393692,0.07199425250291824,0.08895876258611679,400
293,42,0.00053048825066071,0.08025713264942169,0.07123735547065735,0.08927690237760544,400
294,42,0.00048353965394198895,0.08091246336698532,0.07334917038679123,0.08847574144601822,400
295,42,0.0005639417698451629,0.08071446418762207,0.07125509530305862,0.09017384052276611,400
296,42,0.0005363218078855425,0.08010970056056976,0.07109613716602325,0.08912324905395508,400
297,42,0.000564484013011679,0.08106303215026855,0.07256975769996643,0.08955631405115128,400
298,42,0.0005041891029880693,0.08018060028553009,0.0719272717833519,0.0884338915348053,400
299,42,0.0004911782210304713,0.08103720098733902,0.07209675014019012,0.0899776890873909,400
300,42,0.000529468486395975,0.08079565316438675,0.0718320906162262,0.0897592306137085,400
301,42,0.0004345847579922217,0.08092114329338074,0.0723944902420044,0.08944776654243469,400
302,42,0.00048618833534419537,0.07955483347177505,0.07102271914482117,0.08808696269989014,400
303,42,0.000505526113556698,0.0806717649102211,0.07199230045080185,0.08935124427080154,400
304,42,0.0004653365952738871,0.07982776314020157,0.07133974879980087,0.08831577003002167,400
305,42,0.0004885962334810756,0.08024923503398895,0.07157766073942184,0.08892083168029785,400
306,42,0.00044548659449598443,0.08022578805685043,0.07205948978662491,0.08839210122823715,400
307,42,0.0004731141380034387,0.08013396710157394,0.07113028317689896,0.08913765847682953,400
308,42,0.00046919404121581465,0.07978088408708572,0.07117918878793716,0.08838257193565369,400
309,42,0.00046363881362291676,0.08050379157066345,0.07085328549146652,0.09015429019927979,400
310,42,0.0004604109999490902,0.0798335075378418,0.07148405909538269,0.08818294107913971,400
311,42,0.0004924256403076773,0.08025749027729034,0.0712793841958046,0.0892355889081955,400
312,42,0.000527987785365743,0.0795045867562294,0.07106225937604904,0.08794692903757095,400
313,42,0.0004888652135074759,0.07976210862398148,0.07063326984643936,0.0888909325003624,400
314,42,0.0005418524136378741,0.08019208908081055,0.07116928696632385,0.08921489119529724,400
315,42,0.00047720181949747104,0.07994773983955383,0.07236606627702713,0.08752942085266113,400
316,42,0.00042625441468165565,0.07992328703403473,0.07086459547281265,0.0889819785952568,400
317,42,0.00043388212119073916,0.08043482154607773,0.07135789096355438,0.08951175212860107,400
318,42,0.00043796237150672823,0.07961753010749817,0.07056737691164017,0.08866766095161438,400
319,42,0.00045556000259239227,0.08043242990970612,0.07171060144901276,0.08915425091981888,400
320,42,0.000455189593291531,0.08009558171033859,0.07066906243562698,0.08952212333679199,400
321,42,0.00043489617625406635,0.07953432202339172,0.07059479504823685,0.08847387135028839,400
322,42,0.00044375577514680725,0.0799659714102745,0.07100678980350494,0.08892514556646347,400
323,42,0.00044391738386669505,0.07996394485235214,0.07002688944339752,0.08990099281072617,400
324,42,0.00044940924757005024,0.07946762442588806,0.0705019012093544,0.08843333274126053,400
325,42,0.0004137627499100442,0.08010641485452652,0.07154437154531479,0.08866848051548004,400
326,42,0.00044072594998093945,0.07931036502122879,0.07020868360996246,0.08841206878423691,400
327,42,0.00040537756770694006,0.07999245822429657,0.07079014182090759,0.08919477462768555,400
328,42,0.00034723331191344187,0.07973087579011917,0.0706208124756813,0.08884093165397644,400
329,42,0.00039713703154120594,0.07947031408548355,0.07007875293493271,0.0888618752360344,400
330,42,0.0004231334896758199,0.08015108108520508,0.07101175934076309,0.08929041028022766,400
331,42,0.00037903977014745277,0.07894742488861084,0.06989621371030807,0.0879986435174942,400
332,42,0.0003888821665896103,0.08102231472730637,0.07209570705890656,0.08994891494512558,400
333,42,0.0003988847020082176,0.079942986369133,0.07136428356170654,0.08852171152830124,400
334,42,0.0003904086527957891,0.08066048473119736,0.07117903977632523,0.09014194458723068,400
335,42,0.0004379008266065891,0.07974711805582047,0.07058204710483551,0.08891221880912781,400
336,42,0.00038185192776533466,0.07953216135501862,0.07018934935331345,0.08887498080730438,400
337,42,0.0003914163535227999,0.07960133999586105,0.07036049664020538,0.08884219825267792,400
338,42,0.0003329269529785961,0.07901696860790253,0.07025701552629471,0.08777693659067154,400
339,42,0.00033836545965944725,0.07926210761070251,0.06987424939870834,0.08864996582269669,400
340,42,0.0002989657805301249,0.07967308163642883,0.07058027386665344,0.08876588195562363,400
341,42,0.0003305567903832222,0.07994931191205978,0.07080516964197159,0.08909347653388977,400
342,42,0.00033401472804447013,0.07938828319311142,0.07019741833209991,0.08857913315296173,400
343,42,0.0003545952422427945,0.0799054354429245,0.07149656862020493,0.08831427991390228,400
344,42,0.00044000247241153073,0.08012757450342178,0.07083866745233536,0.08941645920276642,400
345,42,0.00048783844492087763,0.08028214424848557,0.07165735214948654,0.08890693634748459,400
346,42,0.0003697736732040842,0.07942496985197067,0.06978953629732132,0.08906037360429764,400
347,42,0.0003802431795823698,0.07933664321899414,0.07033242285251617,0.08834084868431091,400
348,42,0.000326038997930785,0.08017030358314514,0.07068832963705063,0.08965225517749786,400
349,42,0.00031782420895372826,0.07940840721130371,0.06946481019258499,0.08935201913118362,400
350,42,0.00031837325999125216,0.08001875877380371,0.07065527141094208,0.08938226848840714,400
351,42,0.000337477948050946,0.0796349048614502,0.0704122856259346,0.08885751664638519,400
352,42,0.00040189352390977245,0.0796252116560936,0.06884608417749405,0.09040434658527374,400
353,42,0.000313417998161943,0.0796051099896431,0.06967944651842117,0.08953080326318741,400
354,42,0.00037041593168396503,0.07932834327220917,0.0695141851902008,0.08914249390363693,400
355,42,0.00041707861237227917,0.07836659997701645,0.06876862794160843,0.08796457201242447,400
356,42,0.000482971600528496,0.07884284853935242,0.0699593648314476,0.08772635459899902,400
357,42,0.0003740298901296531,0.08015759289264679,0.07026379555463791,0.09005138278007507,400
358,42,0.0003421489188137154,0.07878085225820541,0.06926383823156357,0.08829786628484726,400
359,42,0.00036780240285831195,0.08022663742303848,0.07025052607059479,0.09020274132490158,400
360,42,0.0003274499492060083,0.07943014800548553,0.06961898505687714,0.08924129605293274,400
361,42,0.0003101946592020492,0.07930197566747665,0.06909739971160889,0.08950654417276382,400
362,42,0.00031365922526068363,0.07991985976696014,0.0700334757566452,0.08980623632669449,400
363,42,0.00028004912261773524,0.07902523130178452,0.06945239752531052,0.08859806507825851,400
364,42,0.0003207683136376242,0.07920960336923599,0.06984523683786392,0.08857397735118866,400
365,42,0.0003190981806255877,0.07908709347248077,0.06849788874387741,0.08967627584934235,400
366,42,0.00029736233652026084,0.07932937890291214,0.06905511766672134,0.08960366249084473,400
367,42,0.0003190847225293207,0.08021704107522964,0.07024753093719482,0.09018652886152267,400
368,42,0.0003351344591161857,0.07929341495037079,0.06945724785327911,0.08912960439920425,400
369,42,0.00034903667983599007,0.07984316349029541,0.070256307721138,0.08943001180887222,400
370,42,0.0003175880895772328,0.07896741479635239,0.06894346326589584,0.08899137377738953,400
371,42,0.0002922089382385214,0.07930131256580353,0.07022159546613693,0.08838102221488953,400
372,42,0.0003082752858366196,0.07970999926328659,0.06996744126081467,0.08945255726575851,400
373,42,0.00031080017167065915,0.07943306118249893,0.06941506266593933,0.08945105224847794,400
374,42,0.0002727598451504794,0.07915420830249786,0.0699458047747612,0.08836258947849274,400
375,42,0.00029085251298965886,0.07951100915670395,0.06968533247709274,0.08933667093515396,400
376,42,0.00024620365487256396,0.0788053572177887,0.06931646168231964,0.08829427510499954,400
377,42,0.00025865560746751726,0.07953456789255142,0.06931745260953903,0.089751698076725,400
378,42,0.00024964468078299734,0.07881751656532288,0.06852617114782333,0.08910887688398361,400
379,42,0.00025719029751295847,0.07902193069458008,0.06942085176706314,0.08862299472093582,400
380,42,0.00024364028892402226,0.07921744138002396,0.068996362388134,0.08943849056959152,400
381,42,0.0002546305089102437,0.07878785580396652,0.0692756175994873,0.08830010890960693,400
382,42,0.00025669444100155186,0.0794023722410202,0.06955019384622574,0.08925454318523407,400
383,42,0.00026260295999236405,0.07933375239372253,0.06897573918104172,0.08969179540872574,400
384,42,0.00026924151461571455,0.07890403270721436,0.06847187131643295,0.08933620899915695,400
385,42,0.00025940699318501476,0.0801611989736557,0.0706774964928627,0.08964492380619049,400
386,42,0.00026568011768783134,0.07901781052350998,0.06852269917726517,0.08951293677091599,400
387,42,0.0002666644819934542,0.07906517386436462,0.06887619942426682,0.08925412595272064,400
388,42,0.00023136725455212095,0.0784512534737587,0.06879336386919022,0.08810912817716599,400
389,42,0.00029259246366564184,0.07954809069633484,0.06995758414268494,0.08913860470056534,400
390,42,0.0003346702481697624,0.07910991460084915,0.06819550693035126,0.09002431482076645,400
391,42,0.0003872302962311854,0.0792720690369606,0.06975873559713364,0.08878539502620697,400
392,42,0.0003193283046130091,0.0804123654961586,0.06981661170721054,0.09100811928510666,400
393,42,0.0005109335082427909,0.07693449407815933,0.06626931577920914,0.08759966492652893,400
394,42,0.00037777232258425403,0.08057897537946701,0.07012429088354111,0.09103366732597351,400
395,42,0.0003521224983463374,0.07920476794242859,0.06893140822649002,0.08947814255952835,400
396,42,0.0003938752076161715,0.0790385976433754,0.06868886202573776,0.08938833326101303,400
397,42,0.0004132662434130907,0.08026144653558731,0.07065536826848984,0.08986750990152359,400
398,42,0.0003212670417269692,0.07845284789800644,0.06852561980485916,0.0883801057934761,400
399,42,0.00026234619387347874,0.07895205914974213,0.06932548433542252,0.08857861906290054,400
400,42,0.0002682857351222386,0.07909233123064041,0.0679473727941513,0.09023726731538773,400
401,42,0.0002847708116557139,0.07894258946180344,0.06889938563108444,0.08898580819368362,400
402,42,0.0003070232196478173,0.07829979062080383,0.06877414137125015,0.08782545477151871,400
403,42,0.0003336914475463952,0.07809591293334961,0.06829825788736343,0.08789356052875519,400
404,42,0.00027458009814533096,0.07959239184856415,0.0699787363409996,0.08920604735612869,400
405,42,0.00023191132883463675,0.07850530743598938,0.06831609457731247,0.08869453519582748,400
406,42,0.0002513064803982464,0.07966563105583191,0.07004734873771667,0.08928391337394714,400
407,42,0.00023246095467281216,0.07911346107721329,0.06973808258771896,0.08848881721496582,400
408,42,0.00020657781230208153,0.07860427349805832,0.06845904141664505,0.08874950557947159,400
409,42,0.0002059703207730005,0.07870224863290787,0.06937181204557419,0.08803270757198334,400
410,42,0.00020625109997733185,0.07911691069602966,0.06923934072256088,0.08899448066949844,400
411,42,0.0002066431455508185,0.07881279289722443,0.06860587000846863,0.08901973813772202,400
412,42,0.00020746900433247598,0.0781719982624054,0.06866678595542908,0.08767720311880112,400
413,42,0.0002680854643889082,0.07958877086639404,0.06991969794034958,0.0892578512430191,400
414,42,0.00024873313183585805,0.07897528260946274,0.06903562694787979,0.08891493827104568,400
415,42,0.00023903665229833374,0.07916855812072754,0.06971894949674606,0.08861816674470901,400
416,42,0.00020538876075685644,0.07895846664905548,0.06909286230802536,0.0888240709900856,400
417,42,0.00020248086851400635,0.0787719115614891,0.0689929723739624,0.08855083584785461,400
418,42,0.00019893036854530996,0.07874681800603867,0.06844127178192139,0.08905235677957535,400
419,42,0.00025177285958003875,0.07818443328142166,0.0690251886844635,0.08734369277954102,400
420,42,0.000226110452786088,0.07898961752653122,0.06884129345417023,0.08913793414831161,400
421,42,0.00024802045421286795,0.07835403829813004,0.06820627301931381,0.08850181847810745,400
422,42,0.00022565756808035076,0.07916412502527237,0.0694446936249733,0.08888354897499084,400
423,42,0.00018069473298965022,0.07933206111192703,0.06892170757055283,0.08974240720272064,400
424,42,0.0002593097451608628,0.07918231934309006,0.070155069231987,0.08820955455303192,400
425,42,0.0002717853882738079,0.07825608551502228,0.06929019093513489,0.08722196519374847,400
426,42,0.0002979875086263443,0.07999086380004883,0.07064793258905411,0.08933380991220474,400
427,42,0.00028472396176463616,0.0785798504948616,0.06938855350017548,0.08777112513780594,400
428,42,0.0002742651364921282,0.07901456207036972,0.06980548053979874,0.0882236510515213,400
429,42,0.0003030928880131493,0.07853712886571884,0.06987963616847992,0.08719461411237717,400
430,42,0.00031706428368731093,0.07878553122282028,0.06907562911510468,0.0884954184293747,400
431,42,0.0003754183853743598,0.07785629481077194,0.06842996925115585,0.08728261291980743,400
432,42,0.0004142804197423781,0.07929293811321259,0.06946395337581635,0.08912193030118942,400
433,42,0.000579959984558324,0.07840918004512787,0.06920778751373291,0.08761058002710342,400
434,42,0.0005990305993085107,0.0780114233493805,0.06710681319236755,0.08891601860523224,400
435,42,0.00041351649269927293,0.07943464815616608,0.06954570859670639,0.08932358771562576,400
436,42,0.00029871785712506,0.07840205729007721,0.0685005709528923,0.08830355107784271,400
437,42,0.00023156249032278234,0.0788155272603035,0.06930932402610779,0.08832171559333801,400
438,42,0.00022417634560648972,0.07874628156423569,0.06891738623380661,0.08857516199350357,400
439,42,0.00023519437915335098,0.0789937824010849,0.06816943734884262,0.08981813490390778,400
440,42,0.0002071513154078275,0.07815740257501602,0.068516805768013,0.08779799938201904,400
441,42,0.00019861478358507156,0.07842885702848434,0.06877312064170837,0.08808458596467972,400
442,42,0.00019526141841197386,0.07822952419519424,0.0686628445982933,0.08779620379209518,400
443,42,0.0001999362042018523,0.07818394154310226,0.06840872019529343,0.0879591703414917,400
444,42,0.00020317638215298453,0.0794057622551918,0.06930261105298996,0.08950891345739365,400
445,42,0.00024410183929527798,0.07866150885820389,0.06903792172670364,0.08828508108854294,400
446,42,0.0002391482582121777,0.07813331484794617,0.06839840114116669,0.08786822110414505,400
447,42,0.00022801363472050676,0.07888337969779968,0.06929748505353928,0.08846927434206009,400
448,42,0.00021542481408687308,0.07780301570892334,0.06843478977680206,0.087171271443367,400
449,42,0.00020002581489582857,0.07794276624917984,0.0683528408408165,0.08753270655870438,400
450,42,0.00020137657459902888,0.07881054282188416,0.06958401948213577,0.08803706616163254,400
451,42,0.00021347319003931867,0.07806005328893661,0.069023996591568,0.08709613233804703,400
452,42,0.00023379086511946903,0.07962965220212936,0.07003340870141983,0.0892259031534195,400
453,42,0.0002054050492006354,0.07794656604528427,0.06852325052022934,0.0873698964715004,400
454,42,0.0001996212862043952,0.07802422344684601,0.06840531527996063,0.08764311671257019,400
455,42,0.00021805954747833312,0.07816312462091446,0.06838372349739075,0.08794250339269638,400
456,42,0.00019267235620645806,0.07865790277719498,0.06885048747062683,0.08846533298492432,400
457,42,0.0002015441277762875,0.07919668406248093,0.06917624920606613,0.08921708911657333,400
458,42,0.0002216207140008919,0.0778622180223465,0.06882084161043167,0.08690360188484192,400
459,42,0.00021670681841593856,0.07786764204502106,0.06894626468420029,0.08678902685642242,400
460,42,0.00021312367365074655,0.07861281931400299,0.06861837953329086,0.08860725909471512,400
461,42,0.00018791753730814284,0.07770077884197235,0.06788524240255356,0.08751631528139114,400
462,42,0.0001808604720281437,0.07832418382167816,0.06886029243469238,0.08778808265924454,400
463,42,0.00021548260216756412,0.07813754677772522,0.06824023276567459,0.08803486824035645,400
464,42,0.00023950441148675358,0.07822958379983902,0.06943093985319138,0.08702822774648666,400
465,42,0.0002025490272596168,0.07758388668298721,0.0677892193198204,0.08737854659557343,400
466,42,0.00021937092242296785,0.0787213072180748,0.0680164322257042,0.0894261822104454,400
467,42,0.00018674975338702401,0.07834985107183456,0.06911347061395645,0.08758620917797089,400
468,42,0.0001865136218839325,0.07800371944904327,0.0683198794722557,0.08768756687641144,400
469,42,0.00018608811660669744,0.07849225401878357,0.06888599693775177,0.08809850364923477,400
470,42,0.00019243718270445243,0.07824413478374481,0.0685751810669899,0.08791308850049973,400
471,42,0.0002067613895633258,0.0782628059387207,0.06893592327833176,0.08758967369794846,400
472,42,0.00024837189266690984,0.07888869941234589,0.06936844438314438,0.08840899169445038,400
473,42,0.00019219757571894056,0.07705377042293549,0.06750847399234772,0.08659908175468445,400
474,42,0.00023165663878899068,0.0786515548825264,0.06907203793525696,0.08823106437921524,400
475,42,0.00025008634353677434,0.07769528031349182,0.06742546707391739,0.08796509355306625,400
476,42,0.00023772585215435052,0.07823172956705093,0.06900631636381149,0.08745715767145157,400
477,42,0.00023871917073847726,0.07820415496826172,0.06898675113916397,0.08742154389619827,400
478,42,0.00020907560853326382,0.07791135460138321,0.06812920421361923,0.08769350498914719,400
479,42,0.00020296930597396567,0.07922272384166718,0.06981801986694336,0.08862745761871338,400
480,42,0.00019722015228277692,0.07793021947145462,0.06904125958681107,0.08681917190551758,400
481,42,0.00020684170643410957,0.07809795439243317,0.06810406595468521,0.08809184283018112,400
482,42,0.0001790839281359998,0.07831219583749771,0.06873416900634766,0.08789022266864777,400
483,42,0.00020968939255302152,0.07751583307981491,0.06878064572811127,0.08625102788209915,400
484,42,0.0002006544430817788,0.07833782583475113,0.0686272606253624,0.08804840594530106,400
485,42,0.0001571532387364035,0.07808224111795425,0.06798410415649414,0.08818039298057556,400
486,42,0.00017562887175396705,0.07782525569200516,0.06807233393192291,0.0875781700015068,400
487,42,0.00016729561199705736,0.07833380252122879,0.06845638900995255,0.08821120113134384,400
488,42,0.0001823512114545641,0.07737898081541061,0.0671379342675209,0.08762003481388092,400
489,42,0.00015842831999179907,0.07773856073617935,0.06840233504772186,0.08707478642463684,400
490,42,0.000173584167593314,0.07762766629457474,0.06771587580442429,0.08753944933414459,400
491,42,0.00015359355044589998,0.07822694629430771,0.06830639392137527,0.08814750611782074,400
492,42,0.00016212684689283682,0.07746762782335281,0.06811704486608505,0.08681820333003998,400
493,42,0.0001709046094523122,0.07788007706403732,0.06740477681159973,0.08835539221763611,400
494,42,0.00020864399266429245,0.07877250760793686,0.06777406483888626,0.08977095782756805,400
495,42,0.0002773866823796804,0.07811803370714188,0.0678946003317833,0.08834146708250046,400
496,42,0.00025310763642967987,0.07796187698841095,0.06810794770717621,0.0878157839179039,400
497,42,0.00026940396734668565,0.07816065102815628,0.06859103590250015,0.08773026615381241,400
498,42,0.0002855756077527379,0.07730906456708908,0.06707609444856644,0.08754203468561172,400
499,42,0.00024869508100285503,0.07726409286260605,0.06782741844654083,0.08670077472925186,400
500,42,0.0002518612939942007,0.07666270434856415,0.06711551547050476,0.08620989322662354,400
501,42,0.0002921105284864704,0.0781988874077797,0.06835998594760895,0.08803778141736984,400
502,42,0.0003602604119805619,0.07684498280286789,0.06757267564535141,0.08611731231212616,400
503,42,0.0002481141952254499,0.0777750313282013,0.06732866913080215,0.08822140097618103,400
504,42,0.00022611113430078453,0.07741554826498032,0.06702511757612228,0.08780596405267715,400
505,42,0.00018832002873144424,0.07748987525701523,0.06803236156702042,0.08694739639759064,400
506,42,0.0001626995460052664,0.07777369022369385,0.0673322007060051,0.0882151871919632,400
507,42,0.000189635514592131,0.07813472300767899,0.06847068667411804,0.08779875189065933,400
508,42,0.00020484356355154887,0.07688725739717484,0.06704793870449066,0.08672657608985901,400
509,42,0.00018118899364102012,0.07795888930559158,0.06770776957273483,0.08821000903844833,400
510,42,0.00015331877511925995,0.07659447938203812,0.0667986050248146,0.08639036864042282,400
511,42,0.00016325935454612286,0.07909639924764633,0.06891082227230072,0.08928194642066956,400
512,42,0.00022090653995595252,0.07697988301515579,0.06807003915309906,0.08588971197605133,400
513,42,0.00021338456038696071,0.0773097574710846,0.06698524206876755,0.08763425797224045,400
514,42,0.0002227308699123872,0.07771911472082138,0.06834588199853897,0.08709235489368439,400
515,42,0.0002722565792889024,0.07716809213161469,0.06761432439088821,0.08672185242176056,400
516,42,0.0002419291292123186,0.07790021598339081,0.06805942207574844,0.08774103224277496,400
517,42,0.00025156699848594144,0.07759960740804672,0.06820056587457657,0.08699865639209747,400
518,42,0.0002762716491512644,0.07691268622875214,0.06824488192796707,0.0855804905295372,400
519,42,0.00029356756567722186,0.07685606181621552,0.0672728642821312,0.08643925935029984,400
520,42,0.0002568159446430703,0.07779610902070999,0.06821701675653458,0.08737517893314362,400
521,42,0.0002455720168654807,0.07649131864309311,0.06742996722459793,0.08555267751216888,400
522,42,0.00023914119568265355,0.07862000912427902,0.06835838407278061,0.08888164162635803,400
523,42,0.0002703374290528397,0.07552329450845718,0.06701581180095673,0.08403078466653824,400
524,42,0.0002634777774801478,0.07814674079418182,0.06788628548383713,0.08840720355510712,400
525,42,0.00032008349323101964,0.0750725269317627,0.06508322060108185,0.08506183326244354,400
526,42,0.000386686937417835,0.07875243574380875,0.06931230425834656,0.08819257467985153,400
527,42,0.00034503203399557,0.07523586601018906,0.06558387726545334,0.08488785475492477,400
528,42,0.00038473190700945753,0.0795367956161499,0.06921429932117462,0.08985929191112518,400
529,42,0.0004380029228438313,0.07527724653482437,0.06585264205932617,0.08470186591148376,400
530,42,0.00045966709634133923,0.07758231461048126,0.06787619739770889,0.08728842437267303,400
531,42,0.0003915721026714891,0.07446947693824768,0.06547480076551437,0.08346415311098099,400
532,42,0.0004352121662426119,0.07919774949550629,0.06723102182149887,0.0911644697189331,400
533,42,0.00043284197454340756,0.07621020823717117,0.06653185933828354,0.08588851988315582,400
534,42,0.00038994024362182245,0.07777620106935501,0.06766391545534134,0.08788849413394928,400
535,42,0.00032007806294132024,0.07682274281978607,0.06664064526557922,0.08700485527515411,400
536,42,0.00030005597848988447,0.07724834978580475,0.06680310517549515,0.08769359439611435,400
537,42,0.00028596551419468597,0.07655642926692963,0.06765932589769363,0.08545354008674622,400
538,42,0.00034768633971301216,0.07900784909725189,0.06668619066476822,0.09132949262857437,400
539,42,0.0003889545623678714,0.07863496989011765,0.06792507320642471,0.08934486657381058,400
540,42,0.00045864049752708524,0.07563218474388123,0.06612356007099152,0.08514080196619034,400
541,42,0.0004196881054667756,0.07790719717741013,0.06896547973155975,0.0868488997220993,400
542,42,0.0003290503639921856,0.0773221105337143,0.0665801391005516,0.08806407451629639,400
543,42,0.0003225637459157345,0.07687510550022125,0.06817279011011124,0.08557744324207306,400
544,42,0.0002780069019839478,0.07644324004650116,0.06654535979032516,0.08634112030267715,400
545,42,0.0002744734459459626,0.07954731583595276,0.07007913291454315,0.08901549130678177,400
546,42,0.00034877719978491467,0.07620619237422943,0.06841568648815155,0.08399667590856552,400
547,42,0.000283743242713778,0.07707402110099792,0.06755806505680084,0.08658997714519501,400
548,42,0.00026644920581020415,0.07600396126508713,0.06599107384681702,0.08601686358451843,400
549,42,0.0002716584907223781,0.07786597311496735,0.06898976117372513,0.08674216270446777,400
550,42,0.0002918867709619614,0.07710281759500504,0.0666041374206543,0.08760151267051697,400
551,42,0.00032891595765249804,0.07773954421281815,0.06775236874818802,0.08772669732570648,400
552,42,0.0002991745641338639,0.07693524658679962,0.0671221911907196,0.08674830943346024,400
553,42,0.00021417788472414637,0.07644951343536377,0.06640898436307907,0.08649003505706787,400
554,42,0.00021947204610720897,0.07715827971696854,0.06721998751163483,0.08709655702114105,400
555,42,0.00021943643999596438,0.07688064873218536,0.06620331853628159,0.08755796402692795,400
556,42,0.00019775111771499118,0.0771840512752533,0.06808856129646301,0.08627954125404358,400
557,42,0.00017448031940148212,0.07625924050807953,0.06627709418535233,0.08624139428138733,400
558,42,0.00016784393180084103,0.07802368700504303,0.0686778873205185,0.08736947178840637,400
559,42,0.00021160014390867823,0.07606140524148941,0.06648316234350204,0.08563966304063797,400
560,42,0.00020164671877864748,0.07659944891929626,0.06728369742631912,0.08591519296169281,400
561,42,0.0002283918826530377,0.07684629410505295,0.0664755254983902,0.0872170627117157,400
562,42,0.00025428985342538607,0.07641030848026276,0.06654879450798035,0.08627180755138397,400
563,42,0.00023130828534097722,0.07677306234836578,0.06729955226182938,0.08624659478664398,400
564,42,0.00018541588118144622,0.07711721211671829,0.06748643517494202,0.08674800395965576,400
565,42,0.00022138599160825834,0.07694163918495178,0.06687361747026443,0.08700967580080032,400
566,42,0.00021893641193552563,0.07716353982686996,0.06665868312120438,0.08766839653253555,400
567,42,0.0002306127110690189,0.0773954913020134,0.0675390437245369,0.08725197613239288,400
568,42,0.00020500960332962373,0.07536060363054276,0.06557469069957733,0.08514650166034698,400
569,42,0.0002173717245265531,0.07674844563007355,0.06727853417396545,0.08621834963560104,400
570,42,0.00022810043446952477,0.07754333317279816,0.06802487373352051,0.08706178516149521,400
571,42,0.00022897811383397007,0.07686221599578857,0.06699059903621674,0.0867338553071022,400
572,42,0.00017339840269414708,0.07655570656061172,0.06672175228595734,0.08638966083526611,400
573,42,0.00014596968442977717,0.07695797830820084,0.0669470801949501,0.08696889132261276,400
574,42,0.00020610305849307528,0.07656700164079666,0.06676498800516129,0.08636902272701263,400
575,42,0.00020678595562155047,0.07715477049350739,0.0663948729634285,0.08791467547416687,400
576,42,0.0001792411130736582,0.07767429947853088,0.06713438779115677,0.08821422606706619,400
577,42,0.00018145857514658323,0.07613760977983475,0.06642603129148483,0.08584919571876526,400
578,42,0.00018190226304189613,0.07607066631317139,0.06614451855421066,0.08599681407213211,400
579,42,0.00015395447432335155,0.07740865647792816,0.06732246279716492,0.0874948501586914,400
580,42,0.00021777521518136686,0.07642222195863724,0.06675300002098083,0.08609144389629364,400
581,42,0.0002087544053210877,0.07651407271623611,0.06663908064365387,0.08638906478881836,400
582,42,0.00021634816221194342,0.07836082577705383,0.06771708279848099,0.08900458365678787,400
583,42,0.00023844798124628142,0.07772140204906464,0.06778807938098907,0.0876547247171402,400
584,42,0.00029745448409812525,0.07782662659883499,0.06906739622354507,0.08658585697412491,400
585,42,0.00048360270254003507,0.07786552608013153,0.06720644980669022,0.08852460980415344,400
586,42,0.0002861970424419269,0.07875306904315948,0.06966565549373627,0.0878404751420021,400
587,42,0.00025894031326364103,0.07688610255718231,0.0668923556804657,0.08687987178564072,400
588,42,0.0003173415461787954,0.07739327102899551,0.06731440871953964,0.08747213333845139,400
589,42,0.00023910494686181968,0.07593543082475662,0.06499814242124557,0.08687269687652588,400
590,42,0.0002721562971904253,0.0772601068019867,0.06783868372440338,0.08668151497840881,400
591,42,0.0002952204570950319,0.07631602883338928,0.06681995093822479,0.08581211417913437,400
592,42,0.0003597983086365275,0.07712118327617645,0.0674627497792244,0.08677960932254791,400
593,42,0.00031871012470219284,0.07523328810930252,0.06605909764766693,0.08440746366977692,400
594,42,0.00040547625879601884,0.07951494306325912,0.06906279176473618,0.08996708691120148,400
595,42,0.0003608752231230028,0.07620587944984436,0.06613557785749435,0.08627618104219437,400
596,42,0.0005365727411117405,0.07870689034461975,0.06998076289892197,0.08743301779031754,400
597,42,0.00048699201821970445,0.07751671224832535,0.06646379828453064,0.08856963366270065,400
598,42,0.0004765246412716806,0.07729846984148026,0.06928371638059616,0.08531320840120316,400
599,42,0.0004139812420665597,0.07545268535614014,0.0654495507478714,0.08545581996440887,400
600,42,0.0003747515438590199,0.07477135956287384,0.06599880009889603,0.08354389667510986,400
601,42,0.0002863073386834003,0.07718750834465027,0.06719333678483963,0.08718167990446091,400
602,42,0.00021571376176628596,0.07546339929103851,0.06588871777057648,0.08503807336091995,400
603,42,0.00022765951143810526,0.07815922796726227,0.06768455356359482,0.08863390982151031,400
604,42,0.00015446470933966339,0.0758424922823906,0.06572344154119492,0.08596155047416687,400
605,42,0.0001965985914769893,0.07706670463085175,0.06689157336950302,0.08724185079336166,400
606,42,0.00018806186320337778,0.07582591474056244,0.06644651293754578,0.0852053165435791,400
607,42,0.000185773739455423,0.07585965096950531,0.06542757898569107,0.08629172295331955,400
608,42,0.0001707345618342515,0.0761139839887619,0.06651263684034348,0.08571532368659973,400
609,42,0.00020736357449398687,0.07575926929712296,0.06554894149303436,0.08596959710121155,400
610,42,0.0002467472853216653,0.07707284390926361,0.06752178817987442,0.0866238921880722,400
611,42,0.00022837287906440906,0.0756734237074852,0.06552223861217499,0.08582459390163422,400
612,42,0.00022497082560827644,0.07580099999904633,0.06637819111347198,0.08522383123636246,400
613,42,0.00024396952358074486,0.07819894701242447,0.06690815091133118,0.08948974311351776,400
614,42,0.0003233854925686804,0.07615169882774353,0.06681955605745316,0.0854838415980339,400
615,42,0.00028888339147670195,0.07583116739988327,0.06541826575994492,0.08624408394098282,400
616,42,0.00021232353174127638,0.07662311941385269,0.0668637603521347,0.08638247102499008,400
617,42,0.00022129602924299738,0.0769662857055664,0.06591542065143585,0.08801715075969696,400
618,42,0.00019515151507221162,0.07648412883281708,0.06646455824375153,0.08650371432304382,400
619,42,0.00025964540206283954,0.07692478597164154,0.06677050143480301,0.08707909286022186,400
620,42,0.00031843096561109024,0.07711915671825409,0.06703277677297592,0.08720555901527405,400
621,42,0.00026791655545821413,0.07610289007425308,0.06559746712446213,0.08660832047462463,400
622,42,0.0001882032969054611,0.0769282802939415,0.06710712611675262,0.08674942702054977,400
623,42,0.00019517001298178607,0.07506202161312103,0.0650433823466301,0.08508066087961197,400
624,42,0.00019132780410776226,0.07699766755104065,0.06726896017789841,0.08672638237476349,400
625,42,0.0001541517910178906,0.07538416981697083,0.06508520990610123,0.08568313717842102,400
626,42,0.00017325070803053677,0.07530190050601959,0.06533336639404297,0.085270456969738,400
627,42,0.00015664587166005126,0.075312040746212,0.06558383256196976,0.08504025638103485,400
628,42,0.00019996038705964261,0.07682248204946518,0.0669453963637352,0.08669956773519516,400
629,42,0.00025925713513667387,0.07773607224225998,0.06736406683921814,0.08810808509588242,400
630,42,0.0002837792320254569,0.07803630828857422,0.0672864094376564,0.08878622204065323,400
631,42,0.0003316281023823346,0.07506881654262543,0.06461752951145172,0.08552010357379913,400
632,42,0.00045224438508739695,0.07653595507144928,0.06642735749483109,0.08664456754922867,400
633,42,0.0003464362938151074,0.07570662349462509,0.06692356616258621,0.08448968082666397,400
634,42,0.00018925751040418012,0.07682356238365173,0.06609610468149185,0.08755101263523102,400
635,42,0.00017788085339513296,0.07618823647499084,0.06615987420082092,0.08621659129858017,400
636,42,0.000141991976609764,0.07623329013586044,0.0658654272556305,0.0866011306643486,400
637,42,0.00017983440799677433,0.07645424455404282,0.06598889082670212,0.08691959083080292,400
638,42,0.00015508583601331338,0.07600125670433044,0.0656619518995285,0.08634056895971298,400
639,42,0.00016952870889023566,0.0769844502210617,0.06736671924591064,0.08660218864679337,400
640,42,0.00023084142837130153,0.07611891627311707,0.06568867713212967,0.08654914796352386,400
641,42,0.00022456355509348214,0.07675416767597198,0.06618232280015945,0.08732602000236511,400
642,42,0.0003078816710816075,0.07477786391973495,0.0648794025182724,0.08467631787061691,400
643,42,0.00018388104460124546,0.07597880810499191,0.06543450057506561,0.08652310818433762,400
644,42,0.00018160646868636832,0.07580431550741196,0.06620710343122482,0.0854015052318573,400
645,42,0.00018209422463163114,0.07656562328338623,0.06653403490781784,0.08659722656011581,400
646,42,0.00016687166498741135,0.07522816210985184,0.06587310135364532,0.08458320796489716,400
647,42,0.00019329393398948014,0.07619313895702362,0.0663047656416893,0.08608150482177734,400
648,42,0.00018175209212737778,0.07630603015422821,0.0672374814748764,0.08537459373474121,400
649,42,0.00029250638181110844,0.07766921073198318,0.06708379834890366,0.08825461566448212,400
650,42,0.0002250510782081013,0.07570444792509079,0.0659923404455185,0.08541657030582428,400
651,42,0.00019432504632277414,0.07732672989368439,0.0670304223895073,0.08762302249670029,400
1,42,0.8309889164837924,0.6492814421653748,0.6088683009147644,0.6896946430206299,800
2,42,0.5348964441906322,0.4053562581539154,0.36622780561447144,0.4444846510887146,800
3,42,0.33796081759712915,0.2833540737628937,0.2751839756965637,0.29152411222457886,800
4,42,0.2364416102116758,0.26027923822402954,0.25048768520355225,0.27007073163986206,800
5,42,0.20741442387754266,0.2411040961742401,0.23814748227596283,0.24406065046787262,800
6,42,0.18357375806028192,0.21227481961250305,0.21478669345378876,0.20976296067237854,800
7,42,0.1599383997646245,0.1994038075208664,0.20345312356948853,0.19535449147224426,800
8,42,0.14414787834340875,0.18803103268146515,0.19328321516513824,0.18277886509895325,800
9,42,0.1284820173274387,0.17641788721084595,0.1806541383266449,0.172181636095047,800
10,42,0.11695134097879584,0.16518031060695648,0.1729489266872406,0.15741166472434998,800
11,42,0.1082169542258436,0.1584697812795639,0.1671389937400818,0.14980056881904602,800
12,42,0.10003353756937114,0.15000101923942566,0.16020908951759338,0.13979297876358032,800
13,42,0.09135655618526718,0.14343446493148804,0.15270188450813293,0.13416700065135956,800
14,42,0.08498317138715224,0.13194891810417175,0.14274819195270538,0.12114965170621872,800
15,42,0.08016349510713057,0.12748748064041138,0.13797502219676971,0.11699994653463364,800
16,42,0.07348924028602513,0.1223955973982811,0.13287024199962616,0.11192094534635544,800
17,42,0.06941750239242207,0.1192251518368721,0.13200095295906067,0.10644935816526413,800
18,42,0.06349605762145737,0.11610320210456848,0.12612448632717133,0.10608189553022385,800
19,42,0.05913362431932579,0.10830395668745041,0.11897674947977066,0.09763117134571075,800
20,42,0.05568333444270221,0.10312406718730927,0.11320243775844574,0.09304571151733398,800
21,42,0.05280399728905071,0.10053957998752594,0.11095736920833588,0.09012177586555481,800
22,42,0.049245027994567696,0.09619198739528656,0.1072181984782219,0.08516580611467361,800
23,42,0.047132119197737084,0.09476666897535324,0.10384712368249893,0.08568622171878815,800
24,42,0.0445490377870473,0.09032859653234482,0.10042805969715118,0.08022914081811905,800
25,42,0.04031556895510717,0.09071479737758636,0.0992789939045906,0.08215059340000153,800
26,42,0.0401423421095718,0.08473954349756241,0.09392470866441727,0.07555439323186874,800
27,42,0.03756142407655716,0.08358543366193771,0.09285683929920197,0.07431404292583466,800
28,42,0.035462791777469894,0.07905405014753342,0.08868201076984406,0.06942610442638397,800
29,42,0.033228933811187744,0.07855422049760818,0.08594288676977158,0.071165531873703,800
30,42,0.032007146288048134,0.07926955074071884,0.08774831891059875,0.07079077512025833,800
31,42,0.031953910873694855,0.07470641285181046,0.08342992514371872,0.06598290055990219,800
32,42,0.030480036173354496,0.07254759222269058,0.08164861798286438,0.06344656646251678,800
33,42,0.028976383873007515,0.06928880512714386,0.07561414688825607,0.06296347081661224,800
34,42,0.026389889588410206,0.07034552842378616,0.07592248916625977,0.06476854532957077,800
35,42,0.026446625590324402,0.06495709717273712,0.07087792456150055,0.05903627723455429,800
36,42,0.024794259870594196,0.06855898350477219,0.07369378209114075,0.06342417746782303,800
37,42,0.023851497606797653,0.06330692768096924,0.06882454454898834,0.057789310812950134,800
38,42,0.023539693602784115,0.06198068708181381,0.06751465052366257,0.05644673481583595,800
39,42,0.02197205317630009,0.06151324883103371,0.06487283110618591,0.0581536740064621,800
40,42,0.02122267538850958,0.05988888069987297,0.06404374539852142,0.05573401600122452,800
41,42,0.022135367955673824,0.057125575840473175,0.06141918525099754,0.05283198133111,800
42,42,0.021491155959665775,0.057682666927576065,0.06225878372788429,0.053106553852558136,800
43,42,0.020073373886671932,0.05840646103024483,0.06261467188596725,0.054198257625103,800
44,42,0.018040205690671097,0.053472768515348434,0.0567326620221138,0.05021287500858307,800
45,42,0.018298254094340584,0.0565480962395668,0.05987584963440895,0.053220342844724655,800
46,42,0.017151841047135265,0.05455644801259041,0.05664021521806717,0.052472688257694244,800
47,42,0.017227765257385643,0.05263325944542885,0.05599992349743843,0.04926658421754837,800
48,42,0.01603313179855997,0.05345632880926132,0.05665631592273712,0.05025634914636612,800
49,42,0.015614918941123919,0.05048508197069168,0.05270536616444588,0.048264797776937485,800
50,42,0.0158499124544588,0.051610879600048065,0.05560392513871193,0.0476178303360939,800
51,42,0.015086905692111362,0.05043425038456917,0.05453362315893173,0.0463348813354969,800
52,42,0.015615969896316528,0.051388394087553024,0.05444201081991196,0.04833477362990379,800
53,42,0.014820166863501072,0.048784468322992325,0.052891477942466736,0.044677454978227615,800
54,42,0.013553254136984999,0.04906120523810387,0.05048525333404541,0.04763716086745262,800
55,42,0.013671279038217935,0.048153772950172424,0.05098520964384079,0.04532233998179436,800
56,42,0.013052244924686172,0.04804481193423271,0.05148540064692497,0.04460421949625015,800
57,42,0.012400847182355144,0.04566999524831772,0.04841762036085129,0.042922377586364746,800
58,42,0.012218728576871481,0.046008385717868805,0.048864684998989105,0.043152086436748505,800
59,42,0.011679367670281366,0.04549288749694824,0.0483146570622921,0.04267112538218498,800
60,42,0.011528837917880579,0.04643018916249275,0.049026455730199814,0.04383392259478569,800
61,42,0.011650169945575974,0.045980773866176605,0.04839706793427467,0.04356449469923973,800
62,42,0.011612763205035166,0.044565048068761826,0.04686091095209122,0.04226918891072273,800
63,42,0.011029915206811645,0.045045748353004456,0.04643676057457924,0.043654732406139374,800
64,42,0.01092243744907054,0.04430581256747246,0.04511222988367081,0.04349939897656441,800
65,42,0.010685469616543163,0.04587036743760109,0.049511510878801346,0.04222921282052994,800
66,42,0.010616780766709284,0.042498938739299774,0.04446788132190704,0.0405300036072731,800
67,42,0.010088770057667385,0.042754530906677246,0.044249869883060455,0.04125918447971344,800
68,42,0.010316966440189968,0.044243812561035156,0.045482221990823746,0.04300540313124657,800
69,42,0.009875933258709583,0.042435240000486374,0.044296249747276306,0.04057422652840614,800
70,42,0.009429667864672163,0.04226033762097359,0.04453383758664131,0.03998684138059616,800
71,42,0.009484906892546198,0.042645081877708435,0.044838499277830124,0.040451668202877045,800
72,42,0.00894041063094681,0.041784461587667465,0.04513854905962944,0.03843037411570549,800
73,42,0.008834948593919928,0.04224453121423721,0.04399214684963226,0.040496908128261566,800
74,42,0.008680850140411745,0.04091465473175049,0.04301292821764946,0.03881638124585152,800
75,42,0.008408487435768951,0.04235806316137314,0.044780295342206955,0.03993583470582962,800
76,42,0.008170867296443745,0.04098482057452202,0.0422588586807251,0.03971078246831894,800
77,42,0.007992926688695496,0.03990667313337326,0.042137496173381805,0.037675850093364716,800
78,42,0.007736640770665624,0.04102703183889389,0.04297417774796486,0.03907989338040352,800
79,42,0.0077739300375634975,0.039715711027383804,0.04254230111837387,0.03688911721110344,800
80,42,0.0078012035228312016,0.040220484137535095,0.04238090664148331,0.038060057908296585,800
81,42,0.0071421117013828325,0.038412220776081085,0.04028387740254402,0.03654056414961815,800
82,42,0.007551749067550356,0.039465442299842834,0.0412076860666275,0.037723198533058167,800
83,42,0.007292779331857508,0.0390285961329937,0.04066111147403717,0.03739607334136963,800
84,42,0.007399644787338647,0.037809476256370544,0.0398678183555603,0.03575114533305168,800
85,42,0.0068449233658611774,0.039889413863420486,0.04304887354373932,0.036729954183101654,800
86,42,0.00664711557328701,0.03819151222705841,0.04028495028614998,0.03609807789325714,800
87,42,0.006734931164167144,0.03828682750463486,0.040158189833164215,0.036415472626686096,800
88,42,0.00684849304062399,0.039150286465883255,0.04109228774905205,0.037208277732133865,800
89,42,0.006436369127847932,0.03784894198179245,0.0402071550488472,0.0354907289147377,800
90,42,0.006116824139925567,0.03810356184840202,0.04110110551118851,0.03510601073503494,800
91,42,0.005901761014353146,0.038391388952732086,0.0406561940908432,0.03612658008933067,800
92,42,0.005957499061795798,0.037901539355516434,0.039782848209142685,0.036020223051309586,800
93,42,0.005875017747960307,0.03666732832789421,0.03865603730082512,0.0346786230802536,800
94,42,0.005808004940097982,0.03710753843188286,0.03868378326296806,0.03553129360079765,800
95,42,0.005922844802791422,0.037113092839717865,0.039416585117578506,0.03480960428714752,800
96,42,0.005748325704850934,0.037125565111637115,0.03885193541646004,0.0353991836309433,800
97,42,0.00568406508219513,0.03646598011255264,0.03861815109848976,0.03431379795074463,800
98,42,0.005530830874869769,0.03712187334895134,0.03909675031900406,0.03514699265360832,800
99,42,0.005311512134291909,0.03670663386583328,0.03909951075911522,0.034313760697841644,800
100,42,0.005196302409537814,0.036305733025074005,0.03875967115163803,0.03385179489850998,800
101,42,0.00532604233277115,0.035477977246046066,0.03747144713997841,0.033484507352113724,800
102,42,0.0056023800279945135,0.037235211580991745,0.040478453040122986,0.033991966396570206,800
103,42,0.00508005944588645,0.03581902012228966,0.03727061301469803,0.034367434680461884,800
104,42,0.004994969518685883,0.03558668866753578,0.037193287163972855,0.03398008272051811,800
105,42,0.004898511825806715,0.03474743291735649,0.03683563321828842,0.03265924006700516,800
106,42,0.004632672273807905,0.0350651741027832,0.03682941570878029,0.03330093249678612,800
107,42,0.004661709218370644,0.036156270653009415,0.03948488086462021,0.03282765671610832,800
108,42,0.005269216754558412,0.03590540215373039,0.03849589824676514,0.03331490233540535,800
109,42,0.004929938141933896,0.03459195792675018,0.03610538691282272,0.03307853266596794,800
110,42,0.004526616793803193,0.03432644531130791,0.036483075469732285,0.03216981142759323,800
111,42,0.004520872988822785,0.035500116646289825,0.037753939628601074,0.03324628993868828,800
112,42,0.004273975966498256,0.03400454670190811,0.035555195063352585,0.03245389834046364,800
113,42,0.004299357999116182,0.034790173172950745,0.03690892085433006,0.03267143294215202,800
114,42,0.004024848913435231,0.03437946364283562,0.036481209099292755,0.03227771446108818,800
115,42,0.0041253017896617,0.03425747528672218,0.03632073849439621,0.03219420835375786,800
116,42,0.004107846455140548,0.035111408680677414,0.03677146136760712,0.03345135971903801,800
117,42,0.004101360237903215,0.03457915037870407,0.03731277957558632,0.03184552118182182,800
118,42,0.003836358833888715,0.03314058110117912,0.034615658223629,0.03166549652814865,800
119,42,0.0038094145711511374,0.03339841216802597,0.03481881693005562,0.03197801485657692,800
120,42,0.003791849213567647,0.03342253714799881,0.035328127443790436,0.031516946852207184,800
121,42,0.003724085378714583,0.03369419649243355,0.03570942208170891,0.03167896717786789,800
122,42,0.0037673736541447315,0.033689916133880615,0.03622493892908096,0.031154891476035118,800
123,42,0.003622610947455872,0.03323199972510338,0.03496497496962547,0.031499020755290985,800
124,42,0.0035351975820958614,0.03416018933057785,0.03665940836071968,0.03166097402572632,800
125,42,0.003538365645164793,0.03270242363214493,0.03441585972905159,0.030988983809947968,800
126,42,0.0036038496446880426,0.033620093017816544,0.03483329340815544,0.03240688517689705,800
127,42,0.004256771094250408,0.033483780920505524,0.035851504653692245,0.031116057187318802,800
128,42,0.003862589999864047,0.033141784369945526,0.03489457815885544,0.031388986855745316,800
129,42,0.0033576695079153233,0.03336173668503761,0.034996237605810165,0.03172723203897476,800
130,42,0.0036437355024232106,0.03163079544901848,0.03332513943314552,0.029936445876955986,800
131,42,0.0038058231796391988,0.03472686558961868,0.03792664036154747,0.031527090817689896,800
132,42,0.0035065254831517286,0.03266914561390877,0.034278783947229385,0.03105950728058815,800
133,42,0.00342210625636984,0.0324254110455513,0.03433605283498764,0.03051477111876011,800
134,42,0.0034830136944285846,0.0335565060377121,0.03547745943069458,0.031635548919439316,800
135,42,0.003614722497083924,0.032999437302351,0.034691594541072845,0.03130728751420975,800
136,42,0.0036147380332377825,0.03393261879682541,0.036437153816223145,0.03142808377742767,800
137,42,0.003496583847498352,0.032358236610889435,0.034075863659381866,0.030640603974461555,800
138,42,0.0032097063641148534,0.032285820692777634,0.033522482961416245,0.031049158424139023,800
139,42,0.0029539873781190677,0.03307419642806053,0.0359644778072834,0.030183911323547363,800
140,42,0.0028560466175390916,0.0329182930290699,0.034422364085912704,0.031414229422807693,800
141,42,0.002881488170136105,0.032956551760435104,0.035708051174879074,0.030205048620700836,800
142,42,0.0029581036122346468,0.032528698444366455,0.034136805683374405,0.030920587480068207,800
143,42,0.002761467486958612,0.03212539479136467,0.03415711969137192,0.030093666166067123,800
144,42,0.00272083675107834,0.03209107369184494,0.033846937119960785,0.030335206538438797,800
145,42,0.0026852672030641274,0.03171385079622269,0.03310967981815338,0.03031802736222744,800
146,42,0.0029453173364427957,0.03195289149880409,0.03364945948123932,0.030256325379014015,800
147,42,0.002837577506645837,0.03221661224961281,0.033597949892282486,0.03083527460694313,800
148,42,0.002563159637661143,0.03182398900389671,0.03361337259411812,0.030034609138965607,800
149,42,0.002831871875307777,0.0331999845802784,0.03565244376659393,0.03074752539396286,800
150,42,0.0026948754887350583,0.030851537361741066,0.03199398145079613,0.029709091410040855,800
151,42,0.00259620355526832,0.03193886950612068,0.0333896279335022,0.030488111078739166,800
152,42,0.0025530589257620954,0.03216724097728729,0.03343557193875313,0.030898910015821457,800
153,42,0.0027228140759027815,0.03152996674180031,0.03344692662358284,0.029613004997372627,800
154,42,0.0025853435720571065,0.03174822777509689,0.0332440622150898,0.030252395197749138,800
155,42,0.0025291307617656207,0.031831108033657074,0.03304487094283104,0.030617350712418556,800
156,42,0.002523007157089358,0.031724847853183746,0.033468443900346756,0.029981253668665886,800
157,42,0.0025358609220182352,0.03201171010732651,0.03402237221598625,0.030001046136021614,800
158,42,0.0025037889241833577,0.03154744952917099,0.0332394577562809,0.02985544688999653,800
159,42,0.00235233588186516,0.0321800522506237,0.03432885557413101,0.030031239613890648,800
160,42,0.0023844581605358558,0.03234727680683136,0.033768825232982635,0.030925726518034935,800
161,42,0.0024391482055017896,0.03149707615375519,0.033195432275533676,0.029798714444041252,800
162,42,0.002413552063940601,0.03112221509218216,0.032669275999069214,0.029575157910585403,800
163,42,0.002566643948243423,0.032741889357566833,0.034274060279130936,0.031209716573357582,800
164,42,0.002806210403584621,0.03209575638175011,0.034774843603372574,0.02941666916012764,800
165,42,0.0026467448968270964,0.03162141144275665,0.033186014741659164,0.03005681000649929,800
166,42,0.002660804639824412,0.03129340708255768,0.033107828348875046,0.029478996992111206,800
167,42,0.002517368528060615,0.03030475042760372,0.03172486275434494,0.028884628787636757,800
168,42,0.002329486274075779,0.032142288982868195,0.03492355719208717,0.029361026361584663,800
169,42,0.002487306927584789,0.03079037182033062,0.03244573622941971,0.02913501299917698,800
170,42,0.0025667585750025783,0.03145138546824455,0.03362921625375748,0.029273558408021927,800
171,42,0.0022915274285796013,0.03125562518835068,0.03279256820678711,0.029718680307269096,800
172,42,0.002055937911129811,0.030474107712507248,0.031937725841999054,0.02901049144566059,800
173,42,0.002138638191602447,0.031224774196743965,0.03293033316731453,0.029519204050302505,800
174,42,0.0021416185402565384,0.0308306235820055,0.032351698726415634,0.02930954471230507,800
175,42,0.0020438074980947104,0.030969882383942604,0.03278739005327225,0.02915237285196781,800
176,42,0.002098053333942186,0.03129627928137779,0.032731540501117706,0.02986101619899273,800
177,42,0.0020522276913239198,0.030962590128183365,0.03253541886806488,0.029389766976237297,800
178,42,0.0019160577053712173,0.030307261273264885,0.03163586184382439,0.028978658840060234,800
179,42,0.002057578605176373,0.030854279175400734,0.03300593048334122,0.028702624142169952,800
180,42,0.001956866345029663,0.030057473108172417,0.031639985740184784,0.0284749623388052,800
181,42,0.001857507756953551,0.029929423704743385,0.03108716383576393,0.028771676123142242,800
182,42,0.001948379488153891,0.03128864988684654,0.033179208636283875,0.02939809113740921,800
183,42,0.0018644625405696306,0.030238520354032516,0.03229500725865364,0.028182029724121094,800
184,42,0.001843547014604238,0.03034469671547413,0.03192747011780739,0.02876192145049572,800
185,42,0.0017192165832966566,0.03025112859904766,0.032225530594587326,0.028276728466153145,800
186,42,0.0018308812815865333,0.030773920938372612,0.03301635757088661,0.028531482443213463,800
187,42,0.0019655398050831122,0.03109731711447239,0.03346848115324974,0.028726160526275635,800
188,42,0.0022509404648603363,0.03176943585276604,0.0341855064034462,0.029353367164731026,800
189,42,0.002153071077455851,0.030502498149871826,0.032700058072805405,0.028304938226938248,800
190,42,0.0020359806843440642,0.030349653214216232,0.03267242759466171,0.028026875108480453,800
191,42,0.0019206075442277572,0.03080359287559986,0.032678112387657166,0.028929073363542557,800
192,42,0.002026149717328901,0.031002795323729515,0.03380735591053963,0.028198232874274254,800
193,42,0.002158467583781616,0.030886858701705933,0.03274141624569893,0.029032303020358086,800
194,42,0.0020096727265891704,0.030514145269989967,0.03259871155023575,0.028429580852389336,800
195,42,0.0018327550920234485,0.030843298882246017,0.03284450247883797,0.028842095285654068,800
196,42,0.0017848553199490364,0.03010362759232521,0.032072290778160095,0.028134973719716072,800
197,42,0.0018940032353963363,0.02950710617005825,0.030740639194846153,0.02827356941998005,800
198,42,0.0017370710107074542,0.03036852739751339,0.031638696789741516,0.029098358005285263,800
199,42,0.0017270926513116467,0.029893577098846436,0.031630516052246094,0.028156636282801628,800
200,42,0.0015815831614996898,0.02992287650704384,0.03191804140806198,0.0279277041554451,800
201,42,0.001592204958962446,0.02977738529443741,0.031130658462643623,0.028424115851521492,800
202,42,0.0015731524538502774,0.030307777225971222,0.03225363790988922,0.028361918404698372,800
203,42,0.0014696083962917328,0.029980339109897614,0.03186871111392975,0.02809196338057518,800
204,42,0.0014755748455751348,0.029817935079336166,0.030949098989367485,0.0286867693066597,800
205,42,0.0014496435495940123,0.030055534094572067,0.03223462402820587,0.027876444160938263,800
206,42,0.001572058599611575,0.02907417342066765,0.03061768040060997,0.027530672028660774,800
207,42,0.0015357537565498867,0.030053775757551193,0.03172636032104492,0.028381187468767166,800
208,42,0.0014520698777315292,0.03005380742251873,0.03161535784602165,0.028492260724306107,800
209,42,0.0014621794001537967,0.028870683163404465,0.030178552493453026,0.027562808245420456,800
210,42,0.0017447445478120987,0.03045441024005413,0.033016882836818695,0.027891933917999268,800
211,42,0.0016086817380379546,0.029721159487962723,0.031037667766213417,0.02840464934706688,800
212,42,0.0015743405621668155,0.030148502439260483,0.032165609300136566,0.02813138999044895,800
213,42,0.0015445979714224284,0.029854167252779007,0.032209448516368866,0.027498889714479446,800
214,42,0.0017037947810339656,0.030591078102588654,0.032373953610658646,0.02880821004509926,800
215,42,0.001804911827837879,0.03087175451219082,0.03378894180059433,0.027954556047916412,800
216,42,0.001603292449462143,0.02998548373579979,0.031663622707128525,0.028307346627116203,800
217,42,0.0015914740083231168,0.029812268912792206,0.031199175864458084,0.028425363823771477,800
218,42,0.0015664885815402324,0.030369572341442108,0.03257238492369652,0.0281667597591877,800
219,42,0.001370659711855379,0.030483683571219444,0.032315444201231,0.028651922941207886,800
220,42,0.0013588690040209754,0.029856914654374123,0.03156914561986923,0.028144685551524162,800
221,42,0.0013571134345097976,0.029765535145998,0.031917378306388855,0.02761368826031685,800
222,42,0.0013743662275373936,0.029503855854272842,0.03074807859957218,0.028259634971618652,800
223,42,0.001420271111948585,0.029564889147877693,0.03167934715747833,0.027450425550341606,800
224,42,0.0013852266869931059,0.02924264781177044,0.031124111264944077,0.027361184358596802,800
225,42,0.0013769956898282874,0.029920045286417007,0.03197338059544563,0.027866702526807785,800
226,42,0.0013237710227258503,0.029106518253684044,0.030752019956707954,0.027461020275950432,800
227,42,0.0014227868735112927,0.029633687809109688,0.03130142763257027,0.02796594239771366,800
228,42,0.0015109532131728802,0.029609305784106255,0.030938664451241493,0.028279952704906464,800
229,42,0.0013848233079029756,0.03011247329413891,0.03205788508057594,0.02816706895828247,800
230,42,0.0012912045296450908,0.029312215745449066,0.03080502152442932,0.027819406241178513,800
231,42,0.001232123378113928,0.02946539968252182,0.03103337250649929,0.0278974287211895,800
232,42,0.0011732566636055708,0.029380297288298607,0.03105832263827324,0.027702270075678825,800
233,42,0.0012116245078769598,0.030192621052265167,0.03218621760606766,0.028199028223752975,800
234,42,0.0012200725455345078,0.029884478077292442,0.031396109610795975,0.02837284468114376,800
235,42,0.0012503415663641963,0.030229728668928146,0.03254971653223038,0.027909738942980766,800
236,42,0.0012403595504689622,0.029654571786522865,0.03152509033679962,0.02778404951095581,800
237,42,0.001188548361162909,0.029681401327252388,0.031455736607313156,0.02790706977248192,800
238,42,0.0013322823532772336,0.02950957976281643,0.030856601893901825,0.028162561357021332,800
239,42,0.0013824499169872565,0.029404500499367714,0.03066941909492016,0.02813957817852497,800
240,42,0.0012150423558936877,0.02903169021010399,0.03080103173851967,0.027262354269623756,800
241,42,0.0012057272939604115,0.029166292399168015,0.030746517702937126,0.027586067095398903,800
242,42,0.001350847903681411,0.030789624899625778,0.03410559520125389,0.027473656460642815,800
243,42,0.0013671568806537173,0.029596062377095222,0.031223416328430176,0.027968712151050568,800
244,42,0.0011973690495572307,0.030338795855641365,0.03253675624728203,0.028140831738710403,800
245,42,0.0011299380249428477,0.0291732344776392,0.031176546588540077,0.02716991864144802,800
246,42,0.0011283909711478786,0.030697880312800407,0.03326937556266785,0.028126386925578117,800
247,42,0.0010729087410833347,0.029535043984651566,0.030947953462600708,0.028122127056121826,800
248,42,0.001100822272498838,0.029083315283060074,0.03129301220178604,0.02687361277639866,800
249,42,0.0012065154256891799,0.029615510255098343,0.03155255690217018,0.027678458020091057,800
250,42,0.0010796007700264454,0.029025016352534294,0.030883830040693283,0.027166204527020454,800
251,42,0.001170857592528178,0.030011501163244247,0.032381851226091385,0.02764114737510681,800
252,42,0.0012462402334098112,0.029148388653993607,0.03136062994599342,0.02693614922463894,800
253,42,0.0012203636367551305,0.029137181118130684,0.030265212059020996,0.028009148314595222,800
254,42,0.0011801477309993722,0.029596593230962753,0.031192373484373093,0.028000811114907265,800
255,42,0.0011401239793155003,0.029726369306445122,0.03236188367009163,0.027090854942798615,800
256,42,0.0010718974570574408,0.028968308120965958,0.030824221670627594,0.027112390846014023,800
257,42,0.000973934424109757,0.029117273166775703,0.030961938202381134,0.027272602543234825,800
258,42,0.0009567340021021664,0.029433004558086395,0.03131479397416115,0.027551209554076195,800
259,42,0.00106811193770475,0.029402058571577072,0.03149149939417839,0.027312619611620903,800
260,42,0.0011863209921019998,0.029390791431069374,0.03148621320724487,0.027295377105474472,800
261,42,0.0012929666025394743,0.029732350260019302,0.03264998644590378,0.026814721524715424,800
262,42,0.0010780906357633119,0.029208755120635033,0.031283047050237656,0.027134466916322708,800
263,42,0.0011082785627381368,0.02951202727854252,0.03103632852435112,0.027987726032733917,800
264,42,0.0012456583472984758,0.029918817803263664,0.032391902059316635,0.027445733547210693,800
265,42,0.0010300870741378856,0.029712237417697906,0.03200872614979744,0.027415746822953224,800
266,42,0.0009449096555313604,0.029430082067847252,0.030988501384854317,0.027871664613485336,800
267,42,0.0010156670786355708,0.029891468584537506,0.03240961581468582,0.02737332507967949,800
268,42,0.0010758805173364553,0.029449326917529106,0.031402088701725006,0.027496565133333206,800
269,42,0.0010364092039791021,0.02892087586224079,0.030641494318842888,0.027200257405638695,800
270,42,0.0009788031615740197,0.029275692999362946,0.031260810792446136,0.02729058265686035,800
271,42,0.0009188248130323535,0.02900906465947628,0.030783994123339653,0.02723412960767746,800
272,42,0.0009117739338597113,0.02908785454928875,0.03087460622191429,0.027301108464598656,800
273,42,0.0009918673313222826,0.029660796746611595,0.03191853687167168,0.027403054758906364,800
274,42,0.001020161032846028,0.029202233999967575,0.030965011566877365,0.027439458295702934,800
275,42,0.0012543592231602154,0.029253210872411728,0.031173240393400192,0.027333177626132965,800
276,42,0.0011576920726590536,0.02918480709195137,0.030814332887530327,0.027555277571082115,800
277,42,0.0010271115302616222,0.029128365218639374,0.03079407662153244,0.027462657541036606,800
278,42,0.00094322158574042,0.02905987948179245,0.03115447424352169,0.02696528285741806,800
279,42,0.0009074992267414927,0.02942286804318428,0.031226933002471924,0.027618803083896637,800
280,42,0.0009480706543068994,0.02901286631822586,0.03062453866004944,0.027401188388466835,800
281,42,0.001017251083712009,0.028754588216543198,0.03027399256825447,0.027235185727477074,800
282,42,0.0009705050827258012,0.03028382547199726,0.03319958969950676,0.02736806310713291,800
283,42,0.0009835976101881401,0.02896050550043583,0.031621795147657394,0.02629922144114971,800
284,42,0.0009703075841323218,0.029724299907684326,0.03205827996134758,0.02739032544195652,800
285,42,0.0008360420311377807,0.02860967256128788,0.0301373191177845,0.02708202786743641,800
286,42,0.0009351734347133474,0.028851784765720367,0.03092825785279274,0.026775311678647995,800
287,42,0.0009309179149568081,0.028905151411890984,0.030834542587399483,0.026975762099027634,800
288,42,0.0009349080342376096,0.02952057309448719,0.03144766017794609,0.02759348228573799,800
289,42,0.0008639797240241685,0.02891046367585659,0.03026876598596573,0.02755216509103775,800
290,42,0.0011025723440318623,0.028556056320667267,0.02986075170338154,0.027251360937952995,800
291,42,0.001180185782934793,0.03055116906762123,0.03276348486542702,0.028338849544525146,800
292,42,0.0009897368303923445,0.030009884387254715,0.03165845200419426,0.02836131677031517,800
293,42,0.0009693103651939468,0.02907046675682068,0.031190788373351097,0.026950141414999962,800
294,42,0.0010385282909158957,0.029358267784118652,0.03148718923330307,0.027229340746998787,800
295,42,0.0009252971980128099,0.03011413849890232,0.0316276028752327,0.028600675985217094,800
296,42,0.0010754911662926052,0.02934941276907921,0.030694294720888138,0.02800453081727028,800
297,42,0.001260718452447856,0.028693746775388718,0.030246777459979057,0.02714071236550808,800
298,42,0.0011197270730256357,0.029491689056158066,0.03167974203824997,0.027303636074066162,800
299,42,0.0013242198355411265,0.028720660135149956,0.030705323442816734,0.026736000552773476,800
300,42,0.0011166930516165767,0.02929949201643467,0.031024165451526642,0.027574816718697548,800
301,42,0.0009732086116194048,0.029237622395157814,0.03124024160206318,0.02723500318825245,800
302,42,0.0008647842015224425,0.028427882120013237,0.030579211190342903,0.02627655304968357,800
303,42,0.0008368762421675704,0.028478583320975304,0.030525151640176773,0.026432018727064133,800
304,42,0.0009251167965968224,0.029269015416502953,0.030486131086945534,0.02805190160870552,800
305,42,0.0010356800366108391,0.028703315183520317,0.030591122806072235,0.0268155075609684,800
306,42,0.0007833744430999187,0.028784697875380516,0.030587581917643547,0.026981819421052933,800
307,42,0.00078803449022499,0.028941955417394638,0.0314619354903698,0.02642197534441948,800
308,42,0.0008622628467326814,0.028212379664182663,0.029987599700689316,0.02643715590238571,800
309,42,0.0008165728808803992,0.02927427738904953,0.03102063573896885,0.027527909725904465,800
310,42,0.001032087835483253,0.028309907764196396,0.03055044449865818,0.02606937102973461,800
311,42,0.0010719957168806684,0.02836313098669052,0.03034336119890213,0.026382900774478912,800
312,42,0.0010117305474440482,0.0291513130068779,0.031424276530742645,0.026878349483013153,800
313,42,0.0011405846082859418,0.028931764885783195,0.03144390881061554,0.0264196265488863,800
314,42,0.0008941117822277275,0.029492951929569244,0.033035967499017715,0.02594994194805622,800
315,42,0.0008918898952701552,0.029131613671779633,0.031141793355345726,0.02712143398821354,800
316,42,0.0010091723842461679,0.02850976586341858,0.03099539503455162,0.026024140417575836,800
317,42,0.0010473000584170222,0.02918027527630329,0.032531917095184326,0.02582862786948681,800
318,42,0.0008867464282295921,0.0283692367374897,0.030266813933849335,0.026471655815839767,800
319,42,0.0007753353936343708,0.029391774907708168,0.03232074901461601,0.026462798938155174,800
320,42,0.0008151145778935064,0.02830527164041996,0.02993199974298477,0.02667854353785515,800
321,42,0.0008576699818315154,0.028940070420503616,0.03085777349770069,0.027022365480661392,800
322,42,0.001028120025611398,0.02802526205778122,0.030304783955216408,0.02574574388563633,800
323,42,0.0011285577995956621,0.028436416760087013,0.030376577749848366,0.02649625390768051,800
324,42,0.0010906448852355506,0.02746221423149109,0.029634980484843254,0.025289444252848625,800
325,42,0.0011356387245045466,0.028643734753131866,0.03063681162893772,0.02665065787732601,800
326,42,0.0010635969387790697,0.029085494577884674,0.031005289405584335,0.027165694162249565,800
327,42,0.0007624440292023461,0.028779536485671997,0.03110986016690731,0.026449214667081833,800
328,42,0.0009265251944518902,0.028674539178609848,0.030876008793711662,0.026473073288798332,800
329,42,0.0008934498341246085,0.029261605814099312,0.031905364245176315,0.02661784552037716,800
330,42,0.0008928166247311641,0.029636839404702187,0.030545642599463463,0.028728041797876358,800
331,42,0.0008691592004404149,0.02894132025539875,0.030637741088867188,0.027244897559285164,800
332,42,0.0008391676502386955,0.029054531827569008,0.030661122873425484,0.02744794450700283,800
333,42,0.0008379994542337954,0.028446193784475327,0.030376438051462173,0.026515943929553032,800
334,42,0.0007909827373540876,0.028564931824803352,0.031023098155856133,0.02610676735639572,800
335,42,0.0007664136831987311,0.028642144054174423,0.030209187418222427,0.02707510255277157,800
336,42,0.0010697529862888834,0.027923746034502983,0.029458114877343178,0.02638937719166279,800
337,42,0.0011115848848765547,0.02907460927963257,0.03152875229716301,0.026620468124747276,800
338,42,0.0009870141353034837,0.028535030782222748,0.030591586604714394,0.026478474959731102,800
339,42,0.0007020051442933353,0.02815384417772293,0.03062804788351059,0.025679636746644974,800
340,42,0.0006355652850205926,0.0281879510730505,0.030201204121112823,0.026174701750278473,800
341,42,0.000651537456592037,0.02868538722395897,0.03105861321091652,0.026312164962291718,800
342,42,0.0006177550980778919,0.028694503009319305,0.030581923201680183,0.02680707909166813,800
343,42,0.0007033223148689351,0.02786567062139511,0.02955659292638302,0.02617475390434265,800
344,42,0.000750002123161473,0.028718652203679085,0.03074561432003975,0.026691686362028122,800
345,42,0.0007855628289028325,0.028714030981063843,0.030953483656048775,0.02647457644343376,800
346,42,0.0007728054108817807,0.028182966634631157,0.030361361801624298,0.026004577055573463,800
347,42,0.0007449755053543909,0.02813796140253544,0.030553366988897324,0.025722555816173553,800
348,42,0.0006404026326808063,0.02819973975419998,0.030334122478961945,0.02606535516679287,800
349,42,0.0006330724281724542,0.02814074046909809,0.030001724138855934,0.026279758661985397,800
350,42,0.0008828806246376851,0.02899734303355217,0.0312655009329319,0.02672918699681759,800
351,42,0.0007634983948347243,0.028827331960201263,0.031109284609556198,0.02654537744820118,800
352,42,0.0006963746722745286,0.028018783777952194,0.030713103711605072,0.025324467569589615,800
353,42,0.0007802799439311705,0.027890289202332497,0.03008054569363594,0.025700030848383904,800
354,42,0.0007134001432198354,0.028805730864405632,0.030780037865042686,0.02683142013847828,800
355,42,0.0006949128053913063,0.02793288789689541,0.030076051130890846,0.02578972652554512,800
356,42,0.0007050474153154275,0.02766820229589939,0.029500169679522514,0.02583623304963112,800
357,42,0.0006758174858987331,0.02840152196586132,0.03010587953031063,0.026697158813476562,800
358,42,0.0006775130671237341,0.02900102362036705,0.030824536457657814,0.027177508920431137,800
359,42,0.0007704967759888281,0.02881746180355549,0.03080189973115921,0.026833025738596916,800
360,42,0.0007313790027348494,0.028568001464009285,0.031296256929636,0.025839749723672867,800
361,42,0.0007546729334122078,0.029203107580542564,0.03211243078112602,0.026293786242604256,800
362,42,0.0008313543353737755,0.02879856899380684,0.031021585687994957,0.026575548574328423,800
363,42,0.0009714412259530615,0.0288553349673748,0.03131958097219467,0.02639109641313553,800
364,42,0.0008023516539568928,0.028911450877785683,0.031232722103595734,0.02659018523991108,800
365,42,0.0006503897655585951,0.028003377839922905,0.030098620802164078,0.02590813674032688,800
366,42,0.0006218907894270325,0.02765657939016819,0.02932785265147686,0.02598530799150467,800
367,42,0.0006448434062556109,0.028235018253326416,0.029765991494059563,0.026704048737883568,800
368,42,0.0007693671293302693,0.028023365885019302,0.030055757611989975,0.02599097229540348,800
369,42,0.0007168642319315536,0.027470815926790237,0.02942042239010334,0.025521202012896538,800
370,42,0.000691924593411386,0.028435328975319862,0.030015183612704277,0.0268554724752903,800
371,42,0.0006887340648311445,0.02919086441397667,0.03155798092484474,0.026823749765753746,800
372,42,0.0006201489384032109,0.02915670908987522,0.03091551922261715,0.027397891506552696,800
373,42,0.0006724195184440098,0.0278597641736269,0.030196689069271088,0.025522831827402115,800
374,42,0.0007301514481448314,0.028677744790911674,0.030660178512334824,0.026695311069488525,800
375,42,0.0007347262527962977,0.028590725734829903,0.029818128794431686,0.027363324537873268,800
376,42,0.0006357300576796247,0.028560014441609383,0.03070235624909401,0.026417672634124756,800
377,42,0.0007003813595722684,0.027551569044589996,0.029894502833485603,0.02520863339304924,800
378,42,0.0007714538739740171,0.028306016698479652,0.031001480296254158,0.025610554963350296,800
379,42,0.0007303409881635823,0.028034668415784836,0.03026397153735161,0.025805363431572914,800
380,42,0.0006607628496236761,0.028377024456858635,0.029719002544879913,0.027035046368837357,800
381,42,0.0007416449476626109,0.027813654392957687,0.029950464144349098,0.025676846504211426,800
382,42,0.0007815744346854361,0.028024721890687943,0.02987256646156311,0.026176873594522476,800
383,42,0.0007071678912986747,0.028615931048989296,0.031081175431609154,0.026150694116950035,800
384,42,0.0007634942779656161,0.028340529650449753,0.030506515875458717,0.02617454156279564,800
385,42,0.0010737124512988057,0.02961280755698681,0.032727934420108795,0.02649768255650997,800
386,42,0.0008171709725336933,0.028164030984044075,0.030801843851804733,0.02552621439099312,800
387,42,0.0006684405062432317,0.02844751626253128,0.03045635297894478,0.02643868513405323,800
388,42,0.0007267018478490751,0.028315344825387,0.03021976910531521,0.026410914957523346,800
389,42,0.0006017705256288701,0.02837231568992138,0.03052820824086666,0.026216423138976097,800
390,42,0.00064202818215232,0.028398636728525162,0.03052685596048832,0.026270419359207153,800
391,42,0.0007403600452975793,0.02732759714126587,0.02925363928079605,0.02540154941380024,800
392,42,0.0005478472739923745,0.028274549171328545,0.03084200620651245,0.025707097724080086,800
393,42,0.0006003901203670962,0.028587581589818,0.030914578586816788,0.026260586455464363,800
394,42,0.0007059449086558412,0.02829408273100853,0.03029577061533928,0.02629239112138748,800
395,42,0.0006439667962364514,0.028048111125826836,0.030405325815081596,0.025690900161862373,800
396,42,0.0007170078408142382,0.028482763096690178,0.030132459476590157,0.02683306485414505,800
397,42,0.0007995775615034455,0.027782026678323746,0.030054258182644844,0.025509795174002647,800
398,42,0.0007236956311813133,0.02880578674376011,0.030174611136317253,0.027436958625912666,800
399,42,0.0006195631629618055,0.028478650376200676,0.02976440265774727,0.02719290181994438,800
400,42,0.0005978315497155894,0.028418948873877525,0.030406450852751732,0.02643144130706787,800
401,42,0.0005941393795761873,0.027944203466176987,0.03008335642516613,0.025805052369832993,800
402,42,0.0006253268934828652,0.02788466215133667,0.029652288183569908,0.026117034256458282,800
403,42,0.0006396012613549829,0.02915698103606701,0.031865306198596954,0.026448659598827362,800
404,42,0.0010123387645845387,0.02888915129005909,0.03084791824221611,0.02693038061261177,800
405,42,0.0010502936043353243,0.027805255725979805,0.03009823150932789,0.02551228366792202,800
406,42,0.0010196159392679956,0.027156177908182144,0.028421200811862946,0.02589115872979164,800
407,42,0.0008458892116323113,0.027630794793367386,0.03015005588531494,0.02511153742671013,800
408,42,0.0007371135818010026,0.029070518910884857,0.03146909549832344,0.026671944186091423,800
409,42,0.0007096329143016853,0.027377810329198837,0.029408248141407967,0.025347374379634857,800
410,42,0.0008301943466490643,0.02748476341366768,0.029429884627461433,0.025539636611938477,800
411,42,0.000968434604477476,0.02805369533598423,0.029547428712248802,0.02655995637178421,800
412,42,0.0007215087005699223,0.02743575908243656,0.029421931132674217,0.025449585169553757,800
413,42,0.0006056616971777244,0.02744230069220066,0.02960282191634178,0.025281786918640137,800
414,42,0.0005838981226340613,0.027957726269960403,0.029706131666898727,0.02620931714773178,800
415,42,0.0006603217440318655,0.02684701606631279,0.029090719297528267,0.024603310972452164,800
416,42,0.000725877884013409,0.027951346710324287,0.030089696869254112,0.025812994688749313,800
417,42,0.0008481815880672498,0.02785571664571762,0.029879868030548096,0.025831563398241997,800
418,42,0.0007067058097825131,0.028595561161637306,0.03082948550581932,0.026361636817455292,800
419,42,0.0007225039589684457,0.02770700491964817,0.029172729700803757,0.026241280138492584,800
420,42,0.0006269175580448725,0.028013264760375023,0.02972801961004734,0.026298513635993004,800
421,42,0.0005963580148421566,0.02767040580511093,0.02901444397866726,0.026326365768909454,800
422,42,0.0005675810839007186,0.028086869046092033,0.02975933440029621,0.026414398103952408,800
423,42,0.0007792783250227909,0.02771010249853134,0.029310818761587143,0.02610938996076584,800
424,42,0.000860533454794098,0.028197381645441055,0.030046777799725533,0.02634798362851143,800
425,42,0.0007269281618805094,0.028148429468274117,0.0301649272441864,0.02613193355500698,800
426,42,0.0009296205667355521,0.028022533282637596,0.03036567009985447,0.025679390877485275,800
427,42,0.001101292288777503,0.02702210657298565,0.028409715741872787,0.02563450299203396,800
428,42,0.0009796083269810135,0.02789519913494587,0.030021391808986664,0.025768999010324478,800
429,42,0.0006845437164884061,0.028048556298017502,0.030441438779234886,0.025655679404735565,800
430,42,0.0006578297814650631,0.026993686333298683,0.02904178947210312,0.024945586919784546,800
431,42,0.000600666344821961,0.028445465490221977,0.03063141368329525,0.026259515434503555,800
432,42,0.0007311227117580446,0.028190668672323227,0.029718514531850815,0.02666281908750534,800
433,42,0.0006297213496343994,0.027095291763544083,0.028335122391581535,0.02585546486079693,800
434,42,0.0006450369599571621,0.0265507809817791,0.028604168444871902,0.024497389793395996,800
435,42,0.00069707860133018,0.027168191969394684,0.02835918590426445,0.025977198034524918,800
436,42,0.0006247645598539913,0.027212923392653465,0.028861040249466896,0.025564802810549736,800
437,42,0.0006102245295716619,0.02748294733464718,0.029304852709174156,0.025661032646894455,800
438,42,0.0006945640462535349,0.027126850560307503,0.028859218582510948,0.025394486263394356,800
439,42,0.000715371562612497,0.027527468279004097,0.030408846214413643,0.024646086618304253,800
440,42,0.0006446233733599497,0.027567891404032707,0.02954944223165512,0.025586340576410294,800
441,42,0.0004945935374549167,0.027761762961745262,0.029880980029702187,0.025642549619078636,800
442,42,0.0005074039138641886,0.02753255143761635,0.029330693185329437,0.025734413415193558,800
443,42,0.00048393326737409967,0.026935722678899765,0.02853744849562645,0.025333993136882782,800
444,42,0.000545361388834532,0.027552830055356026,0.029303813353180885,0.025801848620176315,800
445,42,0.0006296149169264191,0.027889451012015343,0.029311323538422585,0.026467574760317802,800
446,42,0.0007843401081944731,0.027929574251174927,0.02920485846698284,0.026654284447431564,800
447,42,0.0007575217697938734,0.027545344084501266,0.029824793338775635,0.025265900418162346,800
448,42,0.0006146597284400327,0.02721683867275715,0.029467225074768066,0.024966442957520485,800
449,42,0.0005089124447708441,0.026828477159142494,0.028220856562256813,0.025436103343963623,800
450,42,0.000552345519694923,0.027202649042010307,0.029200909659266472,0.02520439215004444,800
451,42,0.0007153012900909579,0.02719074673950672,0.02909739688038826,0.025284094735980034,800
452,42,0.0009056431008502841,0.027117528021335602,0.030084220692515373,0.02415083721280098,800
453,42,0.0007567523968067359,0.02740895189344883,0.029626687988638878,0.02519121579825878,800
454,42,0.0006655056812715801,0.027305329218506813,0.02929782308638096,0.025312835350632668,800
455,42,0.0005970220055050132,0.02669915184378624,0.02847040817141533,0.02492789551615715,800
456,42,0.0006566955760883337,0.027533305808901787,0.02826925739645958,0.026797359809279442,800
457,42,0.0008018269806846299,0.027477536350488663,0.02863304130733013,0.02632203884422779,800
458,42,0.0006948671203148974,0.02745385654270649,0.028807038441300392,0.026100676506757736,800
459,42,0.0007212370136668059,0.028690224513411522,0.031028347089886665,0.026352107524871826,800
460,42,0.0007359645678661764,0.027971530333161354,0.028984202072024345,0.026958860456943512,800
461,42,0.0007716152229642665,0.028518538922071457,0.030265754088759422,0.02677132748067379,800
462,42,0.000828043340747668,0.028031058609485626,0.02998954989016056,0.02607256919145584,800
463,42,0.0011331415206024592,0.029191935434937477,0.032534901052713394,0.02584897354245186,800
464,42,0.0009654648972421207,0.028495190665125847,0.031061112880706787,0.025929272174835205,800
465,42,0.00109562624394047,0.027787990868091583,0.029191793873906136,0.026384184136986732,800
466,42,0.0012370840942656453,0.02775883488357067,0.029116742312908173,0.02640092931687832,800
467,42,0.0009533697262999009,0.02632073685526848,0.028654340654611588,0.02398713305592537,800
468,42,0.0007600987975654954,0.028203237801790237,0.030694734305143356,0.02571173943579197,800
469,42,0.000552599495594305,0.026988785713911057,0.029084693640470505,0.02489287778735161,800
470,42,0.0007023467491804199,0.027347922325134277,0.02910158410668373,0.025594262406229973,800
471,42,0.0006323587228755721,0.027164364233613014,0.02851005457341671,0.02581867203116417,800
472,42,0.0005427733280653642,0.02734558656811714,0.028715454041957855,0.025975722819566727,800
473,42,0.000513468419244005,0.027184627950191498,0.029115626588463783,0.025253629311919212,800
474,42,0.0004655361990444362,0.027020728215575218,0.028830530121922493,0.025210928171873093,800
475,42,0.00048160838989794934,0.027061037719249725,0.029273686930537224,0.02484838292002678,800
476,42,0.0004138558288104832,0.02712666243314743,0.0288393571972847,0.02541397139430046,800
477,42,0.0004769018917365677,0.027161842212080956,0.028242267668247223,0.026081416755914688,800
478,42,0.0005436208712953058,0.0269062127918005,0.027991075068712234,0.025821348652243614,800
479,42,0.0006406578494616869,0.026828346773982048,0.02797974832355976,0.025676945224404335,800
480,42,0.00047073068509979004,0.02761082537472248,0.029191967099905014,0.026029687374830246,800
481,42,0.0004943313119425015,0.026840034872293472,0.028352834284305573,0.025327233597636223,800
482,42,0.0004642686478539624,0.0263640359044075,0.02791677974164486,0.024811292067170143,800
483,42,0.0004378420046784661,0.026356613263487816,0.028278304263949394,0.024434924125671387,800
484,42,0.0004876386506525292,0.027518220245838165,0.029447542503476143,0.025588897988200188,800
485,42,0.0004968668085480617,0.026612509042024612,0.028521796688437462,0.024703215807676315,800
486,42,0.0005295998919543556,0.02729993872344494,0.028423327952623367,0.02617654949426651,800
487,42,0.0006009538165843961,0.027236465364694595,0.02909707836806774,0.0253758504986763,800
488,42,0.0008947302439165386,0.029122812673449516,0.032482486218214035,0.02576313726603985,800
489,42,0.0009279966894113882,0.02732996456325054,0.029360651969909668,0.025299282744526863,800
490,42,0.000715577625669539,0.02697414718568325,0.028300918638706207,0.025647375732660294,800
491,42,0.0007041270199062473,0.026984600350260735,0.027813153341412544,0.026156054809689522,800
492,42,0.0007553837494924664,0.027381939813494682,0.028876446187496185,0.02588743530213833,800
493,42,0.0005726272753566842,0.02764996886253357,0.029207980260252953,0.026091957464814186,800
494,42,0.0005719735504085706,0.02679857425391674,0.028798075392842293,0.02479906938970089,800
495,42,0.0005402069813995199,0.0271665770560503,0.028274420648813248,0.026058731600642204,800
496,42,0.0006980047963390297,0.026364747434854507,0.02816188335418701,0.024567607790231705,800
497,42,0.0005575485040687702,0.02686981111764908,0.027967389672994614,0.025772234424948692,800
498,42,0.0005846527426249602,0.027352966368198395,0.029602162539958954,0.025103772059082985,800
499,42,0.0006840733403805643,0.027815721929073334,0.030424317345023155,0.025207122787833214,800
500,42,0.0007244955578988248,0.027682611718773842,0.030092449858784676,0.025272775441408157,800
501,42,0.0007279598397541453,0.02755488082766533,0.028862394392490387,0.02624737098813057,800
502,42,0.0006216173562940887,0.025972193107008934,0.027400603517889977,0.02454378455877304,800
503,42,0.0007871262020092796,0.02641942910850048,0.028118960559368134,0.02471989393234253,800
504,42,0.0006841148318595846,0.026676015928387642,0.027773374691605568,0.025578653439879417,800
505,42,0.0007736638495275242,0.027262961491942406,0.028662828728556633,0.025863097980618477,800
506,42,0.0008533147364770147,0.025826672092080116,0.027602268382906914,0.02405107393860817,800
507,42,0.0006649254884740168,0.0270888339728117,0.028248848393559456,0.025928819552063942,800
508,42,0.0005455978230615569,0.02670993097126484,0.02797514572739601,0.025444714352488518,800
509,42,0.000497445387405936,0.027461418882012367,0.029492991045117378,0.025429842993617058,800
510,42,0.0004994776655538855,0.02671850472688675,0.027943767607212067,0.025493234395980835,800
511,42,0.0005448328553360294,0.027134491130709648,0.028515111654996872,0.025753876194357872,800
512,42,0.000569770160258155,0.027750488370656967,0.02947297878563404,0.026027994230389595,800
513,42,0.0006310938809871335,0.027031200006604195,0.028462881222367287,0.0255995225161314,800
514,42,0.0005630226726432077,0.0273863784968853,0.02932414412498474,0.025448612868785858,800
515,42,0.000557398756923662,0.027027271687984467,0.02887231484055519,0.02518223039805889,800
516,42,0.0004891016208355061,0.026947418227791786,0.02893250063061714,0.02496233582496643,800
517,42,0.0005010252458636056,0.02746724896132946,0.029392315074801445,0.025542182847857475,800
518,42,0.000559391022596339,0.02677733078598976,0.02903374470770359,0.024520916864275932,800
519,42,0.0004974606510421091,0.02736426517367363,0.028924720361828804,0.025803811848163605,800
520,42,0.0005657722729004242,0.027018271386623383,0.029045142233371735,0.024991396814584732,800
521,42,0.000477743710772219,0.026169700548052788,0.028418686240911484,0.023920711129903793,800
522,42,0.0004623586137313396,0.02705567702651024,0.028399407863616943,0.025711949914693832,800
523,42,0.0006068718926557763,0.02631417103111744,0.027838367968797684,0.024789977818727493,800
524,42,0.0005917973520064896,0.02641931362450123,0.028082899749279022,0.024755723774433136,800
525,42,0.00048741759912280196,0.02646234631538391,0.028141504153609276,0.02478317730128765,800
526,42,0.0005765272600745612,0.027106046676635742,0.02908293344080448,0.025129159912467003,800
527,42,0.0007080574498765848,0.026008296757936478,0.02757786028087139,0.024438725784420967,800
528,42,0.0007962113330987366,0.025692341849207878,0.027183838188648224,0.02420085109770298,800
529,42,0.0008174241652754558,0.026688195765018463,0.0287028681486845,0.024673525243997574,800
530,42,0.0008948916881556877,0.027442390099167824,0.029616527259349823,0.025268249213695526,800
531,42,0.0006570053308016875,0.02637779898941517,0.02797788567841053,0.024777714163064957,800
532,42,0.0005008076629813083,0.027560342103242874,0.028821831569075584,0.026298847049474716,800
533,42,0.0006530557610941204,0.0272662453353405,0.029019620269536972,0.025512872263789177,800
534,42,0.0007957989529875869,0.02693210169672966,0.029236789792776108,0.02462741546332836,800
535,42,0.0007027059221978892,0.02633313648402691,0.027888381853699684,0.024777887389063835,800
536,42,0.0006538551427762617,0.026453228667378426,0.027864934876561165,0.025041522458195686,800
537,42,0.0005390709424814718,0.026304958388209343,0.027851086109876633,0.024758832529187202,800
538,42,0.00048743593982759523,0.027246883139014244,0.028988977894186974,0.025504790246486664,800
539,42,0.0004665360611397773,0.026919228956103325,0.028888996690511703,0.024949461221694946,800
540,42,0.0005335071050053971,0.02679544873535633,0.02867853455245495,0.024912361055612564,800
541,42,0.0005688225501216948,0.026915665715932846,0.028443576768040657,0.025387758389115334,800
542,42,0.0005046293954364955,0.026686014607548714,0.028405526652932167,0.02496650442481041,800
543,42,0.0004980353167576885,0.02756856009364128,0.029741568490862846,0.025395553559064865,800
544,42,0.0005210542665074834,0.027647947892546654,0.029224270954728127,0.026071621105074883,800
545,42,0.000493407736278393,0.026473727077245712,0.028107741847634315,0.02483970671892166,800
546,42,0.0004611582235983488,0.026787586510181427,0.028309939429163933,0.025265226140618324,800
547,42,0.0005111803581133823,0.027212822809815407,0.028980907052755356,0.02544473484158516,800
548,42,0.0004949729032391174,0.026655025780200958,0.028279563412070274,0.02503049001097679,800
549,42,0.0005006104104474864,0.02646007388830185,0.02792312391102314,0.02499702386558056,800
550,42,0.0005506537166762758,0.02685374580323696,0.028047453612089157,0.025660043582320213,800
551,42,0.0005666574711953713,0.02608538419008255,0.027411412447690964,0.024759355932474136,800
552,42,0.0005882291562474248,0.026217667385935783,0.027716396376490593,0.024718942120671272,800
553,42,0.0006805915221444924,0.027558526024222374,0.029761314392089844,0.025355732068419456,800
554,42,0.0007785572194155644,0.026840809732675552,0.028487687930464745,0.02519393339753151,800
555,42,0.0005627912892536683,0.026961272582411766,0.02841753512620926,0.025505011901259422,800
556,42,0.0006569801163013009,0.027926141396164894,0.029286453500390053,0.026565831154584885,800
557,42,0.0006294669451149689,0.026638884097337723,0.028247086331248283,0.025030680000782013,800
558,42,0.0005702004180586135,0.026207834482192993,0.027858616784214973,0.024557048454880714,800
559,42,0.0006093433211472901,0.027169952169060707,0.02815071865916252,0.026189187541604042,800
560,42,0.000706213867736303,0.026085492223501205,0.02801797352731228,0.02415301464498043,800
561,42,0.0008202074280812998,0.025950225070118904,0.028036020696163177,0.02386443130671978,800
562,42,0.0009599655009382827,0.02717660926282406,0.028349988162517548,0.02600323036313057,800
563,42,0.0008835450545038012,0.027006419375538826,0.028111111372709274,0.025901727378368378,800
564,42,0.0008846825750713998,0.026240674778819084,0.02746697887778282,0.025014372542500496,800
565,42,0.0012039425121408633,0.026949433609843254,0.02883550338447094,0.02506336383521557,800
566,42,0.0013482109643518925,0.02709883637726307,0.029348935931921005,0.024848736822605133,800
567,42,0.0011527461624196308,0.0263935849070549,0.0273409616202116,0.025446204468607903,800
568,42,0.0009521349566057324,0.027936743572354317,0.029682278633117676,0.026191210374236107,800
569,42,0.0006171131204940717,0.026586897671222687,0.02767382375895977,0.025499973446130753,800
570,42,0.000619437873617492,0.02599637396633625,0.027595514431595802,0.0243972335010767,800
571,42,0.0006368060501038351,0.026995832100510597,0.02794940210878849,0.026042258366942406,800
572,42,0.0006326167547905987,0.026200588792562485,0.02769104577600956,0.02471012994647026,800
573,42,0.00048817471410571176,0.026100022718310356,0.027035092934966087,0.025164958089590073,800
574,42,0.0006123063027520071,0.025948617607355118,0.027026960626244545,0.02487027272582054,800
575,42,0.0005192700112026862,0.02650478295981884,0.02793344296514988,0.0250761229544878,800
576,42,0.0005407821101305836,0.026452092453837395,0.027479859068989754,0.025424325838685036,800
577,42,0.0005322053965011781,0.026616135612130165,0.028025159612298012,0.025207113474607468,800
578,42,0.0005250988840337166,0.02729216404259205,0.028800487518310547,0.02578384056687355,800
579,42,0.000677304075163027,0.02608185075223446,0.026911931112408638,0.02525177225470543,800
580,42,0.0005322561324150724,0.026185261085629463,0.027629613876342773,0.024740906432271004,800
581,42,0.000561060032024133,0.025903236120939255,0.027248645201325417,0.024557825177907944,800
582,42,0.0006228116161020642,0.026584992185235023,0.027536114677786827,0.02563387155532837,800
583,42,0.0006410133077720689,0.025939786806702614,0.02757907658815384,0.02430049329996109,800
584,42,0.0004479309348177842,0.02592567726969719,0.02709466591477394,0.024756692349910736,800
585,42,0.00043457626121711326,0.026321161538362503,0.027520151808857918,0.02512216940522194,800
586,42,0.00041295316027985376,0.026756323873996735,0.02787472866475582,0.025637922808527946,800
587,42,0.00040831287994726813,0.02709388919174671,0.029128888621926308,0.025058889761567116,800
588,42,0.0004289852301801809,0.02660963125526905,0.028218943625688553,0.0250003170222044,800
589,42,0.0004576412161854519,0.026088081300258636,0.027424398809671402,0.02475176565349102,800
590,42,0.0005487145046407187,0.027263959869742393,0.029947957023978233,0.024579962715506554,800
591,42,0.0007095141812566329,0.027091437950730324,0.029155058786273003,0.025027813389897346,800
592,42,0.0005722416125618937,0.027342911809682846,0.028543902561068535,0.02614191360771656,800
593,42,0.0006871743217660961,0.02647348865866661,0.027829496189951897,0.025117479264736176,800
594,42,0.0004805663087278266,0.025987207889556885,0.02683723159134388,0.02513718791306019,800
595,42,0.0006040927096778019,0.026495805010199547,0.02740582264959812,0.025585783645510674,800
596,42,0.0005130762213163755,0.02703491970896721,0.028089094907045364,0.0259807500988245,800
597,42,0.0005351529160345143,0.02634018287062645,0.02785014547407627,0.024830229580402374,800
598,42,0.0004962076014966111,0.02593318559229374,0.027384281158447266,0.02448209375143051,800
599,42,0.0004840246877971698,0.026633236557245255,0.0279215220361948,0.025344958528876305,800
600,42,0.00042557072116654706,0.02687065675854683,0.02858501300215721,0.025156302377581596,800
601,42,0.0005946870607493275,0.02631264179944992,0.026896269991993904,0.025729011744260788,800
602,42,0.0006846243129323491,0.025817815214395523,0.02720937877893448,0.024426253512501717,800
603,42,0.0009229678385467691,0.025671429932117462,0.02693374641239643,0.024409113451838493,800
604,42,0.0008276293890296736,0.025835514068603516,0.027596894651651382,0.024074139073491096,800
605,42,0.0010067616822198033,0.02650579996407032,0.028858114033937454,0.024153482168912888,800
606,42,0.0007320059971375899,0.026928706094622612,0.029501833021640778,0.024355584755539894,800
607,42,0.0008010862352834506,0.02539711631834507,0.026839740574359894,0.023954490199685097,800
608,42,0.0010326983756385744,0.02617359161376953,0.02716449461877346,0.025182681158185005,800
609,42,0.001252507261762565,0.02718370407819748,0.027511270716786385,0.026856137439608574,800
610,42,0.0013110979343764484,0.029165612533688545,0.03337052837014198,0.02496068924665451,800
611,42,0.0018610157845118506,0.02820007875561714,0.02993890829384327,0.026461243629455566,800
612,42,0.0013637990394437854,0.026609431952238083,0.02841181680560112,0.024807043373584747,800
613,42,0.001027625540948727,0.027554253116250038,0.030133789405226707,0.02497471496462822,800
614,42,0.0007153912817805328,0.02622576802968979,0.027016419917345047,0.02543511614203453,800
615,42,0.0006153933090073141,0.025744464248418808,0.026640919968485832,0.024848006665706635,800
616,42,0.0006108681369699876,0.026677854359149933,0.02801036834716797,0.0253453366458416,800
617,42,0.00046755703144960785,0.025865359231829643,0.02714553289115429,0.024585183709859848,800
618,42,0.00041604790021665394,0.025741077959537506,0.02655017375946045,0.02493198774755001,800
619,42,0.00041977501082742077,0.026020528748631477,0.027842311188578606,0.0241987481713295,800
620,42,0.0004831662782552567,0.025425909087061882,0.026820089668035507,0.024031734094023705,800
621,42,0.0004598802691113881,0.026210637763142586,0.02728254534304142,0.02513873018324375,800
622,42,0.0005163761538411068,0.026371531188488007,0.027606220915913582,0.025136839598417282,800
623,42,0.0006374950700608844,0.026439141482114792,0.02797543630003929,0.024902846664190292,800
624,42,0.0006230100698303431,0.025625042617321014,0.02696775086224079,0.024282336235046387,800
625,42,0.0006004393322985958,0.026810912415385246,0.028316156938672066,0.025305669754743576,800
626,42,0.0004844340384641493,0.02588856965303421,0.02677343413233757,0.025003699585795403,800
627,42,0.00043729392398910767,0.02571440115571022,0.027325337752699852,0.02410346455872059,800
628,42,0.00042398036087185824,0.025672312825918198,0.027348749339580536,0.02399587631225586,800
629,42,0.000369657280812548,0.02640758827328682,0.027898374944925308,0.02491680160164833,800
630,42,0.0003541884838010777,0.025571130216121674,0.026825575157999992,0.024316688999533653,800
631,42,0.0003407993406819349,0.02630147524178028,0.027832644060254097,0.024770310148596764,800
632,42,0.00033656434970907867,0.026026364415884018,0.02760065719485283,0.02445206791162491,800
633,42,0.0003351470778315243,0.02545822784304619,0.026795320212841034,0.024121135473251343,800
634,42,0.00034041039180010557,0.025667987763881683,0.026831168681383133,0.024504808709025383,800
635,42,0.0003578752591486343,0.026281489059329033,0.02781650237739086,0.024746481329202652,800
636,42,0.0003293418598001484,0.025777902454137802,0.027580803260207176,0.02397499792277813,800
637,42,0.0004166912139308724,0.02723243646323681,0.02972479723393917,0.024740077555179596,800
638,42,0.0005474011069798672,0.026141535490751266,0.02786129340529442,0.024421775713562965,800
639,42,0.00048723345654169947,0.02515455335378647,0.02661830559372902,0.02369079925119877,800
640,42,0.0005399433483200318,0.026276009157299995,0.027993854135274887,0.024558162316679955,800
641,42,0.0003990490301723846,0.025918669998645782,0.027292661368846893,0.02454468235373497,800
642,42,0.00042948455401611597,0.02594784088432789,0.026652107015252113,0.025243576616048813,800
643,42,0.0004060477685098621,0.025657111778855324,0.02703961171209812,0.024274611845612526,800
644,42,0.0003880840641531077,0.026074204593896866,0.02729238010942936,0.024856027215719223,800
645,42,0.00035533597110770643,0.025689076632261276,0.027253905311226845,0.024124247953295708,800
646,42,0.0003777109456925907,0.025573361665010452,0.02709493227303028,0.024051789194345474,800
647,42,0.0003285245911683887,0.025442397221922874,0.026893962174654007,0.02399083785712719,800
648,42,0.00033789087055166334,0.02627987414598465,0.027128715068101883,0.025431035086512566,800
649,42,0.00038813779776153916,0.025573525577783585,0.027023615315556526,0.024123435840010643,800
650,42,0.000332413484681059,0.0256772730499506,0.026939500123262405,0.024415049701929092,800
651,42,0.00032645050139928406,0.025966456159949303,0.02716069296002388,0.024772219359874725,800
652,42,0.0003709246018181809,0.025947188958525658,0.027127010747790337,0.024767369031906128,800
653,42,0.0003601990862410854,0.025412702932953835,0.02734851837158203,0.023476893082261086,800
654,42,0.0004801712162919681,0.026094825938344002,0.02783174067735672,0.024357907474040985,800
655,42,0.0004984497447201812,0.025945596396923065,0.02706664428114891,0.02482454665005207,800
656,42,0.00039409202608195216,0.025863315910100937,0.027169538661837578,0.02455708757042885,800
657,42,0.00039181445291350513,0.025895940139889717,0.02759977988898754,0.024192098528146744,800
658,42,0.00034588712812613017,0.025800084695219994,0.02710193581879139,0.024498226121068,800
659,42,0.00034645685015923596,0.02560855820775032,0.02722308225929737,0.02399403229355812,800
660,42,0.0003648028703702783,0.026031559333205223,0.027480434626340866,0.02458268776535988,800
661,42,0.00035852322947572577,0.025946658104658127,0.027721306309103966,0.024172013625502586,800
662,42,0.00039994395840701395,0.02550697699189186,0.026987440884113312,0.024026520550251007,800
663,42,0.0004584144573362375,0.025775544345378876,0.02641245350241661,0.025138629600405693,800
664,42,0.0005402891811999408,0.02657725289463997,0.028264205902814865,0.024890298023819923,800
665,42,0.0006609199494546788,0.02658713608980179,0.02913649007678032,0.024037787690758705,800
666,42,0.0007323250412644649,0.025306088849902153,0.02654312364757061,0.024069050326943398,800
667,42,0.0009989211896688423,0.026265108957886696,0.027224749326705933,0.025305474177002907,800
668,42,0.0006674030367073349,0.025440633296966553,0.026483185589313507,0.0243980772793293,800
669,42,0.0007284308243966238,0.0261971578001976,0.027210021391510963,0.02518429420888424,800
670,42,0.0007325149067169564,0.02544555999338627,0.02622879296541214,0.024662327021360397,800
671,42,0.000827686681242829,0.02647167257964611,0.028507446870207787,0.024435896426439285,800
672,42,0.000890478629364886,0.025763249024748802,0.026898061856627464,0.02462843805551529,800
673,42,0.0006506638680796393,0.026441339403390884,0.02725561149418354,0.02562706544995308,800
674,42,0.000518791538938372,0.025912422686815262,0.026688793674111366,0.025136049836874008,800
675,42,0.00046139545156620443,0.02589007094502449,0.02687857672572136,0.02490156516432762,800
676,42,0.000580054043728689,0.026532543823122978,0.028207087889313698,0.02485799603164196,800
677,42,0.0005693925777450204,0.025726020336151123,0.026934344321489334,0.024517696350812912,800
678,42,0.0005096421201332388,0.025717804208397865,0.027282049879431725,0.024153558537364006,800
679,42,0.00038824214160823345,0.02480855956673622,0.02634645439684391,0.023270662873983383,800
680,42,0.000415282948365943,0.025251979008316994,0.02623218670487404,0.024271775037050247,800
681,42,0.0006189710217189382,0.025642776861786842,0.027041474357247353,0.02424408122897148,800
682,42,0.000506636564916169,0.025728967040777206,0.02697375789284706,0.024484174326062202,800
683,42,0.0003662163587498733,0.02556280978024006,0.026446077972650528,0.02467954531311989,800
684,42,0.00039080814299681646,0.025845684111118317,0.026931215077638626,0.024760156869888306,800
685,42,0.0003808303021783517,0.02541455812752247,0.026478072628378868,0.02435104176402092,800
686,42,0.00042967316271229225,0.024811536073684692,0.02613425999879837,0.023488810285925865,800
687,42,0.0005082913187586448,0.024862734600901604,0.026027696207165718,0.02369776926934719,800
688,42,0.0005742417733100327,0.02533981390297413,0.02650686725974083,0.02417275868356228,800
689,42,0.0007297040270218117,0.02690768428146839,0.027191434055566788,0.026623932644724846,800
690,42,0.0006982131638902832,0.025920962914824486,0.026897508651018143,0.02494441531598568,800
691,42,0.000545585819054395,0.025516420602798462,0.026539675891399384,0.02449316903948784,800
692,42,0.00042607471749017185,0.025174181908369064,0.02656419388949871,0.023784169927239418,800
693,42,0.0005915397037328644,0.0249052532017231,0.02644168771803379,0.023368822410702705,800
694,42,0.0006769160602495751,0.025124365463852882,0.02708921767771244,0.023159511387348175,800
695,42,0.0005579527218783783,0.024919001385569572,0.026654668152332306,0.023183338344097137,800
696,42,0.0004907908680086786,0.025650780647993088,0.027481013908982277,0.023820551112294197,800
697,42,0.0005618954495399852,0.025937674567103386,0.02775542251765728,0.024119917303323746,800
698,42,0.000672258666864681,0.02597009390592575,0.027619535103440285,0.024320650845766068,800
699,42,0.0006914258437146517,0.026431141421198845,0.02837396413087845,0.02448831871151924,800
700,42,0.0005619485455099493,0.025685487315058708,0.027207544073462486,0.02416342869400978,800
701,42,0.00047878799060444265,0.02519364468753338,0.02607624977827072,0.024311037734150887,800
702,42,0.0003717389560981908,0.025915691629052162,0.026891883462667465,0.02493950165808201,800
703,42,0.0003592830802186985,0.02554723061621189,0.027355985715985298,0.023738479241728783,800
704,42,0.0003326707175636495,0.02504456602036953,0.026898272335529327,0.023190859705209732,800
705,42,0.00036876797358590096,0.02482716552913189,0.02612760104238987,0.02352673001587391,800
706,42,0.0005256055790761656,0.025338271632790565,0.026872456073760986,0.02380409464240074,800
707,42,0.0007360288291238248,0.02454090118408203,0.025724662467837334,0.02335713617503643,800
708,42,0.0006212222082963722,0.02593916654586792,0.027631225064396858,0.02424710988998413,800
709,42,0.0006451423502188514,0.02604486793279648,0.02889629453420639,0.023193439468741417,800
710,42,0.0010046797238332642,0.025463398545980453,0.026923244819045067,0.02400355413556099,800
711,42,0.0007353620683054694,0.024618912488222122,0.025930345058441162,0.023307478055357933,800
712,42,0.0005220363593914292,0.0244305357336998,0.02580145001411438,0.023059623315930367,800
713,42,0.0004768376212186095,0.025195566937327385,0.027297966182231903,0.023093167692422867,800
714,42,0.0007901959946717728,0.026455799117684364,0.02691645547747612,0.02599514089524746,800
715,42,0.0007560190067372539,0.02577805519104004,0.026569539681077003,0.024986568838357925,800
716,42,0.0005133526309774342,0.02568196877837181,0.026789285242557526,0.024574656039476395,800
717,42,0.0004916628558104011,0.02511105313897133,0.026190681383013725,0.024031424894928932,800
718,42,0.0005934876178137281,0.025484247133135796,0.027235275134444237,0.023733217269182205,800
719,42,0.00046566128730773926,0.02500474639236927,0.027483077719807625,0.022526411339640617,800
720,42,0.0007283821786669167,0.02509111724793911,0.026692526414990425,0.023489711806178093,800
721,42,0.0008428401620635254,0.02650013379752636,0.02898366190493107,0.024016601964831352,800
722,42,0.001202679842456498,0.026958893984556198,0.029906336218118668,0.02401144988834858,800
723,42,0.0013804424458860674,0.02637229487299919,0.026786942034959793,0.025957651436328888,800
724,42,0.0019172580637545748,0.02627803012728691,0.02829999290406704,0.02425607107579708,800
725,42,0.0012331042301163754,0.025340480729937553,0.026340274140238762,0.024340685456991196,800
726,42,0.0011363697968508031,0.025908147916197777,0.02570641040802002,0.02610989473760128,800
727,42,0.0009501796236939051,0.026061393320560455,0.02664237841963768,0.02548041008412838,800
728,42,0.0007220123026689345,0.026556575670838356,0.027572041377425194,0.02554110623896122,800
729,42,0.0005808450461534613,0.02480565384030342,0.02595142461359501,0.023659884929656982,800
730,42,0.00047786140930838883,0.025176119059324265,0.027526328340172768,0.022825907915830612,800
731,42,0.0005211230362130499,0.025802118703722954,0.027161898091435432,0.024442343041300774,800
732,42,0.0004799388142683628,0.026115695014595985,0.027073418721556664,0.02515796758234501,800
733,42,0.0005059732833284546,0.025276068598031998,0.02643401548266411,0.024118125438690186,800
734,42,0.00037079437805170363,0.025720279663801193,0.026781724765896797,0.024658838286995888,800
735,42,0.00035049243623771787,0.02563604898750782,0.026571223512291908,0.024700870737433434,800
736,42,0.00033557848126458174,0.02532709389925003,0.026434432715177536,0.024219755083322525,800
737,42,0.0003584446755915203,0.025579068809747696,0.027228545397520065,0.023929592221975327,800
738,42,0.0003254880192054605,0.025141030550003052,0.026631642132997513,0.02365041896700859,800
739,42,0.000272989382872104,0.02516956254839897,0.026508677750825882,0.02383044920861721,800
740,42,0.00027369696710428053,0.02523994818329811,0.02623632363975048,0.024243580177426338,800
741,42,0.000352477107133547,0.025713985785841942,0.026669295504689217,0.024758679792284966,800
742,42,0.0003364413979315114,0.024966416880488396,0.0260569266974926,0.023875905200839043,800
743,42,0.000322160705267875,0.025984644889831543,0.02712876908481121,0.024840524420142174,800
744,42,0.00030597818047019905,0.024979187175631523,0.026174034923315048,0.023784341290593147,800
745,42,0.0003249043511459604,0.024794381111860275,0.02578199841082096,0.02380676381289959,800
746,42,0.00037707308762368154,0.024549957364797592,0.025953281670808792,0.023146631196141243,800
747,42,0.00035195451346226037,0.024803711101412773,0.02617739513516426,0.023430032655596733,800
748,42,0.0004100969235878438,0.025112267583608627,0.02651810646057129,0.023706426844000816,800
749,42,0.00032378958580507475,0.025793103501200676,0.027092846110463142,0.02449336089193821,800
750,42,0.00029648339973804963,0.025358937680721283,0.026709826663136482,0.024008044973015785,800
751,42,0.00035619515586983073,0.025433143600821495,0.026805348694324493,0.024060934782028198,800
752,42,0.0004238549127793786,0.026279130950570107,0.02800482138991356,0.024553446099162102,800
753,42,0.0005327737308107316,0.026117492467164993,0.02705213613808155,0.02518284320831299,800
754,42,0.0006812962237745523,0.02568129263818264,0.026517201215028763,0.024845385923981667,800
755,42,0.00073703891989267,0.026293836534023285,0.027577394619584084,0.025010280311107635,800
756,42,0.0006120699770028957,0.026210542768239975,0.02752147987484932,0.02489960938692093,800
757,42,0.0007026648090686649,0.024956366047263145,0.026218246668577194,0.023694483563303947,800
758,42,0.0005326324264222586,0.025219785049557686,0.02630656212568283,0.024132998660206795,800
759,42,0.00043309207963333887,0.025628600269556046,0.027432991191744804,0.023824205622076988,800
760,42,0.00035194329525852066,0.025039933621883392,0.026369547471404076,0.02371031977236271,800
761,42,0.0004091783220329407,0.025525404140353203,0.026743559166789055,0.0243072509765625,800
762,42,0.000514739857118746,0.025145944207906723,0.0256317351013422,0.024660157039761543,800
763,42,0.000559076005381278,0.02445618435740471,0.02613527700304985,0.022777089849114418,800
764,42,0.0004880621140314774,0.025629620999097824,0.027238070964813232,0.024021171033382416,800
765,42,0.0007747236284723675,0.025499824434518814,0.026592066511511803,0.024407586082816124,800
766,42,0.001117066310887987,0.025218432769179344,0.026900174096226692,0.023536693304777145,800
767,42,0.0007399954219264063,0.02480963058769703,0.026180028915405273,0.023439228534698486,800
768,42,0.0006295829582747749,0.025704437866806984,0.026659853756427765,0.024749021977186203,800
769,42,0.0006087890386962416,0.024799508973956108,0.026514552533626556,0.023084469139575958,800
770,42,0.0005792713411872021,0.026068221777677536,0.02821706421673298,0.02391938492655754,800
771,42,0.0007874460927930406,0.02485169842839241,0.026306726038455963,0.02339666709303856,800
772,42,0.0011753444506956096,0.027036981657147408,0.028946150094270706,0.025127816945314407,800
773,42,0.0008796475489031185,0.025771427899599075,0.027080276980996132,0.02446257695555687,800
774,42,0.0007380852396388284,0.026133401319384575,0.026953361928462982,0.025313442572951317,800
775,42,0.0007279073046943681,0.025079257786273956,0.0269037876278162,0.02325473353266716,800
776,42,0.0005965079075064172,0.024534648284316063,0.025846345350146294,0.023222951218485832,800
777,42,0.0005885985076681457,0.02644885890185833,0.028013864532113075,0.024883855134248734,800
778,42,0.000521882389545102,0.02621511183679104,0.027623021975159645,0.024807196110486984,800
779,42,0.0004654595025137744,0.025957198813557625,0.027289746329188347,0.024624649435281754,800
780,42,0.00038896034873852676,0.025273771956562996,0.026404689997434616,0.024142857640981674,800
781,42,0.00032369330239651555,0.024465683847665787,0.026225190609693527,0.022706178948283195,800
782,42,0.0004641947585200383,0.025299351662397385,0.0268598273396492,0.02373887225985527,800
783,42,0.0004148253554541787,0.025000542402267456,0.026258420199155807,0.023742657154798508,800
784,42,0.00034788824004036457,0.024917053058743477,0.0262543223798275,0.023579780012369156,800
785,42,0.00029054940519431096,0.025349130854010582,0.026793576776981354,0.02390468120574951,800
786,42,0.0003311142804291607,0.024873191490769386,0.02649899572134018,0.02324739098548889,800
787,42,0.0003080273877871646,0.025044286623597145,0.02627386897802353,0.02381470426917076,800
788,42,0.0003309152843113142,0.025329910218715668,0.02689390815794468,0.023765908554196358,800
789,42,0.00025629409091462463,0.024903781712055206,0.02621862292289734,0.023588942363858223,800
790,42,0.00025370002814187586,0.025197012349963188,0.02696779929101467,0.023426217958331108,800
791,42,0.00027045185429001736,0.0252128504216671,0.026894461363554,0.023531241342425346,800
792,42,0.0003718673357401382,0.025926705449819565,0.027800578624010086,0.024052834138274193,800
793,42,0.00047223924775607884,0.025507044047117233,0.02752281352877617,0.02349127270281315,800
794,42,0.0006704724563116378,0.02509046345949173,0.026651691645383835,0.023529233410954475,800
795,42,0.0005019417598801242,0.02545698545873165,0.026881389319896698,0.024032579734921455,800
796,42,0.0005155902287118475,0.025820694863796234,0.026637015864253044,0.025004370138049126,800
797,42,0.0006527237604710866,0.025097910314798355,0.026660317555069923,0.023535506799817085,800
798,42,0.00041985167825425214,0.02411935105919838,0.02523520588874817,0.023003490641713142,800
799,42,0.00043087524086744946,0.025198351591825485,0.026864362880587578,0.023532342165708542,800
800,42,0.00043330963076600295,0.024939963594079018,0.026975905522704124,0.02290401980280876,800
801,42,0.0005174015452873639,0.025159724056720734,0.026524193584918976,0.02379525452852249,800
802,42,0.0006157375835093924,0.025497036054730415,0.02702101692557335,0.02397305890917778,800
803,42,0.0004945304271214726,0.025368651375174522,0.0269734188914299,0.023763881996273994,800
804,42,0.0004297505445058712,0.02624663896858692,0.027613412588834763,0.024879861623048782,800
805,42,0.00038325575190934944,0.02498374506831169,0.026859557256102562,0.02310793846845627,800
806,42,0.00028785380577160555,0.025206809863448143,0.0270036943256855,0.023409923538565636,800
807,42,0.0002729747052812441,0.025484370067715645,0.026820136234164238,0.024148602038621902,800
808,42,0.0003282153656155887,0.02536664716899395,0.026683608070015907,0.02404968813061714,800
809,42,0.0003167810751950707,0.024741970002651215,0.026133470237255096,0.02335047349333763,800
810,42,0.0003233306303048845,0.02470802702009678,0.026104850694537163,0.023311199620366096,800
811,42,0.00030198932852892375,0.025254439562559128,0.026526756584644318,0.023982126265764236,800
812,42,0.0003434038173343817,0.02550644241273403,0.026980256661772728,0.024032626301050186,800
813,42,0.0004481269940945574,0.024361180141568184,0.025439266115427017,0.023283090442419052,800
814,42,0.0006247612473089248,0.024816449731588364,0.025638394057750702,0.023994505405426025,800
815,42,0.000504303851895119,0.02547893114387989,0.026476647704839706,0.024481214582920074,800
816,42,0.0004502323228569532,0.025087980553507805,0.02602393552660942,0.024152018129825592,800
817,42,0.0004005281635644761,0.025320183485746384,0.02694203145802021,0.023698333650827408,800
818,42,0.0003665120325008915,0.02517159841954708,0.02707424759864807,0.02326895110309124,800
819,42,0.0005098878675860099,0.025289837270975113,0.02713834121823311,0.023441331461071968,800
820,42,0.000537506008351391,0.024882161989808083,0.026599165052175522,0.023165160790085793,800
821,42,0.0004981789256403731,0.024353470653295517,0.025541694834828377,0.023165246471762657,800
822,42,0.0006234740616161038,0.02528337389230728,0.0265862587839365,0.023980487138032913,800
823,42,0.0006900200916623527,0.025183510035276413,0.025962945073843002,0.024404074996709824,800
824,42,0.0005914793000556529,0.025008264929056168,0.026661742478609085,0.02335478737950325,800
825,42,0.0005112012096850032,0.024715067818760872,0.026021817699074745,0.023408317938447,800
826,42,0.0005445393405600705,0.024687588214874268,0.026225263252854347,0.023149918764829636,800
827,42,0.0005469629408749329,0.025886110961437225,0.02701522596180439,0.02475699596107006,800
828,42,0.0006620010879652744,0.02541223168373108,0.027115099132061005,0.023709360510110855,800
829,42,0.0007613931877792559,0.026352880522608757,0.02826545760035515,0.024440299719572067,800
830,42,0.000626455796670846,0.024764467030763626,0.02574802376329899,0.023780906572937965,800
831,42,0.0007061842876613479,0.025024179369211197,0.02573450282216072,0.024313857778906822,800
832,42,0.0008463607836430045,0.02566772885620594,0.02798265963792801,0.023352794349193573,800
833,42,0.0012174736422655935,0.02438238449394703,0.025442136451601982,0.023322638124227524,800
834,42,0.0008893588224468244,0.025398995727300644,0.026811009272933006,0.023986978456377983,800
835,42,0.0008551283337345177,0.02534784935414791,0.02698545902967453,0.02371024340391159,800
836,42,0.001004341561135582,0.024254154413938522,0.02536645345389843,0.023141853511333466,800
837,42,0.001023357749958946,0.026614375412464142,0.02847488969564438,0.024753864854574203,800
838,42,0.0009793054989793084,0.025305556133389473,0.02690325491130352,0.023707857355475426,800
839,42,0.000855200024406341,0.02506871707737446,0.026837540790438652,0.023299889639019966,800
840,42,0.0007283682247031142,0.025523699820041656,0.0269292164593935,0.02411818318068981,800
841,42,0.0007305169949011707,0.0251568965613842,0.026060234755277634,0.02425355464220047,800
842,42,0.0007168546276675029,0.026393694803118706,0.027120012789964676,0.025667380541563034,800
843,42,0.0006586264326787469,0.0253529604524374,0.026538755744695663,0.024167167022824287,800
844,42,0.0005260213563980704,0.024310382083058357,0.025527160614728928,0.023093605414032936,800
845,42,0.0005055214595896276,0.02551078423857689,0.026270953938364983,0.024750621989369392,800
846,42,0.0005859144492371178,0.026369918137788773,0.027537861838936806,0.02520197257399559,800
847,42,0.0006012602243572474,0.02443617209792137,0.026224760338664055,0.02264758013188839,800
848,42,0.0004745963855053891,0.02502334862947464,0.026202775537967682,0.023843921720981598,800
849,42,0.00043730753399855035,0.024473540484905243,0.025592660531401634,0.023354422301054,800
850,42,0.0004353781458286738,0.024966752156615257,0.02637896127998829,0.023554543033242226,800
851,42,0.0005771538060137325,0.025871889665722847,0.02804907225072384,0.023694705218076706,800
852,42,0.0005662447047970173,0.025449486449360847,0.02690880186855793,0.023990172892808914,800
853,42,0.0007325372558129443,0.024696091189980507,0.02635303884744644,0.02303914539515972,800
854,42,0.0008478525428059088,0.02507411129772663,0.02706894837319851,0.023079276084899902,800
855,42,0.0005855997177687558,0.024023188278079033,0.025048015639185905,0.02299835905432701,800
856,42,0.0005750274867750704,0.024741115048527718,0.026309017091989517,0.02317320927977562,800
857,42,0.0005724226965949955,0.025175072252750397,0.02652227133512497,0.023827876895666122,800
858,42,0.0004590025690214878,0.024772534146904945,0.02639283984899521,0.02315223217010498,800
859,42,0.00041690630446696144,0.025032376870512962,0.02657695673406124,0.023487797006964684,800
860,42,0.00038160040540705353,0.02514798566699028,0.026403160765767097,0.023892812430858612,800
861,42,0.00037042933664369315,0.02464458905160427,0.026445604860782623,0.02284357137978077,800
862,42,0.000374995529207147,0.025625888258218765,0.02706918492913246,0.024182595312595367,800
863,42,0.0003880694143431769,0.025301078334450722,0.026446931064128876,0.02415522374212742,800
864,42,0.0003278560999950225,0.02460191398859024,0.026080114766955376,0.023123711347579956,800
865,42,0.0003745251001832499,0.02536121942102909,0.02652916871011257,0.02419326826930046,800
866,42,0.00034756469275717706,0.025204326957464218,0.025729451328516006,0.02467920444905758,800
867,42,0.0003730981155637313,0.025220828130841255,0.02683733031153679,0.023604316636919975,800
868,42,0.00030241724082522774,0.025171970948576927,0.026802092790603638,0.023541854694485664,800
869,42,0.00028792779696893626,0.02488100714981556,0.026061808690428734,0.023700201883912086,800
870,42,0.00029242698854597455,0.024566123262047768,0.026097502559423447,0.023034747689962387,800
871,42,0.00025938055213456124,0.024368256330490112,0.025780562311410904,0.02295595034956932,800
872,42,0.00025807073424485594,0.024321299046278,0.02597707509994507,0.02266552858054638,800
873,42,0.00027007591085169804,0.024295339360833168,0.026035547256469727,0.02255512960255146,800
874,42,0.00034322093283249575,0.02467038668692112,0.02583722583949566,0.02350354939699173,800
875,42,0.0003980341743127528,0.024194343015551567,0.02558561973273754,0.022803068161010742,800
876,42,0.0004624165382913568,0.023907018825411797,0.02534450776875019,0.022469537332654,800
877,42,0.00042049180906773967,0.024989426136016846,0.02680804207921028,0.02317081205546856,800
878,42,0.0006360067980660295,0.02581172250211239,0.027994506061077118,0.023628942668437958,800
879,42,0.0006105109165549617,0.025174442678689957,0.026376521214842796,0.02397236041724682,800
880,42,0.0004847620254043828,0.025012606754899025,0.02584053762257099,0.02418467216193676,800
881,42,0.00046785243797454643,0.02501961775124073,0.026215562596917152,0.023823674768209457,800
882,42,0.00046265567388300866,0.024562416598200798,0.02551894262433052,0.023605894297361374,800
883,42,0.0004891415459992872,0.024031734094023705,0.02560075931251049,0.02246270887553692,800
884,42,0.0006531997165769677,0.025174058973789215,0.027195310220122337,0.023152809590101242,800
885,42,0.0007764816056640649,0.02532953955233097,0.02694375067949295,0.023715324699878693,800
886,42,0.00047483851879157805,0.02552648074924946,0.026733119040727615,0.024319836869835854,800
887,42,0.0005983645995994183,0.024795856326818466,0.02564871869981289,0.023942990228533745,800
888,42,0.0005951142229605466,0.025024354457855225,0.02664724737405777,0.023401452228426933,800
889,42,0.0005424483785067092,0.023974746465682983,0.0253406073898077,0.022608889266848564,800
890,42,0.0005305965870237825,0.02366688847541809,0.025517189875245094,0.02181658148765564,800
891,42,0.0005335396351504394,0.024454614147543907,0.0257714930921793,0.023137731477618217,800
892,42,0.00044189733241430736,0.024910161271691322,0.026078155264258385,0.023742174729704857,800
893,42,0.0003488262829540128,0.024531139060854912,0.026105638593435287,0.022956643253564835,800
894,42,0.0003257318193473938,0.02451428771018982,0.02562531642615795,0.02340325340628624,800
895,42,0.00027532928586217827,0.02450619451701641,0.025662627071142197,0.023349765688180923,800
896,42,0.00035810903963548213,0.024928124621510506,0.02616708166897297,0.02368917129933834,800
897,42,0.0003848265081284229,0.024967337027192116,0.026684153825044632,0.023250514641404152,800
898,42,0.00035800222064029765,0.024441897869110107,0.025665966793894768,0.023217832669615746,800
899,42,0.0003562662089031867,0.024282770231366158,0.025307005271315575,0.02325853705406189,800
900,42,0.0008447816838848997,0.025531450286507607,0.02666114643216133,0.02440175600349903,800
901,42,0.0009668231068644673,0.02613053098320961,0.028467480093240738,0.023793581873178482,800
902,42,0.0006559991399461234,0.025413941591978073,0.02680053375661373,0.024027351289987564,800
903,42,0.0007748035872778432,0.024079151451587677,0.02590150386095047,0.022256797179579735,800
904,42,0.0005228163314644586,0.024123309180140495,0.025539102032780647,0.022707518190145493,800
905,42,0.00043960848548026246,0.025057531893253326,0.02650742419064045,0.023607637733221054,800
906,42,0.0004046469429423186,0.024766821414232254,0.026370210573077202,0.023163430392742157,800
907,42,0.0003860268360850486,0.02537187747657299,0.027132678776979446,0.023611078038811684,800
908,42,0.00042054093633355063,0.02483237348496914,0.02664165012538433,0.02302309311926365,800
909,42,0.00034737348191397774,0.02497505582869053,0.02626371756196022,0.023686397820711136,800
910,42,0.0005213601027869365,0.02549142576754093,0.02673882432281971,0.024244023486971855,800
911,42,0.0005559895785567774,0.025254590436816216,0.025874663144350052,0.02463451772928238,800
912,42,0.0006118842231279069,0.024867692962288857,0.02600044384598732,0.023734938353300095,800
913,42,0.0006943634203211827,0.025070935487747192,0.02653265930712223,0.023609213531017303,800
914,42,0.0007813216017728502,0.024195857346057892,0.02619701623916626,0.022194696590304375,800
915,42,0.0007109019577249207,0.02563260868191719,0.027348773553967476,0.023916443809866905,800
916,42,0.000641681857153096,0.024500908330082893,0.026229092851281166,0.02277272753417492,800
917,42,0.00045253752085210925,0.024978412315249443,0.026418888941407204,0.02353793941438198,800
918,42,0.0004810954904480075,0.02473314478993416,0.025693636387586594,0.023772653192281723,800
919,42,0.0005177015184678814,0.024867141619324684,0.026007212698459625,0.023727068677544594,800
920,42,0.0006110883339054205,0.02478395774960518,0.0259676743298769,0.02360023744404316,800
921,42,0.0004802238174968145,0.024205496534705162,0.025853106752038002,0.022557878866791725,800
922,42,0.0003628588614943014,0.024872997775673866,0.02645610086619854,0.023289887234568596,800
923,42,0.0003462403917431154,0.0249345600605011,0.02594858780503273,0.02392052859067917,800
924,42,0.0003449111245572567,0.025367649272084236,0.026781240478157997,0.023954054340720177,800
925,42,0.0004531967834654179,0.02440398372709751,0.025577882304787636,0.023230085149407387,800
926,42,0.0004215844912158156,0.024205846711993217,0.025619151070713997,0.022792549803853035,800
927,42,0.0004177903095048598,0.024788638576865196,0.026981452479958534,0.022595824673771858,800
928,42,0.0003508891994980249,0.02508115954697132,0.026234030723571777,0.023928286507725716,800
929,42,0.00035060525591358203,0.02400037832558155,0.025457333773374557,0.022543417289853096,800
930,42,0.0004725016373082657,0.02412215992808342,0.025867853313684464,0.022376466542482376,800
931,42,0.0006579924612941051,0.024392010644078255,0.02582445554435253,0.022959569469094276,800
932,42,0.0004727003079923716,0.025661202147603035,0.026740048080682755,0.024582354351878166,800
933,42,0.0004947886124930599,0.025358116254210472,0.026299403980374336,0.024416830390691757,800
934,42,0.0005067713050679727,0.025684472173452377,0.027131401002407074,0.02423754334449768,800
935,42,0.0004862045594067736,0.02468416467308998,0.025645596906542778,0.023722732439637184,800
936,42,0.0004656030849384313,0.02518034726381302,0.026602668687701225,0.023758025839924812,800
937,42,0.0006326986900107427,0.02400120347738266,0.025951581075787544,0.022050824016332626,800
938,42,0.00068861004547216,0.024767721071839333,0.026517115533351898,0.023018328472971916,800
939,42,0.0007045909376095303,0.024902818724513054,0.02557271160185337,0.024232927709817886,800
940,42,0.0006441244411028244,0.025713207200169563,0.026295633986592293,0.025130782276391983,800
941,42,0.0006270528987939047,0.02449129894375801,0.026150675490498543,0.022831926122307777,800
942,42,0.0006694518114355477,0.02440166473388672,0.02510947361588478,0.023693855851888657,800
943,42,0.000667729507602582,0.02403622306883335,0.02556183934211731,0.02251061238348484,800
944,42,0.00045966112785126,0.023897482082247734,0.02554473839700222,0.022250229492783546,800
945,42,0.0002932566038163548,0.024472234770655632,0.02592194452881813,0.023022515699267387,800
946,42,0.00030454308778809553,0.02465309388935566,0.02580769546329975,0.023498492315411568,800
947,42,0.00030844022165348923,0.02457037940621376,0.026023535057902336,0.023117225617170334,800
948,42,0.0002772414802827618,0.02431114949285984,0.025903021916747093,0.022719282656908035,800
949,42,0.0003806105047591369,0.025140194222331047,0.026980416849255562,0.02329997532069683,800
950,42,0.00038546072160401803,0.02510731667280197,0.02646389603614807,0.023750733584165573,800
951,42,0.0003925569749712436,0.023975186049938202,0.025361085310578346,0.022589286789298058,800
952,42,0.0004190847526346757,0.02383580058813095,0.02547754906117916,0.02219405211508274,800
953,42,0.00035802123867059976,0.024576356634497643,0.025888849049806595,0.02326386421918869,800
954,42,0.0004113203613087535,0.025091160088777542,0.026379132643342018,0.02380318194627762,800
955,42,0.0004781272886744277,0.025021124631166458,0.02603127807378769,0.024010969325900078,800
956,42,0.0008861762445039031,0.02519865892827511,0.026463082060217857,0.02393423393368721,800
957,42,0.001382598838641901,0.025646287947893143,0.027031410485506058,0.024261169135570526,800
958,42,0.0014631361065601761,0.02465175651013851,0.026243705302476883,0.02305980585515499,800
959,42,0.0012591645671901379,0.024705521762371063,0.02634834498167038,0.023062698543071747,800
960,42,0.0009661323962394487,0.02361074835062027,0.024866797029972076,0.022354695945978165,800
961,42,0.0006675929312636567,0.024352336302399635,0.02564236894249916,0.02306229993700981,800
962,42,0.0006240234969564798,0.024798577651381493,0.027122939005494118,0.022474218159914017,800
963,42,0.0008747992899522862,0.026084424927830696,0.027211638167500496,0.024957211688160896,800
964,42,0.0008291133563034236,0.02525484189391136,0.026632564142346382,0.023877115920186043,800
965,42,0.0006419025700200688,0.02519938535988331,0.026468101888895035,0.02393067255616188,800
966,42,0.0005520591221284121,0.024297690019011497,0.026226576417684555,0.02236880548298359,800
967,42,0.00047002471613020384,0.024773696437478065,0.026758182793855667,0.02278921566903591,800
968,42,0.000559076063588939,0.02436102367937565,0.02547651343047619,0.02324553392827511,800
969,42,0.0004545511831317774,0.023745497688651085,0.025637023150920868,0.021853970363736153,800
970,42,0.00037705358805727553,0.024687111377716064,0.0262621883302927,0.023112034425139427,800
971,42,0.00041588754604824567,0.024464121088385582,0.02606574073433876,0.022862495854496956,800
972,42,0.0003323578169908036,0.024894850328564644,0.026874011382460594,0.022915685549378395,800
973,42,0.000331069693360901,0.02464430406689644,0.026190228760242462,0.023098377510905266,800
974,42,0.0003543163633863018,0.024575931951403618,0.02604827843606472,0.023103587329387665,800
975,42,0.00033417537501505154,0.024127544835209846,0.02584484964609146,0.022410240024328232,800
976,42,0.00031646021075589073,0.02458323910832405,0.02609587460756302,0.023070601746439934,800
977,42,0.0003370684955205599,0.024326374754309654,0.025987418368458748,0.02266533300280571,800
978,42,0.0002753556102768264,0.024783175438642502,0.026079604402184486,0.023486750200390816,800
979,42,0.00027059571055526084,0.02462467923760414,0.026049863547086716,0.023199493065476418,800
980,42,0.0003040732117369771,0.02456507831811905,0.02589685283601284,0.023233303800225258,800
981,42,0.00034419508566233247,0.025120176374912262,0.02671208418905735,0.023528261110186577,800
982,42,0.00038639430369419807,0.024809937924146652,0.026365330442786217,0.023254547268152237,800
983,42,0.00043739313365552914,0.024122891947627068,0.02607317641377449,0.022172613069415092,800
984,42,0.00033807512557938355,0.02502850443124771,0.02640029415488243,0.02365671470761299,800
985,42,0.0004614974631377581,0.02542831562459469,0.02744678407907486,0.023409849032759666,800
986,42,0.0005987984927328812,0.024274444207549095,0.025495273992419243,0.023053614422678947,800
987,42,0.00038265497212044215,0.024051086977124214,0.02553582191467285,0.022566353902220726,800
988,42,0.000356100870042362,0.02422463707625866,0.025646185502409935,0.022803084924817085,800
989,42,0.0003404837810773064,0.02367553673684597,0.024992164224386215,0.022358907386660576,800
990,42,0.00034197932109236717,0.023929087445139885,0.025401270017027855,0.022456904873251915,800
991,42,0.0003539793119257824,0.0241590216755867,0.025684714317321777,0.022633325308561325,800
992,42,0.0003421095131092112,0.02452387847006321,0.02611837349832058,0.02292938157916069,800
993,42,0.00030154497124551034,0.02449655532836914,0.026576785370707512,0.022416329011321068,800
994,42,0.00029078875774178994,0.025153402239084244,0.027079544961452484,0.023227263242006302,800
995,42,0.00037514731362038714,0.024377305060625076,0.026051383465528488,0.022703226655721664,800
996,42,0.0003814807542684403,0.024208655580878258,0.025965597480535507,0.02245170995593071,800
997,42,0.00034077588564038956,0.024567853659391403,0.02632329799234867,0.022812405601143837,800
998,42,0.00026974632452369076,0.024311594665050507,0.026175783947110176,0.02244740165770054,800
999,42,0.00033963288032365114,0.024383945390582085,0.025821717455983162,0.022946177050471306,800
1000,42,0.00028243705376305365,0.024540849030017853,0.02574567310512066,0.023336028680205345,800
1001,42,0.0002508116343630139,0.023765645921230316,0.025282708927989006,0.022248582914471626,800
1002,42,0.0002913091289387508,0.024041811004281044,0.02551533840596676,0.02256828360259533,800
1003,42,0.0002953884858553383,0.02455514669418335,0.026222918182611465,0.022887373343110085,800
1004,42,0.00027843938203824854,0.02413911372423172,0.025736216455698013,0.022542012855410576,800
1005,42,0.00023182793467474932,0.024310726672410965,0.025516634806990623,0.023104822263121605,800
1006,42,0.0003042271154382351,0.02402338758111,0.025678766891360283,0.02236800454556942,800
1007,42,0.0002762675430858508,0.024627063423395157,0.026317035779356956,0.02293708734214306,800
1008,42,0.0003124908544123173,0.024146242067217827,0.026009252294898033,0.02228323370218277,800
1009,42,0.00033826836310750383,0.02416703850030899,0.025747451931238174,0.022586623206734657,800
1010,42,0.0003051280827176842,0.024220865219831467,0.025351127609610558,0.023090600967407227,800
1011,42,0.000357351093870503,0.023967407643795013,0.025516049936413765,0.022418763488531113,800
1012,42,0.000429943494964391,0.02396399900317192,0.025836175307631493,0.022091830149292946,800
1013,42,0.0005070095119828528,0.024294547736644745,0.02603370137512684,0.022555392235517502,800
1014,42,0.0004387453134933656,0.02506979927420616,0.026147859171032906,0.023991741240024567,800
1015,42,0.0006049725660969588,0.024808822199702263,0.02557491511106491,0.024042729288339615,800
1016,42,0.0005006374055731364,0.024457892403006554,0.02628702111542225,0.02262875996530056,800
1017,42,0.0004680575115013529,0.023947885259985924,0.0256046149879694,0.02229115553200245,800
1018,42,0.0004021675902715122,0.023699257522821426,0.025466719642281532,0.021931791678071022,800
1019,42,0.000344030608010309,0.023934658616781235,0.025659918785095215,0.022209394723176956,800
1020,42,0.000352785589215769,0.024568650871515274,0.02601730450987816,0.02311999537050724,800
1021,42,0.00044685916774059564,0.02371731400489807,0.02525804005563259,0.02217658795416355,800
1022,42,0.0003499336519532583,0.023792939260601997,0.025660471990704536,0.02192540653049946,800
1023,42,0.00031403856568927455,0.02418583072721958,0.025495974346995354,0.02287568338215351,800
1024,42,0.00028754783984781665,0.024151640012860298,0.026422299444675446,0.021880976855754852,800
1025,42,0.0003233252950436012,0.02419159933924675,0.02550566755235195,0.022877532988786697,800
1026,42,0.00039135662849399853,0.0243678018450737,0.02625669725239277,0.02247890643775463,800
1027,42,0.00043007185343991625,0.024505972862243652,0.026158416643738747,0.022853529080748558,800
1028,42,0.000435323763998564,0.0244009867310524,0.025793375447392464,0.023008592426776886,800
1029,42,0.00041582699817478317,0.024716775864362717,0.026121625676751137,0.023311924189329147,800
1030,42,0.0004264461048561233,0.02403326891362667,0.02536216378211975,0.02270437404513359,800
1031,42,0.00047623570108870893,0.024476399645209312,0.02642831765115261,0.022524485364556313,800
1032,42,0.0006086764915380627,0.024700729176402092,0.027216175571084023,0.02218528464436531,800
1033,42,0.0007974159300581298,0.025417229160666466,0.0274424497038126,0.023392003029584885,800
1034,42,0.0005965221154672855,0.02446259930729866,0.025793880224227905,0.023131314665079117,800
1035,42,0.0006417491716671396,0.025001518428325653,0.02660033106803894,0.023402703925967216,800
1036,42,0.0008080321951472962,0.02435120940208435,0.025178976356983185,0.023523444309830666,800
1037,42,0.0007451941121623597,0.026025990024209023,0.02789832465350628,0.024153657257556915,800
1038,42,0.0008190130703786218,0.02520121820271015,0.02603910304605961,0.024363335222005844,800
1039,42,0.0008363098842726851,0.0256499033421278,0.02699141763150692,0.024308383464813232,800
1040,42,0.0009551177764396099,0.025877870619297028,0.026813946664333344,0.02494179829955101,800
1041,42,0.0010524792861278083,0.024430308490991592,0.02636878937482834,0.022491831332445145,800
1042,42,0.0011684709831818261,0.02478128671646118,0.025692377239465714,0.023870201781392097,800
1043,42,0.0009544761798513883,0.022846408188343048,0.025147367268800735,0.02054545469582081,800
1044,42,0.0008387266002087431,0.024116048589348793,0.026204463094472885,0.0220276340842247,800
1045,42,0.0008934940719469027,0.0246454905718565,0.027387285605072975,0.02190369740128517,800
1046,42,0.0015327297786081379,0.02470635250210762,0.026715774089097977,0.022696930915117264,800
1047,42,0.0016735223841599443,0.023201238363981247,0.024990946054458618,0.021411536261439323,800
1048,42,0.0015903819479386914,0.025261370465159416,0.026057718321681023,0.02446502074599266,800
1049,42,0.0012521984859962356,0.024023419246077538,0.02500072680413723,0.023046111688017845,800
1050,42,0.0010144587722606957,0.023876313120126724,0.025212835520505905,0.022539788857102394,800
1051,42,0.0010302565854296765,0.02403237298130989,0.025226928293704987,0.022837813943624496,800
1052,42,0.0007979955090294508,0.024067874997854233,0.026285629719495773,0.021850118413567543,800
1053,42,0.0006731580307876521,0.02422747202217579,0.02610977552831173,0.02234516851603985,800
1054,42,0.0007043049660172652,0.02485024929046631,0.02597443014383316,0.023726068437099457,800
1055,42,0.0007110180634878237,0.023954665288329124,0.026327678933739662,0.02158164605498314,800
1056,42,0.000617282549765977,0.024760544300079346,0.027452172711491585,0.022068915888667107,800
1057,42,0.0005351316464260559,0.024437908083200455,0.02651682123541832,0.02235899306833744,800
1058,42,0.000531979172427038,0.02371002547442913,0.02599632740020752,0.021423721686005592,800
1059,42,0.00044162118204192006,0.023729365319013596,0.02534436248242855,0.02211437001824379,800
1060,42,0.00046943522862751377,0.023706525564193726,0.02525237388908863,0.022160671651363373,800
1061,42,0.0003739465239711783,0.024137558415532112,0.025956371799111366,0.022318745031952858,800
1062,42,0.0004356084365016696,0.0238915104418993,0.02564135193824768,0.022141670808196068,800
1063,42,0.0003498127996201881,0.024492762982845306,0.026136180385947227,0.022849345579743385,800
1064,42,0.0004179159480951388,0.02381189726293087,0.025101345032453537,0.022522451356053352,800
1065,42,0.00042341587488243187,0.02461981028318405,0.026432136073708534,0.02280748076736927,800
1066,42,0.00031384315198837697,0.023962384089827538,0.025863010436296463,0.02206176333129406,800
1067,42,0.0002600891483862969,0.024344703182578087,0.02559049241244793,0.023098910227417946,800
1068,42,0.0002629758263620633,0.023854084312915802,0.02552804909646511,0.022180113941431046,800
1069,42,0.00038981189639095896,0.024392414838075638,0.025598200038075447,0.023186631500720978,800
1070,42,0.0005492125161584805,0.024428123608231544,0.025059720501303673,0.023796530440449715,800
1071,42,0.00045032439679330724,0.023436766117811203,0.025218812748789787,0.02165471762418747,800
1072,42,0.00032597291680179876,0.023488860577344894,0.02540186606347561,0.02157585695385933,800
1073,42,0.00031817952880043197,0.024195410311222076,0.02559082955121994,0.022799991071224213,800
1074,42,0.0003276160542472181,0.024009454995393753,0.02567365951836109,0.022345248609781265,800
1075,42,0.0003476189026101069,0.024592598900198936,0.026398656889796257,0.022786546498537064,800
1076,42,0.00032800075264689934,0.0240714643150568,0.025443000718951225,0.022699927911162376,800
1077,42,0.0004688208388291638,0.024104241281747818,0.026174992322921753,0.022033492103219032,800
1078,42,0.00041258308523207563,0.024458935484290123,0.026279684156179428,0.022638190537691116,800
1079,42,0.00043459908391179687,0.023714859038591385,0.02519451640546322,0.02223520167171955,800
1080,42,0.00036899048956746066,0.023667778819799423,0.02542954869568348,0.021906010806560516,800
1081,42,0.00045851648213680494,0.024182099848985672,0.025805167853832245,0.02255902998149395,800
1082,42,0.0005740880468775603,0.02349839173257351,0.025402020663022995,0.021594766527414322,800
1083,42,0.0006176116849846122,0.023938262835144997,0.02619590237736702,0.021680623292922974,800
1084,42,0.000810356998540969,0.02574639767408371,0.028158117085695267,0.023334678262472153,800
1085,42,0.0015312049283900044,0.027475964277982712,0.03205878660082817,0.022893143817782402,800
1086,42,0.0013509360565380616,0.02514767274260521,0.02688446082174778,0.02341088466346264,800
1087,42,0.0008983455005694519,0.025465140119194984,0.027772534638643265,0.023157745599746704,800
1088,42,0.0008208543718369169,0.02414133958518505,0.026229508221149445,0.022053169086575508,800
1089,42,0.0006139838660601526,0.02407729998230934,0.02557842805981636,0.02257617376744747,800
1090,42,0.0005435914552601224,0.02417645789682865,0.025722192600369453,0.022630726918578148,800
1091,42,0.00042569397853433407,0.0230038333684206,0.02443670481443405,0.021570956334471703,800
1092,42,0.0003760570014657622,0.02386757917702198,0.025180505588650703,0.022554658353328705,800
1093,42,0.0003896782899656418,0.023383600637316704,0.02542763762176037,0.02133956179022789,800
1094,42,0.0004420411847108467,0.02400088869035244,0.025786224752664566,0.022215548902750015,800
1095,42,0.0003688896037849852,0.023760803043842316,0.025337310507893562,0.02218429557979107,800
1096,42,0.00043367051164915955,0.02373720519244671,0.02516086772084236,0.022313544526696205,800
1097,42,0.0006061172541442581,0.023820186033844948,0.025359448045492172,0.022280922159552574,800
1098,42,0.0006591899410440502,0.02414158172905445,0.02572963945567608,0.022553524002432823,800
1099,42,0.0004625100118573755,0.024478403851389885,0.02520911768078804,0.023747693747282028,800
1100,42,0.000521689486711032,0.023853622376918793,0.024647990241646767,0.02305925264954567,800
1101,42,0.0007223728620870547,0.023939767852425575,0.025470947846770287,0.022408584132790565,800
1102,42,0.0006109418014106764,0.02466534823179245,0.02658957615494728,0.022741122171282768,800
1103,42,0.000530058645050634,0.025679299607872963,0.027798045426607132,0.023560555651783943,800
1104,42,0.0008373070873362435,0.025410691276192665,0.02804296463727951,0.022778421640396118,800
1105,42,0.001054397974671288,0.024323754012584686,0.027343789115548134,0.02130371518433094,800
1106,42,0.0008360041908665814,0.024978172034025192,0.02696683444082737,0.022989511489868164,800
1107,42,0.0006931237717667086,0.024603480473160744,0.026312856003642082,0.022894106805324554,800
1108,42,0.000560822269604118,0.025379540398716927,0.027419956400990486,0.02333912067115307,800
1109,42,0.000784841482527554,0.024598462507128716,0.02583555318415165,0.02336137183010578,800
1110,42,0.0007233589421957731,0.024290574714541435,0.025789372622966766,0.022791774943470955,800
1111,42,0.0004694361229088496,0.024404825642704964,0.026425203308463097,0.022384444251656532,800
1112,42,0.0004593636867039922,0.024400154128670692,0.0264771468937397,0.022323165088891983,800
1113,42,0.00037109378503042865,0.024474777281284332,0.02633725479245186,0.022612297907471657,800
1114,42,0.0003424952036849308,0.024248473346233368,0.026032350957393646,0.02246459759771824,800
1115,42,0.0004720684426667338,0.024281110614538193,0.02637537382543087,0.022186847403645515,800
1116,42,0.00036811058420095253,0.024506445974111557,0.02671482414007187,0.022298064082860947,800
1117,42,0.000316975765268911,0.024430006742477417,0.02603607252240181,0.022823942825198174,800
1118,42,0.0003287286407695237,0.024027785286307335,0.025865640491247177,0.022189926356077194,800
1119,42,0.00024060526497619733,0.024470491334795952,0.02655888721346855,0.02238209918141365,800
1120,42,0.0002845155435021628,0.023896750062704086,0.025791609659790993,0.022001896053552628,800
1121,42,0.00025350942054170776,0.023897139355540276,0.025396287441253662,0.02239799313247204,800
1122,42,0.0002683141567765481,0.02400517277419567,0.025691742077469826,0.022318609058856964,800
1123,42,0.0003169192072660239,0.023534033447504044,0.025395255535840988,0.0216728113591671,800
1124,42,0.0002767147194721143,0.023520058020949364,0.025349024683237076,0.021691085770726204,800
1125,42,0.00022506496249909767,0.023885231465101242,0.025648528710007668,0.02212192863225937,800
1126,42,0.00025588805676141584,0.023979658260941505,0.025835243985056877,0.02212407998740673,800
1127,42,0.0002814320852683688,0.024126719683408737,0.02556842379271984,0.022685017436742783,800
1128,42,0.00043135301728563553,0.0241985023021698,0.02572615072131157,0.02267085388302803,800
1129,42,0.0004270459228957241,0.02458241395652294,0.026056677103042603,0.023108147084712982,800
1130,42,0.0004619667438832535,0.024512220174074173,0.026468830183148384,0.02255561389029026,800
1131,42,0.0003354626427277584,0.02406322956085205,0.02641020156443119,0.021716255694627762,800
1132,42,0.00032103932938877153,0.02349124662578106,0.025396831333637238,0.021585660055279732,800
1133,42,0.00045328443626534533,0.02476455457508564,0.02652069553732872,0.02300840988755226,800
1134,42,0.0004928968344095417,0.024046825245022774,0.026236556470394135,0.021857092157006264,800
1135,42,0.00042229160581800073,0.024439720436930656,0.026077061891555786,0.022802384570240974,800
1136,42,0.00035881029643033713,0.024551741778850555,0.02616097405552864,0.02294251136481762,800
1137,42,0.00030598743284248155,0.023420244455337524,0.02531895786523819,0.02152153290808201,800
1138,42,0.000236292705680667,0.023448267951607704,0.025173846632242203,0.021722694858908653,800
1139,42,0.000261711993847381,0.023366723209619522,0.02515363320708275,0.021579811349511147,800
1140,42,0.00039322558520573443,0.023532221093773842,0.025518976151943207,0.021545464172959328,800
1141,42,0.0003801582180048254,0.024427104741334915,0.02594553679227829,0.022908663377165794,800
1142,42,0.0002662246433002028,0.023578304797410965,0.02534097619354725,0.02181563340127468,800
1143,42,0.00026014605034354395,0.02390018291771412,0.025465868413448334,0.022334497421979904,800
1144,42,0.00029467431754297155,0.023779043927788734,0.025516334921121597,0.02204175479710102,800
1145,42,0.0002753640966892073,0.023853667080402374,0.025486750528216362,0.022220585495233536,800
1146,42,0.0002729724907443266,0.023074926808476448,0.025145499035716057,0.02100435458123684,800
1147,42,0.0003193867887603119,0.02354418858885765,0.025411449372768402,0.02167692594230175,800
1148,42,0.0002963369320654734,0.023786621168255806,0.025695767253637314,0.021877471357584,800
1149,42,0.0003272768345513296,0.024306779727339745,0.02603178471326828,0.02258177660405636,800
1150,42,0.00025557726886208087,0.023637183010578156,0.025806069374084473,0.02146829105913639,800
1151,42,0.00027322413039986384,0.024054991081357002,0.02578592859208584,0.02232404612004757,800
1152,42,0.00026364728348033333,0.023929374292492867,0.02555163763463497,0.02230711095035076,800
1153,42,0.00024299875208684668,0.024255741387605667,0.02562294527888298,0.022888533771038055,800
1154,42,0.00021143233938015658,0.023787835612893105,0.02555328793823719,0.02202238328754902,800
1155,42,0.0002506608897502619,0.02386646345257759,0.025813501328229904,0.021919425576925278,800
1156,42,0.0002725896602814001,0.02372499741613865,0.025498637929558754,0.021951356902718544,800
1157,42,0.00025814082817470825,0.023417973890900612,0.02574530430138111,0.021090639755129814,800
1158,42,0.00029051781960085714,0.02442159689962864,0.025871815159916878,0.022971374914050102,800
1159,42,0.00023393555999394846,0.0242520272731781,0.025560414418578148,0.022943640127778053,800
1160,42,0.0003551745546494865,0.024118052795529366,0.025362003594636917,0.022874100133776665,800
1161,42,0.00036817591965452516,0.02375839836895466,0.025588897988200188,0.02192789502441883,800
1162,42,0.0003349430811464448,0.024229319766163826,0.026262696832418442,0.02219594083726406,800
1163,42,0.00031146204855758697,0.024491416290402412,0.02583685703575611,0.023145973682403564,800
1,42,0.7644640132784843,0.5922520756721497,0.4842064678668976,0.7002976536750793,1200
2,42,0.3866918459534645,0.35307541489601135,0.29508909583091736,0.41106176376342773,1200
3,42,0.23650349117815495,0.2773810625076294,0.24694961309432983,0.30781251192092896,1200
4,42,0.19903889065608382,0.24447602033615112,0.21975313127040863,0.2691988945007324,1200
5,42,0.1700748992152512,0.217332124710083,0.2018250972032547,0.23283907771110535,1200
6,42,0.1484547141008079,0.19476157426834106,0.186727836728096,0.20279528200626373,1200
7,42,0.1341959317214787,0.17807859182357788,0.1739346832036972,0.18222250044345856,1200
8,42,0.1178302108310163,0.16266679763793945,0.16002137959003448,0.16531221568584442,1200
9,42,0.10642792610451579,0.14686177670955658,0.1494321972131729,0.14429132640361786,1200
10,42,0.09577103680931032,0.13739821314811707,0.1390020102262497,0.13579440116882324,1200
11,42,0.08909305953420699,0.1235424131155014,0.12797722220420837,0.11910760402679443,1200
12,42,0.08053836436010897,0.11662350594997406,0.12216878682374954,0.11107823252677917,1200
13,42,0.07535211928188801,0.10985378921031952,0.11610952764749527,0.10359804332256317,1200
14,42,0.06893037306144834,0.09908028692007065,0.1036684587597847,0.094492107629776,1200
15,42,0.06314590014517307,0.09630190581083298,0.09801685810089111,0.09458694607019424,1200
16,42,0.059236080618575215,0.08900322020053864,0.09268257021903992,0.08532387018203735,1200
17,42,0.05443926458247006,0.08625306934118271,0.08705085515975952,0.0854552835226059,1200
18,42,0.05008155317045748,0.08070720732212067,0.08190440386533737,0.07951001077890396,1200
19,42,0.04592581104952842,0.07502882927656174,0.07716841250658035,0.07288923114538193,1200
20,42,0.043423440773040056,0.0724639892578125,0.07311776280403137,0.07181023806333542,1200
21,42,0.039664636948145926,0.06953007727861404,0.06916099786758423,0.06989916414022446,1200
22,42,0.03711858834140003,0.07161589711904526,0.07522305846214294,0.06800872832536697,1200
23,42,0.03594057052396238,0.06343010067939758,0.06462064385414124,0.062239568680524826,1200
24,42,0.03420577850192785,0.06276094168424606,0.06045570224523544,0.06506618112325668,1200
25,42,0.03213579556904733,0.05935504660010338,0.05601152777671814,0.06269856542348862,1200
26,42,0.030472347978502512,0.057975251227617264,0.05451030284166336,0.06144019216299057,1200
27,42,0.029254305409267545,0.05622705817222595,0.05211890488862991,0.06033520773053169,1200
28,42,0.028786704409867525,0.05405354127287865,0.051619753241539,0.056487344205379486,1200
29,42,0.02863416343461722,0.061524830758571625,0.0670708641409874,0.05597880855202675,1200
30,42,0.027820904622785747,0.0531938411295414,0.049622874706983566,0.05676480010151863,1200
31,42,0.02470482763601467,0.0512307733297348,0.045584335923194885,0.05687721446156502,1200
32,42,0.02354754990665242,0.051482655107975006,0.0465717539191246,0.0563935823738575,1200
33,42,0.02297058905242011,0.04857330769300461,0.04330582916736603,0.053840797394514084,1200
34,42,0.022383219096809626,0.04893925040960312,0.04482566937804222,0.053052835166454315,1200
35,42,0.021395992662291974,0.04741976410150528,0.042271893471479416,0.052567631006240845,1200
36,42,0.020734975405503064,0.04934578016400337,0.04401959478855133,0.054671965539455414,1200
37,42,0.020086749689653516,0.04981039837002754,0.04315512627363205,0.05646567419171333,1200
38,42,0.020159632607828826,0.04720020294189453,0.04076409339904785,0.05363631248474121,1200
39,42,0.019458165508694947,0.04741403087973595,0.042291540652513504,0.052536528557538986,1200
40,42,0.019661865546368062,0.046632830053567886,0.039556413888931274,0.0537092462182045,1200
41,42,0.018640095251612365,0.0454908162355423,0.038204584270715714,0.05277704820036888,1200
42,42,0.01750411477405578,0.04517551511526108,0.03770693764090538,0.052644092589616776,1200
43,42,0.017478806897997856,0.04624684527516365,0.03752671182155609,0.05496697872877121,1200
44,42,0.01782393650501035,0.04638540372252464,0.04004082456231117,0.052729979157447815,1200
45,42,0.016560326155740768,0.04514700919389725,0.0372227281332016,0.0530712865293026,1200
46,42,0.016345099022146314,0.04547608643770218,0.03800518438220024,0.05294698104262352,1200
47,42,0.015963879181072116,0.04263511672616005,0.035274844616651535,0.04999539628624916,1200
48,42,0.01651372865308076,0.04932206869125366,0.045113202184438705,0.05353093519806862,1200
49,42,0.015693101100623608,0.04330311715602875,0.03506733477115631,0.05153890326619148,1200
50,42,0.015179888578131795,0.042338743805885315,0.03415833041071892,0.050519149750471115,1200
51,42,0.014893515326548368,0.043864913284778595,0.03635340929031372,0.051376406103372574,1200
52,42,0.01417551186750643,0.042099032551050186,0.03344927355647087,0.05074877664446831,1200
53,42,0.014714698714669794,0.05018840730190277,0.04589410871267319,0.05448271334171295,1200
54,42,0.013973330584121868,0.04126764461398125,0.032825980335474014,0.04970930889248848,1200
55,42,0.013554052886320278,0.04179514944553375,0.032924070954322815,0.05066623538732529,1200
56,42,0.014273738430347294,0.04100709781050682,0.032261911779642105,0.049752283841371536,1200
57,42,0.013218832784332335,0.04244197532534599,0.03156208619475365,0.053321871906518936,1200
58,42,0.012951661366969347,0.04196624457836151,0.03235789015889168,0.05157460644841194,1200
59,42,0.013118986011249945,0.04476376250386238,0.0360623300075531,0.053465187549591064,1200
60,42,0.012969988310942426,0.04199506342411041,0.03179365396499634,0.05219646915793419,1200
61,42,0.01297773522674106,0.04157578572630882,0.031880613416433334,0.051270950585603714,1200
62,42,0.013219367945566773,0.041139837354421616,0.0330483615398407,0.049231305718421936,1200
63,42,0.01259955990826711,0.04216132313013077,0.0341552309691906,0.05016741156578064,1200
64,42,0.012707461748505011,0.04015045613050461,0.031452056020498276,0.04884886369109154,1200
65,42,0.01162098563509062,0.040626559406518936,0.031040281057357788,0.050212837755680084,1200
66,42,0.011522727931151167,0.039264656603336334,0.03129897639155388,0.04723034054040909,1200
67,42,0.011578103993088007,0.04083677753806114,0.03250093385577202,0.04917261376976967,1200
68,42,0.011678696318995208,0.038860347121953964,0.030371787026524544,0.047348909080028534,1200
69,42,0.011017794866347685,0.0412282831966877,0.03230906277894974,0.05014749988913536,1200
70,42,0.010906217969022691,0.040123019367456436,0.030245333909988403,0.05000070109963417,1200
71,42,0.010691581846913323,0.04054473340511322,0.03093845583498478,0.05015101283788681,1200
72,42,0.010470973909832537,0.04165133461356163,0.03274695202708244,0.05055570602416992,1200
73,42,0.010403443739051,0.0404328815639019,0.03184768185019493,0.04901808127760887,1200
74,42,0.01014513077097945,0.03924035280942917,0.029753219336271286,0.04872748628258705,1200
75,42,0.009540335391648114,0.03864656761288643,0.0297556109726429,0.04753752797842026,1200
76,42,0.00966564440750517,0.04008960351347923,0.029652245342731476,0.05052695795893669,1200
77,42,0.010451020789332688,0.045777611434459686,0.03846176713705063,0.05309345945715904,1200
78,42,0.011055213311919942,0.03839697688817978,0.02901802584528923,0.047775935381650925,1200
79,42,0.009921131713781506,0.04229358956217766,0.03366700932383537,0.05092018097639084,1200
80,42,0.009125364042120054,0.03810930252075195,0.028958134353160858,0.04726047068834305,1200
81,42,0.0090882828226313,0.03783582150936127,0.029254937544465065,0.046416718512773514,1200
82,42,0.00916417149710469,0.03867192193865776,0.030518682673573494,0.046825166791677475,1200
83,42,0.008663230400998145,0.03877253085374832,0.0297256913036108,0.04781937226653099,1200
84,42,0.008713014947716147,0.038485631346702576,0.029185893014073372,0.047785378992557526,1200
85,42,0.008240996598033234,0.03770475462079048,0.028239060193300247,0.047170449048280716,1200
86,42,0.008556447719456628,0.04137272760272026,0.03396080434322357,0.04878465458750725,1200
87,42,0.009135898028034717,0.03755909204483032,0.02915593795478344,0.045962247997522354,1200
88,42,0.008486667036777362,0.038484420627355576,0.028685003519058228,0.04828383028507233,1200
89,42,0.008331947989063337,0.03993580490350723,0.03279408439993858,0.04707753285765648,1200
90,42,0.008109480870189145,0.03752762824296951,0.02827324904501438,0.04678201302886009,1200
91,42,0.008307068754220381,0.03891686722636223,0.03055235557258129,0.047281377017498016,1200
92,42,0.00828450350672938,0.03871354088187218,0.02899886853992939,0.04842821881175041,1200
93,42,0.00810425536474213,0.038659293204545975,0.02972269617021084,0.047595880925655365,1200
94,42,0.007978896537679248,0.03956180065870285,0.03307154029607773,0.046052057296037674,1200
95,42,0.00809164671227336,0.037538256496191025,0.028129439800977707,0.04694707691669464,1200
96,42,0.008104573877062649,0.03673561289906502,0.02776232734322548,0.045708898454904556,1200
97,42,0.007438690023263916,0.03759898245334625,0.028361905366182327,0.04683605208992958,1200
98,42,0.007065274461638182,0.03792387247085571,0.02967529371380806,0.04617244377732277,1200
99,42,0.007304414844838902,0.037234898656606674,0.027703195810317993,0.04676659777760506,1200
100,42,0.007118256238754839,0.03602385148406029,0.02714085392653942,0.0449068509042263,1200
101,42,0.007080479466821998,0.03666868433356285,0.02812264673411846,0.04521472007036209,1200
102,42,0.007207513845060021,0.038117315620183945,0.030424844473600388,0.0458097867667675,1200
103,42,0.007381304909358732,0.036841414868831635,0.0271836519241333,0.046499185264110565,1200
104,42,0.007312041387194768,0.03656742349267006,0.028433887287974358,0.04470096528530121,1200
105,42,0.007165355433244258,0.03555022180080414,0.027263088151812553,0.043837349861860275,1200
106,42,0.007011394161963835,0.03767439350485802,0.03080167807638645,0.04454711452126503,1200
107,42,0.007463477872079238,0.03647514060139656,0.02785404585301876,0.04509623721241951,1200
108,42,0.007003508770139888,0.037572309374809265,0.0298483744263649,0.045296233147382736,1200
109,42,0.008070138690527529,0.03560345992445946,0.028414692729711533,0.042792223393917084,1200
110,42,0.0073110408848151565,0.036624252796173096,0.02715480513870716,0.046093687415122986,1200
111,42,0.006797267575166188,0.03412949666380882,0.02534026838839054,0.042918723076581955,1200
112,42,0.006589934433577582,0.036185987293720245,0.02773253619670868,0.04463943466544151,1200
113,42,0.006420623205485754,0.03445790708065033,0.0262299794703722,0.04268582910299301,1200
114,42,0.00617440692440141,0.03582204133272171,0.027605459094047546,0.04403862729668617,1200
115,42,0.006397232908057049,0.035879235714673996,0.026701945811510086,0.045056529343128204,1200
116,42,0.0063121517159743235,0.03497235104441643,0.025517301633954048,0.044427406042814255,1200
117,42,0.006249716636375524,0.03595343604683876,0.026652969419956207,0.045253902673721313,1200
118,42,0.00630639964947477,0.036035891622304916,0.026804322376847267,0.045267459005117416,1200
119,42,0.006535847831401043,0.036129917949438095,0.026340842247009277,0.04591899365186691,1200
120,42,0.006477964765508659,0.034259699285030365,0.02577618695795536,0.04274321720004082,1200
121,42,0.00644530171121005,0.034473758190870285,0.025893142446875572,0.04305436834692955,1200
122,42,0.005943700190982781,0.03560252487659454,0.026633135974407196,0.04457191750407219,1200
123,42,0.006250472346437164,0.035167891532182693,0.02696647308766842,0.043369315564632416,1200
124,42,0.005799778125947341,0.03515288606286049,0.026932915672659874,0.04337284713983536,1200
125,42,0.0060380945360520855,0.03468246012926102,0.026208631694316864,0.04315628856420517,1200
126,42,0.00611636636313051,0.035500865429639816,0.025754138827323914,0.04524759203195572,1200
127,42,0.006010045690345578,0.034888796508312225,0.026449082419276237,0.043328508734703064,1200
128,42,0.005352450491045602,0.03650554642081261,0.02910126931965351,0.04390982910990715,1200
129,42,0.006229356164112687,0.03472451865673065,0.025457363575696945,0.04399167001247406,1200
130,42,0.00569782372622285,0.03444444015622139,0.027093155309557915,0.041795723140239716,1200
131,42,0.005686597563908435,0.035953737795352936,0.027737362310290337,0.04417010769248009,1200
132,42,0.005829767775139771,0.035074278712272644,0.02577437274158001,0.04437417909502983,1200
133,42,0.005804754284326918,0.036098551005125046,0.025617141276597977,0.04657996445894241,1200
134,42,0.0058774297358468175,0.03442590683698654,0.025599271059036255,0.04325254261493683,1200
135,42,0.005657856891048141,0.034169550985097885,0.024899205192923546,0.04343990236520767,1200
136,42,0.00523795340268407,0.03423560410737991,0.0251687690615654,0.043302442878484726,1200
137,42,0.005460235639475286,0.03461223095655441,0.025471776723861694,0.04375268146395683,1200
138,42,0.006012133628246374,0.03397542983293533,0.024676837027072906,0.04327401518821716,1200
139,42,0.005459266219986603,0.03503492474555969,0.02610316313803196,0.043966684490442276,1200
140,42,0.005278524899040349,0.034377571195364,0.025291210040450096,0.04346393421292305,1200
141,42,0.0050126598798669875,0.0333079919219017,0.024535397067666054,0.0420805886387825,1200
142,42,0.004908422197331674,0.033882416784763336,0.024923186749219894,0.042841650545597076,1200
143,42,0.0047850859991740435,0.03312097117304802,0.024094846099615097,0.04214709624648094,1200
144,42,0.005310235763317905,0.03410891070961952,0.025593530386686325,0.04262428358197212,1200
145,42,0.005211917974520475,0.034731969237327576,0.025129098445177078,0.04433484748005867,1200
146,42,0.005040656265919097,0.032973047345876694,0.024079838767647743,0.041866254061460495,1200
147,42,0.005018746756832115,0.03355371206998825,0.025368738919496536,0.041738685220479965,1200
148,42,0.005593291105469689,0.03607407584786415,0.025073258206248283,0.04707489162683487,1200
149,42,0.005381399925681762,0.03258216381072998,0.024275360628962517,0.040888965129852295,1200
150,42,0.004854361992329359,0.034479353576898575,0.027485834434628487,0.04147287458181381,1200
151,42,0.004891715056146495,0.03294944390654564,0.023833714425563812,0.04206516966223717,1200
152,42,0.004764537821756676,0.033187564462423325,0.024286381900310516,0.042088743299245834,1200
153,42,0.004799743604962714,0.03311724215745926,0.02439146488904953,0.04184301197528839,1200
154,42,0.004368384106783196,0.03306853026151657,0.02390166185796261,0.04223540052771568,1200
155,42,0.004497601956245489,0.03335613012313843,0.02431667037308216,0.042395588010549545,1200
156,42,0.004609068593708798,0.03422248363494873,0.027403851971030235,0.041041117161512375,1200
157,42,0.004793939369847067,0.033901114016771317,0.026018809527158737,0.041783418506383896,1200
158,42,0.004410262787132524,0.03381747752428055,0.024092258885502815,0.04354269430041313,1200
159,42,0.0041897323171724565,0.033213354647159576,0.02419252134859562,0.04223418980836868,1200
160,42,0.004279212815163191,0.034128203988075256,0.024903779849410057,0.043352629989385605,1200
161,42,0.004307069815695286,0.03324700891971588,0.024417966604232788,0.042076051235198975,1200
162,42,0.0045590545196319,0.03274369612336159,0.024555763229727745,0.04093162342905998,1200
163,42,0.004409182234667242,0.03295212984085083,0.023830948397517204,0.04207330197095871,1200
164,42,0.004420652272528969,0.03231438621878624,0.0243467278778553,0.040282052010297775,1200
165,42,0.004310563766921405,0.03366214036941528,0.025451308116316795,0.041872963309288025,1200
166,42,0.004447647981578484,0.034153979271650314,0.02600201591849327,0.04230594262480736,1200
167,42,0.004436095696291886,0.032379768788814545,0.02439647726714611,0.04036306217312813,1200
168,42,0.00419458204851253,0.03276990354061127,0.023569149896502495,0.04197065532207489,1200
169,42,0.004172014174400829,0.0347304493188858,0.028280440717935562,0.041180457919836044,1200
170,42,0.004327116657805163,0.032364923506975174,0.02343527227640152,0.04129457846283913,1200
171,42,0.0040621579173603095,0.033001672476530075,0.02387099340558052,0.04213235154747963,1200
172,42,0.004212032741634175,0.03426683694124222,0.025705356150865555,0.04282831773161888,1200
173,42,0.003941870236303657,0.03261334076523781,0.024379760026931763,0.04084692895412445,1200
174,42,0.004094715921382885,0.033223990350961685,0.02436174638569355,0.04208623990416527,1200
175,42,0.003954927415179554,0.032757505774497986,0.023470032960176468,0.0420449823141098,1200
176,42,0.004005450493423268,0.03260332718491554,0.023472119122743607,0.04173453524708748,1200
177,42,0.0043933033011853695,0.031852442771196365,0.023935049772262573,0.03976983204483986,1200
178,42,0.004009619507996831,0.033312901854515076,0.0240054689347744,0.04262033477425575,1200
179,42,0.003990868295659311,0.03262192755937576,0.024294614791870117,0.040949247777462006,1200
180,42,0.0037668467120965943,0.03361283242702484,0.024004966020584106,0.043220698833465576,1200
181,42,0.0039269026019610465,0.03227999061346054,0.02371620014309883,0.040843769907951355,1200
182,42,0.003936950932256877,0.03262746334075928,0.02370527572929859,0.041549649089574814,1200
183,42,0.004054942692164332,0.03362000361084938,0.024885717779397964,0.042354293167591095,1200
184,42,0.004058675280248281,0.032715074717998505,0.02542867138981819,0.04000147432088852,1200
185,42,0.004070975359354634,0.03184310719370842,0.022989409044384956,0.040696803480386734,1200
186,42,0.00391896758810617,0.0336730070412159,0.024658342823386192,0.04268766567111015,1200
187,42,0.003805334032222163,0.03211602196097374,0.023330314084887505,0.04090172424912453,1200
188,42,0.0036338659847388044,0.03239695355296135,0.02371869795024395,0.0410752147436142,1200
189,42,0.003566200270142872,0.03289197385311127,0.02483455091714859,0.040949393063783646,1200
190,42,0.003663561488792766,0.03256009891629219,0.023424874991178513,0.04169532284140587,1200
191,42,0.003639369795564562,0.03319159522652626,0.024478213861584663,0.04190497100353241,1200
192,42,0.00393216781958472,0.03262186050415039,0.024044683203101158,0.041199035942554474,1200
193,42,0.0037140487984288484,0.033685944974422455,0.02399565652012825,0.04337623715400696,1200
194,42,0.0039044142395141535,0.03228595107793808,0.02443166822195053,0.04014023765921593,1200
195,42,0.004570571778458543,0.032738737761974335,0.023752443492412567,0.0417250357568264,1200
196,42,0.0038129847453092225,0.03271509334445,0.025063497945666313,0.04036669060587883,1200
197,42,0.00421166185697075,0.03379014506936073,0.024335874244570732,0.04324442148208618,1200
198,42,0.003979864297434688,0.032394055277109146,0.02371969446539879,0.041068412363529205,1200
199,42,0.003755968762561679,0.0336267426609993,0.02353898622095585,0.0437144972383976,1200
200,42,0.003827952910796739,0.03414864093065262,0.026006491854786873,0.042290784418582916,1200
201,42,0.0038176144880708307,0.03307303786277771,0.02415897138416767,0.0419871024787426,1200
202,42,0.0037105329320183955,0.03135925158858299,0.022794999182224274,0.03992350772023201,1200
203,42,0.003504004969727248,0.031433381140232086,0.023249462246894836,0.039617300033569336,1200
204,42,0.0035032070009037852,0.03231893107295036,0.024340631440281868,0.04029722884297371,1200
205,42,0.0033887402605614625,0.0348055474460125,0.02852437272667885,0.041086722165346146,1200
206,42,0.003820419267867692,0.0328604057431221,0.02511102333664894,0.04060978814959526,1200
207,42,0.003496134093438741,0.032242175191640854,0.023620054125785828,0.04086429625749588,1200
208,42,0.0034022750187432393,0.03261524811387062,0.023969708010554314,0.04126078635454178,1200
209,42,0.003733720106538385,0.031418364495038986,0.022728262469172478,0.04010845720767975,1200
210,42,0.003699645327287726,0.03322095423936844,0.024678517132997513,0.041763391345739365,1200
211,42,0.0033900342459673993,0.03271430730819702,0.02497066929936409,0.040457941591739655,1200
212,42,0.0033015399530995637,0.03239494562149048,0.02394312433898449,0.04084676131606102,1200
213,42,0.003232765469874721,0.03182252123951912,0.023339590057730675,0.04030545428395271,1200
214,42,0.0032437018016935326,0.03191445767879486,0.023404737934470177,0.040424175560474396,1200
215,42,0.003075502645515371,0.03146860748529434,0.02304418943822384,0.0398930162191391,1200
216,42,0.0031628853757865727,0.0323338657617569,0.024826383218169212,0.03984135389328003,1200
217,42,0.0031662288747611456,0.031302329152822495,0.023311208933591843,0.039293453097343445,1200
218,42,0.003316864349471871,0.03311365097761154,0.025269610807299614,0.04095768555998802,1200
219,42,0.003096371321589686,0.03125296160578728,0.02289421111345291,0.03961171209812164,1200
220,42,0.003085348660533782,0.03163858875632286,0.023034313693642616,0.04024285450577736,1200
221,42,0.003229822701541707,0.031640466302633286,0.023230357095599174,0.04005057364702225,1200
222,42,0.003016245311300736,0.03268476203083992,0.02574259415268898,0.03962693363428116,1200
223,42,0.003122681075183209,0.03220458701252937,0.023470507934689522,0.040938664227724075,1200
224,42,0.0030966941340011545,0.032524313777685165,0.025345532223582268,0.03970309719443321,1200
225,42,0.003318396586109884,0.032534804195165634,0.024728309363126755,0.04034130275249481,1200
226,42,0.0038284202528302558,0.032385487109422684,0.022929038852453232,0.04184193164110184,1200
227,42,0.004087492743565235,0.033895254135131836,0.025216596201062202,0.04257391393184662,1200
228,42,0.003605190671805758,0.03157252445816994,0.023043978959321976,0.0401010699570179,1200
229,42,0.003195896148099564,0.0319836288690567,0.02353295311331749,0.040434300899505615,1200
230,42,0.0031359325803350657,0.03213276341557503,0.02344932220876217,0.040816206485033035,1200
231,42,0.0030473395745502785,0.03155684098601341,0.02346533164381981,0.03964834660291672,1200
232,42,0.003248469321988523,0.031005671247839928,0.022631444036960602,0.039379898458719254,1200
233,42,0.0030534500838257372,0.032944440841674805,0.024096032604575157,0.0417928472161293,1200
234,42,0.0029896987762185745,0.031915951520204544,0.02351866289973259,0.0403132401406765,1200
235,42,0.0032478512948728167,0.031413376331329346,0.023023447021842003,0.039803314954042435,1200
236,42,0.003062685420445632,0.03298543021082878,0.02389456517994404,0.04207629710435867,1200
237,42,0.0034882711624959484,0.0317939929664135,0.022524463012814522,0.041063521057367325,1200
238,42,0.0031120731509872712,0.03177523985505104,0.023836927488446236,0.039713554084300995,1200
239,42,0.003214954966097139,0.032965123653411865,0.02501479722559452,0.04091545194387436,1200
240,42,0.002820472276653163,0.031591422855854034,0.02370738983154297,0.0394754521548748,1200
241,42,0.003391405218280852,0.034648049622774124,0.02624027244746685,0.04305582493543625,1200
242,42,0.0032584533328190446,0.03143465891480446,0.022811802104115486,0.04005751013755798,1200
243,42,0.0028172658930998296,0.03171869367361069,0.02331778220832348,0.040119607001543045,1200
244,42,0.0032467697528772987,0.032874319702386856,0.02468024380505085,0.04106839373707771,1200
245,42,0.003177833743393421,0.03173908218741417,0.023145757615566254,0.040332403033971786,1200
246,42,0.0028654674606514163,0.031099120154976845,0.023127907887101173,0.039070334285497665,1200
247,42,0.00287968480552081,0.031900979578495026,0.024617910385131836,0.039184048771858215,1200
248,42,0.0028420946109690703,0.03213324397802353,0.02356986701488495,0.040696628391742706,1200
249,42,0.0026584310580801684,0.03185940906405449,0.023669814690947533,0.04004900902509689,1200
250,42,0.0028783754823962227,0.032685164362192154,0.02534184232354164,0.04002848640084267,1200
251,42,0.0027031010322389193,0.03133610635995865,0.02288118004798889,0.03979102894663811,1200
252,42,0.0028209659285494126,0.03269876539707184,0.025940285995602608,0.03945724666118622,1200
253,42,0.0028278797908569686,0.0322396345436573,0.022812560200691223,0.04166671261191368,1200
254,42,0.0030700692514074035,0.03278212621808052,0.02451816387474537,0.04104609042406082,1200
255,42,0.002959756413474679,0.03255331516265869,0.023647833615541458,0.041458796709775925,1200
256,42,0.003131588498945348,0.03260781988501549,0.024483654648065567,0.04073198512196541,1200
257,42,0.002862454144633375,0.031188752502202988,0.02320883981883526,0.03916866332292557,1200
258,42,0.0027256331595708616,0.03411359339952469,0.02577800676226616,0.04244917631149292,1200
259,42,0.003356342451297678,0.03207064047455788,0.024357520043849945,0.03978375345468521,1200
260,42,0.003551134155713953,0.033147796988487244,0.026539362967014313,0.03975623473525047,1200
261,42,0.0030253016084316187,0.03285808861255646,0.025341548025608063,0.040374625474214554,1200
262,42,0.0027029167031287216,0.029993105679750443,0.023173082619905472,0.03681313619017601,1200
263,42,0.0028397882997523993,0.03592276945710182,0.02825101837515831,0.04359452426433563,1200
264,42,0.0029549920873250812,0.031403932720422745,0.02328551560640335,0.03952234983444214,1200
265,42,0.0031973389923223294,0.03255898505449295,0.02374344877898693,0.041374530643224716,1200
266,42,0.003321193937154021,0.03149905055761337,0.024069705978035927,0.038928400725126266,1200
267,42,0.0028115183376939967,0.0321090966463089,0.024076586589217186,0.04014160856604576,1200
268,42,0.002686256470042281,0.03142441436648369,0.02268797904253006,0.040160853415727615,1200
269,42,0.002405181876383722,0.0319560281932354,0.023826729506254196,0.0400853268802166,1200
270,42,0.0023493438493460417,0.03139107674360275,0.023214273154735565,0.03956788033246994,1200
271,42,0.002591721211501863,0.033946309238672256,0.026756994426250458,0.04113561660051346,1200
272,42,0.002568459000030998,0.03167176991701126,0.02311140112578869,0.040232136845588684,1200
273,42,0.002614823686599266,0.030585572123527527,0.02341228350996971,0.03775886073708534,1200
274,42,0.002513176550564822,0.032801926136016846,0.025005251169204712,0.040598608553409576,1200
275,42,0.002489553422492463,0.03238440677523613,0.024636168032884598,0.04013265669345856,1200
276,42,0.003307361686893273,0.033485911786556244,0.02531215362250805,0.04165966063737869,1200
277,42,0.003013409543200396,0.03197193518280983,0.024256957694888115,0.039686914533376694,1200
278,42,0.002654633455676958,0.032328639179468155,0.02339962124824524,0.04125765711069107,1200
279,42,0.0025751510183908977,0.03251776099205017,0.02439805679023266,0.04063747450709343,1200
280,42,0.0026954613567795604,0.03180396929383278,0.023500900715589523,0.04010704532265663,1200
281,42,0.0025280180780100636,0.03260058909654617,0.023602195084095,0.041598983108997345,1200
282,42,0.0024955924673122354,0.030064808204770088,0.023168908432126045,0.036960702389478683,1200
283,42,0.0025970851347665302,0.03212890774011612,0.023766841739416122,0.04049098119139671,1200
284,42,0.002488807942427229,0.03213329240679741,0.024810343980789185,0.039456240832805634,1200
285,42,0.0025801520605455153,0.03272081911563873,0.024005206301808357,0.041436437517404556,1200
286,42,0.002437851879221853,0.03074595145881176,0.022823821753263474,0.03866807743906975,1200
287,42,0.0023752722263452597,0.03136324882507324,0.023367786779999733,0.0393587201833725,1200
288,42,0.0023021268789307214,0.031870193779468536,0.02319054678082466,0.04054984450340271,1200
289,42,0.002191411367675755,0.03153396025300026,0.023343775421380997,0.03972414508461952,1200
290,42,0.002201469826104585,0.03173356503248215,0.024040590971708298,0.039426539093256,1200
291,42,0.0022198666993062943,0.031078679487109184,0.023167703300714493,0.038989655673503876,1200
292,42,0.002467513368173968,0.032252609729766846,0.02314785309135914,0.041357364505529404,1200
293,42,0.002512895800464321,0.031231459230184555,0.02343747392296791,0.0390254482626915,1200
294,42,0.002911286814196501,0.03203672915697098,0.02402060478925705,0.04005284979939461,1200
295,42,0.002504798634618055,0.03153142333030701,0.02362818457186222,0.03943466767668724,1200
296,42,0.0022963493756833486,0.03164626657962799,0.02261747047305107,0.04067506641149521,1200
297,42,0.002246417134301737,0.03143436089158058,0.022938722744584084,0.03993000090122223,1200
298,42,0.0021662209910573438,0.03166115656495094,0.022668913006782532,0.04065340384840965,1200
299,42,0.002468865168339107,0.03254391998052597,0.024997472763061523,0.040090374648571014,1200
300,42,0.0022114569728728384,0.03183142468333244,0.023548902943730354,0.04011394828557968,1200
301,42,0.0024680752103449777,0.032429177314043045,0.024698924273252487,0.04015941917896271,1200
302,42,0.002499744023225503,0.03241562470793724,0.025131087750196457,0.03970016539096832,1200
303,42,0.002701576544495765,0.0313633531332016,0.02229536883533001,0.04043133556842804,1200
304,42,0.0023135540905059315,0.03266122192144394,0.02613101713359356,0.03919142484664917,1200
305,42,0.0023515005450462922,0.032568007707595825,0.02492235042154789,0.04021366313099861,1200
306,42,0.002345103428524453,0.0307292602956295,0.023039240390062332,0.03841928020119667,1200
307,42,0.002621099403768312,0.03268616646528244,0.02341725490987301,0.04195507988333702,1200
308,42,0.002209216865594499,0.03199911117553711,0.023195825517177582,0.04080239310860634,1200
309,42,0.0023184660240076482,0.03216548264026642,0.0232151560485363,0.041115812957286835,1200
310,42,0.002302798595337663,0.033781249076128006,0.025126324966549873,0.04243617132306099,1200
311,42,0.002366829852689989,0.03193314000964165,0.024177707731723785,0.03968857228755951,1200
312,42,0.0023587708055856638,0.032289937138557434,0.02477739192545414,0.03980248421430588,1200
313,42,0.0024578439188189805,0.03167188540101051,0.023909322917461395,0.03943444788455963,1200
314,42,0.002332311778445728,0.03207836672663689,0.023680448532104492,0.04047628492116928,1200
315,42,0.0022737159379175864,0.03292368724942207,0.0241840910166502,0.041663285344839096,1200
316,42,0.0024156243962352164,0.03256542980670929,0.024415165185928345,0.04071569815278053,1200
317,42,0.002091300739266444,0.03277815505862236,0.025497686117887497,0.04005862772464752,1200
318,42,0.0022516372991958633,0.03186541795730591,0.023749081417918205,0.03998174890875816,1200
319,42,0.002187163248891011,0.03132396563887596,0.02393285185098648,0.03871507570147514,1200
320,42,0.0023159152769949287,0.0330333448946476,0.02469821274280548,0.041368480771780014,1200
321,42,0.0023002177476882935,0.03317892551422119,0.025297943502664566,0.04105990752577782,1200
322,42,0.0023035007980070077,0.032705772668123245,0.024087341502308846,0.0413241982460022,1200
323,42,0.0031662500696256757,0.03719673678278923,0.029140152037143707,0.045253317803144455,1200
324,42,0.002614105374959763,0.0313839316368103,0.023352758958935738,0.03941510617733002,1200
325,42,0.0023660630540689453,0.032841842621564865,0.023843079805374146,0.04184060916304588,1200
326,42,0.0021139795790077187,0.03214281424880028,0.024197081103920937,0.04008854925632477,1200
327,42,0.0020411190889717545,0.03241553157567978,0.024069147184491158,0.04076191782951355,1200
328,42,0.0019679217984958086,0.03326565772294998,0.02669123001396656,0.03984009101986885,1200
329,42,0.0024227582034654915,0.0326990932226181,0.02560434862971306,0.03979382663965225,1200
330,42,0.0023099522077245638,0.033152323216199875,0.02610582485795021,0.04019881784915924,1200
331,42,0.0024613338173367083,0.03490758687257767,0.02718324586749077,0.042631927877664566,1200
332,42,0.002349509159103036,0.031837526708841324,0.0234527587890625,0.04022229090332985,1200
333,42,0.0021613934659399092,0.03326604142785072,0.024362707510590553,0.04216937720775604,1200
334,42,0.0021291340090101585,0.033784668892621994,0.024748675525188446,0.04282066598534584,1200
335,42,0.00223367919534212,0.03287876769900322,0.02444382570683956,0.04131370782852173,1200
336,42,0.002032285599852912,0.03216314688324928,0.024083904922008514,0.04024239256978035,1200
337,42,0.0021970418747514486,0.03218710049986839,0.023454949259757996,0.04091924428939819,1200
338,42,0.002114387410983909,0.03283616155385971,0.024700630456209183,0.04097169265151024,1200
339,42,0.0020186116453260183,0.03250923007726669,0.024298157542943954,0.04072030261158943,1200
340,42,0.0021705764447688125,0.03306663781404495,0.024135224521160126,0.04199805110692978,1200
341,42,0.0020298836134315934,0.03283541649580002,0.02434762567281723,0.041323207318782806,1200
342,42,0.0020015788468299434,0.03139389306306839,0.023471849039196968,0.03931593522429466,1200
343,42,0.0019980738761660177,0.032620470970869064,0.023880593478679657,0.04136034473776817,1200
344,42,0.0020484980996116064,0.031404558569192886,0.023776117712259293,0.03903300315141678,1200
345,42,0.002076660603052005,0.03321439027786255,0.02538486011326313,0.041043929755687714,1200
346,42,0.002146634185919538,0.03338558226823807,0.025257958099246025,0.04151320829987526,1200
347,42,0.002275909351737937,0.03243741765618324,0.024561971426010132,0.040312863886356354,1200
348,42,0.0020925403441651724,0.03262845799326897,0.023925818502902985,0.04133109375834465,1200
349,42,0.0021238494919089135,0.03429825231432915,0.025699302554130554,0.04289719834923744,1200
350,42,0.0020723897105199285,0.032603904604911804,0.023962991312146187,0.04124482348561287,1200
351,42,0.0022783718159189448,0.032275643199682236,0.024052869528532028,0.04049841687083244,1200
352,42,0.002133141504600644,0.032934967428445816,0.024724997580051422,0.04114492982625961,1200
353,42,0.0019062395149376243,0.032265033572912216,0.024064909666776657,0.040465157479047775,1200
354,42,0.002209338294051122,0.03362904489040375,0.024832507595419884,0.042425572872161865,1200
355,42,0.0020459119841689244,0.032819900661706924,0.024239439517259598,0.04140036553144455,1200
356,42,0.0021194174769334495,0.03397582843899727,0.025026289746165276,0.04292537271976471,1200
357,42,0.0018844750884454697,0.031524743884801865,0.023849651217460632,0.0391998328268528,1200
358,42,0.0019276968741905876,0.033082958310842514,0.02461613528430462,0.04154977947473526,1200
359,42,0.002251084086310584,0.032509639859199524,0.023751767352223396,0.0412675142288208,1200
360,42,0.0020961063346476294,0.03304184600710869,0.024604013189673424,0.041479673236608505,1200
361,42,0.0019353371317265555,0.03202831745147705,0.02400859259068966,0.04004804417490959,1200
362,42,0.0019519369161571376,0.03318484500050545,0.0245677437633276,0.04180194064974785,1200
363,42,0.002074765263387235,0.033812910318374634,0.024504512548446655,0.04312131553888321,1200
364,42,0.001813213970308425,0.03321794793009758,0.024301057681441307,0.042134840041399,1200
365,42,0.0016952467740338761,0.033461038023233414,0.026240108534693718,0.04068197309970856,1200
366,42,0.001914412401674781,0.032495029270648956,0.02486366219818592,0.04012640193104744,1200
367,42,0.0020827354746870697,0.03210968151688576,0.024339914321899414,0.0398794449865818,1200
368,42,0.002016445629124064,0.03219818323850632,0.024281196296215057,0.04011516645550728,1200
369,42,0.002351921699300874,0.03461533784866333,0.02481287345290184,0.04441779851913452,1200
370,42,0.002284763380885124,0.03377833962440491,0.024591412395238876,0.042965278029441833,1200
371,42,0.0020497427321970463,0.03335128352046013,0.024547891691327095,0.04215467721223831,1200
372,42,0.0017713484048726968,0.033130303025245667,0.024496549740433693,0.04176405817270279,1200
373,42,0.001811161379009718,0.033313822001218796,0.024826202541589737,0.041801437735557556,1200
374,42,0.0020861432494712062,0.03337613120675087,0.025186218321323395,0.041566044092178345,1200
375,42,0.001850113992986735,0.03266974166035652,0.02521178126335144,0.040127694606781006,1200
376,42,0.0017070500907720998,0.032153721898794174,0.024165190756320953,0.040142256766557693,1200
377,42,0.001859526732005179,0.03354066610336304,0.024352598935365677,0.042728736996650696,1200
378,42,0.002017511840676889,0.03243931755423546,0.024511966854333878,0.04036667197942734,1200
379,42,0.0016785474253993016,0.03248906508088112,0.024195846170186996,0.04078229144215584,1200
380,42,0.0016724473862268496,0.03229427710175514,0.02424529567360878,0.040343258529901505,1200
381,42,0.0018240379577036947,0.03362787142395973,0.024349672719836235,0.04290606826543808,1200
382,42,0.002022401113208616,0.03377194330096245,0.024230442941188812,0.043313443660736084,1200
1,42,0.6812112006274137,0.5694320201873779,0.44406092166900635,0.6948029398918152,1600
2,42,0.2959701723673127,0.30691975355148315,0.25826913118362427,0.3555704355239868,1600
3,42,0.20854504270987076,0.261728435754776,0.22964096069335938,0.2938159108161926,1600
4,42,0.16996471109715375,0.22213318943977356,0.2073698341846466,0.2368965595960617,1600
5,42,0.1393934034488418,0.1913137137889862,0.189487487077713,0.1931399405002594,1600
6,42,0.12237023782323707,0.17113235592842102,0.1789170205593109,0.16334770619869232,1600
7,42,0.10556289147246968,0.15545180439949036,0.1634140908718109,0.14748947322368622,1600
8,42,0.09276186497035352,0.13723112642765045,0.1467742621898651,0.1276879906654358,1600
9,42,0.08471061560240659,0.1266474574804306,0.13613218069076538,0.11716278642416,1600
10,42,0.07686055553230373,0.12290646135807037,0.13926377892494202,0.10654916614294052,1600
11,42,0.06844639659605244,0.10418374091386795,0.11476345360279083,0.09360400587320328,1600
12,42,0.06083449128676544,0.09533537179231644,0.10616100579500198,0.08450974524021149,1600
13,42,0.056952285157008606,0.09180577099323273,0.10058368742465973,0.08302785456180573,1600
14,42,0.051616776565259155,0.08570442348718643,0.09843288362026215,0.07297597080469131,1600
15,42,0.04798107086257501,0.07606671005487442,0.08202267438173294,0.0701107308268547,1600
16,42,0.04539839838716117,0.07540185004472733,0.07684376835823059,0.07395992428064346,1600
17,42,0.0416528389535167,0.06974455714225769,0.07407969981431961,0.06540943682193756,1600
18,42,0.041044728491793976,0.06679882854223251,0.07191970944404602,0.061677947640419006,1600
19,42,0.03809833907606927,0.06119664013385773,0.062197186052799225,0.06019609421491623,1600
20,42,0.035608135841109535,0.05872761085629463,0.060493145138025284,0.05696207657456398,1600
21,42,0.034056096845729786,0.05754585936665535,0.058811433613300323,0.056280266493558884,1600
22,42,0.03147998299788345,0.05152163282036781,0.052895497530698776,0.050147756934165955,1600
23,42,0.029140653173354538,0.05151928961277008,0.0522855781018734,0.05075300484895706,1600
24,42,0.02720421137796207,0.048375923186540604,0.047327812761068344,0.04942404106259346,1600
25,42,0.02661212885074995,0.04551101103425026,0.04573129117488861,0.04529072344303131,1600
26,42,0.026575357272205027,0.046433694660663605,0.04450308531522751,0.0483643002808094,1600
27,42,0.02348831530914388,0.04173046350479126,0.04164838418364525,0.04181253910064697,1600
28,42,0.022860729177905756,0.043298494070768356,0.04449369013309479,0.04210330545902252,1600
29,42,0.022367731752720745,0.044594209641218185,0.04761314392089844,0.041575271636247635,1600
30,42,0.022686905523931437,0.04299819841980934,0.042544785887002945,0.043451618403196335,1600
31,42,0.021869038697332144,0.041675545275211334,0.04024067893624306,0.043110426515340805,1600
32,42,0.021373509598726578,0.03926023468375206,0.03792164847254753,0.04059881716966629,1600
33,42,0.020333155439319937,0.03889985755085945,0.03718237206339836,0.04061735048890114,1600
34,42,0.01948435278609395,0.040825601667165756,0.03468777984380722,0.046963419765233994,1600
35,42,0.019535472785884685,0.0358097143471241,0.0341494046151638,0.03747003525495529,1600
36,42,0.017861268991096454,0.0338716059923172,0.033330127596855164,0.034413084387779236,1600
37,42,0.019046831410378218,0.03337154537439346,0.03262177109718323,0.034121323376894,1600
38,42,0.01899146648462523,0.03647460415959358,0.039486415684223175,0.033462800085544586,1600
39,42,0.017025100882165134,0.03395611792802811,0.033627528697252274,0.03428471088409424,1600
40,42,0.01599765509705652,0.03407838195562363,0.03105214610695839,0.03710462152957916,1600
41,42,0.016086860983209175,0.03343135863542557,0.03273414820432663,0.034128572791814804,1600
42,42,0.015779274875636806,0.03607482463121414,0.030720775946974754,0.04142887517809868,1600
43,42,0.01699071910909631,0.03344907611608505,0.031047644093632698,0.035850510001182556,1600
44,42,0.01570161258463155,0.031439755111932755,0.028675513342022896,0.03420399874448776,1600
45,42,0.014202672205018725,0.030534153804183006,0.028413332998752594,0.03265497460961342,1600
46,42,0.014449790733951058,0.033873315900564194,0.03544273227453232,0.03230389580130577,1600
47,42,0.014081677167930386,0.031636182218790054,0.028782101348042488,0.03449026122689247,1600
48,42,0.013976424932479858,0.03172243386507034,0.028313377872109413,0.03513149172067642,1600
49,42,0.013753456169400703,0.030622268095612526,0.0276018138974905,0.0336427204310894,1600
50,42,0.012615205339071426,0.030038418248295784,0.026775488629937172,0.033301349729299545,1600
51,42,0.01278883417729627,0.029244888573884964,0.02723877876996994,0.03125099465250969,1600
52,42,0.01269743174568496,0.03263930231332779,0.0341155007481575,0.031163103878498077,1600
53,42,0.013123461235822602,0.028771497309207916,0.026142487302422523,0.03140050545334816,1600
54,42,0.012241601605306972,0.02861221507191658,0.025791075080633163,0.0314333550632,1600
55,42,0.012022937288169156,0.028166556730866432,0.025308305397629738,0.031024806201457977,1600
56,42,0.012370927026495337,0.026768621057271957,0.02447330206632614,0.029063940048217773,1600
57,42,0.011829732028259472,0.03002272918820381,0.027357108891010284,0.03268835321068764,1600
58,42,0.011595096163959666,0.027851663529872894,0.025213921442627907,0.03048940934240818,1600
59,42,0.012001970486546104,0.029235124588012695,0.02625996433198452,0.03221027925610542,1600
60,42,0.01050342620477419,0.02816329337656498,0.025904951617121696,0.03042163886129856,1600
61,42,0.010933422039008954,0.02762727625668049,0.025133775547146797,0.03012077696621418,1600
62,42,0.010613472052765164,0.027708502486348152,0.025388656184077263,0.03002834878861904,1600
63,42,0.010660600382834673,0.026104770600795746,0.023531612008810043,0.028677923604846,1600
64,42,0.010021020467816428,0.02662670984864235,0.0231111329048872,0.0301422830671072,1600
65,42,0.010084150676530871,0.02612769417464733,0.024469967931509018,0.027785416692495346,1600
66,42,0.009646274847909808,0.027179045602679253,0.02391105890274048,0.030447037890553474,1600
67,42,0.00953323493542319,0.025756334885954857,0.024068932980298996,0.027443736791610718,1600
68,42,0.009428674228150736,0.028959397226572037,0.028445055708289146,0.029473740607500076,1600
69,42,0.009257582735947588,0.02697029523551464,0.025966845452785492,0.02797374688088894,1600
70,42,0.009004204745658419,0.02620089054107666,0.02311384491622448,0.029287930577993393,1600
71,42,0.008787428981370547,0.02619057521224022,0.02354222536087036,0.028838923200964928,1600
72,42,0.00924939594485543,0.026753170415759087,0.025274014100432396,0.028232324868440628,1600
73,42,0.009356818056072701,0.027391554787755013,0.023585790768265724,0.03119731694459915,1600
74,42,0.008466391295025294,0.026607373729348183,0.02317497693002224,0.030039764940738678,1600
75,42,0.008443476611071012,0.026729289442300797,0.024426428601145744,0.029032154008746147,1600
76,42,0.008064633076587184,0.02671751193702221,0.024474358186125755,0.028960665687918663,1600
77,42,0.00810891303064471,0.027599889785051346,0.026945460587739944,0.028254320845007896,1600
78,42,0.008435168642212044,0.025088051334023476,0.02257612906396389,0.02759997732937336,1600
79,42,0.008288121189583431,0.026084406301379204,0.022257158532738686,0.02991165593266487,1600
80,42,0.008003662171011621,0.024280520156025887,0.02159840241074562,0.0269626397639513,1600
81,42,0.007628376849673011,0.026934219524264336,0.02457030490040779,0.02929813414812088,1600
82,42,0.007803246971558441,0.0260891392827034,0.021867789328098297,0.030310489237308502,1600
83,42,0.007438197393308987,0.02514318935573101,0.02330995537340641,0.026976419612765312,1600
84,42,0.007780573986978693,0.024242781102657318,0.021204626187682152,0.027280934154987335,1600
85,42,0.007168025328693065,0.02557455375790596,0.023199772462248802,0.027949336916208267,1600
86,42,0.006913623211651363,0.025877345353364944,0.023040752857923508,0.028713935986161232,1600
87,42,0.006868341471999884,0.02799069508910179,0.029109228402376175,0.026872163638472557,1600
88,42,0.007110760070976208,0.025307724252343178,0.022663330659270287,0.02795211784541607,1600
89,42,0.006553989835083485,0.024941878393292427,0.02250356413424015,0.027380192652344704,1600
90,42,0.006729181453754956,0.024188397452235222,0.021820543333888054,0.02655625157058239,1600
91,42,0.006621431093662977,0.026017827913165092,0.02501288801431656,0.027022767812013626,1600
92,42,0.006640618973919613,0.023860352113842964,0.021030878648161888,0.026689819991588593,1600
93,42,0.006527562456374819,0.02473677322268486,0.02096223644912243,0.02851131558418274,1600
94,42,0.006813851396807216,0.024471310898661613,0.022378556430339813,0.026564065366983414,1600
95,42,0.006497992858798666,0.025135954841971397,0.020830543711781502,0.029441364109516144,1600
96,42,0.006378961695273491,0.02467077225446701,0.02356019988656044,0.02578134462237358,1600
97,42,0.006284365758553825,0.024735629558563232,0.022301767021417618,0.027169490233063698,1600
98,42,0.006077702474695715,0.026817739009857178,0.024924129247665405,0.028711354359984398,1600
99,42,0.0064166399163447995,0.02449502982199192,0.020539022982120514,0.028451036661863327,1600
100,42,0.006244263992729512,0.023583022877573967,0.020707663148641586,0.02645837888121605,1600
101,42,0.006144599449312823,0.026442937552928925,0.02358713187277317,0.029298745095729828,1600
102,42,0.0073311825028874655,0.02456519566476345,0.02216656319797039,0.02696382813155651,1600
103,42,0.006456272327341139,0.023422956466674805,0.02056170627474785,0.02628420665860176,1600
104,42,0.00615021538793702,0.025040870532393456,0.02222045697271824,0.02786128968000412,1600
105,42,0.005874888262372802,0.025898316875100136,0.023686591535806656,0.028110045939683914,1600
106,42,0.009984260636635801,0.02671639248728752,0.026439107954502106,0.026993682608008385,1600
107,42,0.008858906094577502,0.025801049545407295,0.022841405123472214,0.028760690242052078,1600
108,42,0.006402413360774517,0.023038677871227264,0.020227979868650436,0.025849374011158943,1600
109,42,0.006559952511452138,0.024401048198342323,0.021673977375030518,0.027128124609589577,1600
110,42,0.005748160945420916,0.023391757160425186,0.02099485509097576,0.02578866109251976,1600
111,42,0.005737627136775039,0.02369549870491028,0.020463284105062485,0.02692771516740322,1600
112,42,0.005940031969327141,0.024135611951351166,0.02140136994421482,0.02686985395848751,1600
113,42,0.005477570325390182,0.024867704138159752,0.02186865732073784,0.027866747230291367,1600
114,42,0.005258277799426155,0.023684566840529442,0.02213294245302677,0.02523619867861271,1600
115,42,0.005201437743380666,0.02365940250456333,0.021659454330801964,0.0256593506783247,1600
116,42,0.00584373123605143,0.025396090000867844,0.020507298409938812,0.030284879729151726,1600
117,42,0.005834630256603387,0.023848136886954308,0.02185199223458767,0.025844279676675797,1600
118,42,0.006062003339386799,0.024641046300530434,0.02280551567673683,0.026476578786969185,1600
119,42,0.005650104499760677,0.02309337817132473,0.020067276433110237,0.026119479909539223,1600
120,42,0.0054035114907574925,0.02369779534637928,0.021784430369734764,0.025611158460378647,1600
121,42,0.00487472420685332,0.025350354611873627,0.023913050070405006,0.026787662878632545,1600
122,42,0.005219553417356854,0.0223515834659338,0.01930999383330345,0.025393171235919,1600
123,42,0.004961984083903107,0.023056279867887497,0.02005143091082573,0.026061128824949265,1600
124,42,0.004978343325836415,0.023277647793293,0.021588588133454323,0.024966713041067123,1600
125,42,0.004587719799019396,0.021928690373897552,0.018743697553873062,0.025113681331276894,1600
126,42,0.005076374260666357,0.024071060121059418,0.0202565286308527,0.027885595336556435,1600
127,42,0.004934640283781019,0.02180570736527443,0.019167808815836906,0.0244436077773571,1600
128,42,0.005409869487101043,0.023536203429102898,0.019830821081995964,0.027241583913564682,1600
129,42,0.005365732570432804,0.022914517670869827,0.01916937157511711,0.026659665629267693,1600
130,42,0.004580133636905389,0.02268795482814312,0.019450759515166283,0.025925153866410255,1600
131,42,0.005049400560727174,0.02390052191913128,0.02300245873630047,0.024798592552542686,1600
132,42,0.004982410856014626,0.022280773147940636,0.01881074532866478,0.025750797241926193,1600
133,42,0.005129296343180944,0.024548953399062157,0.024083944037556648,0.025013959035277367,1600
134,42,0.004840225954963403,0.021384434774518013,0.01804548129439354,0.024723386391997337,1600
135,42,0.004762391951358454,0.022529179230332375,0.019124550744891167,0.025933805853128433,1600
136,42,0.004868916563943706,0.022252200171351433,0.018745100125670433,0.025759300217032433,1600
137,42,0.004634670553390275,0.022145293653011322,0.0193635206669569,0.024927066639065742,1600
138,42,0.00462405319029296,0.023712510243058205,0.022068334743380547,0.025356682017445564,1600
139,42,0.004314848592250862,0.023433532565832138,0.022126315161585808,0.02474074624478817,1600
140,42,0.004416648065671325,0.022063417360186577,0.01957070082426071,0.02455613762140274,1600
141,42,0.004023667578373782,0.021431706845760345,0.018591204658150673,0.02427220717072487,1600
142,42,0.004239875548095865,0.021657364442944527,0.018303247168660164,0.02501147985458374,1600
143,42,0.004139090327292003,0.023488782346248627,0.021512754261493683,0.02546481229364872,1600
144,42,0.004860236986794255,0.023153098300099373,0.019541410729289055,0.02676478400826454,1600
145,42,0.004555969022807072,0.021285494789481163,0.01867903210222721,0.023891953751444817,1600
146,42,0.004216935549100692,0.024666838347911835,0.024270465597510338,0.025063209235668182,1600
147,42,0.00438834881325337,0.022149018943309784,0.01938142254948616,0.02491661347448826,1600
148,42,0.004178960299627347,0.022094151005148888,0.019527077674865723,0.024661226198077202,1600
149,42,0.004162663392807272,0.022972892969846725,0.020515160635113716,0.025430627167224884,1600
150,42,0.003966018070720814,0.02262875624001026,0.01968288980424404,0.02557462267577648,1600
151,42,0.003958397481421178,0.02298704721033573,0.020631350576877594,0.02534274384379387,1600
152,42,0.004132494610861282,0.022298216819763184,0.02029482275247574,0.024301616474986076,1600
153,42,0.004007473974277012,0.023606080561876297,0.020391469821333885,0.02682068757712841,1600
154,42,0.003947883209382946,0.02131861262023449,0.017908155918121338,0.02472906932234764,1600
155,42,0.003977998212741857,0.02157766744494438,0.018300460651516914,0.02485487423837185,1600
156,42,0.003815401588905264,0.02171437256038189,0.017967645078897476,0.025461100041866302,1600
157,42,0.004135432166301392,0.023301230743527412,0.02017601951956749,0.026426438242197037,1600
158,42,0.003853377812034027,0.022028030827641487,0.018145106732845306,0.02591095119714737,1600
159,42,0.0036724768102761696,0.021999817341566086,0.019492242485284805,0.024507401511073112,1600
160,42,0.003684359025845135,0.02113529108464718,0.01766340620815754,0.02460717409849167,1600
161,42,0.003798782756679099,0.0218212828040123,0.018844686448574066,0.02479788102209568,1600
162,42,0.0039580587498759005,0.02067006751894951,0.017854904755949974,0.023485230281949043,1600
163,42,0.0035877998399717562,0.02115991897881031,0.018709683790802956,0.023610152304172516,1600
164,42,0.004466936119239439,0.027291404083371162,0.03093096800148487,0.023651838302612305,1600
165,42,0.005005464434031059,0.021092373877763748,0.017878009006381035,0.024306733161211014,1600
166,42,0.0042560057693415065,0.023497097194194794,0.019770819693803787,0.0272233746945858,1600
167,42,0.004241577762348408,0.022728435695171356,0.019658442586660385,0.025798432528972626,1600
168,42,0.0039296006805009465,0.02137737162411213,0.01960965059697628,0.02314509078860283,1600
169,42,0.0036593556340614505,0.021462298929691315,0.018161658197641373,0.024762937799096107,1600
170,42,0.0036685357441787014,0.02113119699060917,0.01785001903772354,0.0244123712182045,1600
171,42,0.0044664702092466705,0.021581556648015976,0.017598014324903488,0.025565095245838165,1600
172,42,0.004017294225790961,0.022563600912690163,0.02173783630132675,0.023389365524053574,1600
173,42,0.0035104303017512643,0.0213905218988657,0.018092144280672073,0.024688897654414177,1600
174,42,0.003536074835045094,0.022579248994588852,0.0204487182199955,0.024709781631827354,1600
175,42,0.0035188660681755705,0.023066392168402672,0.022600719705224037,0.023532060906291008,1600
176,42,0.0036490533014082098,0.021045370027422905,0.017428921535611153,0.024661820381879807,1600
177,42,0.0037740042369643397,0.02138959802687168,0.018173525109887123,0.02460566721856594,1600
178,42,0.003957281555895778,0.02350928820669651,0.020094651728868484,0.026923920959234238,1600
179,42,0.0037601743718947878,0.02081514522433281,0.01748955249786377,0.02414073795080185,1600
180,42,0.0038842237660322676,0.021335747092962265,0.019124411046504974,0.023547083139419556,1600
181,42,0.0032501501264050603,0.02094748057425022,0.017991123721003532,0.02390383929014206,1600
182,42,0.0031094419537112117,0.021026944741606712,0.019422153010964394,0.02263173647224903,1600
183,42,0.0037802312978204677,0.020571773871779442,0.01696993038058281,0.024173617362976074,1600
184,42,0.0036596691405231304,0.021153224632143974,0.019102534279227257,0.02320392057299614,1600
185,42,0.0034274386760609395,0.020937450230121613,0.01832444779574871,0.023550454527139664,1600
186,42,0.003953611070755869,0.023419490084052086,0.02263498678803444,0.024203991517424583,1600
187,42,0.004210023511074145,0.021429594606161118,0.018084125593304634,0.024775061756372452,1600
188,42,0.0034192418520846827,0.020593510940670967,0.017075853422284126,0.024111170321702957,1600
189,42,0.0034091592427681794,0.020176047459244728,0.01683647185564041,0.023515619337558746,1600
190,42,0.003385550913993608,0.021004585549235344,0.01855343207716942,0.02345573529601097,1600
191,42,0.0035182872670702636,0.02173294685781002,0.017603985965251923,0.02586190216243267,1600
192,42,0.00337656386281279,0.02132359705865383,0.018273163586854935,0.024374032393097878,1600
193,42,0.003368949983268976,0.020823577418923378,0.01827642135322094,0.023370735347270966,1600
194,42,0.003928221756888723,0.02015165239572525,0.017357012256979942,0.022946296259760857,1600
195,42,0.0031302420009689576,0.0206149835139513,0.01701698824763298,0.02421298250555992,1600
196,42,0.0031343686119229956,0.02044037915766239,0.017608383670449257,0.023272374644875526,1600
197,42,0.0031579240881414576,0.021004172042012215,0.01829163357615471,0.02371670864522457,1600
198,42,0.0030033883257684383,0.022036857903003693,0.019203199073672295,0.024870513007044792,1600
199,42,0.0031130492306229744,0.02124166302382946,0.017829298973083496,0.024654025211930275,1600
200,42,0.003189238597935235,0.02245056815445423,0.020665045827627182,0.02423609420657158,1600
201,42,0.003563600819854235,0.02071637660264969,0.017014259472489357,0.02441849745810032,1600
202,42,0.0037617883644998074,0.021059805527329445,0.01778743974864483,0.024332167580723763,1600
203,42,0.002976282489147376,0.020710226148366928,0.017239363864064217,0.02418108843266964,1600
204,42,0.0029598732785829766,0.021738028153777122,0.020298849791288376,0.02317720279097557,1600
205,42,0.0030861867231909523,0.019776487722992897,0.016918325796723366,0.022634651511907578,1600
206,42,0.0028857288998551667,0.021464593708515167,0.01818034239113331,0.024748852476477623,1600
207,42,0.002987303675829687,0.02182663604617119,0.018761275336146355,0.02489199861884117,1600
208,42,0.0030497546117244797,0.02120104990899563,0.01923917792737484,0.023162921890616417,1600
209,42,0.0030802997961555693,0.020395375788211823,0.01784411258995533,0.022946644574403763,1600
210,42,0.002929432931440798,0.020313967019319534,0.017377322539687157,0.023250607773661613,1600
211,42,0.00292966559804468,0.019911019131541252,0.017101820558309555,0.02272021770477295,1600
212,42,0.0033125625499947505,0.020687758922576904,0.01770785078406334,0.02366766706109047,1600
213,42,0.0029842595421624455,0.019488636404275894,0.016402345150709152,0.022574923932552338,1600
214,42,0.002888356547125361,0.020016150549054146,0.016953909769654274,0.02307838946580887,1600
215,42,0.0031622138287110083,0.020717430859804153,0.01804131641983986,0.023393547162413597,1600
216,42,0.0033887083938514643,0.020356792956590652,0.016870904713869095,0.02384268306195736,1600
217,42,0.0030341855229132557,0.02151152677834034,0.01922672614455223,0.023796331137418747,1600
218,42,0.0028691576920788398,0.019991278648376465,0.01677435263991356,0.02320820465683937,1600
219,42,0.002707742265721952,0.020233990624547005,0.01768251322209835,0.022785473614931107,1600
220,42,0.003052696712653745,0.02137342467904091,0.019374186173081398,0.02337266318500042,1600
221,42,0.0032074481185356326,0.020481733605265617,0.018204472959041595,0.02275899052619934,1600
222,42,0.002981811338527636,0.020190250128507614,0.01766558550298214,0.02271491475403309,1600
223,42,0.0033724122754806144,0.020276585593819618,0.016923189163208008,0.023629985749721527,1600
224,42,0.003590775780718435,0.020447496324777603,0.018001241609454155,0.02289375104010105,1600
225,42,0.003618368482090194,0.02126474864780903,0.017393261194229126,0.025136234238743782,1600
226,42,0.004302199998743494,0.02480163611471653,0.02468135394155979,0.024921918287873268,1600
227,42,0.003514194236644967,0.02287929318845272,0.019872505217790604,0.02588607557117939,1600
228,42,0.0030302957800978966,0.021947376430034637,0.02013353444635868,0.023761218413710594,1600
229,42,0.0028022322221659124,0.020377401262521744,0.017143886536359787,0.023610919713974,1600
230,42,0.0026171304952268574,0.020218702033162117,0.01720321737229824,0.023234186694025993,1600
231,42,0.0026123147002759983,0.020308835431933403,0.017629289999604225,0.02298838272690773,1600
232,42,0.0030564003867435863,0.020236048847436905,0.017625562846660614,0.022846536710858345,1600
233,42,0.00261895535831255,0.020604996010661125,0.017787855118513107,0.023422138765454292,1600
234,42,0.0028766156438822773,0.021171726286411285,0.018676960840821266,0.023666493594646454,1600
235,42,0.0028212514959953046,0.02045653574168682,0.017085671424865723,0.023827403783798218,1600
236,42,0.0029886099086566405,0.02106163091957569,0.019687436521053314,0.02243582159280777,1600
237,42,0.002955335912040689,0.01967095024883747,0.01661098189651966,0.022730916738510132,1600
238,42,0.0027617507307282226,0.019592005759477615,0.016537537798285484,0.0226464681327343,1600
239,42,0.002520097149747678,0.020602840930223465,0.017922572791576385,0.023283105343580246,1600
240,42,0.0026397526063109663,0.02024954929947853,0.017178725451231003,0.02332037314772606,1600
241,42,0.002626604516990483,0.020344486460089684,0.016454298049211502,0.024234673008322716,1600
242,42,0.0033145193751393394,0.02123662829399109,0.018596792593598366,0.02387646585702896,1600
243,42,0.0031476835296912627,0.020154770463705063,0.01721159927546978,0.023097939789295197,1600
244,42,0.002656070425556126,0.021089963614940643,0.01883827894926071,0.023341653868556023,1600
245,42,0.002491824307732961,0.020222503691911697,0.017202680930495262,0.023242328315973282,1600
246,42,0.0025533007574267685,0.02085932344198227,0.018612954765558243,0.023105692118406296,1600
247,42,0.002442357111828063,0.020732823759317398,0.01937979832291603,0.022085851058363914,1600
248,42,0.0028215049480257385,0.02043563313782215,0.019314700737595558,0.021556567400693893,1600
249,42,0.0030025793504054573,0.021499577909708023,0.019149919971823692,0.0238492414355278,1600
250,42,0.002425851220984689,0.01990298368036747,0.018261699005961418,0.021544266492128372,1600
251,42,0.002795871707018126,0.02020113728940487,0.01793505996465683,0.02246720902621746,1600
252,42,0.0029775740906850183,0.02134115807712078,0.020573949441313744,0.022108372300863266,1600
253,42,0.0030134998219595714,0.02023463137447834,0.01680774614214897,0.02366151474416256,1600
254,42,0.0026292534603271633,0.018663950264453888,0.015868624672293663,0.02145927958190441,1600
255,42,0.002710177600172094,0.020222488790750504,0.01823064126074314,0.022214340046048164,1600
256,42,0.00339508976850828,0.020009715110063553,0.017831766977906227,0.022187666967511177,1600
257,42,0.003352584497241134,0.018992135301232338,0.016519999131560326,0.02146427147090435,1600
258,42,0.002836452701806345,0.019149595871567726,0.01745486445724964,0.020844321697950363,1600
259,42,0.0025051567936316133,0.0201476588845253,0.019055938348174095,0.021239379420876503,1600
260,42,0.0024218596465123646,0.021063445135951042,0.020795781165361404,0.02133111096918583,1600
261,42,0.002520443667890504,0.01908763311803341,0.017476065084338188,0.02069920115172863,1600
262,42,0.0024743275716900826,0.01990998163819313,0.01759825460612774,0.02222171053290367,1600
263,42,0.002313568590166555,0.020977307111024857,0.018607227131724358,0.023347385227680206,1600
264,42,0.0023808512857861138,0.01980665512382984,0.01764785125851631,0.02196546457707882,1600
265,42,0.0025869965002956715,0.019821370020508766,0.016918104141950607,0.022724632173776627,1600
266,42,0.0029027643560601227,0.020339947193861008,0.018925029784440994,0.02175486646592617,1600
267,42,0.0024294563600878146,0.019206279888749123,0.017252212390303612,0.021160343661904335,1600
268,42,0.0025839851639995522,0.0218255203217268,0.020479785278439522,0.02317126654088497,1600
269,42,0.0023664024139923804,0.01934088207781315,0.016699008643627167,0.02198275737464428,1600
270,42,0.00273012467765842,0.020647095516324043,0.01870265044271946,0.022591538727283478,1600
271,42,0.0024940944276750088,0.01923288032412529,0.016837501898407936,0.021628258749842644,1600
272,42,0.0035760855111716824,0.019832413643598557,0.017482103779911995,0.022182723507285118,1600
273,42,0.003200921759178693,0.01847068779170513,0.015989618375897408,0.020951759070158005,1600
274,42,0.002712260259696367,0.018730467185378075,0.0167215708643198,0.020739369094371796,1600
275,42,0.0027595554182136602,0.018493030220270157,0.01698247343301773,0.020003585144877434,1600
276,42,0.0024107285267250104,0.018093330785632133,0.015902869403362274,0.02028379775583744,1600
277,42,0.0021707945217547767,0.018472973257303238,0.015997137874364853,0.020948806777596474,1600
278,42,0.0022667392993091858,0.019091812893748283,0.016337376087903976,0.021846245974302292,1600
279,42,0.002369336037769575,0.019634323194622993,0.017192916944622993,0.02207573503255844,1600
280,42,0.002060296315572817,0.018901316449046135,0.01647774502635002,0.021324889734387398,1600
281,42,0.0025384282344020903,0.02024979516863823,0.0172603540122509,0.02323923632502556,1600
282,42,0.0023157492026009345,0.02171485871076584,0.019444705918431282,0.0239850040525198,1600
283,42,0.0030970345515842464,0.023263175040483475,0.02001001685857773,0.02651633508503437,1600
284,42,0.002829825383907353,0.019579490646719933,0.01623004488646984,0.022928936406970024,1600
285,42,0.002535354885780676,0.01883333921432495,0.01762896217405796,0.020037714391946793,1600
286,42,0.0025665830630301075,0.01908124051988125,0.01702481508255005,0.02113766223192215,1600
287,42,0.0023683224466036668,0.019628284499049187,0.017529286444187164,0.02172728069126606,1600
288,42,0.002153050892626528,0.01881893165409565,0.01625869981944561,0.02137916348874569,1600
289,42,0.0019920285981656475,0.018765198066830635,0.016008924692869186,0.021521467715501785,1600
290,42,0.0025682639044878833,0.0198967382311821,0.016812225803732872,0.022981252521276474,1600
291,42,0.00229694650889459,0.01955774612724781,0.017767075449228287,0.021348414942622185,1600
292,42,0.0021904750663617797,0.01874746009707451,0.01673770323395729,0.020757216960191727,1600
293,42,0.0022838748621077025,0.018814286217093468,0.017808301374316216,0.01982026919722557,1600
294,42,0.0024559733309698377,0.021044442430138588,0.018570955842733383,0.02351793460547924,1600
295,42,0.002242153177080168,0.018927011638879776,0.017247382551431656,0.020606640726327896,1600
296,42,0.00236894425523298,0.01995166204869747,0.018423648551106453,0.02147967554628849,1600
297,42,0.0023000106289559467,0.01872584968805313,0.01669684611260891,0.02075485698878765,1600
298,42,0.002031892305240035,0.01929180696606636,0.017680564895272255,0.020903047174215317,1600
299,42,0.0026461817694573915,0.01859975978732109,0.0167832113802433,0.02041630819439888,1600
300,42,0.0025126816524954684,0.02022314816713333,0.019458914175629616,0.020987380295991898,1600
301,42,0.003829016762954945,0.02381197176873684,0.026438821107149124,0.021185122430324554,1600
302,42,0.005523769031490453,0.022040756419301033,0.01792520470917225,0.026156306266784668,1600
303,42,0.003277722026475451,0.020012319087982178,0.019012222066521645,0.02101241797208786,1600
304,42,0.002322529368525879,0.020529258996248245,0.019394641742110252,0.021663878113031387,1600
305,42,0.00257721304660663,0.01996629871428013,0.017349492758512497,0.02258310280740261,1600
306,42,0.0022651815511794252,0.01904584839940071,0.01695055514574051,0.021141137927770615,1600
307,42,0.0023506431554613464,0.018580399453639984,0.016715912148356438,0.02044488675892353,1600
308,42,0.0020917420571839266,0.01895449124276638,0.017076803371310234,0.020832179114222527,1600
309,42,0.002176375451116738,0.018482213839888573,0.015967663377523422,0.020996766164898872,1600
310,42,0.0022642402433451603,0.019746780395507812,0.017309393733739853,0.02218417264521122,1600
311,42,0.0021603756467811763,0.01841150037944317,0.01614859327673912,0.020674411207437515,1600
312,42,0.0020016497186258098,0.01906060427427292,0.017573779448866844,0.020547427237033844,1600
313,42,0.001890786121789874,0.018262183293700218,0.015758834779262543,0.020765535533428192,1600
314,42,0.0018631917773745954,0.01919502019882202,0.018204880878329277,0.020185165107250214,1600
315,42,0.002011203310261904,0.01847361959517002,0.016368411481380463,0.02057882584631443,1600
316,42,0.0019238097143401815,0.018573442474007607,0.016168685629963875,0.020978203043341637,1600
317,42,0.00188567985473624,0.018701039254665375,0.01749821938574314,0.01990385912358761,1600
318,42,0.0019040200488895855,0.01884065940976143,0.016213776543736458,0.0214675385504961,1600
319,42,0.002139568741602654,0.01942218467593193,0.01835208386182785,0.02049228921532631,1600
320,42,0.0021432451162995262,0.019227471202611923,0.016544975340366364,0.021909963339567184,1600
321,42,0.002235369317614558,0.018984351307153702,0.017822029069066048,0.020146671682596207,1600
322,42,0.002267033427911387,0.018847985193133354,0.01708763837814331,0.020608333870768547,1600
323,42,0.0019220650270157917,0.018456434831023216,0.01648072712123394,0.020432138815522194,1600
324,42,0.0017725750856863504,0.017881369218230247,0.016524111852049828,0.019238626584410667,1600
325,42,0.0017988502275495027,0.017629338428378105,0.015623541548848152,0.019635135307908058,1600
326,42,0.0019018528903622857,0.01852954365313053,0.016314664855599403,0.02074442245066166,1600
327,42,0.0019871437530541284,0.018929649144411087,0.017064988613128662,0.020794305950403214,1600
328,42,0.0018919245974922721,0.0183261688798666,0.016264038160443306,0.020388297736644745,1600
329,42,0.0018437593773176725,0.01817246526479721,0.016116825863718987,0.020228104665875435,1600
330,42,0.0019722716348372737,0.019360125064849854,0.01764114387333393,0.021079102531075478,1600
331,42,0.0020150238044813955,0.018525967374444008,0.01610243134200573,0.020949503406882286,1600
332,42,0.0021071455981159074,0.01793139986693859,0.016351554542779922,0.01951124332845211,1600
333,42,0.0019456209847703576,0.018009359017014503,0.016000358387827873,0.020018355920910835,1600
334,42,0.002190581464674324,0.01890609599649906,0.017229465767741203,0.020582731813192368,1600
335,42,0.002267810558392243,0.019173365086317062,0.017589472234249115,0.02075725980103016,1600
336,42,0.003368238762380894,0.02452327497303486,0.02876991033554077,0.020276635885238647,1600
337,42,0.0061275079126723786,0.018979640677571297,0.018229570239782333,0.01972971111536026,1600
338,42,0.003014248711141673,0.01768406480550766,0.016531139612197876,0.018836984410881996,1600
339,42,0.0025833173263394697,0.0185408852994442,0.01654001511633396,0.020541755482554436,1600
340,42,0.002258614962391386,0.019262198358774185,0.01712741144001484,0.021396983414888382,1600
341,42,0.002557046044702557,0.018463177606463432,0.01622621901333332,0.020700139924883842,1600
342,42,0.0018583727677733723,0.01831837370991707,0.01686222106218338,0.019774524495005608,1600
343,42,0.0018095153341577811,0.01777365803718567,0.016084857285022736,0.019462456926703453,1600
344,42,0.00175384307989258,0.018879050388932228,0.0174280796200037,0.020330021157860756,1600
345,42,0.0018307306110562588,0.019755849614739418,0.019236544147133827,0.02027515508234501,1600
346,42,0.00183796385218474,0.02031191624701023,0.01792191155254841,0.022701922804117203,1600
347,42,0.0022156594204716384,0.019087526947259903,0.017041729763150215,0.02113332599401474,1600
348,42,0.0018945209184576843,0.019222047179937363,0.016917284578084946,0.02152680978178978,1600
349,42,0.0018633179213132032,0.01797991618514061,0.016636138781905174,0.019323689863085747,1600
350,42,0.0018236484796613115,0.0180340688675642,0.01637871190905571,0.019689423963427544,1600
351,42,0.00241121925434775,0.01798817701637745,0.01564921624958515,0.020327134057879448,1600
352,42,0.002512669741091403,0.019253242760896683,0.017518725246191025,0.02098776027560234,1600
353,42,0.002909525863783942,0.018969595432281494,0.017314564436674118,0.02062462456524372,1600
354,42,0.00230812601512298,0.0189465694129467,0.017812715843319893,0.020080426707863808,1600
355,42,0.0019972328922118654,0.01981724426150322,0.01787068508565426,0.02176380716264248,1600
356,42,0.0019268910532859577,0.018706340342760086,0.017776796594262123,0.0196358822286129,1600
357,42,0.0021916547769003296,0.019785571843385696,0.01800682209432125,0.02156432531774044,1600
358,42,0.002055707091296261,0.017824795097112656,0.016662010923027992,0.01898757740855217,1600
359,42,0.0017002826127943329,0.01777953840792179,0.015648128464818,0.01991095580160618,1600
360,42,0.0017628841451369226,0.01995968446135521,0.018520362675189972,0.021399008110165596,1600
361,42,0.0017628370763056657,0.019144834950566292,0.017603551968932152,0.020686116069555283,1600
362,42,0.0018267562104897065,0.019555341452360153,0.01700889877974987,0.022101787850260735,1600
363,42,0.0021476966424167836,0.019628893584012985,0.018984554335474968,0.020273232832551003,1600
364,42,0.002180282338734039,0.019461683928966522,0.016886983066797256,0.02203638106584549,1600
365,42,0.0018650693289766257,0.01822657696902752,0.01691843941807747,0.019534718245267868,1600
366,42,0.0017403602727096188,0.019903162494301796,0.018691962584853172,0.021114367991685867,1600
367,42,0.002246348076203669,0.019418060779571533,0.017463911324739456,0.02137221023440361,1600
368,42,0.001948382578451525,0.018301542848348618,0.016146188601851463,0.020456893369555473,1600
369,42,0.0022757158069659704,0.019483545795083046,0.01720415987074375,0.02176292985677719,1600
370,42,0.001787393179256469,0.018505016341805458,0.016958583146333694,0.02005145139992237,1600
371,42,0.0018706556081517854,0.01837264746427536,0.016807781532406807,0.019937511533498764,1600
372,42,0.002051448102892292,0.017277954146265984,0.016291378065943718,0.0182645320892334,1600
373,42,0.002154976947084916,0.01863468438386917,0.017219459637999535,0.020049909129738808,1600
374,42,0.002161099522543902,0.019039595499634743,0.01707918383181095,0.021000003442168236,1600
375,42,0.0019461526720657605,0.017739690840244293,0.01661198027431965,0.018867401406168938,1600
376,42,0.0018946525947698815,0.01854032464325428,0.016541067510843277,0.020539581775665283,1600
377,42,0.0019238943509249525,0.017816005274653435,0.016520895063877106,0.019111115485429764,1600
378,42,0.0016399495467670602,0.01836615614593029,0.01646982878446579,0.02026248537003994,1600
379,42,0.0015780424926726316,0.01912134885787964,0.019142303615808487,0.01910039223730564,1600
380,42,0.0017963816671081904,0.018471959978342056,0.01767731085419655,0.019266612827777863,1600
381,42,0.0021942352495071564,0.018269594758749008,0.015802131965756416,0.0207370575517416,1600
382,42,0.0021426633836447513,0.01777508854866028,0.01665215939283371,0.018898015841841698,1600
383,42,0.001978938367260112,0.019000718370079994,0.018209775909781456,0.01979166269302368,1600
384,42,0.0017269697061485865,0.018312005326151848,0.01696900650858879,0.019655000418424606,1600
385,42,0.0017280039372218942,0.019334834069013596,0.019590536132454872,0.01907912828028202,1600
386,42,0.001820964807517488,0.017365483567118645,0.01665675826370716,0.01807420887053013,1600
387,42,0.0017643877495588226,0.019611982628703117,0.018980959430336952,0.020243002101778984,1600
388,42,0.0017925426628525283,0.01921674609184265,0.01722445711493492,0.02120903693139553,1600
389,42,0.0020184352284890006,0.01891794241964817,0.017842506989836693,0.0199933759868145,1600
390,42,0.00179277205130678,0.018106581643223763,0.016695300117135048,0.019517863169312477,1600
391,42,0.0018017391187392852,0.01784665137529373,0.016716117039322853,0.01897718757390976,1600
392,42,0.0016263004191304472,0.01769787259399891,0.01659613661468029,0.018799608573317528,1600
393,42,0.0016730326725254681,0.019089369103312492,0.017445409670472145,0.02073332667350769,1600
394,42,0.0018195695751769977,0.01742851734161377,0.016282029449939728,0.01857500523328781,1600
395,42,0.0018569852691143751,0.017450379207730293,0.016692111268639565,0.018208643421530724,1600
396,42,0.0018625960960476236,0.01788138970732689,0.016280893236398697,0.01948188617825508,1600
397,42,0.0016144350229296833,0.018195079639554024,0.01711597852408886,0.019274180755019188,1600
398,42,0.00164407105661336,0.018510425463318825,0.01788206771016121,0.01913878135383129,1600
399,42,0.0016154667537193745,0.019803093746304512,0.019134728237986565,0.02047146111726761,1600
400,42,0.0017501290924635462,0.01791003718972206,0.01665019430220127,0.0191698856651783,1600
401,42,0.0015429222919258543,0.017432769760489464,0.01599915139377117,0.018866386264562607,1600
402,42,0.0019877538619435986,0.016920626163482666,0.016049597412347794,0.017791656777262688,1600
403,42,0.0023030986803033475,0.01746269129216671,0.015762172639369965,0.019163209944963455,1600
404,42,0.002129443690963936,0.017989298328757286,0.016601717099547386,0.019376877695322037,1600
405,42,0.0026423714800991797,0.01742747239768505,0.015671778470277786,0.019183162599802017,1600
406,42,0.001864334780045531,0.017460746690630913,0.016285786405205727,0.018635708838701248,1600
407,42,0.0018057195146949116,0.017284641042351723,0.016268441453576088,0.018300842493772507,1600
408,42,0.0015909470040986146,0.0185563862323761,0.018091026693582535,0.019021745771169662,1600
409,42,0.0017450548211027954,0.018127432093024254,0.017707552760839462,0.018547313287854195,1600
410,42,0.0017307523283472453,0.0184064619243145,0.01777629181742668,0.019036630168557167,1600
411,42,0.0016034416912589222,0.01835245080292225,0.01664651371538639,0.020058387890458107,1600
412,42,0.001552365892249244,0.018420467153191566,0.016388485208153725,0.02045244723558426,1600
413,42,0.0015528043546840888,0.01705079898238182,0.015519303269684315,0.018582291901111603,1600
414,42,0.0015361820749769156,0.017900846898555756,0.01728767901659012,0.018514016643166542,1600
415,42,0.0017104726734528826,0.019212597981095314,0.017974218353629112,0.020450979471206665,1600
416,42,0.0016786811756901443,0.01808428391814232,0.016447486355900764,0.019721079617738724,1600
417,42,0.0015466555937151002,0.019467558711767197,0.020336879417300224,0.01859823428094387,1600
418,42,0.0017066071556076747,0.017463091760873795,0.01615898124873638,0.018767202273011208,1600
419,42,0.0015583200967574323,0.017421940341591835,0.016355857253074646,0.018488025292754173,1600
420,42,0.0013831672390965236,0.017812589183449745,0.016835201531648636,0.018789982423186302,1600
421,42,0.0014328156804284927,0.01783193275332451,0.016310028731822968,0.01935383677482605,1600
422,42,0.0014522568460299888,0.018110983073711395,0.01659361831843853,0.019628344103693962,1600
423,42,0.0016059161597778175,0.019175615161657333,0.017184773460030556,0.02116645686328411,1600
424,42,0.0016921155779114501,0.019334541633725166,0.01722891256213188,0.02144017070531845,1600
425,42,0.0015622963361569089,0.017260465770959854,0.01608600653707981,0.018434928730130196,1600
426,42,0.001588335504162718,0.01796906627714634,0.016565212979912758,0.01937291957437992,1600
427,42,0.0015517192024906928,0.01743287593126297,0.016438335180282593,0.018427420407533646,1600
428,42,0.0016921417766504667,0.01824951358139515,0.017008788883686066,0.019490238279104233,1600
429,42,0.0017508483724668622,0.01916874200105667,0.01724754460155964,0.021089943125844002,1600
430,42,0.0021990136910145256,0.018013348802924156,0.017480766400694847,0.018545927479863167,1600
431,42,0.0018479053211525422,0.017740491777658463,0.015913836658000946,0.019567148759961128,1600
432,42,0.001641324951461601,0.018556026741862297,0.017407357692718506,0.019704695791006088,1600
433,42,0.0017776659382930534,0.017318857833743095,0.01589399389922619,0.018743721768260002,1600
434,42,0.0017918638715689833,0.017953485250473022,0.01740015670657158,0.018506815657019615,1600
435,42,0.0017895822185726668,0.01686638966202736,0.01586870290338993,0.017864080145955086,1600
436,42,0.002974300042048774,0.016460774466395378,0.016136543825268745,0.016785012558102608,1600
437,42,0.003477450375529853,0.018373319879174232,0.01604490354657173,0.020701736211776733,1600
438,42,0.003335504305802963,0.018511176109313965,0.017070269212126732,0.0199520792812109,1600
439,42,0.00290628101951866,0.01643468625843525,0.01580648683011532,0.01706288382411003,1600
440,42,0.0020949459867551923,0.017041193321347237,0.016307206824421883,0.01777517981827259,1600
441,42,0.0015834818927528845,0.01753152348101139,0.015977751463651657,0.019085295498371124,1600
442,42,0.0016050074985039166,0.01766403578221798,0.016447659581899643,0.018880410119891167,1600
443,42,0.0015072114818560128,0.01727856881916523,0.016429705545306206,0.018127433955669403,1600
444,42,0.0016008671743541279,0.017002124339342117,0.01537233404815197,0.018631910905241966,1600
445,42,0.001446017425306226,0.01780896633863449,0.01724732294678688,0.018370607867836952,1600
446,42,0.0015206449739211662,0.017948580905795097,0.016908355057239532,0.018988806754350662,1600
447,42,0.0016984949285291475,0.017009716480970383,0.015677763149142265,0.01834167167544365,1600
448,42,0.0015697609739039433,0.017335209995508194,0.016545239835977554,0.018125178292393684,1600
449,42,0.0015054258877750146,0.016576021909713745,0.015153380110859871,0.01799866370856762,1600
450,42,0.0016077666421717202,0.017044587060809135,0.015825387090444565,0.018263785168528557,1600
451,42,0.0014785026962106879,0.018172644078731537,0.017633728682994843,0.018711557611823082,1600
452,42,0.0016615668163550172,0.018657298758625984,0.017855452373623848,0.01945914700627327,1600
453,42,0.0017369761639697986,0.01846795715391636,0.01605178229510784,0.020884130150079727,1600
454,42,0.001446853595552966,0.018026692792773247,0.016583863645792007,0.019469523802399635,1600
455,42,0.001375893916701898,0.01724032685160637,0.015407581813633442,0.01907307468354702,1600
456,42,0.0015715758649590002,0.01680871844291687,0.015943817794322968,0.017673620954155922,1600
457,42,0.0017191449746447192,0.017625408247113228,0.017268948256969452,0.017981864511966705,1600
458,42,0.001522988533410667,0.018592189997434616,0.018000073730945587,0.019184308126568794,1600
459,42,0.0013786303223407065,0.017895640805363655,0.01635001227259636,0.0194412674754858,1600
460,42,0.001367652386596257,0.017831187695264816,0.017460225149989128,0.018202150240540504,1600
461,42,0.0013110025637698445,0.017952920868992805,0.01700724847614765,0.018898598849773407,1600
462,42,0.0013286141329444945,0.01771002635359764,0.017282728105783463,0.01813732460141182,1600
463,42,0.001470692138272253,0.01812092587351799,0.01740020327270031,0.01884165219962597,1600
464,42,0.0014970197702165353,0.017190443351864815,0.016356470063328743,0.018024412915110588,1600
465,42,0.0018042727447622879,0.017546435818076134,0.016549687832593918,0.01854318380355835,1600
466,42,0.0015191395835823971,0.0186050646007061,0.018038997426629066,0.019171128049492836,1600
467,42,0.0015403236585288223,0.017009204253554344,0.015783729031682014,0.018234679475426674,1600
468,42,0.0016834862366191703,0.017556456848978996,0.016384875401854515,0.018728038296103477,1600
469,42,0.001556546646911143,0.017040260136127472,0.016393402591347694,0.01768711768090725,1600
470,42,0.002156330891673199,0.018315132707357407,0.01753668114542961,0.019093578681349754,1600
471,42,0.0029922669054940343,0.017857657745480537,0.01646992564201355,0.019245386123657227,1600
472,42,0.0020505313137122853,0.018382735550403595,0.016738923266530037,0.020026547834277153,1600
473,42,0.0016820392021062698,0.018278246745467186,0.018123744055628777,0.018432753160595894,1600
474,42,0.0018123282193714244,0.01737126149237156,0.016124116256833076,0.01861840859055519,1600
475,42,0.0014161363572136245,0.016208436340093613,0.01535420399159193,0.01706266775727272,1600
476,42,0.001553412471284074,0.01780051924288273,0.016996193677186966,0.01860484853386879,1600
477,42,0.001374534177805551,0.017549889162182808,0.015709230676293373,0.019390547648072243,1600
478,42,0.0016505047626031394,0.01843828335404396,0.018588535487651825,0.018288033083081245,1600
479,42,0.0014840240103446624,0.01794203370809555,0.016756713390350342,0.01912735030055046,1600
480,42,0.0016075558801689608,0.017775364220142365,0.01599760167300701,0.019553126767277718,1600
481,42,0.001566523088099943,0.01965154893696308,0.019610188901424408,0.019692908972501755,1600
482,42,0.0018677485614634034,0.020974354818463326,0.020344555377960205,0.021604152396321297,1600
483,42,0.0026733058621175587,0.01772291772067547,0.017686864361166954,0.017758972942829132,1600
484,42,0.0018675042559731412,0.017704129219055176,0.017957326024770737,0.017450932413339615,1600
485,42,0.0017257559070871635,0.016932839527726173,0.01602601632475853,0.01783965900540352,1600
486,42,0.0018322534531100907,0.017623871564865112,0.017671678215265274,0.01757606491446495,1600
487,42,0.0015133390287784014,0.017163675278425217,0.015834765508770943,0.01849258691072464,1600
488,42,0.001418783101888204,0.01736512966454029,0.0169200599193573,0.01781020313501358,1600
489,42,0.0018198849495754323,0.016754871234297752,0.016341593116521835,0.017168143764138222,1600
490,42,0.0022658561779694123,0.019815977662801743,0.017648551613092422,0.021983403712511063,1600
491,42,0.0015597609506750648,0.01716686226427555,0.015776120126247406,0.018557604402303696,1600
492,42,0.0013805266988294368,0.016777196899056435,0.015557984821498394,0.01799640990793705,1600
493,42,0.0013413306521463462,0.017305195331573486,0.016511179506778717,0.018099211156368256,1600
494,42,0.0015669600291981953,0.0174176637083292,0.016350995749235153,0.0184843298047781,1600
495,42,0.0013504481466952711,0.0173130352050066,0.01680075377225876,0.01782531477510929,1600
496,42,0.0015747891447972506,0.017390308901667595,0.016722161322832108,0.018058454617857933,1600
497,42,0.0014451151192505758,0.017333505675196648,0.015844305977225304,0.018822701647877693,1600
498,42,0.0013815072386271574,0.017502818256616592,0.016485782340168953,0.018519852310419083,1600
499,42,0.0019156973470341075,0.018354209139943123,0.018557261675596237,0.01815115474164486,1600
500,42,0.0017166307106063787,0.01745438575744629,0.01631499081850052,0.01859378069639206,1600
501,42,0.001919063226192851,0.01813684217631817,0.016956936568021774,0.01931675150990486,1600
502,42,0.0015395859081763774,0.018301835283637047,0.01839141920208931,0.018212249502539635,1600
503,42,0.0016401877113490957,0.017225613817572594,0.01641608215868473,0.018035145476460457,1600
504,42,0.0014484695619268512,0.01764947734773159,0.01679089665412903,0.018508056178689003,1600
505,42,0.0014818726499056952,0.018227385357022285,0.017975913360714912,0.01847885362803936,1600
506,42,0.0013808061723301018,0.01700134389102459,0.01716702990233898,0.016835657879710197,1600
507,42,0.0012381203123368323,0.017558276653289795,0.01746601052582264,0.01765054278075695,1600
508,42,0.0013363892821044747,0.0172541756182909,0.016765208914875984,0.017743144184350967,1600
509,42,0.001229803474746983,0.016782425343990326,0.016270233318209648,0.017294615507125854,1600
510,42,0.0012713643346532163,0.017117004841566086,0.016310926526784897,0.017923083156347275,1600
511,42,0.0011609795672649686,0.016594916582107544,0.015536518767476082,0.017653319984674454,1600
512,42,0.0013914545706938952,0.01756748929619789,0.016306336969137192,0.01882863976061344,1600
513,42,0.001357457613762976,0.017198175191879272,0.01698051206767559,0.017415838316082954,1600
514,42,0.0013232828006783332,0.017122026532888412,0.016578998416662216,0.01766505278646946,1600
515,42,0.0017380430363118649,0.017265362665057182,0.016108879819512367,0.018421845510601997,1600
516,42,0.002403753783172843,0.016168201342225075,0.016089949756860733,0.016246451064944267,1600
517,42,0.0017848797354169867,0.016302205622196198,0.015446481294929981,0.01715792901813984,1600
518,42,0.0018078212372281334,0.020904920995235443,0.02114088460803032,0.020668955519795418,1600
519,42,0.003394090623425489,0.018186278641223907,0.017258306965231895,0.01911425031721592,1600
520,42,0.002068041966677728,0.018539195880293846,0.017859093844890594,0.019219299778342247,1600
521,42,0.001981152464974333,0.0183088555932045,0.01765771396458149,0.018959995359182358,1600
522,42,0.001596729805566032,0.017445925623178482,0.016236331313848495,0.01865551993250847,1600
523,42,0.0018716479852710936,0.01697668619453907,0.01595955714583397,0.01799381524324417,1600
524,42,0.001634084955598651,0.017618615180253983,0.017060892656445503,0.018176333978772163,1600
525,42,0.0018691368009471757,0.01805187575519085,0.01874733716249466,0.017356418073177338,1600
526,42,0.002094674675556069,0.017548708245158195,0.01805919222533703,0.01703822612762451,1600
527,42,0.0023151597098066386,0.020276574417948723,0.02127104252576828,0.019282104447484016,1600
528,42,0.002692103438841348,0.019731858745217323,0.019140994176268578,0.02032272331416607,1600
529,42,0.0017022383796178144,0.01654197834432125,0.016139870509505272,0.01694408431649208,1600
530,42,0.0015181293631692163,0.016718048602342606,0.016542628407478333,0.01689346693456173,1600
531,42,0.001365932053886354,0.017341667786240578,0.016490863636136055,0.0181924719363451,1600
532,42,0.0012861903550484303,0.01762639358639717,0.016191620379686356,0.019061164930462837,1600
533,42,0.0016210492017721249,0.0176644716411829,0.016768259927630424,0.018560683354735374,1600
534,42,0.0014518122029998763,0.017054179683327675,0.016520025208592415,0.017588336020708084,1600
535,42,0.00149442757405764,0.017344143241643906,0.017048951238393784,0.017639338970184326,1600
536,42,0.001236867447997528,0.017294516786932945,0.016440346837043762,0.01814868673682213,1600
537,42,0.0011376163562421095,0.016209321096539497,0.015711624175310135,0.01670701615512371,1600
538,42,0.001236805848417465,0.016619330272078514,0.01579858548939228,0.017440076917409897,1600
539,42,0.0013689560768067497,0.017339002341032028,0.01683223620057106,0.017845772206783295,1600
540,42,0.0012013310174965723,0.016763022169470787,0.016603967174887657,0.016922075301408768,1600
541,42,0.001559768089050935,0.017305104061961174,0.016757363453507423,0.017852842807769775,1600
542,42,0.001705029312605885,0.017482995986938477,0.01595013588666916,0.019015859812498093,1600
543,42,0.0016410734837832438,0.015974663197994232,0.015607002191245556,0.016342317685484886,1600
544,42,0.0013331223242196509,0.018026622012257576,0.016429197043180466,0.019624046981334686,1600
545,42,0.0015724678735502741,0.018106255680322647,0.017214665189385414,0.01899784430861473,1600
546,42,0.0013725731378971514,0.017513535916805267,0.016861597076058388,0.018165474757552147,1600
547,42,0.0016472624397878958,0.016853338107466698,0.01606742851436138,0.017639247700572014,1600
548,42,0.0013678462075238879,0.017310375347733498,0.017329733818769455,0.01729101501405239,1600
549,42,0.0012181518276603047,0.018031897023320198,0.018240688368678093,0.017823107540607452,1600
550,42,0.001406245851698755,0.018460871651768684,0.018049560487270355,0.018872182816267014,1600
551,42,0.0012829709872180088,0.017345933243632317,0.01624183915555477,0.018450025469064713,1600
552,42,0.0011383295059204102,0.016694070771336555,0.0160079188644886,0.01738022081553936,1600
553,42,0.0011930727130013772,0.01750517636537552,0.01781190186738968,0.01719845086336136,1600
554,42,0.0013978897345210003,0.016295678913593292,0.015926754102110863,0.016664603725075722,1600
555,42,0.001223915595222603,0.018107958137989044,0.017399201169610023,0.018816713243722916,1600
556,42,0.0013770650389646603,0.017540551722049713,0.016489118337631226,0.01859198696911335,1600
557,42,0.001487071644408967,0.016575871035456657,0.01672854833304882,0.016423193737864494,1600
558,42,0.0013614206109195948,0.01725616864860058,0.01633395068347454,0.018178386613726616,1600
559,42,0.00114233747378669,0.017217576503753662,0.016226787120103836,0.01820836402475834,1600
560,42,0.0013750089724040167,0.01756417565047741,0.017066486179828644,0.018061866983771324,1600
561,42,0.0012696958173447374,0.01709429733455181,0.016067836433649063,0.01812076009809971,1600
562,42,0.00126839478881183,0.01719656027853489,0.016774998977780342,0.017618121579289436,1600
563,42,0.0014981290309647607,0.018816081807017326,0.017653195187449455,0.019978970289230347,1600
564,42,0.0015910352654331787,0.017676817253232002,0.017768073827028275,0.01758556254208088,1600
565,42,0.00133901878408241,0.016828302294015884,0.016307784244418144,0.017348822206258774,1600
566,42,0.0013582491744521328,0.017120208591222763,0.015933819115161896,0.018306592479348183,1600
567,42,0.0014352677257689224,0.017490597441792488,0.01861332729458809,0.016367865726351738,1600
568,42,0.001524891733424738,0.018219972029328346,0.01722395047545433,0.01921599544584751,1600
569,42,0.0013562723761424422,0.01648353412747383,0.016430161893367767,0.016536904498934746,1600
570,42,0.001333673989971761,0.017446836456656456,0.016217760741710663,0.0186759140342474,1600
571,42,0.0013103227617896416,0.01774599216878414,0.017310045659542084,0.01818193681538105,1600
572,42,0.001391511344329708,0.017935456708073616,0.01892923191189766,0.016941679641604424,1600
573,42,0.001527614161287519,0.016911732032895088,0.016935301944613457,0.01688816025853157,1600
574,42,0.0017663133806887674,0.01794716902077198,0.017072610557079315,0.018821727484464645,1600
575,42,0.0017735380282498556,0.018628206104040146,0.020489223301410675,0.016767190769314766,1600
576,42,0.0019506540001285348,0.016712035983800888,0.016314193606376648,0.017109878361225128,1600
577,42,0.0013273764660962943,0.01795881614089012,0.018056046217679977,0.017861586064100266,1600
578,42,0.0012439111676278778,0.016016749665141106,0.015714293345808983,0.01631920598447323,1600
579,42,0.0011337064524096522,0.01637282408773899,0.01561827678233385,0.017127368599176407,1600
580,42,0.001733254027468237,0.02127470262348652,0.02493317611515522,0.017616229131817818,1600
581,42,0.003467991598881781,0.019084785133600235,0.020624399185180664,0.017545172944664955,1600
582,42,0.0021756315625018692,0.018764035776257515,0.016925517469644547,0.020602548494935036,1600
583,42,0.0026507593574933708,0.02107895351946354,0.02297307923436165,0.01918482780456543,1600
584,42,0.0035167412874712186,0.018356740474700928,0.01846121810376644,0.018252264708280563,1600
585,42,0.0019534796751527624,0.01679564081132412,0.016677213832736015,0.016914064064621925,1600
586,42,0.0017988022247498686,0.016203967854380608,0.01586136780679226,0.016546566039323807,1600
587,42,0.0016739555602808568,0.01751578040421009,0.017635155469179153,0.017396410927176476,1600
588,42,0.0012712403073568237,0.016734356060624123,0.015840163454413414,0.01762855239212513,1600
589,42,0.0012141375178047879,0.015953777357935905,0.01511777937412262,0.016789773479104042,1600
590,42,0.0011449440789874643,0.01620391011238098,0.015714023262262344,0.016693798825144768,1600
591,42,0.0010967733714179221,0.01667707785964012,0.016072126105427742,0.0172820333391428,1600
592,42,0.0011929946432990785,0.017258787527680397,0.017075153067708015,0.017442425712943077,1600
593,42,0.0014834722837390887,0.017163094133138657,0.016788210719823837,0.017537977546453476,1600
594,42,0.0014286231519442729,0.01788065768778324,0.01585039123892784,0.01991092413663864,1600
595,42,0.0014443523753222755,0.016346240416169167,0.01592838391661644,0.016764095053076744,1600
596,42,0.0015230053130918268,0.016336703673005104,0.015582696534693241,0.017090709879994392,1600
597,42,0.0011327195229982449,0.017568249255418777,0.016772424802184105,0.0183640718460083,1600
598,42,0.001037659530993551,0.016688229516148567,0.01673121377825737,0.016645247116684914,1600
599,42,0.0009976937700147655,0.016593564301729202,0.015898657962679863,0.01728847064077854,1600
600,42,0.001200307332593101,0.01725984737277031,0.016912302002310753,0.017607392743229866,1600
601,42,0.0017305282367901368,0.01733826845884323,0.01646164432168007,0.018214887008070946,1600
602,42,0.0014089083627120338,0.016249721869826317,0.01658564805984497,0.015913795679807663,1600
603,42,0.0014042441722598267,0.016489941626787186,0.016764704138040543,0.01621517911553383,1600
604,42,0.0011687924720304595,0.015994872897863388,0.015606191009283066,0.01638355478644371,1600
605,42,0.0012404551671352237,0.015990454703569412,0.016002846881747246,0.015978064388036728,1600
606,42,0.0012552065309137106,0.01635642535984516,0.015031884424388409,0.01768096536397934,1600
607,42,0.0013084964937826787,0.017080120742321014,0.01591065339744091,0.01824958808720112,1600
608,42,0.0014171952312939209,0.01754854805767536,0.018506735563278198,0.016590356826782227,1600
609,42,0.0016595795353747565,0.01797136850655079,0.017955055460333824,0.017987679690122604,1600
610,42,0.0015415698475077409,0.016714300960302353,0.015047452412545681,0.01838114857673645,1600
611,42,0.0012998672530309043,0.015262480825185776,0.015124061144888401,0.015400901436805725,1600
612,42,0.0012561166341501203,0.016777239739894867,0.017074132338166237,0.016480345278978348,1600
613,42,0.0017528586004945364,0.018473070114850998,0.02020755223929882,0.016738589853048325,1600
614,42,0.0031767104837027464,0.01937205344438553,0.022294163703918457,0.016449948772788048,1600
615,42,0.002006530290765857,0.017727430909872055,0.01749739982187748,0.01795746199786663,1600
616,42,0.001750330030600625,0.017834583297371864,0.017671285197138786,0.01799788512289524,1600
617,42,0.0013593580409757453,0.016790209338068962,0.016148800030350685,0.01743161678314209,1600
618,42,0.0011442577233538032,0.016858799383044243,0.016611900180578232,0.017105702310800552,1600
619,42,0.00149958046015606,0.017337914556264877,0.015756111592054367,0.01891971379518509,1600
620,42,0.0012961008363742042,0.016431519761681557,0.01555368211120367,0.01730935648083687,1600
621,42,0.0012462859793396835,0.016639361158013344,0.016370022669434547,0.016908705234527588,1600
622,42,0.001352165619292381,0.018187768757343292,0.017844654619693756,0.01853088103234768,1600
623,42,0.0017317967986772683,0.016287490725517273,0.015233296900987625,0.01734168455004692,1600
624,42,0.001757181371265853,0.015725096687674522,0.015764515846967697,0.0156856756657362,1600
625,42,0.0013532385372937742,0.01581832766532898,0.016376538202166557,0.015260117128491402,1600
626,42,0.0012344057190189646,0.0163001399487257,0.015753522515296936,0.016846757382154465,1600
627,42,0.0014041553976395253,0.016326328739523888,0.01647166535258293,0.016180992126464844,1600
628,42,0.001529876722171056,0.01879158988595009,0.020518187433481216,0.01706499606370926,1600
629,42,0.002061027409085496,0.01778290793299675,0.018309928476810455,0.017255891114473343,1600
630,42,0.0014148332623087547,0.01750313490629196,0.017227578908205032,0.01777869462966919,1600
631,42,0.0014671457809692417,0.01884741522371769,0.016606474295258522,0.021088359877467155,1600
632,42,0.001397553860442713,0.016962556168437004,0.01669587939977646,0.0172292310744524,1600
633,42,0.0012200535327958112,0.0167477335780859,0.01613621972501278,0.01735924556851387,1600
634,42,0.0012396207682534375,0.016323760151863098,0.015815725550055504,0.016831794753670692,1600
635,42,0.0011495577425441959,0.017141470685601234,0.017145419493317604,0.017137525603175163,1600
636,42,0.0012755486082327975,0.01634678617119789,0.01700619049370289,0.015687381848692894,1600
637,42,0.0017596404438584366,0.016055429354310036,0.01543379109352827,0.016677068546414375,1600
638,42,0.0014638067037925464,0.017069894820451736,0.01644468680024147,0.017695100978016853,1600
639,42,0.0013445813171777197,0.01658213511109352,0.016781600192189217,0.016382670029997826,1600
640,42,0.0010984644362575966,0.016266459599137306,0.015679989010095596,0.016852933913469315,1600
641,42,0.0011137103058651767,0.017357001081109047,0.017151903361082077,0.017562096938490868,1600
642,42,0.001298444509633224,0.016326094046235085,0.016160912811756134,0.016491275280714035,1600
643,42,0.0011006615876050835,0.017133278772234917,0.0172249935567379,0.01704156957566738,1600
644,42,0.0016430670458992774,0.01601819507777691,0.016359694302082062,0.015676697716116905,1600
645,42,0.001231022631559013,0.016108738258481026,0.01618952676653862,0.016027947887778282,1600
646,42,0.0014780487558296459,0.016273263841867447,0.015384937636554241,0.01716158725321293,1600
647,42,0.0012103095888795162,0.01730845309793949,0.016916632652282715,0.017700279131531715,1600
648,42,0.0013315794957717035,0.017529340460896492,0.0186053104698658,0.016453372314572334,1600
649,42,0.0015139234363397752,0.017141763120889664,0.015947429463267326,0.01833609864115715,1600
650,42,0.0013039358256554062,0.016368133947253227,0.015914252027869225,0.01682201400399208,1600
651,42,0.0011709675785492766,0.016201935708522797,0.016520654782652855,0.01588321663439274,1600
652,42,0.0010354499708310786,0.015611723065376282,0.015697773545980453,0.015525671653449535,1600
653,42,0.0009654959616124291,0.01625407673418522,0.016897408291697502,0.015610745176672935,1600
654,42,0.0012064960637045178,0.01695486344397068,0.017145216464996338,0.016764510422945023,1600
655,42,0.0015172001810490408,0.015514061786234379,0.01622432842850685,0.014803797006607056,1600
656,42,0.0011855735554656183,0.01595831848680973,0.015651708468794823,0.01626492850482464,1600
657,42,0.0011493208744055169,0.017036503180861473,0.017618106678128242,0.016454899683594704,1600
658,42,0.0012655109220015054,0.015534387901425362,0.015323206782341003,0.01574556715786457,1600
659,42,0.001214851773428646,0.0161825492978096,0.015387488529086113,0.01697761006653309,1600
660,42,0.0013083637432745572,0.016935868188738823,0.01769055239856243,0.016181183978915215,1600
661,42,0.0011452614456753838,0.01641051471233368,0.016219651326537132,0.016601376235485077,1600
662,42,0.0012787760351784527,0.015563317574560642,0.015438023954629898,0.015688609331846237,1600
663,42,0.0011269040339605206,0.016504528000950813,0.01600087806582451,0.017008177936077118,1600
664,42,0.0011332261042711748,0.0164105836302042,0.015551505610346794,0.017269663512706757,1600
665,42,0.001366744791580872,0.018897056579589844,0.018509265035390854,0.019284844398498535,1600
666,42,0.0015777051025493579,0.01611531898379326,0.015813864767551422,0.016416775062680244,1600
667,42,0.0011885392834136094,0.016340255737304688,0.015786973759531975,0.01689353957772255,1600
668,42,0.0012403308673211459,0.01691877655684948,0.016485031694173813,0.017352517694234848,1600
669,42,0.0014213794995818964,0.01728859730064869,0.01828104443848133,0.0162961483001709,1600
670,42,0.0013265528567981992,0.017263617366552353,0.017579836770892143,0.016947397962212563,1600
671,42,0.0013391248331489887,0.016436059027910233,0.017395688220858574,0.015476427040994167,1600
672,42,0.0013630179773000154,0.015962965786457062,0.01637098379433155,0.015554951503872871,1600
673,42,0.001179156430721791,0.015237695537507534,0.01488195639103651,0.015593433752655983,1600
674,42,0.0011523065411231735,0.016774049028754234,0.016255341470241547,0.017292756587266922,1600
675,42,0.0011386165913956409,0.01632753759622574,0.01589243672788143,0.016762638464570045,1600
676,42,0.0010165921676988628,0.015593922697007656,0.01506607886403799,0.016121767461299896,1600
677,42,0.0009641119395382702,0.015447606332600117,0.015119814313948154,0.015775401145219803,1600
678,42,0.0009212996360888196,0.01609044149518013,0.016383642330765724,0.015797238796949387,1600
679,42,0.0009311088704800403,0.01682129316031933,0.016347946599125862,0.017294641584157944,1600
680,42,0.001043109490472654,0.01618685945868492,0.015974896028637886,0.016398822888731956,1600
681,42,0.0012195405579404905,0.015393344685435295,0.0156476479023695,0.015139039605855942,1600
682,42,0.001590907311765477,0.01618332229554653,0.01772165298461914,0.014644992537796497,1600
683,42,0.0019077245114286516,0.016583582386374474,0.015376951545476913,0.017790215089917183,1600
684,42,0.0018155035081277178,0.017575038596987724,0.01590062491595745,0.019249452278017998,1600
685,42,0.0018074876385402274,0.017449427396059036,0.016364818438887596,0.018534036353230476,1600
686,42,0.0019871513279874557,0.016388338059186935,0.016451124101877213,0.016325553879141808,1600
687,42,0.0019489938170987773,0.01604321412742138,0.015856456011533737,0.016229970380663872,1600
688,42,0.0024565584925850007,0.017113426700234413,0.017338789999485016,0.01688806153833866,1600
689,42,0.0016435291194780307,0.015411155298352242,0.015750043094158173,0.015072265639901161,1600
690,42,0.0015299450923604045,0.017588315531611443,0.017798185348510742,0.017378443852066994,1600
691,42,0.0015199039692313156,0.016252713277935982,0.015641652047634125,0.01686377450823784,1600
692,42,0.0011352708758997985,0.014720533974468708,0.015391272492706776,0.01404979545623064,1600
693,42,0.0009990482331803914,0.014715968631207943,0.014815306290984154,0.014616629108786583,1600
694,42,0.0012863434517798437,0.016989856958389282,0.0162274781614542,0.017752239480614662,1600
695,42,0.0011470805514942515,0.016247546300292015,0.015222211368381977,0.017272884026169777,1600
696,42,0.0011328880950300531,0.015585226938128471,0.015673082321882248,0.015497368760406971,1600
697,42,0.001100854474564337,0.015406045131385326,0.01470987033098936,0.016102219000458717,1600
698,42,0.0011733316059689969,0.015359091572463512,0.016988925635814667,0.013729259371757507,1600
699,42,0.001220416362312707,0.015289539471268654,0.015510885044932365,0.01506818924099207,1600
700,42,0.0010639674093743617,0.015757568180561066,0.016528302803635597,0.014986833557486534,1600
701,42,0.001085517674007199,0.015553661622107029,0.015596211887896061,0.015511109493672848,1600
702,42,0.001335574922532859,0.017940185964107513,0.017299296334385872,0.018581075593829155,1600
703,42,0.0012392489668193527,0.014914402738213539,0.015426497906446457,0.014402306638658047,1600
704,42,0.001124049730027433,0.015974011272192,0.016083182767033577,0.015864839777350426,1600
705,42,0.0012466757881074127,0.01521464716643095,0.015442049130797386,0.014987246133387089,1600
706,42,0.001260482454778288,0.01510744821280241,0.015519932843744755,0.01469496265053749,1600
707,42,0.0012922017380002546,0.014789660461246967,0.01448277197778225,0.015096548944711685,1600
708,42,0.0016490014783233744,0.01528858207166195,0.015553399920463562,0.015023767948150635,1600
709,42,0.0013717861888422208,0.01552272867411375,0.015579918399453163,0.015465538017451763,1600
710,42,0.0011220404148017142,0.01520591415464878,0.014758782461285591,0.01565304584801197,1600
711,42,0.0011955767536578192,0.017634781077504158,0.01975562609732151,0.015513937920331955,1600
712,42,0.0020471856379034844,0.016235755756497383,0.014817730523645878,0.017653776332736015,1600
713,42,0.0016496477712115104,0.01579337753355503,0.015101829543709755,0.016484923660755157,1600
714,42,0.0018250478394541212,0.01574922539293766,0.015822291374206543,0.015676157549023628,1600
715,42,0.0017165507438634945,0.016296936199069023,0.016341514885425568,0.016252361238002777,1600
716,42,0.0012336789540396157,0.016299227252602577,0.01746857911348343,0.015129877254366875,1600
717,42,0.000982717012944208,0.015825338661670685,0.01584603823721409,0.01580463908612728,1600
718,42,0.0012585723915518347,0.014804811216890812,0.014460081234574318,0.015149543061852455,1600
719,42,0.0022711153142154217,0.0164012610912323,0.016153091564774513,0.016649434342980385,1600
720,42,0.0016857967129908502,0.016752474009990692,0.01592758484184742,0.017577357590198517,1600
721,42,0.0015043139124331487,0.015033489093184471,0.015089248307049274,0.014977733604609966,1600
722,42,0.0010667434517844495,0.015400078147649765,0.015305801294744015,0.01549435779452324,1600
723,42,0.0009451042569708079,0.014968117699027061,0.014714407734572887,0.01522182859480381,1600
724,42,0.0011082564940972422,0.015703631564974785,0.015777504071593285,0.015629755333065987,1600
725,42,0.0009421862156490203,0.015934010967612267,0.015548801980912685,0.016319220885634422,1600
726,42,0.0010905378836799753,0.01677115447819233,0.016806842759251595,0.016735464334487915,1600
727,42,0.0014025907810057768,0.016118012368679047,0.01551261730492115,0.016723405569791794,1600
728,42,0.0010225860883524133,0.015397117473185062,0.015612236224114895,0.015181997790932655,1600
729,42,0.0010084158222360368,0.014967616647481918,0.014724127016961575,0.015211107209324837,1600
730,42,0.0010764792730862444,0.016149502247571945,0.016191750764846802,0.01610725373029709,1600
731,42,0.0011262265854218806,0.015755681321024895,0.015389188192784786,0.016122175380587578,1600
732,42,0.0010501271939243782,0.015531708486378193,0.01571821980178356,0.015345198102295399,1600
733,42,0.001599539282985709,0.015208077616989613,0.014702025800943375,0.0157141275703907,1600
734,42,0.0015268000980458137,0.016522126272320747,0.01660011149942875,0.016444139182567596,1600
735,42,0.0014961166942322795,0.015949871391057968,0.016036707907915115,0.01586303673684597,1600
736,42,0.0010957231200088493,0.015075299888849258,0.014705715700984001,0.015444880351424217,1600
737,42,0.0010174401263198392,0.015099535696208477,0.014737453311681747,0.015461619943380356,1600
738,42,0.0011168684921523725,0.016386697068810463,0.01594795100390911,0.016825439408421516,1600
739,42,0.001118531191340563,0.016947932541370392,0.016532430425286293,0.01736343465745449,1600
740,42,0.0014608325674833561,0.016469070687890053,0.016542870551347733,0.016395268961787224,1600
741,42,0.001457071241351183,0.01691143587231636,0.015348607674241066,0.018474262207746506,1600
742,42,0.0016587202130308883,0.016475088894367218,0.01612933725118637,0.016820842400193214,1600
743,42,0.0013119289730887183,0.016146235167980194,0.017071636393666267,0.01522083394229412,1600
744,42,0.000930980443213643,0.015920834615826607,0.015211330726742744,0.01663033850491047,1600
745,42,0.0010040410164616662,0.015374151058495045,0.015772467479109764,0.014975836500525475,1600
746,42,0.0010835456540173088,0.0157468281686306,0.014892050996422768,0.01660160906612873,1600
747,42,0.00130397754996507,0.015676205977797508,0.01594661921262741,0.01540579367429018,1600
748,42,0.0011902583461381835,0.014786574989557266,0.014610628597438335,0.014962520450353622,1600
749,42,0.0018188996764365584,0.01483119186013937,0.014622180722653866,0.0150402020663023,1600
750,42,0.0011532066749747503,0.014513598755002022,0.014105386100709438,0.014921809546649456,1600
751,42,0.0011828779031268575,0.016142038628458977,0.01601567491889,0.016268398612737656,1600
752,42,0.0011043745444939386,0.014772767201066017,0.014965399168431759,0.014580132439732552,1600
753,42,0.0009644577565433627,0.015031008049845695,0.014609122648835182,0.015452890656888485,1600
754,42,0.0010180651099124755,0.014747759327292442,0.014996713027358055,0.01449880562722683,1600
755,42,0.0012172681427645412,0.015781918540596962,0.015419866889715195,0.01614396832883358,1600
756,42,0.0018568905229172246,0.015683235600590706,0.01479892898350954,0.016567545011639595,1600
757,42,0.0019284316116351295,0.017148731276392937,0.01637049950659275,0.017926963046193123,1600
758,42,0.002080842228183015,0.01552650611847639,0.014571848325431347,0.01648116670548916,1600
759,42,0.001139288699381392,0.014963539317250252,0.015840759500861168,0.014086320996284485,1600
760,42,0.001000891841778701,0.015205848030745983,0.014775522984564304,0.015636174008250237,1600
761,42,0.0010270810664885423,0.015499310567975044,0.015150526538491249,0.015848098322749138,1600
762,42,0.0011447979883417827,0.014757401309907436,0.01458232756704092,0.014932477846741676,1600
763,42,0.0010084656400563704,0.014865994453430176,0.015065835788846016,0.014666154980659485,1600
764,42,0.0011169665985190395,0.015247607603669167,0.014918937347829342,0.015576278790831566,1600
765,42,0.0011522941455372018,0.01532800868153572,0.015305343084037304,0.015350672416388988,1600
766,42,0.0010156052250584419,0.01527872309088707,0.015185107477009296,0.015372336842119694,1600
767,42,0.001028981432847848,0.0148230055347085,0.014529903419315815,0.01511610671877861,1600
768,42,0.000865882894934409,0.015180866234004498,0.014934592880308628,0.015427140519022942,1600
769,42,0.0010408468237570064,0.014620947651565075,0.014985794201493263,0.01425610389560461,1600
770,42,0.001235234388414855,0.014651245437562466,0.01471269316971302,0.014589797705411911,1600
771,42,0.0011097683401947672,0.015472175553441048,0.015438883565366268,0.015505466610193253,1600
772,42,0.0011602548765949905,0.016015635803341866,0.016498886048793793,0.015532387420535088,1600
773,42,0.0011183239297348666,0.015673233196139336,0.015338245779275894,0.016008218750357628,1600
774,42,0.001406737669392235,0.01537576038390398,0.01500232145190239,0.015749197453260422,1600
775,42,0.0012582709631797943,0.015448889695107937,0.015109339728951454,0.01578843966126442,1600
776,42,0.0011003118098332461,0.01408237125724554,0.01381765492260456,0.014347088523209095,1600
777,42,0.0018635865258560939,0.01789671927690506,0.01983451656997204,0.01595892570912838,1600
778,42,0.0020282423621128228,0.017319178208708763,0.01583496481180191,0.018803393468260765,1600
779,42,0.0013965428542261097,0.016882535070180893,0.0158857349306345,0.01787933148443699,1600
780,42,0.0011668318395756862,0.015711605548858643,0.015986967831850052,0.015436243265867233,1600
781,42,0.001116400883554227,0.01630069501698017,0.016855543479323387,0.015745844691991806,1600
782,42,0.0010347256194853055,0.016837941482663155,0.01747610606253147,0.01619977504014969,1600
783,42,0.0010562089393550361,0.015066203661262989,0.014485822059214115,0.01564658433198929,1600
784,42,0.0010543348616920412,0.014892141334712505,0.014782888814806938,0.015001396648585796,1600
785,42,0.0009997667974940587,0.015687432140111923,0.015029692091047764,0.016345171257853508,1600
786,42,0.0010197316455146806,0.015180200338363647,0.015571394003927708,0.014789004810154438,1600
787,42,0.0009760951731798493,0.014823498204350471,0.014485357329249382,0.015161637216806412,1600
788,42,0.0011957752841143783,0.014980991370975971,0.015248940326273441,0.014713040553033352,1600
789,42,0.0011246983988464556,0.015133221633732319,0.015896804630756378,0.014369639568030834,1600
790,42,0.001072577610929412,0.01590605638921261,0.015514734201133251,0.01629737578332424,1600
791,42,0.0012031989251475104,0.01651480793952942,0.016534380614757538,0.01649523340165615,1600
792,42,0.001276847930222919,0.015253875404596329,0.01566043123602867,0.01484732050448656,1600
793,42,0.0010633767894680866,0.015492233447730541,0.015307198278605938,0.01567726768553257,1600
794,42,0.001111475904260508,0.014744206331670284,0.015180087648332119,0.01430832501500845,1600
795,42,0.0010218697716481984,0.014971762895584106,0.01552068255841732,0.014422846026718616,1600
796,42,0.0010017797282092613,0.015422492288053036,0.016133539378643036,0.014711445197463036,1600
797,42,0.0011837756927971814,0.015506989322602749,0.015324029140174389,0.015689948573708534,1600
798,42,0.001133092030861669,0.0163252092897892,0.015649590641260147,0.017000827938318253,1600
799,42,0.0018780957007865336,0.015326480381190777,0.014579420909285545,0.01607353799045086,1600
800,42,0.0016463513602502644,0.014516139402985573,0.01520736888051033,0.013824908062815666,1600
801,42,0.0014969535510648382,0.015367666259407997,0.015595119446516037,0.015140214003622532,1600
802,42,0.001283151391279799,0.015699278563261032,0.015515532344579697,0.015883028507232666,1600
803,42,0.0014119602671020073,0.016240080818533897,0.01588907651603222,0.016591085121035576,1600
804,42,0.001344462906920605,0.014995270408689976,0.015085060149431229,0.014905480667948723,1600
805,42,0.0012334082328545098,0.017138918861746788,0.0167971421033144,0.017480695620179176,1600
806,42,0.0014429928666107696,0.01499241404235363,0.015514236874878407,0.014470593072474003,1600
807,42,0.0012177556292788888,0.015100284479558468,0.01595413126051426,0.014246434904634953,1600
808,42,0.0012905095830898392,0.01635592058300972,0.015849094837903976,0.01686275005340576,1600
809,42,0.001628012174147774,0.014815005473792553,0.015121701173484325,0.014508312568068504,1600
810,42,0.0015013391331938858,0.017776619642972946,0.019519930705428123,0.016033312305808067,1600
811,42,0.0014218633639922534,0.01563553884625435,0.016629232093691826,0.014641842804849148,1600
812,42,0.0011144094380804083,0.014996879734098911,0.015270850621163845,0.014722908847033978,1600
813,42,0.0010040345924525436,0.015308383852243423,0.015979105606675148,0.014637663029134274,1600
814,42,0.0009432204784719612,0.014899389818310738,0.015183485113084316,0.014615293592214584,1600
815,42,0.0009918968187941407,0.015438425354659557,0.015403524972498417,0.015473324805498123,1600
816,42,0.0009537967218255454,0.015891892835497856,0.016538355499505997,0.015245433896780014,1600
817,42,0.001044113977431235,0.014833945780992508,0.015413319692015648,0.014254570938646793,1600
818,42,0.0011420334710485556,0.01567705348134041,0.015881093218922615,0.015473013743758202,1600
819,42,0.0009514950136442415,0.014885620214045048,0.015078620053827763,0.014692617580294609,1600
820,42,0.0009637300708246502,0.015186627395451069,0.015751978382468224,0.014621276408433914,1600
821,42,0.0010293869629756293,0.015716442838311195,0.014596221968531609,0.016836663708090782,1600
822,42,0.0011246125346091999,0.016176579520106316,0.015439042821526527,0.016914118081331253,1600
823,42,0.0014186575294429945,0.016201352700591087,0.016891667619347572,0.015511037781834602,1600
824,42,0.0010771921476010573,0.014614143408834934,0.014750655740499496,0.014477630145847797,1600
825,42,0.0011448639878918502,0.015977663919329643,0.017785541713237762,0.014169786125421524,1600
826,42,0.0013916104613930327,0.015092762187123299,0.015016605146229267,0.01516892109066248,1600
827,42,0.001375538516599177,0.017238784581422806,0.01759578473865986,0.016881784424185753,1600
828,42,0.0010493340047436175,0.014794731512665749,0.015394708141684532,0.014194753021001816,1600
829,42,0.0008655428166755221,0.015088320709764957,0.015060081146657467,0.015116560272872448,1600
830,42,0.0009860053515612062,0.014921354129910469,0.015808619558811188,0.0140340905636549,1600
831,42,0.0014351810492702168,0.014907117001712322,0.015609169378876686,0.014205066487193108,1600
832,42,0.001453982200473547,0.015516340732574463,0.016417652368545532,0.014615030959248543,1600
833,42,0.0013952123091175135,0.015253035351634026,0.016351481899619102,0.0141545869410038,1600
834,42,0.001337503255027431,0.014619533903896809,0.014695387333631516,0.014543683268129826,1600
835,42,0.001072379866276275,0.015192189253866673,0.016802949830889702,0.013581426814198494,1600
836,42,0.0010239867710466074,0.015467706136405468,0.016925472766160965,0.014009938575327396,1600
837,42,0.001582948379853571,0.015018601901829243,0.01522018015384674,0.01481702458113432,1600
838,42,0.00207108103627847,0.01799589954316616,0.021018896251916885,0.01497290376573801,1600
839,42,0.002264621889811348,0.01599595695734024,0.014868213795125484,0.01712370105087757,1600
840,42,0.0019181469635275955,0.014159591868519783,0.01425356324762106,0.014065621420741081,1600
841,42,0.0013827898735392162,0.01547294296324253,0.015221428126096725,0.015724454075098038,1600
842,42,0.001019068170783364,0.015322605147957802,0.015375370159745216,0.015269841998815536,1600
843,42,0.0011687522373077545,0.01457910891622305,0.014864972792565823,0.014293247833848,1600
844,42,0.0009117132444358008,0.01434315461665392,0.01429451908916235,0.014391791075468063,1600
845,42,0.0009219730219973081,0.014515096321702003,0.014972797594964504,0.014057395979762077,1600
846,42,0.0009478025630497458,0.015821488574147224,0.01573716290295124,0.015905816107988358,1600
847,42,0.0009850643956187096,0.01517247874289751,0.015252470970153809,0.015092486515641212,1600
848,42,0.0010384319704660977,0.01598353497684002,0.015901535749435425,0.016065537929534912,1600
849,42,0.0015480109564536674,0.01845463179051876,0.02244121953845024,0.014468040317296982,1600
850,42,0.0038654722527346826,0.016650913283228874,0.018919022753834724,0.014382796362042427,1600
851,42,0.0025191422266123645,0.015764137730002403,0.015362637117505074,0.016165638342499733,1600
852,42,0.0018312441666652871,0.014890240505337715,0.014673997648060322,0.015106485225260258,1600
853,42,0.0013969416732751679,0.014664098620414734,0.01624414697289467,0.013084049336612225,1600
854,42,0.0016168686905240809,0.017756063491106033,0.019846124574542046,0.015666000545024872,1600
855,42,0.0017746750566981393,0.015669140964746475,0.01613524742424488,0.015203037299215794,1600
856,42,0.001245585929030891,0.01601722650229931,0.01588372327387333,0.016150731593370438,1600
857,42,0.0011102347608274695,0.015462571755051613,0.015265250578522682,0.015659891068935394,1600
858,42,0.0010897509081670169,0.015687717124819756,0.015890298411250114,0.015485133975744247,1600
859,42,0.0011276289296802133,0.014802679419517517,0.015232245437800884,0.01437311340123415,1600
860,42,0.0010344888009554284,0.01523320097476244,0.015282831154763699,0.015183569863438606,1600
861,42,0.0009302359619389542,0.01533772237598896,0.015462994575500488,0.015212450176477432,1600
862,42,0.0009371217747684568,0.014950328506529331,0.014496628195047379,0.01540402788668871,1600
863,42,0.0010460607657230205,0.01435115560889244,0.014649271965026855,0.014053036458790302,1600
864,42,0.0009089947032572871,0.014343722723424435,0.015301122330129147,0.013386326842010021,1600
865,42,0.0008252994474870237,0.014843360520899296,0.015127929858863354,0.014558793045580387,1600
866,42,0.000891463954096914,0.015384765341877937,0.015728533267974854,0.015040998347103596,1600
867,42,0.0012295845028182323,0.014366447925567627,0.014930397272109985,0.013802499510347843,1600
868,42,0.0011344921208960427,0.015459129586815834,0.016735857352614403,0.014182401821017265,1600
869,42,0.0008713094919750637,0.014503504149615765,0.01469212956726551,0.014314880594611168,1600
870,42,0.0007888788532000035,0.014322520233690739,0.014810970984399319,0.013834070414304733,1600
871,42,0.0007493335446766155,0.014894451946020126,0.015420513227581978,0.014368390664458275,1600
872,42,0.0008385247228116813,0.014461372047662735,0.014720560982823372,0.014202183112502098,1600
873,42,0.0009730715722649951,0.014916468411684036,0.015034985728561878,0.014797951094806194,1600
874,42,0.0010002633710180155,0.015251541510224342,0.014792435802519321,0.015710650011897087,1600
875,42,0.0011372910442084751,0.01599010080099106,0.015646347776055336,0.01633385196328163,1600
876,42,0.0010625537013931369,0.01530854869633913,0.01531815342605114,0.015298946760594845,1600
877,42,0.0009648110717535019,0.01509660854935646,0.015289234928786755,0.014903982169926167,1600
878,42,0.0008598371972435747,0.016036905348300934,0.016750408336520195,0.015323402360081673,1600
879,42,0.0010177800987466153,0.014095956459641457,0.014550448395311832,0.013641460798680782,1600
880,42,0.0008736924633426083,0.014017275534570217,0.01433770451694727,0.01369684562087059,1600
881,42,0.0009821405838010833,0.014433149248361588,0.014629089273512363,0.014237208291888237,1600
882,42,0.00102913269339214,0.015127575024962425,0.015437943860888481,0.01481720432639122,1600
883,42,0.0009996107943483037,0.015221073292195797,0.015666911378502846,0.014775232411921024,1600
884,42,0.0010472574900962752,0.014891357161104679,0.015333306975662708,0.01444940734654665,1600
885,42,0.000974353540434756,0.01612148806452751,0.01675034686923027,0.015492628328502178,1600
886,42,0.0008970890220635655,0.016288060694932938,0.016000697389245033,0.016575422137975693,1600
887,42,0.0010033365212042224,0.015371784567832947,0.015611807815730572,0.015131761319935322,1600
888,42,0.0009126398468982767,0.015618493780493736,0.015387075021862984,0.01584991067647934,1600
889,42,0.0008800567646341568,0.015560181811451912,0.016749165952205658,0.01437119860202074,1600
890,42,0.0013492503759070214,0.014141960069537163,0.014598392881453037,0.013685526326298714,1600
891,42,0.001525005756940862,0.015647631138563156,0.01608160324394703,0.015213658101856709,1600
892,42,0.0010335426751143214,0.014661727473139763,0.015115038491785526,0.01420841459184885,1600
893,42,0.0009804823361760514,0.01482861116528511,0.015326444059610367,0.01433077733963728,1600
894,42,0.0012033033735034141,0.015077332966029644,0.01578911952674389,0.014365548267960548,1600
895,42,0.0008952265012670647,0.014785438776016235,0.015243922360241413,0.014326956123113632,1600
896,42,0.0010733538947533816,0.014874491840600967,0.0151929697021842,0.01455601491034031,1600
897,42,0.0013093284188388761,0.015358866192400455,0.01673257164657116,0.013985160738229752,1600
898,42,0.001358715253776278,0.014619601890444756,0.014648058451712132,0.014591144397854805,1600
899,42,0.0009365648465146395,0.015112102963030338,0.015297139063477516,0.014927067793905735,1600
900,42,0.0009135591178412803,0.0164970513433218,0.016907665878534317,0.016086433082818985,1600
901,42,0.0011918675868814303,0.014598113484680653,0.015908436849713326,0.013287792913615704,1600
902,42,0.0012275963169734248,0.015406759455800056,0.014895470812916756,0.015918048098683357,1600
903,42,0.0010901860712858086,0.015251834876835346,0.014858287759125233,0.015645382925868034,1600
904,42,0.0010451680784833363,0.0147179514169693,0.015495139174163342,0.013940762728452682,1600
905,42,0.0010453090309800411,0.015269133262336254,0.015188037417829037,0.015350229106843472,1600
906,42,0.0011239641277246517,0.015142322517931461,0.0160064660012722,0.014278177171945572,1600
907,42,0.001245233770036562,0.014790697954595089,0.0149849196895957,0.014596478082239628,1600
908,42,0.0011345907140904192,0.01554055791348219,0.015757258981466293,0.015323853120207787,1600
909,42,0.0010852386291265827,0.015308997593820095,0.016169311478734016,0.014448682777583599,1600
910,42,0.0009490802661854435,0.014775772579014301,0.014810504391789436,0.014741038903594017,1600
911,42,0.0010357372600331225,0.015059450641274452,0.01576131209731102,0.014357591047883034,1600
912,42,0.0009942953924606131,0.014757627621293068,0.014877421781420708,0.014637831598520279,1600
913,42,0.0008747196248309178,0.015116000548005104,0.014795121736824512,0.015436879359185696,1600
914,42,0.0010479672954798762,0.014854728244245052,0.015090255066752434,0.014619200490415096,1600
915,42,0.0015875790162350643,0.01496010459959507,0.015870021656155586,0.014050183817744255,1600
916,42,0.0013328037113586272,0.014990599825978279,0.014768938533961773,0.01521226391196251,1600
917,42,0.0012479917495511472,0.01436410192400217,0.015096491202712059,0.013631710782647133,1600
918,42,0.001074922458924861,0.015171470120549202,0.015226242132484913,0.015116695314645767,1600
919,42,0.0011136790060184219,0.015868505463004112,0.016525037586688995,0.015211972407996655,1600
920,42,0.001373167401073839,0.01610458828508854,0.015507524833083153,0.016701651737093925,1600
921,42,0.0010699323875914242,0.014554489403963089,0.015079651027917862,0.014029326848685741,1600
922,42,0.0009358988159378482,0.014444219879806042,0.014683994464576244,0.014204442501068115,1600
923,42,0.0009354972280561924,0.014453483745455742,0.015191540122032166,0.013715429231524467,1600
924,42,0.001096410510151393,0.014499764889478683,0.014574224129319191,0.014425303786993027,1600
925,42,0.0010940674163231795,0.01508080679923296,0.015452374704182148,0.014709237962961197,1600
926,42,0.0010400677380279046,0.014901623129844666,0.015679549425840378,0.014123696833848953,1600
927,42,0.0009260220580141653,0.01523298304527998,0.015390438959002495,0.01507552806288004,1600
928,42,0.0009332328680267727,0.014844754710793495,0.015246097929775715,0.01444341242313385,1600
929,42,0.0007802237960277125,0.014486819505691528,0.014683758839964867,0.01428988017141819,1600
930,42,0.0009124856839083474,0.014128835871815681,0.014390281401574612,0.013867389410734177,1600
931,42,0.0009899037937760693,0.014705014415085316,0.014826980419456959,0.014583050273358822,1600
932,42,0.001022857873150232,0.01427518855780363,0.014923099428415298,0.013627275824546814,1600
933,42,0.0012231178698129952,0.015903787687420845,0.016441456973552704,0.01536611933261156,1600
934,42,0.001554887043312192,0.015780190005898476,0.016852833330631256,0.01470754761248827,1600
935,42,0.0017135404897007074,0.015013743191957474,0.014779405668377876,0.015248079784214497,1600
936,42,0.0015617042716423218,0.01573013700544834,0.016859810799360275,0.014600464142858982,1600
937,42,0.0016965948188127104,0.015198646113276482,0.016690334305167198,0.013706957921385765,1600
938,42,0.0014005548516500064,0.014849396422505379,0.01493458915501833,0.014764201827347279,1600
939,42,0.0012838881944348527,0.014287066645920277,0.014731341041624546,0.013842792250216007,1600
940,42,0.0010450207839973948,0.01576049253344536,0.01567559875547886,0.015845386311411858,1600
941,42,0.0010420776512050493,0.014590254053473473,0.014695687219500542,0.014484821818768978,1600
942,42,0.001154271449195221,0.01599207893013954,0.016142774373292923,0.01584138348698616,1600
943,42,0.00125454326255501,0.014646025374531746,0.01459470670670271,0.014697344973683357,1600
944,42,0.0011317445579069581,0.015467659570276737,0.01526371669024229,0.01567160151898861,1600
945,42,0.0010051550105510448,0.014837856404483318,0.014846845529973507,0.014828864485025406,1600
946,42,0.0010295436765194279,0.015478168614208698,0.015378681011497974,0.015577658079564571,1600
947,42,0.0008874762358821251,0.015008563175797462,0.01490979827940464,0.015107322484254837,1600
948,42,0.000926855078432709,0.014802241697907448,0.015512959100306034,0.014091519638895988,1600
949,42,0.0009539561314423653,0.015019074082374573,0.014783410355448723,0.015254739671945572,1600
950,42,0.001055820823901079,0.015217200852930546,0.015531811863183975,0.01490259263664484,1600
951,42,0.0009170240783450109,0.015542159788310528,0.016410833224654198,0.014673484489321709,1600
952,42,0.0010575429001950067,0.015045244246721268,0.015244752168655396,0.01484573446214199,1600
953,42,0.000945215389947407,0.014979147352278233,0.014944016002118587,0.015014277771115303,1600
954,42,0.0011325038477397438,0.015464184805750847,0.01634031906723976,0.014588048681616783,1600
955,42,0.0009582862998782234,0.014920909889042377,0.015008674003183842,0.014833146706223488,1600
956,42,0.0008776947056916965,0.015558596700429916,0.015604608692228794,0.015512581914663315,1600
957,42,0.0009639487675899131,0.014314929954707623,0.014396676793694496,0.014233182184398174,1600
958,42,0.000882976669923995,0.014961711131036282,0.015538949519395828,0.014384474605321884,1600
959,42,0.0008324239223094827,0.015248244628310204,0.015433002263307571,0.015063484199345112,1600
960,42,0.0007595536047698591,0.01500475313514471,0.014983033761382103,0.015026473440229893,1600
961,42,0.0008189350363946604,0.014575484208762646,0.014905376359820366,0.014245593920350075,1600
962,42,0.0011241938892370936,0.014483767561614513,0.014576454646885395,0.014391077682375908,1600
963,42,0.0011078274824698879,0.014436786994338036,0.014734960161149502,0.014138617552816868,1600
964,42,0.0009354345145931637,0.014063228853046894,0.014697250910103321,0.013429210521280766,1600
965,42,0.0011773454633922402,0.015077373944222927,0.015185927972197533,0.014968818053603172,1600
966,42,0.0012720308203080838,0.015363199636340141,0.015775088220834732,0.014951311983168125,1600
967,42,0.0013340321708131921,0.014819750562310219,0.015041121281683445,0.014598380774259567,1600
968,42,0.0012145404947328973,0.013918017037212849,0.014239531941711903,0.013596500270068645,1600
969,42,0.0011555328409568492,0.015339336358010769,0.016438821330666542,0.014239850454032421,1600
970,42,0.0015359767262866212,0.014657823368906975,0.01484297588467598,0.014472665265202522,1600
971,42,0.0016225564177148044,0.014511698856949806,0.016026539728045464,0.012996858917176723,1600
972,42,0.0012875744988295164,0.014492345973849297,0.014630180783569813,0.01435451116412878,1600
973,42,0.0011450926831457764,0.014487235806882381,0.015156933106482029,0.013817538507282734,1600
974,42,0.0009544034176294438,0.014867287129163742,0.014917624182999134,0.0148169519379735,1600
975,42,0.0010528158507606183,0.014212923124432564,0.01488458551466465,0.013541261665523052,1600
976,42,0.00118371142889373,0.015263600274920464,0.015155664645135403,0.0153715331107378,1600
977,42,0.0017349516962316227,0.0144506162032485,0.014136063866317272,0.014765173196792603,1600
978,42,0.0018200231927701018,0.015231597237288952,0.014745358377695084,0.01571783609688282,1600
979,42,0.0016120885213075037,0.015056323260068893,0.01486038975417614,0.015252257697284222,1600
980,42,0.0013143419319848445,0.01445990614593029,0.015039321035146713,0.013880492188036442,1600
981,42,0.0009201503046576611,0.015037563629448414,0.014895343221724033,0.01517978310585022,1600
982,42,0.0010510785637465729,0.014649384655058384,0.014926819130778313,0.01437194924801588,1600
983,42,0.0008628514267250218,0.014723297208547592,0.015207299031317234,0.01423929538577795,1600
984,42,0.0008697694204536012,0.01492425985634327,0.015018999576568604,0.014829520136117935,1600
985,42,0.0008446006183724173,0.015178952366113663,0.016791852191090584,0.013566053472459316,1600
986,42,0.0008541289081966335,0.015155244618654251,0.015161724761128426,0.015148764476180077,1600
987,42,0.0008249710623534735,0.014659455046057701,0.014913597144186497,0.014405312016606331,1600
988,42,0.0008049267198657617,0.015546107664704323,0.017448479309678078,0.013643737882375717,1600
989,42,0.0008030404066878625,0.014758793637156487,0.015045462176203728,0.01447212602943182,1600
990,42,0.0007676205092469569,0.01527040358632803,0.015453572385013103,0.015087232924997807,1600
991,42,0.0009455745060801167,0.016353707760572433,0.015304560773074627,0.017402857542037964,1600
992,42,0.0009370575452604415,0.014751965180039406,0.014872030355036259,0.014631896279752254,1600
993,42,0.0007732163490304215,0.014830667525529861,0.015439764596521854,0.014221570454537868,1600
994,42,0.0007330508616922253,0.01440905686467886,0.015003049746155739,0.013815063051879406,1600
995,42,0.0009774379934903911,0.014251763932406902,0.014857503585517406,0.013646025210618973,1600
996,42,0.0011178550564429977,0.014439706690609455,0.01533424947410822,0.01354516576975584,1600
997,42,0.0010543130893810567,0.015296610072255135,0.016054967418313026,0.014538252726197243,1600
998,42,0.001192799102599648,0.015038279816508293,0.015573966316878796,0.014502596110105515,1600
999,42,0.0012822896480263973,0.015978878363966942,0.017440948635339737,0.014516809955239296,1600
1000,42,0.001854425110981207,0.015460447408258915,0.015320856124162674,0.01560003962367773,1600
1001,42,0.0019669981345280326,0.01657547987997532,0.01635545678436756,0.016795502975583076,1600
1002,42,0.0018787658588156444,0.016320154070854187,0.01608821004629135,0.01655210182070732,1600
1003,42,0.0015485966445835816,0.014943382702767849,0.015455379150807858,0.01443138811737299,1600
1004,42,0.0010685898887459189,0.015320153906941414,0.014662984758615494,0.015977319329977036,1600
1005,42,0.0008751606192990122,0.014189781621098518,0.014659758657217026,0.013719805516302586,1600
1006,42,0.0009016119081272998,0.014226818457245827,0.014546702615916729,0.013906934298574924,1600
1007,42,0.001003783415812491,0.014529992826282978,0.014712276868522167,0.014347705990076065,1600
1008,42,0.001081849683859301,0.014926469884812832,0.015082397498190403,0.01477054599672556,1600
1009,42,0.0008944668939379467,0.014394172467291355,0.015060744248330593,0.013727599754929543,1600
1010,42,0.0013750804117245768,0.014703224413096905,0.01494562067091465,0.01446082815527916,1600
1011,42,0.001301353645182892,0.014644463546574116,0.014664947986602783,0.014623980037868023,1600
1012,42,0.0010742013559634374,0.014607245102524757,0.01477052178233862,0.014443967491388321,1600
1013,42,0.001249328615482558,0.015314801596105099,0.01615745574235916,0.014472151175141335,1600
1014,42,0.0011128252134023403,0.014621425420045853,0.01441978383809328,0.014823067001998425,1600
1015,42,0.001762140095128085,0.015679210424423218,0.014766213484108448,0.016592204570770264,1600
1016,42,0.0012011778228704563,0.01448801625519991,0.014741335064172745,0.014234695583581924,1600
1017,42,0.0011751167132222856,0.015005487017333508,0.01539968978613615,0.014611284248530865,1600
1018,42,0.001251207040199502,0.01481227669864893,0.014541124925017357,0.015083428472280502,1600
1019,42,0.0010688006031242285,0.014996000565588474,0.015396551229059696,0.014595448970794678,1600
1020,42,0.0010991746252825992,0.01606324128806591,0.015404324047267437,0.01672215946018696,1600
1021,42,0.0012544611527118832,0.016362978145480156,0.015795305371284485,0.016930650919675827,1600
1022,42,0.001330982171401212,0.015048623085021973,0.016138460487127304,0.01395878754556179,1600
1023,42,0.0008796821745239537,0.014821798540651798,0.015313015319406986,0.01433058176189661,1600
1024,42,0.0009324042449324307,0.014616208150982857,0.015175451524555683,0.01405696664005518,1600
1025,42,0.001143352797953412,0.013730605132877827,0.0141273969784379,0.013333815149962902,1600
1026,42,0.001038279974388636,0.01544291153550148,0.015458452515304089,0.015427368693053722,1600
1027,42,0.0007947777524929155,0.01490253210067749,0.014847962185740471,0.014957101084291935,1600
1028,42,0.001367876920002428,0.015241642482578754,0.015463928692042828,0.015019357204437256,1600
1029,42,0.0013387857139936057,0.015048084780573845,0.01438180636614561,0.015714362263679504,1600
1030,42,0.0010170199357989159,0.014672123827040195,0.015473198145627975,0.013871049508452415,1600
1031,42,0.0011449501616880298,0.01471012644469738,0.01501995138823986,0.014400302432477474,1600
1032,42,0.0010993777739878913,0.014054347760975361,0.013747931458055973,0.014360765926539898,1600
1033,42,0.0008678476244147697,0.015291934832930565,0.014901057817041874,0.01568281278014183,1600
1034,42,0.0008516337455313823,0.015093082562088966,0.015370418317615986,0.014815748669207096,1600
1035,42,0.0009049610737499527,0.014784608036279678,0.01470534410327673,0.014863873831927776,1600
1036,42,0.0009613038842375813,0.0157457422465086,0.01613684557378292,0.015354638919234276,1600
1037,42,0.0013587793668689715,0.016349388286471367,0.015757767483592033,0.0169410090893507,1600
1038,42,0.0016351203825748103,0.013963532634079456,0.014777302742004395,0.013149759732186794,1600
1039,42,0.0011441142494070598,0.014079571701586246,0.014241076074540615,0.013918066397309303,1600
1040,42,0.001015143273186616,0.014628005214035511,0.014817801304161549,0.01443820632994175,1600
1041,42,0.0011425789588512007,0.015261153690516949,0.014868807047605515,0.015653500333428383,1600
1042,42,0.0009884297403252938,0.015057207085192204,0.015443474054336548,0.014670941978693008,1600
1043,42,0.0009655201363123276,0.014689893461763859,0.014556950889527798,0.014822832308709621,1600
1044,42,0.0010963303105778653,0.015044248662889004,0.015678714960813522,0.014409786090254784,1600
1045,42,0.0012399924929592419,0.014278197661042213,0.014789699576795101,0.013766692019999027,1600
1046,42,0.0010290498374326323,0.014330663718283176,0.01460975781083107,0.014051567763090134,1600
1047,42,0.0009162142206068066,0.014716350473463535,0.015065493993461132,0.014367208816111088,1600
1048,42,0.0009426256266041574,0.014126259833574295,0.014287355355918407,0.013965161517262459,1600
1049,42,0.0008996662853116339,0.015247604809701443,0.01508000586181879,0.015415203757584095,1600
1050,42,0.0009772168017331171,0.014211528934538364,0.014333621598780155,0.014089435338973999,1600
1051,42,0.0009170434125487438,0.015011795796453953,0.015063769184052944,0.014959820546209812,1600
1052,42,0.0008511063563425771,0.01518789492547512,0.016260648146271706,0.014115139842033386,1600
1053,42,0.001039005366196348,0.01387444231659174,0.014256080612540245,0.01349280308932066,1600
1054,42,0.000990791913037273,0.014860277064144611,0.014772134833037853,0.01494841929525137,1600
1055,42,0.0008494118043348532,0.014338932000100613,0.014612732455134392,0.014065132476389408,1600
1056,42,0.0008621908835431731,0.01378063578158617,0.014308509416878223,0.013252761214971542,1600
1057,42,0.0007442401005061005,0.015081528574228287,0.014868585392832756,0.01529447641223669,1600
1058,42,0.0008806717007907785,0.014469618909060955,0.014716345816850662,0.014222890138626099,1600
1059,42,0.0009611647560218857,0.015028510242700577,0.015290796756744385,0.014766222797334194,1600
1060,42,0.0010028846048622984,0.014787516556680202,0.015176622197031975,0.014398411847651005,1600
1061,42,0.0008817676518281752,0.015377198345959187,0.016152795404195786,0.014601599425077438,1600
1062,42,0.0010590343577363951,0.015026954934000969,0.015566808171570301,0.014487099833786488,1600
1063,42,0.0013706434216477317,0.014717502519488335,0.015003154054284096,0.014431851916015148,1600
1064,42,0.001263452333990823,0.014498542994260788,0.014896208420395851,0.014100879430770874,1600
1065,42,0.0009914634574670345,0.014592703431844711,0.015249551273882389,0.013935855589807034,1600
1066,42,0.0009408502016661012,0.01664683222770691,0.016985595226287842,0.016308069229125977,1600
1067,42,0.0009880505994343284,0.014951386488974094,0.01472679153084755,0.015175978653132915,1600
1068,42,0.0009541238118386404,0.01524185761809349,0.01571725495159626,0.014766456559300423,1600
1069,42,0.0010185222384858537,0.01523707527667284,0.0151407765224576,0.015333372168242931,1600
1070,42,0.0011087501717900689,0.015237195417284966,0.015190929174423218,0.015283459797501564,1600
1071,42,0.0012330017026132819,0.015459720976650715,0.016373271122574806,0.014546171762049198,1600
1072,42,0.0009499900082697753,0.014955153688788414,0.015432911925017834,0.014477398246526718,1600
1073,42,0.0007894028531154618,0.014270143583416939,0.014819513075053692,0.013720772229135036,1600
1074,42,0.0009641996082130142,0.01503782905638218,0.01536149438470602,0.014714163728058338,1600
1075,42,0.00101878233412704,0.014495435170829296,0.0147619117051363,0.014228960499167442,1600
1076,42,0.0007791482600044798,0.014564945362508297,0.014390305615961552,0.014739583246409893,1600
1077,42,0.0008168576552469114,0.015015052631497383,0.014917928725481033,0.015112173743546009,1600
1078,42,0.0008341317231745713,0.01578792743384838,0.01586725004017353,0.015708602964878082,1600
1079,42,0.00103302985239266,0.015269595198333263,0.015646953135728836,0.014892240054905415,1600
1080,42,0.0009487341409443285,0.014499549753963947,0.014929951168596745,0.0140691502019763,1600
1081,42,0.0007876556668303568,0.014691876247525215,0.014967652037739754,0.014416099525988102,1600
1082,42,0.0009452724797566506,0.015104045160114765,0.016625767573714256,0.013582320883870125,1600
1083,42,0.0017539456603117287,0.01543153915554285,0.015397433191537857,0.015465646982192993,1600
1084,42,0.001092364389809187,0.015105251222848892,0.016062263399362564,0.014148238115012646,1600
1085,42,0.0013227225651710548,0.015277371741831303,0.01561195868998766,0.014942783862352371,1600
1086,42,0.0012761558543636718,0.01491540763527155,0.015544832684099674,0.014285983517765999,1600
1087,42,0.0008817862597590482,0.014372865669429302,0.01452704705297947,0.014218682423233986,1600
1088,42,0.0010605545248836279,0.014833783730864525,0.014854252338409424,0.014813315123319626,1600
1089,42,0.0014280738303734158,0.015261669643223286,0.015671266242861748,0.014852074906229973,1600
1090,42,0.0010449147164101967,0.015048825182020664,0.01632649451494217,0.013771153055131435,1600
1091,42,0.0009380205301567912,0.015714997425675392,0.016080696135759354,0.015349305234849453,1600
1092,42,0.0014769978958859363,0.014680127613246441,0.015261756256222725,0.014098499901592731,1600
1093,42,0.0011551933791700073,0.014084039255976677,0.01434584241360426,0.013822234235703945,1600
1094,42,0.0012342856366145002,0.014085248112678528,0.01493159495294094,0.013238896615803242,1600
1095,42,0.0010257372129920193,0.014268253929913044,0.01488673035055399,0.013649777509272099,1600
1096,42,0.0008558317256922072,0.01415044255554676,0.01439798716455698,0.013902898877859116,1600
1097,42,0.0007346577357648956,0.014004861935973167,0.014503182843327522,0.013506541028618813,1600
1098,42,0.0007917997175933455,0.014403781853616238,0.014891786500811577,0.013915777206420898,1600
1099,42,0.0007229801412904635,0.014813086949288845,0.015415308997035027,0.014210865832865238,1600
1100,42,0.000739594623816877,0.014508908614516258,0.015407741069793701,0.01361007895320654,1600
1101,42,0.0008334802524504167,0.014474890194833279,0.0149895204231143,0.013960258103907108,1600
1102,42,0.0006618408806389198,0.015130818821489811,0.015144099481403828,0.015117541886866093,1600
1103,42,0.0009192893220725554,0.016122765839099884,0.01722784712910652,0.015017690137028694,1600
1104,42,0.0017125980415254492,0.01551265548914671,0.015209535136818886,0.015815773978829384,1600
1105,42,0.001729730029844425,0.016741622239351273,0.017104169353842735,0.01637907512485981,1600
1106,42,0.0016602192243391817,0.016154147684574127,0.016969673335552216,0.015338625758886337,1600
1107,42,0.001259671431563964,0.015402393415570259,0.015070397406816483,0.015734389424324036,1600
1108,42,0.001219503380442885,0.01502967718988657,0.015518720261752605,0.014540632255375385,1600
1109,42,0.0011564159675882283,0.014490223489701748,0.015918297693133354,0.01306215114891529,1600
1110,42,0.0008784901517422193,0.014010821469128132,0.014124268665909767,0.013897373341023922,1600
1111,42,0.0012295894319487904,0.015018988400697708,0.01635988987982273,0.01367808785289526,1600
1112,42,0.000989195567936721,0.014471646398305893,0.015308797359466553,0.013634494505822659,1600
1113,42,0.0008772862360770391,0.014585127122700214,0.014434978365898132,0.014735275879502296,1600
1114,42,0.0008096068499567496,0.014560369774699211,0.015329512767493725,0.013791227713227272,1600
1115,42,0.0008754860900808126,0.014792251400649548,0.015214553102850914,0.014369947835803032,1600
1116,42,0.0007354599616850134,0.0137306097894907,0.014368029311299324,0.013093188405036926,1600
1117,42,0.0009495753673201597,0.016092317178845406,0.017003236338496208,0.015181398019194603,1600
1118,42,0.0010568560894832692,0.01594225876033306,0.01620570942759514,0.015678809955716133,1600
1119,42,0.0012077945152255284,0.01492955069988966,0.015346589498221874,0.014512510970234871,1600
1120,42,0.001136769201945175,0.014494490809738636,0.015503102913498878,0.013485880568623543,1600
1121,42,0.0009213694614696909,0.014628319069743156,0.015150508843362331,0.014106128364801407,1600
1122,42,0.0008899213492193005,0.015211851336061954,0.015761738643050194,0.01466196496039629,1600
1123,42,0.0010136482411656868,0.014828039333224297,0.015311290509998798,0.01434478722512722,1600
1124,42,0.0009457151278514754,0.014028111472725868,0.014405383728444576,0.013650836423039436,1600
1125,42,0.0009750798926688731,0.014735889621078968,0.014845986850559711,0.014625792391598225,1600
1126,42,0.0010192281148523432,0.01481335423886776,0.015063920989632607,0.014562785625457764,1600
1127,42,0.0009958444570656866,0.014851752668619156,0.014587580226361752,0.01511592511087656,1600
1128,42,0.0010246103020935234,0.014759646728634834,0.015064535662531853,0.014454755932092667,1600
1129,42,0.0008879577878608623,0.014623194001615047,0.014551903121173382,0.014694481156766415,1600
1130,42,0.0008836209916890683,0.0154590317979455,0.016674429178237915,0.014243636280298233,1600
1131,42,0.0009400143515614963,0.014301530085504055,0.014371423050761223,0.014231638051569462,1600
1132,42,0.0011391691011588343,0.015394478105008602,0.015974106267094612,0.014814849011600018,1600
1133,42,0.0011127836306431245,0.014913679100573063,0.01644473522901535,0.01338262390345335,1600
1134,42,0.0012776595302222465,0.017219670116901398,0.015572081319987774,0.018867263570427895,1600
1135,42,0.0011445911024400796,0.015120926313102245,0.015356723219156265,0.01488513220101595,1600
1136,42,0.0009441987468480048,0.015313099138438702,0.015313917770981789,0.015312280505895615,1600
1137,42,0.0010261035825930196,0.014762015081942081,0.015232228673994541,0.014291802421212196,1600
1138,42,0.0011074616870080883,0.014806600287556648,0.01479288935661316,0.014820310287177563,1600
1139,42,0.0015538177712270144,0.014272150583565235,0.014881644397974014,0.013662655837833881,1600
1140,42,0.0013216055945535613,0.015298576094210148,0.015609994530677795,0.0149871576577425,1600
1141,42,0.0011416138996454802,0.014721900224685669,0.015201357193291187,0.014242444187402725,1600
1142,42,0.0010583222214005548,0.014484914019703865,0.014753655530512333,0.014216172508895397,1600
1143,42,0.0011646766321394932,0.014615243300795555,0.015678878873586655,0.01355160865932703,1600
1144,42,0.0012853060827844522,0.014655377715826035,0.01524083036929369,0.01406992506235838,1600
1145,42,0.001052929273679514,0.015193646773695946,0.014353154227137566,0.016034139320254326,1600
1,42,0.641618236347481,0.395880788564682,0.2863040864467621,0.5054574608802795,2000
2,42,0.25689570550565366,0.24459673464298248,0.1834087371826172,0.30578476190567017,2000
3,42,0.18359522135169418,0.20365910232067108,0.16163066029548645,0.2456875592470169,2000
4,42,0.14683535225965358,0.17247077822685242,0.14647994935512543,0.19846157729625702,2000
5,42,0.12307813791213212,0.15336847305297852,0.13309858739376068,0.17363835871219635,2000
6,42,0.10421277927579703,0.13757577538490295,0.11952328681945801,0.1556282490491867,2000
7,42,0.0892074639322581,0.12384139746427536,0.11269441992044449,0.13498839735984802,2000
8,42,0.07920185035025631,0.11333679407835007,0.10212065279483795,0.12455292046070099,2000
9,42,0.06928880581701244,0.10198698937892914,0.09412076324224472,0.10985320806503296,2000
10,42,0.06154346969668512,0.09874552488327026,0.09275853633880615,0.10473252832889557,2000
11,42,0.05593974971108966,0.08946996927261353,0.08118633180856705,0.09775360673666,2000
12,42,0.0496547332516423,0.08318907767534256,0.07806002348661423,0.0883181169629097,2000
13,42,0.04552179023071572,0.07862741500139236,0.07393348962068558,0.08332133293151855,2000
14,42,0.04218436087723131,0.07307842373847961,0.067368283867836,0.07878857851028442,2000
15,42,0.039235080143919694,0.07719511538743973,0.06674566864967346,0.087644562125206,2000
16,42,0.035970135488443904,0.06939821690320969,0.06160329282283783,0.07719316333532333,2000
17,42,0.032881281718059825,0.06442936509847641,0.05711033567786217,0.07174840569496155,2000
18,42,0.030936011354680413,0.06351479887962341,0.05657801404595375,0.07045157253742218,2000
19,42,0.03070778520432887,0.05703740566968918,0.051076482981443405,0.06299833208322525,2000
20,42,0.02800961873597569,0.055854178965091705,0.050937358289957047,0.060770999640226364,2000
21,42,0.025907849548039614,0.055632323026657104,0.04797298088669777,0.06329166144132614,2000
22,42,0.02510904810494847,0.05466562137007713,0.04740172624588013,0.06192953139543533,2000
23,42,0.024690091540967976,0.05246806889772415,0.045214250683784485,0.05972188338637352,2000
24,42,0.02285423785172127,0.05234184488654137,0.04577111452817917,0.058912571519613266,2000
25,42,0.02298842084214643,0.050583116710186005,0.0432472750544548,0.057918962091207504,2000
26,42,0.02157654544269597,0.04931730404496193,0.04250297695398331,0.05613163113594055,2000
27,42,0.020057017535523133,0.05053612217307091,0.04366647079586983,0.057405777275562286,2000
28,42,0.019531596762438614,0.05070607364177704,0.04090302437543869,0.060509130358695984,2000
29,42,0.01867627273141234,0.049714311957359314,0.04383169114589691,0.05559692531824112,2000
30,42,0.019162767394273368,0.05184382572770119,0.04916062578558922,0.054527029395103455,2000
31,42,0.019686083861247258,0.050998613238334656,0.04690029099583626,0.05509692430496216,2000
32,42,0.018731660795984446,0.047359053045511246,0.03967231884598732,0.05504579469561577,2000
33,42,0.016337444591853354,0.04395241290330887,0.036067429929971695,0.051837410777807236,2000
34,42,0.015693018575095467,0.04623761400580406,0.03608350083231926,0.05639173462986946,2000
35,42,0.0152998566110101,0.04418240115046501,0.035254575312137604,0.05311022326350212,2000
36,42,0.014756975660997408,0.043280843645334244,0.03434772789478302,0.05221395567059517,2000
37,42,0.014597928220475162,0.044410426169633865,0.03639732301235199,0.05242352932691574,2000
38,42,0.014205263444670924,0.0408734455704689,0.03199225291609764,0.04975464195013046,2000
39,42,0.013921324612089881,0.04143615439534187,0.03352731466293335,0.0493449904024601,2000
40,42,0.013963242613331036,0.04044872149825096,0.03205619752407074,0.04884124919772148,2000
41,42,0.012873174588161486,0.041014932096004486,0.033060602843761444,0.048969268798828125,2000
42,42,0.013673533030130245,0.042676106095314026,0.03201601654291153,0.05333619564771652,2000
43,42,0.012543314688459591,0.0390043780207634,0.03006586618721485,0.04794289171695709,2000
44,42,0.01277599074981279,0.038969848304986954,0.03114575333893299,0.046793945133686066,2000
45,42,0.012527956127154606,0.039268072694540024,0.031085701659321785,0.04745044559240341,2000
46,42,0.01224926008877379,0.04064805433154106,0.03194423392415047,0.04935187101364136,2000
47,42,0.012059383473738475,0.039265137165784836,0.03158752620220184,0.046942755579948425,2000
48,42,0.011583140878765672,0.03796626999974251,0.030254846438765526,0.04567768797278404,2000
49,42,0.01116968574071372,0.037717100232839584,0.028432872146368027,0.04700132831931114,2000
50,42,0.010886613245087641,0.03611620143055916,0.02774208039045334,0.044490326195955276,2000
51,42,0.010472367069235555,0.0388784222304821,0.02948749251663685,0.048269350081682205,2000
52,42,0.01069503011940806,0.0369931235909462,0.02818325348198414,0.045803003013134,2000
53,42,0.01017531047195748,0.03702400252223015,0.029940132051706314,0.044107869267463684,2000
54,42,0.010752904918734674,0.037668511271476746,0.02924559824168682,0.046091414988040924,2000
55,42,0.010579257375664182,0.03610539063811302,0.02896043471992016,0.04325035214424133,2000
56,42,0.009869513274342925,0.03704548254609108,0.02840823493897915,0.04568273574113846,2000
57,42,0.00921078426418481,0.035590801388025284,0.02835523895919323,0.04282636567950249,2000
58,42,0.00949080360846387,0.03445758670568466,0.025767860934138298,0.043147314339876175,2000
59,42,0.009079276825542803,0.03484439104795456,0.027758322656154633,0.04193045198917389,2000
60,42,0.009365655775009482,0.03654032573103905,0.029927456751465797,0.04315319284796715,2000
61,42,0.009847931167179788,0.0350775308907032,0.026332199573516846,0.04382286220788956,2000
62,42,0.009810150980397506,0.03581881895661354,0.026625508442521095,0.045012135058641434,2000
63,42,0.009394632773128924,0.03497527912259102,0.02630545012652874,0.04364510625600815,2000
64,42,0.009049683498839537,0.035122595727443695,0.026508240029215813,0.04373694583773613,2000
65,42,0.008559572044759989,0.035469651222229004,0.02887771837413311,0.04206157848238945,2000
66,42,0.00884698976383165,0.0349896065890789,0.02750389464199543,0.042475320398807526,2000
67,42,0.008552536523590485,0.03495045751333237,0.025881201028823853,0.04401971027255058,2000
68,42,0.008675834457217544,0.03535310551524162,0.02768283151090145,0.04302337020635605,2000
69,42,0.008893558194998789,0.0332178995013237,0.025884680449962616,0.04055112227797508,2000
70,42,0.007829728070646524,0.03330216929316521,0.02474774606525898,0.04185659438371658,2000
71,42,0.007805244721196316,0.03313760831952095,0.025737568736076355,0.04053764417767525,2000
72,42,0.007773856089139978,0.03236325457692146,0.02367069013416767,0.041055817157030106,2000
73,42,0.00778710090175823,0.031985536217689514,0.024055389687418938,0.03991568088531494,2000
74,42,0.007608928234764823,0.03364720195531845,0.02633953094482422,0.04095488041639328,2000
75,42,0.0075712537703414755,0.031745970249176025,0.02366950921714306,0.03982242941856384,2000
76,42,0.007358207350113877,0.03222700208425522,0.02361973747611046,0.04083426296710968,2000
77,42,0.008101825429885476,0.03130164369940758,0.025359902530908585,0.03724338859319687,2000
78,42,0.007865815501039227,0.031308434903621674,0.02321593277156353,0.03940093517303467,2000
79,42,0.007095397648367065,0.030814262107014656,0.023553121834993362,0.03807540237903595,2000
80,42,0.007407165123839621,0.03234395384788513,0.025949668139219284,0.03873823955655098,2000
81,42,0.007323560787847749,0.03091212548315525,0.023904696106910706,0.037919558584690094,2000
82,42,0.007683627600609152,0.03128563612699509,0.025082843378186226,0.0374884270131588,2000
83,42,0.007201669668709791,0.03178025409579277,0.025435855612158775,0.038124654442071915,2000
84,42,0.007056610650141482,0.031262148171663284,0.023991242051124573,0.038533058017492294,2000
85,42,0.006580687757512486,0.02960086427628994,0.02213393896818161,0.03706779330968857,2000
86,42,0.006462228493075128,0.03009294904768467,0.022550024092197418,0.037635866552591324,2000
87,42,0.006996123844550716,0.0298712570220232,0.022002138197422028,0.03774037957191467,2000
88,42,0.006958373356610537,0.03081815131008625,0.0226616058498621,0.038974691182374954,2000
89,42,0.0069024751169814,0.03059767372906208,0.02306569181382656,0.03812965378165245,2000
90,42,0.007482693340905287,0.030255518853664398,0.023617107421159744,0.036893926560878754,2000
91,42,0.007239236651609342,0.029515130445361137,0.023063115775585175,0.0359671451151371,2000
92,42,0.00642136499044244,0.029149729758501053,0.02330584079027176,0.03499361500144005,2000
93,42,0.006461789857389199,0.02910470962524414,0.02137272246181965,0.03683669492602348,2000
94,42,0.006574514503073361,0.03047497384250164,0.021404875442385674,0.03954507037997246,2000
95,42,0.006221964092994177,0.027834312990307808,0.02121780440211296,0.034450825303792953,2000
96,42,0.0062182260315037435,0.0292038731276989,0.02197432518005371,0.036433421075344086,2000
97,42,0.006439944410144731,0.028932873159646988,0.022124681621789932,0.03574107587337494,2000
98,42,0.006289034780045903,0.02987087331712246,0.022522127255797386,0.03721961751580238,2000
99,42,0.005976360731033815,0.028813038021326065,0.022141357883810997,0.035484716296195984,2000
100,42,0.00598128474558945,0.027317682281136513,0.02096959762275219,0.033665768802165985,2000
101,42,0.0056732256500119415,0.03059113584458828,0.024466168135404587,0.036716096103191376,2000
102,42,0.006321686449357205,0.028952013701200485,0.022301610559225082,0.035602424293756485,2000
103,42,0.006501835529451017,0.028111692517995834,0.021910686045885086,0.034312695264816284,2000
104,42,0.005470183324413719,0.02753305435180664,0.02067190408706665,0.03439420089125633,2000
105,42,0.005694405003278343,0.02872086502611637,0.021091431379318237,0.0363503061234951,2000
106,42,0.005551086204057491,0.02934088371694088,0.021417463198304176,0.03726430609822273,2000
107,42,0.005844999510036023,0.028132759034633636,0.021042754873633385,0.03522276133298874,2000
108,42,0.005768101964214885,0.02791094221174717,0.020715055987238884,0.03510682284832001,2000
109,42,0.005733205005526543,0.027274319902062416,0.021103305742144585,0.0334453284740448,2000
110,42,0.005507152700037868,0.029202749952673912,0.02198423445224762,0.0364212729036808,2000
111,42,0.005683815658644393,0.027477534487843513,0.021750064566731453,0.03320500999689102,2000
112,42,0.005370926827675215,0.029297320172190666,0.02148871123790741,0.03710592910647392,2000
113,42,0.00528121272239972,0.0301106795668602,0.02159116230905056,0.03863019123673439,2000
114,42,0.005174060395263412,0.028898131102323532,0.021328506991267204,0.03646775335073471,2000
115,42,0.005259755188254295,0.029173575341701508,0.02226688154041767,0.03608027100563049,2000
116,42,0.005257684271782637,0.02781960554420948,0.021299565210938454,0.03433964401483536,2000
117,42,0.005153908006226023,0.026182623580098152,0.019725246354937553,0.032639991492033005,2000
118,42,0.005132384900072658,0.02647201158106327,0.020181896165013313,0.03276212885975838,2000
119,42,0.0052080173735265375,0.027980290353298187,0.020966092124581337,0.03499448299407959,2000
120,42,0.005454382031328148,0.026442261412739754,0.020924508571624756,0.03196001797914505,2000
121,42,0.005310487131484681,0.02681594528257847,0.020696282386779785,0.03293560817837715,2000
122,42,0.005030996881908289,0.02774016372859478,0.022040480747818947,0.033439844846725464,2000
123,42,0.005028303315932,0.03205474093556404,0.026834653690457344,0.03727483004331589,2000
124,42,0.005728833204894154,0.026986122131347656,0.02044088765978813,0.03353136032819748,2000
125,42,0.00478828761778358,0.026533517986536026,0.020151447504758835,0.032915592193603516,2000
126,42,0.005002380823026653,0.02702668122947216,0.020623696967959404,0.033429667353630066,2000
127,42,0.004835120967106411,0.026743393391370773,0.020504407584667206,0.03298238292336464,2000
128,42,0.005182898301562226,0.027589693665504456,0.022112397477030754,0.033066991716623306,2000
129,42,0.005066597696255754,0.027803026139736176,0.021675921976566315,0.033930134028196335,2000
130,42,0.00517398171575257,0.025820966809988022,0.01964241825044155,0.03199951350688934,2000
131,42,0.0049105985003902956,0.02492946945130825,0.019274568185210228,0.030584372580051422,2000
132,42,0.004806717366187109,0.02647869661450386,0.020750485360622406,0.032206904143095016,2000
133,42,0.005730864566026462,0.0276713278144598,0.021071579307317734,0.034271080046892166,2000
134,42,0.005381769121245101,0.027681922540068626,0.021116049960255623,0.03424779325723648,2000
135,42,0.005299554284041126,0.026890868321061134,0.019899262115359306,0.03388247638940811,2000
136,42,0.004668753275095865,0.02538139931857586,0.019364766776561737,0.031398024410009384,2000
137,42,0.004949539140970619,0.02811158262193203,0.020239243283867836,0.03598391264677048,2000
138,42,0.00446898956714129,0.02621580846607685,0.019435614347457886,0.03299599513411522,2000
139,42,0.004621646910284956,0.025234129279851913,0.019000206142663956,0.03146804869174957,2000
140,42,0.004587513226498332,0.026299918070435524,0.01991158537566662,0.032688260078430176,2000
141,42,0.004543185587627468,0.02682402916252613,0.0199513528496027,0.03369670361280441,2000
142,42,0.0048458245755345734,0.028705507516860962,0.022973133251070976,0.0344378836452961,2000
143,42,0.006025994757052373,0.025935959070920944,0.019670534878969193,0.032201386988162994,2000
144,42,0.004607494515194385,0.028010070323944092,0.021519243717193604,0.03450089693069458,2000
145,42,0.0046849344227532,0.026820586994290352,0.021552762016654015,0.03208840638399124,2000
146,42,0.004637384864812096,0.0282118059694767,0.023521311581134796,0.0329023078083992,2000
147,42,0.004720276100905957,0.02629690244793892,0.02066984586417675,0.03192395716905594,2000
148,42,0.005622607655823231,0.02759569138288498,0.022181836888194084,0.03300954028964043,2000
149,42,0.005211999346674593,0.025596581399440765,0.019300000742077827,0.03189316391944885,2000
150,42,0.004934502817276452,0.02734324522316456,0.02078048512339592,0.0339060015976429,2000
151,42,0.004299195690287484,0.02587578445672989,0.01984509453177452,0.031906478106975555,2000
152,42,0.0040845909000684815,0.02690172754228115,0.02009909227490425,0.03370436653494835,2000
153,42,0.004190719285462465,0.028101611882448196,0.0218366552144289,0.03436656296253204,2000
154,42,0.004292347942720409,0.028766272589564323,0.02247442677617073,0.035058122128248215,2000
155,42,0.004354216779271762,0.025515183806419373,0.020004037767648697,0.031026331707835197,2000
156,42,0.004028462110673664,0.026040183380246162,0.02077098935842514,0.03130938112735748,2000
157,42,0.004058415923888485,0.02678295224905014,0.020037686452269554,0.03352821618318558,2000
158,42,0.0037827817593804663,0.025752702727913857,0.02033459022641182,0.031170818954706192,2000
159,42,0.004426685325732386,0.02825571782886982,0.020452510565519333,0.03605892136693001,2000
160,42,0.004579722820953639,0.025377506390213966,0.01896873489022255,0.03178628161549568,2000
161,42,0.004233180471971907,0.026261616498231888,0.020878590643405914,0.03164463862776756,2000
162,42,0.003940523692613674,0.02568432129919529,0.020476538687944412,0.030892105773091316,2000
163,42,0.0038485117385991746,0.02562040276825428,0.019463147968053818,0.03177765756845474,2000
164,42,0.003941917503080158,0.026363983750343323,0.021761031821370125,0.03096693381667137,2000
165,42,0.004477026078988005,0.025634991005063057,0.020983057096600533,0.030286919325590134,2000
166,42,0.0045262379787379394,0.026582887396216393,0.023849302902817726,0.029316473752260208,2000
167,42,0.004616570426151156,0.02620878256857395,0.021675456315279007,0.030742105096578598,2000
168,42,0.0037712072393063594,0.026413092389702797,0.01987558603286743,0.032950595021247864,2000
169,42,0.0044427513213897195,0.025572866201400757,0.01957661658525467,0.03156912326812744,2000
170,42,0.004375584664996024,0.025821473449468613,0.02030216157436371,0.03134078159928322,2000
171,42,0.004053841138051616,0.02498386614024639,0.01921764574944973,0.03075009398162365,2000
172,42,0.003998992887015144,0.02596437744796276,0.01983947493135929,0.03208928555250168,2000
173,42,0.003630059400435399,0.02472143992781639,0.01875227689743042,0.03069060668349266,2000
174,42,0.003526000767359855,0.02488953247666359,0.019385840743780136,0.030393226072192192,2000
175,42,0.003815448700657321,0.024634964764118195,0.019122397527098656,0.030147530138492584,2000
176,42,0.003771848174639874,0.024142639711499214,0.018655188381671906,0.029630089178681374,2000
177,42,0.004018617530905262,0.025813953951001167,0.020296446979045868,0.031331468373537064,2000
178,42,0.004374106841472288,0.023559335619211197,0.01912049949169159,0.027998171746730804,2000
179,42,0.0041424748401536985,0.024239148944616318,0.018563643097877502,0.029914645478129387,2000
180,42,0.0035837667830357395,0.02538430131971836,0.019097423180937767,0.03167117387056351,2000
181,42,0.004257874856530516,0.02476462349295616,0.01919580064713955,0.030333442613482475,2000
182,42,0.0037397672810281315,0.02485847845673561,0.019263856112957,0.03045310266315937,2000
183,42,0.003683309402765223,0.025765256956219673,0.0197254978120327,0.03180501237511635,2000
184,42,0.00362122465028531,0.024502510204911232,0.018705196678638458,0.030299820005893707,2000
185,42,0.003911843178448854,0.024869902059435844,0.018559983000159264,0.031179822981357574,2000
186,42,0.0036109083082044016,0.02331775799393654,0.01801658794283867,0.028618933632969856,2000
187,42,0.0036531327620010685,0.02632308378815651,0.019822830334305763,0.032823335379362106,2000
188,42,0.0038223008159548044,0.024235285818576813,0.018541904166340828,0.029928667470812798,2000
189,42,0.0035924863725624702,0.024943538010120392,0.018775377422571182,0.0311116985976696,2000
190,42,0.003587995164303316,0.025663869455456734,0.019236261025071144,0.032091476023197174,2000
191,42,0.003775173664541432,0.023603174835443497,0.01802842691540718,0.029177922755479813,2000
192,42,0.0038717812642938007,0.026648854836821556,0.021244432777166367,0.03205328807234764,2000
193,42,0.0038698960690655643,0.024886280298233032,0.019495708867907524,0.03027685172855854,2000
194,42,0.00402512129706641,0.02556384727358818,0.018915673717856407,0.032212018966674805,2000
195,42,0.004169922460008551,0.026252543553709984,0.02210405096411705,0.03040103241801262,2000
196,42,0.0036034634793867116,0.02493102476000786,0.019166622310876846,0.03069542534649372,2000
197,42,0.003401695746342065,0.024357033893465996,0.018708042800426483,0.03000602126121521,2000
198,42,0.0035072467721032874,0.02530187927186489,0.020954374223947525,0.029649384319782257,2000
199,42,0.0039538089703354574,0.022983698174357414,0.018367834389209747,0.02759956754744053,2000
200,42,0.00359200922065173,0.026234827935695648,0.02073744870722294,0.03173220902681351,2000
201,42,0.0033833317812187254,0.024118322879076004,0.018550783395767212,0.02968585677444935,2000
202,42,0.003629878219389529,0.02275501936674118,0.016994457691907883,0.02851557359099388,2000
203,42,0.003725128071555109,0.024373643100261688,0.019515100866556168,0.02923218160867691,2000
204,42,0.0034713513838748136,0.025751931592822075,0.019400183111429214,0.032103683799505234,2000
205,42,0.0034680477973004736,0.022441230714321136,0.017613230273127556,0.02726922743022442,2000
206,42,0.003881844976502988,0.023789964616298676,0.018526652827858925,0.029053281992673874,2000
207,42,0.003693379289298146,0.02291165292263031,0.01732836291193962,0.028494942933321,2000
208,42,0.0033760380422420523,0.022542597725987434,0.017688604071736336,0.027396589517593384,2000
209,42,0.003227306654918249,0.024012809619307518,0.018215075135231018,0.02981054224073887,2000
210,42,0.0033547874902271563,0.02555903047323227,0.01870899833738804,0.03240906447172165,2000
211,42,0.0037639157725843013,0.02370331436395645,0.018307609483599663,0.029099024832248688,2000
212,42,0.003760451942475306,0.02452661283314228,0.018411150202155113,0.030642069876194,2000
213,42,0.00364785417224522,0.02578280121088028,0.01946265622973442,0.03210294991731644,2000
214,42,0.0035168425809523024,0.024038301780819893,0.018028169870376587,0.030048437416553497,2000
215,42,0.004330839784988375,0.025287654250860214,0.02112816832959652,0.029447142034769058,2000
216,42,0.004082304576446337,0.02564709261059761,0.0191026758402586,0.03219151124358177,2000
217,42,0.003424642818841945,0.02413364313542843,0.01866964064538479,0.02959764562547207,2000
218,42,0.003103975672274828,0.023423798382282257,0.01828755997121334,0.028560040518641472,2000
219,42,0.0033247636596637742,0.023651471361517906,0.01820649392902851,0.029096446931362152,2000
220,42,0.003821655521514239,0.024602731689810753,0.02022789977490902,0.028977561742067337,2000
221,42,0.003929316678463861,0.02194206230342388,0.017794733867049217,0.026089390739798546,2000
222,42,0.003442921649871601,0.022408729419112206,0.018015289679169655,0.026802174746990204,2000
223,42,0.003055134150027125,0.022840136662125587,0.018033558502793312,0.027646709233522415,2000
224,42,0.003106901999907913,0.023201290518045425,0.018292268738150597,0.028110306710004807,2000
225,42,0.003221582017700981,0.024501590058207512,0.017873138189315796,0.03113004006445408,2000
226,42,0.0033889518386718853,0.023400085046887398,0.017879825085401535,0.028920341283082962,2000
227,42,0.00367746749220209,0.026080656796693802,0.021824568510055542,0.030336743220686913,2000
228,42,0.004383874358609319,0.022464953362941742,0.018217910081148148,0.026711994782090187,2000
229,42,0.0035062717161727726,0.023059403523802757,0.017997799441218376,0.02812100760638714,2000
230,42,0.0029121860818661473,0.022799551486968994,0.01713247038424015,0.02846662513911724,2000
231,42,0.0028542295676069677,0.02250465750694275,0.018757229670882225,0.02625208906829357,2000
232,42,0.0033513006141961173,0.023862324655056,0.018304938450455666,0.029419710859656334,2000
233,42,0.003047140474707164,0.024392951279878616,0.019621532410383224,0.029164372012019157,2000
234,42,0.0029555219570519746,0.02216954156756401,0.017763877287507057,0.026575202122330666,2000
235,42,0.0031615211412793507,0.023047249764204025,0.018606478348374367,0.027488021180033684,2000
236,42,0.0030549800506344546,0.023528676480054855,0.01787046156823635,0.02918689139187336,2000
237,42,0.0029879349577068177,0.023519113659858704,0.018198514357209206,0.0288397129625082,2000
238,42,0.0034514315452219713,0.027329949662089348,0.02281223051249981,0.03184766694903374,2000
239,42,0.003199930583057856,0.023378726094961166,0.018869219347834587,0.027888227254152298,2000
240,42,0.0027407682112728557,0.022431813180446625,0.017634747549891472,0.027228880673646927,2000
241,42,0.003343039636362206,0.02325313352048397,0.017770040780305862,0.02873622253537178,2000
242,42,0.0035365095806170117,0.021817423403263092,0.017757389694452286,0.0258774571120739,2000
243,42,0.0032770501846378602,0.021744709461927414,0.01795852743089199,0.025530891492962837,2000
244,42,0.003217642342119857,0.02139151655137539,0.017388705164194107,0.02539432793855667,2000
245,42,0.002803062304371485,0.022169696167111397,0.017789684236049652,0.02654970809817314,2000
246,42,0.0028837238421180736,0.023074207827448845,0.018209997564554214,0.027938414365053177,2000
247,42,0.0031691214966553228,0.023888960480690002,0.02016882412135601,0.027609093114733696,2000
248,42,0.0034685564158415355,0.022592738270759583,0.01928008161485195,0.02590540237724781,2000
249,42,0.0028590337563030145,0.02204054407775402,0.017141111195087433,0.02693997137248516,2000
250,42,0.0027825787396135704,0.022623589262366295,0.019225765019655228,0.026021409779787064,2000
251,42,0.0034955038551103186,0.025278009474277496,0.018758179619908333,0.03179784119129181,2000
252,42,0.00423431259372996,0.023836107924580574,0.018786132335662842,0.028886083513498306,2000
253,42,0.0035664031963312517,0.022859973832964897,0.01782652549445629,0.027893422171473503,2000
254,42,0.0028448947446627747,0.021742528304457664,0.017447611317038536,0.026037443429231644,2000
255,42,0.0028222381542609247,0.02273194119334221,0.018424291163682938,0.02703959122300148,2000
256,42,0.0031546685387621874,0.019764196127653122,0.01633935049176216,0.023189041763544083,2000
257,42,0.0031686974560014075,0.022455794736742973,0.018318641930818558,0.02659294381737709,2000
258,42,0.002864834865451687,0.02257506176829338,0.018138663843274117,0.027011457830667496,2000
259,42,0.002918622322828957,0.0221940316259861,0.017704777419567108,0.02668328583240509,2000
260,42,0.00296965085780593,0.02244044654071331,0.018881358206272125,0.0259995274245739,2000
261,42,0.0033464890007895453,0.02437545731663704,0.0223085880279541,0.026442326605319977,2000
262,42,0.003230674748515917,0.02285843901336193,0.018261928111314774,0.02745494246482849,2000
263,42,0.0032613216683751453,0.02135130576789379,0.01723617874085903,0.02546643652021885,2000
264,42,0.0027495086175838004,0.023267144337296486,0.018012749031186104,0.02852153405547142,2000
265,42,0.0028657408482912513,0.022379033267498016,0.018128391355276108,0.026629669591784477,2000
266,42,0.002847353427636403,0.021499471738934517,0.017270028591156006,0.02572891302406788,2000
267,42,0.0029706818405193865,0.022586051374673843,0.018229922279715538,0.02694218046963215,2000
268,42,0.0026433757523557653,0.023545896634459496,0.01857089437544346,0.028520889580249786,2000
269,42,0.002641341222139696,0.023153094574809074,0.01835712045431137,0.027949072420597076,2000
270,42,0.0026246852465663796,0.021327229216694832,0.017315033823251724,0.02533942461013794,2000
271,42,0.0025711285545387203,0.021715307608246803,0.01750890538096428,0.025921709835529327,2000
272,42,0.002986989833449048,0.021795673295855522,0.01738237403333187,0.026208970695734024,2000
273,42,0.003667203261068574,0.02607984095811844,0.01881483383476734,0.03334484621882439,2000
274,42,0.0036148690851405263,0.024463176727294922,0.020954672247171402,0.027971677482128143,2000
275,42,0.0030582876556932374,0.023357871919870377,0.019225062802433968,0.027490679174661636,2000
276,42,0.0025103881360135144,0.021435726433992386,0.01719771698117256,0.02567373216152191,2000
277,42,0.002927374314620263,0.021982349455356598,0.01652297005057335,0.027441726997494698,2000
278,42,0.0026634920742017805,0.023073511198163033,0.018632348626852036,0.027514677494764328,2000
279,42,0.002530070892707617,0.0230333860963583,0.02036607824265957,0.02570069022476673,2000
280,42,0.0028738402761518955,0.02230711281299591,0.018366899341344833,0.026247330009937286,2000
281,42,0.002792483325012856,0.022150741890072823,0.018117742612957954,0.02618373930454254,2000
282,42,0.0025762727363380015,0.021740242838859558,0.017274247482419014,0.02620624005794525,2000
283,42,0.0025828824404420126,0.02428549900650978,0.019288284704089165,0.029282713308930397,2000
284,42,0.0028926547685707055,0.020946038886904716,0.017025964334607124,0.02486611157655716,2000
285,42,0.003055987720101796,0.022275691851973534,0.020016837865114212,0.024534545838832855,2000
286,42,0.003420558413145719,0.023466231301426888,0.018598400056362152,0.028334058821201324,2000
287,42,0.0030072539122085328,0.022935781627893448,0.02013843134045601,0.025733137503266335,2000
288,42,0.0029086407524085154,0.02205619215965271,0.017819853499531746,0.026292534545063972,2000
289,42,0.002993172220023418,0.022405683994293213,0.018857911229133606,0.025953451171517372,2000
290,42,0.003143444204599493,0.02300977148115635,0.018160587176680565,0.027858950197696686,2000
291,42,0.0034015248658963377,0.021147478371858597,0.017606357112526894,0.0246885996311903,2000
292,42,0.003019349541756566,0.021507879719138145,0.017673898488283157,0.025341864675283432,2000
293,42,0.0026396535643100462,0.021407151594758034,0.017610792070627213,0.025203514844179153,2000
294,42,0.002412188875799378,0.02051057107746601,0.016962042078375816,0.024059094488620758,2000
295,42,0.0026599205081799518,0.02371850609779358,0.0212135910987854,0.026223422959446907,2000
296,42,0.0032196702107925106,0.022946873679757118,0.022785183042287827,0.02310856431722641,2000
297,42,0.0029473280646251858,0.022199850529432297,0.01813242770731449,0.026267267763614655,2000
298,42,0.002936552744358778,0.025081809610128403,0.023830736055970192,0.026332883164286613,2000
299,42,0.0042355849873274565,0.022406943142414093,0.019281741231679916,0.02553214505314827,2000
300,42,0.0029178520845663217,0.021527228876948357,0.017993692308664322,0.025060761719942093,2000
301,42,0.0024607886422287535,0.023054523393511772,0.01786052994430065,0.02824852056801319,2000
302,42,0.0029470042791217566,0.02292785234749317,0.019542688503861427,0.026313016191124916,2000
303,42,0.003349332871881348,0.021981706842780113,0.017277415841817856,0.026685994118452072,2000
304,42,0.0026207954484831404,0.021036917343735695,0.017907394096255302,0.024166440591216087,2000
305,42,0.002283990585797087,0.020496578887104988,0.016958406195044518,0.024034753441810608,2000
306,42,0.0024482043184064052,0.020262181758880615,0.01754622533917427,0.02297813817858696,2000
307,42,0.0026471170001766747,0.021364903077483177,0.017457755282521248,0.025272047147154808,2000
308,42,0.0027189061381957596,0.02087877318263054,0.018154211342334747,0.02360333316028118,2000
309,42,0.0026316702952263534,0.022633301094174385,0.019229266792535782,0.026037337258458138,2000
310,42,0.0030785947175765477,0.022244621068239212,0.019258983433246613,0.02523026056587696,2000
311,42,0.0030345955466920577,0.0202347319573164,0.01726066693663597,0.023208796977996826,2000
312,42,0.0026470335950661036,0.021348819136619568,0.0183689147233963,0.024328723549842834,2000
313,42,0.002420088815226875,0.02155124396085739,0.01790842041373253,0.025194065645337105,2000
314,42,0.002543778348438166,0.020447464659810066,0.01776757650077343,0.023127352818846703,2000
315,42,0.002425024980092766,0.02072625234723091,0.017842788249254227,0.023609718307852745,2000
316,42,0.0023102738152913473,0.020945589989423752,0.017527304589748383,0.024363869801163673,2000
317,42,0.0024065915667624387,0.020327912643551826,0.01746557280421257,0.02319025620818138,2000
318,42,0.002362137496540392,0.01956544816493988,0.016506463289260864,0.022624433040618896,2000
319,42,0.00237096776685643,0.022004196420311928,0.019532212987542152,0.024476176127791405,2000
320,42,0.002418008865788579,0.021728485822677612,0.017667260020971298,0.02578970603644848,2000
321,42,0.0022474924529281757,0.0207980927079916,0.0179289560765028,0.0236672256141901,2000
322,42,0.002340091293229273,0.02115105278789997,0.017386192455887794,0.024915913119912148,2000
323,42,0.002634866007914146,0.021418720483779907,0.018732106313109398,0.024105334654450417,2000
324,42,0.002572446022424157,0.02118988335132599,0.019278498366475105,0.02310127206146717,2000
325,42,0.002631980550682379,0.02119337022304535,0.01773289404809475,0.0246538445353508,2000
326,42,0.002604366362060386,0.02090061828494072,0.017880011349916458,0.02392122894525528,2000
327,42,0.002455200767144561,0.019777316600084305,0.017417656257748604,0.022136975079774857,2000
328,42,0.0022862872617595174,0.020728692412376404,0.01753656566143036,0.023920824751257896,2000
329,42,0.0026731881209545666,0.020593291148543358,0.01811930537223816,0.023067282512784004,2000
330,42,0.0025663384434732573,0.022492649033665657,0.018769003450870514,0.02621629647910595,2000
331,42,0.00315668982350164,0.02088700793683529,0.01742323487997055,0.024350782856345177,2000
332,42,0.002929147332906723,0.020399093627929688,0.016898788511753082,0.023899398744106293,2000
333,42,0.002478899347975298,0.020712960511446,0.017947401851415634,0.023478517308831215,2000
334,42,0.002447549969440809,0.02292488142848015,0.019892975687980652,0.025956785306334496,2000
335,42,0.0026150680000514345,0.019395314157009125,0.016225332394242287,0.02256530150771141,2000
336,42,0.0025507262821688696,0.021639179438352585,0.018125170841813087,0.025153188034892082,2000
337,42,0.0026729825659896488,0.022014310583472252,0.021173743531107903,0.02285488322377205,2000
338,42,0.002519990571912516,0.021180151030421257,0.0185560155659914,0.02380429208278656,2000
339,42,0.002386094799644693,0.02017052471637726,0.01734335720539093,0.022997690364718437,2000
340,42,0.0026060952373814805,0.022555800154805183,0.02174089103937149,0.023370705544948578,2000
341,42,0.0037114249102564324,0.02183203585445881,0.01867365837097168,0.024990415200591087,2000
342,42,0.0036313356012450874,0.021687252447009087,0.01749655045568943,0.025877956300973892,2000
343,42,0.0030683145159855485,0.021398695185780525,0.01823311671614647,0.02456427924335003,2000
344,42,0.0024971828356178272,0.02271869406104088,0.018889479339122772,0.026547910645604134,2000
345,42,0.002673711343151,0.020398125052452087,0.017456689849495888,0.023339558392763138,2000
346,42,0.002269712000809334,0.02185562625527382,0.018545953556895256,0.02516530267894268,2000
347,42,0.002804574716180839,0.021990012377500534,0.01746794581413269,0.026512078940868378,2000
348,42,0.0027775324803466597,0.020596716552972794,0.017903989180922508,0.02328944206237793,2000
349,42,0.00259748043457943,0.02048180066049099,0.018131382763385773,0.022832214832305908,2000
350,42,0.002591662259806913,0.02230551652610302,0.018669594079256058,0.02594144269824028,2000
351,42,0.002186651552889358,0.019613945856690407,0.01718546822667122,0.022042427211999893,2000
352,42,0.0022146974267714,0.020929180085659027,0.018300309777259827,0.02355804853141308,2000
353,42,0.0026441047882178317,0.020757567137479782,0.01783944107592106,0.023675695061683655,2000
354,42,0.002439897153871479,0.022558236494660378,0.019684327766299248,0.02543214149773121,2000
355,42,0.002575595664826256,0.021452443674206734,0.018491508439183235,0.024413375183939934,2000
356,42,0.0025877159140590164,0.02007044479250908,0.017409175634384155,0.0227317176759243,2000
357,42,0.0023333042713434057,0.019628768786787987,0.016744397580623627,0.022513138130307198,2000
358,42,0.002272796640345068,0.019988365471363068,0.017909405753016472,0.022067323327064514,2000
359,42,0.002297949192493602,0.020727738738059998,0.01713964156806469,0.024315835908055305,2000
360,42,0.0027677984261471364,0.01913774013519287,0.016602452844381332,0.02167302556335926,2000
361,42,0.002623595961335081,0.02129877172410488,0.018803808838129044,0.02379373088479042,2000
362,42,0.0022435186266968094,0.02049931138753891,0.018119454383850098,0.022879168391227722,2000
363,42,0.002114351843138812,0.021065227687358856,0.018364330753684044,0.02376612275838852,2000
364,42,0.0022711462850027063,0.021049318835139275,0.018052708357572556,0.024045927450060844,2000
365,42,0.0021586547566888234,0.022450463846325874,0.021254612132906914,0.023646317422389984,2000
366,42,0.0024822609266266227,0.020674055442214012,0.01780952326953411,0.023538583889603615,2000
367,42,0.0023623158491251094,0.02010895498096943,0.01724616065621376,0.022971751168370247,2000
368,42,0.0021037531572532047,0.020905764773488045,0.01805814355611801,0.023753385990858078,2000
369,42,0.002444400779764961,0.0193158108741045,0.01696932688355446,0.02166229486465454,2000
370,42,0.0026400124705913994,0.021357228979468346,0.01899700053036213,0.02371746115386486,2000
371,42,0.0032413330282671034,0.022463081404566765,0.018326537683606148,0.026599625125527382,2000
372,42,0.0026326217533399663,0.02076934464275837,0.01740114577114582,0.024137545377016068,2000
373,42,0.002160785361882989,0.02056831493973732,0.01826595328748226,0.022870680317282677,2000
374,42,0.0022532960887204994,0.021033713594079018,0.01796109974384308,0.024106327444314957,2000
375,42,0.002257710322737694,0.021451015025377274,0.018130775541067123,0.024771250784397125,2000
376,42,0.002127377756146921,0.021073617041110992,0.018070202320814133,0.024077029898762703,2000
377,42,0.0021258945839858993,0.01984400302171707,0.017610961571335793,0.02207704819738865,2000
378,42,0.002268908653166835,0.020629964768886566,0.01839466206729412,0.02286526933312416,2000
379,42,0.0021900617608076167,0.020212683826684952,0.018088487908244133,0.02233688347041607,2000
380,42,0.0021914451865962256,0.019881080836057663,0.018100902438163757,0.02166125737130642,2000
381,42,0.00230456567455635,0.02158033475279808,0.018693143501877785,0.024467527866363525,2000
382,42,0.002752384541694213,0.019979899749159813,0.018261171877384186,0.02169862389564514,2000
383,42,0.002298078193605222,0.019130492582917213,0.017326854169368744,0.020934127271175385,2000
384,42,0.001961556713838406,0.021068429574370384,0.018605127930641174,0.023531734943389893,2000
385,42,0.0023546301570065596,0.02060358040034771,0.017479943111538887,0.02372722327709198,2000
386,42,0.002320206564575158,0.020297929644584656,0.017553359270095825,0.023042500019073486,2000
387,42,0.0019598947428339335,0.019282259047031403,0.016568362712860107,0.02199615351855755,2000
388,42,0.002374677843397,0.022845620289444923,0.022188521921634674,0.023502720519900322,2000
389,42,0.003598415292799473,0.020907515659928322,0.019756756722927094,0.0220582764595747,2000
390,42,0.002841339256890394,0.02240852266550064,0.019993824884295464,0.02482321672141552,2000
391,42,0.0027568839981945027,0.020094946026802063,0.01870167814195156,0.021488213911652565,2000
392,42,0.002603663235074944,0.019007962197065353,0.017581917345523834,0.020434005185961723,2000
393,42,0.0026450345499647986,0.019453519955277443,0.01738443784415722,0.021522603929042816,2000
394,42,0.002844707643682206,0.019804902374744415,0.018293600529432297,0.021316204220056534,2000
395,42,0.0019209158339503188,0.020133478567004204,0.01787811517715454,0.022388841956853867,2000
396,42,0.00212999376796048,0.01933331973850727,0.017004098743200302,0.021662544459104538,2000
397,42,0.0021208727762482508,0.02232952043414116,0.02184111997485161,0.02281791716814041,2000
398,42,0.00250377859575329,0.02160617709159851,0.018369348719716072,0.0248430036008358,2000
399,42,0.0023068835165489603,0.019792798906564713,0.01772048883140087,0.021865105256438255,2000
400,42,0.002098814530418841,0.019905688241124153,0.017678463831543922,0.022132914513349533,2000
401,42,0.002033342111476318,0.01938118226826191,0.0181608647108078,0.020601505413651466,2000
402,42,0.0020225102715711626,0.020570281893014908,0.018687201663851738,0.022453362122178078,2000
403,42,0.0021215354920261437,0.020361486822366714,0.01882052980363369,0.02190244197845459,2000
404,42,0.0020661664117748537,0.020738238468766212,0.017833810299634933,0.02364266663789749,2000
405,42,0.0021820605378942907,0.020686140283942223,0.019260218366980553,0.022112058475613594,2000
406,42,0.0025505742782519925,0.021045716479420662,0.01844785176217556,0.023643583059310913,2000
407,42,0.002864140844731419,0.019016951322555542,0.017432909458875656,0.020600998774170876,2000
408,42,0.0022902528677756586,0.020204830914735794,0.017921052873134613,0.022488612681627274,2000
409,42,0.00220713774777121,0.021687068045139313,0.018299650400877,0.025074485689401627,2000
410,42,0.0021143607424434136,0.020365439355373383,0.019458502531051636,0.02127237804234028,2000
411,42,0.0022561611085957674,0.020893491804599762,0.019015906378626823,0.02277107536792755,2000
412,42,0.002376231884463104,0.020098084583878517,0.018303629010915756,0.021892545744776726,2000
413,42,0.002045623007385681,0.019814470782876015,0.018234647810459137,0.021394293755292892,2000
414,42,0.001979160359715698,0.019080419093370438,0.017834538593888283,0.020326295867562294,2000
415,42,0.0020354396870566737,0.02021317556500435,0.01800021156668663,0.02242613397538662,2000
416,42,0.002372703236889922,0.020998433232307434,0.017666248604655266,0.02433061972260475,2000
417,42,0.00296449428855407,0.01936713419854641,0.018450450152158737,0.020283816382288933,2000
418,42,0.0024416751348999917,0.0196598619222641,0.018025953322649002,0.021293766796588898,2000
419,42,0.0018841804207854525,0.019858919084072113,0.018410177901387215,0.021307658404111862,2000
420,42,0.001999620333124228,0.019501883536577225,0.01788889802992344,0.02111486904323101,2000
421,42,0.0019595209440147437,0.020254535600543022,0.018270151689648628,0.022238919511437416,2000
422,42,0.0020079400899164655,0.019861377775669098,0.01810736395418644,0.021615393459796906,2000
423,42,0.0018386800247417003,0.02071269601583481,0.01893487386405468,0.022490520030260086,2000
424,42,0.002036933636258322,0.020453643053770065,0.01884075067937374,0.022066539153456688,2000
425,42,0.0019602414384415306,0.019471582025289536,0.01783827878534794,0.021104883402585983,2000
426,42,0.0023765881304387694,0.021269630640745163,0.019519714638590813,0.023019546642899513,2000
427,42,0.002136516606831854,0.020480969920754433,0.018286028876900673,0.022675909101963043,2000
428,42,0.0019403246265870552,0.018982382491230965,0.01745321974158287,0.02051154151558876,2000
429,42,0.002195371327818268,0.020398760214447975,0.01899312622845173,0.021804392337799072,2000
430,42,0.002584468478474904,0.017845673486590385,0.01647009141743183,0.019221259281039238,2000
431,42,0.0028063136247780036,0.01782909408211708,0.01693093404173851,0.01872725412249565,2000
432,42,0.002129728923103324,0.020468108355998993,0.018212318420410156,0.02272389642894268,2000
433,42,0.0021116931176813386,0.021026531234383583,0.018623340874910355,0.02342972159385681,2000
434,42,0.00226723857620662,0.021747129037976265,0.019877994433045387,0.023616265505552292,2000
435,42,0.0025920756247446494,0.02101483754813671,0.02143903821706772,0.020590638741850853,2000
436,42,0.0028491147181571082,0.021214384585618973,0.0192301943898201,0.023198572918772697,2000
437,42,0.0019064773094012505,0.019699614495038986,0.018888121470808983,0.020511113107204437,2000
438,42,0.001961316091991547,0.018907662481069565,0.018150800839066505,0.019664529711008072,2000
439,42,0.002136438056671371,0.020867938175797462,0.019031397998332977,0.022704478353261948,2000
440,42,0.00190125221679746,0.018854286521673203,0.018664641305804253,0.019043929874897003,2000
441,42,0.0018477769637549365,0.02017074264585972,0.018278319388628006,0.02206316776573658,2000
442,42,0.0019247801672598278,0.01878390833735466,0.017538946121931076,0.020028870552778244,2000
443,42,0.0026363274729293254,0.01981288567185402,0.018413636833429337,0.02121213637292385,2000
444,42,0.0019077897757395273,0.019511330872774124,0.018318504095077515,0.020704161375761032,2000
445,42,0.0018248562334553786,0.018707679584622383,0.017826957628130913,0.019588403403759003,2000
446,42,0.0020372110000742532,0.02044794149696827,0.01902514323592186,0.02187073975801468,2000
447,42,0.0018993634170059253,0.019426235929131508,0.018497467041015625,0.02035500295460224,2000
448,42,0.0017971887977586852,0.019906960427761078,0.01883295550942421,0.020980965346097946,2000
449,42,0.0018689483490393118,0.018677836284041405,0.017118867486715317,0.020236801356077194,2000
450,42,0.0019157280675480488,0.02073158696293831,0.01815144158899784,0.023311732336878777,2000
451,42,0.0023041461051131287,0.01900908350944519,0.017935343086719513,0.02008282020688057,2000
452,42,0.002284149721230346,0.01837470941245556,0.01700308360159397,0.019746340811252594,2000
453,42,0.0018167452955687488,0.019422970712184906,0.018521849066019058,0.020324086770415306,2000
454,42,0.00229514441539154,0.020881380885839462,0.018881358206272125,0.02288140542805195,2000
455,42,0.002061623079633271,0.021180855110287666,0.019340217113494873,0.023021496832370758,2000
456,42,0.0021673189476132393,0.0185256190598011,0.0178608987480402,0.019190337508916855,2000
457,42,0.0023410729287813106,0.019446829333901405,0.01877596043050289,0.02011769451200962,2000
458,42,0.0024279602544589173,0.019978398457169533,0.018270691856741905,0.02168610878288746,2000
459,42,0.0020947285444924127,0.01938440464437008,0.01799699105322361,0.020771818235516548,2000
460,42,0.002203860574539889,0.019924618303775787,0.01880566217005253,0.021043576300144196,2000
461,42,0.002416002081224212,0.02132968232035637,0.020994648337364197,0.02166471816599369,2000
462,42,0.0018584042468487664,0.021574418991804123,0.01970820128917694,0.023440636694431305,2000
463,42,0.0022908234128004145,0.018607180565595627,0.017505498602986336,0.019708866253495216,2000
464,42,0.0027166245229266308,0.02026979997754097,0.018853947520256042,0.021685658022761345,2000
465,42,0.0023295550641638262,0.019137108698487282,0.01763748750090599,0.02063673362135887,2000
466,42,0.002168018043179203,0.019437499344348907,0.01834762655198574,0.020527375862002373,2000
467,42,0.002241826264825822,0.01980951800942421,0.017655573785305023,0.021963467821478844,2000
468,42,0.002326203566217036,0.02092451974749565,0.019521040841937065,0.022327998653054237,2000
469,42,0.0024145968706795464,0.02014176733791828,0.01848161406815052,0.021801922470331192,2000
470,42,0.0023567363430090525,0.01889338530600071,0.017674680799245834,0.020112087950110435,2000
471,42,0.0019897132900681485,0.019357826560735703,0.018250953406095505,0.020464695990085602,2000
472,42,0.002059226411532749,0.018405001610517502,0.018045058473944664,0.01876494660973549,2000
473,42,0.0018083479436528352,0.020644020289182663,0.019521990790963173,0.021766046062111855,2000
474,42,0.0017907812617960627,0.019354209303855896,0.018268991261720657,0.020439425483345985,2000
475,42,0.00209463937897925,0.018264146521687508,0.017291123047471046,0.01923716627061367,2000
476,42,0.002492401955856217,0.0195491723716259,0.018077507615089417,0.02102084271609783,2000
477,42,0.0022376166436717743,0.019877323880791664,0.018172593787312508,0.02158205583691597,2000
478,42,0.0018948638656487067,0.02021687850356102,0.0188611950725317,0.02157256379723549,2000
479,42,0.001736305781243438,0.019955964758992195,0.018627412617206573,0.02128451317548752,2000
480,42,0.0020701728580105635,0.02029421366751194,0.019328322261571884,0.021260105073451996,2000
481,42,0.0018440816784277558,0.018929719924926758,0.01762828417122364,0.020231157541275024,2000
482,42,0.0018127395650716844,0.019316695630550385,0.017980867996811867,0.020652523264288902,2000
483,42,0.0020478499591936945,0.018832022324204445,0.017581071704626083,0.020082972943782806,2000
484,42,0.002427823710065611,0.019703058525919914,0.0188797265291214,0.02052638866007328,2000
485,42,0.0023187055657790216,0.019795743748545647,0.01824302412569523,0.021348463371396065,2000
486,42,0.00209884106448886,0.01838422194123268,0.017652619630098343,0.01911582238972187,2000
487,42,0.0018830735352821648,0.02052784152328968,0.018301503732800484,0.02275417558848858,2000
488,42,0.001764981875937708,0.019874803721904755,0.0182273518294096,0.02152225561439991,2000
489,42,0.0019122682774818881,0.018234536051750183,0.01688336208462715,0.019585708156228065,2000
490,42,0.0018346133357327846,0.01874365098774433,0.01721291057765484,0.020274395123124123,2000
491,42,0.0021455473680463103,0.01950034499168396,0.018294502049684525,0.020706186071038246,2000
492,42,0.002198481337270803,0.018046719953417778,0.017167653888463974,0.01892578788101673,2000
493,42,0.002207418403553742,0.02025400474667549,0.018909459933638573,0.02159854955971241,2000
494,42,0.002152920614376112,0.019973624497652054,0.01828479953110218,0.021662453189492226,2000
495,42,0.002157526220091515,0.018413081765174866,0.017295168712735176,0.019530992954969406,2000
496,42,0.0022021955249969054,0.020910684019327164,0.018345288932323456,0.023476077243685722,2000
497,42,0.002085649960294918,0.01895235665142536,0.017641691491007805,0.020263027399778366,2000
498,42,0.0019461206393316388,0.01978219859302044,0.018594224005937576,0.020970173180103302,2000
499,42,0.0019209465503485666,0.01864139549434185,0.017160234972834587,0.020122556015849113,2000
500,42,0.0018306031814534908,0.019458798691630363,0.017669906839728355,0.02124769054353237,2000
501,42,0.0017752655592091658,0.019677503034472466,0.0178501158952713,0.02150489203631878,2000
502,42,0.0018554639493770621,0.020557889714837074,0.018285617232322693,0.022830158472061157,2000
503,42,0.0021244059898890555,0.02037963829934597,0.01893864944577217,0.02182062715291977,2000
504,42,0.002210973192834192,0.018759040161967278,0.017968274652957916,0.01954980194568634,2000
505,42,0.0021909068778364193,0.02124258130788803,0.01907784305512905,0.02340731956064701,2000
506,42,0.002058886241650692,0.018892738968133926,0.017485976219177246,0.020299505442380905,2000
507,42,0.0018690666959931452,0.019739653915166855,0.01804792881011963,0.02143137715756893,2000
508,42,0.0016487863828876504,0.019742095842957497,0.01836073212325573,0.021123459562659264,2000
509,42,0.0017994541105710799,0.0199627373367548,0.017629174515604973,0.022296302020549774,2000
510,42,0.0018822079442475956,0.019648049026727676,0.01912415400147438,0.02017194591462612,2000
511,42,0.001986167773052498,0.019725637510418892,0.018305160105228424,0.021146118640899658,2000
512,42,0.0020462901706600357,0.01997065357863903,0.019104020670056343,0.020837286487221718,2000
513,42,0.0024376624798471175,0.01934913545846939,0.017681848257780075,0.021016422659158707,2000
514,42,0.0023027760864890836,0.02020983025431633,0.01819550432264805,0.02222415804862976,2000
515,42,0.0023383960533128294,0.01956467516720295,0.01840648241341114,0.02072286792099476,2000
516,42,0.0018510934142223388,0.019840102642774582,0.017970161512494087,0.021710043773055077,2000
517,42,0.0018124235341221923,0.019326798617839813,0.0188777856528759,0.019775811582803726,2000
518,42,0.002005620743148029,0.020557062700390816,0.018105678260326385,0.023008447140455246,2000
519,42,0.0017983283550064596,0.019183533266186714,0.017519328743219376,0.020847737789154053,2000
520,42,0.0016470788589989145,0.019237035885453224,0.018125100061297417,0.02034897170960903,2000
521,42,0.001863462671516808,0.017895877361297607,0.016603466123342514,0.0191882885992527,2000
522,42,0.0016517312485828167,0.018557099625468254,0.017604002729058266,0.01951019838452339,2000
523,42,0.0021972191343256446,0.01817145198583603,0.017322123050689697,0.01902077905833721,2000
524,42,0.0020371911016775776,0.019185256212949753,0.0181360375136137,0.020234476774930954,2000
525,42,0.001979415190699338,0.0192249808460474,0.017741642892360687,0.020708313211798668,2000
526,42,0.0016885619498444376,0.019755512475967407,0.018486469984054565,0.02102455124258995,2000
527,42,0.001834946639266693,0.019129270687699318,0.01768350601196289,0.020575037226080894,2000
528,42,0.001794695024188884,0.019018854945898056,0.017435310408473015,0.020602403208613396,2000
529,42,0.0016908337452655865,0.019508162513375282,0.017770666629076004,0.02124565839767456,2000
530,42,0.0019247378998746474,0.018490292131900787,0.01680832915008068,0.020172256976366043,2000
531,42,0.0018984845395337928,0.01841803640127182,0.017081931233406067,0.019754143431782722,2000
532,42,0.001614949189523166,0.019749950617551804,0.017837604507803917,0.02166229672729969,2000
533,42,0.0017925513244268518,0.01823810115456581,0.016991211101412773,0.019484994933009148,2000
534,42,0.00160445495189547,0.019443795084953308,0.018237031996250153,0.020650558173656464,2000
535,42,0.0017412202518985228,0.01899964176118374,0.01718977838754654,0.02080950327217579,2000
536,42,0.0016493951358521979,0.018811197951436043,0.017438147217035294,0.020184246823191643,2000
537,42,0.0016233062035300666,0.01898016594350338,0.018399890512228012,0.019560441374778748,2000
538,42,0.0016075030068384,0.018025750294327736,0.017478525638580322,0.0185729768127203,2000
539,42,0.001555519478171374,0.017849178984761238,0.016462109982967377,0.0192362442612648,2000
540,42,0.001815693780641865,0.02107948251068592,0.019777847453951836,0.022381117567420006,2000
541,42,0.001971041154185379,0.019850965589284897,0.016917703673243523,0.02278422936797142,2000
542,42,0.0018790948907499788,0.019030746072530746,0.017751311883330345,0.02031017653644085,2000
543,42,0.0017652401605758954,0.02070719748735428,0.018126673996448517,0.023287715390324593,2000
544,42,0.0016766513085544662,0.017635250464081764,0.01723269373178482,0.018037809059023857,2000
545,42,0.001883667693214698,0.020674556493759155,0.019427085295319557,0.021922023966908455,2000
546,42,0.0020198773170165994,0.018634352833032608,0.017404180020093918,0.019864527508616447,2000
547,42,0.0018364068129341359,0.018736327067017555,0.017827190458774567,0.019645465537905693,2000
548,42,0.0018796159765096727,0.01806645467877388,0.017753208056092262,0.018379705026745796,2000
549,42,0.0019056784545278384,0.01906411722302437,0.017745211720466614,0.02038302645087242,2000
550,42,0.0018252694668869178,0.01840488240122795,0.018070457503199577,0.018739305436611176,2000
551,42,0.0015791949699632823,0.017726903781294823,0.016775818541646004,0.01867799460887909,2000
552,42,0.0016453846711320457,0.018578195944428444,0.016658062115311623,0.020498327910900116,2000
553,42,0.0016756720767632403,0.018771572038531303,0.017698893323540688,0.01984425261616707,2000
554,42,0.002129971582218315,0.017819123342633247,0.01718853786587715,0.01844971254467964,2000
555,42,0.002035133256059554,0.019650649279356003,0.019199343398213387,0.02010195329785347,2000
556,42,0.0018038877363627155,0.017901897430419922,0.01662112958729267,0.019182663410902023,2000
557,42,0.0015647523493195574,0.018843747675418854,0.01791868545114994,0.019768808037042618,2000
558,42,0.0019221951521036249,0.01924843341112137,0.019425062462687492,0.019071806222200394,2000
559,42,0.0018816465205788889,0.018289683386683464,0.01748751290142536,0.019091855734586716,2000
560,42,0.0016515360976983276,0.01863386295735836,0.017820309847593307,0.019447417929768562,2000
561,42,0.001572962313528276,0.01956503465771675,0.017479078844189644,0.021650992333889008,2000
562,42,0.0015081141566581748,0.018404332920908928,0.017148341983556747,0.01966032013297081,2000
563,42,0.0016433096046697486,0.01804557628929615,0.016346829012036324,0.019744325429201126,2000
564,42,0.0017817489634681907,0.019785583019256592,0.01795325055718422,0.021617915481328964,2000
565,42,0.00221327817093374,0.01816723123192787,0.01693687215447426,0.019397592172026634,2000
566,42,0.0018149880300000034,0.017719566822052002,0.017134886234998703,0.01830424927175045,2000
567,42,0.00200169815906082,0.018493101000785828,0.018215032294392586,0.01877116970717907,2000
568,42,0.0017452627178971415,0.01936715841293335,0.01801796443760395,0.02071635238826275,2000
569,42,0.0018775601207313161,0.018201172351837158,0.017052538692951202,0.019349807873368263,2000
570,42,0.001622053796718656,0.019012978300452232,0.017786242067813873,0.020239712670445442,2000
571,42,0.0018461378015301845,0.01868322677910328,0.017669592052698135,0.01969686523079872,2000
572,42,0.001939240722330632,0.017886148765683174,0.017131531611084938,0.01864076592028141,2000
573,42,0.0018623726058716852,0.018799494951963425,0.01734638214111328,0.02025260590016842,2000
574,42,0.0018688290923212965,0.019563080742955208,0.018470987677574158,0.020655175670981407,2000
575,42,0.0018144243534792353,0.01744833029806614,0.016307134181261063,0.018589528277516365,2000
576,42,0.0015673292304941074,0.01764499396085739,0.016996335238218307,0.018293656408786774,2000
577,42,0.0020854232392998207,0.017634419724345207,0.01702861487865448,0.018240226432681084,2000
578,42,0.001615684858902737,0.017708566039800644,0.017079250887036324,0.018337883055210114,2000
579,42,0.0018640505645803555,0.017661111429333687,0.016655515879392624,0.01866670697927475,2000
580,42,0.0017587247054541,0.018699882552027702,0.01738693006336689,0.020012833178043365,2000
581,42,0.002012793207541108,0.018007792532444,0.017021404579281807,0.018994180485606194,2000
582,42,0.0016324463714328078,0.01805851235985756,0.016799477860331535,0.019317548722028732,2000
583,42,0.0016122366780311698,0.018266402184963226,0.017446111887693405,0.019086690619587898,2000
584,42,0.001697414718499338,0.01914062350988388,0.01768910139799118,0.02059214934706688,2000
585,42,0.001795651013876691,0.018505753949284554,0.01855377107858658,0.018457740545272827,2000
586,42,0.0021611463657959743,0.018802953884005547,0.018168160691857338,0.019437747076153755,2000
587,42,0.0017829118900139023,0.018289150670170784,0.017364442348480225,0.01921386457979679,2000
588,42,0.0016530062895509655,0.017491726204752922,0.01674627512693405,0.018237173557281494,2000
589,42,0.0021290823998343614,0.01836131140589714,0.01678323745727539,0.01993938721716404,2000
590,42,0.0019367039915070767,0.018384693190455437,0.017518678680062294,0.01925070956349373,2000
591,42,0.0018420007847318495,0.019149186089634895,0.018327215686440468,0.019971154630184174,2000
592,42,0.0015156542326116727,0.018309295177459717,0.016521906480193138,0.020096687600016594,2000
593,42,0.0016421051609709306,0.018614791333675385,0.016914503648877144,0.020315079018473625,2000
594,42,0.001945541490352264,0.017590414732694626,0.016171114519238472,0.01900971680879593,2000
595,42,0.0016691050604330721,0.017979800701141357,0.016658034175634384,0.01930157095193863,2000
596,42,0.001529883060828541,0.01820567063987255,0.01666370779275894,0.019747639074921608,2000
597,42,0.0014298612821019357,0.01854516752064228,0.017535705119371414,0.019554628059267998,2000
598,42,0.0014315012419872262,0.017940731719136238,0.016880998387932777,0.01900046318769455,2000
599,42,0.0014210053012464886,0.017476964741945267,0.016910143196582794,0.01804378442466259,2000
600,42,0.0014955233588504295,0.018016155809164047,0.016988366842269897,0.019043944776058197,2000
601,42,0.001648717678445219,0.01847728155553341,0.017704838886857033,0.019249724224209785,2000
602,42,0.0018816187361220796,0.018793262541294098,0.01792561262845993,0.019660916179418564,2000
603,42,0.0014311182204875404,0.01842784322798252,0.017237156629562378,0.019618527963757515,2000
604,42,0.0015633149693409603,0.019805554300546646,0.017982715740799904,0.02162838913500309,2000
605,42,0.0022780746997644505,0.018596267327666283,0.01651604101061821,0.020676495507359505,2000
606,42,0.002021750258454294,0.018819963559508324,0.01694107986986637,0.020698847249150276,2000
607,42,0.0019295903815266986,0.019674906507134438,0.020058469846844673,0.0192913468927145,2000
608,42,0.0022878500037930077,0.018175911158323288,0.01741216890513897,0.018939651548862457,2000
609,42,0.0017851333336525218,0.017919940873980522,0.017134716734290123,0.01870516687631607,2000
610,42,0.001733979427997299,0.018080169335007668,0.01714845933020115,0.019011879339814186,2000
611,42,0.0014137031458732155,0.0172850601375103,0.016780143603682518,0.01778998412191868,2000
612,42,0.0017286984172339241,0.01865217089653015,0.01769433356821537,0.019610010087490082,2000
613,42,0.0015756665207273155,0.018500639125704765,0.01719234697520733,0.0198089350014925,2000
614,42,0.0015753698211887644,0.01820564456284046,0.016817310824990273,0.0195939764380455,2000
615,42,0.0015255667364086818,0.01830305904150009,0.017254626378417015,0.01935148984193802,2000
616,42,0.0015970936252011193,0.018151190131902695,0.016844870522618294,0.019457507878541946,2000
617,42,0.0017343380647987404,0.017918160185217857,0.016551548615098,0.019284773617982864,2000
618,42,0.0016457321665560205,0.017532439902424812,0.017336402088403702,0.017728477716445923,2000
619,42,0.002041388803196174,0.018771672621369362,0.01764153689146042,0.019901804625988007,2000
620,42,0.001848910879171281,0.01878201588988304,0.017421526834368706,0.020142503082752228,2000
621,42,0.001967248840999134,0.017513560131192207,0.01718328706920147,0.017843831330537796,2000
622,42,0.001612751574376253,0.018027042970061302,0.0172242671251297,0.018829818814992905,2000
623,42,0.0014942237952103217,0.01782083325088024,0.01724567823112011,0.018395990133285522,2000
624,42,0.0017556423058353917,0.018525676801800728,0.01703335903584957,0.020017992705106735,2000
625,42,0.0019710162607090615,0.01931295357644558,0.017875559628009796,0.020750347524881363,2000
626,42,0.0017114563702812626,0.017435118556022644,0.016900882124900818,0.017969351261854172,2000
627,42,0.001744102160618813,0.019032007083296776,0.01821981370449066,0.01984419859945774,2000
628,42,0.0017446783755009096,0.017462750896811485,0.017519904300570488,0.017405599355697632,2000
629,42,0.0015647520324111814,0.016867494210600853,0.01634904183447361,0.017385948449373245,2000
630,42,0.0015454280720506278,0.016634903848171234,0.015966124832630157,0.01730368845164776,2000
631,42,0.0014209658709458178,0.01768353208899498,0.017034415155649185,0.018332647159695625,2000
632,42,0.0014215673953812155,0.017031382769346237,0.016119129955768585,0.01794363372027874,2000
633,42,0.0014609830622147354,0.02033425122499466,0.01819511502981186,0.02247338928282261,2000
634,42,0.0017949705878790054,0.018272895365953445,0.017436204478144646,0.019109584391117096,2000
635,42,0.0017887606841718985,0.017862407490611076,0.017695432528853416,0.01802937686443329,2000
636,42,0.0017252597543928358,0.01770102232694626,0.0165132824331522,0.01888876035809517,2000
637,42,0.0014368828506795344,0.01661023125052452,0.016179634258151054,0.017040831968188286,2000
638,42,0.0014280820894917404,0.017058009281754494,0.01645772159099579,0.017658298835158348,2000
639,42,0.0016920220525072957,0.019633054733276367,0.017726514488458633,0.02153959684073925,2000
640,42,0.002173228754179069,0.017515035346150398,0.01707921177148819,0.017950858920812607,2000
641,42,0.002444317624731748,0.01887340471148491,0.017656922340393066,0.020089885219931602,2000
642,42,0.00208350383952536,0.017894484102725983,0.017012162134051323,0.01877680793404579,2000
643,42,0.0018454817322048325,0.018242986872792244,0.017013968899846077,0.01947200484573841,2000
644,42,0.0017922776104468438,0.018721800297498703,0.017829056829214096,0.01961454190313816,2000
645,42,0.0017056952799773878,0.017517313361167908,0.017695391550660133,0.017339235171675682,2000
646,42,0.0017630211875291058,0.019003737717866898,0.017761237919330597,0.02024623565375805,2000
647,42,0.0016889445595788183,0.018133271485567093,0.018015412613749504,0.01825113035738468,2000
648,42,0.0015047105887249388,0.018205784261226654,0.016782373189926147,0.01962919346988201,2000
649,42,0.001506630115693918,0.018232209607958794,0.017160305753350258,0.01930411532521248,2000
650,42,0.0014146306008721392,0.01693110167980194,0.01656307652592659,0.017299126833677292,2000
651,42,0.0014539777551329247,0.017762014642357826,0.01753934472799301,0.017984682694077492,2000
652,42,0.0018208167856317704,0.01749134249985218,0.01639363542199135,0.018589051440358162,2000
653,42,0.0017536589681791763,0.017524028196930885,0.016972610726952553,0.018075447529554367,2000
654,42,0.0015427426486793491,0.019253047183156013,0.017329905182123184,0.021176189184188843,2000
655,42,0.001546015758153603,0.01831122674047947,0.016987459734082222,0.019634991884231567,2000
656,42,0.0014213045748571556,0.0174119733273983,0.016444766893982887,0.018379174172878265,2000
657,42,0.001301162184164342,0.017563750967383385,0.01708686724305153,0.01804063655436039,2000
658,42,0.0014058280007534282,0.018094904720783234,0.017293762415647507,0.01889604702591896,2000
659,42,0.0016142878599499386,0.017357347533106804,0.01677909679710865,0.01793559640645981,2000
660,42,0.0018370611036920713,0.016988852992653847,0.01684524305164814,0.017132462933659554,2000
661,42,0.001868529616061736,0.017967045307159424,0.017408685758709908,0.01852540671825409,2000
662,42,0.001841540929119758,0.01710664853453636,0.01662500947713852,0.017588287591934204,2000
663,42,0.0015606917268424123,0.016882844269275665,0.016075963154435158,0.017689725384116173,2000
664,42,0.001469384577056324,0.01716216467320919,0.016580000519752502,0.01774432882666588,2000
665,42,0.0012341430992819369,0.017014823853969574,0.016410810872912407,0.01761884056031704,2000
666,42,0.0013190323564534385,0.018060220405459404,0.017793843522667885,0.018326591700315475,2000
667,42,0.0018538354154400251,0.015562585555016994,0.015863506123423576,0.015261661261320114,2000
668,42,0.0016445534527991658,0.01729513332247734,0.01676984131336212,0.01782042905688286,2000
669,42,0.001444741139291889,0.018085841089487076,0.017436865717172623,0.018734818324446678,2000
670,42,0.00152094685472548,0.018711013719439507,0.018663950264453888,0.018758077174425125,2000
671,42,0.002144840929691714,0.017075374722480774,0.016615387052297592,0.017535360530018806,2000
672,42,0.002145594123888899,0.016851861029863358,0.016724703833460808,0.016979016363620758,2000
673,42,0.0017315934701063842,0.017761193215847015,0.017946265637874603,0.017576122656464577,2000
674,42,0.0017020837252925117,0.017525263130664825,0.01626356691122055,0.018786955624818802,2000
675,42,0.0017040997023556243,0.017284799367189407,0.01733282208442688,0.017236780375242233,2000
676,42,0.0014439295714341657,0.01795000396668911,0.016893181949853897,0.019006825983524323,2000
677,42,0.0014961010892875493,0.01666337065398693,0.016684796661138535,0.01664194092154503,2000
678,42,0.0016333805073777006,0.018860293552279472,0.018935564905405045,0.0187850221991539,2000
679,42,0.0020714754161114493,0.016729382798075676,0.016504714265465736,0.016954058781266212,2000
680,42,0.0015771880409576828,0.018216436728835106,0.017669759690761566,0.018763113766908646,2000
681,42,0.0015306179605734844,0.016499264165759087,0.015859203413128853,0.01713932678103447,2000
682,42,0.001484134885551477,0.017522744834423065,0.016638511791825294,0.018406977877020836,2000
683,42,0.0013541887315955978,0.016471995040774345,0.016498509794473648,0.016445480287075043,2000
684,42,0.0016252834789661898,0.018433282151818275,0.018625477328896523,0.01824108511209488,2000
685,42,0.0016027642004364342,0.017558300867676735,0.01673065312206745,0.01838594861328602,2000
686,42,0.0015049107713383382,0.01752600260078907,0.016536664217710495,0.018515339121222496,2000
687,42,0.0013857840353416072,0.016959182918071747,0.01674492657184601,0.017173439264297485,2000
688,42,0.0018311622401664931,0.01810351572930813,0.018185274675488472,0.018021754920482635,2000
689,42,0.0020722630304387873,0.017871567979454994,0.01748908869922161,0.018254045397043228,2000
690,42,0.0017400916247559642,0.01799146644771099,0.017184177413582802,0.01879875361919403,2000
691,42,0.001450423593201709,0.017571182921528816,0.017786642536520958,0.017355721443891525,2000
692,42,0.0013363730416771163,0.01763136498630047,0.01649530418217182,0.018767429515719414,2000
693,42,0.0012932373016762237,0.01685507595539093,0.016376305371522903,0.017333846539258957,2000
694,42,0.0014541065061671867,0.017557473853230476,0.01767486333847046,0.017440086230635643,2000
695,42,0.0015180576765150935,0.017670029774308205,0.01728702150285244,0.01805303804576397,2000
696,42,0.0015304316292275434,0.018983006477355957,0.01925678364932537,0.018709229305386543,2000
697,42,0.0025890750801880603,0.01814747415482998,0.017535250633955002,0.01875969208776951,2000
698,42,0.0016920454110260362,0.01725121960043907,0.01657085493206978,0.017931587994098663,2000
699,42,0.0014851385300668578,0.01823451928794384,0.017006801441311836,0.019462237134575844,2000
700,42,0.0016374792084442797,0.017004918307065964,0.01627540960907936,0.017734425142407417,2000
701,42,0.0019341845828522411,0.01786855421960354,0.018180938437581062,0.017556170001626015,2000
702,42,0.0018223457542868953,0.01795685850083828,0.017515888437628746,0.018397826701402664,2000
703,42,0.00168427642158888,0.018085192888975143,0.018126362934708595,0.01804402284324169,2000
704,42,0.0013590090675279498,0.018078498542308807,0.017895514145493507,0.018261481076478958,2000
705,42,0.0015714396938198694,0.017825735732913017,0.0176831241697073,0.017968347296118736,2000
706,42,0.0014323739408239446,0.017939936369657516,0.01711251772940159,0.018767349421977997,2000
707,42,0.001550908377221613,0.016989530995488167,0.016269901767373085,0.01770916022360325,2000
708,42,0.002982596306268264,0.01658584550023079,0.016243215650320053,0.016928471624851227,2000
709,42,0.002216165329122709,0.017060721293091774,0.017123650759458542,0.016997793689370155,2000
710,42,0.0016705525857913825,0.018099334090948105,0.01682584173977375,0.01937282271683216,2000
711,42,0.0017164395712488502,0.01844226010143757,0.017650561407208443,0.019233962520956993,2000
712,42,0.0013033203711664235,0.01762012578547001,0.01643645204603672,0.018803805112838745,2000
713,42,0.0012313180680697162,0.01682942360639572,0.016891412436962128,0.016767431050539017,2000
714,42,0.0014149150638668626,0.01706882193684578,0.016612287610769272,0.017525354400277138,2000
715,42,0.0016531289438717067,0.01777988113462925,0.01901904121041298,0.01654071733355522,2000
716,42,0.001803097690248655,0.016671327874064445,0.016223525628447533,0.017119133844971657,2000
717,42,0.0015352310190253236,0.018043866381049156,0.017368609085679054,0.018719127401709557,2000
718,42,0.0014945965462916152,0.016256211325526237,0.01557048037648201,0.016941942274570465,2000
719,42,0.00151400583261555,0.016996284946799278,0.01647467538714409,0.01751789264380932,2000
720,42,0.001490893836253909,0.017050014808773994,0.016633400693535805,0.017466627061367035,2000
721,42,0.0015726120672533634,0.01782589592039585,0.017381688579916954,0.018270105123519897,2000
722,42,0.0016432978424105655,0.016492338851094246,0.01567216031253338,0.017312515527009964,2000
723,42,0.0015877104058206358,0.018474102020263672,0.017347844317555428,0.019600355997681618,2000
724,42,0.0015072483780655872,0.017424551770091057,0.017362967133522034,0.01748613640666008,2000
725,42,0.0018140179562140947,0.01772206835448742,0.018174536526203156,0.017269602045416832,2000
726,42,0.0018153311275118202,0.017502622678875923,0.01649908348917961,0.018506158143281937,2000
727,42,0.0014615587144227768,0.01836370676755905,0.0169682539999485,0.0197591595351696,2000
728,42,0.0015137095707123754,0.016918588429689407,0.01677555963397026,0.017061619088053703,2000
729,42,0.0015803060140805664,0.01664326898753643,0.01680472306907177,0.016481813043355942,2000
730,42,0.0013975247016383542,0.018910694867372513,0.01730082929134369,0.020520562306046486,2000
731,42,0.0018483393791097183,0.01663309894502163,0.016590528190135956,0.016675669699907303,2000
732,42,0.001520528973304425,0.01760314777493477,0.017838075757026672,0.017368221655488014,2000
733,42,0.00143092520819563,0.01745155267417431,0.017139213159680367,0.017763886600732803,2000
734,42,0.0015741152046420783,0.017656974494457245,0.017437715083360672,0.017876235768198967,2000
735,42,0.001429477068423121,0.018099194392561913,0.016434209421277046,0.01976417563855648,2000
736,42,0.001351163606159389,0.017751887440681458,0.017611149698495865,0.01789262518286705,2000
737,42,0.0014704907964052702,0.018388086929917336,0.0174135509878397,0.01936262473464012,2000
738,42,0.0013759051949751597,0.016601210460066795,0.015707872807979584,0.017494551837444305,2000
739,42,0.001476521946541551,0.018046552315354347,0.017928214743733406,0.01816488988697529,2000
740,42,0.0017583449996352472,0.0174888726323843,0.017255665734410286,0.017722079530358315,2000
741,42,0.0017033316846074606,0.017330363392829895,0.017862368375062943,0.016798358410596848,2000
742,42,0.001427534299350723,0.017836598679423332,0.01777295395731926,0.017900243401527405,2000
743,42,0.001542128600973498,0.017065299674868584,0.016905218362808228,0.01722538098692894,2000
744,42,0.0015512127644830831,0.017229953780770302,0.016952166333794594,0.01750774309039116,2000
745,42,0.0014810362610862488,0.016836287453770638,0.016749106347560883,0.016923466697335243,2000
746,42,0.0015698652886958033,0.01725916750729084,0.017351297661662102,0.01716703549027443,2000
747,42,0.0013562460684355486,0.01760813221335411,0.017264243215322495,0.017952024936676025,2000
748,42,0.0013356555287760716,0.01680890843272209,0.01650414615869522,0.01711367256939411,2000
749,42,0.0011850603677211675,0.016940277069807053,0.016762981191277504,0.01711757481098175,2000
750,42,0.0014420167480474683,0.019043026491999626,0.018829822540283203,0.0192562285810709,2000
751,42,0.0018087942993992732,0.018962422385811806,0.02006647177040577,0.01785837486386299,2000
752,42,0.0017997078830376267,0.016460008919239044,0.016439171507954597,0.01648084633052349,2000
753,42,0.00163303254198076,0.018282826989889145,0.01760489121079445,0.01896076649427414,2000
754,42,0.001561347248584584,0.01758069545030594,0.01659332402050495,0.018568065017461777,2000
755,42,0.0013168821805501702,0.01707400567829609,0.016412334516644478,0.017735682427883148,2000
756,42,0.0018418721156194806,0.018679862841963768,0.016528351232409477,0.02083137258887291,2000
757,42,0.0018653933118373432,0.016479667276144028,0.015995897352695465,0.016963433474302292,2000
758,42,0.0014501916205820937,0.016307858750224113,0.01628105714917183,0.01633465848863125,2000
759,42,0.0017642757588031668,0.017794888466596603,0.016617627814412117,0.01897214539349079,2000
760,42,0.0015222684445756454,0.018009290099143982,0.01793784461915493,0.018080739304423332,2000
761,42,0.0013121805192592244,0.01796029880642891,0.017132066190242767,0.01878853142261505,2000
762,42,0.00124451621323479,0.0176348015666008,0.01681661605834961,0.01845298521220684,2000
763,42,0.0013955433495101278,0.01677882857620716,0.016843661665916443,0.01671399362385273,2000
764,42,0.0013064697009718253,0.01709505170583725,0.016318317502737045,0.017871780321002007,2000
765,42,0.0013826487271149676,0.01634775660932064,0.016329297795891762,0.01636621542274952,2000
766,42,0.001470839660787196,0.018384592607617378,0.01836012490093708,0.018409060314297676,2000
767,42,0.0016290248626049746,0.01717832311987877,0.016606677323579788,0.01774996519088745,2000
768,42,0.0013615205383825082,0.016781548038125038,0.016647474840283394,0.016915619373321533,2000
769,42,0.0013271614357277198,0.01664232276380062,0.017154406756162643,0.01613023690879345,2000
770,42,0.0013460275260041708,0.016323082149028778,0.01645987667143345,0.016186285763978958,2000
771,42,0.0012825170566362362,0.016077132895588875,0.01591736450791359,0.01623689942061901,2000
772,42,0.001225113472038949,0.016532445326447487,0.01598014496266842,0.017084741964936256,2000
773,42,0.0014765026517798779,0.01814880780875683,0.018213581293821335,0.018084032461047173,2000
774,42,0.0014513056914977453,0.017618196085095406,0.017354344949126244,0.017882047221064568,2000
775,42,0.001707930557636751,0.018036076799035072,0.018634216859936714,0.017437931150197983,2000
776,42,0.0016520519404568607,0.016973072662949562,0.016661930829286575,0.017284216359257698,2000
777,42,0.0017619413599647858,0.01743045635521412,0.017873499542474747,0.01698741503059864,2000
778,42,0.001891681435086799,0.015693332999944687,0.016009990125894547,0.015376675873994827,2000
779,42,0.0014233967328133683,0.016262417659163475,0.016330808401107788,0.01619403250515461,2000
780,42,0.0013337199903886627,0.016325045377016068,0.016817176714539528,0.015832912176847458,2000
781,42,0.0013136551780108777,0.01619686372578144,0.016414102166891098,0.015979627147316933,2000
782,42,0.0013779626503862717,0.01704336702823639,0.017123186960816383,0.016963545233011246,2000
783,42,0.0013912174617871642,0.01767534203827381,0.017577437683939934,0.01777324639260769,2000
784,42,0.0014728082913077539,0.01790752448141575,0.017339574173092842,0.018475472927093506,2000
785,42,0.0015365182491088355,0.016406159847974777,0.016340192407369614,0.01647212728857994,2000
786,42,0.0017771492302590221,0.01641089841723442,0.016882305964827538,0.015939492732286453,2000
787,42,0.0017604955635895884,0.016817260533571243,0.017263300716876984,0.0163712240755558,2000
1,42,0.5860374309122562,0.30105262994766235,0.24617375433444977,0.35593152046203613,2400
2,42,0.23186942818574607,0.1959294229745865,0.16228315234184265,0.22957570850849152,2400
3,42,0.17298616096377373,0.15271227061748505,0.13278548419475555,0.17263905704021454,2400
4,42,0.13716799207031727,0.12595264613628387,0.11293064802885056,0.1389746516942978,2400
5,42,0.11307705426588655,0.10749390721321106,0.09753699600696564,0.11745081841945648,2400
6,42,0.09573647187789902,0.09127652645111084,0.08327484875917435,0.09927821904420853,2400
7,42,0.08281232859008014,0.0806720182299614,0.07424841076135635,0.08709563314914703,2400
8,42,0.07206751126796007,0.07217126339673996,0.06558781862258911,0.078754723072052,2400
9,42,0.06365280679892749,0.060115717351436615,0.05696622654795647,0.06326521188020706,2400
10,42,0.05573926033684984,0.06069198250770569,0.05988486111164093,0.061499085277318954,2400
11,42,0.0509685764554888,0.05226533114910126,0.04935174435377121,0.055178914219141006,2400
12,42,0.044744455663021654,0.046006012707948685,0.04244529828429222,0.04956672340631485,2400
13,42,0.04004020628053695,0.044036805629730225,0.03980189561843872,0.048271723091602325,2400
14,42,0.037583191122394055,0.041929829865694046,0.03903903439640999,0.044820625334978104,2400
15,42,0.03412954311352223,0.04095951095223427,0.034368984401226044,0.047550030052661896,2400
16,42,0.03165558667387813,0.03769056126475334,0.03354978933930397,0.04183133319020271,2400
17,42,0.02963274926878512,0.037238094955682755,0.03477179631590843,0.03970438987016678,2400
18,42,0.028872851107735187,0.03453027084469795,0.03009629249572754,0.03896424174308777,2400
19,42,0.027266742021311074,0.03648247942328453,0.03325587511062622,0.03970908746123314,2400
20,42,0.025768889288883656,0.03407900780439377,0.02968168817460537,0.03847632557153702,2400
21,42,0.024120464076986536,0.030842214822769165,0.026870684698224068,0.03481374308466911,2400
22,42,0.02358712808927521,0.030330488458275795,0.025907007977366447,0.03475396707653999,2400
23,42,0.02255798695841804,0.028339682146906853,0.02522698976099491,0.031452376395463943,2400
24,42,0.02150782779790461,0.028872421011328697,0.02521907538175583,0.03252577409148216,2400
25,42,0.01998514885781333,0.029025888070464134,0.027189405634999275,0.030862370505928993,2400
26,42,0.01953485672129318,0.02823450230062008,0.0251005832105875,0.03136841952800751,2400
27,42,0.01911809266312048,0.02636781334877014,0.022570554167032242,0.030165070667862892,2400
28,42,0.01908380480017513,0.025800082832574844,0.02198030985891819,0.0296198558062315,2400
29,42,0.01832238837960176,0.026748375967144966,0.023300284519791603,0.03019646555185318,2400
30,42,0.017439236806239933,0.025551948696374893,0.02313769981265068,0.027966197580099106,2400
31,42,0.01733743934892118,0.026686562225222588,0.024894889444112778,0.028478233143687248,2400
32,42,0.016457214689580724,0.02491043321788311,0.02167320065200329,0.02814767323434353,2400
33,42,0.015667935338569805,0.024312984198331833,0.021007608622312546,0.02761835604906082,2400
34,42,0.015274590507033281,0.023395493626594543,0.021619390696287155,0.025171594694256783,2400
35,42,0.014366806266480125,0.022572316229343414,0.020644206553697586,0.024500427767634392,2400
36,42,0.014391618315130472,0.022455189377069473,0.019281409680843353,0.025628969073295593,2400
37,42,0.015017929894383997,0.02185450866818428,0.019240835681557655,0.024468176066875458,2400
38,42,0.01355824047641363,0.02167138084769249,0.019369231536984444,0.023973533883690834,2400
39,42,0.013619347082567401,0.02175104431807995,0.020252661779522896,0.023249424993991852,2400
40,42,0.01360458783165086,0.022045064717531204,0.01926332898437977,0.02482679858803749,2400
41,42,0.01366175756265875,0.02137061581015587,0.019537052139639854,0.023204177618026733,2400
42,42,0.012802526573068462,0.020449161529541016,0.017937179654836655,0.022961139678955078,2400
43,42,0.012139406753703952,0.01899908483028412,0.017617929726839066,0.020380239933729172,2400
44,42,0.012237819624715485,0.020321566611528397,0.018523437902331352,0.02211969718337059,2400
45,42,0.01186609172145836,0.02005859650671482,0.01894163340330124,0.021175555884838104,2400
46,42,0.01118930644588545,0.018938250839710236,0.01668521761894226,0.02119128406047821,2400
47,42,0.011009056397597305,0.020055245608091354,0.018951740115880966,0.02115875668823719,2400
48,42,0.010911867386312224,0.019806917756795883,0.018462244421243668,0.0211515873670578,2400
49,42,0.011139872556668706,0.020902367308735847,0.017943719401955605,0.02386101894080639,2400
50,42,0.010913351870840415,0.01833384670317173,0.016580291092395782,0.020087402313947678,2400
51,42,0.010378898048656993,0.018357690423727036,0.016348959878087044,0.020366419106721878,2400
52,42,0.009810020055738278,0.018878791481256485,0.01781652309000492,0.0199410580098629,2400
53,42,0.010198104413575493,0.018529564142227173,0.016378603875637054,0.02068052440881729,2400
54,42,0.010253551154164597,0.018494296818971634,0.01598859578371048,0.02099999599158764,2400
55,42,0.0097538852278376,0.01888103410601616,0.01818179339170456,0.019580276682972908,2400
56,42,0.009228899696609005,0.01754945144057274,0.015643391758203506,0.01945550926029682,2400
57,42,0.009241148756700568,0.01864774525165558,0.016223935410380363,0.02107156068086624,2400
58,42,0.010095592253492214,0.018181148916482925,0.016906164586544037,0.019456131383776665,2400
59,42,0.009141932285274379,0.017998719587922096,0.018104517832398415,0.01789291948080063,2400
60,42,0.009202625005855225,0.017764827236533165,0.015700647607445717,0.019829005002975464,2400
61,42,0.009067787119420245,0.019390176981687546,0.016923245042562485,0.021857110783457756,2400
62,42,0.008992261544335634,0.016711045056581497,0.015013186261057854,0.01840890385210514,2400
63,42,0.008519624687323812,0.018010566011071205,0.017196806147694588,0.018824324011802673,2400
64,42,0.009264482941944152,0.01641610637307167,0.014537167735397816,0.01829504407942295,2400
65,42,0.008560561633203179,0.016464916989207268,0.014484211802482605,0.01844562217593193,2400
66,42,0.007881313329562545,0.01630300097167492,0.014710934832692146,0.017895065248012543,2400
67,42,0.0077387651181197725,0.0164916031062603,0.015124469064176083,0.01785873807966709,2400
68,42,0.008318718573718797,0.019855087623000145,0.021680660545825958,0.01802951842546463,2400
69,42,0.008177031959348824,0.01596904546022415,0.014433884993195534,0.01750420592725277,2400
70,42,0.0073748914219322614,0.01652073673903942,0.015772195532917976,0.017269281670451164,2400
71,42,0.00819858025352005,0.015538801439106464,0.01437859795987606,0.01669900119304657,2400
72,42,0.007741138964775018,0.016081180423498154,0.014825682155787945,0.017336679622530937,2400
73,42,0.007636588605237193,0.01559973694384098,0.014230580069124699,0.016968894749879837,2400
74,42,0.007129332618205808,0.016104063019156456,0.0159164872020483,0.01629163883626461,2400
75,42,0.007845099855330773,0.015610252507030964,0.014330795034766197,0.01688970997929573,2400
76,42,0.00742403505864786,0.015739301219582558,0.014207820408046246,0.017270781099796295,2400
77,42,0.0072058676450978965,0.016793010756373405,0.016803940758109093,0.016782082617282867,2400
78,42,0.007319297117646784,0.0158684179186821,0.014632090926170349,0.017104744911193848,2400
79,42,0.007251493814692367,0.015596776269376278,0.014364766888320446,0.016828786581754684,2400
80,42,0.006725563500367571,0.015001952648162842,0.01424743328243494,0.015756474807858467,2400
81,42,0.006937829952221364,0.015566877089440823,0.01422921009361744,0.016904549673199654,2400
82,42,0.006761699070921168,0.016147732734680176,0.015696775168180466,0.016598688438534737,2400
83,42,0.006953458840143867,0.014856640249490738,0.013881692662835121,0.015831587836146355,2400
84,42,0.00679280303302221,0.01555489469319582,0.014467859640717506,0.016641929745674133,2400
85,42,0.007068013728712685,0.01479741744697094,0.014024882577359676,0.015569950453937054,2400
86,42,0.00697353500436293,0.015212166123092175,0.015042407438158989,0.015381922014057636,2400
87,42,0.006572993945155758,0.014701218344271183,0.013910387642681599,0.015492047183215618,2400
88,42,0.006333339450065978,0.01453755795955658,0.013603774830698967,0.01547134481370449,2400
89,42,0.006736606723279692,0.014117770828306675,0.013352073729038239,0.014883466996252537,2400
90,42,0.006546243981574662,0.015637483447790146,0.01664886437356472,0.014626098796725273,2400
91,42,0.006885264810989611,0.014380617067217827,0.01403944380581379,0.014721788465976715,2400
92,42,0.006602718945941888,0.014993429183959961,0.015160849317908287,0.01482600998133421,2400
93,42,0.006179407093441114,0.01400296576321125,0.01349344477057457,0.014512482099235058,2400
94,42,0.005957642017165199,0.014695052057504654,0.014262127690017223,0.015127976424992085,2400
95,42,0.005872024717973545,0.01488696038722992,0.01448586955666542,0.015288054011762142,2400
96,42,0.00634134495339822,0.014698379673063755,0.014195055700838566,0.015201703645288944,2400
97,42,0.0061438143166014925,0.0150607256218791,0.014800842851400375,0.015320612117648125,2400
98,42,0.006252436702197883,0.016217611730098724,0.01703825779259205,0.015396968461573124,2400
99,42,0.006118112745753024,0.014002003706991673,0.014306630939245224,0.013697377406060696,2400
100,42,0.006594052247237414,0.014025678858160973,0.013744872063398361,0.01430648472160101,2400
101,42,0.005650891893310472,0.014915062114596367,0.014699684455990791,0.015130440704524517,2400
102,42,0.005989270961435977,0.015237131156027317,0.014437503181397915,0.016036756336688995,2400
103,42,0.005685835669282824,0.014291769824922085,0.014629601500928402,0.013953940011560917,2400
104,42,0.006048801602446474,0.01488405093550682,0.01453655119985342,0.015231548808515072,2400
105,42,0.005872360459761694,0.015757815912365913,0.016881586983799934,0.014634041115641594,2400
106,42,0.006541049915540498,0.015026962384581566,0.013493841513991356,0.016560085117816925,2400
107,42,0.005972281709546223,0.014048933982849121,0.013210145756602287,0.014887719415128231,2400
108,42,0.005535665542993229,0.013769660145044327,0.013615772128105164,0.013923551887273788,2400
109,42,0.005625513716950081,0.014288660138845444,0.01507720910012722,0.013500106520950794,2400
110,42,0.005485393812705297,0.013242291286587715,0.013048365712165833,0.013436216861009598,2400
111,42,0.005386554046708625,0.014213724061846733,0.01356155052781105,0.014865897595882416,2400
112,42,0.00520957971457392,0.014753283001482487,0.01627460867166519,0.013231961987912655,2400
113,42,0.00542666733963415,0.014323974028229713,0.014607338234782219,0.014040611684322357,2400
114,42,0.00604008757363772,0.013973464258015156,0.013765768148005009,0.014181158505380154,2400
115,42,0.0059656885714503005,0.015413393266499043,0.01575915515422821,0.01506762858480215,2400
116,42,0.0055590986521565355,0.013810654170811176,0.013837691396474838,0.01378361415117979,2400
117,42,0.005253237402939703,0.015095004811882973,0.015770964324474335,0.014419044367969036,2400
118,42,0.005263321905658813,0.0133280074223876,0.012755131348967552,0.013900885358452797,2400
119,42,0.005227137713518459,0.013823597691953182,0.013488505966961384,0.014158688485622406,2400
120,42,0.005247990840871353,0.013792121782898903,0.013211165554821491,0.01437307894229889,2400
121,42,0.005964406474959105,0.01376641821116209,0.013877014629542828,0.01365581899881363,2400
122,42,0.005832852315506898,0.013020429760217667,0.013169081881642342,0.012871777638792992,2400
123,42,0.004807312361663207,0.013485630042850971,0.01321716420352459,0.013754092156887054,2400
124,42,0.005304831844114233,0.013467371463775635,0.012572935782372952,0.014361807145178318,2400
125,42,0.004640277671569493,0.013819665648043156,0.015073182992637157,0.012566149234771729,2400
126,42,0.005071488310932182,0.013920613564550877,0.01379932276904583,0.014041906222701073,2400
127,42,0.005099379050079733,0.013685299083590508,0.014029799960553646,0.013340799137949944,2400
128,42,0.005233254025370115,0.01360594667494297,0.012925437651574612,0.014286452904343605,2400
129,42,0.004819807472813409,0.013435416854918003,0.013355045579373837,0.01351578626781702,2400
130,42,0.00504770663974341,0.012732277624309063,0.01280321553349495,0.012661340646445751,2400
131,42,0.00455285536008887,0.01456226222217083,0.015411272644996643,0.013713255524635315,2400
132,42,0.0052058049841434695,0.013531842269003391,0.013351469300687313,0.013712214305996895,2400
133,42,0.004707150459580589,0.013183028437197208,0.013084073550999165,0.013281982392072678,2400
134,42,0.004674623240134679,0.014255322515964508,0.01339749526232481,0.01511315070092678,2400
135,42,0.0047564620508637745,0.013604565523564816,0.013603303581476212,0.01360582746565342,2400
136,42,0.004949832953570876,0.014521993696689606,0.015029310248792171,0.014014674350619316,2400
137,42,0.004753117682412267,0.013750465586781502,0.01403268612921238,0.013468243181705475,2400
138,42,0.0045036374212941155,0.013880659826099873,0.013967701233923435,0.013793619349598885,2400
139,42,0.004617802158463746,0.01331302709877491,0.012714198790490627,0.013911853544414043,2400
140,42,0.004849682962230872,0.013833149336278439,0.01391580794006586,0.013750490732491016,2400
141,42,0.004623719949449878,0.015052011236548424,0.01580771803855896,0.014296302571892738,2400
142,42,0.00485207732708659,0.014050415717065334,0.013848569244146347,0.014252262189984322,2400
143,42,0.00456427000608528,0.013611017726361752,0.013634547591209412,0.01358748972415924,2400
144,42,0.004398037421196932,0.01344581600278616,0.013427769765257835,0.013463860377669334,2400
145,42,0.005053105378465261,0.012840562500059605,0.013219215907156467,0.012461910024285316,2400
146,42,0.0046721430771867745,0.013528196141123772,0.013867992907762527,0.013188399374485016,2400
147,42,0.004806431526958477,0.013917616568505764,0.01312331110239029,0.014711922034621239,2400
148,42,0.00474847601071815,0.013359826058149338,0.014000603929162025,0.01271904818713665,2400
149,42,0.004779453105584253,0.013887063600122929,0.01393911149352789,0.013835013844072819,2400
150,42,0.0045753291524306405,0.01294559147208929,0.013543013483285904,0.012348169460892677,2400
151,42,0.0046549826802220196,0.013362442143261433,0.013895973563194275,0.01282891072332859,2400
152,42,0.004327340724557871,0.013679099269211292,0.013802646659314632,0.01355555560439825,2400
153,42,0.004319596311688656,0.013574524782598019,0.013365264981985092,0.013783784583210945,2400
154,42,0.004330593390477588,0.013591398485004902,0.014094173908233643,0.013088619336485863,2400
155,42,0.004335086814535316,0.013764084316790104,0.014364908449351788,0.013163258321583271,2400
156,42,0.00450127360818442,0.014158678241074085,0.01439732313156128,0.013920031487941742,2400
157,42,0.005009594409784768,0.013635980896651745,0.01332330796867609,0.013948654755949974,2400
158,42,0.004290444678190397,0.01424363162368536,0.013915046118199825,0.01457221806049347,2400
159,42,0.004167500690527959,0.01393508818000555,0.013740009628236294,0.014130162075161934,2400
160,42,0.004193035052594496,0.013948117382824421,0.013936962001025677,0.013959269970655441,2400
161,42,0.004039512787130661,0.013707853853702545,0.013989781960844994,0.013425926677882671,2400
162,42,0.004016347993456293,0.01370765920728445,0.014041365124285221,0.01337395515292883,2400
163,42,0.004592958266584901,0.013510801829397678,0.01417204923927784,0.012849557213485241,2400
164,42,0.004306281771278009,0.013774526305496693,0.014597450383007526,0.012951603159308434,2400
165,42,0.004279781365767121,0.013698315247893333,0.013567356392741203,0.013829274103045464,2400
166,42,0.004073480406077579,0.013175546191632748,0.013154123909771442,0.013196966610848904,2400
167,42,0.0037501072765735444,0.014248652383685112,0.014916150830686092,0.01358114741742611,2400
168,42,0.004250116769981105,0.014017028734087944,0.014610783196985722,0.013423273339867592,2400
169,42,0.004121002304600552,0.013651980087161064,0.013849534094333649,0.013454425148665905,2400
170,42,0.004580739037919557,0.013308649882674217,0.013458555564284325,0.013158745132386684,2400
171,42,0.004567838514049072,0.013661080971360207,0.014147504232823849,0.013174658641219139,2400
172,42,0.00444924108160194,0.014212282374501228,0.013968323357403278,0.014456243254244328,2400
173,42,0.004000571894721361,0.01376027800142765,0.01329935621470213,0.01422120351344347,2400
174,42,0.005050417938036844,0.014336567372083664,0.0147161353379488,0.013956999406218529,2400
175,42,0.005595143018581439,0.01327528152614832,0.01347146462649107,0.01307909470051527,2400
176,42,0.004311233933549374,0.014624152332544327,0.015346750617027283,0.013901551254093647,2400
177,42,0.0046901473760954104,0.013789838179945946,0.01414006669074297,0.013439608737826347,2400
178,42,0.0040408101049251854,0.013715500012040138,0.014238225296139717,0.013192776590585709,2400
179,42,0.0043227494024904445,0.013427771627902985,0.014047546312212944,0.012807996943593025,2400
180,42,0.004434075504832435,0.013758997432887554,0.013312428258359432,0.0142055694013834,2400
181,42,0.0037341873612604104,0.013968164101243019,0.015668481588363647,0.012267843820154667,2400
182,42,0.004214324901113287,0.013497237116098404,0.013422749936580658,0.01357172429561615,2400
183,42,0.004183579516393365,0.013980761170387268,0.014406824484467506,0.013554695062339306,2400
184,42,0.0037368522680480964,0.01303098350763321,0.013167435303330421,0.012894533574581146,2400
185,42,0.004234392592479708,0.013566607609391212,0.014330396428704262,0.012802817858755589,2400
186,42,0.0037258654956531245,0.01293688453733921,0.01330545637756586,0.012568309903144836,2400
187,42,0.003942295250453753,0.015000268816947937,0.015349977649748325,0.0146505581215024,2400
188,42,0.0038375695658032782,0.01435279194265604,0.015291322953999043,0.013414259999990463,2400
189,42,0.003887570808728924,0.013502531684935093,0.013944298960268497,0.013060764409601688,2400
190,42,0.0042729764099931344,0.014543896540999413,0.0165418554097414,0.012545937672257423,2400
191,42,0.004337134858360514,0.012852390296757221,0.013332501985132694,0.012372277677059174,2400
192,42,0.004652305295167025,0.013597468845546246,0.01340473908931017,0.013790198601782322,2400
193,42,0.00412823375154403,0.012657459825277328,0.013404184021055698,0.011910735629498959,2400
194,42,0.0036179560775053687,0.013969864696264267,0.013598451390862465,0.014341278932988644,2400
195,42,0.004297762156056706,0.013353781774640083,0.014252759516239166,0.012454804964363575,2400
196,42,0.00391497678720043,0.01293698139488697,0.013453173451125622,0.012420788407325745,2400
197,42,0.0041774229757720605,0.015715422108769417,0.015794789418578148,0.015636056661605835,2400
198,42,0.004774381468450883,0.014332668855786324,0.015160607174038887,0.013504731468856335,2400
199,42,0.0038743946824979503,0.013887553475797176,0.015147034078836441,0.012628071941435337,2400
200,42,0.003923483061953448,0.013116416521370411,0.013407010585069656,0.012825822457671165,2400
201,42,0.003350191720528528,0.013494525104761124,0.014295075088739395,0.012693975120782852,2400
202,42,0.0035120670836477075,0.013930277898907661,0.014490442350506783,0.01337011530995369,2400
203,42,0.003863118818117073,0.014167383313179016,0.015111283399164677,0.01322348415851593,2400
204,42,0.004152716523094568,0.01406268309801817,0.015313282608985901,0.012812081724405289,2400
205,42,0.004013255445897812,0.012816064991056919,0.01342002023011446,0.012212109751999378,2400
206,42,0.003725769533048151,0.013261434622108936,0.013700134120881557,0.01282273419201374,2400
207,42,0.0039053203036019113,0.014540039002895355,0.015024363063275814,0.014055718667805195,2400
208,42,0.0034570406132843345,0.013317634351551533,0.014690111391246319,0.011945153586566448,2400
209,42,0.003652812109066872,0.014062685891985893,0.01541819702833891,0.012707173824310303,2400
210,42,0.0038248016317083966,0.013889536261558533,0.014807837083935738,0.012971234507858753,2400
211,42,0.0036854608079011086,0.014489502646028996,0.014940974302589893,0.014038030058145523,2400
212,42,0.003489794791676104,0.013657749630510807,0.013961907476186752,0.013353592716157436,2400
213,42,0.0034174205393355805,0.013281630352139473,0.013951188884675503,0.012612072750926018,2400
214,42,0.0034142727163271047,0.013617800548672676,0.0142736304551363,0.012961970642209053,2400
215,42,0.0034945480365422554,0.013275278732180595,0.013941789977252483,0.012608767487108707,2400
216,42,0.0034933721872221213,0.013458323664963245,0.013762442395091057,0.01315420214086771,2400
217,42,0.003559803379175719,0.012976961210370064,0.013828757219016552,0.01212516613304615,2400
218,42,0.0037680148416256998,0.012989724054932594,0.013438466005027294,0.012540985830128193,2400
219,42,0.0034104353544535115,0.013628830201923847,0.01495515089482069,0.01230250857770443,2400
220,42,0.0035230493813287467,0.013744419440627098,0.014765252359211445,0.012723584659397602,2400
221,42,0.0035571323824115098,0.013652537018060684,0.014464673586189747,0.01284040231257677,2400
222,42,0.0033601807663217187,0.013620765879750252,0.014622440561652184,0.01261909306049347,2400
223,42,0.0034242524379806127,0.012950453907251358,0.013311929069459438,0.012588977813720703,2400
224,42,0.0036364031948323827,0.013322446495294571,0.01406828872859478,0.012576599605381489,2400
225,42,0.0033410424439352937,0.013566087000072002,0.013906735926866531,0.013225439935922623,2400
226,42,0.0032483872164448258,0.013135972432792187,0.013930420391261578,0.012341523543000221,2400
227,42,0.0031496430237893946,0.012811379507184029,0.01339966431260109,0.012223095633089542,2400
228,42,0.0031569759667036124,0.01332872174680233,0.01439700648188591,0.012260436080396175,2400
229,42,0.0031359303029603325,0.012726759538054466,0.013522986322641373,0.011930534616112709,2400
230,42,0.0036360192898428068,0.014300934039056301,0.014270439743995667,0.014331424608826637,2400
231,42,0.0032671155749994796,0.012361761182546616,0.013481500558555126,0.011242021806538105,2400
232,42,0.0036730311330757104,0.013832948170602322,0.012984497472643852,0.014681398868560791,2400
233,42,0.0036110077635385096,0.013326255604624748,0.014818715862929821,0.011833797208964825,2400
234,42,0.0032938798649411183,0.013401741161942482,0.014392344281077385,0.01241113618016243,2400
235,42,0.003305398189695552,0.01446766871958971,0.01521017961204052,0.013725158758461475,2400
236,42,0.0034832720484700985,0.013245459645986557,0.014215967617928982,0.012274951674044132,2400
237,42,0.0032396562783105765,0.013738266192376614,0.01406616996973753,0.013410361483693123,2400
238,42,0.0035469528011162765,0.015074827708303928,0.01637200452387333,0.013777651824057102,2400
239,42,0.0045657348055101465,0.013630195520818233,0.01381872408092022,0.013441663235425949,2400
240,42,0.0033928778902918566,0.013755272142589092,0.015264799818396568,0.012245746329426765,2400
241,42,0.003620815579779446,0.013080015778541565,0.014351105317473412,0.011808926239609718,2400
242,42,0.0036305879038991407,0.013332806527614594,0.013550877571105957,0.01311473548412323,2400
243,42,0.003420045097300317,0.012713360600173473,0.01348094642162323,0.011945774778723717,2400
244,42,0.003418255775613943,0.01366928406059742,0.014356425032019615,0.012982143089175224,2400
245,42,0.0037528126485995017,0.013515741564333439,0.013788110576570034,0.013243371620774269,2400
246,42,0.0031957887949829455,0.01339217834174633,0.014751364476978779,0.012032991275191307,2400
247,42,0.003166643942677183,0.01318737119436264,0.013747203163802624,0.012627535499632359,2400
248,42,0.0030854157703288365,0.013939321041107178,0.015105869621038437,0.012772772461175919,2400
249,42,0.0033454101030656602,0.013226304203271866,0.013942394405603409,0.012510214000940323,2400
250,42,0.003364318581589032,0.014200038276612759,0.013756564818322659,0.01464350987225771,2400
251,42,0.003485084936983185,0.012714383192360401,0.01417894009500742,0.011249825358390808,2400
252,42,0.0030635312250524294,0.012901870533823967,0.013897981494665146,0.01190575584769249,2400
253,42,0.0031687459159002174,0.012743244878947735,0.013698549941182137,0.011787940748035908,2400
254,42,0.003475741465081228,0.013458619825541973,0.014694144949316978,0.012223092839121819,2400
255,42,0.0032684041252650786,0.012905697338283062,0.013557687401771545,0.012253707274794579,2400
256,42,0.002997373423568206,0.012754241935908794,0.01351249124854803,0.011995993554592133,2400
257,42,0.003608577429986326,0.013729140162467957,0.014671900309622288,0.01278637908399105,2400
258,42,0.0035572009583120234,0.012773576192557812,0.012968668714165688,0.01257848646491766,2400
259,42,0.0031068699427123647,0.012966266833245754,0.013704365119338036,0.012228171341121197,2400
260,42,0.003151035631162813,0.012752464041113853,0.013581518083810806,0.011923410929739475,2400
261,42,0.0029743268714810256,0.012579211965203285,0.013346666470170021,0.011811761185526848,2400
262,42,0.003224072206648998,0.012926245108246803,0.01405195239931345,0.011800536885857582,2400
263,42,0.0031100949308893178,0.01247281115502119,0.012829216197133064,0.012116407044231892,2400
264,42,0.003181780211889418,0.013081272132694721,0.013357503339648247,0.01280504185706377,2400
265,42,0.003200022769306088,0.012534546665847301,0.013404051773250103,0.01166504342108965,2400
266,42,0.0031943358189892024,0.013143828138709068,0.014184070751070976,0.012103582732379436,2400
267,42,0.0033064085218939,0.01277114450931549,0.013002950698137283,0.012539333663880825,2400
268,42,0.0032362253477913328,0.01288063544780016,0.014134971424937248,0.011626297608017921,2400
269,42,0.0036181281648168806,0.01382458209991455,0.014854004606604576,0.012795159593224525,2400
270,42,0.0028929353720741346,0.012240070849657059,0.012847700156271458,0.01163243968039751,2400
271,42,0.0028833806463808287,0.013479125685989857,0.014651588164269924,0.012306665070354939,2400
272,42,0.002936827040684875,0.013020447455346584,0.01334946695715189,0.012691428884863853,2400
273,42,0.0031253631968866102,0.012742143124341965,0.013730042614042759,0.01175424363464117,2400
274,42,0.0032931671557889786,0.013343249447643757,0.014458355493843555,0.012228144332766533,2400
275,42,0.0033238553878618404,0.01273238006979227,0.013723784126341343,0.011740976944565773,2400
276,42,0.00282216213963693,0.012517562136054039,0.013521809130907059,0.011513317935168743,2400
277,42,0.0028010678015562007,0.01283193938434124,0.013949607498943806,0.0117142703384161,2400
278,42,0.003227295517717721,0.01271809358149767,0.01407040748745203,0.011365780606865883,2400
279,42,0.0030020954764040653,0.01329404953867197,0.01389258448034525,0.012695512734353542,2400
280,42,0.0030120497540337965,0.012780124321579933,0.013700137846171856,0.011860113590955734,2400
281,42,0.0036193839405314066,0.012563607655465603,0.013635127805173397,0.01149208564311266,2400
282,42,0.0032711409257899504,0.012690464965999126,0.013329076580703259,0.012051855213940144,2400
283,42,0.0032358562748413533,0.014104144647717476,0.014100206084549427,0.0141080841422081,2400
284,42,0.003576300608983729,0.013225671835243702,0.014910317957401276,0.011541027575731277,2400
285,42,0.0031176923439488746,0.012489710934460163,0.012990199029445648,0.011989222839474678,2400
286,42,0.0030706163342983928,0.013390276581048965,0.013134704902768135,0.013645850121974945,2400
287,42,0.002929713955381885,0.012430953793227673,0.014207329601049423,0.010654577985405922,2400
288,42,0.0029117785416019615,0.012998041696846485,0.013604998588562012,0.012391084805130959,2400
289,42,0.002936752283858368,0.013444113545119762,0.013693495653569698,0.013194729574024677,2400
290,42,0.003335221357701812,0.012835942208766937,0.013386807404458523,0.012285078875720501,2400
291,42,0.003292943842097884,0.013154233805835247,0.013821406289935112,0.012487063184380531,2400
292,42,0.0030784204536757898,0.012220850214362144,0.012999966740608215,0.011441732756793499,2400
293,42,0.003046359142899746,0.01206860039383173,0.012994647026062012,0.011142549104988575,2400
294,42,0.002983479331305716,0.01326013170182705,0.015236916951835155,0.01128334179520607,2400
295,42,0.0026419280329719186,0.012591647915542126,0.013112840242683887,0.01207045465707779,2400
296,42,0.0027671909701894037,0.01187722384929657,0.012689914554357529,0.011064534075558186,2400
297,42,0.0027104092005174607,0.013681536540389061,0.014219854958355427,0.013143222779035568,2400
298,42,0.0035385913397476543,0.012688057497143745,0.013140669092535973,0.012235443107783794,2400
299,42,0.003249558973038802,0.01268265675753355,0.013193236663937569,0.012172074988484383,2400
300,42,0.002725138470850652,0.014406247064471245,0.01722688414156437,0.011585608124732971,2400
301,42,0.0032216288636846002,0.012456344440579414,0.013272268697619438,0.01164042018353939,2400
302,42,0.002799396686896216,0.0129137197509408,0.014211641624569893,0.011615799739956856,2400
303,42,0.0026379510927654337,0.012456027790904045,0.013189971446990967,0.0117220813408494,2400
304,42,0.002788997044262942,0.013325439766049385,0.01375202089548111,0.012898862361907959,2400
305,42,0.0038714360998710617,0.012864122167229652,0.014472807757556438,0.011255436576902866,2400
306,42,0.004085700336872833,0.012461593374609947,0.013196264393627644,0.0117269242182374,2400
307,42,0.003404610684810905,0.01320702861994505,0.014976033940911293,0.011438022367656231,2400
308,42,0.0027692445437423885,0.012612701393663883,0.013379047624766827,0.01184635516256094,2400
309,42,0.002941443151939893,0.01269246730953455,0.01298413798213005,0.012400795705616474,2400
310,42,0.00294498913717689,0.012789486907422543,0.012819074094295502,0.012759898789227009,2400
311,42,0.0028232225704414304,0.012923479080200195,0.013870186172425747,0.011976770125329494,2400
312,42,0.00290602884706459,0.012233602814376354,0.012583971954882145,0.011883234605193138,2400
313,42,0.002806166226946516,0.013083798810839653,0.01358425710350275,0.012583337724208832,2400
314,42,0.0028049532847944647,0.011884484440088272,0.012876959517598152,0.010892009362578392,2400
315,42,0.0026694948319345713,0.012868448160588741,0.013149244710803032,0.01258765161037445,2400
316,42,0.00330973854943295,0.012339256703853607,0.012778058648109436,0.011900455690920353,2400
317,42,0.0034519926557550207,0.012713705189526081,0.01320886891335249,0.012218537740409374,2400
318,42,0.0029952180593681987,0.012249363586306572,0.013142980635166168,0.01135574746876955,2400
319,42,0.0028990937789785676,0.012439492158591747,0.01285925880074501,0.012019727379083633,2400
320,42,0.0025681453735160176,0.012213366106152534,0.012856267392635345,0.011570465750992298,2400
321,42,0.002471362759024487,0.012133500538766384,0.01320276502519846,0.011064233258366585,2400
322,42,0.003090366539254319,0.012927611358463764,0.012805827893316746,0.013049394823610783,2400
323,42,0.003950403432099847,0.013232539407908916,0.013984564691781998,0.012480512261390686,2400
324,42,0.0034257278239238076,0.013368932530283928,0.013772385194897652,0.012965476140379906,2400
325,42,0.0030928995183785446,0.012667168863117695,0.014118025079369545,0.011216308921575546,2400
326,42,0.0032320013087883126,0.012812420725822449,0.01292978785932064,0.012695054523646832,2400
327,42,0.002586624163086526,0.011879469268023968,0.012544729746878147,0.011214206926524639,2400
328,42,0.0026346660997660365,0.012907429598271847,0.01326646376401186,0.01254839077591896,2400
329,42,0.002985912338772323,0.013485701754689217,0.01564187929034233,0.0113295279443264,2400
330,42,0.002969260447571287,0.012850322760641575,0.012686038389801979,0.013014608062803745,2400
331,42,0.0029187921318225563,0.011628606356680393,0.012649309821426868,0.010607905685901642,2400
332,42,0.0025975261196435895,0.012481792829930782,0.013671262189745903,0.011292323470115662,2400
333,42,0.0026863536222663242,0.013495281338691711,0.013558421283960342,0.013432146050035954,2400
334,42,0.003380627080332488,0.01205877959728241,0.012967019341886044,0.011150538921356201,2400
335,42,0.0032793470745673403,0.01326077338308096,0.01454932801425457,0.011972220614552498,2400
336,42,0.0028546398934850004,0.012401914224028587,0.013680561445653439,0.01112326793372631,2400
337,42,0.0027550547347345855,0.011916144751012325,0.012853453867137432,0.010978837497532368,2400
338,42,0.0029630569588334765,0.01245290320366621,0.014422724954783916,0.010483081452548504,2400
339,42,0.0030674296176584903,0.012211990542709827,0.012665171176195145,0.01175880990922451,2400
340,42,0.0026805377783603035,0.012349333614110947,0.013221454806625843,0.01147721242159605,2400
341,42,0.002470421297402936,0.01215930376201868,0.012580391019582748,0.011738219298422337,2400
342,42,0.002591322328953538,0.01258990727365017,0.012962178327143192,0.012217637151479721,2400
343,42,0.0032500660890946165,0.012573006562888622,0.01293472945690155,0.012211287394165993,2400
344,42,0.0028163100560050225,0.011989806778728962,0.013083066791296005,0.010896546766161919,2400
345,42,0.002525884880014928,0.012335345149040222,0.012811994180083275,0.01185869611799717,2400
346,42,0.0029054766055196524,0.012585618533194065,0.013193666934967041,0.011977574788033962,2400
347,42,0.0027604064453043975,0.012465577572584152,0.01320803165435791,0.011723125353455544,2400
348,42,0.0031735553857288323,0.01273325551301241,0.012675098143517971,0.012791411951184273,2400
349,42,0.0029864741227356717,0.013363643549382687,0.013248618692159653,0.01347866840660572,2400
350,42,0.0026967209560098127,0.012285498902201653,0.013064637780189514,0.011506359092891216,2400
351,42,0.0026327631167077925,0.012572617270052433,0.013193774037063122,0.011951461434364319,2400
352,42,0.0026850158064917196,0.012770121917128563,0.012801898643374443,0.012738346122205257,2400
353,42,0.0026391516730654985,0.011980565264821053,0.013462020084261894,0.010499109514057636,2400
354,42,0.002515063573810039,0.01145660225301981,0.01257907971739769,0.01033412478864193,2400
355,42,0.002561661327490583,0.01209077425301075,0.013089926913380623,0.011091621592640877,2400
356,42,0.002828570482961368,0.013399804942309856,0.014630003832280636,0.0121696088463068,2400
357,42,0.00350293019801029,0.011645668186247349,0.012393292970955372,0.0108980443328619,2400
358,42,0.002596710572106531,0.0127031859010458,0.013767985627055168,0.01163838617503643,2400
359,42,0.0026677063324314076,0.012227394618093967,0.013060403056442738,0.011394385248422623,2400
360,42,0.0025664236600277945,0.013528112322092056,0.014931192621588707,0.012125033885240555,2400
361,42,0.003169664581946563,0.013018994592130184,0.014599297195672989,0.01143869012594223,2400
362,42,0.0034502581256674603,0.012502829544246197,0.014132719486951828,0.01087294053286314,2400
363,42,0.002919657406891929,0.014166565611958504,0.017118416726589203,0.011214716359972954,2400
364,42,0.003230727274058154,0.013498029671609402,0.014367991127073765,0.012628068216145039,2400
365,42,0.0027979764927295037,0.01328461803495884,0.013394949026405811,0.013174287043511868,2400
366,42,0.0028981779905734584,0.012431416660547256,0.013446887023746967,0.011415945366024971,2400
367,42,0.0024336265232705045,0.013261938467621803,0.014483294449746609,0.012040580622851849,2400
368,42,0.002620876766741276,0.01155105046927929,0.012495782226324081,0.010606318712234497,2400
369,42,0.0024085300574370194,0.012157625518739223,0.013909654691815376,0.01040559634566307,2400
370,42,0.0022308754414552823,0.011876683682203293,0.012850331142544746,0.01090303622186184,2400
371,42,0.002825654184562154,0.012666385620832443,0.012832283042371273,0.012500486336648464,2400
372,42,0.0027637073981168214,0.01223333366215229,0.011978371068835258,0.012488297186791897,2400
373,42,0.002509370162442792,0.01159216184169054,0.012670135125517845,0.01051418762654066,2400
374,42,0.0024371658073505387,0.012148022651672363,0.01290668360888958,0.01138936448842287,2400
375,42,0.0026972846644639503,0.011992130428552628,0.013444234617054462,0.010540026240050793,2400
376,42,0.0030348265026987065,0.012300479225814342,0.013242422603070736,0.011358536779880524,2400
377,42,0.0023947748850332573,0.01200618501752615,0.012791628018021584,0.011220741085708141,2400
378,42,0.002278158615808934,0.01205175556242466,0.01276019774377346,0.01134330965578556,2400
379,42,0.002649807258421788,0.01275820191949606,0.012925502844154835,0.012590901926159859,2400
380,42,0.003330184852529783,0.012498166412115097,0.012990312650799751,0.012006020173430443,2400
381,42,0.00276167330230237,0.012607191689312458,0.013290385715663433,0.011923999525606632,2400
382,42,0.0029560260409198236,0.012458201497793198,0.013027570210397243,0.011888832785189152,2400
383,42,0.0026973679996444844,0.012268059886991978,0.013110324740409851,0.01142579410225153,2400
384,42,0.0025527550860715564,0.01276011299341917,0.01277210284024477,0.012748122215270996,2400
385,42,0.002405651244771434,0.011725206859409809,0.01288110576570034,0.010569308884441853,2400
386,42,0.002949219084257493,0.011766297742724419,0.012829969637095928,0.010702623054385185,2400
387,42,0.002425611441140063,0.012334441766142845,0.013324325904250145,0.01134456042200327,2400
388,42,0.002680980647710385,0.012732470408082008,0.012288580648601055,0.01317636203020811,2400
389,42,0.0032575422519585118,0.01489157322794199,0.017437977716326714,0.012345168739557266,2400
390,42,0.0027631490120256785,0.014737285673618317,0.01702081598341465,0.012453757226467133,2400
391,42,0.0034086725099768955,0.012586119584739208,0.014221915043890476,0.01095032598823309,2400
392,42,0.0033309053178527392,0.012765520252287388,0.013441365212202072,0.01208967249840498,2400
393,42,0.0024986333155538887,0.011844553053379059,0.012473017908632755,0.011216089129447937,2400
394,42,0.002355628810619237,0.012037644162774086,0.013136879540979862,0.010938409715890884,2400
395,42,0.0023797938229108695,0.012114053592085838,0.01319693960249424,0.011031168513000011,2400
396,42,0.003051520194276236,0.012337355874478817,0.013246177695691586,0.011428534984588623,2400
397,42,0.002571922028437257,0.012459705583751202,0.01417701505124569,0.010742396116256714,2400
398,42,0.002256255185784539,0.012041152454912663,0.012488697655498981,0.011593609116971493,2400
399,42,0.0023685003870923538,0.01192421279847622,0.01230376586318016,0.011544660665094852,2400
400,42,0.00254522516115685,0.012304381467401981,0.013110929168760777,0.011497832834720612,2400
401,42,0.002243243041448295,0.01270308718085289,0.012955253943800926,0.012450921349227428,2400
402,42,0.002439786789182108,0.01202555000782013,0.012165920808911324,0.011885179206728935,2400
403,42,0.002672190334124025,0.01184966042637825,0.012714664451777935,0.010984656400978565,2400
404,42,0.00238072848515003,0.011880511417984962,0.012653599493205547,0.011107421480119228,2400
405,42,0.0030252659453253727,0.012388041242957115,0.013023018836975098,0.011753063648939133,2400
406,42,0.002431329969112994,0.01187047827988863,0.013138454407453537,0.010602503083646297,2400
407,42,0.002280848813825287,0.011386235244572163,0.012339937500655651,0.010432532988488674,2400
408,42,0.0024237436191469897,0.012475675903260708,0.013175970874726772,0.011775380000472069,2400
409,42,0.0030382439472305123,0.012916423380374908,0.013361469842493534,0.012471375055611134,2400
410,42,0.0027503547571541276,0.01262965239584446,0.013138731010258198,0.012120572850108147,2400
411,42,0.0023712039583188016,0.012408329173922539,0.013966177590191364,0.010850483551621437,2400
412,42,0.0023913964068924543,0.012028773315250874,0.012244118377566338,0.011813430115580559,2400
413,42,0.0022906245012563886,0.012784906663000584,0.013807140290737152,0.011762669309973717,2400
414,42,0.002631119677971583,0.012138805352151394,0.012477362528443336,0.011800248175859451,2400
415,42,0.002365170315897558,0.011965498328208923,0.013139464892446995,0.010791530832648277,2400
416,42,0.002083033054077532,0.012143973261117935,0.013350329361855984,0.010937618091702461,2400
417,42,0.002349669261093368,0.012315157800912857,0.012639271095395088,0.011991043575108051,2400
418,42,0.0026497454855416436,0.011781925335526466,0.012230180203914642,0.011333669535815716,2400
419,42,0.002460479907313129,0.011405167169868946,0.012260003946721554,0.010550331324338913,2400
420,42,0.0021972428112349007,0.013441220857203007,0.0155373215675354,0.01134511735290289,2400
421,42,0.002683498696569586,0.01197626069188118,0.012939585372805595,0.011012936942279339,2400
422,42,0.002253055430628592,0.012325159274041653,0.013364079408347607,0.011286240071058273,2400
423,42,0.0023283646296476945,0.011585120111703873,0.012668546289205551,0.010501694865524769,2400
424,42,0.0022727462765033124,0.011973245069384575,0.01270295213907957,0.011243537068367004,2400
425,42,0.00216593854202074,0.012744755484163761,0.013574792072176933,0.011914719827473164,2400
426,42,0.002291337470524013,0.012088540941476822,0.012685436755418777,0.011491643264889717,2400
427,42,0.002400653171207523,0.012876367196440697,0.01519492082297802,0.010557818226516247,2400
428,42,0.002468618953571422,0.012515225447714329,0.013033152557909489,0.011997298337519169,2400
429,42,0.0023249341720656957,0.013199280016124249,0.014809833839535713,0.011588729918003082,2400
430,42,0.002588536197436042,0.011657497845590115,0.012545919045805931,0.010769075714051723,2400
431,42,0.0025029354183061514,0.011454927735030651,0.012761490419507027,0.010148363187909126,2400
432,42,0.0027823655218526255,0.012229074724018574,0.013629812747240067,0.010828335769474506,2400
433,42,0.002440638840198517,0.011908723041415215,0.01236754935234785,0.011449895799160004,2400
434,42,0.0024170609322027303,0.012202413752675056,0.012783728539943695,0.011621100828051567,2400
435,42,0.0030233481265895534,0.012901454232633114,0.013436144217848778,0.012366765178740025,2400
436,42,0.002737834420258878,0.011581913568079472,0.012738911435008049,0.01042491476982832,2400
437,42,0.0023815153508621734,0.011571602895855904,0.01179224532097578,0.011350960470736027,2400
438,42,0.0025212329455825966,0.012476268224418163,0.0122216260060668,0.012730909511446953,2400
439,42,0.00218899976425746,0.012149143032729626,0.013257850892841816,0.011040437035262585,2400
440,42,0.00314768264797749,0.012877113185822964,0.01336684636771679,0.012387379072606564,2400
441,42,0.002319037044799188,0.012035558931529522,0.013142545707523823,0.010928574949502945,2400
442,42,0.002573465320892865,0.012196192517876625,0.012717949226498604,0.011674433015286922,2400
443,42,0.0021256160143821035,0.01197183970361948,0.012779380194842815,0.011164297349750996,2400
444,42,0.0024267566732305568,0.011747809126973152,0.012145180255174637,0.011350437998771667,2400
445,42,0.002635949946125038,0.012972338125109673,0.012703807093203068,0.013240870088338852,2400
446,42,0.0027649735275190324,0.012342724949121475,0.013952543959021568,0.010732905939221382,2400
447,42,0.002599945572001161,0.011953533627092838,0.013068397529423237,0.010838670656085014,2400
448,42,0.002000890201088623,0.012074515223503113,0.012874985113739967,0.011274043470621109,2400
449,42,0.002489228601916693,0.011835525743663311,0.01271533127874136,0.010955719277262688,2400
450,42,0.0022038709630578524,0.011847935616970062,0.012727966532111168,0.010967904701828957,2400
451,42,0.002180017610953655,0.011418865993618965,0.01180998794734478,0.01102774403989315,2400
452,42,0.0024579208075010683,0.011674121953547001,0.01246385183185339,0.010884392075240612,2400
453,42,0.002276007471664343,0.012775844894349575,0.0136898597702384,0.011861829087138176,2400
454,42,0.002271123001264641,0.012096859514713287,0.01223909854888916,0.01195462141185999,2400
455,42,0.002699905558984028,0.012509441003203392,0.014140505343675613,0.010878375731408596,2400
456,42,0.0024782800101093017,0.011435313150286674,0.012119597755372524,0.01075102761387825,2400
457,42,0.002311524178367108,0.011722690425813198,0.012646333314478397,0.010799048468470573,2400
458,42,0.0022471910087915603,0.012280412949621677,0.012727473862469196,0.011833353899419308,2400
459,42,0.0022849695324111963,0.011653064750134945,0.012309673242270947,0.010996455326676369,2400
460,42,0.0021260804605844896,0.011621067300438881,0.012437394820153713,0.010804741643369198,2400
461,42,0.002395606818026863,0.01208674069494009,0.012514074333012104,0.011659406125545502,2400
462,42,0.00301262768698507,0.012198004871606827,0.012551220133900642,0.011844787746667862,2400
463,42,0.002646497821842786,0.012998157180845737,0.012887430377304554,0.013108883984386921,2400
464,42,0.0025191073727910407,0.01176590658724308,0.012238424271345139,0.011293391697108746,2400
465,42,0.002136165127012646,0.012018025852739811,0.012525900267064571,0.011510152369737625,2400
466,42,0.0020737065460707527,0.011378332041203976,0.0120552284643054,0.010701433755457401,2400
467,42,0.0023276246429304592,0.012584744952619076,0.01416452880948782,0.011004961095750332,2400
468,42,0.0032573037933616433,0.011579017154872417,0.012522182427346706,0.010635851882398129,2400
469,42,0.0022447220035246573,0.012994663789868355,0.013513490557670593,0.012475838884711266,2400
470,42,0.002298378340128693,0.011870606802403927,0.013255157507956028,0.010486055165529251,2400
471,42,0.0023612541881448124,0.011526343412697315,0.012499394826591015,0.01055329479277134,2400
472,42,0.0022217622372409096,0.011984560638666153,0.012631726451218128,0.011337395757436752,2400
473,42,0.002312981439899886,0.012090498581528664,0.012591666541993618,0.011589333415031433,2400
474,42,0.002183189513743855,0.011191373690962791,0.012165213003754616,0.010217533446848392,2400
475,42,0.0017836021652328782,0.011948312632739544,0.013678817078471184,0.010217808187007904,2400
476,42,0.0032727707039157394,0.01287298183888197,0.013355836272239685,0.01239012647420168,2400
477,42,0.002515105894417502,0.011780820786952972,0.013082652352750301,0.010478988289833069,2400
478,42,0.0026896933377429377,0.012157365679740906,0.012578995898365974,0.011735734529793262,2400
479,42,0.0023573272774228826,0.012795176357030869,0.014061237685382366,0.01152911689132452,2400
480,42,0.002417851112113567,0.01217077299952507,0.011923933401703835,0.012417610734701157,2400
481,42,0.0023016069790173788,0.011516422964632511,0.012186612002551556,0.010846232995390892,2400
482,42,0.002134839900463703,0.011407481506466866,0.012353351339697838,0.010461607947945595,2400
483,42,0.002630337250593584,0.012102321721613407,0.012477987445890903,0.01172665599733591,2400
484,42,0.002291344426339492,0.011658875271677971,0.012131081894040108,0.011186668649315834,2400
485,42,0.002036678990407381,0.012371154502034187,0.014068872667849064,0.010673437267541885,2400
486,42,0.0020543713653751183,0.011201566085219383,0.011904830113053322,0.010498302057385445,2400
487,42,0.0019888765673385933,0.011648262850940228,0.01248044054955244,0.01081608422100544,2400
488,42,0.0019178787242708495,0.011306291446089745,0.012076331302523613,0.010536249727010727,2400
489,42,0.002022101240072516,0.011167100630700588,0.012081975117325783,0.010252226144075394,2400
490,42,0.002343222327908734,0.011473904363811016,0.011823474429547787,0.01112433522939682,2400
491,42,0.002372641618421767,0.011586747132241726,0.012545023113489151,0.010628470219671726,2400
492,42,0.002196185898355907,0.011343215592205524,0.012379325926303864,0.01030710432678461,2400
493,42,0.0022861316119815456,0.011526484042406082,0.012812988832592964,0.010239978320896626,2400
494,42,0.0022967301520111505,0.012167239561676979,0.012820611707866192,0.01151387020945549,2400
495,42,0.0023340001425822265,0.011826825328171253,0.012726767919957638,0.01092688087373972,2400
496,42,0.0021440783311845735,0.011394169181585312,0.012581474147737026,0.010206867940723896,2400
497,42,0.0020208671212458285,0.012603087350726128,0.013204210437834263,0.012001962400972843,2400
498,42,0.0023424678074661642,0.01226034015417099,0.013468633405864239,0.011052047833800316,2400
499,42,0.0027136768185300753,0.011898035183548927,0.012136247009038925,0.01165982335805893,2400
500,42,0.002176122747187037,0.011574541218578815,0.012235885486006737,0.01091319415718317,2400
501,42,0.002344797687328537,0.011345346458256245,0.0120299207046628,0.010660774074494839,2400
502,42,0.002140494922059588,0.0112307108938694,0.012025116942822933,0.010436304844915867,2400
503,42,0.0019160475130775012,0.011773909442126751,0.012673786841332912,0.01087403204292059,2400
504,42,0.002153894234652398,0.011601820588111877,0.012470821850001812,0.010732819326221943,2400
505,42,0.002537690568715334,0.011984674260020256,0.012318996712565422,0.011650352738797665,2400
506,42,0.0022488695776701206,0.011586964130401611,0.012866578064858913,0.010307352989912033,2400
507,42,0.002213500336438301,0.012627201154828072,0.013030161149799824,0.012224243953824043,2400
508,42,0.002050303042778978,0.012104885652661324,0.012443667277693748,0.011766104958951473,2400
509,42,0.0019155275822413387,0.011572901159524918,0.012778924778103828,0.010366875678300858,2400
510,42,0.002072979043077794,0.012279657647013664,0.013929929584264755,0.01062938291579485,2400
511,42,0.0020317903708928498,0.011716742999851704,0.01245767530053854,0.010975808836519718,2400
512,42,0.0018862668293877505,0.012049710378050804,0.012534973211586475,0.011564449407160282,2400
513,42,0.002264109567477135,0.011684675700962543,0.011937618255615234,0.011431734077632427,2400
514,42,0.002470142408128595,0.01184516865760088,0.012532184831798077,0.011158152483403683,2400
515,42,0.0032983910678012762,0.013400115072727203,0.014265421777963638,0.012534810230135918,2400
516,42,0.0030227646238927264,0.01155529823154211,0.012211909517645836,0.010898685082793236,2400
517,42,0.002474230459483806,0.01151442900300026,0.01267866138368845,0.010350197553634644,2400
518,42,0.0022553889903065283,0.012931939214468002,0.014068405143916607,0.011795476078987122,2400
519,42,0.0034414438778185286,0.01270260289311409,0.01283346302807331,0.012571743689477444,2400
520,42,0.0024439827539026737,0.011117103509604931,0.011535916477441788,0.01069828774780035,2400
521,42,0.002416651161183836,0.012184863910079002,0.01243006344884634,0.011939664371311665,2400
522,42,0.002093402130412869,0.01294077467173338,0.014205528423190117,0.011676023714244366,2400
523,42,0.002242359219962964,0.011715046130120754,0.013013673014938831,0.010416421107947826,2400
524,42,0.0020471770403673872,0.011535550467669964,0.013229310512542725,0.009841791354119778,2400
525,42,0.002240921818156494,0.011562497355043888,0.012326064519584179,0.010798928327858448,2400
526,42,0.0021334990415198263,0.011629841290414333,0.012528513558208942,0.010731169022619724,2400
527,42,0.002160876440029824,0.012085631489753723,0.012466772459447384,0.011704492382705212,2400
528,42,0.002057151559711201,0.01189199835062027,0.01279335655272007,0.010990639217197895,2400
529,42,0.00209909787736251,0.012424993328750134,0.014098914340138435,0.010751073248684406,2400
530,42,0.003104670537140919,0.01216134987771511,0.013238251209259033,0.011084450408816338,2400
531,42,0.002333365428057732,0.010751504451036453,0.011913564056158066,0.009589443914592266,2400
532,42,0.001993472771573579,0.011322291567921638,0.012503585778176785,0.010140997357666492,2400
533,42,0.002305842426721938,0.013187477365136147,0.014234115369617939,0.012140841223299503,2400
534,42,0.002165505193261197,0.0116723095998168,0.012584283947944641,0.010760338045656681,2400
535,42,0.002223117207904579,0.012290657497942448,0.014101200737059116,0.010480114258825779,2400
536,42,0.0025903576824930497,0.011905939318239689,0.012796931900084019,0.011014946736395359,2400
537,42,0.0020160933236184064,0.012118718586862087,0.012534810230135918,0.011702628806233406,2400
538,42,0.0017760276059561875,0.011789039708673954,0.01320767030119896,0.010370410047471523,2400
539,42,0.002097456816045451,0.01270658802241087,0.015747439116239548,0.009665737859904766,2400
540,42,0.0026123503739654552,0.012124049477279186,0.012811473570764065,0.011436628177762032,2400
541,42,0.0022624494340561796,0.01219875831156969,0.01299110148102045,0.01140641886740923,2400
542,42,0.002575205151515547,0.011136399582028389,0.012434125877916813,0.009838671423494816,2400
543,42,0.0019311071700940374,0.01106704119592905,0.01191431563347578,0.010219767689704895,2400
544,42,0.0019487332028802484,0.012269430793821812,0.012723919935524464,0.011814938858151436,2400
545,42,0.0021607673188555054,0.013038785196840763,0.015001213178038597,0.011076357215642929,2400
546,42,0.0022402638496714644,0.012558511458337307,0.013849949464201927,0.011267072521150112,2400
547,42,0.002610968567751115,0.012486507184803486,0.012157581746578217,0.012815432623028755,2400
548,42,0.002021758700720966,0.011627448722720146,0.012913000769913197,0.01034189946949482,2400
549,42,0.0019289231149741681,0.011550410650670528,0.012692646123468876,0.010408172383904457,2400
550,42,0.00198850982451404,0.011878754012286663,0.012709975242614746,0.01104753278195858,2400
551,42,0.001959734316187678,0.011677777394652367,0.012623499147593975,0.010732055641710758,2400
552,42,0.0019680301684275037,0.011442960239946842,0.013047171756625175,0.009838750585913658,2400
553,42,0.002609812159789726,0.012381168082356453,0.013134213164448738,0.011628123000264168,2400
554,42,0.0024591125365986954,0.011833430267870426,0.012688168324530125,0.010978695936501026,2400
555,42,0.0020556700219458435,0.011927814222872257,0.013830513693392277,0.010025113821029663,2400
556,42,0.0018398426091152942,0.011535055004060268,0.012159887701272964,0.010910223238170147,2400
557,42,0.001793934536181041,0.01204769778996706,0.012722124345600605,0.011373269371688366,2400
558,42,0.0018394538001302863,0.011989508755505085,0.013431800529360771,0.010547217912971973,2400
559,42,0.0019255527931818506,0.01161073986440897,0.012695388868451118,0.01052609272301197,2400
560,42,0.0018860533546103397,0.011473102495074272,0.012814320623874664,0.010131883434951305,2400
561,42,0.0017819236381910741,0.011174528859555721,0.012184595689177513,0.01016446202993393,2400
562,42,0.0018006842856266303,0.011779389344155788,0.01325385831296444,0.010304917581379414,2400
563,42,0.001888527982373489,0.011324217543005943,0.012530329637229443,0.010118105448782444,2400
564,42,0.0017175088705698727,0.011484217830002308,0.01285038236528635,0.010118050500750542,2400
565,42,0.001582398694154108,0.011508665978908539,0.013245906680822372,0.009771427139639854,2400
566,42,0.0025371646934218006,0.012697459198534489,0.013463825918734074,0.011931092478334904,2400
567,42,0.002377550068558776,0.01212165504693985,0.013063952326774597,0.011179358698427677,2400
568,42,0.0023258853707375238,0.012300054542720318,0.012342643924057484,0.012257465161383152,2400
569,42,0.002746027490502456,0.012274814769625664,0.012913569808006287,0.011636058799922466,2400
570,42,0.002303697710885899,0.011551578529179096,0.011910714209079742,0.0111924409866333,2400
571,42,0.002029943778325105,0.011677339673042297,0.013505515642464161,0.009849165566265583,2400
572,42,0.0019602675984060625,0.01159922406077385,0.012433070689439774,0.010765374638140202,2400
573,42,0.0021683906543330522,0.012162505649030209,0.013279692269861698,0.011045319959521294,2400
574,42,0.0022949114227230893,0.01280213613063097,0.012928927317261696,0.012675341218709946,2400
575,42,0.00178580777355819,0.011865227483212948,0.012761037796735764,0.010969417169690132,2400
576,42,0.0021027239727118285,0.011739869602024555,0.012496107257902622,0.010983631014823914,2400
577,42,0.002270898576171021,0.013057416304945946,0.013199780136346817,0.012915052473545074,2400
578,42,0.002469425275194226,0.012560024857521057,0.012763546779751778,0.012356501072645187,2400
579,42,0.0020042414744239068,0.011619160883128643,0.012214407324790955,0.011023915372788906,2400
580,42,0.001669516632318846,0.012534117326140404,0.01344451867043972,0.011623715981841087,2400
581,42,0.0017472998351877322,0.011493761092424393,0.012494037859141827,0.010493486188352108,2400
582,42,0.0017227674270543503,0.01176257524639368,0.012370238080620766,0.011154912412166595,2400
583,42,0.0019009182396985125,0.011824648827314377,0.013581587001681328,0.010067710652947426,2400
584,42,0.001798940200387733,0.011410587467253208,0.01212342269718647,0.010697749443352222,2400
585,42,0.0017698674055282027,0.012131436727941036,0.013369007036089897,0.0108938654884696,2400
586,42,0.002059813486994244,0.01243919413536787,0.013766514137387276,0.011111876927316189,2400
587,42,0.002025940599196474,0.011794771999120712,0.012655453756451607,0.010934089310467243,2400
588,42,0.002293703009854653,0.012974162586033344,0.01384961511939764,0.012098710052669048,2400
589,42,0.002082711238472257,0.01122575718909502,0.013279303908348083,0.009172213263809681,2400
590,42,0.002449912964948453,0.012223776429891586,0.013166823424398899,0.011280725710093975,2400
591,42,0.002225004638603423,0.012152216397225857,0.012883980758488178,0.011420450173318386,2400
592,42,0.0017957097552425694,0.012686911970376968,0.013995942659676075,0.011377877555787563,2400
593,42,0.002194037946537719,0.012189789675176144,0.013449862599372864,0.010929716750979424,2400
594,42,0.00220078378697508,0.0118735171854496,0.013623506762087345,0.01012352667748928,2400
595,42,0.002016281010583043,0.01120722945779562,0.011889084242284298,0.010525376535952091,2400
596,42,0.0023490378735004924,0.012190583162009716,0.012933241203427315,0.011447923257946968,2400
597,42,0.0021676078431482892,0.011382708325982094,0.011892545036971569,0.010872874408960342,2400
598,42,0.002177891983592417,0.011668430641293526,0.012570399791002274,0.010766461491584778,2400
599,42,0.00179908644167881,0.012676434591412544,0.013680198229849339,0.0116726728156209,2400
600,42,0.002232570190244587,0.011994270607829094,0.012949958443641663,0.011038585565984249,2400
601,42,0.0022562941812793724,0.011711927130818367,0.012496658600866795,0.010927194729447365,2400
602,42,0.0020348740836197976,0.011198856867849827,0.01242822501808405,0.009969489648938179,2400
603,42,0.0019776020999415778,0.013512282632291317,0.015901261940598488,0.011123305186629295,2400
604,42,0.002567739054939011,0.012198158539831638,0.013244491070508957,0.011151822283864021,2400
605,42,0.0019243180140620098,0.011542117223143578,0.012419288977980614,0.010664945468306541,2400
606,42,0.0017919200672622537,0.012494933791458607,0.013150353915989399,0.01183951273560524,2400
607,42,0.0020953692965122173,0.011599353514611721,0.01229081116616726,0.010907895863056183,2400
608,42,0.0019732353739527753,0.01126095186918974,0.012150416150689125,0.010371486656367779,2400
609,42,0.002180659146688413,0.012028916738927364,0.012964215129613876,0.011093618348240852,2400
610,42,0.002117101594194537,0.011008850298821926,0.012524569407105446,0.009493132121860981,2400
611,42,0.0022537135700986255,0.011934109963476658,0.012626647017896175,0.011241573840379715,2400
612,42,0.001983309413844836,0.01232430711388588,0.013221340253949165,0.011427273042500019,2400
613,42,0.0018081164762406843,0.011348539032042027,0.012772820889949799,0.009924258105456829,2400
614,42,0.0021935789882263634,0.013028191402554512,0.013808458112180233,0.012247923761606216,2400
615,42,0.0018102109606843442,0.01190030574798584,0.013321402482688427,0.010479209013283253,2400
616,42,0.0020434084326552693,0.011422822251915932,0.012022187002003193,0.010823455639183521,2400
617,42,0.002097566411976004,0.012035162188112736,0.013001482002437115,0.011068842373788357,2400
618,42,0.002266277700982755,0.011953294277191162,0.013138593174517155,0.010767994448542595,2400
619,42,0.0019695332521223463,0.010968456044793129,0.011625248938798904,0.010311665944755077,2400
620,42,0.0017149844970845152,0.011992205865681171,0.01347494125366211,0.010509468615055084,2400
621,42,0.0018043231084448053,0.011105853132903576,0.011950725689530373,0.010260982438921928,2400
622,42,0.0016687594816175988,0.011405524797737598,0.01228093821555376,0.010530111379921436,2400
623,42,0.0022744462003174704,0.01110155414789915,0.011941834352910519,0.010261273011565208,2400
624,42,0.001819821452954784,0.012193070724606514,0.013047666288912296,0.011338475160300732,2400
625,42,0.002340246417588787,0.010976768098771572,0.011786622926592827,0.010166912339627743,2400
626,42,0.0020457583905226784,0.012787295505404472,0.012666702270507812,0.012907887808978558,2400
627,42,0.002360507900448283,0.012714868411421776,0.014156649820506573,0.011273086071014404,2400
628,42,0.001855396094470052,0.01145264320075512,0.01194667723029852,0.010958612896502018,2400
629,42,0.0017709154926706105,0.011333568021655083,0.012340855784714222,0.010326278395950794,2400
630,42,0.0020562510762829334,0.01137993298470974,0.012051914818584919,0.01070795301347971,2400
631,42,0.0021234828782326076,0.01393086090683937,0.016857750713825226,0.011003972962498665,2400
632,42,0.0022222271782084135,0.011987893842160702,0.012627086602151394,0.011348704807460308,2400
633,42,0.0019089203524345066,0.011161725036799908,0.011846525594592094,0.010476923547685146,2400
634,42,0.0021095680895086844,0.011689877137541771,0.012193774804472923,0.011185978539288044,2400
635,42,0.0023489402774430346,0.011471663601696491,0.012687859125435352,0.010255469009280205,2400
636,42,0.002167389444366563,0.013165932148694992,0.01330547034740448,0.013026392087340355,2400
637,42,0.002453101464197971,0.01252769399434328,0.012865768745541573,0.012189618311822414,2400
638,42,0.002016025933698984,0.012759626843035221,0.013376940973103046,0.01214231550693512,2400
639,42,0.0018770587848848663,0.012043365277349949,0.012809501960873604,0.011277229525148869,2400
640,42,0.0016486564873048337,0.011665300466120243,0.012698565609753132,0.010632039979100227,2400
641,42,0.001828916285376181,0.012225079350173473,0.013297119177877903,0.011153041385114193,2400
642,42,0.0017025963225023588,0.011750554665923119,0.01258168090134859,0.010919430293142796,2400
643,42,0.00168954134460364,0.01189693994820118,0.012452573515474796,0.011341305449604988,2400
644,42,0.0018397901876596734,0.01210947148501873,0.01373120117932558,0.010487743653357029,2400
645,42,0.0018847323535737814,0.01233936008065939,0.013783825561404228,0.010894893668591976,2400
646,42,0.0017064293315343093,0.011535822413861752,0.012206200510263443,0.010865443386137486,2400
647,42,0.00206940548014245,0.012170271947979927,0.013586034998297691,0.010754508897662163,2400
648,42,0.002092910301144002,0.012267366982996464,0.01230708323419094,0.012227651663124561,2400
649,42,0.002262052697915351,0.013079702854156494,0.012941320426762104,0.013218088075518608,2400
650,42,0.002147321247321088,0.01144679356366396,0.01239566970616579,0.01049791555851698,2400
651,42,0.0016523115900781704,0.011650964617729187,0.012782414443790913,0.01051951851695776,2400
