Kr,hr,f0,f1,A,x_r_start,u_Kr,u_hr,u_f0,u_f1,u_A,u_x_r_start,peak_y_true,target_error_m,target_error_mm,reachability_gap_m,reachability_gap_mm,max_abs_xr_true,constraint_violation_abs_m,constraint_violation_abs_mm,residual_margin_m,residual_margin_mm,feasible_abs,tracking_cost,constraint_cost,J_true,run_label,method,target,iteration,phase,kernel,acquisition,seed,total_budget,initial_points,simulation_time_s,gp_fit_time_s,acquisition_time_s,iteration_time_s,acquisition_score,candidate_pool_size,candidate_pool_global,candidate_pool_local,best_J_so_far,best_feasible_error_so_far_mm,best_feasible_margin_so_far_mm,is_current_best_J,benchmark,kernel_label,acquisition_label,gp_alpha,alpha_label,long_total_evaluations
1993.6864076067986,0.36880151959998475,0.441822802979989,1.694424920933793,0.11646762399853552,0.3830237043853668,0.1410532593162282,0.7680043417142423,0.9766365799428257,0.23147497364459763,0.8822541332845175,0.6604740877073367,0.6609991665125491,0.010999166512549063,10.999166512549063,0.0,0.0,0.5192086701979426,0.01920867019794259,19.20867019794259,-0.01920867019794259,-19.20867019794259,False,1.2098166397078072,147.58920430933114,148.79902094903895,budget_long_PI_RBF_alpha1em08_target0650_seed2026,BO,0.65,1,initial_lhs,rbf,pi,2026,200,20,0.3264146000146866,0.0,0.0,0.32646270003169775,,0,0,0,148.79902094903895,,,True,budget_sweep,RBF,PI,1e-08,1e-08,200
3091.5998285814944,0.13189631914309666,0.1585762659530102,3.9552545848966645,0.10504955669975641,0.3702003745986568,0.45474280816614127,0.09113234040884757,0.1673607598657434,0.9850848616322215,0.5016518899918805,0.4040074919731361,0.5908298246398245,0.05917017536017555,59.17017536017555,0.05917017536017555,59.17017536017555,0.6697087739605099,0.16970877396050987,169.70877396050986,-0.16970877396050987,-169.70877396050986,False,35.01109652153925,11520.427183671773,11555.438280193312,budget_long_PI_RBF_alpha1em08_target0650_seed2026,BO,0.65,2,initial_lhs,rbf,pi,2026,200,20,0.48282509995624423,0.0,0.0,0.48288569995202124,,0,0,0,148.79902094903895,,,False,budget_sweep,RBF,PI,1e-08,1e-08,200
2788.722609274686,0.174327188301116,0.23098481031435883,3.1261157112436644,0.09532742918189985,0.3641529688667156,0.36820645979276745,0.21236339514604566,0.3742423151838824,0.7087052370812215,0.17758097272999485,0.2830593773343119,0.5739182413093474,0.07608175869065259,76.08175869065259,0.07608175869065259,76.08175869065259,0.5740026727456994,0.07400267274569938,74.00267274569939,-0.07400267274569938,-74.00267274569939,False,57.88434005462691,2190.558229402831,2248.442569457458,budget_long_PI_RBF_alpha1em08_target0650_seed2026,BO,0.65,3,initial_lhs,rbf,pi,2026,200,20,0.43335639988072217,0.0,0.0,0.43340590014122427,,0,0,0,148.79902094903895,,,False,budget_sweep,RBF,PI,1e-08,1e-08,200
1626.3676372874722,0.14853917150524046,0.3882982052414582,1.8353631908973354,0.1145052290692911,0.369967898794083,0.036105039224992044,0.13868334715782984,0.8237091578327377,0.27845439696577845,0.8168409689763703,0.39935797588165967,0.6763787370529242,0.02637873705292415,26.37873705292415,0.0,0.0,0.5522293231322154,0.0522293231322154,52.2293231322154,-0.0522293231322154,-52.2293231322154,False,6.958377685073135,1091.1608779397482,1098.1192556248213,budget_long_PI_RBF_alpha1em08_target0650_seed2026,BO,0.65,4,initial_lhs,rbf,pi,2026,200,20,0.33995570009574294,0.0,0.0,0.34001779998652637,,0,0,0,148.79902094903895,,,False,budget_sweep,RBF,PI,1e-08,1e-08,200
4571.6521672307235,0.33860933598018317,0.3240805420022478,2.260770119349092,0.10884703026607404,0.3617500212406371,0.8776149049230639,0.6817409599433805,0.6402301200064222,0.4202567064496973,0.6282343422024678,0.2350004248127425,0.598058276764976,0.051941723235023995,51.94172323502399,0.051941723235023995,51.94172323502399,0.4870047433135874,0.0,0.0,0.012995256686412604,12.995256686412604,True,26.979426126238312,0.0,26.979426126238312,budget_long_PI_RBF_alpha1em08_target0650_seed2026,BO,0.65,5,initial_lhs,rbf,pi,2026,200,20,0.4200148999225348,0.0,0.0,0.42007089988328516,,0,0,0,26.979426126238312,51.94172323502399,12.995256686412604,True,budget_sweep,RBF,PI,1e-08,1e-08,200
4263.352178783662,0.24219407899913686,0.17354440947837493,3.758993548497253,0.09248234913199906,0.37763295052255086,0.789529193938189,0.40626879714039105,0.2101268842239284,0.9196645161657511,0.08274497106663539,0.5526590104510176,0.5659842500109317,0.08401574998906836,84.01574998906835,0.08401574998906836,84.01574998906835,0.5333535878127188,0.0333535878127188,33.3535878127188,-0.0333535878127188,-33.3535878127188,False,70.58646246225638,444.9847279922976,515.571190454554,budget_long_PI_RBF_alpha1em08_target0650_seed2026,BO,0.65,6,initial_lhs,rbf,pi,2026,200,20,0.5256499000824988,0.0,0.0,0.525694000069052,,0,0,0,26.979426126238312,51.94172323502399,12.995256686412604,False,budget_sweep,RBF,PI,1e-08,1e-08,200
4026.4089594620546,0.35492665205665086,0.11924213201742612,1.1020987294147206,0.09795600769479931,0.3942154491818441,0.7218311312748728,0.7283618630190024,0.0549775200497889,0.03403290980490688,0.2652002564933108,0.8843089836368815,0.6241290328020909,0.025870967197909156,25.870967197909156,0.025870967197909156,25.870967197909156,0.501427141730629,0.0014271417306289669,1.4271417306289669,-0.0014271417306289669,-1.4271417306289669,False,6.693069437552915,0.814693407721057,7.507762845273972,budget_long_PI_RBF_alpha1em08_target0650_seed2026,BO,0.65,7,initial_lhs,rbf,pi,2026,200,20,0.3384175000246614,0.0,0.0,0.3384623001329601,,0,0,0,7.507762845273972,51.94172323502399,12.995256686412604,True,budget_sweep,RBF,PI,1e-08,1e-08,200
2679.2282168954353,0.2977352844337351,0.3410118903691212,3.026033451552268,0.10712995732046916,0.35952773408811384,0.33692234768441,0.5649579555249573,0.6886054010546321,0.675344483850756,0.5709985773489722,0.19055468176227708,0.5931258772379184,0.05687412276208159,56.87412276208159,0.05687412276208159,56.87412276208159,0.5081270260035665,0.008127026003566518,8.127026003566517,-0.008127026003566518,-8.127026003566517,False,32.34665839956327,26.419420665058546,58.76607906462181,budget_long_PI_RBF_alpha1em08_target0650_seed2026,BO,0.65,8,initial_lhs,rbf,pi,2026,200,20,0.3700498000252992,0.0,0.0,0.3700888999737799,,0,0,0,7.507762845273972,51.94172323502399,12.995256686412604,False,budget_sweep,RBF,PI,1e-08,1e-08,200
2072.032884787272,0.38790154636906893,0.19412369295654608,3.4941783524804757,0.11036971011011905,0.3812629258052074,0.16343796708207775,0.8225758467687685,0.2689248370187031,0.8313927841601585,0.6789903370039683,0.6252585161041472,0.6107147108372657,0.03928528916273433,39.28528916273433,0.03928528916273433,39.28528916273433,0.5059800673723098,0.0059800673723098274,5.980067372309827,-0.0059800673723098274,-5.980067372309827,False,15.433339445996511,14.304482310945826,29.73782175694234,budget_long_PI_RBF_alpha1em08_target0650_seed2026,BO,0.65,9,initial_lhs,rbf,pi,2026,200,20,0.3470422998070717,0.0,0.0,0.34708340000361204,,0,0,0,7.507762845273972,51.94172323502399,12.995256686412604,False,budget_sweep,RBF,PI,1e-08,1e-08,200
3342.7550903289202,0.22817631360013158,0.26489939367131654,2.7375594035511304,0.09749729646958977,0.3755149223480612,0.5265014543796915,0.3662180388575188,0.4711411247751901,0.5791864678503768,0.24990988231965905,0.5102984469612248,0.5885491753039922,0.06145082469600782,61.45082469600782,0.06145082469600782,61.45082469600782,0.5284328488877822,0.02843284888778219,28.432848887782193,-0.02843284888778219,-28.432848887782193,False,37.762038558194845,323.3707583501828,361.13279690837766,budget_long_PI_RBF_alpha1em08_target0650_seed2026,BO,0.65,10,initial_lhs,rbf,pi,2026,200,20,0.43963140016421676,0.0,0.0,0.4396724000107497,,0,0,0,7.507762845273972,51.94172323502399,12.995256686412604,False,budget_sweep,RBF,PI,1e-08,1e-08,200
3859.1077612997415,0.2692854683833028,0.2837507871078041,2.6359831099758075,0.11264294389116997,0.39752565958103875,0.6740307889427832,0.48367276680943655,0.5250022488794402,0.5453277033252691,0.7547647963723324,0.9505131916207749,0.6425730534663547,0.0074269465336452845,7.4269465336452845,0.0074269465336452845,7.4269465336452845,0.5513642712593745,0.05136427125937448,51.36427125937448,-0.05136427125937448,-51.36427125937448,False,0.5515953481362571,1055.3153448026414,1055.8669401507777,budget_long_PI_RBF_alpha1em08_target0650_seed2026,BO,0.65,11,initial_lhs,rbf,pi,2026,200,20,0.43867750000208616,0.0,0.0,0.43872039997950196,,0,0,0,7.507762845273972,51.94172323502399,12.995256686412604,False,budget_sweep,RBF,PI,1e-08,1e-08,200
3064.721336934773,0.11123095367465083,0.24472386988816602,2.4528642803173177,0.10114942536245332,0.39645857259421247,0.44706323912422086,0.03208843907043093,0.4134967711090458,0.4842880934391059,0.37164751208177754,0.9291714518842484,0.6293923298404437,0.020607670159556335,20.607670159556335,0.020607670159556335,20.607670159556335,0.573143445458621,0.07314344545862095,73.14344545862095,-0.07314344545862095,-73.14344545862095,False,4.246760694050686,2139.9854454233027,2144.2322061173536,budget_long_PI_RBF_alpha1em08_target0650_seed2026,BO,0.65,12,initial_lhs,rbf,pi,2026,200,20,0.42133460007607937,0.0,0.0,0.4213882000185549,,0,0,0,7.507762845273972,51.94172323502399,12.995256686412604,False,budget_sweep,RBF,PI,1e-08,1e-08,200
4864.512872414597,0.15322687298312943,0.10195308003945816,3.3068596802199925,0.09125958853099789,0.35013234479172084,0.9612893921184563,0.1520767799517983,0.005580228684166166,0.7689532267399974,0.04198628436659651,0.0026468958344168627,0.5392685797786678,0.1107314202213322,110.7314202213322,0.1107314202213322,110.7314202213322,0.5207931456992558,0.020793145699255833,20.79314569925583,-0.020793145699255833,-20.79314569925583,False,122.61447424233259,172.94196322819255,295.5564374705251,budget_long_PI_RBF_alpha1em08_target0650_seed2026,BO,0.65,13,initial_lhs,rbf,pi,2026,200,20,0.5255013999994844,0.0,0.0,0.5255473998840898,,0,0,0,7.507762845273972,51.94172323502399,12.995256686412604,False,budget_sweep,RBF,PI,1e-08,1e-08,200
4470.86432498244,0.28729008451263494,0.35757176387073963,2.099226102741594,0.11776895540089123,0.3747677786281064,0.8488183785664113,0.5351145271789569,0.7359193253449703,0.36640870091386474,0.9256318466963744,0.49535557256212764,0.6362151264536735,0.013784873546326515,13.784873546326516,0.013784873546326515,13.784873546326516,0.5122159399381673,0.012215939938167275,12.215939938167274,-0.012215939938167275,-12.215939938167274,False,1.9002273868821256,59.69167542916412,61.59190281604624,budget_long_PI_RBF_alpha1em08_target0650_seed2026,BO,0.65,14,initial_lhs,rbf,pi,2026,200,20,0.4219321000855416,0.0,0.0,0.4221830000169575,,0,0,0,7.507762845273972,51.94172323502399,12.995256686412604,False,budget_sweep,RBF,PI,1e-08,1e-08,200
1847.7498696446373,0.4394244744314614,0.21389904168403379,3.6097926817989396,0.1026539642042017,0.3877738522292508,0.09935710561275349,0.9697842126613182,0.3254258333829537,0.86993089393298,0.42179880680672327,0.755477044585016,0.5978693119191226,0.052130688080877396,52.1306880808774,0.052130688080877396,52.1306880808774,0.5023755187037511,0.0023755187037510783,2.3755187037510783,-0.0023755187037510783,-2.3755187037510783,False,27.176086397857325,2.2572356447484814,29.433322042605806,budget_long_PI_RBF_alpha1em08_target0650_seed2026,BO,0.65,15,initial_lhs,rbf,pi,2026,200,20,0.32005629991181195,0.0,0.0,0.32010219991207123,,0,0,0,7.507762845273972,51.94172323502399,12.995256686412604,False,budget_sweep,RBF,PI,1e-08,1e-08,200
2214.2805498726457,0.2192054996807086,0.2935128847842656,1.3318410060515826,0.09354146062166555,0.3558509818312726,0.20408015710647015,0.3405871419448817,0.5528939565264733,0.11061366868386083,0.11804868738885169,0.11701963662545253,0.5947220506405031,0.055277949359496925,55.27794935949692,0.055277949359496925,55.27794935949692,0.46912469547018465,0.0,0.0,0.03087530452981535,30.875304529815352,True,30.55651685391106,0.0,30.55651685391106,budget_long_PI_RBF_alpha1em08_target0650_seed2026,BO,0.65,16,initial_lhs,rbf,pi,2026,200,20,0.45579879987053573,0.0,0.0,0.4558441999834031,,0,0,0,7.507762845273972,51.94172323502399,12.995256686412604,False,budget_sweep,RBF,PI,1e-08,1e-08,200
3679.4394597673872,0.41644789225625034,0.14841789389149757,2.8601026011595625,0.10377863540719252,0.3546630963709472,0.6226969885049678,0.904136835017858,0.13833683968999305,0.6200342003865209,0.4592878469064175,0.0932619274189435,0.5698473855719886,0.08015261442801147,80.15261442801147,0.08015261442801147,80.15261442801147,0.46843573219311463,0.0,0.0,0.03156426780688537,31.564267806885372,True,64.24441599645473,0.0,64.24441599645473,budget_long_PI_RBF_alpha1em08_target0650_seed2026,BO,0.65,17,initial_lhs,rbf,pi,2026,200,20,0.39432820002548397,0.0,0.0,0.39437539991922677,,0,0,0,7.507762845273972,51.94172323502399,12.995256686412604,False,budget_sweep,RBF,PI,1e-08,1e-08,200
3492.2860519871983,0.4079504141782324,0.40159436402434,1.589842845906919,0.0995897784284487,0.36535730327503335,0.5692245862820566,0.8798583262235213,0.8616981829266859,0.19661428196897296,0.3196592809482898,0.30714606550066764,0.5943044526523505,0.05569554734764948,55.69554734764948,0.05569554734764948,55.69554734764948,0.4743590729175205,0.0,0.0,0.025640927082479503,25.640927082479504,True,31.019939943542646,0.0,31.019939943542646,budget_long_PI_RBF_alpha1em08_target0650_seed2026,BO,0.65,18,initial_lhs,rbf,pi,2026,200,20,0.33252339996397495,0.0,0.0,0.3325700999703258,,0,0,0,7.507762845273972,51.94172323502399,12.995256686412604,False,budget_sweep,RBF,PI,1e-08,1e-08,200
2440.039124086459,0.1993765903295634,0.42102356902136695,1.9992770735895984,0.11149711081738486,0.3871791389963949,0.26858260688184543,0.283933115227324,0.9172101972039055,0.33309235786319946,0.7165703605794955,0.7435827799278973,0.6568261158183046,0.006826115818304612,6.826115818304612,0.0,0.0,0.5427916149487392,0.042791614948739176,42.79161494873917,-0.042791614948739176,-42.79161494873917,False,0.46595857164908444,732.4489239684631,732.9148825401122,budget_long_PI_RBF_alpha1em08_target0650_seed2026,BO,0.65,19,initial_lhs,rbf,pi,2026,200,20,0.37480779993347824,0.0,0.0,0.37485179980285466,,0,0,0,7.507762845273972,51.94172323502399,12.995256686412604,False,budget_sweep,RBF,PI,1e-08,1e-08,200
4776.001444765719,0.326927428381554,0.3785315856931529,1.216784557027524,0.11965245266791154,0.3912097935309057,0.9360004127902053,0.6483640810901543,0.7958045305518654,0.07226151900917469,0.9884150889303847,0.8241958706181134,0.6736747088066619,0.023674708806661893,23.674708806661894,0.0,0.0,0.5211408935865828,0.021140893586582776,21.140893586582777,-0.021140893586582776,-21.140893586582777,False,5.604918370802342,178.7749526556867,184.37987102648904,budget_long_PI_RBF_alpha1em08_target0650_seed2026,BO,0.65,20,initial_lhs,rbf,pi,2026,200,20,0.40053949994035065,0.0,0.0,0.40057830000296235,,0,0,0,7.507762845273972,51.94172323502399,12.995256686412604,False,budget_sweep,RBF,PI,1e-08,1e-08,200
2552.3111292709655,0.330435281072236,0.41630909784149284,2.9261455524877604,0.10679473782165849,0.35603926743920705,0.30066032264884734,0.6583865173492458,0.9037402795471224,0.6420485174959202,0.5598245940552832,0.12078534878414093,0.5903581358565902,0.05964186414340977,59.64186414340978,0.05964186414340977,59.64186414340978,0.4920246597973334,0.0,0.0,0.007975340202666603,7.975340202666603,True,35.57151958500948,0.0,35.57151958500948,budget_long_PI_RBF_alpha1em08_target0650_seed2026,BO,0.65,21,bo,rbf,pi,2026,200,20,0.38576520001515746,0.06130570010282099,0.0025759998243302107,0.4498234000056982,0.9999981672643264,5000,4000,1000,7.507762845273972,51.94172323502399,12.995256686412604,False,budget_sweep,RBF,PI,1e-08,1e-08,200
4077.507758526487,0.35622918667068004,0.11942371907783902,1.1179883573626377,0.09861513405705138,0.39612825867992185,0.736430788150425,0.7320833904876574,0.05549634022239718,0.03932945245421259,0.28717113523504634,0.9225651735984373,0.6265344757957845,0.02346552420421555,23.465524204215548,0.02346552420421555,23.465524204215548,0.5039186130167511,0.003918613016751116,3.9186130167511157,-0.003918613016751116,-3.9186130167511157,False,5.506308261786257,6.142211190020513,11.64851945180677,budget_long_PI_RBF_alpha1em08_target0650_seed2026,BO,0.65,22,bo,rbf,pi,2026,200,20,0.35370979993604124,0.02582259988412261,0.0037471000105142593,0.38340470008552074,0.3471267217183261,5000,4000,1000,7.507762845273972,51.94172323502399,12.995256686412604,False,budget_sweep,RBF,PI,1e-08,1e-08,200
2463.0532456017436,0.2749226448723322,0.16806621210514977,3.9165128731333176,0.116312033287654,0.37675697772315575,0.2751580701719267,0.4997789853495205,0.19447489172899934,0.9721709577111058,0.8770677762551334,0.5351395544631148,0.6198331747142121,0.030166825285787957,30.166825285787958,0.030166825285787957,30.166825285787958,0.5481779495896766,0.04817794958967658,48.17794958967659,-0.04817794958967658,-48.17794958967659,False,9.100373478232557,928.4459306661672,937.5463041443998,budget_long_PI_RBF_alpha1em08_target0650_seed2026,BO,0.65,23,bo,rbf,pi,2026,200,20,0.4212051001377404,0.09081139997579157,0.0022191000171005726,0.5143340001814067,0.9806011095191541,5000,4000,1000,7.507762845273972,51.94172323502399,12.995256686412604,False,budget_sweep,RBF,PI,1e-08,1e-08,200
3738.1514135001466,0.2550842208820412,0.1500327209196878,2.853377222367013,0.10091040496750109,0.3507320753450364,0.6394718324286133,0.4430977739486892,0.142950631199108,0.617792407455671,0.3636801655833696,0.01464150690072863,0.5660617193273212,0.08393828067267883,83.93828067267883,0.08393828067267883,83.93828067267883,0.500003197389812,3.19738981202633e-06,0.00319738981202633,-3.19738981202633e-06,-0.00319738981202633,False,70.45634962285408,4.089320644019908e-06,70.45635371217472,budget_long_PI_RBF_alpha1em08_target0650_seed2026,BO,0.65,24,bo,rbf,pi,2026,200,20,0.4999849998857826,0.13279189984314144,0.0028994001913815737,0.6357825000304729,1.0,5000,4000,1000,7.507762845273972,51.94172323502399,12.995256686412604,False,budget_sweep,RBF,PI,1e-08,1e-08,200
3444.22046454429,0.2671786980161993,0.1427528567128261,1.2178151894723352,0.09757494573176693,0.3595692827216138,0.5554915612983685,0.4776534229034267,0.1221510191795031,0.07260506315744508,0.2524981910588978,0.19138565443227618,0.5929208606591987,0.05707913934080133,57.07913934080133,0.05707913934080133,57.07913934080133,0.46943555750393995,0.0,0.0,0.03056444249606005,30.564442496060053,True,32.58028147886614,0.0,32.58028147886614,budget_long_PI_RBF_alpha1em08_target0650_seed2026,BO,0.65,25,bo,rbf,pi,2026,200,20,0.3815609999001026,0.0935119001660496,0.002383399987593293,0.47755909990519285,0.9998861677818514,5000,4000,1000,7.507762845273972,51.94172323502399,12.995256686412604,False,budget_sweep,RBF,PI,1e-08,1e-08,200
4906.879104658257,0.22337834124891698,0.15098249486856175,3.1370678693040612,0.09567278348748194,0.35015513962915107,0.9733940299023591,0.35250954642547705,0.1456642710530336,0.7123559564346871,0.18909278291606502,0.0031027925830220404,0.5466873040261467,0.10331269597385329,103.31269597385328,0.10331269597385329,103.31269597385328,0.4978665192796991,0.0,0.0,0.0021334807203008954,2.1334807203008954,True,106.73513149385839,0.0,106.73513149385839,budget_long_PI_RBF_alpha1em08_target0650_seed2026,BO,0.65,26,bo,rbf,pi,2026,200,20,0.5061514000408351,0.1423465998377651,0.0030394999776035547,0.651639899937436,0.9769182594632131,5000,4000,1000,7.507762845273972,51.94172323502399,12.995256686412604,False,budget_sweep,RBF,PI,1e-08,1e-08,200
4743.895040378231,0.26713482191770466,0.134572426986952,3.6244234327394538,0.10996344162487039,0.3575350007115678,0.9268271543937804,0.4775280626220133,0.09877836281986285,0.8748078109131513,0.6654480541623463,0.15070001423135615,0.5785438203055462,0.07145617969445384,71.45617969445384,0.07145617969445384,71.45617969445384,0.527105963039245,0.02710596303924495,27.10596303924495,-0.02710596303924495,-27.10596303924495,False,51.05985616526076,293.89329291396535,344.95314907922614,budget_long_PI_RBF_alpha1em08_target0650_seed2026,BO,0.65,27,bo,rbf,pi,2026,200,20,0.5246760998852551,0.08681939984671772,0.0026420000940561295,0.6142442000564188,0.9999784750493156,5000,4000,1000,7.507762845273972,51.94172323502399,12.995256686412604,False,budget_sweep,RBF,PI,1e-08,1e-08,200
4185.701084603839,0.24599565726128525,0.14374875928937283,1.741575429941923,0.11446198355176723,0.38968229758768025,0.7673431670296685,0.41713044931795784,0.1249964551124938,0.24719180998064105,0.8153994517255744,0.7936459517536053,0.6487948503276182,0.0012051496723818333,1.2051496723818333,0.0012051496723818333,1.2051496723818333,0.5182645445723209,0.01826454457232085,18.26454457232085,-0.01826454457232085,-18.26454457232085,False,0.014523857328420403,133.43743537371802,133.45195923104643,budget_long_PI_RBF_alpha1em08_target0650_seed2026,BO,0.65,28,bo,rbf,pi,2026,200,20,0.4472661998588592,0.13863289984874427,0.0030643001664429903,0.5890941999386996,0.9985669454474093,5000,4000,1000,7.507762845273972,51.94172323502399,12.995256686412604,False,budget_sweep,RBF,PI,1e-08,1e-08,200
1540.8771183248477,0.23871143860830954,0.14770653461346692,1.6613274118979775,0.09382447456613242,0.39364606512568906,0.01167917666424223,0.3963183960237415,0.13630438460990546,0.2204424706326592,0.12748248553774766,0.8729213025137811,0.6339377755503224,0.016062224449677642,16.062224449677643,0.016062224449677642,16.062224449677643,0.5144937570554928,0.014493757055492829,14.493757055492829,-0.014493757055492829,-14.493757055492829,False,2.5799505427182226,84.02759743345926,86.60754797617749,budget_long_PI_RBF_alpha1em08_target0650_seed2026,BO,0.65,29,bo,rbf,pi,2026,200,20,0.29567130003124475,0.08057800005190074,0.0034319001715630293,0.3798010000027716,0.9998664008427461,5000,4000,1000,7.507762845273972,51.94172323502399,12.995256686412604,False,budget_sweep,RBF,PI,1e-08,1e-08,200
4601.190238680397,0.24356524578500385,0.14412818558279225,1.060305026072157,0.09595607011776823,0.3524800315512817,0.8860543539086848,0.41018641652858245,0.1260805302365493,0.020101675357385607,0.19853567059227462,0.04960063102563517,0.5806107669096459,0.06938923309035416,69.38923309035417,0.06938923309035416,69.38923309035417,0.4579167331743783,0.0,0.0,0.04208326682562169,42.08326682562169,True,48.148656688675004,0.0,48.148656688675004,budget_long_PI_RBF_alpha1em08_target0650_seed2026,BO,0.65,30,bo,rbf,pi,2026,200,20,0.3958528998773545,0.11754460004158318,0.0036126000341027975,0.517108199885115,0.9949528945066133,5000,4000,1000,7.507762845273972,51.94172323502399,12.995256686412604,False,budget_sweep,RBF,PI,1e-08,1e-08,200
2352.4958089065885,0.3038506242794974,0.13438131705356332,1.3523523604938994,0.10080692757637906,0.3689833826858977,0.24357023111616816,0.5824303550842782,0.09823233443875234,0.11745078683129984,0.3602309192126355,0.3796676537179544,0.6135348519221432,0.036465148077856835,36.46514807785684,0.036465148077856835,36.46514807785684,0.4867977575115101,0.0,0.0,0.01320224248848989,13.20224248848989,True,13.29707024340026,0.0,13.29707024340026,budget_long_PI_RBF_alpha1em08_target0650_seed2026,BO,0.65,31,bo,rbf,pi,2026,200,20,0.31393099995329976,0.1460410999134183,0.0027625998482108116,0.4628359000198543,0.7762010805462465,5000,4000,1000,7.507762845273972,36.46514807785684,13.20224248848989,False,budget_sweep,RBF,PI,1e-08,1e-08,200
4102.9287023022025,0.1739435328880242,0.10174856507533867,3.2104657164146335,0.10029769575485091,0.38892501534855023,0.7436939149434865,0.21126723682292625,0.004995900215253313,0.7368219054715445,0.343256525161697,0.7785003069710039,0.5992780315008491,0.05072196849915089,50.72196849915089,0.05072196849915089,50.72196849915089,0.581370373872876,0.08137037387287605,81.37037387287604,-0.08137037387287605,-81.37037387287604,False,25.727180884288554,2648.455097684651,2674.182278568939,budget_long_PI_RBF_alpha1em08_target0650_seed2026,BO,0.65,32,bo,rbf,pi,2026,200,20,0.5084094998892397,0.16917739994823933,0.0035161999985575676,0.681226700078696,0.7776981103265345,5000,4000,1000,7.507762845273972,36.46514807785684,13.20224248848989,False,budget_sweep,RBF,PI,1e-08,1e-08,200
1834.5671031296051,0.27162370035124117,0.12800018753882747,2.3234833023328507,0.11488441210326446,0.3687599616952357,0.09559060089417293,0.49035342957497474,0.08000053582522137,0.44116110077761694,0.8294804034421486,0.3751992339047151,0.6392371285232767,0.01076287147672328,10.76287147672328,0.01076287147672328,10.76287147672328,0.5356267673126828,0.03562676731268277,35.62676731268277,-0.03562676731268277,-35.62676731268277,False,1.1583940242446353,507.70661966081667,508.8650136850613,budget_long_PI_RBF_alpha1em08_target0650_seed2026,BO,0.65,33,bo,rbf,pi,2026,200,20,0.3553726999089122,0.1382669999729842,0.002984199905768037,0.4967510001733899,0.812347331253628,5000,4000,1000,7.507762845273972,36.46514807785684,13.20224248848989,False,budget_sweep,RBF,PI,1e-08,1e-08,200
3026.0293984605655,0.3282462266186309,0.12840922151238923,3.15644326299905,0.10935211814542668,0.35779251204255097,0.4360083995601616,0.6521320760532312,0.08116920432111208,0.7188144209996833,0.6450706048475562,0.15585024085102017,0.5870872479032793,0.06291275209672076,62.91275209672076,0.06291275209672076,62.91275209672076,0.49891935403601,0.0,0.0,0.0010806459639899901,1.0806459639899901,True,39.58014376383442,0.0,39.58014376383442,budget_long_PI_RBF_alpha1em08_target0650_seed2026,BO,0.65,34,bo,rbf,pi,2026,200,20,0.441926300060004,0.12848630012013018,0.0038966999854892492,0.5744350000750273,0.9306219246449503,5000,4000,1000,7.507762845273972,36.46514807785684,13.20224248848989,False,budget_sweep,RBF,PI,1e-08,1e-08,200
3968.3848950005004,0.24353716953834653,0.1521301695759453,2.4004666623558353,0.09137025670131485,0.36374010852729394,0.7052528271430001,0.4101061986809901,0.148943341645558,0.46682222078527846,0.04567522337716157,0.2748021705458785,0.5640164969608632,0.08598350303913682,85.98350303913682,0.08598350303913682,85.98350303913682,0.48445316905989255,0.0,0.0,0.015546830940107448,15.546830940107448,True,73.9316279488125,0.0,73.9316279488125,budget_long_PI_RBF_alpha1em08_target0650_seed2026,BO,0.65,35,bo,rbf,pi,2026,200,20,0.4391944999806583,0.13593410002067685,0.0033196001313626766,0.5785607001744211,0.9418467503737789,5000,4000,1000,7.507762845273972,36.46514807785684,13.20224248848989,False,budget_sweep,RBF,PI,1e-08,1e-08,200
4906.928292010107,0.2428641644396003,0.15223692715077158,3.2548967277431515,0.1087593316936839,0.3998857536106982,0.9734080834314591,0.4081833269702866,0.1492483632879188,0.7516322425810504,0.62531105645613,0.9977150722139642,0.6238499365224622,0.026150063477537788,26.15006347753779,0.026150063477537788,26.15006347753779,0.5662555516899913,0.06625555168999131,66.25555168999131,-0.06625555168999131,-66.25555168999131,False,6.838258198792557,1755.919251898044,1762.7575100968365,budget_long_PI_RBF_alpha1em08_target0650_seed2026,BO,0.65,36,bo,rbf,pi,2026,200,20,0.551672900095582,0.11394519987516105,0.003818799974396825,0.6695622999686748,0.8341595030690092,5000,4000,1000,7.507762845273972,36.46514807785684,13.20224248848989,False,budget_sweep,RBF,PI,1e-08,1e-08,200
3663.7775857448682,0.28807202332996396,0.1313581359549875,2.998583774637112,0.10633578534478606,0.388647289593507,0.6182221673556767,0.5373486380856113,0.08959467415710709,0.6661945915457039,0.5445261781595356,0.7729457918701397,0.6135210476095483,0.036478952390451735,36.47895239045174,0.036478952390451735,36.47895239045174,0.5395950502663117,0.039595050266311715,39.595050266311716,-0.039595050266311715,-39.595050266311716,False,13.307139675048443,627.1072022367006,640.414341911749,budget_long_PI_RBF_alpha1em08_target0650_seed2026,BO,0.65,37,bo,rbf,pi,2026,200,20,0.4634483000263572,0.16402410017326474,0.0030696000903844833,0.630650200182572,0.9661193463985429,5000,4000,1000,7.507762845273972,36.46514807785684,13.20224248848989,False,budget_sweep,RBF,PI,1e-08,1e-08,200
4636.040837439019,0.16359982922676422,0.2216672410063425,2.613630449665852,0.09050556118701986,0.35542071438913664,0.8960116678397199,0.18171379779075492,0.34762068858955,0.5378768165552839,0.016852039567328725,0.10841428778273332,0.5514552972706511,0.0985447027293489,98.5447027293489,0.0985447027293489,98.5447027293489,0.4856857917769636,0.0,0.0,0.014314208223036418,14.314208223036417,True,97.11058436015745,0.0,97.11058436015745,budget_long_PI_RBF_alpha1em08_target0650_seed2026,BO,0.65,38,bo,rbf,pi,2026,200,20,0.513909799978137,0.17276560002937913,0.005038699833676219,0.6918396998662502,0.9999887610849117,5000,4000,1000,7.507762845273972,36.46514807785684,13.20224248848989,False,budget_sweep,RBF,PI,1e-08,1e-08,200
4039.3588862952024,0.25271093249195076,0.2907628140842348,1.0521812864169058,0.11510681891238157,0.363561054834685,0.7255311103700578,0.4363169499770022,0.5450366116692423,0.017393762138968594,0.8368939637460525,0.2712210966937001,0.6440891589000002,0.005910841099999842,5.910841099999842,0.005910841099999842,5.910841099999842,0.4917264918516237,0.0,0.0,0.008273508148376296,8.273508148376296,True,0.34938042509447337,0.0,0.34938042509447337,budget_long_PI_RBF_alpha1em08_target0650_seed2026,BO,0.65,39,bo,rbf,pi,2026,200,20,0.39798370003700256,0.09741190006025136,0.004049600102007389,0.49955429998226464,0.9998817827848261,5000,4000,1000,0.34938042509447337,5.910841099999842,8.273508148376296,True,budget_sweep,RBF,PI,1e-08,1e-08,200
3323.289934037597,0.2569898782646257,0.11773416282885525,2.810376089092386,0.09572562017599742,0.3543765311152284,0.5209399811535991,0.44854250932750195,0.050669036653872124,0.6034586963641287,0.19085400586658074,0.08753062230456776,0.5599480501570037,0.09005194984299636,90.05194984299636,0.09005194984299636,90.05194984299636,0.4984512727954337,0.0,0.0,0.0015487272045662803,1.5487272045662803,True,81.0935367052553,0.0,81.0935367052553,budget_long_PI_RBF_alpha1em08_target0650_seed2026,BO,0.65,40,bo,rbf,pi,2026,200,20,0.4314798000268638,0.17603410012088716,0.0037182001397013664,0.6113553000614047,0.9995079681924527,5000,4000,1000,0.34938042509447337,5.910841099999842,8.273508148376296,False,budget_sweep,RBF,PI,1e-08,1e-08,200
3939.7822008517305,0.3030187936806016,0.24846228494164282,3.7531777897462515,0.11264342353689438,0.35715797218410794,0.6970806288147802,0.5800536962302902,0.4241779569761224,0.9177259299154171,0.7547807845631465,0.14315944368215894,0.5865291329950569,0.06347086700494309,63.47086700494309,0.06347086700494309,63.47086700494309,0.5137210595288931,0.013721059528893131,13.721059528893132,-0.013721059528893131,-13.721059528893132,False,40.28550958359173,75.3069898381716,115.59249942176334,budget_long_PI_RBF_alpha1em08_target0650_seed2026,BO,0.65,41,bo,rbf,pi,2026,200,20,0.4908898000139743,0.21704100002534688,0.004507199861109257,0.7125661000609398,0.9937027984907811,5000,4000,1000,0.34938042509447337,5.910841099999842,8.273508148376296,False,budget_sweep,RBF,PI,1e-08,1e-08,200
4707.493981700109,0.24099073154147957,0.192613043237548,3.685689193414804,0.11887531488062361,0.3870452354712381,0.9164268519143167,0.40283066154708447,0.26460869496442285,0.895229731138268,0.9625104960207872,0.7409047094247615,0.6280657821266585,0.02193421787334149,21.93421787334149,0.02193421787334149,21.93421787334149,0.5863462547196876,0.0863462547196876,86.3462547196876,-0.0863462547196876,-86.3462547196876,False,4.811099137152132,2982.270281646868,2987.0813807840204,budget_long_PI_RBF_alpha1em08_target0650_seed2026,BO,0.65,42,bo,rbf,pi,2026,200,20,0.512550399871543,0.1541761001572013,0.0034648000728338957,0.6702969998586923,0.9999999990226491,5000,4000,1000,0.34938042509447337,5.910841099999842,8.273508148376296,False,budget_sweep,RBF,PI,1e-08,1e-08,200
4335.664756354391,0.2881121722357588,0.15854515242964926,3.630298345036261,0.09055948659604487,0.37254171388845186,0.8101899303869688,0.5374633492450251,0.16727186408471217,0.876766115012087,0.018649553201495972,0.4508342777690372,0.5554686038372435,0.09453139616275652,94.53139616275652,0.09453139616275652,94.53139616275652,0.5041585612191674,0.004158561219167356,4.158561219167356,-0.004158561219167356,-4.158561219167356,False,89.36184860480016,6.917452565425074,96.27930117022524,budget_long_PI_RBF_alpha1em08_target0650_seed2026,BO,0.65,43,bo,rbf,pi,2026,200,20,0.4658468998968601,0.1376293001230806,0.004120399942621589,0.6077120001427829,0.9997705805138153,5000,4000,1000,0.34938042509447337,5.910841099999842,8.273508148376296,False,budget_sweep,RBF,PI,1e-08,1e-08,200
3541.9465489045942,0.2941421318545988,0.15011075789116482,2.082929017004772,0.10120734089979683,0.3709058675548648,0.5834132996870269,0.5546918052988538,0.1431735939747566,0.36097633900159054,0.37357802999322787,0.4181173510972961,0.5970559216678598,0.05294407833214021,52.94407833214021,0.05294407833214021,52.94407833214021,0.4920624007218227,0.0,0.0,0.007937599278177276,7.937599278177276,True,28.030754304397984,0.0,28.030754304397984,budget_long_PI_RBF_alpha1em08_target0650_seed2026,BO,0.65,44,bo,rbf,pi,2026,200,20,0.38574899989180267,0.14091799990274012,0.004081999883055687,0.5308601001743227,0.9735655598925369,5000,4000,1000,0.34938042509447337,5.910841099999842,8.273508148376296,False,budget_sweep,RBF,PI,1e-08,1e-08,200
3702.2795606040054,0.17837493270309174,0.3209379516171389,1.0,0.11683851490617689,0.3674038993740399,0.6292227316011444,0.22392837915169067,0.6312512903346825,0.0,0.8946171635392295,0.3480779874807976,0.6599244162028619,0.009924416202861885,9.924416202861885,0.0,0.0,0.5002450585893328,0.00024505858933276947,0.24505858933276947,-0.00024505858933276947,-0.24505858933276947,False,0.9849403696762752,0.024021484882306782,1.008961854558582,budget_long_PI_RBF_alpha1em08_target0650_seed2026,BO,0.65,45,bo,rbf,pi,2026,200,20,0.36817979998886585,0.13570039998739958,0.0035545998252928257,0.5075396997854114,0.9734812017106773,5000,4000,1000,0.34938042509447337,5.910841099999842,8.273508148376296,False,budget_sweep,RBF,PI,1e-08,1e-08,200
3468.7252582540605,0.1820947878300665,0.19390845384139024,3.3882845270291604,0.10745537658388848,0.36421827084237357,0.5624929309297316,0.2345565366573329,0.26830986811825785,0.7960948423430535,0.5818458861296162,0.28436541684747196,0.5925900544184826,0.05740994558151746,57.40994558151746,0.05740994558151746,57.40994558151746,0.5930068570212991,0.09300685702129907,93.00685702129907,-0.09300685702129907,-93.00685702129907,False,32.95901851672796,3460.110181192148,3493.069199708876,budget_long_PI_RBF_alpha1em08_target0650_seed2026,BO,0.65,46,bo,rbf,pi,2026,200,20,0.45640019979327917,0.1768499999307096,0.005819000070914626,0.639180300058797,0.8028773590416407,5000,4000,1000,0.34938042509447337,5.910841099999842,8.273508148376296,False,budget_sweep,RBF,PI,1e-08,1e-08,200
4068.612621173809,0.25649690980043505,0.2988518090709741,1.0948972838257613,0.11470878840131242,0.3594279677534488,0.733889320335374,0.4471340280012429,0.5681480259170689,0.03163242794192045,0.8236262800437475,0.1885593550689767,0.6375656221061681,0.01243437789383195,12.43437789383195,0.01243437789383195,12.43437789383195,0.4869477183544632,0.0,0.0,0.01305228164553679,13.05228164553679,True,1.5461375360661667,0.0,1.5461375360661667,budget_long_PI_RBF_alpha1em08_target0650_seed2026,BO,0.65,47,bo,rbf,pi,2026,200,20,0.3672499998938292,0.14846950001083314,0.004112000111490488,0.5199478999711573,0.922009807005347,5000,4000,1000,0.34938042509447337,5.910841099999842,8.273508148376296,False,budget_sweep,RBF,PI,1e-08,1e-08,200
4440.343075762362,0.26460228906396055,0.2970097166875578,1.7405280585181504,0.11782791626281101,0.35800001910241425,0.8400980216463891,0.4702922544684586,0.5628849048215938,0.2468426861727168,0.9275972087603671,0.16000038204828498,0.6268669901391515,0.02313300986084854,23.133009860848542,0.02313300986084854,23.133009860848542,0.48844399475744094,0.0,0.0,0.011556005242559064,11.556005242559063,True,5.351361452221158,0.0,5.351361452221158,budget_long_PI_RBF_alpha1em08_target0650_seed2026,BO,0.65,48,bo,rbf,pi,2026,200,20,0.407835700083524,0.14525280008092523,0.00486420001834631,0.5580678000114858,0.943054195401119,5000,4000,1000,0.34938042509447337,5.910841099999842,8.273508148376296,False,budget_sweep,RBF,PI,1e-08,1e-08,200
2971.074431244971,0.24882008552028434,0.40525412051589427,3.138038863192851,0.11217569730911414,0.3620564291487309,0.420306980355706,0.42520024434366954,0.8721546300454124,0.7126796210642836,0.7391899103038047,0.2411285829746176,0.6056707789330565,0.04432922106694348,44.32922106694348,0.04432922106694348,44.32922106694348,0.5438468644269301,0.04384686442693009,43.84686442693009,-0.04384686442693009,-43.84686442693009,False,19.650798404019458,769.0190080294349,788.6698064334544,budget_long_PI_RBF_alpha1em08_target0650_seed2026,BO,0.65,49,bo,rbf,pi,2026,200,20,0.41607869998551905,0.13388290000148118,0.0037632999010384083,0.5538340001367033,0.9999909168161176,5000,4000,1000,0.34938042509447337,5.910841099999842,8.273508148376296,False,budget_sweep,RBF,PI,1e-08,1e-08,200
2050.289892037277,0.3077359719708085,0.38726913377326355,3.8366434261132847,0.1065583009605345,0.36027112389959615,0.15722568343922194,0.5935313484880242,0.8207689536378958,0.9455478087044282,0.5519433653511501,0.20542247799192348,0.5889685728930791,0.06103142710692089,61.03142710692089,0.06103142710692089,61.03142710692089,0.5018175784475686,0.0018175784475685797,1.8175784475685797,-0.0018175784475685797,-1.8175784475685797,False,37.24835094707397,1.3214365652263234,38.569787512300294,budget_long_PI_RBF_alpha1em08_target0650_seed2026,BO,0.65,50,bo,rbf,pi,2026,200,20,0.41127820010297,0.1519214001018554,0.004852599930018187,0.5681633001659065,0.9311441704912963,5000,4000,1000,0.34938042509447337,5.910841099999842,8.273508148376296,False,budget_sweep,RBF,PI,1e-08,1e-08,200
1583.14754060209,0.13728441104438893,0.10778479808642126,2.1066200316261288,0.09588285724723503,0.35748575470798416,0.023756440172025717,0.10652688869825411,0.022242280246917878,0.3688733438753763,0.1960952415745012,0.14971509415968343,0.605456580267505,0.04454341973249498,44.54341973249498,0.04454341973249498,44.54341973249498,0.5559218239917876,0.05592182399178758,55.921823991787576,-0.05592182399178758,-55.921823991787576,False,19.841162414652235,1250.9001594273875,1270.7413218420397,budget_long_PI_RBF_alpha1em08_target0650_seed2026,BO,0.65,51,bo,rbf,pi,2026,200,20,0.35550129995681345,0.18332849978469312,0.005684900097548962,0.5446470999158919,0.9999999989310033,5000,4000,1000,0.34938042509447337,5.910841099999842,8.273508148376296,False,budget_sweep,RBF,PI,1e-08,1e-08,200
3156.4183292825783,0.3210777516730081,0.2900142434931164,2.857018013848863,0.11189495066154166,0.35083930189666296,0.4732623797950224,0.6316507190657376,0.5428978385517611,0.6190060046162876,0.7298316887180554,0.016786037933259945,0.5924843955428253,0.05751560445717474,57.51560445717474,0.05751560445717474,57.51560445717474,0.4978141221525708,0.0,0.0,0.002185877847429185,2.185877847429185,True,33.08044756074179,0.0,33.08044756074179,budget_long_PI_RBF_alpha1em08_target0650_seed2026,BO,0.65,52,bo,rbf,pi,2026,200,20,0.48317839996889234,0.25493119983002543,0.008458300027996302,0.7467097998596728,0.886207209023832,5000,4000,1000,0.34938042509447337,5.910841099999842,8.273508148376296,False,budget_sweep,RBF,PI,1e-08,1e-08,200
4946.838499671581,0.29579473449365257,0.12477144398120901,1.8868737568735905,0.11745695424875181,0.37623637726948245,0.984810999906166,0.5594135271247216,0.07077555423202575,0.2956245856245302,0.9152318082917273,0.5247275453896495,0.6355717139795558,0.014428286020444214,14.428286020444215,0.014428286020444214,14.428286020444215,0.5065839166658712,0.0065839166658712145,6.5839166658712145,-0.0065839166658712145,-6.5839166658712145,False,2.0817543748774594,17.339183465254692,19.42093784013215,budget_long_PI_RBF_alpha1em08_target0650_seed2026,BO,0.65,53,bo,rbf,pi,2026,200,20,0.6268695001490414,0.1637260999996215,0.004462399985641241,0.7951889999676496,0.8932811531589782,5000,4000,1000,0.34938042509447337,5.910841099999842,8.273508148376296,False,budget_sweep,RBF,PI,1e-08,1e-08,200
2895.1439734678847,0.2295198382164493,0.13403877586176313,2.558566474825755,0.09972721565008974,0.38914330066264324,0.39861256384796706,0.37005668061842656,0.09725364531932323,0.5195221582752517,0.324240521669658,0.7828660132528652,0.6113410626485591,0.03865893735144088,38.65893735144088,0.03865893735144088,38.65893735144088,0.5442697900494139,0.04426979004941389,44.26979004941389,-0.04426979004941389,-44.26979004941389,False,14.945134371426308,783.9257244076739,798.8708587791002,budget_long_PI_RBF_alpha1em08_target0650_seed2026,BO,0.65,54,bo,rbf,pi,2026,200,20,0.41703340015374124,0.18967740004882216,0.005073399981483817,0.6119062998332083,0.9970188980383191,5000,4000,1000,0.34938042509447337,5.910841099999842,8.273508148376296,False,budget_sweep,RBF,PI,1e-08,1e-08,200
1749.013348538879,0.33449515898214305,0.42614224110847276,3.9454092160619703,0.11854097207017511,0.373004598960606,0.07114667101110828,0.6699861685204087,0.9318349745956364,0.9818030720206568,0.9513657356725038,0.4600919792121201,0.6249276028478915,0.025072397152108516,25.072397152108515,0.025072397152108516,25.072397152108515,0.5186633015061043,0.01866330150610429,18.66330150610429,-0.01866330150610429,-18.66330150610429,False,6.2862509895305925,139.32752924310188,145.61378023263248,budget_long_PI_RBF_alpha1em08_target0650_seed2026,BO,0.65,55,bo,rbf,pi,2026,200,20,0.3844466998707503,0.2873925999738276,0.0063813000451773405,0.6783629998099059,0.8578212451705773,5000,4000,1000,0.34938042509447337,5.910841099999842,8.273508148376296,False,budget_sweep,RBF,PI,1e-08,1e-08,200
4240.588685446202,0.2703848494709604,0.2601957607576674,1.0,0.11785114928149766,0.35646747213296875,0.783025338698915,0.4868138556313154,0.4577021735933355,0.0,0.928371642716589,0.1293494426593752,0.642020157401685,0.007979842598314968,7.979842598314968,0.007979842598314968,7.979842598314968,0.4868182364880969,0.0,0.0,0.013181763511903088,13.181763511903089,True,0.6367788789388218,0.0,0.6367788789388218,budget_long_PI_RBF_alpha1em08_target0650_seed2026,BO,0.65,56,bo,rbf,pi,2026,200,20,0.44774849992245436,0.16622469993308187,0.004713200032711029,0.6187984000425786,0.9999998205154575,5000,4000,1000,0.34938042509447337,5.910841099999842,8.273508148376296,False,budget_sweep,RBF,PI,1e-08,1e-08,200
2103.646004046761,0.42234623964293483,0.2363322840269049,3.328523053103122,0.10493823472707926,0.3809780387639553,0.17247028687050314,0.920989256122671,0.3895208115054426,0.776174351034374,0.497941157569309,0.6195607752791065,0.598029757059154,0.05197024294084607,51.97024294084607,0.05197024294084607,51.97024294084607,0.4982271278343086,0.0,0.0,0.001772872165691386,1.772872165691386,True,27.0090615133056,0.0,27.0090615133056,budget_long_PI_RBF_alpha1em08_target0650_seed2026,BO,0.65,57,bo,rbf,pi,2026,200,20,0.3508603998925537,0.2362806999590248,0.006218699971213937,0.5934815001673996,0.8577848554867289,5000,4000,1000,0.34938042509447337,5.910841099999842,8.273508148376296,False,budget_sweep,RBF,PI,1e-08,1e-08,200
1521.8734111017932,0.24693644747074045,0.3765490447470424,1.5635419389817653,0.0934690900751788,0.3825398754549031,0.006249546029083786,0.4198184213449727,0.7901401278486928,0.18784731299392177,0.11563633583929345,0.6507975090980621,0.6275616946283463,0.0224383053716537,22.438305371653698,0.0224383053716537,22.438305371653698,0.5029824351175046,0.0029824351175046226,2.9824351175046226,-0.0029824351175046226,-2.9824351175046226,False,5.034775479515833,3.5579676920499246,8.592743171565758,budget_long_PI_RBF_alpha1em08_target0650_seed2026,BO,0.65,58,bo,rbf,pi,2026,200,20,0.3062406999524683,0.24667289992794394,0.006209000013768673,0.5592469000257552,0.7844708979506075,5000,4000,1000,0.34938042509447337,5.910841099999842,8.273508148376296,False,budget_sweep,RBF,PI,1e-08,1e-08,200
4385.178904746113,0.18044082287445617,0.3189169061670193,2.1225576747892267,0.09169948326706144,0.3541048515016196,0.8243368299274609,0.22983092249844617,0.6254768747629122,0.3741858915964089,0.056649442235381375,0.0820970300323921,0.5596946916551003,0.09030530834489969,90.30530834489969,0.09030530834489969,90.30530834489969,0.4685466953955541,0.0,0.0,0.0314533046044459,31.453304604445897,True,81.5504871526741,0.0,81.5504871526741,budget_long_PI_RBF_alpha1em08_target0650_seed2026,BO,0.65,59,bo,rbf,pi,2026,200,20,0.48179710004478693,0.24166369996964931,0.005014399997889996,0.7285876998212188,0.999325664550436,5000,4000,1000,0.34938042509447337,5.910841099999842,8.273508148376296,False,budget_sweep,RBF,PI,1e-08,1e-08,200
4030.30220085368,0.24963789715465365,0.28027663633937816,1.1082181057409082,0.1151989914441433,0.35643190884939246,0.7229434859581942,0.42753684901329614,0.5150761038267947,0.03607270191363604,0.8399663814714439,0.12863817698785016,0.6357207448635935,0.014279255136406488,14.279255136406487,0.014279255136406488,14.279255136406487,0.48469968660773105,0.0,0.0,0.01530031339226895,15.300313392268949,True,2.038971272505911,0.0,2.038971272505911,budget_long_PI_RBF_alpha1em08_target0650_seed2026,BO,0.65,60,bo,rbf,pi,2026,200,20,0.4130585000384599,0.21284559997729957,0.006342499982565641,0.632513599935919,0.9886105504300075,5000,4000,1000,0.34938042509447337,5.910841099999842,8.273508148376296,False,budget_sweep,RBF,PI,1e-08,1e-08,200
3455.27822686024,0.2603242592510521,0.34335088173916933,1.1160226297134095,0.10237295672296119,0.3967943943830836,0.5586509219600686,0.4580693121458632,0.6952882335404839,0.03867420990446979,0.412431890765373,0.9358878876616723,0.6488274040932218,0.0011725959067782066,1.1725959067782066,0.0011725959067782066,1.1725959067782066,0.5126006853525346,0.012600685352534557,12.600685352534558,-0.012600685352534557,-12.600685352534558,False,0.013749811605930045,63.51090854143158,63.524658353037516,budget_long_PI_RBF_alpha1em08_target0650_seed2026,BO,0.65,61,bo,rbf,pi,2026,200,20,0.362554999999702,0.2116880000103265,0.005285399965941906,0.5796658000908792,0.9375572685258985,5000,4000,1000,0.34938042509447337,5.910841099999842,8.273508148376296,False,budget_sweep,RBF,PI,1e-08,1e-08,200
3760.927149865818,0.22078944171311304,0.21843612055299036,1.7930579824744473,0.09561973610782189,0.3598382420783935,0.645979185675948,0.3451126906088944,0.33838891586568676,0.2643526608248158,0.18732453692739637,0.19676484156786977,0.5805103302385777,0.06948966976142235,69.48966976142235,0.06948966976142235,69.48966976142235,0.47120285528506967,0.0,0.0,0.028797144714930334,28.797144714930333,True,48.28814203551534,0.0,48.28814203551534,budget_long_PI_RBF_alpha1em08_target0650_seed2026,BO,0.65,62,bo,rbf,pi,2026,200,20,0.415456400020048,0.22807519999332726,0.006803799886256456,0.6504625000525266,0.9575557712815583,5000,4000,1000,0.34938042509447337,5.910841099999842,8.273508148376296,False,budget_sweep,RBF,PI,1e-08,1e-08,200
3420.539855107382,0.3276724521098902,0.17144436050796824,2.0473362515127262,0.09306623585824525,0.3593875385774869,0.5487256728878235,0.6504927203139721,0.20412674430848066,0.3491120838375754,0.10220786194150822,0.1877507715497384,0.5673026869058095,0.08269731309419048,82.69731309419048,0.08269731309419048,82.69731309419048,0.4675399016230694,0.0,0.0,0.03246009837693059,32.46009837693059,True,68.3884559299857,0.0,68.3884559299857,budget_long_PI_RBF_alpha1em08_target0650_seed2026,BO,0.65,63,bo,rbf,pi,2026,200,20,0.7215593999717385,0.31173560000024736,0.007179000182077289,1.0406214999966323,0.9763139102195,5000,4000,1000,0.34938042509447337,5.910841099999842,8.273508148376296,False,budget_sweep,RBF,PI,1e-08,1e-08,200
1650.7285383893607,0.22239532557371394,0.27566245125283406,1.3139710906470432,0.09572781292529098,0.38859768613667006,0.04306529668267445,0.3497009302106112,0.5018927178652403,0.10465703021568107,0.19092709750969938,0.7719537227334008,0.6433785898888476,0.00662141011115247,6.62141011115247,0.00662141011115247,6.62141011115247,0.5114548742533872,0.011454874253387204,11.454874253387203,-0.011454874253387204,-11.454874253387203,False,0.4384307186007217,52.48565766436522,52.92408838296594,budget_long_PI_RBF_alpha1em08_target0650_seed2026,BO,0.65,64,bo,rbf,pi,2026,200,20,0.386232600081712,0.3001745999790728,0.007524400018155575,0.6940796999260783,0.9097605089806691,5000,4000,1000,0.34938042509447337,5.910841099999842,8.273508148376296,False,budget_sweep,RBF,PI,1e-08,1e-08,200
3797.4041071933325,0.2644227141970562,0.4443306375484196,2.1075300082253148,0.09279842510714617,0.3830653988890703,0.6564011734838092,0.4697791834201607,0.9838018215669132,0.3691766694084383,0.09328083690487232,0.6613079777814057,0.5939024704718159,0.05609752952818414,56.09752952818414,0.05609752952818414,56.09752952818414,0.4962905533285279,0.0,0.0,0.0037094466714721053,3.7094466714721053,True,31.469328191654913,0.0,31.469328191654913,budget_long_PI_RBF_alpha1em08_target0650_seed2026,BO,0.65,65,bo,rbf,pi,2026,200,20,0.5655261999927461,0.2722277999855578,0.008054699981585145,0.8459736001677811,0.9677713924094615,5000,4000,1000,0.34938042509447337,5.910841099999842,8.273508148376296,False,budget_sweep,RBF,PI,1e-08,1e-08,200
4056.963385256409,0.31396680967053814,0.29571380865950964,1.7901113572808476,0.09866571784038125,0.37802902639538144,0.7305609672161169,0.6113337419158232,0.5591823104557418,0.26337045242694923,0.28885726134604206,0.5605805279076292,0.6022139572091526,0.047786042790847416,47.78604279084742,0.047786042790847416,47.78604279084742,0.4869278196392741,0.0,0.0,0.013072180360725882,13.072180360725882,True,22.835058856087002,0.0,22.835058856087002,budget_long_PI_RBF_alpha1em08_target0650_seed2026,BO,0.65,66,bo,rbf,pi,2026,200,20,0.4977347000967711,0.23674979992210865,0.007374799810349941,0.7420196000020951,0.8035888229237034,5000,4000,1000,0.34938042509447337,5.910841099999842,8.273508148376296,False,budget_sweep,RBF,PI,1e-08,1e-08,200
4097.634569362122,0.2631753044015215,0.3500740014908289,1.0,0.11650047012269286,0.3601336383235992,0.742181305532035,0.46621515543291847,0.7144971471166539,0.0,0.8833490040897625,0.20267276647198346,0.6461546905602034,0.0038453094397966625,3.8453094397966625,0.0038453094397966625,3.8453094397966625,0.4896852855101117,0.0,0.0,0.0103147144898883,10.3147144898883,True,0.14786404687789323,0.0,0.14786404687789323,budget_long_PI_RBF_alpha1em08_target0650_seed2026,BO,0.65,67,bo,rbf,pi,2026,200,20,0.4015905000269413,0.28906159987673163,0.00665390002541244,0.6974343000911176,0.7847690934176885,5000,4000,1000,0.14786404687789323,3.8453094397966625,10.3147144898883,True,budget_sweep,RBF,PI,1e-08,1e-08,200
3832.533874128972,0.29900575165326815,0.1642906607247879,1.8184132268355708,0.11290532839227878,0.36325100478772676,0.6664382497511349,0.5685878618664805,0.18368760207082258,0.2728044089451903,0.7635109464092928,0.26502009575453533,0.6185927967252679,0.03140720327473212,31.40720327473212,0.03140720327473212,31.40720327473212,0.49015091980032666,0.0,0.0,0.009849080199673343,9.849080199673343,True,9.86412417540344,0.0,9.86412417540344,budget_long_PI_RBF_alpha1em08_target0650_seed2026,BO,0.65,68,bo,rbf,pi,2026,200,20,0.3998859999701381,0.24290599999949336,0.00783879985101521,0.6507548000663519,0.9450747351555083,5000,4000,1000,0.14786404687789323,3.8453094397966625,10.3147144898883,False,budget_sweep,RBF,PI,1e-08,1e-08,200
4047.903439351702,0.15737533923139907,0.3241195102288205,1.7461460902559103,0.09285793672218777,0.35665106469466096,0.7279724112433436,0.16392954066114018,0.6403414577966301,0.24871536341863676,0.09526455740625894,0.1330212938932196,0.573296809299225,0.07670319070077503,76.70319070077502,0.07670319070077503,76.70319070077502,0.46445771726843665,0.0,0.0,0.035542282731563346,35.54228273156335,True,58.8337946367946,0.0,58.8337946367946,budget_long_PI_RBF_alpha1em08_target0650_seed2026,BO,0.65,69,bo,rbf,pi,2026,200,20,0.42225790000520647,0.17686710017733276,0.005113000050187111,0.6043597001116723,0.8350369974406247,5000,4000,1000,0.14786404687789323,3.8453094397966625,10.3147144898883,False,budget_sweep,RBF,PI,1e-08,1e-08,200
2032.0107133420327,0.3300442044633596,0.32861905942210123,3.878979131974061,0.10920110281612264,0.3958933613943573,0.1520030609548665,0.6572691556095988,0.6531973126345749,0.9596597106580205,0.6400367605374213,0.9178672278871461,0.6262084518365896,0.023791548163410448,23.791548163410447,0.023791548163410448,23.791548163410447,0.5330620522996291,0.03306205229962911,33.06205229962911,-0.03306205229962911,-33.06205229962911,False,5.66037764011879,437.23972090536415,442.90009854548293,budget_long_PI_RBF_alpha1em08_target0650_seed2026,BO,0.65,70,bo,rbf,pi,2026,200,20,0.48481500009074807,0.257097200024873,0.007270399946719408,0.7493215000722557,0.784525286599173,5000,4000,1000,0.14786404687789323,3.8453094397966625,10.3147144898883,False,budget_sweep,RBF,PI,1e-08,1e-08,200
4340.700291125959,0.2452138412501512,0.4405709586929044,3.24397801042708,0.09040823474791443,0.3597088198180182,0.8116286546074168,0.4148966892861463,0.9730598819797268,0.74799267014236,0.013607824930481072,0.19417639636036432,0.550430761236216,0.09956923876378398,99.56923876378399,0.09956923876378398,99.56923876378399,0.5025327396629345,0.0025327396629345467,2.5327396629345467,-0.0025327396629345467,-2.5327396629345467,False,99.14033307999424,2.5659080800807206,101.70624116007495,budget_long_PI_RBF_alpha1em08_target0650_seed2026,BO,0.65,71,bo,rbf,pi,2026,200,20,0.5012699000071734,0.21299319993704557,0.00818910007365048,0.722594799939543,0.8493122913506468,5000,4000,1000,0.14786404687789323,3.8453094397966625,10.3147144898883,False,budget_sweep,RBF,PI,1e-08,1e-08,200
1965.3568374316028,0.42760752242239686,0.20297025698781107,3.3715579519426964,0.11637241200397613,0.3826355211936872,0.13295909640902936,0.9360214926354198,0.2942007342508888,0.7905193173142321,0.8790804001325381,0.6527104238737443,0.6215777266481215,0.028422273351878524,28.422273351878523,0.028422273351878524,28.422273351878523,0.5131099764757037,0.013109976475703666,13.109976475703666,-0.013109976475703666,-13.109976475703666,False,8.07825622488904,68.74859327740141,76.82684950229046,budget_long_PI_RBF_alpha1em08_target0650_seed2026,BO,0.65,72,bo,rbf,pi,2026,200,20,0.32456490001641214,0.27035779994912446,0.005706400144845247,0.600776500068605,0.745228134723108,5000,4000,1000,0.14786404687789323,3.8453094397966625,10.3147144898883,False,budget_sweep,RBF,PI,1e-08,1e-08,200
4099.15898807333,0.264960819247341,0.40687200808178203,1.0,0.116503258626192,0.35386846362732544,0.742616853735237,0.47131662642097427,0.8767771659479489,0.0,0.8834419542064003,0.07736927254650902,0.6413627560040613,0.008637243995938682,8.637243995938682,0.008637243995938682,8.637243995938682,0.483472812103893,0.0,0.0,0.01652718789610702,16.52718789610702,True,0.746019838453788,0.0,0.746019838453788,budget_long_PI_RBF_alpha1em08_target0650_seed2026,BO,0.65,73,bo,rbf,pi,2026,200,20,0.36206870013847947,0.24950619996525347,0.006682800129055977,0.6183918998576701,0.6607286127919285,5000,4000,1000,0.14786404687789323,3.8453094397966625,10.3147144898883,False,budget_sweep,RBF,PI,1e-08,1e-08,200
4522.988062910432,0.2660825234343391,0.30139263971562424,3.8501455418354436,0.09483935558889765,0.3518540998978967,0.8637108751172664,0.4745214955266831,0.5754075420446406,0.9500485139451479,0.16131185296325523,0.037081997957933654,0.5421269130640344,0.10787308693596565,107.87308693596565,0.10787308693596565,107.87308693596565,0.49941859839044206,0.0,0.0,0.0005814016095579411,0.5814016095579411,True,116.36602885094402,0.0,116.36602885094402,budget_long_PI_RBF_alpha1em08_target0650_seed2026,BO,0.65,74,bo,rbf,pi,2026,200,20,0.500986099941656,0.2796414999756962,0.006750399945303798,0.7875434001907706,0.7052935924179107,5000,4000,1000,0.14786404687789323,3.8453094397966625,10.3147144898883,False,budget_sweep,RBF,PI,1e-08,1e-08,200
3126.3289265149056,0.3024470188283699,0.1708932344186952,2.958766722915019,0.1078286333588379,0.35394817108016047,0.4646654075756873,0.5784200537953426,0.20255209833912913,0.6529222409716731,0.59428777862793,0.07896342160320968,0.5851547884501838,0.06484521154981626,64.84521154981626,0.06484521154981626,64.84521154981626,0.5026466890420797,0.002646689042079653,2.646689042079653,-0.002646689042079653,-2.646689042079653,False,42.04901460940424,2.8019851541858043,44.850999763590046,budget_long_PI_RBF_alpha1em08_target0650_seed2026,BO,0.65,75,bo,rbf,pi,2026,200,20,0.3900196000467986,0.15020500007085502,0.006892499979585409,0.5472405001055449,0.9998482714250553,5000,4000,1000,0.14786404687789323,3.8453094397966625,10.3147144898883,False,budget_sweep,RBF,PI,1e-08,1e-08,200
2259.0931244220674,0.32019400542013643,0.11099050908810662,3.930551257407881,0.11727422708146906,0.35407167248166216,0.21688374983487646,0.6291257297718185,0.03140145453744747,0.9768504191359604,0.9091409027156356,0.08143344963324395,0.5963424408822106,0.053657559117789466,53.65755911778947,0.053657559117789466,53.65755911778947,0.5059705075751564,0.005970507575156381,5.970507575156381,-0.005970507575156381,-5.970507575156381,False,28.791336504790713,14.25878428199989,43.0501207867906,budget_long_PI_RBF_alpha1em08_target0650_seed2026,BO,0.65,76,bo,rbf,pi,2026,200,20,0.3742409001570195,0.2278953001368791,0.0075737000443041325,0.6098329001106322,0.9976237961574328,5000,4000,1000,0.14786404687789323,3.8453094397966625,10.3147144898883,False,budget_sweep,RBF,PI,1e-08,1e-08,200
2014.3622419808207,0.329919292180514,0.29827128058623154,3.596594021283794,0.11772914239951947,0.3588320417934788,0.14696064056594882,0.6569122633728972,0.5664893731035187,0.8655313404279313,0.9243047466506491,0.1766408358695759,0.611595363944016,0.03840463605598399,38.404636055983985,0.03840463605598399,38.404636055983985,0.5066770368843325,0.006677036884332521,6.677036884332521,-0.006677036884332521,-6.677036884332521,False,14.749160705925853,17.833128621894776,32.58228932782063,budget_long_PI_RBF_alpha1em08_target0650_seed2026,BO,0.65,77,bo,rbf,pi,2026,200,20,0.3658688999712467,0.2744869999587536,0.005717099877074361,0.6462044999934733,0.6897393708177535,5000,4000,1000,0.14786404687789323,3.8453094397966625,10.3147144898883,False,budget_sweep,RBF,PI,1e-08,1e-08,200
4600.218053715611,0.26101487715431837,0.33905744054296727,1.0,0.11664693107184461,0.3558779522243478,0.8857765867758889,0.46004250615519526,0.6830212586941923,0.0,0.8882310357281539,0.11755904448695721,0.6396509498641536,0.010349050135846416,10.349050135846415,0.010349050135846416,10.349050135846415,0.48418759379006604,0.0,0.0,0.01581240620993396,15.812406209933961,True,1.0710283871426272,0.0,1.0710283871426272,budget_long_PI_RBF_alpha1em08_target0650_seed2026,BO,0.65,78,bo,rbf,pi,2026,200,20,0.3841957999393344,0.16854700003750622,0.007280200021341443,0.5601739999838173,1.0,5000,4000,1000,0.14786404687789323,3.8453094397966625,10.3147144898883,False,budget_sweep,RBF,PI,1e-08,1e-08,200
4003.3016287239975,0.19383766173608621,0.28190992410075355,2.052561251210149,0.093327082983292,0.3754491301241951,0.715229036778285,0.2681076049602463,0.5197426402878673,0.35085375040338296,0.11090276610973338,0.5089826024839023,0.5877764155902149,0.06222358440978515,62.22358440978515,0.06222358440978515,62.22358440978515,0.4914489091578378,0.0,0.0,0.008551090842162212,8.551090842162212,True,38.71774456801658,0.0,38.71774456801658,budget_long_PI_RBF_alpha1em08_target0650_seed2026,BO,0.65,79,bo,rbf,pi,2026,200,20,0.4156513998750597,0.2513635999057442,0.0074124999810010195,0.6745486001018435,0.9719518002506121,5000,4000,1000,0.14786404687789323,3.8453094397966625,10.3147144898883,False,budget_sweep,RBF,PI,1e-08,1e-08,200
1614.3867894704617,0.28858144875289415,0.32243135591596206,1.4216489774774406,0.09146475313158825,0.3755411784473709,0.03268193984870338,0.5388041392939834,0.6355181597598917,0.14054965915914686,0.04882510438627519,0.510823568947418,0.6098652195944176,0.04013478040558238,40.13478040558238,0.04013478040558238,40.13478040558238,0.4900293659329563,0.0,0.0,0.009970634067043682,9.970634067043683,True,16.108005982043192,0.0,16.108005982043192,budget_long_PI_RBF_alpha1em08_target0650_seed2026,BO,0.65,80,bo,rbf,pi,2026,200,20,0.27384470007382333,0.2960588000714779,0.006359599996358156,0.576395400101319,0.7553997094077556,5000,4000,1000,0.14786404687789323,3.8453094397966625,10.3147144898883,False,budget_sweep,RBF,PI,1e-08,1e-08,200
4147.407131676394,0.253790029848578,0.2987013671094211,1.0,0.11668953873338452,0.36043833879028875,0.7564020376218268,0.43940008528165153,0.5677181917412031,0.0,0.8896512911128174,0.20876677580577488,0.6455765214227569,0.004423478577243123,4.423478577243123,0.004423478577243123,4.423478577243123,0.4900992151891562,0.0,0.0,0.009900784810843777,9.900784810843778,True,0.19567162723328843,0.0,0.19567162723328843,budget_long_PI_RBF_alpha1em08_target0650_seed2026,BO,0.65,81,bo,rbf,pi,2026,200,20,0.3851125000510365,0.28417299990542233,0.00815960019826889,0.6775680999271572,0.665929625365787,5000,4000,1000,0.14786404687789323,3.8453094397966625,10.3147144898883,False,budget_sweep,RBF,PI,1e-08,1e-08,200
4026.423206362456,0.31224343752927175,0.4254594786934113,2.033887486413292,0.11670358386888305,0.361731970178399,0.7218352018178446,0.6064098215122051,0.929884224838318,0.34462916213776396,0.890119462296102,0.2346394035679802,0.6242666918407014,0.02573330815929864,25.73330815929864,0.02573330815929864,25.73330815929864,0.49601772281962336,0.0,0.0,0.003982277180376637,3.9822771803766366,True,6.62203148821426,0.0,6.62203148821426,budget_long_PI_RBF_alpha1em08_target0650_seed2026,BO,0.65,82,bo,rbf,pi,2026,200,20,0.38959529995918274,0.2716514999046922,0.006603799993172288,0.6679829999338835,0.6728981566630997,5000,4000,1000,0.14786404687789323,3.8453094397966625,10.3147144898883,False,budget_sweep,RBF,PI,1e-08,1e-08,200
4909.93901874621,0.17272410831607568,0.3164047928322713,3.0246585473712746,0.09095553665254973,0.35191057024722755,0.9742682910703458,0.20778316661735907,0.6182994080922036,0.6748861824570915,0.031851221751657666,0.038211404944551886,0.5427012113948616,0.10729878860513842,107.29878860513841,0.10729878860513842,107.29878860513841,0.49805826245266394,0.0,0.0,0.0019417375473360643,1.9417375473360643,True,115.1303003613018,0.0,115.1303003613018,budget_long_PI_RBF_alpha1em08_target0650_seed2026,BO,0.65,83,bo,rbf,pi,2026,200,20,0.5020290000829846,0.2314708000048995,0.0075957998633384705,0.7412188998423517,0.7546617151156872,5000,4000,1000,0.14786404687789323,3.8453094397966625,10.3147144898883,False,budget_sweep,RBF,PI,1e-08,1e-08,200
3073.425070743322,0.3223354934332265,0.20065939248443918,1.5854137103051924,0.10204398322705764,0.36734765737009983,0.4495500202123778,0.6352442669520757,0.2875982642412548,0.1951379034350641,0.401466107568588,0.3469531474019968,0.6051378873417618,0.04486211265823825,44.86211265823825,0.04486211265823825,44.86211265823825,0.4820547123209961,0.0,0.0,0.017945287679003885,17.945287679003886,True,20.126091521604607,0.0,20.126091521604607,budget_long_PI_RBF_alpha1em08_target0650_seed2026,BO,0.65,84,bo,rbf,pi,2026,200,20,0.3354254001751542,0.26434709993191063,0.007444000104442239,0.6073482998181134,0.7180262840444372,5000,4000,1000,0.14786404687789323,3.8453094397966625,10.3147144898883,False,budget_sweep,RBF,PI,1e-08,1e-08,200
3925.337413391638,0.26340545638081253,0.31558486988509027,1.0,0.11589823891029859,0.358962571875611,0.6929535466833252,0.46687273251660727,0.6159567711002578,0.0,0.8632746303432863,0.17925143751221986,0.6431311966620138,0.006868803337986229,6.868803337986229,0.006868803337986229,6.868803337986229,0.488341032585703,0.0,0.0,0.011658967414297006,11.658967414297006,True,0.4718045929593076,0.0,0.4718045929593076,budget_long_PI_RBF_alpha1em08_target0650_seed2026,BO,0.65,85,bo,rbf,pi,2026,200,20,0.3890555000398308,0.31200899998657405,0.011215100064873695,0.712406300008297,0.7555500705203335,5000,4000,1000,0.14786404687789323,3.8453094397966625,10.3147144898883,False,budget_sweep,RBF,PI,1e-08,1e-08,200
3973.0006559131552,0.4471384825061848,0.18832829501198267,1.0290844406695907,0.09340614075658955,0.38271478958396804,0.7065716159751873,0.9918242357319567,0.25236655717709333,0.009694813556530235,0.11353802521965184,0.6542957916793606,0.6005339274665199,0.04946607253348012,49.46607253348012,0.04946607253348012,49.46607253348012,0.4836308592123634,0.0,0.0,0.016369140787636627,16.369140787636628,True,24.468923318875163,0.0,24.468923318875163,budget_long_PI_RBF_alpha1em08_target0650_seed2026,BO,0.65,86,bo,rbf,pi,2026,200,20,0.28516809991560876,0.2993948000948876,0.008073800010606647,0.5927619999274611,0.7586249045819582,5000,4000,1000,0.14786404687789323,3.8453094397966625,10.3147144898883,False,budget_sweep,RBF,PI,1e-08,1e-08,200
4036.6267880406203,0.22663337296588915,0.38942170300478474,1.2391997827325911,0.11665406791464387,0.35684966675162944,0.7247505108687486,0.3618096370453976,0.8269191514422422,0.0797332609108637,0.8884689304881292,0.13699333503258943,0.6400515621913245,0.009948437808675492,9.948437808675493,0.009948437808675492,9.948437808675493,0.4870609456125613,0.0,0.0,0.012939054387438698,12.939054387438699,True,0.9897141483308403,0.0,0.9897141483308403,budget_long_PI_RBF_alpha1em08_target0650_seed2026,BO,0.65,87,bo,rbf,pi,2026,200,20,0.3971998000051826,0.2934892999473959,0.00839800015091896,0.6992326001636684,0.811348188956561,5000,4000,1000,0.14786404687789323,3.8453094397966625,10.3147144898883,False,budget_sweep,RBF,PI,1e-08,1e-08,200
4678.121599773864,0.2817146352787337,0.34379430568784697,2.303115089809238,0.10642456298961792,0.3678739222041306,0.9080347427925325,0.5191846722249535,0.6965551591081343,0.4343716966030793,0.5474854329872638,0.3574784440826122,0.600904252415118,0.049095747584882,49.095747584882,0.049095747584882,49.095747584882,0.4964526728476339,0.0,0.0,0.0035473271523661087,3.5473271523661087,True,24.10392430918446,0.0,24.10392430918446,budget_long_PI_RBF_alpha1em08_target0650_seed2026,BO,0.65,88,bo,rbf,pi,2026,200,20,0.5348863999824971,0.32500179996713996,0.007023700047284365,0.8670495999976993,0.6969089489981031,5000,4000,1000,0.14786404687789323,3.8453094397966625,10.3147144898883,False,budget_sweep,RBF,PI,1e-08,1e-08,200
3874.0687758821696,0.36223543522999013,0.297369333587047,1.076280184486091,0.0901234137636269,0.39584791914806705,0.6783053645377628,0.7492441006571147,0.5639123816772771,0.025426728162030288,0.004113792120896909,0.9169583829613409,0.611245016637483,0.03875498336251704,38.75498336251704,0.03875498336251704,38.75498336251704,0.4949174961723542,0.0,0.0,0.005082503827645801,5.082503827645802,True,15.019487354289723,0.0,15.019487354289723,budget_long_PI_RBF_alpha1em08_target0650_seed2026,BO,0.65,89,bo,rbf,pi,2026,200,20,0.47870619990862906,0.2435886999592185,0.009413599967956543,0.7318553000222892,0.7357910680832572,5000,4000,1000,0.14786404687789323,3.8453094397966625,10.3147144898883,False,budget_sweep,RBF,PI,1e-08,1e-08,200
2221.60299092736,0.2828400621637694,0.24037845189580992,1.548791212273182,0.09486781017128547,0.39361912557602063,0.2061722831221029,0.5224001776107697,0.40108129113088553,0.18293040409106065,0.16226033904284898,0.8723825115204126,0.6244017518378608,0.02559824816213918,25.598248162139182,0.02559824816213918,25.598248162139182,0.50593211240954,0.005932112409539947,5.932112409539947,-0.005932112409539947,-5.932112409539947,False,6.55270308970462,14.075983055767134,20.628686145471754,budget_long_PI_RBF_alpha1em08_target0650_seed2026,BO,0.65,90,bo,rbf,pi,2026,200,20,0.38989249989390373,0.4464243999682367,0.01097229984588921,0.847449199995026,0.9537549935759808,5000,4000,1000,0.14786404687789323,3.8453094397966625,10.3147144898883,False,budget_sweep,RBF,PI,1e-08,1e-08,200
3951.7492236551284,0.21567142259698002,0.3294292718085768,1.180070401855517,0.11911501724608389,0.36007223616096984,0.7004997781871796,0.3304897788485143,0.6555122051673623,0.06002346728517238,0.9705005748694632,0.2014447232193974,0.6500784489717036,7.84489717036152e-05,0.0784489717036152,0.0,0.0,0.49352370475338486,0.0,0.0,0.006476295246615138,6.476295246615138,True,6.154241161354619e-05,0.0,6.154241161354619e-05,budget_long_PI_RBF_alpha1em08_target0650_seed2026,BO,0.65,91,bo,rbf,pi,2026,200,20,0.39157110010273755,0.3482419999781996,0.01180560002103448,0.7518132999539375,0.7423346478605692,5000,4000,1000,6.154241161354619e-05,0.0784489717036152,6.476295246615138,True,budget_sweep,RBF,PI,1e-08,1e-08,200
3719.264134077987,0.30288855901316936,0.3901017690584784,2.2191461551999456,0.11288572415852005,0.35887376218185874,0.6340754668794248,0.579681597180484,0.8288621973099382,0.4063820517333152,0.7628574719506682,0.17747524363717526,0.6105356120733545,0.03946438792664553,39.46438792664553,0.03946438792664553,39.46438792664553,0.49550737414464624,0.0,0.0,0.00449262585535376,4.49262585535376,True,15.574379144247652,0.0,15.574379144247652,budget_long_PI_RBF_alpha1em08_target0650_seed2026,BO,0.65,92,bo,rbf,pi,2026,200,20,0.4500323999673128,0.36508999997749925,0.010138600133359432,0.8253975000698119,0.8078199262538504,5000,4000,1000,6.154241161354619e-05,0.0784489717036152,6.476295246615138,False,budget_sweep,RBF,PI,1e-08,1e-08,200
3870.549291972413,0.4126844203231397,0.26648248737627483,2.1195006385024877,0.0939418403404675,0.35634033194871806,0.6772997977064037,0.8933840580661134,0.47566424964649956,0.37316687950082916,0.13139467801558358,0.12680663897436195,0.5601809136747705,0.0898190863252295,89.8190863252295,0.0898190863252295,89.8190863252295,0.45768241928522524,0.0,0.0,0.04231758071477476,42.31758071477476,True,80.6746826829903,0.0,80.6746826829903,budget_long_PI_RBF_alpha1em08_target0650_seed2026,BO,0.65,93,bo,rbf,pi,2026,200,20,0.3697740000206977,0.27200290001928806,0.0067357998341321945,0.648641699925065,0.7162660307435105,5000,4000,1000,6.154241161354619e-05,0.0784489717036152,6.476295246615138,False,budget_sweep,RBF,PI,1e-08,1e-08,200
4138.988006864988,0.42709875194881886,0.3336666367593113,3.8150508608040656,0.10114450326373708,0.38091096328186197,0.7539965733899966,0.934567862710911,0.6676189621694608,0.9383502869346886,0.37148344212456974,0.6182192656372397,0.5790836794992122,0.07091632050078778,70.91632050078778,0.07091632050078778,70.91632050078778,0.4904902429425566,0.0,0.0,0.009509757057443391,9.509757057443391,True,50.29124513370452,0.0,50.29124513370452,budget_long_PI_RBF_alpha1em08_target0650_seed2026,BO,0.65,94,bo,rbf,pi,2026,200,20,0.4059645999222994,0.4739665000233799,0.01005389983765781,0.8901136999484152,0.7415217133512376,5000,4000,1000,6.154241161354619e-05,0.0784489717036152,6.476295246615138,False,budget_sweep,RBF,PI,1e-08,1e-08,200
3187.449655981628,0.4165458396394983,0.32461447713920344,1.0458633699925743,0.10866529570147349,0.3552678043163313,0.482128473137608,0.9044166846842809,0.6417556489691528,0.015287789997524781,0.6221765233824497,0.10535608632662619,0.6151596122880221,0.03484038771197795,34.84038771197795,0.03484038771197795,34.84038771197795,0.4755531915215207,0.0,0.0,0.0244468084784793,24.446808478479298,True,12.138526159209441,0.0,12.138526159209441,budget_long_PI_RBF_alpha1em08_target0650_seed2026,BO,0.65,95,bo,rbf,pi,2026,200,20,0.2817259000148624,0.3471782999113202,0.009453699924051762,0.6384877001401037,0.6808776068006387,5000,4000,1000,6.154241161354619e-05,0.0784489717036152,6.476295246615138,False,budget_sweep,RBF,PI,1e-08,1e-08,200
3758.117239530863,0.20953121998418367,0.35441300641565376,1.1163225047145031,0.12,0.36483629452250965,0.6451763541516752,0.3129463428119533,0.726894304044725,0.03877416823816773,1.0,0.29672589045019304,0.6608147226453724,0.010814722645372421,10.81472264537242,0.0,0.0,0.5003156696676359,0.0003156696676358539,0.3156696676358539,-0.0003156696676358539,-0.3156696676358539,False,1.1695822589633105,0.039858935626132186,1.2094411945894428,budget_long_PI_RBF_alpha1em08_target0650_seed2026,BO,0.65,96,bo,rbf,pi,2026,200,20,0.43648020015098155,0.31998650007881224,0.007650800049304962,0.7642503001261503,0.7972558020671396,5000,4000,1000,6.154241161354619e-05,0.0784489717036152,6.476295246615138,False,budget_sweep,RBF,PI,1e-08,1e-08,200
1595.834698060942,0.2713264363102663,0.1742754675932503,1.4965046010946845,0.09026783855851044,0.39263051218512945,0.027381342303126277,0.4895041037436181,0.21221562169500086,0.16550153369822818,0.008927951950348012,0.8526102437025888,0.6218373054446256,0.028162694555374457,28.162694555374458,0.028162694555374457,28.162694555374458,0.5061529459978042,0.006152945997804249,6.152945997804249,-0.006152945997804249,-6.152945997804249,False,7.9313736461931805,15.14349778075813,23.07487142695131,budget_long_PI_RBF_alpha1em08_target0650_seed2026,BO,0.65,97,bo,rbf,pi,2026,200,20,0.28134360001422465,0.284866799833253,0.008896599989384413,0.5752471999730915,0.7958385414484157,5000,4000,1000,6.154241161354619e-05,0.0784489717036152,6.476295246615138,False,budget_sweep,RBF,PI,1e-08,1e-08,200
3962.067390096704,0.1804200616178266,0.35044955805253897,1.0825823042468323,0.11726083400693622,0.36263837752264405,0.7034478257419154,0.22977160462236168,0.7155701658643971,0.027527434748944084,0.9086944668978741,0.25276755045288135,0.6527179030100903,0.002717903010090228,2.717903010090228,0.0,0.0,0.4947242165889056,0.0,0.0,0.005275783411094415,5.275783411094414,True,0.07386996772257522,0.0,0.07386996772257522,budget_long_PI_RBF_alpha1em08_target0650_seed2026,BO,0.65,98,bo,rbf,pi,2026,200,20,0.40139320003800094,0.3918704998213798,0.0089951001573354,0.8023924001026899,0.7315736386456311,5000,4000,1000,6.154241161354619e-05,0.0784489717036152,6.476295246615138,False,budget_sweep,RBF,PI,1e-08,1e-08,200
2515.2814522831577,0.3076097878707208,0.37611314257425943,3.8033029891183308,0.11300467187764218,0.3585661626674581,0.29008041493804504,0.5931708224877736,0.7888946930693126,0.9344343297061103,0.7668223959214064,0.1713232533491621,0.5961823313788764,0.05381766862112358,53.81766862112358,0.05381766862112358,53.81766862112358,0.5106723924979466,0.010672392497946603,10.672392497946603,-0.010672392497946603,-10.672392497946603,False,28.963414558130697,45.559984652090776,74.52339921022147,budget_long_PI_RBF_alpha1em08_target0650_seed2026,BO,0.65,99,bo,rbf,pi,2026,200,20,0.4228719000238925,0.35958590009249747,0.009878599783405662,0.7924713999964297,0.7214283713114914,5000,4000,1000,6.154241161354619e-05,0.0784489717036152,6.476295246615138,False,budget_sweep,RBF,PI,1e-08,1e-08,200
3574.18888233983,0.37626944534329543,0.28431744914717616,2.7949918707753203,0.11743945108406796,0.35367843599088084,0.5926253949542372,0.7893412724094155,0.5266212832776462,0.5983306235917735,0.9146483694689321,0.0735687198176167,0.6023285383340005,0.04767146166599956,47.67146166599956,0.04767146166599956,47.67146166599956,0.4913771038586872,0.0,0.0,0.008622896141312786,8.622896141312786,True,22.72568257372865,0.0,22.72568257372865,budget_long_PI_RBF_alpha1em08_target0650_seed2026,BO,0.65,100,bo,rbf,pi,2026,200,20,0.3855741999577731,0.3695090999826789,0.008168600033968687,0.763412400148809,0.7087614407830628,5000,4000,1000,6.154241161354619e-05,0.0784489717036152,6.476295246615138,False,budget_sweep,RBF,PI,1e-08,1e-08,200
4746.742928561365,0.17515063077386364,0.4372138258831847,2.9700932003080855,0.09143891394830779,0.3663339396270477,0.9276408367318186,0.2147160879253247,0.9634680739519562,0.6566977334360286,0.04796379827692665,0.326678792540954,0.5626176715851279,0.08738232841487215,87.38232841487215,0.08738232841487215,87.38232841487215,0.512377755504365,0.01237775550436504,12.377755504365041,-0.01237775550436504,-12.377755504365041,False,76.35671319204572,61.28353253033562,137.64024572238134,budget_long_PI_RBF_alpha1em08_target0650_seed2026,BO,0.65,101,bo,rbf,pi,2026,200,20,0.5145024000667036,0.3227318001445383,0.009832300012931228,0.8471975000575185,0.9999999999889294,5000,4000,1000,6.154241161354619e-05,0.0784489717036152,6.476295246615138,False,budget_sweep,RBF,PI,1e-08,1e-08,200
4820.31406751937,0.35859326009019465,0.16410504738942935,3.7711576454685796,0.11551144567010169,0.3522809660495659,0.9486611621483914,0.7388378859719846,0.18315727825551242,0.9237192151561933,0.8503815223367229,0.04561932099131749,0.5819110054646164,0.06808899453538364,68.08899453538363,0.06808899453538364,68.08899453538363,0.49394050681716534,0.0,0.0,0.006059493182834663,6.059493182834663,True,46.36111176839503,0.0,46.36111176839503,budget_long_PI_RBF_alpha1em08_target0650_seed2026,BO,0.65,102,bo,rbf,pi,2026,200,20,0.6073777999263257,0.5393697000108659,0.011079699965193868,1.1579758001025766,0.7856962795791772,5000,4000,1000,6.154241161354619e-05,0.0784489717036152,6.476295246615138,False,budget_sweep,RBF,PI,1e-08,1e-08,200
1711.9289590407968,0.32177203432003737,0.11638975764956522,3.418834800161126,0.10529721714147634,0.3692736412910779,0.06055113115451338,0.6336343837715354,0.04682787899875773,0.8062782667203754,0.5099072380492117,0.38547282582155873,0.595981666356818,0.05401833364318198,54.01833364318198,0.05401833364318198,54.01833364318198,0.5023976780412633,0.0023976780412633403,2.3976780412633403,-0.0023976780412633403,-2.3976780412633403,False,29.17980369586126,2.2995439958225634,31.479347691683824,budget_long_PI_RBF_alpha1em08_target0650_seed2026,BO,0.65,103,bo,rbf,pi,2026,200,20,0.46316000004298985,0.5326761000324041,0.01409760001115501,1.0101528998930007,0.7939952098793994,5000,4000,1000,6.154241161354619e-05,0.0784489717036152,6.476295246615138,False,budget_sweep,RBF,PI,1e-08,1e-08,200
4945.302501983428,0.14530302683621063,0.38522495032639215,2.580650440400346,0.09120399747051935,0.38954992428960356,0.9843721434238365,0.12943721953203036,0.8149284295039777,0.5268834801334485,0.040133249017311856,0.7909984857920709,0.5886347718767468,0.06136522812325318,61.36522812325318,0.06136522812325318,61.36522812325318,0.5179576987916933,0.01795769879169329,17.95769879169329,-0.01795769879169329,-17.95769879169329,False,37.65691222618902,128.99157835727303,166.64849058346203,budget_long_PI_RBF_alpha1em08_target0650_seed2026,BO,0.65,104,bo,rbf,pi,2026,200,20,0.5560719999484718,0.46509580011479557,0.009877099888399243,1.0312000000849366,0.8485822636441169,5000,4000,1000,6.154241161354619e-05,0.0784489717036152,6.476295246615138,False,budget_sweep,RBF,PI,1e-08,1e-08,200
3316.207860823949,0.38764094712821806,0.15237478206565688,3.3455261379660275,0.11295121400723834,0.36712784355256856,0.5189165316639854,0.8218312775091946,0.14964223447330538,0.7818420459886759,0.7650404669079447,0.34255687105137067,0.5987987221201255,0.051201277879874496,51.201277879874496,0.051201277879874496,51.201277879874496,0.49649103020766333,0.0,0.0,0.003508969792336669,3.508969792336669,True,26.215708565321254,0.0,26.215708565321254,budget_long_PI_RBF_alpha1em08_target0650_seed2026,BO,0.65,105,bo,rbf,pi,2026,200,20,0.381157600088045,0.3142282001208514,0.008393800118938088,0.7039108001627028,0.7224167433965659,5000,4000,1000,6.154241161354619e-05,0.0784489717036152,6.476295246615138,False,budget_sweep,RBF,PI,1e-08,1e-08,200
4892.389007310373,0.10409599650628698,0.12773115805239105,2.567677290763501,0.09020376790263639,0.36051653595368705,0.9692540020886781,0.01170284716081993,0.07923188014968874,0.522559096921167,0.006792263421212863,0.21033071907374168,0.5544177085634194,0.09558229143658059,95.58229143658059,0.09558229143658059,95.58229143658059,0.49057012014795,0.0,0.0,0.009429879852050016,9.429879852050016,True,91.35974436267426,0.0,91.35974436267426,budget_long_PI_RBF_alpha1em08_target0650_seed2026,BO,0.65,106,bo,rbf,pi,2026,200,20,0.48399119987152517,0.349875699961558,0.00951609993353486,0.8435374000109732,0.7626094702019869,5000,4000,1000,6.154241161354619e-05,0.0784489717036152,6.476295246615138,False,budget_sweep,RBF,PI,1e-08,1e-08,200
4044.5389186510247,0.25575630338850486,0.34125850472381947,1.2970372735339177,0.11964729800594898,0.36586845742273805,0.7270111196145785,0.4450180096814424,0.689310013496627,0.0990124245113059,0.988243266864966,0.3173691484547616,0.6519328173648593,0.001932817364859285,1.932817364859285,0.0,0.0,0.49870096731098734,0.0,0.0,0.001299032689012658,1.299032689012658,True,0.037357829659015906,0.0,0.037357829659015906,budget_long_PI_RBF_alpha1em08_target0650_seed2026,BO,0.65,107,bo,rbf,pi,2026,200,20,0.3716604998335242,0.2254471001215279,0.00753120006993413,0.604771199868992,0.7464378796649285,5000,4000,1000,6.154241161354619e-05,0.0784489717036152,6.476295246615138,False,budget_sweep,RBF,PI,1e-08,1e-08,200
2244.8965558379073,0.21516732388793883,0.16093241619817758,1.140660080972277,0.11267538062023871,0.3963163391568628,0.21282758738225926,0.32904949682268236,0.1740926177090788,0.04688669365742559,0.755846020674624,0.9263267831372559,0.6852812560125267,0.03528125601252663,35.281256012526626,0.0,0.0,0.5327551816973787,0.03275518169737868,32.755181697378674,-0.03275518169737868,-32.755181697378674,False,12.447670258214464,429.16077121131644,441.60844146953093,budget_long_PI_RBF_alpha1em08_target0650_seed2026,BO,0.65,108,bo,rbf,pi,2026,200,20,0.3081625998020172,0.33066030009649694,0.0088790999725461,0.6478343999478966,0.7220658387099382,5000,4000,1000,6.154241161354619e-05,0.0784489717036152,6.476295246615138,False,budget_sweep,RBF,PI,1e-08,1e-08,200
3851.8330243624023,0.2294320027453118,0.33078182299934744,1.2253172027422674,0.11480597241863776,0.3574586844734664,0.671952292674972,0.3698057221294623,0.6593766371409928,0.07510573424742249,0.8268657472879254,0.1491736894693285,0.6361543099249007,0.013845690075099282,13.84569007509928,0.013845690075099282,13.84569007509928,0.48615483977834856,0.0,0.0,0.013845160221651442,13.845160221651442,True,1.9170313365570275,0.0,1.9170313365570275,budget_long_PI_RBF_alpha1em08_target0650_seed2026,BO,0.65,109,bo,rbf,pi,2026,200,20,0.374874500092119,0.3144634000491351,0.00934910005889833,0.698823899962008,0.8132751305246764,5000,4000,1000,6.154241161354619e-05,0.0784489717036152,6.476295246615138,False,budget_sweep,RBF,PI,1e-08,1e-08,200
4000.5661122948386,0.2559716193435365,0.3324749501054207,1.0,0.11475991761025053,0.35575785556676687,0.7144474606556681,0.4456331981243902,0.664214143158345,0.0,0.8253305870083513,0.115157111335338,0.6378949170335104,0.0121050829664896,12.1050829664896,0.0121050829664896,12.1050829664896,0.48378582745441934,0.0,0.0,0.016214172545580663,16.214172545580663,True,1.4653303362559664,0.0,1.4653303362559664,budget_long_PI_RBF_alpha1em08_target0650_seed2026,BO,0.65,110,bo,rbf,pi,2026,200,20,0.36642690002918243,0.18026209995150566,0.00785099994391203,0.5546730998903513,0.7837306772599885,5000,4000,1000,6.154241161354619e-05,0.0784489717036152,6.476295246615138,False,budget_sweep,RBF,PI,1e-08,1e-08,200
1819.5653180511335,0.26549017104687755,0.37499712851264844,1.4222354796916883,0.09247554588462112,0.37307132920219843,0.09130437658603818,0.4728290601339358,0.78570608146471,0.14074515989722947,0.08251819615403744,0.4614265840439681,0.610566839080795,0.03943316091920501,39.433160919205015,0.03943316091920501,39.433160919205015,0.48746155072918335,0.0,0.0,0.012538449270816654,12.538449270816654,True,15.549741800799175,0.0,15.549741800799175,budget_long_PI_RBF_alpha1em08_target0650_seed2026,BO,0.65,111,bo,rbf,pi,2026,200,20,0.27941820002160966,0.5901654998306185,0.009121400071308017,0.8788336999714375,0.848310008551574,5000,4000,1000,6.154241161354619e-05,0.0784489717036152,6.476295246615138,False,budget_sweep,RBF,PI,1e-08,1e-08,200
4015.980362999515,0.26175377326547866,0.15605558756077645,2.6345181062290286,0.11813336013882125,0.3660987466753793,0.7188515322855757,0.46215363790136765,0.1601588216022184,0.5448393687430095,0.9377786712940418,0.3219749335075853,0.6206825525887397,0.0293174474112603,29.3174474112603,0.0293174474112603,29.3174474112603,0.5273997020269525,0.02739970202695252,27.39970202695252,-0.02739970202695252,-27.39970202695252,False,8.595127227120132,300.29746846631446,308.8925956934346,budget_long_PI_RBF_alpha1em08_target0650_seed2026,BO,0.65,112,bo,rbf,pi,2026,200,20,0.41045690001919866,0.38124860008247197,0.010879900073632598,0.8027129000984132,0.9799633830147583,5000,4000,1000,6.154241161354619e-05,0.0784489717036152,6.476295246615138,False,budget_sweep,RBF,PI,1e-08,1e-08,200
2585.604395017638,0.3096607558643374,0.10846956865915988,1.515768391772529,0.09253169875049493,0.391252828648272,0.31017268429075384,0.5990307310409639,0.024198767597599646,0.1719227972575097,0.0843899583498311,0.8250565729654393,0.6096015014389657,0.04039849856103428,40.39849856103428,0.04039849856103428,40.39849856103428,0.49763275799517637,0.0,0.0,0.002367242004823633,2.367242004823633,True,16.320386859858885,0.0,16.320386859858885,budget_long_PI_RBF_alpha1em08_target0650_seed2026,BO,0.65,113,bo,rbf,pi,2026,200,20,0.31449989997781813,0.35318089998327196,0.009235600009560585,0.6770506000611931,0.770274384591253,5000,4000,1000,6.154241161354619e-05,0.0784489717036152,6.476295246615138,False,budget_sweep,RBF,PI,1e-08,1e-08,200
4025.63675155049,0.24359889622602215,0.3806555576537175,1.0563561440092448,0.11908184218725616,0.35984344410323116,0.7216105004429971,0.4102825606457776,0.8018730218677644,0.018785381336414962,0.9693947395752056,0.19686888206462302,0.6528899612274423,0.002889961227442228,2.889961227442228,0.0,0.0,0.492808372615327,0.0,0.0,0.007191627384672994,7.191627384672994,True,0.0835187589611939,0.0,0.0835187589611939,budget_long_PI_RBF_alpha1em08_target0650_seed2026,BO,0.65,114,bo,rbf,pi,2026,200,20,0.40104259992949665,0.31232839985750616,0.011672799941152334,0.7252056999132037,0.8481968320241241,5000,4000,1000,6.154241161354619e-05,0.0784489717036152,6.476295246615138,False,budget_sweep,RBF,PI,1e-08,1e-08,200
1542.3041851328062,0.22130828372959388,0.340231795377143,1.2605050028372968,0.09193677275131244,0.37423139391723764,0.012086910037944598,0.3465950963702682,0.6863765582204086,0.08683500094576557,0.06455909171041496,0.4846278783447533,0.6241351017922449,0.02586489820775517,25.86489820775517,0.02586489820775517,25.86489820775517,0.49459520532502427,0.0,0.0,0.0054047946749757325,5.404794674975733,True,6.689929592975367,0.0,6.689929592975367,budget_long_PI_RBF_alpha1em08_target0650_seed2026,BO,0.65,115,bo,rbf,pi,2026,200,20,0.2889519000891596,0.3381619998253882,0.011149999918416142,0.6384154001716524,0.7720006501986725,5000,4000,1000,6.154241161354619e-05,0.0784489717036152,6.476295246615138,False,budget_sweep,RBF,PI,1e-08,1e-08,200
4254.898427231324,0.2515272338569494,0.2966079718403599,1.0,0.11621504370633218,0.36243907993241326,0.7871138363518068,0.4329349538769983,0.5617370624010284,0.0,0.8738347902110726,0.24878159864826535,0.6459207926161297,0.0040792073838703535,4.0792073838703535,0.0040792073838703535,4.0792073838703535,0.4912802120288287,0.0,0.0,0.008719787971171289,8.71978797117129,True,0.16639932880622413,0.0,0.16639932880622413,budget_long_PI_RBF_alpha1em08_target0650_seed2026,BO,0.65,116,bo,rbf,pi,2026,200,20,0.46316509996540844,0.5788964000530541,0.01199220004491508,1.0542096998542547,0.7631926001814723,5000,4000,1000,6.154241161354619e-05,0.0784489717036152,6.476295246615138,False,budget_sweep,RBF,PI,1e-08,1e-08,200
4324.022984955713,0.44174217814681715,0.2266273040725615,3.6677767737237374,0.10639659618290462,0.3562160304825797,0.8068637099873464,0.9764062232766206,0.3617922973501757,0.8892589245745791,0.5465532060968208,0.12432060965159508,0.5671457611062648,0.08285423889373522,82.85423889373521,0.08285423889373522,82.85423889373521,0.4693497811536745,0.0,0.0,0.030650218846325517,30.650218846325515,True,68.64824902660146,0.0,68.64824902660146,budget_long_PI_RBF_alpha1em08_target0650_seed2026,BO,0.65,117,bo,rbf,pi,2026,200,20,0.40585810015909374,0.5350628001615405,0.010728699853643775,0.951833400176838,0.6993700139211871,5000,4000,1000,6.154241161354619e-05,0.0784489717036152,6.476295246615138,False,budget_sweep,RBF,PI,1e-08,1e-08,200
3966.789745598449,0.19638227610955267,0.3204349789119224,1.0733125215265418,0.12,0.3625435267496713,0.7047970701709854,0.2753779317415791,0.6298142254626354,0.024437507175513948,1.0,0.25087053499342615,0.6581342956912315,0.008134295691231475,8.134295691231475,0.0,0.0,0.4973962945973071,0.0,0.0,0.0026037054026928907,2.6037054026928907,True,0.6616676639238693,0.0,0.6616676639238693,budget_long_PI_RBF_alpha1em08_target0650_seed2026,BO,0.65,118,bo,rbf,pi,2026,200,20,0.4737109998241067,0.5186105999164283,0.011223000008612871,1.0037148999981582,0.7232271419700517,5000,4000,1000,6.154241161354619e-05,0.0784489717036152,6.476295246615138,False,budget_sweep,RBF,PI,1e-08,1e-08,200
3906.1763656412586,0.21060150003560282,0.359762029005368,1.1508967837062598,0.12,0.3619154195307941,0.6874789616117882,0.3160042858160081,0.7421772257296229,0.050298927902086586,1.0,0.2383083906158824,0.6561566173932492,0.006156617393249131,6.156617393249131,0.0,0.0,0.49672693916502514,0.0,0.0,0.0032730608349748613,3.2730608349748613,True,0.3790393772685772,0.0,0.3790393772685772,budget_long_PI_RBF_alpha1em08_target0650_seed2026,BO,0.65,119,bo,rbf,pi,2026,200,20,0.48562239995226264,0.49629789986647666,0.014624400064349174,0.9967596000060439,0.8250132368904874,5000,4000,1000,6.154241161354619e-05,0.0784489717036152,6.476295246615138,False,budget_sweep,RBF,PI,1e-08,1e-08,200
3812.1875746573196,0.2953289451662308,0.12181166763810836,1.5428007426609316,0.09372920489487364,0.3957950160577743,0.6606250213306627,0.5580827004749452,0.06231905039459529,0.1809335808869772,0.12430682982912178,0.9159003211554854,0.61090115797462,0.039098842025380054,39.09884202538005,0.039098842025380054,39.09884202538005,0.4994119214575785,0.0,0.0,0.0005880785424214885,0.5880785424214885,True,15.287194477256254,0.0,15.287194477256254,budget_long_PI_RBF_alpha1em08_target0650_seed2026,BO,0.65,120,bo,rbf,pi,2026,200,20,0.49440189986489713,0.6805323997978121,0.014471400063484907,1.1895858999341726,0.7727429867262792,5000,4000,1000,6.154241161354619e-05,0.0784489717036152,6.476295246615138,False,budget_sweep,RBF,PI,1e-08,1e-08,200
3115.4473315891228,0.24060765075339427,0.11239319632235914,3.1309151632387184,0.09544061715521128,0.381498682780342,0.46155638045403513,0.4017361450096979,0.03540913234959753,0.7103050544129061,0.18135390517370964,0.6299736556068399,0.5843334720549036,0.06566652794509642,65.66652794509642,0.06566652794509642,65.66652794509642,0.5407215719153414,0.040721571915341426,40.72157191534143,-0.040721571915341426,-40.72157191534143,False,43.12092892364129,663.2985677025293,706.4194966261706,budget_long_PI_RBF_alpha1em08_target0650_seed2026,BO,0.65,121,bo,rbf,pi,2026,200,20,0.6630597999319434,0.3866183999925852,0.01607999997213483,1.0659948999527842,0.9999887372871324,5000,4000,1000,6.154241161354619e-05,0.0784489717036152,6.476295246615138,False,budget_sweep,RBF,PI,1e-08,1e-08,200
3701.409219581412,0.299901775906189,0.2567505559409524,1.1014491917765163,0.09864265115152017,0.3513822682547254,0.6289740627375462,0.57114793116054,0.447858731259864,0.03381639725883878,0.28808837171733914,0.027645365094508878,0.5895369811152936,0.0604630188847064,60.4630188847064,0.0604630188847064,60.4630188847064,0.4612878173793079,0.0,0.0,0.03871218262069209,38.71218262069209,True,36.55776652652363,0.0,36.55776652652363,budget_long_PI_RBF_alpha1em08_target0650_seed2026,BO,0.65,122,bo,rbf,pi,2026,200,20,0.35703069996088743,0.5044462999794632,0.010480899829417467,0.8721332000568509,0.7919723560441989,5000,4000,1000,6.154241161354619e-05,0.0784489717036152,6.476295246615138,False,budget_sweep,RBF,PI,1e-08,1e-08,200
4825.440536979131,0.3414370344728431,0.22436560381998177,3.7778075124866994,0.11413751293202809,0.3850912325447609,0.9501258677083232,0.6898200984938376,0.35533029662851934,0.9259358374955665,0.8045837644009363,0.701824650895218,0.6130169794470723,0.03698302055292768,36.983020552927684,0.03698302055292768,36.983020552927684,0.5303421377805474,0.030342137780547396,30.342137780547397,-0.030342137780547396,-30.342137780547397,False,13.677438092182713,368.2581300374886,381.93556812967137,budget_long_PI_RBF_alpha1em08_target0650_seed2026,BO,0.65,123,bo,rbf,pi,2026,200,20,0.4812270998954773,0.3536865001078695,0.00983479991555214,0.8448902000673115,0.9999999988392768,5000,4000,1000,6.154241161354619e-05,0.0784489717036152,6.476295246615138,False,budget_sweep,RBF,PI,1e-08,1e-08,200
4888.083822373922,0.19813004327651962,0.18153862783416852,2.7789202037321674,0.09097195438012955,0.3668848327149687,0.968023949249692,0.28037155221862753,0.23296750809762434,0.5929734012440557,0.03239847933765183,0.3376966542993741,0.5593637489146708,0.09063625108532924,90.63625108532925,0.09063625108532924,90.63625108532925,0.49798142637479414,0.0,0.0,0.002018573625205855,2.018573625205855,True,82.14930010802847,0.0,82.14930010802847,budget_long_PI_RBF_alpha1em08_target0650_seed2026,BO,0.65,124,bo,rbf,pi,2026,200,20,0.5070919001009315,0.39182480005547404,0.011041400022804737,0.9101095998194069,0.8740545802755154,5000,4000,1000,6.154241161354619e-05,0.0784489717036152,6.476295246615138,False,budget_sweep,RBF,PI,1e-08,1e-08,200
3929.661415398503,0.19765163660554416,0.32285106266078534,1.1337351093822703,0.11648993465743077,0.3602455097854763,0.6941889758281437,0.27900467601584045,0.6367173218879582,0.04457836979409009,0.8829978219143589,0.2049101957095265,0.6457917470014584,0.004208252998541662,4.208252998541662,0.004208252998541662,4.208252998541662,0.4911617033766981,0.0,0.0,0.008838296623301878,8.838296623301877,True,0.17709393299734888,0.0,0.17709393299734888,budget_long_PI_RBF_alpha1em08_target0650_seed2026,BO,0.65,125,bo,rbf,pi,2026,200,20,0.4166514999233186,0.3554485000204295,0.010800400050356984,0.7830406001303345,0.721709576585733,5000,4000,1000,6.154241161354619e-05,0.0784489717036152,6.476295246615138,False,budget_sweep,RBF,PI,1e-08,1e-08,200
3970.458840207574,0.24598504603136098,0.3159482940478423,1.1815575422409816,0.11807805257080092,0.3621816815100387,0.7058453829164498,0.41710013151817427,0.616995125850978,0.06051918074699392,0.9359350856933645,0.2436336302007744,0.6479414313720193,0.002058568627980706,2.058568627980706,0.002058568627980706,2.058568627980706,0.49387108166422816,0.0,0.0,0.006128918335771838,6.1289183357718375,True,0.04237704796106365,0.0,0.04237704796106365,budget_long_PI_RBF_alpha1em08_target0650_seed2026,BO,0.65,126,bo,rbf,pi,2026,200,20,0.3822164998855442,0.39085129997693,0.011213399935513735,0.7844287999905646,0.7913127863200495,5000,4000,1000,6.154241161354619e-05,0.0784489717036152,6.476295246615138,False,budget_sweep,RBF,PI,1e-08,1e-08,200
3859.512790708568,0.20941506692429515,0.3436796842093068,1.1869232400850784,0.11720909986692676,0.359149571386074,0.6741465116310195,0.3126144769265576,0.696227669169448,0.062307746695026166,0.9069699955642255,0.1829914277214802,0.6457822066959902,0.0042177933040098425,4.2177933040098425,0.0042177933040098425,4.2177933040098425,0.49093885683912114,0.0,0.0,0.00906114316087886,9.06114316087886,True,0.17789780355350265,0.0,0.17789780355350265,budget_long_PI_RBF_alpha1em08_target0650_seed2026,BO,0.65,127,bo,rbf,pi,2026,200,20,0.4167142999358475,0.36168029997497797,0.010301300091668963,0.788832199992612,0.7627638875266485,5000,4000,1000,6.154241161354619e-05,0.0784489717036152,6.476295246615138,False,budget_sweep,RBF,PI,1e-08,1e-08,200
1542.905792618871,0.39267164423919276,0.30950455680999994,1.2302607711828109,0.09227434900918638,0.3882443609898055,0.012258797891105955,0.8362046978262649,0.5985844480285712,0.07675359039427032,0.07581163363954602,0.76488721979611,0.6136147558276525,0.036385244172347564,36.38524417234756,0.036385244172347564,36.38524417234756,0.4994280145235147,0.0,0.0,0.0005719854764852927,0.5719854764852927,True,13.238859934813524,0.0,13.238859934813524,budget_long_PI_RBF_alpha1em08_target0650_seed2026,BO,0.65,128,bo,rbf,pi,2026,200,20,0.3028875000309199,0.49011579994112253,0.013620699988678098,0.8067813001107424,0.7262933547010675,5000,4000,1000,6.154241161354619e-05,0.0784489717036152,6.476295246615138,False,budget_sweep,RBF,PI,1e-08,1e-08,200
3962.6775222621545,0.23785614718907613,0.3318598291523035,1.1818379268957533,0.11975275588608436,0.36332006437010644,0.7036221492177585,0.3938747062545032,0.6624566547208672,0.06061264229858443,0.9917585295361453,0.2664012874021287,0.6538679956815872,0.003867995681587133,3.867995681587133,0.0,0.0,0.4970716357121867,0.0,0.0,0.00292836428781329,2.92836428781329,True,0.1496139059277671,0.0,0.1496139059277671,budget_long_PI_RBF_alpha1em08_target0650_seed2026,BO,0.65,129,bo,rbf,pi,2026,200,20,0.4370409999974072,0.4656175998970866,0.011996299959719181,0.9148186999373138,0.6686274207448303,5000,4000,1000,6.154241161354619e-05,0.0784489717036152,6.476295246615138,False,budget_sweep,RBF,PI,1e-08,1e-08,200
4933.5563005713475,0.1678148448929568,0.25805233312063824,1.5126323530656873,0.10899322943846901,0.35431844887529984,0.9810160858775279,0.19375669969416232,0.4515780946303951,0.17087745102189578,0.633107647948967,0.08636897750599715,0.6071114347710497,0.04288856522895035,42.88856522895035,0.04288856522895035,42.88856522895035,0.47384979917951786,0.0,0.0,0.02615020082048214,26.15020082048214,True,18.394290273979287,0.0,18.394290273979287,budget_long_PI_RBF_alpha1em08_target0650_seed2026,BO,0.65,130,bo,rbf,pi,2026,200,20,0.5185493000317365,0.41486210003495216,0.009894800139591098,0.9435114997904748,0.7178032773487375,5000,4000,1000,6.154241161354619e-05,0.0784489717036152,6.476295246615138,False,budget_sweep,RBF,PI,1e-08,1e-08,200
3837.268827408674,0.3387694878584624,0.27446009088793577,1.0530703562468933,0.09404484003670072,0.39958684049703774,0.6677910935453355,0.682198536738464,0.49845740253695925,0.017690118748964423,0.13482800122335736,0.9917368099407539,0.6255048636541272,0.02449513634587286,24.495136345872858,0.02449513634587286,24.495136345872858,0.5034750784139383,0.0034750784139383484,3.4750784139383484,-0.0034750784139383484,-3.4750784139383484,False,6.000117046029016,4.8304679932081065,10.830585039237121,budget_long_PI_RBF_alpha1em08_target0650_seed2026,BO,0.65,131,bo,rbf,pi,2026,200,20,0.44703739997930825,0.626678999979049,0.014194299932569265,1.088085100054741,0.7042299919273436,5000,4000,1000,6.154241161354619e-05,0.0784489717036152,6.476295246615138,False,budget_sweep,RBF,PI,1e-08,1e-08,200
2560.5882652269265,0.31309782873875347,0.44687138807059357,2.8104452641633872,0.10773451639693701,0.3601513437039786,0.30302521863626475,0.6088509392535812,0.9910611087731245,0.6034817547211291,0.5911505465645674,0.20302687407957243,0.5993857326676789,0.050614267332321106,50.614267332321106,0.050614267332321106,50.614267332321106,0.5033184278952058,0.0033184278952057555,3.3184278952057555,-0.0033184278952057555,-3.3184278952057555,False,25.618040575876673,4.40478547827188,30.022826054148553,budget_long_PI_RBF_alpha1em08_target0650_seed2026,BO,0.65,132,bo,rbf,pi,2026,200,20,0.3823331000749022,0.3583937000948936,0.009389900136739016,0.7503885999321938,0.9999984285621616,5000,4000,1000,6.154241161354619e-05,0.0784489717036152,6.476295246615138,False,budget_sweep,RBF,PI,1e-08,1e-08,200
3184.165692616412,0.227466454468537,0.17546949198862088,3.2499302966988735,0.1065402361715308,0.3578138564459488,0.4811901978904034,0.3641898699101057,0.2156271199674883,0.7499767655662911,0.5513412057176936,0.15627712891897638,0.5858694814228631,0.06413051857713692,64.13051857713693,0.06413051857713692,64.13051857713693,0.5450033169248722,0.04500331692487225,45.00331692487225,-0.04500331692487225,-45.00331692487225,False,41.12723412972503,810.1194136961972,851.2466478259222,budget_long_PI_RBF_alpha1em08_target0650_seed2026,BO,0.65,133,bo,rbf,pi,2026,200,20,0.433100099908188,0.42104360018856823,0.011143499985337257,0.8654688000679016,1.0,5000,4000,1000,6.154241161354619e-05,0.0784489717036152,6.476295246615138,False,budget_sweep,RBF,PI,1e-08,1e-08,200
4895.485698252334,0.28325712589273616,0.21366355215020502,2.0047887076537036,0.09974580174981286,0.38986118493754723,0.9701387709292384,0.5235917882649604,0.32475300614344293,0.3349295692179012,0.3248600583270954,0.7972236987509441,0.609046976254147,0.04095302374585297,40.95302374585297,0.04095302374585297,40.95302374585297,0.5033364504333064,0.003336450433306437,3.336450433306437,-0.003336450433306437,-3.336450433306437,False,16.771501539283967,4.452760597564285,21.224262136848253,budget_long_PI_RBF_alpha1em08_target0650_seed2026,BO,0.65,134,bo,rbf,pi,2026,200,20,0.4319031999912113,0.48767950013279915,0.011077300179749727,0.9308134999591857,0.9999511774740543,5000,4000,1000,6.154241161354619e-05,0.0784489717036152,6.476295246615138,False,budget_sweep,RBF,PI,1e-08,1e-08,200
4484.075814225114,0.29513410234702203,0.11079150867918214,2.007700182976907,0.09087533459819884,0.38378970356637776,0.8525930897786043,0.5575260067057772,0.030832881940520362,0.3359000609923024,0.02917781993996138,0.6757940713275556,0.5836909865472085,0.0663090134527915,66.3090134527915,0.0663090134527915,66.3090134527915,0.4876760206551431,0.0,0.0,0.012323979344856906,12.323979344856905,True,43.96885265082484,0.0,43.96885265082484,budget_long_PI_RBF_alpha1em08_target0650_seed2026,BO,0.65,135,bo,rbf,pi,2026,200,20,0.41226389980874956,0.4074059999547899,0.012241299962624907,0.8320619000587612,0.8330745602243226,5000,4000,1000,6.154241161354619e-05,0.0784489717036152,6.476295246615138,False,budget_sweep,RBF,PI,1e-08,1e-08,200
1974.6539029042917,0.356880198144087,0.2660861328743228,3.0826979644293093,0.11874266630982125,0.36819946500806183,0.13561540082979762,0.7339434232688199,0.47453180821235086,0.6942326548097698,0.958088876994042,0.36398930016123665,0.6263528000003651,0.023647199999634938,23.64719999963494,0.023647199999634938,23.64719999963494,0.5084711700730039,0.008471170073003909,8.471170073003908,-0.008471170073003909,-8.471170073003908,False,5.591900678227346,28.70428896230282,34.296189640530166,budget_long_PI_RBF_alpha1em08_target0650_seed2026,BO,0.65,136,bo,rbf,pi,2026,200,20,0.3228731001727283,0.5588917001150548,0.011378600029274821,0.8932908999267966,0.812196041858838,5000,4000,1000,6.154241161354619e-05,0.0784489717036152,6.476295246615138,False,budget_sweep,RBF,PI,1e-08,1e-08,200
2116.3333298382618,0.18458450934635579,0.35727865713079254,3.216549185151461,0.09023142066966856,0.3620440966019166,0.1760952370966462,0.24167002670387372,0.7350818775165502,0.7388497283838202,0.007714022322285685,0.24088193203833275,0.567987517468042,0.08201248253195803,82.01248253195803,0.08201248253195803,82.01248253195803,0.54769199138448,0.04769199138447999,47.69199138447999,-0.04769199138447999,-47.69199138447999,False,67.26047291054722,909.8104168869256,977.0708897974729,budget_long_PI_RBF_alpha1em08_target0650_seed2026,BO,0.65,137,bo,rbf,pi,2026,200,20,0.3919986002147198,0.301542199915275,0.012412999989464879,0.7061038000974804,0.9998878312871508,5000,4000,1000,6.154241161354619e-05,0.0784489717036152,6.476295246615138,False,budget_sweep,RBF,PI,1e-08,1e-08,200
2073.174012653206,0.24676739251795587,0.4308742864785088,3.300183800249518,0.09152729252949302,0.3552205836954539,0.1637640036152016,0.4193354071941596,0.9453551042243108,0.7667279334165059,0.0509097509831008,0.1044116739090788,0.5619187915134718,0.08808120848652823,88.08120848652823,0.08808120848652823,88.08120848652823,0.501374479015966,0.0013744790159659903,1.3744790159659903,-0.0013744790159659903,-1.3744790159659903,False,77.58299288447253,0.7556770261323348,78.33866991060486,budget_long_PI_RBF_alpha1em08_target0650_seed2026,BO,0.65,138,bo,rbf,pi,2026,200,20,0.38154290011152625,0.4862752000335604,0.009360400028526783,0.8773355998564512,0.999992992899715,5000,4000,1000,6.154241161354619e-05,0.0784489717036152,6.476295246615138,False,budget_sweep,RBF,PI,1e-08,1e-08,200
3966.6069160685893,0.1006654758834849,0.3649211370813058,1.1536622050325436,0.11505006050985353,0.387337997417435,0.7047448331624541,0.0019013596670997002,0.7569175345180167,0.051220735010847895,0.835002016995118,0.7467599483487007,0.6733504044540712,0.023350404454071216,23.350404454071217,0.0,0.0,0.5178812997519585,0.017881299751958513,17.88129975195851,-0.017881299751958513,-17.88129975195851,False,5.452413881687089,127.89635232775663,133.3487662094437,budget_long_PI_RBF_alpha1em08_target0650_seed2026,BO,0.65,139,bo,rbf,pi,2026,200,20,0.3809938000049442,0.44285440002568066,0.012528999941423535,0.8365287999622524,0.960299437128346,5000,4000,1000,6.154241161354619e-05,0.0784489717036152,6.476295246615138,False,budget_sweep,RBF,PI,1e-08,1e-08,200
1687.156202892968,0.20080567455435855,0.4462106503080179,2.19824798518757,0.09236985567508821,0.3849485556681858,0.05347320082656226,0.28801621301245295,0.9891732865943368,0.39941599506252334,0.07899518916960724,0.698971113363716,0.6187796666810689,0.03122033331893115,31.220333318931146,0.03122033331893115,31.220333318931146,0.5464236761371699,0.04642367613716991,46.42367613716991,-0.04642367613716991,-46.42367613716991,False,9.747092125451625,862.0630824355356,871.8101745609873,budget_long_PI_RBF_alpha1em08_target0650_seed2026,BO,0.65,140,bo,rbf,pi,2026,200,20,0.3140166001394391,0.5281048000324517,0.011664599878713489,0.8539374000392854,0.9995503140266297,5000,4000,1000,6.154241161354619e-05,0.0784489717036152,6.476295246615138,False,budget_sweep,RBF,PI,1e-08,1e-08,200
4705.454162954004,0.20832208677025255,0.24764630776771737,2.3794005062030568,0.10102617210091683,0.37404880985543537,0.9158440465582868,0.30949167648643583,0.4218465936220497,0.45980016873435225,0.3675390700305613,0.48097619710870765,0.5949642406856757,0.05503575931432436,55.03575931432436,0.05503575931432436,55.03575931432436,0.5046659122785123,0.004665912278512319,4.665912278512319,-0.004665912278512319,-4.665912278512319,False,30.2893480330424,8.708294956308807,38.997642989351206,budget_long_PI_RBF_alpha1em08_target0650_seed2026,BO,0.65,141,bo,rbf,pi,2026,200,20,0.44596330006606877,0.774837400065735,0.012911000056192279,1.2338648000732064,0.9998948378345871,5000,4000,1000,6.154241161354619e-05,0.0784489717036152,6.476295246615138,False,budget_sweep,RBF,PI,1e-08,1e-08,200
3186.307297083303,0.3740209909714699,0.17327335456195742,3.181612680575772,0.11501824089284454,0.3826160918362362,0.4818020848809438,0.7829171170613426,0.20935244160559263,0.7272042268585907,0.8339413630948183,0.652321836724724,0.6212526733651916,0.02874732663480839,28.74732663480839,0.02874732663480839,28.74732663480839,0.5174937682038366,0.017493768203836635,17.493768203836634,-0.017493768203836635,-17.493768203836634,False,8.264087886483638,122.41277038782626,130.6768582743099,budget_long_PI_RBF_alpha1em08_target0650_seed2026,BO,0.65,142,bo,rbf,pi,2026,200,20,0.3710499999579042,0.4232963998802006,0.012999999802559614,0.8075108998455107,0.99999999851246,5000,4000,1000,6.154241161354619e-05,0.0784489717036152,6.476295246615138,False,budget_sweep,RBF,PI,1e-08,1e-08,200
4338.395807562172,0.2138553896163471,0.31490773720122694,1.1841220329119488,0.11904541547137712,0.3594764089464802,0.8109702307320493,0.3253011131895632,0.6140221062892198,0.06137401097064962,0.9681805157125706,0.18952817892960472,0.646799484437587,0.0032005155624130754,3.2005155624130754,0.0032005155624130754,3.2005155624130754,0.4915612903627446,0.0,0.0,0.008438709637255404,8.438709637255403,True,0.10243299865248284,0.0,0.10243299865248284,budget_long_PI_RBF_alpha1em08_target0650_seed2026,BO,0.65,143,bo,rbf,pi,2026,200,20,0.3999844999052584,0.45752909989096224,0.013500700006261468,0.8711705999448895,0.9999989672002022,5000,4000,1000,6.154241161354619e-05,0.0784489717036152,6.476295246615138,False,budget_sweep,RBF,PI,1e-08,1e-08,200
1603.9501006610708,0.28794359172884765,0.23390940427886373,1.3388582604890438,0.10368202553765321,0.37048744947971896,0.029700028760305974,0.5369816906538505,0.38259829793961064,0.11295275349634792,0.4560675179217738,0.40974898959437944,0.6359641218144227,0.014035878185577277,14.035878185577278,0.014035878185577277,14.035878185577278,0.5003458856122114,0.0003458856122113829,0.3458856122113829,-0.0003458856122113829,-0.3458856122113829,False,1.970058764403641,0.04785474269393727,2.017913507097578,budget_long_PI_RBF_alpha1em08_target0650_seed2026,BO,0.65,144,bo,rbf,pi,2026,200,20,0.2677288001868874,0.6060281000100076,0.01330009987577796,0.8872117998544127,0.8997824195260428,5000,4000,1000,6.154241161354619e-05,0.0784489717036152,6.476295246615138,False,budget_sweep,RBF,PI,1e-08,1e-08,200
1551.431454352362,0.2358609404850107,0.11979552868321508,3.717617027326947,0.09857040603631709,0.35353849746574156,0.014694701243532005,0.3881741156714591,0.0565586533806145,0.9058723424423157,0.2856802012105698,0.07076994931483216,0.5774416823574997,0.07255831764250031,72.55831764250031,0.07255831764250031,72.55831764250031,0.5129489278363798,0.012948927836379798,12.948927836379799,-0.012948927836379798,-12.948927836379799,False,52.647094591099716,67.06989284470863,119.71698743580835,budget_long_PI_RBF_alpha1em08_target0650_seed2026,BO,0.65,145,bo,rbf,pi,2026,200,20,0.37002519983798265,0.5471250000409782,0.013310600072145462,0.9306202998850495,0.907112659106578,5000,4000,1000,6.154241161354619e-05,0.0784489717036152,6.476295246615138,False,budget_sweep,RBF,PI,1e-08,1e-08,200
4458.146736294519,0.21400512205652023,0.32698163640969624,1.1801957792703421,0.1172016999362082,0.3570390062640904,0.8451847817984338,0.32572892016148636,0.6485189611705607,0.0600652597567807,0.9067233312069402,0.1407801252818081,0.6394008963289206,0.010599103671079413,10.599103671079412,0.010599103671079413,10.599103671079412,0.4867341619786305,0.0,0.0,0.013265838021369492,13.265838021369492,True,1.1234099863028908,0.0,1.1234099863028908,budget_long_PI_RBF_alpha1em08_target0650_seed2026,BO,0.65,146,bo,rbf,pi,2026,200,20,0.39392589987255633,0.4760972000658512,0.013812700053676963,0.8840030999854207,0.8122912018329111,5000,4000,1000,6.154241161354619e-05,0.0784489717036152,6.476295246615138,False,budget_sweep,RBF,PI,1e-08,1e-08,200
4491.761015156942,0.15420702936005504,0.4200280295361829,1.57771858768312,0.11221800081785305,0.3578346331571583,0.854788861473412,0.1548772267430144,0.9143657986748084,0.19257286256104,0.7406000272617684,0.15669266314316577,0.6233735767816302,0.026626423218369832,26.626423218369833,0.026626423218369832,26.626423218369833,0.48230762100731717,0.0,0.0,0.017692378992682833,17.692378992682833,True,7.089664134037441,0.0,7.089664134037441,budget_long_PI_RBF_alpha1em08_target0650_seed2026,BO,0.65,147,bo,rbf,pi,2026,200,20,0.4295076997950673,0.7212311998009682,0.013219699962064624,1.164116500178352,0.8583241212324826,5000,4000,1000,6.154241161354619e-05,0.0784489717036152,6.476295246615138,False,budget_sweep,RBF,PI,1e-08,1e-08,200
4159.335150356191,0.24446506710051352,0.3541798381918957,1.228203791664121,0.12,0.3614396138021013,0.7598100429589116,0.41275733457289576,0.7262281091197019,0.076067930554707,1.0,0.22879227604202712,0.6506872583110599,0.0006872583110598685,0.6872583110598685,0.0,0.0,0.4946573914773966,0.0,0.0,0.005342608522603376,5.342608522603376,True,0.004723239861208629,0.0,0.004723239861208629,budget_long_PI_RBF_alpha1em08_target0650_seed2026,BO,0.65,148,bo,rbf,pi,2026,200,20,0.3764865000266582,0.5902966998983175,0.013756500091403723,0.9806933000218123,0.8369039530124517,5000,4000,1000,6.154241161354619e-05,0.0784489717036152,6.476295246615138,False,budget_sweep,RBF,PI,1e-08,1e-08,200
3697.242757151782,0.28981411968799253,0.4251938451775594,2.3990127402141033,0.1005485057114223,0.3611402375523393,0.6277836449005091,0.5423260562514072,0.9291252719358841,0.46633758007136783,0.3516168570474105,0.22280475104678688,0.584658817185685,0.065341182814315,65.341182814315,0.065341182814315,65.341182814315,0.48933315153517787,0.0,0.0,0.010666848464822132,10.666848464822131,True,42.69470171573734,0.0,42.69470171573734,budget_long_PI_RBF_alpha1em08_target0650_seed2026,BO,0.65,149,bo,rbf,pi,2026,200,20,0.3971142000518739,0.5340109001845121,0.013733800034970045,0.945017899852246,0.9996094242597702,5000,4000,1000,6.154241161354619e-05,0.0784489717036152,6.476295246615138,False,budget_sweep,RBF,PI,1e-08,1e-08,200
4284.049188292231,0.4007067706890346,0.28996550522994086,3.3688532114307623,0.11498181612342974,0.3723739890666407,0.7954426252263518,0.8591622019686704,0.5427585863712596,0.7896177371435874,0.8327272041143248,0.44747978133281385,0.6043429652337434,0.0456570347662566,45.6570347662566,0.0456570347662566,45.6570347662566,0.5023038172744551,0.0023038172744550556,2.3038172744550556,-0.0023038172744550556,-2.3038172744550556,False,20.84564823647164,2.1230296136310085,22.968677850102647,budget_long_PI_RBF_alpha1em08_target0650_seed2026,BO,0.65,150,bo,rbf,pi,2026,200,20,0.4053249000571668,0.6317070000804961,0.013421300100162625,1.0506074998993427,0.7676278765588116,5000,4000,1000,6.154241161354619e-05,0.0784489717036152,6.476295246615138,False,budget_sweep,RBF,PI,1e-08,1e-08,200
3798.8936394004977,0.20156016702631188,0.3185666601143824,1.0590354416217007,0.11756528479035518,0.3642029773465131,0.6568267541144279,0.2901719057894625,0.6244761717553784,0.01967848054056693,0.9188428263451727,0.2840595469302618,0.6551927339994388,0.005192733999438759,5.192733999438759,0.0,0.0,0.49694026100400035,0.0,0.0,0.00305973899599965,3.05973899599965,True,0.2696448638892725,0.0,0.2696448638892725,budget_long_PI_RBF_alpha1em08_target0650_seed2026,BO,0.65,151,bo,rbf,pi,2026,200,20,0.38464269996620715,0.5482604999560863,0.014256299939006567,0.9473256999626756,0.7280703333357551,5000,4000,1000,6.154241161354619e-05,0.0784489717036152,6.476295246615138,False,budget_sweep,RBF,PI,1e-08,1e-08,200
4429.584457335688,0.19193207277140828,0.29663423978475395,1.327232351040688,0.11735516166897231,0.3572472429617617,0.8370241306673395,0.26266306506116655,0.5618121136707256,0.109077450346896,0.911838722299077,0.14494485923523454,0.6367579237972624,0.013242076202737652,13.242076202737652,0.013242076202737652,13.242076202737652,0.48727839273631934,0.0,0.0,0.012721607263680657,12.721607263680657,True,1.7535258215911083,0.0,1.7535258215911083,budget_long_PI_RBF_alpha1em08_target0650_seed2026,BO,0.65,152,bo,rbf,pi,2026,200,20,0.3975742000620812,0.7230932998936623,0.013688900042325258,1.1345258001238108,0.787422584335312,5000,4000,1000,6.154241161354619e-05,0.0784489717036152,6.476295246615138,False,budget_sweep,RBF,PI,1e-08,1e-08,200
3327.0381416226774,0.36063904322843165,0.17520155055053133,1.134478881743349,0.11964856926914255,0.3721556782424761,0.5220108976064792,0.744682980652662,0.2148615730015181,0.0448262939144497,0.988285642304752,0.4431135648495217,0.6562335832782646,0.0062335832782646206,6.2335832782646206,0.0,0.0,0.5051933715031406,0.005193371503140587,5.193371503140587,-0.005193371503140587,-5.193371503140587,False,0.38857560487060294,10.788443027853088,11.17701863272369,budget_long_PI_RBF_alpha1em08_target0650_seed2026,BO,0.65,153,bo,rbf,pi,2026,200,20,0.31253289990127087,0.625494800042361,0.013841899810358882,0.9520279001444578,0.6619599789931611,5000,4000,1000,6.154241161354619e-05,0.0784489717036152,6.476295246615138,False,budget_sweep,RBF,PI,1e-08,1e-08,200
3860.1843368398554,0.3263499494874151,0.351901012393931,1.1878905534641482,0.0942314101093748,0.39840704063883203,0.6743383819542444,0.6467141413926145,0.7197171782683744,0.06263018448804936,0.1410470036458269,0.9681408127766402,0.6242370205457991,0.02576297945420092,25.762979454200917,0.02576297945420092,25.762979454200917,0.5025557871881889,0.0025557871881889405,2.5557871881889405,-0.0025557871881889405,-2.5557871881889405,False,6.637311103575787,2.6128192605242924,9.250130364100078,budget_long_PI_RBF_alpha1em08_target0650_seed2026,BO,0.65,154,bo,rbf,pi,2026,200,20,0.34629939985461533,0.7013040001038462,0.014030700083822012,1.061788900056854,0.7126053393943461,5000,4000,1000,6.154241161354619e-05,0.0784489717036152,6.476295246615138,False,budget_sweep,RBF,PI,1e-08,1e-08,200
3153.691235069983,0.2578049783792372,0.14777504541117975,3.555739946448217,0.09425374464632151,0.3528942821624809,0.47248321001999516,0.4508713667978207,0.13650012974622783,0.8519133154827391,0.1417914882107172,0.05788564324961876,0.5483854274467248,0.10161457255327522,101.61457255327522,0.10161457255327522,101.61457255327522,0.5014677025430326,0.001467702543032634,1.467702543032634,-0.001467702543032634,-1.467702543032634,False,103.25521355184833,0.8616603019297844,104.11687385377812,budget_long_PI_RBF_alpha1em08_target0650_seed2026,BO,0.65,155,bo,rbf,pi,2026,200,20,0.4352047999855131,0.5897057999391109,0.013668699888512492,1.0387335000559688,0.9999722594708976,5000,4000,1000,6.154241161354619e-05,0.0784489717036152,6.476295246615138,False,budget_sweep,RBF,PI,1e-08,1e-08,200
1503.3442754234122,0.2772783163834014,0.3164924526873875,1.4917503633403797,0.1022858182134185,0.36964091031150825,0.0009555072638320894,0.5065094753811468,0.6185498648211072,0.16391678778012653,0.40952727378061693,0.3928182062301653,0.6338716791310739,0.016128320868926127,16.128320868926128,0.016128320868926127,16.128320868926128,0.49991125060201014,0.0,0.0,8.874939798986237e-05,0.08874939798986237,True,2.60122734051038,0.0,2.60122734051038,budget_long_PI_RBF_alpha1em08_target0650_seed2026,BO,0.65,156,bo,rbf,pi,2026,200,20,0.280420099850744,0.6864729002118111,0.014179799938574433,0.9813002999871969,0.7993221935294199,5000,4000,1000,6.154241161354619e-05,0.0784489717036152,6.476295246615138,False,budget_sweep,RBF,PI,1e-08,1e-08,200
4003.246402049234,0.21957562381840062,0.2902061904215853,2.3760209714587748,0.09548069114058239,0.3686174562996012,0.7152132577283525,0.34164463948114465,0.5434462583473866,0.45867365715292496,0.1826897046860797,0.3723491259920235,0.5806606601881766,0.06933933981182339,69.33933981182338,0.06933933981182339,69.33933981182338,0.496342102466538,0.0,0.0,0.003657897533462018,3.657897533462018,True,48.07944045539516,0.0,48.07944045539516,budget_long_PI_RBF_alpha1em08_target0650_seed2026,BO,0.65,157,bo,rbf,pi,2026,200,20,0.43475849996320903,0.8108596000820398,0.01403520000167191,1.259812599979341,0.7311557566307866,5000,4000,1000,6.154241161354619e-05,0.0784489717036152,6.476295246615138,False,budget_sweep,RBF,PI,1e-08,1e-08,200
4762.286200813816,0.39213677372930944,0.1096698574164596,3.9562145905852724,0.10357419905310115,0.39171324755407594,0.9320817716610905,0.8346764963694556,0.027628164047027393,0.9854048635284242,0.45247330177003864,0.8342649510815181,0.5934773372346381,0.056522662765361886,56.522662765361886,0.056522662765361886,56.522662765361886,0.5108315223031743,0.010831522303174301,10.831522303174301,-0.010831522303174301,-10.831522303174301,False,31.94811406086827,46.92875016166493,78.8768642225332,budget_long_PI_RBF_alpha1em08_target0650_seed2026,BO,0.65,158,bo,rbf,pi,2026,200,20,0.4458042997866869,0.5554962002206594,0.01412720000371337,1.0155838001519442,0.7303598010388778,5000,4000,1000,6.154241161354619e-05,0.0784489717036152,6.476295246615138,False,budget_sweep,RBF,PI,1e-08,1e-08,200
3899.1420457774825,0.21638861290650707,0.32767890198797467,1.159217600444244,0.118699658922729,0.35970068231330166,0.6854691559364235,0.3325388940185916,0.6505111485370706,0.0530725334814147,0.9566552974243003,0.19401364626603382,0.6497457661881902,0.00025423381180977866,0.25423381180977866,0.00025423381180977866,0.25423381180977866,0.4929033121519059,0.0,0.0,0.007096687848094085,7.096687848094085,True,0.0006463483106732995,0.0,0.0006463483106732995,budget_long_PI_RBF_alpha1em08_target0650_seed2026,BO,0.65,159,bo,rbf,pi,2026,200,20,0.37092720018699765,0.5480555999092758,0.01424859999679029,0.9333921999204904,0.7917230461858317,5000,4000,1000,6.154241161354619e-05,0.0784489717036152,6.476295246615138,False,budget_sweep,RBF,PI,1e-08,1e-08,200
4937.318891533678,0.12253030101721998,0.32802233219144317,2.0371340896900776,0.09919649883418938,0.35847154157221356,0.982091111866765,0.06437228862062849,0.6514923776898376,0.3457113632300258,0.30654996113964583,0.16943083144427196,0.5827542773184229,0.06724572268157714,67.24572268157713,0.06724572268157714,67.24572268157713,0.47904920606978557,0.0,0.0,0.02095079393021443,20.950793930214427,True,45.21987218967577,0.0,45.21987218967577,budget_long_PI_RBF_alpha1em08_target0650_seed2026,BO,0.65,160,bo,rbf,pi,2026,200,20,0.4768145999405533,0.46459980006329715,0.014553899876773357,0.9561389998998493,0.9987369070329197,5000,4000,1000,6.154241161354619e-05,0.0784489717036152,6.476295246615138,False,budget_sweep,RBF,PI,1e-08,1e-08,200
1604.1566980155628,0.3461165400219913,0.1579841366405827,3.48159810472825,0.11560647991642166,0.36561554945831,0.029759056575875076,0.7031901143485467,0.16566896183023627,0.8271993682427501,0.8535493305473888,0.3123109891661999,0.6144964091791446,0.03550359082085541,35.503590820855415,0.03550359082085541,35.503590820855415,0.5029372578204057,0.0029372578204056587,2.9372578204056587,-0.0029372578204056587,-2.9372578204056587,False,12.605049611747287,3.4509934014136805,16.056043013160966,budget_long_PI_RBF_alpha1em08_target0650_seed2026,BO,0.65,161,bo,rbf,pi,2026,200,20,0.33047030004672706,0.5230260998941958,0.01413000002503395,0.8678246999625117,0.7779008797854928,5000,4000,1000,6.154241161354619e-05,0.0784489717036152,6.476295246615138,False,budget_sweep,RBF,PI,1e-08,1e-08,200
2303.0455148689916,0.35577728627505256,0.12073538965157651,1.1619632684463306,0.10155604306989999,0.3714747959435188,0.22944157567685475,0.7307922465001502,0.05924397043307572,0.05398775614877682,0.3852014356633331,0.42949591887037564,0.6171754065008304,0.03282459349916966,32.824593499169666,0.03282459349916966,32.824593499169666,0.4890247534473108,0.0,0.0,0.010975246552689222,10.975246552689221,True,10.774539383857313,0.0,10.774539383857313,budget_long_PI_RBF_alpha1em08_target0650_seed2026,BO,0.65,162,bo,rbf,pi,2026,200,20,0.2974141000304371,0.7071138999890536,0.014461900107562542,1.0191633999347687,0.7539699542606861,5000,4000,1000,6.154241161354619e-05,0.0784489717036152,6.476295246615138,False,budget_sweep,RBF,PI,1e-08,1e-08,200
1663.5951322991973,0.2974464608264025,0.3027826856580127,1.4347905485977677,0.10197910443315505,0.3818739666055162,0.04674146637119925,0.5641327452182929,0.5793791018800363,0.14493018286592252,0.39930348110516856,0.6374793321103244,0.6403028353541833,0.009697164645816714,9.697164645816713,0.009697164645816714,9.697164645816713,0.5082637046056033,0.008263704605603328,8.263704605603328,-0.008263704605603328,-8.263704605603328,False,0.940350021680776,27.315525523467862,28.255875545148637,budget_long_PI_RBF_alpha1em08_target0650_seed2026,BO,0.65,163,bo,rbf,pi,2026,200,20,0.26679009990766644,0.5801789001561701,0.015062999911606312,0.8622102001681924,0.6995243368196068,5000,4000,1000,6.154241161354619e-05,0.0784489717036152,6.476295246615138,False,budget_sweep,RBF,PI,1e-08,1e-08,200
2782.021017510634,0.2631061385395148,0.23066806121270605,1.6143643645145644,0.09509447070786185,0.38368861748558797,0.3662917192887525,0.46601753868432816,0.37333731775058876,0.20478812150485481,0.1698156902620619,0.673772349711759,0.6107908702532956,0.03920912974670443,39.20912974670443,0.03920912974670443,39.20912974670443,0.49315267469455976,0.0,0.0,0.006847325305440244,6.847325305440243,True,15.373558554939022,0.0,15.373558554939022,budget_long_PI_RBF_alpha1em08_target0650_seed2026,BO,0.65,164,bo,rbf,pi,2026,200,20,0.3457595999352634,0.6221332000568509,0.014708099886775017,0.9827662999741733,0.7594684554104817,5000,4000,1000,6.154241161354619e-05,0.0784489717036152,6.476295246615138,False,budget_sweep,RBF,PI,1e-08,1e-08,200
1845.1983152743153,0.3213723992744958,0.42138272487659845,1.0564996561515474,0.10502674253348535,0.354910563552865,0.09862809007837581,0.6324925693557023,0.9182363567902814,0.018833218717182465,0.500891417782845,0.09821127105729988,0.626690800905617,0.023309199094383004,23.309199094383004,0.023309199094383004,23.309199094383004,0.4830042187654425,0.0,0.0,0.016995781234557528,16.995781234557526,True,5.433187624215854,0.0,5.433187624215854,budget_long_PI_RBF_alpha1em08_target0650_seed2026,BO,0.65,165,bo,rbf,pi,2026,200,20,0.26429870002903044,0.7051866000983864,0.01487970002926886,0.9845251999795437,0.7071117736786272,5000,4000,1000,6.154241161354619e-05,0.0784489717036152,6.476295246615138,False,budget_sweep,RBF,PI,1e-08,1e-08,200
3898.7090222319134,0.17447535709237502,0.3647354759024709,1.0546089100662546,0.11680760082758827,0.36443314771979385,0.6853454349234038,0.21278673454964292,0.7563870740070597,0.01820297002208486,0.8935866942529426,0.2886629543958774,0.6554680493724775,0.005468049372477468,5.468049372477468,0.0,0.0,0.4964130663631128,0.0,0.0,0.003586933636887224,3.586933636887224,True,0.2989956393985123,0.0,0.2989956393985123,budget_long_PI_RBF_alpha1em08_target0650_seed2026,BO,0.65,166,bo,rbf,pi,2026,200,20,0.3678377000615001,0.8197027000132948,0.014620400033891201,1.2023256001994014,0.8319159055913079,5000,4000,1000,6.154241161354619e-05,0.0784489717036152,6.476295246615138,False,budget_sweep,RBF,PI,1e-08,1e-08,200
3708.246746306421,0.22746354446476327,0.36176396374097675,1.1488455250018477,0.11767358993307356,0.3600455625793166,0.6309276418018346,0.3641815556136093,0.7478970392599334,0.049615175000615894,0.9224529977691189,0.20091125158633158,0.6491948066733823,0.0008051933266177702,0.8051933266177702,0.0008051933266177702,0.8051933266177702,0.4927323422345659,0.0,0.0,0.007267657765434088,7.2676577654340875,True,0.006483362932297912,0.0,0.006483362932297912,budget_long_PI_RBF_alpha1em08_target0650_seed2026,BO,0.65,167,bo,rbf,pi,2026,200,20,0.374911000020802,0.6746878998819739,0.016763499937951565,1.066534300101921,0.6572668797531044,5000,4000,1000,6.154241161354619e-05,0.0784489717036152,6.476295246615138,False,budget_sweep,RBF,PI,1e-08,1e-08,200
3861.532887171266,0.17851251840744453,0.3675741095754975,1.067550762747474,0.11872533430197002,0.3682392564780986,0.6747236820489331,0.22432148116412726,0.7644974559299931,0.022516920915824697,0.9575111433990007,0.3647851295619715,0.663554420312227,0.013554420312226978,13.554420312226977,0.0,0.0,0.5024934417591234,0.0024934417591233604,2.4934417591233604,-0.0024934417591233604,-2.4934417591233604,False,1.837223100005113,2.4869007224560793,4.324123822461193,budget_long_PI_RBF_alpha1em08_target0650_seed2026,BO,0.65,168,bo,rbf,pi,2026,200,20,0.378545300103724,0.6551775999832898,0.014941999921575189,1.0488258998375386,0.6752901411805488,5000,4000,1000,6.154241161354619e-05,0.0784489717036152,6.476295246615138,False,budget_sweep,RBF,PI,1e-08,1e-08,200
3786.7643972748156,0.17340369572708242,0.34385896640005986,1.0,0.11715145553711584,0.3642738019212011,0.653361256364233,0.2097248449345212,0.696739904000171,0.0,0.9050485179038614,0.2854760384240232,0.658017607463792,0.008017607463791987,8.017607463791986,0.0,0.0,0.49719353561563795,0.0,0.0,0.0028064643843620507,2.8064643843620507,True,0.6428202944345298,0.0,0.6428202944345298,budget_long_PI_RBF_alpha1em08_target0650_seed2026,BO,0.65,169,bo,rbf,pi,2026,200,20,0.36604440002702177,0.6601629999931902,0.01520580006763339,1.0415930000599474,0.7641008908124485,5000,4000,1000,6.154241161354619e-05,0.0784489717036152,6.476295246615138,False,budget_sweep,RBF,PI,1e-08,1e-08,200
4279.350201260325,0.19416383967230216,0.2978818753286322,1.1647104936284245,0.11783249388578682,0.35763196163342875,0.79410005750295,0.2690395419208634,0.5653767866532349,0.05490349787614148,0.9277497961928939,0.15263923266857576,0.6428080579413474,0.0071919420586525895,7.1919420586525895,0.0071919420586525895,7.1919420586525895,0.4888194649454496,0.0,0.0,0.011180535054550411,11.180535054550411,True,0.5172403057501604,0.0,0.5172403057501604,budget_long_PI_RBF_alpha1em08_target0650_seed2026,BO,0.65,170,bo,rbf,pi,2026,200,20,0.39751910022459924,0.7107728999108076,0.014897699933499098,1.1234434000216424,0.8216074801904264,5000,4000,1000,6.154241161354619e-05,0.0784489717036152,6.476295246615138,False,budget_sweep,RBF,PI,1e-08,1e-08,200
3980.0540476755505,0.25975199709239605,0.30496622736239465,1.0,0.11658675253759265,0.3640790823928842,0.708586870764443,0.45643427740684595,0.5856177924639847,0.0,0.886225084586422,0.28158164785768436,0.6496779865660665,0.00032201343393356563,0.32201343393356563,0.00032201343393356563,0.32201343393356563,0.4940772031263315,0.0,0.0,0.005922796873668479,5.922796873668479,True,0.0010369265163368683,0.0,0.0010369265163368683,budget_long_PI_RBF_alpha1em08_target0650_seed2026,BO,0.65,171,bo,rbf,pi,2026,200,20,0.3715689000673592,1.262481699930504,0.015366500010713935,1.6495862000156194,0.68074085430744,5000,4000,1000,6.154241161354619e-05,0.0784489717036152,6.476295246615138,False,budget_sweep,RBF,PI,1e-08,1e-08,200
2783.2062706073475,0.337818224759854,0.16699875386344476,2.8428975248564976,0.10642083554304016,0.36534737556800806,0.36663036303067065,0.6794806421710116,0.19142501103841358,0.6142991749521658,0.5473611847680053,0.30694751136016163,0.594201930123336,0.055798069876664025,55.79806987666402,0.055798069876664025,55.79806987666402,0.49914987273852857,0.0,0.0,0.0008501272614714339,0.8501272614714339,True,31.134246019610814,0.0,31.134246019610814,budget_long_PI_RBF_alpha1em08_target0650_seed2026,BO,0.65,172,bo,rbf,pi,2026,200,20,0.36512880004011095,0.6432436001487076,0.015276200138032436,1.0238202000036836,0.7155405370743771,5000,4000,1000,6.154241161354619e-05,0.0784489717036152,6.476295246615138,False,budget_sweep,RBF,PI,1e-08,1e-08,200
3726.5517043974774,0.19999316587055602,0.2984776440658651,1.1433357812733624,0.11817796621562349,0.3588041464368203,0.6361576298278507,0.28569475963016006,0.5670789830453289,0.047778593757787445,0.9392655405207829,0.1760829287364057,0.6491941465242034,0.0008058534757966473,0.8058534757966473,0.0008058534757966473,0.8058534757966473,0.4923834689126503,0.0,0.0,0.0076165310873497205,7.6165310873497205,True,0.006493998244535377,0.0,0.006493998244535377,budget_long_PI_RBF_alpha1em08_target0650_seed2026,BO,0.65,173,bo,rbf,pi,2026,200,20,0.37515640002675354,0.5859183000866324,0.015597500139847398,0.9768328999634832,0.7455816751105564,5000,4000,1000,6.154241161354619e-05,0.0784489717036152,6.476295246615138,False,budget_sweep,RBF,PI,1e-08,1e-08,200
2063.9565923510045,0.34633832879478466,0.11085306228087377,3.2383402892393103,0.11175122499111662,0.3687616347895919,0.16113045495742984,0.7038237965565276,0.03100874937392506,0.7461134297464368,0.7250408330372208,0.37523269579183793,0.6087247546737663,0.04127524532623372,41.27524532623372,0.04127524532623372,41.27524532623372,0.5041985807504931,0.004198580750493064,4.198580750493064,-0.004198580750493064,-4.198580750493064,False,17.036458767407787,7.05123212736436,24.087690894772145,budget_long_PI_RBF_alpha1em08_target0650_seed2026,BO,0.65,174,bo,rbf,pi,2026,200,20,0.33054149989038706,0.6840952001512051,0.015646300045773387,1.0304465000517666,0.863301187431328,5000,4000,1000,6.154241161354619e-05,0.0784489717036152,6.476295246615138,False,budget_sweep,RBF,PI,1e-08,1e-08,200
1565.3003621018483,0.2370078274574303,0.22319100575739315,1.4412695196815526,0.09227121900476938,0.3811223333062656,0.018657246314813802,0.391450935592658,0.3519743021639804,0.14708983989385083,0.07570730015897964,0.6224466661253124,0.6225535361410129,0.02744646385898708,27.44646385898708,0.02744646385898708,27.44646385898708,0.49973384994651765,0.0,0.0,0.0002661500534823502,0.2661500534823502,True,7.533083783626839,0.0,7.533083783626839,budget_long_PI_RBF_alpha1em08_target0650_seed2026,BO,0.65,175,bo,rbf,pi,2026,200,20,0.2740633001085371,0.62421780009754,0.01538469991646707,0.9138248001690954,0.7595311566883713,5000,4000,1000,6.154241161354619e-05,0.0784489717036152,6.476295246615138,False,budget_sweep,RBF,PI,1e-08,1e-08,200
3232.225617588602,0.4120166605556418,0.29109915378401774,1.1315624984560344,0.09324576417135252,0.3961004207821709,0.4949216050253148,0.8914761730161194,0.5459975822400507,0.04385416615201143,0.1081921390450844,0.9220084156434176,0.6171629155336387,0.032837084466361355,32.837084466361354,0.032837084466361355,32.837084466361354,0.4991211652591182,0.0,0.0,0.0008788347408817954,0.8788347408817954,True,10.782741162509502,0.0,10.782741162509502,budget_long_PI_RBF_alpha1em08_target0650_seed2026,BO,0.65,176,bo,rbf,pi,2026,200,20,0.28248990001156926,0.7408047001808882,0.016089699929580092,1.0395498999860138,0.7181773914767813,5000,4000,1000,6.154241161354619e-05,0.0784489717036152,6.476295246615138,False,budget_sweep,RBF,PI,1e-08,1e-08,200
1647.5119443370836,0.25460671104805443,0.3282890445241504,1.4482749657239822,0.09600770959563319,0.3810315555215723,0.04214626981059533,0.4417334601372984,0.6522544129261442,0.1494249885746607,0.20025698652110635,0.6206311104314465,0.6302462535304298,0.019753746469570177,19.753746469570178,0.019753746469570177,19.753746469570178,0.5025087030533446,0.0025087030533446075,2.5087030533446075,-0.0025087030533446075,-2.5087030533446075,False,3.9021049958405625,2.5174364039442225,6.419541399784785,budget_long_PI_RBF_alpha1em08_target0650_seed2026,BO,0.65,177,bo,rbf,pi,2026,200,20,0.2730417000129819,0.8598493000026792,0.015875300159677863,1.1489362001884729,0.8105157199234976,5000,4000,1000,6.154241161354619e-05,0.0784489717036152,6.476295246615138,False,budget_sweep,RBF,PI,1e-08,1e-08,200
2162.3301216562786,0.40986262239515503,0.2163234273854986,3.483319060162623,0.09849833362550212,0.3879990185657854,0.1892371776160796,0.8853217782718716,0.33235264967285316,0.8277730200542077,0.28327778751673727,0.7599803713157074,0.5909476614584167,0.059052338541583316,59.05233854158332,0.059052338541583316,59.05233854158332,0.4980788124533385,0.0,0.0,0.0019211875466614847,1.9211875466614847,True,34.87178687229766,0.0,34.87178687229766,budget_long_PI_RBF_alpha1em08_target0650_seed2026,BO,0.65,178,bo,rbf,pi,2026,200,20,0.3296958999708295,0.6959207998588681,0.016867399914190173,1.0426600999198854,0.7825243591034661,5000,4000,1000,6.154241161354619e-05,0.0784489717036152,6.476295246615138,False,budget_sweep,RBF,PI,1e-08,1e-08,200
3879.8463913224637,0.1945218701680923,0.3352325678361342,1.1284127671488768,0.1172557266452488,0.3621269223533536,0.6799561118064181,0.2700624861945494,0.6720930509603835,0.04280425571629224,0.9085242215082934,0.24253844706707153,0.6507706526340586,0.0007706526340586217,0.7706526340586217,0.0,0.0,0.49421098389341345,0.0,0.0,0.005789016106586553,5.789016106586553,True,0.005939054823814919,0.0,0.005939054823814919,budget_long_PI_RBF_alpha1em08_target0650_seed2026,BO,0.65,179,bo,rbf,pi,2026,200,20,0.3705480000935495,0.7561300999950618,0.017697999952360988,1.1445501002017409,0.672363150458519,5000,4000,1000,6.154241161354619e-05,0.0784489717036152,6.476295246615138,False,budget_sweep,RBF,PI,1e-08,1e-08,200
1529.6712246928607,0.2783463703506429,0.42444972028653183,1.4419453378236091,0.09662377631092021,0.3762175776984219,0.008477492769388806,0.5095610581446941,0.9269992008186624,0.14731511260786967,0.22079254369734047,0.524351553968438,0.6283386807143482,0.021661319285651848,21.66131928565185,0.021661319285651848,21.66131928565185,0.49927983481712773,0.0,0.0,0.0007201651828722677,0.7201651828722677,True,4.692127531949526,0.0,4.692127531949526,budget_long_PI_RBF_alpha1em08_target0650_seed2026,BO,0.65,180,bo,rbf,pi,2026,200,20,0.260240999981761,0.7316704001277685,0.01670029992237687,1.0087752998806536,0.8240557957359546,5000,4000,1000,6.154241161354619e-05,0.0784489717036152,6.476295246615138,False,budget_sweep,RBF,PI,1e-08,1e-08,200
2069.042287253344,0.3288647854703089,0.44703378833557017,1.1457411289101989,0.11577574683060049,0.3584521454997494,0.1625835106438126,0.6538993870580254,0.9915251095302005,0.04858037630339962,0.8591915610200163,0.16904290999498894,0.6522825168937849,0.0022825168937848916,2.2825168937848916,0.0,0.0,0.4965168507097199,0.0,0.0,0.0034831492902800965,3.4831492902800965,True,0.052098833704134304,0.0,0.052098833704134304,budget_long_PI_RBF_alpha1em08_target0650_seed2026,BO,0.65,181,bo,rbf,pi,2026,200,20,0.2773566998075694,0.5542773997876793,0.016507599968463182,0.8483072000090033,0.763104126719675,5000,4000,1000,6.154241161354619e-05,0.0784489717036152,6.476295246615138,False,budget_sweep,RBF,PI,1e-08,1e-08,200
1601.6034212604384,0.30715134615587036,0.4264573632019977,1.2495984347829472,0.11605000420205952,0.35714927626396237,0.02902954893155385,0.5918609890167725,0.9327353234342791,0.0831994782609824,0.8683334734019841,0.1429855252792478,0.6583398410310756,0.008339841031075546,8.339841031075546,0.0,0.0,0.5024168724878385,0.002416872487838506,2.416872487838506,-0.002416872487838506,-2.416872487838506,False,0.6955294842361122,2.336509048988276,3.032038533224388,budget_long_PI_RBF_alpha1em08_target0650_seed2026,BO,0.65,182,bo,rbf,pi,2026,200,20,0.2539309998974204,0.8759335998911411,0.017243700101971626,1.147275700001046,0.7929133047447898,5000,4000,1000,6.154241161354619e-05,0.0784489717036152,6.476295246615138,False,budget_sweep,RBF,PI,1e-08,1e-08,200
2156.345028408529,0.2997483194476134,0.32434641609066234,1.3086975662846356,0.11036487636057339,0.3656693294545034,0.1875271509738654,0.5707094841360383,0.6409897602590353,0.10289918876154525,0.6788292120191131,0.31338658909006867,0.6405871365652838,0.009412863434716257,9.412863434716257,0.009412863434716257,9.412863434716257,0.4968968090696437,0.0,0.0,0.0031031909303563254,3.1031909303563254,True,0.8860199804061832,0.0,0.8860199804061832,budget_long_PI_RBF_alpha1em08_target0650_seed2026,BO,0.65,183,bo,rbf,pi,2026,200,20,0.2825793002266437,1.0996163999661803,0.018425900023430586,1.4007943999022245,0.7905507615858152,5000,4000,1000,6.154241161354619e-05,0.0784489717036152,6.476295246615138,False,budget_sweep,RBF,PI,1e-08,1e-08,200
1551.812919015051,0.16441860251279938,0.3674424265815902,1.0127719757272462,0.09649994202341644,0.359670019695197,0.014803691147157405,0.18405315003656963,0.7641212188045434,0.0042573252424153996,0.21666473411388154,0.1934003939039407,0.6371705790809811,0.012829420919018952,12.829420919018952,0.012829420919018952,12.829420919018952,0.49032882348198287,0.0,0.0,0.009671176518017133,9.671176518017132,True,1.645940411173611,0.0,1.645940411173611,budget_long_PI_RBF_alpha1em08_target0650_seed2026,BO,0.65,184,bo,rbf,pi,2026,200,20,0.26360410009510815,0.7771439000498503,0.017739000031724572,1.0586520999204367,0.751659214079561,5000,4000,1000,6.154241161354619e-05,0.0784489717036152,6.476295246615138,False,budget_sweep,RBF,PI,1e-08,1e-08,200
2636.8915586465228,0.3548194927751539,0.3985786933289793,2.8755080610922708,0.11327551745087056,0.3638536770077207,0.3248261596132922,0.7280556936432969,0.8530819809399409,0.6251693536974237,0.7758505816956851,0.27707354015441377,0.6092778137481604,0.040722186251839654,40.72218625183965,0.040722186251839654,40.72218625183965,0.5007024321094471,0.0007024321094470931,0.7024321094470931,-0.0007024321094470931,-0.7024321094470931,False,16.582964531295186,0.1973643473529172,16.780328878648103,budget_long_PI_RBF_alpha1em08_target0650_seed2026,BO,0.65,185,bo,rbf,pi,2026,200,20,0.3403501999564469,0.8686597000341862,0.01835849997587502,1.2275493999477476,0.8297933318055725,5000,4000,1000,6.154241161354619e-05,0.0784489717036152,6.476295246615138,False,budget_sweep,RBF,PI,1e-08,1e-08,200
4313.961326431545,0.25858567385684617,0.3992375941885796,1.229073852216184,0.09924004745637481,0.3987149533860481,0.8039889504090126,0.4531019253052747,0.8549645548245133,0.07635795073872798,0.3080015818791605,0.9742990677209619,0.6376501200968601,0.01234987990313996,12.34987990313996,0.01234987990313996,12.34987990313996,0.5083520423887921,0.008352042388792058,8.352042388792057,-0.008352042388792058,-8.352042388792057,False,1.5251953362198025,27.90264482567174,29.42784016189154,budget_long_PI_RBF_alpha1em08_target0650_seed2026,BO,0.65,186,bo,rbf,pi,2026,200,20,0.38563650008291006,1.0862567001022398,0.019380899844691157,1.4914439001586288,0.7492967223071254,5000,4000,1000,6.154241161354619e-05,0.0784489717036152,6.476295246615138,False,budget_sweep,RBF,PI,1e-08,1e-08,200
3623.768076299777,0.20421290389149832,0.3096042067013832,1.124512756350996,0.11912914911927623,0.3617187488935331,0.6067908789427934,0.2977511539757095,0.598869162003952,0.04150425211699864,0.970971637309208,0.23437497787066264,0.655766131475424,0.00576613147542393,5.76613147542393,0.0,0.0,0.49677439331749,0.0,0.0,0.003225606682509985,3.225606682509985,True,0.3324827219187455,0.0,0.3324827219187455,budget_long_PI_RBF_alpha1em08_target0650_seed2026,BO,0.65,187,bo,rbf,pi,2026,200,20,0.3732007001526654,0.7032240000553429,0.017688499996438622,1.0943018000107259,0.6949279474749469,5000,4000,1000,6.154241161354619e-05,0.0784489717036152,6.476295246615138,False,budget_sweep,RBF,PI,1e-08,1e-08,200
2889.913858446235,0.29193554894928153,0.38825741034643335,2.1456274231865833,0.09531602207154583,0.37627273617661267,0.3971182452703528,0.548387282712233,0.8235926009898096,0.3818758077288611,0.17720073571819406,0.5254547235322535,0.595295500955936,0.05470449904406405,54.70449904406405,0.05470449904406405,54.70449904406405,0.4962301589564819,0.0,0.0,0.003769841043518074,3.769841043518074,True,29.92582215662004,0.0,29.92582215662004,budget_long_PI_RBF_alpha1em08_target0650_seed2026,BO,0.65,188,bo,rbf,pi,2026,200,20,0.35140529996715486,0.742222199914977,0.018029799917712808,1.111849799985066,0.9972519123419028,5000,4000,1000,6.154241161354619e-05,0.0784489717036152,6.476295246615138,False,budget_sweep,RBF,PI,1e-08,1e-08,200
4469.616245369442,0.22756899890585572,0.35585005512374845,1.1953433023514353,0.12,0.36006365738566,0.8484617843912693,0.36448285401673064,0.7310001574964242,0.06511443411714507,1.0,0.2012731477132,0.6492813969720639,0.0007186030279361377,0.7186030279361377,0.0007186030279361377,0.7186030279361377,0.4926623825757884,0.0,0.0,0.007337617424211573,7.337617424211573,True,0.0051639031175898555,0.0,0.0051639031175898555,budget_long_PI_RBF_alpha1em08_target0650_seed2026,BO,0.65,189,bo,rbf,pi,2026,200,20,0.4134529000148177,0.844169600168243,0.02107129991054535,1.2789094999898225,0.7336369483931464,5000,4000,1000,6.154241161354619e-05,0.0784489717036152,6.476295246615138,False,budget_sweep,RBF,PI,1e-08,1e-08,200
4046.3382229421445,0.1950402410742545,0.31484758462020623,1.0,0.11929819868335687,0.3650467860471169,0.7275252065548984,0.27154354592644137,0.6138502417720177,0.0,0.9766066227785624,0.3009357209423373,0.6601451073273008,0.010145107327300784,10.145107327300785,0.0,0.0,0.498980419281845,0.0,0.0,0.0010195807181549998,1.0195807181549998,True,1.0292320268245205,0.0,1.0292320268245205,budget_long_PI_RBF_alpha1em08_target0650_seed2026,BO,0.65,190,bo,rbf,pi,2026,200,20,0.385069299954921,1.0166480999905616,0.018316300120204687,1.4202036000788212,0.9096503698146821,5000,4000,1000,6.154241161354619e-05,0.0784489717036152,6.476295246615138,False,budget_sweep,RBF,PI,1e-08,1e-08,200
4845.564334392657,0.16083008761570383,0.10865891002704742,2.4935408027711463,0.09051844406148926,0.3609242231637166,0.9558755241121878,0.17380025033058233,0.02473974293442116,0.49784693425704873,0.017281468716308868,0.2184844632743319,0.5562085362064462,0.09379146379355385,93.79146379355386,0.09379146379355385,93.79146379355386,0.4844226342855591,0.0,0.0,0.015577365714440905,15.577365714440905,True,87.96838680537523,0.0,87.96838680537523,budget_long_PI_RBF_alpha1em08_target0650_seed2026,BO,0.65,191,bo,rbf,pi,2026,200,20,0.47316589998081326,0.8041649998631328,0.018114699982106686,1.2956230000127107,0.9968564205650732,5000,4000,1000,6.154241161354619e-05,0.0784489717036152,6.476295246615138,False,budget_sweep,RBF,PI,1e-08,1e-08,200
4870.861774899024,0.25840648546370626,0.18280160778213567,2.062178252025519,0.11770723186645499,0.361025335141811,0.963103364256864,0.4525899584677321,0.23657602223467333,0.35405941734183966,0.9235743955484996,0.22050670283622076,0.6207019544372403,0.029298045562759722,29.29804556275972,0.029298045562759722,29.29804556275972,0.4981240910171422,0.0,0.0,0.0018759089828577769,1.8759089828577769,True,8.583754737975447,0.0,8.583754737975447,budget_long_PI_RBF_alpha1em08_target0650_seed2026,BO,0.65,192,bo,rbf,pi,2026,200,20,0.4749307001475245,0.8226110998075455,0.0211992000695318,1.318922400008887,0.7309202536558052,5000,4000,1000,6.154241161354619e-05,0.0784489717036152,6.476295246615138,False,budget_sweep,RBF,PI,1e-08,1e-08,200
1618.0053290670123,0.22131792581951554,0.32696294876383925,3.564830709088848,0.09155676384344147,0.35082326341060227,0.03371580830486065,0.34662264519861585,0.6484655678966836,0.8549435696962826,0.051892128114715885,0.016465268212045858,0.5623707963306925,0.08762920366930749,87.62920366930749,0.08762920366930749,87.62920366930749,0.5078596274929529,0.007859627492952881,7.859627492952881,-0.007859627492952881,-7.859627492952881,False,76.78877335716972,24.709497731192315,101.49827108836203,budget_long_PI_RBF_alpha1em08_target0650_seed2026,BO,0.65,193,bo,rbf,pi,2026,200,20,0.36993509996682405,0.9247157000936568,0.018339599948376417,1.3131736000068486,0.9968538254368393,5000,4000,1000,6.154241161354619e-05,0.0784489717036152,6.476295246615138,False,budget_sweep,RBF,PI,1e-08,1e-08,200
1506.107210453639,0.2922415636950358,0.32774949155334143,3.508168079270101,0.1026237177491922,0.3564002753230384,0.0017449172724682827,0.5492616105572451,0.650712833009547,0.8360560264233671,0.4207905916397401,0.12800550646076836,0.5879981075920026,0.06200189240799747,62.001892407997474,0.06200189240799747,62.001892407997474,0.49486490191363114,0.0,0.0,0.005135098086368861,5.135098086368862,True,38.442346621728944,0.0,38.442346621728944,budget_long_PI_RBF_alpha1em08_target0650_seed2026,BO,0.65,194,bo,rbf,pi,2026,200,20,0.33005090011283755,0.7934097000397742,0.01943109999410808,1.1430661000777036,0.9981726731485563,5000,4000,1000,6.154241161354619e-05,0.0784489717036152,6.476295246615138,False,budget_sweep,RBF,PI,1e-08,1e-08,200
1513.4499402765884,0.2769599277550583,0.12745484817132585,3.489978581423226,0.10335901488238201,0.3617641828432294,0.003842840079025245,0.5055997935858809,0.0784424233466453,0.8299928604744086,0.4453004960794006,0.23528365686458885,0.5931676949069147,0.056832305093085345,56.832305093085346,0.056832305093085345,56.832305093085346,0.5075427248526811,0.0075427248526811486,7.542724852681149,-0.0075427248526811486,-7.542724852681149,False,32.29910902193534,22.757079281301543,55.05618830323688,budget_long_PI_RBF_alpha1em08_target0650_seed2026,BO,0.65,195,bo,rbf,pi,2026,200,20,0.3501913999207318,0.9662869002204388,0.018520199926570058,1.3351765000261366,0.9212941300529041,5000,4000,1000,6.154241161354619e-05,0.0784489717036152,6.476295246615138,False,budget_sweep,RBF,PI,1e-08,1e-08,200
1844.625971892745,0.2895184551748617,0.43573394563974266,3.862889622942054,0.1076478769880893,0.3536578733138721,0.09846456339792709,0.5414813004996049,0.9592398446849791,0.9542965409806846,0.5882625662696432,0.07315746627744202,0.5881248959644341,0.06187510403556595,61.875104035565954,0.06187510403556595,61.875104035565954,0.5027103443175295,0.0027103443175294784,2.7103443175294784,-0.0027103443175294784,-2.7103443175294784,False,38.2852849941211,2.9383865278257337,41.223671521946834,budget_long_PI_RBF_alpha1em08_target0650_seed2026,BO,0.65,196,bo,rbf,pi,2026,200,20,0.3635404999367893,0.9975169999524951,0.021060299826785922,1.3822951999027282,0.7577835247549598,5000,4000,1000,6.154241161354619e-05,0.0784489717036152,6.476295246615138,False,budget_sweep,RBF,PI,1e-08,1e-08,200
4577.606414256959,0.2201635906184075,0.2984398119024959,1.2023160092178249,0.1173874481056211,0.3595449000100535,0.8793161183591311,0.3433245446240215,0.5669708911499882,0.06743866973927495,0.9129149368540366,0.19089800020107106,0.6401668754001011,0.009833124599898935,9.833124599898934,0.009833124599898935,9.833124599898934,0.48895848197561514,0.0,0.0,0.011041518024384855,11.041518024384855,True,0.9669033939713758,0.0,0.9669033939713758,budget_long_PI_RBF_alpha1em08_target0650_seed2026,BO,0.65,197,bo,rbf,pi,2026,200,20,0.39541370002552867,1.0829977998510003,0.018658899934962392,1.4972410998307168,0.762478603131222,5000,4000,1000,6.154241161354619e-05,0.0784489717036152,6.476295246615138,False,budget_sweep,RBF,PI,1e-08,1e-08,200
1883.3757082662503,0.35093003297913206,0.17058626802390392,3.3915430332584773,0.11779069096837484,0.3580171291870631,0.10953591664750006,0.7169429513689488,0.20167505149686837,0.7971810110861591,0.9263563656124949,0.1603425837412622,0.6083870760512321,0.04161292394876792,41.61292394876792,0.04161292394876792,41.61292394876792,0.49840300807442117,0.0,0.0,0.0015969919255788279,1.5969919255788279,True,17.316354395659427,0.0,17.316354395659427,budget_long_PI_RBF_alpha1em08_target0650_seed2026,BO,0.65,198,bo,rbf,pi,2026,200,20,0.34356800001114607,0.8455187999643385,0.01910489983856678,1.2083640999626368,0.7042473906664953,5000,4000,1000,6.154241161354619e-05,0.0784489717036152,6.476295246615138,False,budget_sweep,RBF,PI,1e-08,1e-08,200
3935.441788123807,0.3319538315026884,0.4332120681877225,3.965454177217824,0.11893489587292076,0.35037750024690995,0.6958405108925162,0.6627252328648242,0.9520344805363501,0.9884847257392746,0.9644965290973591,0.007550004938199351,0.5901477876138594,0.05985221238614058,59.85221238614058,0.05985221238614058,59.85221238614058,0.504095946391173,0.004095946391173055,4.095946391173055,-0.004095946391173055,-4.095946391173055,False,35.822873275156795,6.71071073574543,42.533584010902224,budget_long_PI_RBF_alpha1em08_target0650_seed2026,BO,0.65,199,bo,rbf,pi,2026,200,20,0.45815499988384545,1.0320206000469625,0.019972100155428052,1.5103259000461549,0.9389202793135446,5000,4000,1000,6.154241161354619e-05,0.0784489717036152,6.476295246615138,False,budget_sweep,RBF,PI,1e-08,1e-08,200
4462.808670947581,0.23071377784113217,0.10563215612624674,3.155100770960573,0.09888018330600361,0.3501001864464274,0.8465167631278802,0.37346793668894906,0.016091874646419257,0.7183669236535244,0.29600611020012024,0.002003728928548165,0.5542782104656359,0.09572178953436417,95.72178953436416,0.09572178953436417,95.72178953436416,0.5066509770790502,0.006650977079050158,6.650977079050158,-0.006650977079050158,-6.650977079050158,False,91.6266099166111,17.694198442420227,109.32080835903133,budget_long_PI_RBF_alpha1em08_target0650_seed2026,BO,0.65,200,bo,rbf,pi,2026,200,20,0.45585280004888773,0.9143238000106066,0.01925050001591444,1.3896161001175642,0.8035275019727304,5000,4000,1000,6.154241161354619e-05,0.0784489717036152,6.476295246615138,False,budget_sweep,RBF,PI,1e-08,1e-08,200
4823.599044428991,0.303247055359511,0.2910558892268489,2.5753147621355854,0.10282688154981535,0.3832364291414367,0.9495997269797117,0.5807058724557457,0.5458739692195682,0.5251049207118619,0.4275627183271788,0.6647285828287336,0.6031940399516126,0.04680596004838744,46.80596004838744,0.04680596004838744,46.80596004838744,0.5102049852677055,0.010204985267705524,10.204985267705524,-0.010204985267705524,-10.204985267705524,False,21.907978960512413,41.65668972563472,63.56466868614713,budget_long_PI_RBF_alpha1em08_target0650_seed2027,BO,0.65,1,initial_lhs,rbf,pi,2027,200,20,0.48651030007749796,0.0,0.0,0.48657900001853704,,0,0,0,63.56466868614713,,,True,budget_sweep,RBF,PI,1e-08,1e-08,200
2847.8870147399134,0.1241278679151615,0.3526842089972122,3.2365228375265054,0.1004865889738777,0.35904429881627203,0.38511057563997525,0.06893676547189001,0.7219548828491776,0.7455076125088351,0.34955296579592343,0.1808859763254407,0.5825116236261181,0.06748837637388194,67.48837637388195,0.06748837637388194,67.48837637388195,0.6580681134206259,0.15806811342062588,158.06811342062588,-0.15806811342062588,-158.06811342062588,False,45.54680945582746,9994.211392142339,10039.758201598166,budget_long_PI_RBF_alpha1em08_target0650_seed2027,BO,0.65,2,initial_lhs,rbf,pi,2027,200,20,0.4510800000280142,0.0,0.0,0.45112660015001893,,0,0,0,63.56466868614713,,,False,budget_sweep,RBF,PI,1e-08,1e-08,200
1518.032118369225,0.44949375527041147,0.3106737573759427,2.3882191515804174,0.09491466941892782,0.38204072714810255,0.005152033819778528,0.9985535864868899,0.6019250210741222,0.4627397171934725,0.16382231396426084,0.6408145429620508,0.5887296148136775,0.06127038518632255,61.27038518632255,0.06127038518632255,61.27038518632255,0.49117869680064097,0.0,0.0,0.008821303199359032,8.821303199359033,True,37.54060100880334,0.0,37.54060100880334,budget_long_PI_RBF_alpha1em08_target0650_seed2027,BO,0.65,3,initial_lhs,rbf,pi,2027,200,20,0.26787829981185496,0.0,0.0,0.2679290999658406,,0,0,0,37.54060100880334,61.27038518632255,8.821303199359033,True,budget_sweep,RBF,PI,1e-08,1e-08,200
3497.25061767099,0.2099637408810826,0.3640911337273114,1.2938225058404584,0.11084722203917428,0.36507547507989263,0.5706430336202828,0.31418211680309316,0.7545460963637469,0.09794083528015285,0.6949074013058095,0.30150950159785317,0.6362231274691057,0.013776872530894324,13.776872530894323,0.013776872530894324,13.776872530894323,0.4909582540834537,0.0,0.0,0.009041745916546273,9.041745916546272,True,1.8980221673251059,0.0,1.8980221673251059,budget_long_PI_RBF_alpha1em08_target0650_seed2027,BO,0.65,4,initial_lhs,rbf,pi,2027,200,20,0.3720781998708844,0.0,0.0,0.37212399998679757,,0,0,0,1.8980221673251059,13.776872530894323,9.041745916546272,True,budget_sweep,RBF,PI,1e-08,1e-08,200
3810.682805143088,0.37372005297572897,0.23763759974144025,2.2529640736233,0.0931169212468111,0.3969776605824956,0.6601950871837394,0.7820572942163686,0.3932502849755436,0.4176546912077666,0.10389737489370379,0.9395532116499113,0.599695881861976,0.050304118138024045,50.304118138024045,0.050304118138024045,50.304118138024045,0.5023584809228704,0.0023584809228703874,2.3584809228703874,-0.0023584809228703874,-2.3584809228703874,False,25.30504301644279,2.2249729054174217,27.530015921860212,budget_long_PI_RBF_alpha1em08_target0650_seed2027,BO,0.65,5,initial_lhs,rbf,pi,2027,200,20,0.3604133001063019,0.0,0.0,0.3604580000974238,,0,0,0,1.8980221673251059,13.776872530894323,9.041745916546272,False,budget_sweep,RBF,PI,1e-08,1e-08,200
3997.7618195431023,0.1667731548701724,0.2448348843425768,2.0290378667888262,0.11401295018418708,0.35237787359165584,0.7136462341551721,0.1907804424862069,0.41381395526450515,0.343012622262942,0.8004316728062365,0.047557471833117704,0.6118556178555848,0.03814438214441518,38.144382144415175,0.03814438214441518,38.144382144415175,0.4949515371682366,0.0,0.0,0.005048462831763412,5.048462831763412,True,14.549938891791795,0.0,14.549938891791795,budget_long_PI_RBF_alpha1em08_target0650_seed2027,BO,0.65,6,initial_lhs,rbf,pi,2027,200,20,0.4198704999871552,0.0,0.0,0.41991540021263063,,0,0,0,1.8980221673251059,13.776872530894323,9.041745916546272,False,budget_sweep,RBF,PI,1e-08,1e-08,200
4937.431473683956,0.2637796461772387,0.1941287796080743,1.7244015260557894,0.11985091963938288,0.3892410205768142,0.982123278195416,0.46794184622068197,0.2689393703087837,0.2414671753519298,0.9950306546460963,0.7848204115362833,0.6595163572894677,0.009516357289467647,9.516357289467647,0.0,0.0,0.5204801629761965,0.02048016297619648,20.480162976196482,-0.02048016297619648,-20.480162976196482,False,0.9056105606080402,167.77483021262765,168.6804407732357,budget_long_PI_RBF_alpha1em08_target0650_seed2027,BO,0.65,7,initial_lhs,rbf,pi,2027,200,20,0.4274337000679225,0.0,0.0,0.4274758999235928,,0,0,0,1.8980221673251059,13.776872530894323,9.041745916546272,False,budget_sweep,RBF,PI,1e-08,1e-08,200
3211.464127425917,0.10460046307215375,0.44403450416128276,2.997473684167904,0.10054036184524463,0.3557696736979401,0.4889897506931192,0.013144180206153544,0.9829557261750936,0.6658245613893012,0.3513453948414877,0.11539347395880202,0.5815263041941532,0.06847369580584683,68.47369580584683,0.06847369580584683,68.47369580584683,0.6103987698562531,0.11039876985625308,110.39876985625308,-0.11039876985625308,-110.39876985625308,False,46.88647017311646,4875.155354309573,4922.04182448269,budget_long_PI_RBF_alpha1em08_target0650_seed2027,BO,0.65,8,initial_lhs,rbf,pi,2027,200,20,0.4955096999183297,0.0,0.0,0.4955513998866081,,0,0,0,1.8980221673251059,13.776872530894323,9.041745916546272,False,budget_sweep,RBF,PI,1e-08,1e-08,200
2663.1007788617453,0.4028537292587704,0.3819252709298506,2.129318271724999,0.11613634678171447,0.37178704880942337,0.332314508246213,0.8652963693107727,0.8055007740852875,0.37643942390833296,0.8712115593904828,0.43574097618846774,0.6318352331483287,0.018164766851671343,18.164766851671345,0.018164766851671343,18.164766851671345,0.5010647318009469,0.0010647318009469053,1.0647318009469053,-0.0010647318009469053,-1.0647318009469053,False,3.2995875477557806,0.4534615231790562,3.7530490709348365,budget_long_PI_RBF_alpha1em08_target0650_seed2027,BO,0.65,9,initial_lhs,rbf,pi,2027,200,20,0.31460629985667765,0.0,0.0,0.31466070003807545,,0,0,0,1.8980221673251059,13.776872530894323,9.041745916546272,False,budget_sweep,RBF,PI,1e-08,1e-08,200
1732.8043246952775,0.20141175650707938,0.40229237631220427,2.6580311686685882,0.10389725778053013,0.3695898720443256,0.06651552134150784,0.28974787573451255,0.863692503749155,0.5526770562228628,0.4632419260176711,0.39179744088651125,0.6231967693844458,0.02680323061555423,26.80323061555423,0.02680323061555423,26.80323061555423,0.5643108821428234,0.06431088214282343,64.31088214282343,-0.06431088214282343,-64.31088214282343,False,7.184131714305836,1654.35582479525,1661.5399565095559,budget_long_PI_RBF_alpha1em08_target0650_seed2027,BO,0.65,10,initial_lhs,rbf,pi,2027,200,20,0.3746251999400556,0.0,0.0,0.3746777998749167,,0,0,0,1.8980221673251059,13.776872530894323,9.041745916546272,False,budget_sweep,RBF,PI,1e-08,1e-08,200
2172.6987906137074,0.27696433395624764,0.14122602146372398,3.5343942510840822,0.09621742244113055,0.3635788224630891,0.1921996544610593,0.5056123827321362,0.11778863275349707,0.844798083694694,0.20724741470435176,0.2715764492617815,0.5698523921437839,0.08014760785621611,80.14760785621611,0.08014760785621611,80.14760785621611,0.503427775384257,0.0034277753842569814,3.4277753842569814,-0.0034277753842569814,-3.4277753842569814,False,64.23639045073794,4.699857633967238,68.93624808470518,budget_long_PI_RBF_alpha1em08_target0650_seed2027,BO,0.65,11,initial_lhs,rbf,pi,2027,200,20,0.39484339999035,0.0,0.0,0.3948907998856157,,0,0,0,1.8980221673251059,13.776872530894323,9.041745916546272,False,budget_sweep,RBF,PI,1e-08,1e-08,200
4577.702198620624,0.34817482938834987,0.2134768762048799,3.88763809738047,0.11802507958015433,0.37993879678820186,0.8793434853201783,0.709070941109571,0.3242196462996569,0.9625460324601567,0.9341693193384778,0.5987759357640365,0.6138780551331061,0.03612194486689391,36.121944866893905,0.03612194486689391,36.121944866893905,0.5276968849554134,0.027696884955413448,27.69688495541345,-0.027696884955413448,-27.69688495541345,False,13.04794900966923,306.8469744933631,319.8949235030324,budget_long_PI_RBF_alpha1em08_target0650_seed2027,BO,0.65,12,initial_lhs,rbf,pi,2027,200,20,0.4614852999802679,0.0,0.0,0.4615281999576837,,0,0,0,1.8980221673251059,13.776872530894323,9.041745916546272,False,budget_sweep,RBF,PI,1e-08,1e-08,200
2336.2336662200187,0.4206897541639716,0.33634183375418736,1.046763461340352,0.11161581311294215,0.3533151604494096,0.23892390463429097,0.9162564404684902,0.675262382154821,0.015587820446784023,0.7205271037647385,0.06630320898819178,0.6237738707859197,0.026226129214080296,26.226129214080295,0.026226129214080296,26.226129214080295,0.48037692983414987,0.0,0.0,0.01962307016585013,19.62307016585013,True,6.87809853553636,0.0,6.87809853553636,budget_long_PI_RBF_alpha1em08_target0650_seed2027,BO,0.65,13,initial_lhs,rbf,pi,2027,200,20,0.24204619997180998,0.0,0.0,0.2420882999431342,,0,0,0,1.8980221673251059,13.776872530894323,9.041745916546272,False,budget_sweep,RBF,PI,1e-08,1e-08,200
3010.209959771822,0.2529661322194695,0.2980842328488004,1.8027326402583304,0.11398126841842582,0.3760101585050454,0.4314885599348063,0.4370460920556273,0.5659549509965727,0.2675775467527768,0.7993756139475277,0.5202031701009076,0.6444356345674539,0.005564365432546126,5.564365432546126,0.005564365432546126,5.564365432546126,0.5111463634346539,0.011146363434653916,11.146363434653917,-0.011146363434653916,-11.146363434653917,False,0.30962162666914234,49.69656712695594,50.00618875362508,budget_long_PI_RBF_alpha1em08_target0650_seed2027,BO,0.65,14,initial_lhs,rbf,pi,2027,200,20,0.36231229989789426,0.0,0.0,0.36235549999400973,,0,0,0,1.8980221673251059,13.776872530894323,9.041745916546272,False,budget_sweep,RBF,PI,1e-08,1e-08,200
2499.5606177697446,0.32821720683273914,0.2724010653095761,3.772050365415063,0.10746115620586588,0.36112891921677137,0.2855887479342128,0.6520491623792547,0.49257447231307444,0.9240167884716876,0.5820385401955293,0.2225783843354272,0.584997696305722,0.06500230369427806,65.00230369427807,0.06500230369427806,65.00230369427807,0.4984789004384969,0.0,0.0,0.001521099561503092,1.521099561503092,True,42.25299485563155,0.0,42.25299485563155,budget_long_PI_RBF_alpha1em08_target0650_seed2027,BO,0.65,15,initial_lhs,rbf,pi,2027,200,20,0.3731023999862373,0.0,0.0,0.37315599992871284,,0,0,0,1.8980221673251059,13.776872530894323,9.041745916546272,False,budget_sweep,RBF,PI,1e-08,1e-08,200
3643.8137527249955,0.2260475855343451,0.42803127439678224,3.312726044778331,0.09792811490895643,0.38582640867146284,0.6125182150642845,0.36013595866955744,0.9372322125622349,0.770908681592777,0.26427049696521465,0.716528173429257,0.5952730525921074,0.054726947407892634,54.72694740789264,0.054726947407892634,54.72694740789264,0.5578747128307513,0.057874712830751296,57.87471283075129,-0.057874712830751296,-57.87471283075129,False,29.950387725862463,1339.7929540967716,1369.743341822634,budget_long_PI_RBF_alpha1em08_target0650_seed2027,BO,0.65,16,initial_lhs,rbf,pi,2027,200,20,0.4487214998807758,0.0,0.0,0.4487671998795122,,0,0,0,1.8980221673251059,13.776872530894323,9.041745916546272,False,budget_sweep,RBF,PI,1e-08,1e-08,200
4132.877335908175,0.3872506280962008,0.12311612679173894,1.447547831197829,0.09127773765915725,0.39196248584993754,0.7522506674023359,0.8207160802748596,0.06604607654782556,0.14918261039927636,0.04259125530524184,0.8392497169987501,0.5984798361353517,0.051520163864648305,51.5201638646483,0.051520163864648305,51.5201638646483,0.4908673300315941,0.0,0.0,0.009132669968405893,9.132669968405892,True,26.54327284640213,0.0,26.54327284640213,budget_long_PI_RBF_alpha1em08_target0650_seed2027,BO,0.65,17,initial_lhs,rbf,pi,2027,200,20,0.34428180009126663,0.0,0.0,0.34432719997130334,,0,0,0,1.8980221673251059,13.776872530894323,9.041745916546272,False,budget_sweep,RBF,PI,1e-08,1e-08,200
1959.5420632406904,0.14869041265399424,0.17724593774958297,3.6768141036488657,0.1056931276421194,0.39443688466210397,0.131297732354483,0.1391154647256978,0.22070267928452272,0.8922713678829552,0.5231042547373133,0.8887376932420794,0.634806401718697,0.015193598281303067,15.193598281303068,0.015193598281303067,15.193598281303068,0.6554266776760759,0.15542667767607588,155.42667767607588,-0.15542667767607588,-155.42667767607588,False,2.308454287336155,9662.980853369114,9665.28930765645,budget_long_PI_RBF_alpha1em08_target0650_seed2027,BO,0.65,18,initial_lhs,rbf,pi,2027,200,20,0.40879189991392195,0.0,0.0,0.4088355000130832,,0,0,0,1.8980221673251059,13.776872530894323,9.041745916546272,False,budget_sweep,RBF,PI,1e-08,1e-08,200
4326.014421362195,0.32710325110449434,0.11693770472239352,1.522349816402572,0.09283114857873091,0.3987086663656658,0.80743269181777,0.6488664317271268,0.048393442063981475,0.17411660546752397,0.09437161929103047,0.9741733273133164,0.6093410706151097,0.04065892938489035,40.65892938489035,0.04065892938489035,40.65892938489035,0.49976083734882804,0.0,0.0,0.00023916265117196467,0.23916265117196467,True,16.531485387255,0.0,16.531485387255,budget_long_PI_RBF_alpha1em08_target0650_seed2027,BO,0.65,19,initial_lhs,rbf,pi,2027,200,20,0.3623818000778556,0.0,0.0,0.3624221000354737,,0,0,0,1.8980221673251059,13.776872530894323,9.041745916546272,False,budget_sweep,RBF,PI,1e-08,1e-08,200
3409.4161235060774,0.17340667338393242,0.15616269574309752,2.8901476464465206,0.10919188872857868,0.3742137766125357,0.5455474638588792,0.20973335252552122,0.16046484498027863,0.6300492154821735,0.639729624285956,0.4842755322507136,0.6124872650784946,0.03751273492150542,37.51273492150542,0.03751273492150542,37.51273492150542,0.5782414747628913,0.07824147476289134,78.24147476289134,-0.07824147476289134,-78.24147476289134,False,14.072052812911322,2448.691349228865,2462.7634020417763,budget_long_PI_RBF_alpha1em08_target0650_seed2027,BO,0.65,20,initial_lhs,rbf,pi,2027,200,20,0.4213621001690626,0.0,0.0,0.42140310001559556,,0,0,0,1.8980221673251059,13.776872530894323,9.041745916546272,False,budget_sweep,RBF,PI,1e-08,1e-08,200
3246.4989921799065,0.21356988245092218,0.36754621682477806,1.081175249864276,0.11223485407178947,0.36641980521366324,0.49899971205140187,0.3244853784312062,0.7644177623565089,0.027058416621425316,0.7411618023929826,0.3283961042732647,0.6485616515898747,0.0014383484101253563,1.4383484101253563,0.0014383484101253563,1.4383484101253563,0.49548111274266227,0.0,0.0,0.004518887257337734,4.518887257337734,True,0.020688461489101403,0.0,0.020688461489101403,budget_long_PI_RBF_alpha1em08_target0650_seed2027,BO,0.65,21,bo,rbf,pi,2027,200,20,0.34820830007083714,0.06895139999687672,0.0023888000287115574,0.41963869985193014,0.7704796724788796,5000,4000,1000,0.020688461489101403,1.4383484101253563,4.518887257337734,True,budget_sweep,RBF,PI,1e-08,1e-08,200
4104.52275023414,0.16732451365557033,0.3260731920202808,1.7459848224386025,0.099580576901032,0.3911011150537519,0.7441493572097543,0.19235575330162946,0.6459234057722308,0.24866160747953414,0.31935256336773366,0.8220223010750378,0.6228516443904593,0.027148355609540764,27.148355609540765,0.027148355609540764,27.148355609540765,0.5061265723905438,0.006126572390543816,6.126572390543816,-0.006126572390543816,-6.126572390543816,False,7.370332123020835,15.01395570262951,22.384287825650343,budget_long_PI_RBF_alpha1em08_target0650_seed2027,BO,0.65,22,bo,rbf,pi,2027,200,20,0.3958606000524014,0.09564670012332499,0.002442199969664216,0.494050299981609,0.9999333458525705,5000,4000,1000,0.020688461489101403,1.4383484101253563,4.518887257337734,False,budget_sweep,RBF,PI,1e-08,1e-08,200
3287.728588246783,0.2139697743415575,0.3737876711742366,1.0,0.11352430252571213,0.3637181613314671,0.5107795966419381,0.3256279266901643,0.7822504890692474,0.0,0.7841434175237381,0.2743632266293427,0.6511197656450451,0.0011197656450451232,1.1197656450451232,0.0,0.0,0.4941954348916877,0.0,0.0,0.005804565108312287,5.804565108312287,True,0.01253875099823321,0.0,0.01253875099823321,budget_long_PI_RBF_alpha1em08_target0650_seed2027,BO,0.65,23,bo,rbf,pi,2027,200,20,0.40508799999952316,0.0766175000462681,0.002603100147098303,0.48441659985110164,0.9999737179100011,5000,4000,1000,0.01253875099823321,1.1197656450451232,5.804565108312287,True,budget_sweep,RBF,PI,1e-08,1e-08,200
3603.461694045047,0.2030463479953532,0.3295442326537485,1.0593678554374963,0.11193929433372511,0.3611854281772531,0.600989055441442,0.2944181371295806,0.6558406647249957,0.01978928514583209,0.7313098111241706,0.22370856354506224,0.6398100604702328,0.010189939529767211,10.189939529767212,0.010189939529767211,10.189939529767212,0.4883705449527542,0.0,0.0,0.011629455047245774,11.629455047245774,True,1.0383486762031242,0.0,1.0383486762031242,budget_long_PI_RBF_alpha1em08_target0650_seed2027,BO,0.65,24,bo,rbf,pi,2027,200,20,0.3834168999455869,0.09996160003356636,0.0024557998403906822,0.4859398000407964,0.999898150394353,5000,4000,1000,0.01253875099823321,1.1197656450451232,5.804565108312287,False,budget_sweep,RBF,PI,1e-08,1e-08,200
3446.707070924517,0.21000363587283832,0.3613447143005558,1.0264676227533298,0.1125156865436289,0.3648157985721481,0.5562020202641478,0.31429610249382384,0.7466991837158736,0.008822540917776598,0.7505228847876302,0.2963159714429613,0.6476220220352684,0.0023779779647316035,2.3779779647316035,0.0023779779647316035,2.3779779647316035,0.4933557452095388,0.0,0.0,0.006644254790461213,6.644254790461213,True,0.05654779200749059,0.0,0.05654779200749059,budget_long_PI_RBF_alpha1em08_target0650_seed2027,BO,0.65,25,bo,rbf,pi,2027,200,20,0.3672616998665035,0.06603370001539588,0.0027209001127630472,0.4361173000652343,0.9811462611227545,5000,4000,1000,0.01253875099823321,1.1197656450451232,5.804565108312287,False,budget_sweep,RBF,PI,1e-08,1e-08,200
2031.7452995010049,0.17191038189483937,0.2335646514844132,1.7843603950630702,0.11173039644970222,0.3874490851812025,0.15192722842885853,0.2054582339852553,0.3816132899554663,0.2614534650210234,0.7243465483234072,0.7489817036240501,0.6695223473383765,0.019522347338376433,19.522347338376434,0.0,0.0,0.5410761368188883,0.04107613681888833,41.07613681888833,-0.04107613681888833,-41.07613681888833,False,3.8112204560021343,674.8996063856134,678.7108268416156,budget_long_PI_RBF_alpha1em08_target0650_seed2027,BO,0.65,26,bo,rbf,pi,2027,200,20,0.3316396998707205,0.10389559995383024,0.0025345999747514725,0.43817460001446307,0.9997491945681538,5000,4000,1000,0.01253875099823321,1.1197656450451232,5.804565108312287,False,budget_sweep,RBF,PI,1e-08,1e-08,200
4378.0729821175255,0.20412440943690777,0.35866146052633285,1.498688466380326,0.10616042795376258,0.3746771064798087,0.822306566319293,0.2974983126768793,0.7390327443609511,0.16622948879344202,0.5386809317920862,0.49354212959617405,0.6248978571298698,0.02510214287013024,25.10214287013024,0.02510214287013024,25.10214287013024,0.49215994910128197,0.0,0.0,0.007840050898718032,7.840050898718031,True,6.301175766724304,0.0,6.301175766724304,budget_long_PI_RBF_alpha1em08_target0650_seed2027,BO,0.65,27,bo,rbf,pi,2027,200,20,0.40874999994412065,0.08855099999345839,0.003190400078892708,0.5005925998557359,0.9948584606762192,5000,4000,1000,0.01253875099823321,1.1197656450451232,5.804565108312287,False,budget_sweep,RBF,PI,1e-08,1e-08,200
4903.069025637974,0.16577987283114348,0.2321583269595698,1.5605471967464002,0.0963304159536783,0.36867153470982567,0.9723054358965639,0.1879424938032671,0.3775952198844852,0.18684906558213343,0.2110138651226101,0.3734306941965133,0.5916858187474319,0.058314181252568154,58.314181252568154,0.058314181252568154,58.314181252568154,0.4743584523795548,0.0,0.0,0.025641547620445182,25.64154762044518,True,34.005437351573704,0.0,34.005437351573704,budget_long_PI_RBF_alpha1em08_target0650_seed2027,BO,0.65,28,bo,rbf,pi,2027,200,20,0.42980769998393953,0.10050559998489916,0.0025882001500576735,0.5330084001179785,0.9999923541789458,5000,4000,1000,0.01253875099823321,1.1197656450451232,5.804565108312287,False,budget_sweep,RBF,PI,1e-08,1e-08,200
4855.865636366649,0.16421217413733716,0.20310184217277322,1.979290259580994,0.10412242606848061,0.3610293376354892,0.958818753247614,0.18346335467810615,0.29457669192220914,0.326430086526998,0.4707475356160207,0.22058675270978445,0.5943961740926891,0.055603825907310944,55.60382590731094,0.055603825907310944,55.60382590731094,0.4849463766221231,0.0,0.0,0.015053623377876912,15.053623377876912,True,30.917854555305432,0.0,30.917854555305432,budget_long_PI_RBF_alpha1em08_target0650_seed2027,BO,0.65,29,bo,rbf,pi,2027,200,20,0.4333698998671025,0.10686650010757148,0.002786999801173806,0.5431237001903355,0.9965244894711556,5000,4000,1000,0.01253875099823321,1.1197656450451232,5.804565108312287,False,budget_sweep,RBF,PI,1e-08,1e-08,200
4118.766596530322,0.16645330383429863,0.29328347109892006,1.951848046418518,0.11660005980421025,0.36464212328023393,0.748219027580092,0.18986658238371035,0.5522384888540572,0.31728268213950594,0.8866686601403418,0.2928424656046785,0.6320464173688333,0.017953582631166753,17.953582631166753,0.017953582631166753,17.953582631166753,0.5069197971193986,0.006919797119398607,6.919797119398607,-0.006919797119398607,-6.919797119398607,False,3.2233112929413252,19.153436869454904,22.37674816239623,budget_long_PI_RBF_alpha1em08_target0650_seed2027,BO,0.65,30,bo,rbf,pi,2027,200,20,0.4338406000752002,0.10473209992051125,0.0030205000657588243,0.541694600135088,0.9985512280830199,5000,4000,1000,0.01253875099823321,1.1197656450451232,5.804565108312287,False,budget_sweep,RBF,PI,1e-08,1e-08,200
3386.18470472882,0.1651310923488338,0.1285690176360217,1.8590592584295786,0.10247539002059905,0.3595032470010919,0.5389099156368058,0.1860888352823823,0.08162576467434768,0.2863530861431929,0.4158463340199684,0.19006494002183794,0.5971606092504316,0.05283939074956845,52.83939074956845,0.05283939074956845,52.83939074956845,0.4863493886396219,0.0,0.0,0.013650611360378095,13.650611360378095,True,27.920012147855793,0.0,27.920012147855793,budget_long_PI_RBF_alpha1em08_target0650_seed2027,BO,0.65,31,bo,rbf,pi,2027,200,20,0.387636800063774,0.11700739990919828,0.0029561000410467386,0.5077080000191927,0.9948026644064691,5000,4000,1000,0.01253875099823321,1.1197656450451232,5.804565108312287,False,budget_sweep,RBF,PI,1e-08,1e-08,200
3401.7516061438614,0.2031466361815683,0.35880033084896645,1.0,0.11251182841581034,0.3617925109067016,0.5433576017553889,0.29470467480448087,0.7394295167113327,0.0,0.7503942805270114,0.23585021813403217,0.6459532690869629,0.004046730913037089,4.046730913037089,0.004046730913037089,4.046730913037089,0.49071821933913284,0.0,0.0,0.009281780660867156,9.281780660867156,True,0.1637603108252999,0.0,0.1637603108252999,budget_long_PI_RBF_alpha1em08_target0650_seed2027,BO,0.65,32,bo,rbf,pi,2027,200,20,0.3416130000259727,0.09777509979903698,0.0031383999157696962,0.4426299000624567,0.9999937617234443,5000,4000,1000,0.01253875099823321,1.1197656450451232,5.804565108312287,False,budget_sweep,RBF,PI,1e-08,1e-08,200
2938.703463346932,0.26567374640816444,0.13548080294043324,3.508805876036707,0.10459223661376636,0.3745279120974129,0.4110581323848377,0.4733535611661841,0.1013737226869521,0.8362686253455689,0.4864078871255455,0.49055824194825803,0.5921959733365058,0.05780402666349427,57.80402666349427,0.05780402666349427,57.80402666349427,0.5347069483562085,0.03470694835620847,34.706948356208464,-0.03470694835620847,-34.706948356208464,False,33.41305498513956,481.82890568020866,515.2419606653482,budget_long_PI_RBF_alpha1em08_target0650_seed2027,BO,0.65,33,bo,rbf,pi,2027,200,20,0.4184138998389244,0.11584009998477995,0.0034245001152157784,0.5377929999958724,0.9921847306944873,5000,4000,1000,0.01253875099823321,1.1197656450451232,5.804565108312287,False,budget_sweep,RBF,PI,1e-08,1e-08,200
3410.1002551027905,0.18559400126971118,0.40705443333149716,1.7191217296702557,0.10237738407096844,0.39400947302327843,0.5457429300293687,0.24455428934203194,0.8772983809471349,0.23970724322341852,0.41257946903228127,0.8801894604655681,0.6382451241356668,0.011754875864333214,11.754875864333215,0.011754875864333214,11.754875864333215,0.5143515674181938,0.014351567418193767,14.351567418193767,-0.014351567418193767,-14.351567418193767,False,1.3817710658588354,82.38699494358436,83.7687660094432,budget_long_PI_RBF_alpha1em08_target0650_seed2027,BO,0.65,34,bo,rbf,pi,2027,200,20,0.3849572001490742,0.13868320011533797,0.003317000111564994,0.5270645001437515,0.9999999697551316,5000,4000,1000,0.01253875099823321,1.1197656450451232,5.804565108312287,False,budget_sweep,RBF,PI,1e-08,1e-08,200
1670.27397518953,0.2930874037304853,0.13619842566285376,3.534662190509036,0.09686738270064865,0.35686155355190147,0.04864970719700856,0.5516782963728152,0.1034240733224393,0.8448873968363453,0.2289127566882886,0.13723107103802967,0.5697654321948205,0.08023456780517957,80.23456780517957,0.08023456780517957,80.23456780517957,0.48854290647922144,0.0,0.0,0.01145709352077856,11.45709352077856,True,64.37585870883959,0.0,64.37585870883959,budget_long_PI_RBF_alpha1em08_target0650_seed2027,BO,0.65,35,bo,rbf,pi,2027,200,20,0.3508002001326531,0.15316360001452267,0.003719099797308445,0.5077873000409454,0.9999989383314599,5000,4000,1000,0.01253875099823321,1.1197656450451232,5.804565108312287,False,budget_sweep,RBF,PI,1e-08,1e-08,200
4654.369104239922,0.15618913831754636,0.30710024597161195,1.658713045973677,0.09201725326367816,0.3637622089560005,0.9012483154971205,0.16054039519298957,0.5917149884903199,0.21957101532455903,0.06724177545593868,0.2752441791200101,0.5771256990940061,0.0728743009059939,72.87430090599389,0.0728743009059939,72.87430090599389,0.4666411954358704,0.0,0.0,0.033358804564129596,33.3588045641296,True,53.10663732537342,0.0,53.10663732537342,budget_long_PI_RBF_alpha1em08_target0650_seed2027,BO,0.65,36,bo,rbf,pi,2027,200,20,0.4359554999973625,0.1042026998475194,0.0035118001978844404,0.5438009998761117,0.9989287005948251,5000,4000,1000,0.01253875099823321,1.1197656450451232,5.804565108312287,False,budget_sweep,RBF,PI,1e-08,1e-08,200
1734.416292237973,0.2696768391884266,0.28450210547631494,3.5402840684460744,0.0996258443414603,0.3507209316922152,0.0669760834965637,0.48479096910979036,0.5271488727894713,0.8467613561486915,0.3208614780486765,0.014418633844303974,0.573924215264324,0.076075784735676,76.075784735676,0.076075784735676,76.075784735676,0.4962390627161225,0.0,0.0,0.003760937283877497,3.760937283877497,True,57.875250231489126,0.0,57.875250231489126,budget_long_PI_RBF_alpha1em08_target0650_seed2027,BO,0.65,37,bo,rbf,pi,2027,200,20,0.34637090004980564,0.14727659989148378,0.003913199994713068,0.4976679999381304,0.9767532418498036,5000,4000,1000,0.01253875099823321,1.1197656450451232,5.804565108312287,False,budget_sweep,RBF,PI,1e-08,1e-08,200
4120.253117901995,0.17816027310107715,0.12895144498690075,1.928202640649376,0.09376739379859382,0.3992922439100345,0.7486437479719985,0.2233150660030776,0.08271841424828785,0.3094008802164586,0.12557979328646096,0.9858448782006887,0.6121216399760806,0.03787836002391942,37.87836002391942,0.03787836002391942,37.87836002391942,0.5122898297249251,0.012289829724925094,12.289829724925095,-0.012289829724925094,-12.289829724925095,False,14.347701581016569,60.41596586706096,74.76366744807753,budget_long_PI_RBF_alpha1em08_target0650_seed2027,BO,0.65,38,bo,rbf,pi,2027,200,20,0.4354969998821616,0.16996020008809865,0.00349649996496737,0.609112499980256,0.9901291002947971,5000,4000,1000,0.01253875099823321,1.1197656450451232,5.804565108312287,False,budget_sweep,RBF,PI,1e-08,1e-08,200
4250.914289340191,0.15946287199859807,0.16448184556651685,1.8971935709243315,0.10162564976399537,0.3557404557996011,0.7859755112400548,0.16989391999599446,0.1842338444757624,0.29906452364144387,0.38752165879984546,0.11480911599202248,0.5868820472106476,0.0631179527893524,63.117952789352394,0.0631179527893524,63.117952789352394,0.47727294960691724,0.0,0.0,0.02272705039308276,22.72705039308276,True,39.83875964318918,0.0,39.83875964318918,budget_long_PI_RBF_alpha1em08_target0650_seed2027,BO,0.65,39,bo,rbf,pi,2027,200,20,0.4819602998904884,0.14797450019977987,0.0036438999231904745,0.6337297998834401,0.9870053002234372,5000,4000,1000,0.01253875099823321,1.1197656450451232,5.804565108312287,False,budget_sweep,RBF,PI,1e-08,1e-08,200
4182.770999906999,0.171033257508945,0.3302584428881499,1.9947361193738629,0.11319227880259453,0.3517193416561972,0.7665059999734284,0.2029521643112714,0.657881265394714,0.3315787064579543,0.7730759600864843,0.03438683312394464,0.6101323255059751,0.03986767449402495,39.86767449402495,0.03986767449402495,39.86767449402495,0.49052871856013947,0.0,0.0,0.009471281439860535,9.471281439860535,True,15.894314695615277,0.0,15.894314695615277,budget_long_PI_RBF_alpha1em08_target0650_seed2027,BO,0.65,40,bo,rbf,pi,2027,200,20,0.4310606000944972,0.1109432999510318,0.003256900003179908,0.5453727999702096,0.9999977586757135,5000,4000,1000,0.01253875099823321,1.1197656450451232,5.804565108312287,False,budget_sweep,RBF,PI,1e-08,1e-08,200
4066.2132972349355,0.16961652155218693,0.28312505091150053,1.8841980833324519,0.09691125671035623,0.35469578217201386,0.7332037992099816,0.1989043472919626,0.5232144311757158,0.2947326944441506,0.23037522367854102,0.09391564344027747,0.5774251520072538,0.07257484799274627,72.57484799274627,0.07257484799274627,72.57484799274627,0.470711706702531,0.0,0.0,0.029288293297469015,29.288293297469014,True,52.67108561170227,0.0,52.67108561170227,budget_long_PI_RBF_alpha1em08_target0650_seed2027,BO,0.65,41,bo,rbf,pi,2027,200,20,0.4139812998473644,0.19785419991239905,0.005098500056192279,0.6170482998713851,0.9989670973565395,5000,4000,1000,0.01253875099823321,1.1197656450451232,5.804565108312287,False,budget_sweep,RBF,PI,1e-08,1e-08,200
4802.4812137906465,0.16853241787504825,0.44528698839630865,1.411282206579783,0.09158588202558854,0.35924695490382436,0.9435660610830419,0.1958069082144236,0.9865342525608819,0.1370940688599277,0.052862734186284954,0.1849390980764869,0.5777224720311458,0.07227752796885423,72.27752796885423,0.07227752796885423,72.27752796885423,0.46021590468501455,0.0,0.0,0.039784095314985446,39.78409531498544,True,52.24041049288505,0.0,52.24041049288505,budget_long_PI_RBF_alpha1em08_target0650_seed2027,BO,0.65,42,bo,rbf,pi,2027,200,20,0.4437899000477046,0.06412259978242218,0.0033805000130087137,0.5113957999274135,0.9839214404181827,5000,4000,1000,0.01253875099823321,1.1197656450451232,5.804565108312287,False,budget_sweep,RBF,PI,1e-08,1e-08,200
4727.49821146129,0.1828264954836129,0.16826113979870427,2.1050541564933893,0.11542346839071313,0.36493381160700655,0.9221423461317971,0.2366471299531797,0.19503182799629792,0.36835138549779645,0.8474489463571042,0.2986762321401314,0.621269949027953,0.02873005097204706,28.73005097204706,0.02873005097204706,28.73005097204706,0.5058224243297974,0.005822424329797404,5.822424329797404,-0.005822424329797404,-5.822424329797404,False,8.254158288564224,13.5602500304867,21.814408319050923,budget_long_PI_RBF_alpha1em08_target0650_seed2027,BO,0.65,43,bo,rbf,pi,2027,200,20,0.45065209991298616,0.14995929994620383,0.00384889985434711,0.6045787998009473,0.9957352073528587,5000,4000,1000,0.01253875099823321,1.1197656450451232,5.804565108312287,False,budget_sweep,RBF,PI,1e-08,1e-08,200
4258.676513489807,0.10753451736631883,0.19117928433573583,2.4046157807774917,0.10105060382261769,0.3572380877498152,0.7881932895685163,0.021527192475196633,0.2605122409592452,0.46820526025916387,0.36835346075392283,0.14476175499630395,0.5814875184987117,0.0685124815012883,68.5124815012883,0.0685124815012883,68.5124815012883,0.5021901181393263,0.002190118139326347,2.190118139326347,-0.002190118139326347,-2.190118139326347,False,46.939601214643716,1.91864698568252,48.85824820032624,budget_long_PI_RBF_alpha1em08_target0650_seed2027,BO,0.65,44,bo,rbf,pi,2027,200,20,0.45666060014627874,0.14425439992919564,0.004380800062790513,0.605407599825412,0.9172990982636346,5000,4000,1000,0.01253875099823321,1.1197656450451232,5.804565108312287,False,budget_sweep,RBF,PI,1e-08,1e-08,200
4000.8598111084966,0.16391042938270162,0.3811675680754102,1.6001014888685496,0.11162477690147754,0.39611206509676683,0.7145313746024277,0.18260122680771884,0.8033359087868863,0.20003382962284988,0.7208258967159181,0.9222413019353359,0.6615758696682223,0.011575869668222327,11.575869668222328,0.0,0.0,0.5215135774593648,0.021513577459364774,21.513577459364775,-0.021513577459364774,-21.513577459364775,False,1.3400075857566969,185.13360604003523,186.47361362579193,budget_long_PI_RBF_alpha1em08_target0650_seed2027,BO,0.65,45,bo,rbf,pi,2027,200,20,0.4003056001383811,0.15081100002862513,0.0036266001407057047,0.5548483000602573,0.9193596566293133,5000,4000,1000,0.01253875099823321,1.1197656450451232,5.804565108312287,False,budget_sweep,RBF,PI,1e-08,1e-08,200
4923.271784243074,0.2404514720411247,0.3877804150700622,2.8162235225617533,0.11559270049457325,0.39440309946080115,0.9780776526408783,0.4012899201174991,0.8222297573430349,0.6054078408539177,0.853090016485775,0.8880619892160225,0.641241815791376,0.008758184208624065,8.758184208624066,0.008758184208624065,8.758184208624066,0.5542380053883665,0.05423800538836654,54.23800538836654,-0.05423800538836654,-54.23800538836654,False,0.7670579063219194,1176.7044914033909,1177.4715493097128,budget_long_PI_RBF_alpha1em08_target0650_seed2027,BO,0.65,46,bo,rbf,pi,2027,200,20,0.4844384999014437,0.1528225999791175,0.004351599840447307,0.6417241999879479,0.843159304675478,5000,4000,1000,0.01253875099823321,1.1197656450451232,5.804565108312287,False,budget_sweep,RBF,PI,1e-08,1e-08,200
3980.8838941922645,0.17406836868120462,0.1161153925583159,1.6122839370460975,0.0962825609203839,0.39223824042536903,0.7088239697692185,0.21162391051772744,0.046043978738045443,0.2040946456820325,0.20941869734612983,0.8447648085073808,0.6157857056016228,0.0342142943983772,34.2142943983772,0.0342142943983772,34.2142943983772,0.5003301429973808,0.0003301429973807668,0.3301429973807668,-0.0003301429973807668,-0.3301429973807668,False,11.706179411788254,0.043597759487822796,11.749777171276076,budget_long_PI_RBF_alpha1em08_target0650_seed2027,BO,0.65,47,bo,rbf,pi,2027,200,20,0.39270989992655814,0.17052790010347962,0.003710299963131547,0.5670649998355657,0.9652158034302755,5000,4000,1000,0.01253875099823321,1.1197656450451232,5.804565108312287,False,budget_sweep,RBF,PI,1e-08,1e-08,200
4493.728454511438,0.10387795806457878,0.4086652759055335,2.256871013491465,0.09063247871343322,0.3548882060694338,0.8553509870032678,0.011079880184510782,0.8819007883015242,0.4189570044971551,0.021082623781107368,0.09776412138867585,0.5597876139038382,0.09021238609616178,90.21238609616178,0.09021238609616178,90.21238609616178,0.47591364796980895,0.0,0.0,0.02408635203019105,24.08635203019105,True,81.38274605162964,0.0,81.38274605162964,budget_long_PI_RBF_alpha1em08_target0650_seed2027,BO,0.65,48,bo,rbf,pi,2027,200,20,0.4551292001269758,0.1845553999301046,0.004453599918633699,0.6442489998880774,0.997716208447335,5000,4000,1000,0.01253875099823321,1.1197656450451232,5.804565108312287,False,budget_sweep,RBF,PI,1e-08,1e-08,200
1795.9951918628567,0.28893671494763506,0.3910434987323431,3.845535205248055,0.09528763753710882,0.37619576702132007,0.0845700548179591,0.5398191855646716,0.8315528535209805,0.948511735082685,0.17625458457029408,0.523915340426401,0.5849742670931806,0.06502573290681946,65.02573290681946,0.06502573290681946,65.02573290681946,0.5080599515919295,0.008059951591929515,8.059951591929515,-0.008059951591929515,-8.059951591929515,False,42.28345940069022,25.98512786569885,68.26858726638906,budget_long_PI_RBF_alpha1em08_target0650_seed2027,BO,0.65,49,bo,rbf,pi,2027,200,20,0.36085499986074865,0.2278358000330627,0.004633299773558974,0.5934435999952257,0.8217243672769883,5000,4000,1000,0.01253875099823321,1.1197656450451232,5.804565108312287,False,budget_sweep,RBF,PI,1e-08,1e-08,200
3594.273902957203,0.20249794641350927,0.3323380984935312,1.2146411293538972,0.09058245893794278,0.3798474501595403,0.5983639722734866,0.2928512754671694,0.6638231385529463,0.07154704311796578,0.019415297931426156,0.5969490031908059,0.602186206722811,0.04781379327718904,47.81379327718904,0.04781379327718904,47.81379327718904,0.48256771565736134,0.0,0.0,0.01743228434263866,17.43228434263866,True,22.861588275537677,0.0,22.861588275537677,budget_long_PI_RBF_alpha1em08_target0650_seed2027,BO,0.65,50,bo,rbf,pi,2027,200,20,0.3717825000640005,0.22356429998762906,0.0041513999458402395,0.5996378001291305,0.8085160730020733,5000,4000,1000,0.01253875099823321,1.1197656450451232,5.804565108312287,False,budget_sweep,RBF,PI,1e-08,1e-08,200
4838.166071660709,0.17093953222822944,0.3721815599733004,2.236135449375538,0.11975733758940474,0.3618237744754239,0.9537617347602028,0.2026843777949413,0.7776615999237155,0.41204514979184603,0.9919112529801579,0.2364754895084784,0.6274336085061606,0.022566391493839433,22.566391493839433,0.022566391493839433,22.566391493839433,0.5129283920201232,0.012928392020123192,12.92839202012319,-0.012928392020123192,-12.92839202012319,False,5.092420250532287,66.857328090394,71.94974834092629,budget_long_PI_RBF_alpha1em08_target0650_seed2027,BO,0.65,51,bo,rbf,pi,2027,200,20,0.46450220001861453,0.20839829999022186,0.004874800099059939,0.6778846997767687,0.810662696111487,5000,4000,1000,0.01253875099823321,1.1197656450451232,5.804565108312287,False,budget_sweep,RBF,PI,1e-08,1e-08,200
3937.0659870456807,0.40867619220042006,0.2923511632358846,1.815267356293627,0.11177113771728599,0.3888201059126125,0.6963045677273374,0.8819319777154859,0.5495747521025275,0.27175578543120904,0.7257045905761996,0.7764021182522496,0.6381388331971466,0.011861166802853429,11.861166802853429,0.011861166802853429,11.861166802853429,0.5096562769975036,0.009656276997503599,9.6562769975036,-0.009656276997503599,-9.6562769975036,False,1.4068727792511224,37.29747418100685,38.70434696025797,budget_long_PI_RBF_alpha1em08_target0650_seed2027,BO,0.65,52,bo,rbf,pi,2027,200,20,0.32393809990026057,0.16584950010292232,0.0043311999179422855,0.4942324999719858,0.9999999999999999,5000,4000,1000,0.01253875099823321,1.1197656450451232,5.804565108312287,False,budget_sweep,RBF,PI,1e-08,1e-08,200
4478.6109537738375,0.21149786908936807,0.37765596396967116,2.099055109372548,0.11825469179895667,0.37115656894698873,0.8510317010782394,0.31856534025533734,0.7933027541990605,0.36635170312418264,0.9418230599652229,0.42313137893977415,0.6371899336395904,0.0128100663604096,12.8100663604096,0.0128100663604096,12.8100663604096,0.515405471714955,0.015405471714954988,15.405471714954988,-0.015405471714954988,-15.405471714954988,False,1.6409780015809765,94.93142350411127,96.57240150569224,budget_long_PI_RBF_alpha1em08_target0650_seed2027,BO,0.65,53,bo,rbf,pi,2027,200,20,0.439912699861452,0.17157260002568364,0.004983100108802319,0.6165814998093992,0.9685804618482904,5000,4000,1000,0.01253875099823321,1.1197656450451232,5.804565108312287,False,budget_sweep,RBF,PI,1e-08,1e-08,200
4125.209394759674,0.19092428979611287,0.4293685644794363,1.8780229318311998,0.11938334922894696,0.38651728667868995,0.7500598270741926,0.2597836851317511,0.941053041369818,0.29267431061039995,0.979444974298232,0.7303457335737993,0.6631142773967278,0.01311427739672777,13.114277396727768,0.0,0.0,0.5276756992344557,0.027675699234455675,27.675699234455674,-0.027675699234455675,-27.675699234455674,False,1.7198427163832488,306.3777312464202,308.09757396280344,budget_long_PI_RBF_alpha1em08_target0650_seed2027,BO,0.65,54,bo,rbf,pi,2027,200,20,0.416458300082013,0.1854324999731034,0.004698299802839756,0.6067095000762492,0.8667138687335243,5000,4000,1000,0.01253875099823321,1.1197656450451232,5.804565108312287,False,budget_sweep,RBF,PI,1e-08,1e-08,200
3960.0369319371184,0.20560741924576603,0.10641824943241877,1.4741284411872875,0.0960898147947037,0.3543842093384903,0.7028676948391767,0.30173548355933155,0.01833785552119649,0.1580428137290958,0.20299382649012332,0.08768418676980594,0.5790156109094585,0.0709843890905415,70.9843890905415,0.0709843890905415,70.9843890905415,0.46157968329854515,0.0,0.0,0.03842031670145485,38.42031670145485,True,50.38783494557387,0.0,50.38783494557387,budget_long_PI_RBF_alpha1em08_target0650_seed2027,BO,0.65,55,bo,rbf,pi,2027,200,20,0.3880505000706762,0.14590239990502596,0.005137500120326877,0.5392130000982434,0.9522870920929825,5000,4000,1000,0.01253875099823321,1.1197656450451232,5.804565108312287,False,budget_sweep,RBF,PI,1e-08,1e-08,200
3395.5770783196967,0.10096169755317845,0.4095712414505598,2.3413173573893884,0.1068664651693394,0.3884678602006956,0.5415934509484848,0.002747707294795565,0.8844892612873138,0.4471057857964629,0.5622155056446467,0.7693572040139122,0.6354372496875105,0.014562750312489547,14.562750312489548,0.014562750312489547,14.562750312489548,0.5553420835282553,0.055342083528255315,55.342083528255316,-0.055342083528255315,-55.342083528255316,False,2.1207369666391442,1225.098483699355,1227.2192206659943,budget_long_PI_RBF_alpha1em08_target0650_seed2027,BO,0.65,56,bo,rbf,pi,2027,200,20,0.41710139997303486,0.16504529980011284,0.004589700140058994,0.5868601999245584,0.708691972767026,5000,4000,1000,0.01253875099823321,1.1197656450451232,5.804565108312287,False,budget_sweep,RBF,PI,1e-08,1e-08,200
3897.701568414804,0.30550589763353564,0.4072826940542371,2.072418603156807,0.09123285995110882,0.35292871889850724,0.6850575909756583,0.5871597075243875,0.8779505544406775,0.3574728677189356,0.041095331703627336,0.058574377970144864,0.5584301289045869,0.09156987109541315,91.56987109541315,0.09156987109541315,91.56987109541315,0.459668025958499,0.0,0.0,0.04033197404150102,40.33197404150102,True,83.85041292430579,0.0,83.85041292430579,budget_long_PI_RBF_alpha1em08_target0650_seed2027,BO,0.65,57,bo,rbf,pi,2027,200,20,0.38305659987963736,0.1659944001585245,0.005213599884882569,0.5543839000165462,0.9992966452371347,5000,4000,1000,0.01253875099823321,1.1197656450451232,5.804565108312287,False,budget_sweep,RBF,PI,1e-08,1e-08,200
4676.808939133743,0.3767363007657887,0.27960122032499446,1.789722659299943,0.1034282968668928,0.3744976179325601,0.9076596968953551,0.7906751450451106,0.5131463437856986,0.26324088643331434,0.4476098955630933,0.48995235865120135,0.6048395308328509,0.04516046916714911,45.16046916714911,0.04516046916714911,45.16046916714911,0.4856429254827069,0.0,0.0,0.014357074517293122,14.357074517293123,True,20.394679753970248,0.0,20.394679753970248,budget_long_PI_RBF_alpha1em08_target0650_seed2027,BO,0.65,58,bo,rbf,pi,2027,200,20,0.36968749994412065,0.18443770008161664,0.004565699957311153,0.5588056000415236,0.9999906839560975,5000,4000,1000,0.01253875099823321,1.1197656450451232,5.804565108312287,False,budget_sweep,RBF,PI,1e-08,1e-08,200
2397.443378166793,0.24699101576534851,0.3719663495518215,2.105227005269663,0.11677757952185377,0.381183189362866,0.2564123937619408,0.4199743307581386,0.7770467130052043,0.36840900175655433,0.8925859840617929,0.6236637872573203,0.6586910979116352,0.008691097911635137,8.691097911635136,0.0,0.0,0.5413997768105885,0.041399776810588484,41.399776810588484,-0.041399776810588484,-41.399776810588484,False,0.7553518290962864,685.576607986616,686.3319598157123,budget_long_PI_RBF_alpha1em08_target0650_seed2027,BO,0.65,59,bo,rbf,pi,2027,200,20,0.35370889981277287,0.21834879997186363,0.00535999983549118,0.5775348001625389,0.9799312082577065,5000,4000,1000,0.01253875099823321,1.1197656450451232,5.804565108312287,False,budget_sweep,RBF,PI,1e-08,1e-08,200
3941.1701072601077,0.2172554179666904,0.1492205742995551,1.6732162949415506,0.09641857899151185,0.38017133092473876,0.697477173502888,0.3350154799048297,0.14063021228444317,0.22440543164718352,0.2139526330503949,0.6034266184947751,0.6027098450988484,0.047290154901151626,47.290154901151624,0.047290154901151626,47.290154901151624,0.4887583245233764,0.0,0.0,0.01124167547662358,11.24167547662358,True,22.363587505749148,0.0,22.363587505749148,budget_long_PI_RBF_alpha1em08_target0650_seed2027,BO,0.65,60,bo,rbf,pi,2027,200,20,0.3986981001216918,0.2011249999050051,0.004597400082275271,0.6045411000959575,0.9844774474062342,5000,4000,1000,0.01253875099823321,1.1197656450451232,5.804565108312287,False,budget_sweep,RBF,PI,1e-08,1e-08,200
2687.2372053682575,0.2870887060986165,0.2309305370184152,3.757380311842256,0.10752404784400177,0.3768351776426004,0.33921063010521635,0.5345391602817613,0.3740872486240434,0.9191267706140853,0.5841349281333923,0.5367035528520073,0.6026529566924528,0.04734704330754724,47.347043307547246,0.04734704330754724,47.347043307547246,0.5304734842118751,0.030473484211875124,30.473484211875125,-0.030473484211875124,-30.473484211875125,False,22.417425099667536,371.4532960045609,393.87072110422844,budget_long_PI_RBF_alpha1em08_target0650_seed2027,BO,0.65,61,bo,rbf,pi,2027,200,20,0.4044097999576479,0.15935329999774694,0.00577949988655746,0.5696604000404477,0.9998250179095848,5000,4000,1000,0.01253875099823321,1.1197656450451232,5.804565108312287,False,budget_sweep,RBF,PI,1e-08,1e-08,200
4663.459673200961,0.10470008697585757,0.3903135696105432,2.502673634613057,0.10053144343518948,0.3570088243542321,0.9038456209145602,0.01342881993102163,0.8294673417444091,0.5008912115376856,0.3510481145063161,0.1401764870846417,0.5798934706019387,0.07010652939806128,70.10652939806128,0.07010652939806128,70.10652939806128,0.5014770967993344,0.0014770967993343875,1.4770967993343875,-0.0014770967993343875,-1.4770967993343875,False,49.149254642412295,0.8727259818415567,50.02198062425385,budget_long_PI_RBF_alpha1em08_target0650_seed2027,BO,0.65,62,bo,rbf,pi,2027,200,20,0.4788658998440951,0.18580020009540021,0.005703300004824996,0.6705464001279324,0.9981470822163927,5000,4000,1000,0.01253875099823321,1.1197656450451232,5.804565108312287,False,budget_sweep,RBF,PI,1e-08,1e-08,200
4673.960006537515,0.1007831664414686,0.38609231850338366,2.356023153497659,0.1036664643215682,0.3504961687086445,0.9068457161535758,0.0022376184041960068,0.817406624295382,0.452007717832553,0.4555488107189404,0.00992337417289002,0.5821916466935835,0.06780835330641655,67.80835330641655,0.06780835330641655,67.80835330641655,0.49167575669151514,0.0,0.0,0.008324243308484858,8.324243308484858,True,45.979727781278115,0.0,45.979727781278115,budget_long_PI_RBF_alpha1em08_target0650_seed2027,BO,0.65,63,bo,rbf,pi,2027,200,20,0.4703631999436766,0.2121319998987019,0.004596200073137879,0.6872286000289023,0.9814967041486374,5000,4000,1000,0.01253875099823321,1.1197656450451232,5.804565108312287,False,budget_sweep,RBF,PI,1e-08,1e-08,200
2661.974970662728,0.10565183853015869,0.1386889389936176,2.143817230911888,0.11674935900541657,0.3529777879924788,0.3319928487607794,0.016148110086167677,0.11053982569605025,0.38127241030396275,0.8916453001805522,0.059555759849576395,0.6294918944255667,0.020508105574433277,20.508105574433277,0.020508105574433277,20.508105574433277,0.5384523581577878,0.0384523581577878,38.4523581577878,-0.0384523581577878,-38.4523581577878,False,4.205823942521013,591.4335391579161,595.6393631004371,budget_long_PI_RBF_alpha1em08_target0650_seed2027,BO,0.65,64,bo,rbf,pi,2027,200,20,0.35510939988307655,0.194189399946481,0.0057287998497486115,0.5551645001396537,0.9999781330239897,5000,4000,1000,0.01253875099823321,1.1197656450451232,5.804565108312287,False,budget_sweep,RBF,PI,1e-08,1e-08,200
4727.105249513402,0.11139355238645202,0.24672862413909813,2.258994141567145,0.11031351031993983,0.35976719577984473,0.9220300712895434,0.032553006818434316,0.41922464039742324,0.419664713855715,0.6771170106646612,0.19534391559689523,0.6054123802992157,0.04458761970078429,44.58761970078429,0.04458761970078429,44.58761970078429,0.5042772997961086,0.00427729979610858,4.27729979610858,-0.00427729979610858,-4.27729979610858,False,19.880558305817665,7.3181174183162,27.198675724133864,budget_long_PI_RBF_alpha1em08_target0650_seed2027,BO,0.65,65,bo,rbf,pi,2027,200,20,0.46870319987647235,0.14219969999976456,0.0051032002083957195,0.6161223999224603,0.9999999824546003,5000,4000,1000,0.01253875099823321,1.1197656450451232,5.804565108312287,False,budget_sweep,RBF,PI,1e-08,1e-08,200
1653.0482336162795,0.3256458944078219,0.23362914866469092,3.608880862183361,0.10854986400374875,0.3620448479684482,0.0437280667475084,0.6447025554509196,0.38179756761340267,0.8696269540611202,0.6183288001249583,0.24089695936896405,0.5986147726871796,0.05138522731282047,51.38522731282047,0.05138522731282047,51.38522731282047,0.49756954663405933,0.0,0.0,0.0024304533659406657,2.4304533659406657,True,26.404415859902304,0.0,26.404415859902304,budget_long_PI_RBF_alpha1em08_target0650_seed2027,BO,0.65,66,bo,rbf,pi,2027,200,20,0.339711100095883,0.1751481001265347,0.005807099863886833,0.5207862998358905,0.9999833380840933,5000,4000,1000,0.01253875099823321,1.1197656450451232,5.804565108312287,False,budget_sweep,RBF,PI,1e-08,1e-08,200
4443.680584997457,0.15060375084633051,0.37417932121410047,2.1593391410925777,0.10580617689834125,0.3519225545970656,0.841051595713559,0.14458214527523006,0.7833694891831441,0.38644638036419265,0.5268725632780419,0.03845109194131313,0.5914935237927978,0.058506476207202174,58.50647620720218,0.058506476207202174,58.50647620720218,0.4868576763471058,0.0,0.0,0.013142323652894194,13.142323652894195,True,34.23007758183913,0.0,34.23007758183913,budget_long_PI_RBF_alpha1em08_target0650_seed2027,BO,0.65,67,bo,rbf,pi,2027,200,20,0.42789390007965267,0.2228659000247717,0.006468999898061156,0.6573621998541057,0.9287962005800527,5000,4000,1000,0.01253875099823321,1.1197656450451232,5.804565108312287,False,budget_sweep,RBF,PI,1e-08,1e-08,200
2539.5256419985126,0.10905154661142138,0.15211473484673133,1.5379500123550107,0.11866173696019816,0.35282283830946626,0.29700732628528936,0.025861561746918227,0.14889924241923236,0.17931667078500357,0.9553912320066055,0.05645676618932527,0.6495790824709096,0.00042091752909045876,0.42091752909045876,0.00042091752909045876,0.42091752909045876,0.49568556548731496,0.0,0.0,0.004314434512685039,4.31443451268504,True,0.001771715662956172,0.0,0.001771715662956172,budget_long_PI_RBF_alpha1em08_target0650_seed2027,BO,0.65,68,bo,rbf,pi,2027,200,20,0.34388629999011755,0.18827360006980598,0.005298899952322245,0.5375773999840021,0.9627684094950049,5000,4000,1000,0.001771715662956172,0.42091752909045876,4.31443451268504,True,budget_sweep,RBF,PI,1e-08,1e-08,200
2666.786868703525,0.30063218230115835,0.38331806343974717,3.4084016834094157,0.09301594245835973,0.3708636708941239,0.33336767677243573,0.5732348065747381,0.8094801812564206,0.8028005611364719,0.10053141527865794,0.41727341788247896,0.5705392673719443,0.07946073262805575,79.46073262805575,0.07946073262805575,79.46073262805575,0.49882892968043097,0.0,0.0,0.0011710703195690342,1.1710703195690342,True,63.14008029787363,0.0,63.14008029787363,budget_long_PI_RBF_alpha1em08_target0650_seed2027,BO,0.65,69,bo,rbf,pi,2027,200,20,0.39783360017463565,0.22734629991464317,0.00566249992698431,0.6309680000413209,0.9965703455998761,5000,4000,1000,0.001771715662956172,0.42091752909045876,4.31443451268504,False,budget_sweep,RBF,PI,1e-08,1e-08,200
2958.291275663477,0.10953062012507521,0.1420508161594111,1.5205795847814985,0.12,0.35,0.41665465018956477,0.027230343214500585,0.12014518902688881,0.1735265282604995,1.0,0.0,0.6442580282014343,0.005741971798565726,5.741971798565726,0.005741971798565726,5.741971798565726,0.49080500349287154,0.0,0.0,0.009194996507128461,9.194996507128462,True,0.32970240135524115,0.0,0.32970240135524115,budget_long_PI_RBF_alpha1em08_target0650_seed2027,BO,0.65,70,bo,rbf,pi,2027,200,20,0.3661361001431942,0.21651529986411333,0.005247000139206648,0.5880380999296904,0.9348000451520178,5000,4000,1000,0.001771715662956172,0.42091752909045876,4.31443451268504,False,budget_sweep,RBF,PI,1e-08,1e-08,200
4208.480893948341,0.19828930901515968,0.33404353221029837,1.5068124017766524,0.09883566104419023,0.3762280464227722,0.7738516839852402,0.28082659718617053,0.6686958063151381,0.16893746725888414,0.294522034806341,0.524560928455444,0.6092994684077466,0.0407005315922534,40.7005315922534,0.0407005315922534,40.7005315922534,0.4860747981343879,0.0,0.0,0.01392520186561208,13.925201865612081,True,16.565332718920164,0.0,16.565332718920164,budget_long_PI_RBF_alpha1em08_target0650_seed2027,BO,0.65,71,bo,rbf,pi,2027,200,20,0.40104439994320273,0.20278090005740523,0.006544099887832999,0.6105054998770356,0.9517988640759358,5000,4000,1000,0.001771715662956172,0.42091752909045876,4.31443451268504,False,budget_sweep,RBF,PI,1e-08,1e-08,200
3617.657447933329,0.40253853471680623,0.37482074702493107,2.133527625716612,0.09819398106886776,0.3568201204792212,0.6050449851238082,0.8643958134765891,0.785202134356946,0.37784254190553723,0.27313270229559194,0.13640240958442384,0.5735502234724635,0.07644977652753648,76.44977652753649,0.07644977652753648,76.44977652753649,0.4638466100322317,0.0,0.0,0.03615338996776829,36.15338996776829,True,58.445683311102684,0.0,58.445683311102684,budget_long_PI_RBF_alpha1em08_target0650_seed2027,BO,0.65,72,bo,rbf,pi,2027,200,20,0.3296771999448538,0.2272914000786841,0.007600599899888039,0.564685600111261,0.9999955792146972,5000,4000,1000,0.001771715662956172,0.42091752909045876,4.31443451268504,False,budget_sweep,RBF,PI,1e-08,1e-08,200
4268.754587121086,0.14305231865874418,0.16109754630936282,1.8682449109209045,0.10054545231064704,0.35187011244694855,0.791072739177453,0.12300662473926904,0.17456441802675093,0.28941497030696817,0.35151507702156837,0.037402248938971816,0.5803131607303059,0.0696868392696941,69.6868392696941,0.0696868392696941,69.6868392696941,0.47171558549659093,0.0,0.0,0.028284414503409072,28.28441450340907,True,48.5625556740018,0.0,48.5625556740018,budget_long_PI_RBF_alpha1em08_target0650_seed2027,BO,0.65,73,bo,rbf,pi,2027,200,20,0.414946700213477,0.18916339986026287,0.005526399938389659,0.6097667999565601,0.8616319847660021,5000,4000,1000,0.001771715662956172,0.42091752909045876,4.31443451268504,False,budget_sweep,RBF,PI,1e-08,1e-08,200
4771.77814322779,0.11516831047078073,0.17874840374698914,2.254713856418073,0.09958480561954312,0.3958243268194917,0.9347937552079398,0.04333802991651636,0.22499543927711185,0.41823795213935777,0.31949352065143755,0.9164865363898337,0.6165065152071503,0.03349348479284975,33.49348479284975,0.03349348479284975,33.49348479284975,0.525655132727132,0.025655132727132046,25.655132727132045,-0.025655132727132046,-25.655132727132045,False,11.218135235688573,263.27433409870474,274.4924693343933,budget_long_PI_RBF_alpha1em08_target0650_seed2027,BO,0.65,74,bo,rbf,pi,2027,200,20,0.45751750003546476,0.23388600000180304,0.006224700016900897,0.6977607998996973,0.9825502182567616,5000,4000,1000,0.001771715662956172,0.42091752909045876,4.31443451268504,False,budget_sweep,RBF,PI,1e-08,1e-08,200
4645.414214878867,0.3077127555731314,0.3301809990499863,2.4389774219210856,0.0977703718285785,0.35875242266896545,0.8986897756796762,0.5934650159232326,0.6576599972856753,0.47965914064036186,0.25901239428595035,0.17504845337930885,0.5697141991502886,0.08028580084971138,80.28580084971138,0.08028580084971138,80.28580084971138,0.47702289107160273,0.0,0.0,0.022977108928397272,22.97710892839727,True,64.45809818079516,0.0,64.45809818079516,budget_long_PI_RBF_alpha1em08_target0650_seed2027,BO,0.65,75,bo,rbf,pi,2027,200,20,0.42913979990407825,0.10542080015875399,0.005830700043588877,0.5405149001162499,0.9868536704925601,5000,4000,1000,0.001771715662956172,0.42091752909045876,4.31443451268504,False,budget_sweep,RBF,PI,1e-08,1e-08,200
3776.3805092385533,0.16304740664579068,0.39685903955417545,1.7300611741624716,0.09114118666264186,0.38753197877534784,0.6503944312110153,0.18013544755940192,0.8481686844405012,0.24335372472082384,0.038039555421395366,0.7506395755069568,0.6030780134674255,0.04692198653257451,46.92198653257451,0.04692198653257451,46.92198653257451,0.4940210838623634,0.0,0.0,0.005978916137636625,5.9789161376366255,True,22.01672820163104,0.0,22.01672820163104,budget_long_PI_RBF_alpha1em08_target0650_seed2027,BO,0.65,76,bo,rbf,pi,2027,200,20,0.39967680000700057,0.21179129998199642,0.006812199950218201,0.6184179000556469,0.9422975600366174,5000,4000,1000,0.001771715662956172,0.42091752909045876,4.31443451268504,False,budget_sweep,RBF,PI,1e-08,1e-08,200
4301.474086238079,0.14189962564349184,0.19754022122938755,1.9976631136370466,0.11813225589009271,0.3617215515131008,0.8004211674965938,0.11971321612426244,0.2786863463696787,0.3325543712123489,0.9377418630030907,0.23443103026201684,0.6285863653052643,0.021413634694735673,21.413634694735673,0.021413634694735673,21.413634694735673,0.5073195044974657,0.0073195044974656565,7.3195044974656565,-0.0073195044974656565,-7.3195044974656565,False,4.585437508395874,21.430058435367986,26.01549594376386,budget_long_PI_RBF_alpha1em08_target0650_seed2027,BO,0.65,77,bo,rbf,pi,2027,200,20,0.432871000142768,0.2610389001201838,0.007004499901086092,0.7010462998878211,0.9999294054776426,5000,4000,1000,0.001771715662956172,0.42091752909045876,4.31443451268504,False,budget_sweep,RBF,PI,1e-08,1e-08,200
3665.0346634311218,0.32241654381986545,0.22240947630576954,1.5025468645406135,0.09799711469709611,0.39605769140475044,0.6185813324088919,0.6354758394853299,0.3497413608736273,0.16751562151353783,0.266570489903204,0.9211538280950081,0.6228871293091983,0.027112870690801705,27.112870690801707,0.027112870690801705,27.112870690801707,0.5044626530739609,0.004462653073960876,4.462653073960876,-0.004462653073960876,-4.462653073960876,False,7.351077570961341,7.966108983412983,15.317186554374324,budget_long_PI_RBF_alpha1em08_target0650_seed2027,BO,0.65,78,bo,rbf,pi,2027,200,20,0.366351000033319,0.2344812999945134,0.005585599923506379,0.6065456999931484,0.9999895272638238,5000,4000,1000,0.001771715662956172,0.42091752909045876,4.31443451268504,False,budget_sweep,RBF,PI,1e-08,1e-08,200
4992.356003708104,0.10409389074136907,0.3180766458593383,2.4336495514384273,0.09613473382879942,0.369698778655125,0.9978160010594582,0.011696830689625903,0.6230761310266809,0.47788318381280903,0.20449112762664745,0.3939755731025004,0.5812526837414015,0.06874731625859853,68.74731625859853,0.06874731625859853,68.74731625859853,0.5012142869493197,0.0012142869493196873,1.2142869493196873,-0.0012142869493196873,-1.2142869493196873,False,47.261934927597665,0.5897971181152452,47.85173204571291,budget_long_PI_RBF_alpha1em08_target0650_seed2027,BO,0.65,79,bo,rbf,pi,2027,200,20,0.4770204001106322,0.14710630010813475,0.007441299967467785,0.6317324000410736,0.9646336148389391,5000,4000,1000,0.001771715662956172,0.42091752909045876,4.31443451268504,False,budget_sweep,RBF,PI,1e-08,1e-08,200
4203.411977635156,0.18744358164181135,0.35313980216748664,1.9742659474966302,0.10891091749316201,0.3602387721527895,0.7724034221814734,0.2498388046908896,0.7232565776213904,0.32475531583221007,0.6303639164387337,0.20477544305579032,0.6088397576022105,0.04116024239778948,41.16024239778948,0.04116024239778948,41.16024239778948,0.4920111214044101,0.0,0.0,0.007988878595589888,7.988878595589888,True,16.94165554244787,0.0,16.94165554244787,budget_long_PI_RBF_alpha1em08_target0650_seed2027,BO,0.65,80,bo,rbf,pi,2027,200,20,0.4457455000374466,0.3157836999744177,0.007557599805295467,0.7692120000720024,0.9779681866865699,5000,4000,1000,0.001771715662956172,0.42091752909045876,4.31443451268504,False,budget_sweep,RBF,PI,1e-08,1e-08,200
4857.333650711066,0.15586024945970428,0.10277317740884429,2.0647793349891224,0.09396200653535311,0.3730179121336791,0.9592381859174475,0.15960071274201226,0.007923364025269386,0.35492644499637405,0.13206688451177062,0.4603582426735816,0.5816505186569239,0.06834948134307617,68.34948134307616,0.06834948134307617,68.34948134307616,0.4871840713484923,0.0,0.0,0.012815928651507713,12.815928651507713,True,46.71651599867516,0.0,46.71651599867516,budget_long_PI_RBF_alpha1em08_target0650_seed2027,BO,0.65,81,bo,rbf,pi,2027,200,20,0.43997410009615123,0.35401710006408393,0.0059646000154316425,0.800077399937436,0.8977316106452933,5000,4000,1000,0.001771715662956172,0.42091752909045876,4.31443451268504,False,budget_sweep,RBF,PI,1e-08,1e-08,200
4167.168114456417,0.1884707219642393,0.29524966191432667,1.9860484295088925,0.11863771485541953,0.377963092229227,0.7620480327018335,0.25277349132639804,0.5578561768980762,0.3286828098362975,0.9545904951806511,0.5592618445845405,0.6470768979778008,0.002923102022199253,2.923102022199253,0.002923102022199253,2.923102022199253,0.5223111581304157,0.02231115813041573,22.31115813041573,-0.02231115813041573,-22.31115813041573,False,0.08544525432185364,199.11511084816638,199.20055610248824,budget_long_PI_RBF_alpha1em08_target0650_seed2027,BO,0.65,82,bo,rbf,pi,2027,200,20,0.40984410000965,0.23425390012562275,0.007009800057858229,0.6512411998119205,0.9269058610142685,5000,4000,1000,0.001771715662956172,0.42091752909045876,4.31443451268504,False,budget_sweep,RBF,PI,1e-08,1e-08,200
2979.3850137466716,0.3231573515822113,0.370403942288855,3.3182264397004486,0.10104921073488919,0.39928172735410566,0.4226814324990491,0.6375924330920324,0.7725826922538716,0.7727421465668163,0.3683070244963066,0.9856345470821127,0.6125604117964368,0.03743958820356319,37.43958820356319,0.03743958820356319,37.43958820356319,0.531211407082308,0.031211407082307963,31.211407082307964,-0.031211407082307963,-31.211407082307964,False,14.01722764852388,389.66077282301745,403.67800047154134,budget_long_PI_RBF_alpha1em08_target0650_seed2027,BO,0.65,83,bo,rbf,pi,2027,200,20,0.4052413001190871,0.2852648999541998,0.007552100112661719,0.6982142000924796,0.9948524986039744,5000,4000,1000,0.001771715662956172,0.42091752909045876,4.31443451268504,False,budget_sweep,RBF,PI,1e-08,1e-08,200
2126.0072054612997,0.3491741418377419,0.32387135480635065,3.675350619453823,0.11403225584167453,0.3705493227364888,0.17885920156037138,0.7119261195364055,0.6396324423038591,0.8917835398179409,0.8010751947224848,0.4109864547297757,0.6103534294966584,0.03964657050334164,39.646570503341636,0.03964657050334164,39.646570503341636,0.5081709092432727,0.008170909243272684,8.170909243272684,-0.008170909243272684,-8.170909243272684,False,15.718505526764392,26.705503144719593,42.42400867148399,budget_long_PI_RBF_alpha1em08_target0650_seed2027,BO,0.65,84,bo,rbf,pi,2027,200,20,0.35695490008220077,0.34665980003774166,0.007226400077342987,0.7109699000138789,0.8605275462588498,5000,4000,1000,0.001771715662956172,0.42091752909045876,4.31443451268504,False,budget_sweep,RBF,PI,1e-08,1e-08,200
4968.929386969799,0.15273248515852508,0.147146180567687,2.2475698346698403,0.11294703198623278,0.3549166229619206,0.9911226819913714,0.15066424331007167,0.13470337305053426,0.41585661155661346,0.7649010662077596,0.09833245923841283,0.6031847186169433,0.046815281383056684,46.815281383056686,0.046815281383056684,46.815281383056686,0.4982227153340952,0.0,0.0,0.0017772846659048214,1.7772846659048214,True,21.91670570974774,0.0,21.91670570974774,budget_long_PI_RBF_alpha1em08_target0650_seed2027,BO,0.65,85,bo,rbf,pi,2027,200,20,0.46515049994923174,0.3307014999445528,0.006050699856132269,0.802027199883014,0.948324088375758,5000,4000,1000,0.001771715662956172,0.42091752909045876,4.31443451268504,False,budget_sweep,RBF,PI,1e-08,1e-08,200
2204.4577193792925,0.27352322458417355,0.44128713873760195,3.528560017335743,0.0923542988048279,0.3588520899547326,0.2012736341083693,0.4957806416690673,0.9751061106788629,0.8428533391119144,0.07847662682759682,0.17704179909465234,0.5596060499390105,0.09039395006098949,90.3939500609895,0.09039395006098949,90.3939500609895,0.4946394868591437,0.0,0.0,0.005360513140856282,5.360513140856282,True,81.71066207628662,0.0,81.71066207628662,budget_long_PI_RBF_alpha1em08_target0650_seed2027,BO,0.65,86,bo,rbf,pi,2027,200,20,0.3901841000188142,0.3227111999876797,0.007437600055709481,0.7204567000735551,0.8619272360023411,5000,4000,1000,0.001771715662956172,0.42091752909045876,4.31443451268504,False,budget_sweep,RBF,PI,1e-08,1e-08,200
2424.165397488226,0.10653240082939322,0.14654238208483963,1.7267453753080213,0.12,0.35283911754658925,0.26404725642520743,0.01866400236969489,0.13297823452811322,0.24224845843600706,1.0,0.056782350931785054,0.6503424052234077,0.0003424052234076713,0.3424052234076713,0.0,0.0,0.5099962927246284,0.00999629272462843,9.99629272462843,-0.00999629272462843,-9.99629272462843,False,0.001172413370168573,39.97034729458372,39.97151970795389,budget_long_PI_RBF_alpha1em08_target0650_seed2027,BO,0.65,87,bo,rbf,pi,2027,200,20,0.3516597000416368,0.37331140018068254,0.009016599971801043,0.7341193999163806,0.8453150176719414,5000,4000,1000,0.001771715662956172,0.42091752909045876,4.31443451268504,False,budget_sweep,RBF,PI,1e-08,1e-08,200
4650.913105690469,0.21915018307543355,0.2175075724997648,2.066999139853097,0.11250237808556275,0.3588735445271036,0.900260887340134,0.3404290945012387,0.33573592142789943,0.35566637995103234,0.7500792695187586,0.17747089054207288,0.6095748492725951,0.040425150727404935,40.42515072740493,0.040425150727404935,40.42515072740493,0.49353652252310765,0.0,0.0,0.006463477476892354,6.463477476892354,True,16.341928113334077,0.0,16.341928113334077,budget_long_PI_RBF_alpha1em08_target0650_seed2027,BO,0.65,88,bo,rbf,pi,2027,200,20,0.4577399000991136,0.295465299859643,0.006501200143247843,0.759842999977991,0.9934602525202489,5000,4000,1000,0.001771715662956172,0.42091752909045876,4.31443451268504,False,budget_sweep,RBF,PI,1e-08,1e-08,200
2703.8715657072908,0.10738007872409508,0.1427595904161455,1.604865742007653,0.11999906335997475,0.35,0.34396330448779733,0.021085939211700218,0.12217025833184425,0.20162191400255103,0.9999687786658251,0.0,0.6462936669303491,0.0037063330696509578,3.7063330696509578,0.0037063330696509578,3.7063330696509578,0.4957434719672177,0.0,0.0,0.004256528032782314,4.256528032782314,True,0.13736904823188292,0.0,0.13736904823188292,budget_long_PI_RBF_alpha1em08_target0650_seed2027,BO,0.65,89,bo,rbf,pi,2027,200,20,0.3689458000008017,0.25665570003911853,0.008395799901336432,0.6341228999663144,0.9065164038929947,5000,4000,1000,0.001771715662956172,0.42091752909045876,4.31443451268504,False,budget_sweep,RBF,PI,1e-08,1e-08,200
2984.9628862776,0.2986889790884071,0.3310432880195656,1.6299978017636463,0.11128529577151368,0.3822364088049995,0.42427511036502863,0.5676827973954488,0.6601236800559018,0.20999926725454876,0.7095098590504562,0.6447281760999893,0.6451046505491878,0.00489534945081227,4.89534945081227,0.00489534945081227,4.89534945081227,0.5084797623431104,0.00847976234311043,8.47976234311043,-0.00847976234311043,-8.47976234311043,False,0.2396444624556799,28.762547758253483,29.002192220709162,budget_long_PI_RBF_alpha1em08_target0650_seed2027,BO,0.65,90,bo,rbf,pi,2027,200,20,0.3629030999727547,0.4812972000800073,0.008684100117534399,0.8530428998637944,0.8010884197899505,5000,4000,1000,0.001771715662956172,0.42091752909045876,4.31443451268504,False,budget_sweep,RBF,PI,1e-08,1e-08,200
4702.430870598735,0.123420800192426,0.2524511368917708,2.3086781469163173,0.10605661859509735,0.3502254496873767,0.9149802487424957,0.06691657197835998,0.4355746768336308,0.4362260489721058,0.5352206198365785,0.00450899374753444,0.5844663205045499,0.06553367949545008,65.53367949545009,0.06553367949545008,65.53367949545009,0.49111293276438844,0.0,0.0,0.008887067235611557,8.887067235611557,True,42.946631482123735,0.0,42.946631482123735,budget_long_PI_RBF_alpha1em08_target0650_seed2027,BO,0.65,91,bo,rbf,pi,2027,200,20,0.4947003999259323,0.37314829998649657,0.009075300069525838,0.8770949000027031,0.8643147557129711,5000,4000,1000,0.001771715662956172,0.42091752909045876,4.31443451268504,False,budget_sweep,RBF,PI,1e-08,1e-08,200
2745.740734818523,0.2879535279957042,0.24273917176297552,3.317488442558327,0.09116833249942312,0.37077915954988466,0.3559259242338637,0.5370100799877262,0.4078262050370729,0.7724961475194423,0.03894441664743731,0.41558319099769325,0.565832206849845,0.08416779315015499,84.16779315015499,0.08416779315015499,84.16779315015499,0.5008946892044731,0.0008946892044731092,0.8946892044731092,-0.0008946892044731092,-0.8946892044731092,False,70.84217403767276,0.32018750904029,71.16236154671306,budget_long_PI_RBF_alpha1em08_target0650_seed2027,BO,0.65,92,bo,rbf,pi,2027,200,20,0.41814350010827184,0.33136840001679957,0.008684299886226654,0.7583391000516713,0.9026023925508537,5000,4000,1000,0.001771715662956172,0.42091752909045876,4.31443451268504,False,budget_sweep,RBF,PI,1e-08,1e-08,200
2710.8584446502837,0.11063552057224998,0.14826066087543155,1.566619794504438,0.12,0.35,0.34595955561436675,0.030387201634999923,0.137887602501233,0.18887326483481268,1.0,0.0,0.6467199978199567,0.0032800021800433177,3.2800021800433177,0.0032800021800433177,3.2800021800433177,0.49338631909075975,0.0,0.0,0.006613680909240249,6.61368090924025,True,0.10758414301088917,0.0,0.10758414301088917,budget_long_PI_RBF_alpha1em08_target0650_seed2027,BO,0.65,93,bo,rbf,pi,2027,200,20,0.36644529993645847,0.05503719998523593,0.012001000111922622,0.4336401999462396,0.4026189550299861,5000,4000,1000,0.001771715662956172,0.42091752909045876,4.31443451268504,False,budget_sweep,RBF,PI,1e-08,1e-08,200
4525.05907798229,0.13846834584569495,0.29707136459017935,1.8002682499083447,0.10268201207760622,0.37061291333220425,0.8643025937092256,0.1099095595591284,0.5630610416862268,0.26675608330278155,0.4227337359202076,0.41225826664408516,0.6074965982115759,0.042503401788424156,42.503401788424156,0.042503401788424156,42.503401788424156,0.48993798810892725,0.0,0.0,0.010062011891072753,10.062011891072753,True,18.065391635882172,0.0,18.065391635882172,budget_long_PI_RBF_alpha1em08_target0650_seed2027,BO,0.65,94,bo,rbf,pi,2027,200,20,0.4352763998322189,0.25036110007204115,0.007711700163781643,0.6934903999790549,0.7845178168656787,5000,4000,1000,0.001771715662956172,0.42091752909045876,4.31443451268504,False,budget_sweep,RBF,PI,1e-08,1e-08,200
4880.745688226404,0.3247425997930144,0.10235734702596783,2.4400762179957365,0.09711893849724634,0.3979001534146887,0.9659273394932583,0.6421217136943269,0.006735277217050917,0.4800254059985789,0.23729794990821163,0.9580030682937741,0.6044591799501229,0.04554082004987714,45.54082004987714,0.04554082004987714,45.54082004987714,0.5126820517110602,0.012682051711060183,12.682051711060183,-0.012682051711060183,-12.682051711060183,False,20.739662908152912,64.3337742408018,85.07343714895471,budget_long_PI_RBF_alpha1em08_target0650_seed2027,BO,0.65,95,bo,rbf,pi,2027,200,20,0.4265316999517381,0.27101840008981526,0.00777229992672801,0.7054615998640656,0.8359225385031774,5000,4000,1000,0.001771715662956172,0.42091752909045876,4.31443451268504,False,budget_sweep,RBF,PI,1e-08,1e-08,200
2682.789786305811,0.1796674119209315,0.37627305774470554,3.3756495645636626,0.10454379806374699,0.39288307207540424,0.33793993894451746,0.22762117691694717,0.7893515935563015,0.7918831881878875,0.48479326879156637,0.8576614415080841,0.6235865427306886,0.026413457269311436,26.413457269311436,0.026413457269311436,26.413457269311436,0.6169647991938805,0.11696479919388048,116.96479919388048,-0.11696479919388048,-116.96479919388048,False,6.976707249177411,5472.305700185912,5479.28240743509,budget_long_PI_RBF_alpha1em08_target0650_seed2027,BO,0.65,96,bo,rbf,pi,2027,200,20,0.4838523000944406,0.3184787000063807,0.008723599836230278,0.8111909001599997,0.9998550495656374,5000,4000,1000,0.001771715662956172,0.42091752909045876,4.31443451268504,False,budget_sweep,RBF,PI,1e-08,1e-08,200
4878.950740855318,0.17742767721050495,0.15601680842573745,1.6391039742942326,0.09193466890165124,0.395164942912202,0.9654144973872337,0.22122193488715702,0.16004802407353558,0.21303465809807753,0.06448896338837484,0.9032988582440395,0.6049638713186587,0.045036128681341325,45.036128681341324,0.045036128681341325,45.036128681341324,0.49662293478131586,0.0,0.0,0.0033770652186841388,3.377065218684139,True,20.282528866023345,0.0,20.282528866023345,budget_long_PI_RBF_alpha1em08_target0650_seed2027,BO,0.65,97,bo,rbf,pi,2027,200,20,0.46700619999319315,0.2773901999462396,0.010294900042936206,0.7548454999923706,0.893406628062594,5000,4000,1000,0.001771715662956172,0.42091752909045876,4.31443451268504,False,budget_sweep,RBF,PI,1e-08,1e-08,200
4669.954504901541,0.26435612915737045,0.37381113592855464,1.9442820366371953,0.1065329497045554,0.36488649486479,0.905701287114726,0.46958894044962984,0.7823175312244418,0.3147606788790651,0.5510983234851801,0.2977298972958011,0.6040905168170736,0.045909483182926425,45.90948318292642,0.045909483182926425,45.90948318292642,0.48665133281493994,0.0,0.0,0.013348667185060059,13.348667185060059,True,21.07680646123404,0.0,21.07680646123404,budget_long_PI_RBF_alpha1em08_target0650_seed2027,BO,0.65,98,bo,rbf,pi,2027,200,20,0.44760639988817275,0.29845230001956224,0.009371299995109439,0.755571800051257,0.9557702086543928,5000,4000,1000,0.001771715662956172,0.42091752909045876,4.31443451268504,False,budget_sweep,RBF,PI,1e-08,1e-08,200
4486.884406573054,0.3245124802420303,0.23669976077071136,3.1621479521556153,0.09159044380654285,0.35184793749044685,0.8533955447351582,0.6414642292629438,0.39057074505917533,0.7207159840518718,0.053014793551428574,0.036958749808936986,0.5406491878240152,0.10935081217598486,109.35081217598486,0.10935081217598486,109.35081217598486,0.47145593060290647,0.0,0.0,0.02854406939709353,28.54406939709353,True,119.57600123547518,0.0,119.57600123547518,budget_long_PI_RBF_alpha1em08_target0650_seed2027,BO,0.65,99,bo,rbf,pi,2027,200,20,0.511566000059247,0.37264250009320676,0.007722000125795603,0.8920668000355363,0.7838783012082472,5000,4000,1000,0.001771715662956172,0.42091752909045876,4.31443451268504,False,budget_sweep,RBF,PI,1e-08,1e-08,200
2766.409244865037,0.2093071190957493,0.14170988772680687,3.3024383686482626,0.1148600447850089,0.3718029480841837,0.3618312128185821,0.31230605455928373,0.1191711077908768,0.7674794562160875,0.8286681595002969,0.43605896168367375,0.6214081997020476,0.028591800297952386,28.591800297952386,0.028591800297952386,28.591800297952386,0.5872754657535836,0.08727546575358358,87.27546575358357,-0.08727546575358358,-87.27546575358357,False,8.1749104427799,3046.8027690019767,3054.9776794447566,budget_long_PI_RBF_alpha1em08_target0650_seed2027,BO,0.65,100,bo,rbf,pi,2027,200,20,0.4499697999563068,0.2733307001180947,0.008714399999007583,0.732150400057435,0.9998330126231628,5000,4000,1000,0.001771715662956172,0.42091752909045876,4.31443451268504,False,budget_sweep,RBF,PI,1e-08,1e-08,200
2999.5879787750237,0.389339249019105,0.34938822554284027,1.699345520831078,0.11372333877774286,0.37433650195282714,0.42845370822143536,0.8266835686260143,0.712537787265258,0.23311517361035927,0.7907779592580957,0.486730039056543,0.6355220814884096,0.014477918511590415,14.477918511590415,0.014477918511590415,14.477918511590415,0.500684295733829,0.000684295733828999,0.684295733828999,-0.000684295733828999,-0.684295733828999,False,2.0961012442825244,0.1873042605346273,2.2834055048171518,budget_long_PI_RBF_alpha1em08_target0650_seed2027,BO,0.65,101,bo,rbf,pi,2027,200,20,0.34566909982822835,0.2305987998843193,0.008278300054371357,0.5847084000706673,0.9951819106400581,5000,4000,1000,0.001771715662956172,0.42091752909045876,4.31443451268504,False,budget_sweep,RBF,PI,1e-08,1e-08,200
1605.8784026611809,0.30997646335838386,0.3444595814959286,3.8817797671047507,0.107422675419518,0.3574540841083143,0.03025097218890882,0.5999327524525253,0.6984559471312246,0.9605932557015836,0.5807558473172667,0.14908168216628592,0.5921354156876601,0.05786458431233987,57.86458431233987,0.05786458431233987,57.86458431233987,0.4965221575815285,0.0,0.0,0.0034778424184714885,3.4778424184714885,True,33.48310117639889,0.0,33.48310117639889,budget_long_PI_RBF_alpha1em08_target0650_seed2027,BO,0.65,102,bo,rbf,pi,2027,200,20,0.37858489993959665,0.29299030010588467,0.007145700044929981,0.6789028998464346,0.8001636488473483,5000,4000,1000,0.001771715662956172,0.42091752909045876,4.31443451268504,False,budget_sweep,RBF,PI,1e-08,1e-08,200
2279.9796799458536,0.1,0.1575602861342269,1.5840021357375558,0.11983221722010001,0.35,0.22285133712738675,0.0,0.16445796038350538,0.19466737857918529,0.9944072406700006,0.0,0.6558912377743122,0.005891237774312219,5.891237774312219,0.0,0.0,0.499323949227741,0.0,0.0,0.0006760507722590181,0.6760507722590181,True,0.3470668251348319,0.0,0.3470668251348319,budget_long_PI_RBF_alpha1em08_target0650_seed2027,BO,0.65,103,bo,rbf,pi,2027,200,20,0.32545690005645156,0.2866880998481065,0.008874300168827176,0.6211560999508947,0.7165359941218687,5000,4000,1000,0.001771715662956172,0.42091752909045876,4.31443451268504,False,budget_sweep,RBF,PI,1e-08,1e-08,200
3058.064127212349,0.11757359936313136,0.13955235343651262,1.639698157006095,0.11951365341078644,0.35014057715366087,0.44516117920352827,0.05021028389466099,0.11300672410432176,0.21323271900203167,0.9837884470262149,0.0028115430732176955,0.6376152268168923,0.012384773183107711,12.384773183107711,0.012384773183107711,12.384773183107711,0.4932427228354128,0.0,0.0,0.006757277164587183,6.757277164587183,True,1.5338260679702391,0.0,1.5338260679702391,budget_long_PI_RBF_alpha1em08_target0650_seed2027,BO,0.65,104,bo,rbf,pi,2027,200,20,0.38394160009920597,0.31264460016973317,0.009990899823606014,0.7067123998422176,0.7655936193891695,5000,4000,1000,0.001771715662956172,0.42091752909045876,4.31443451268504,False,budget_sweep,RBF,PI,1e-08,1e-08,200
3877.1125602777556,0.1936248092259367,0.32932381324291526,1.5017088203026638,0.09497681256404056,0.3985747061817015,0.6791750172222158,0.2674994549312477,0.655210894979758,0.16723627343422132,0.16589375213468516,0.9714941236340292,0.6245259193184407,0.02547408068155932,25.474080681559318,0.02547408068155932,25.474080681559318,0.5051082727511302,0.005108272751130238,5.108272751130238,-0.005108272751130238,-5.108272751130238,False,6.489287865705937,10.437780199975876,16.927068065681812,budget_long_PI_RBF_alpha1em08_target0650_seed2027,BO,0.65,105,bo,rbf,pi,2027,200,20,0.3863846999593079,0.4712854002136737,0.008618799969553947,0.866424199892208,0.7276411789358201,5000,4000,1000,0.001771715662956172,0.42091752909045876,4.31443451268504,False,budget_sweep,RBF,PI,1e-08,1e-08,200
4561.657726703026,0.28587167608017394,0.31053136215338933,2.084680643443212,0.11215995765080403,0.36107701128990066,0.874759350486579,0.5310619316576399,0.6015181775811124,0.3615602144810707,0.7386652550268012,0.22154022579801302,0.6100583166427128,0.039941683357287205,39.941683357287204,0.039941683357287205,39.941683357287204,0.4913350874733216,0.0,0.0,0.008664912526678392,8.664912526678393,True,15.953380694137937,0.0,15.953380694137937,budget_long_PI_RBF_alpha1em08_target0650_seed2027,BO,0.65,106,bo,rbf,pi,2027,200,20,0.4479437000118196,0.39809180004522204,0.00806010002270341,0.8542297000531107,0.6954308473986017,5000,4000,1000,0.001771715662956172,0.42091752909045876,4.31443451268504,False,budget_sweep,RBF,PI,1e-08,1e-08,200
4501.04537268587,0.1752916455962893,0.43274525485374105,1.7773819455425965,0.09070974174185385,0.39764581295848667,0.8574415350531056,0.21511898741796942,0.9507007281535458,0.2591273151808655,0.023658058061795217,0.9529162591697329,0.6082215364380881,0.04177846356191195,41.77846356191195,0.04177846356191195,41.77846356191195,0.5018265306093985,0.0018265306093985245,1.8265306093985245,-0.0018265306093985245,-1.8265306093985245,False,17.45440017594004,1.3344856268278982,18.78888580276794,budget_long_PI_RBF_alpha1em08_target0650_seed2027,BO,0.65,107,bo,rbf,pi,2027,200,20,0.428388400003314,0.35359570011496544,0.009227999951690435,0.7913522999733686,0.9424739970150411,5000,4000,1000,0.001771715662956172,0.42091752909045876,4.31443451268504,False,budget_sweep,RBF,PI,1e-08,1e-08,200
3342.90444700024,0.39521604706656044,0.3996643219354896,2.163685621201276,0.0946164987990756,0.393556638637722,0.5265441277143542,0.8434744201901728,0.8561837769585419,0.3878952070670919,0.15388329330252004,0.8711327727544393,0.6025698698098025,0.047430130190197484,47.43013019019748,0.047430130190197484,47.43013019019748,0.4980791882813685,0.0,0.0,0.00192081171863151,1.92081171863151,True,22.496172498590823,0.0,22.496172498590823,budget_long_PI_RBF_alpha1em08_target0650_seed2027,BO,0.65,108,bo,rbf,pi,2027,200,20,0.33399129984900355,0.5003378000110388,0.009125999873504043,0.8435982000082731,0.7052755586900435,5000,4000,1000,0.001771715662956172,0.42091752909045876,4.31443451268504,False,budget_sweep,RBF,PI,1e-08,1e-08,200
2356.476979725972,0.25631728907637524,0.24509769821133712,3.9225893894825496,0.10338733714809697,0.3594179424839557,0.24470770849313483,0.44662082593250074,0.4145648520323918,0.97419646316085,0.4462445716032324,0.18835884967911476,0.5766190683326825,0.07338093166731752,73.38093166731751,0.07338093166731752,73.38093166731751,0.5206044666336735,0.020604466633673546,20.604466633673546,-0.020604466633673546,-20.604466633673546,False,53.84761132363523,169.8176181032666,223.66522942690182,budget_long_PI_RBF_alpha1em08_target0650_seed2027,BO,0.65,109,bo,rbf,pi,2027,200,20,0.3966196000110358,0.32154049980454147,0.0076401999685913324,0.7259420000482351,0.9999999999977128,5000,4000,1000,0.001771715662956172,0.42091752909045876,4.31443451268504,False,budget_sweep,RBF,PI,1e-08,1e-08,200
4235.5456984911725,0.12617287984904035,0.4100092843949009,1.1246283443794165,0.11681412052077211,0.36408586231289936,0.781584485283192,0.07477965671154385,0.8857408125568597,0.0415427814598055,0.8938040173590706,0.2817172462579868,0.6534343411351682,0.003434341135168162,3.434341135168162,0.0,0.0,0.49542172411113494,0.0,0.0,0.004578275888865058,4.578275888865058,True,0.11794699032708139,0.0,0.11794699032708139,budget_long_PI_RBF_alpha1em08_target0650_seed2027,BO,0.65,110,bo,rbf,pi,2027,200,20,0.41659909998998046,0.26274520019069314,0.009166999952867627,0.6886469998862594,0.8017860283898447,5000,4000,1000,0.001771715662956172,0.42091752909045876,4.31443451268504,False,budget_sweep,RBF,PI,1e-08,1e-08,200
2506.3896750134963,0.3525868588387352,0.4148346390961559,3.5778220898809554,0.09353960136013484,0.35911615152450616,0.2875399071467133,0.7216767395392434,0.8995275402747313,0.8592740299603184,0.11798671200449495,0.182323030490123,0.5541884606836573,0.09581153931634268,95.81153931634267,0.09581153931634268,95.81153931634267,0.4723243598869289,0.0,0.0,0.02767564011307111,27.67564011307111,True,91.79851066167078,0.0,91.79851066167078,budget_long_PI_RBF_alpha1em08_target0650_seed2027,BO,0.65,111,bo,rbf,pi,2027,200,20,0.3717660999391228,0.5300363001879305,0.00926699978299439,0.9112081998027861,0.9999994003858123,5000,4000,1000,0.001771715662956172,0.42091752909045876,4.31443451268504,False,budget_sweep,RBF,PI,1e-08,1e-08,200
3282.0345333183277,0.2435841161079127,0.36342363622215257,1.6624939204237377,0.11029792875079146,0.361069262693906,0.5091527238052366,0.41024033173689345,0.7526389606347216,0.22083130680791252,0.6765976250263822,0.22138525387812025,0.6229485115252111,0.027051488474788887,27.051488474788886,0.027051488474788887,27.051488474788886,0.48645466734270654,0.0,0.0,0.013545332657293463,13.545332657293462,True,7.31783028701636,0.0,7.31783028701636,budget_long_PI_RBF_alpha1em08_target0650_seed2027,BO,0.65,112,bo,rbf,pi,2027,200,20,0.3636141000315547,0.5553214000537992,0.009462699992582202,0.9285490000620484,0.6472202630426418,5000,4000,1000,0.001771715662956172,0.42091752909045876,4.31443451268504,False,budget_sweep,RBF,PI,1e-08,1e-08,200
1551.9646004114636,0.2661984747156988,0.28179123393781597,3.848585393345883,0.09110995812015067,0.37053981755377563,0.014847028688989572,0.47485278490199656,0.5194035255366171,0.9495284644486276,0.03699860400502264,0.41079635107551216,0.5720128806861948,0.0779871193138052,77.9871193138052,0.0779871193138052,77.9871193138052,0.5036568841861144,0.0036568841861144286,3.6568841861144286,-0.0036568841861144286,-3.6568841861144286,False,60.81990778865687,5.349120780261515,66.16902856891838,budget_long_PI_RBF_alpha1em08_target0650_seed2027,BO,0.65,113,bo,rbf,pi,2027,200,20,0.3544681000057608,0.37543429993093014,0.009288700064644217,0.7393320000264794,0.7680013861332935,5000,4000,1000,0.001771715662956172,0.42091752909045876,4.31443451268504,False,budget_sweep,RBF,PI,1e-08,1e-08,200
3458.5224623258678,0.14421243939709044,0.1251452808572927,1.7212320357008215,0.10762073282472151,0.35495698584844404,0.5595778463788194,0.1263212554202584,0.07184365959226491,0.24041067856694054,0.5873577608240502,0.09913971696888102,0.6073603858820947,0.04263961411790529,42.63961411790529,0.04263961411790529,42.63961411790529,0.4832086966568154,0.0,0.0,0.016791303343184627,16.791303343184627,True,18.18136692123868,0.0,18.18136692123868,budget_long_PI_RBF_alpha1em08_target0650_seed2027,BO,0.65,114,bo,rbf,pi,2027,200,20,0.38884039991535246,0.41496600001119077,0.010002599796280265,0.813948699971661,0.6631799384732109,5000,4000,1000,0.001771715662956172,0.42091752909045876,4.31443451268504,False,budget_sweep,RBF,PI,1e-08,1e-08,200
2465.41702476039,0.1,0.15227007843167434,1.5667571194520946,0.12,0.3503763341487858,0.27583343564582574,0.0,0.1493430812333552,0.18891903981736485,1.0,0.0075266829757162715,0.6524192634445384,0.0024192634445383554,2.4192634445383554,0.0,0.0,0.4968430476490733,0.0,0.0,0.0031569523509267228,3.1569523509267228,True,0.058528356140795885,0.0,0.058528356140795885,budget_long_PI_RBF_alpha1em08_target0650_seed2027,BO,0.65,115,bo,rbf,pi,2027,200,20,0.34536370006389916,0.36874609999358654,0.008169899927452207,0.7224236000329256,0.6606147405204774,5000,4000,1000,0.001771715662956172,0.42091752909045876,4.31443451268504,False,budget_sweep,RBF,PI,1e-08,1e-08,200
2656.7765389965866,0.1217614143958617,0.14732005895752973,1.016978286136374,0.12,0.3502945615769152,0.3305075825704533,0.062175469702462,0.13520016845008492,0.005659428712124687,1.0,0.005891231538303898,0.6611203605490805,0.011120360549080499,11.120360549080498,0.0,0.0,0.494553767693311,0.0,0.0,0.005446232306689003,5.446232306689003,True,1.2366241874154593,0.0,1.2366241874154593,budget_long_PI_RBF_alpha1em08_target0650_seed2027,BO,0.65,116,bo,rbf,pi,2027,200,20,0.3366133999079466,0.39838499994948506,0.01020059990696609,0.74534110003151,0.6266857762391174,5000,4000,1000,0.001771715662956172,0.42091752909045876,4.31443451268504,False,budget_sweep,RBF,PI,1e-08,1e-08,200
3416.100819547605,0.17513514566107585,0.14658257738035052,1.6843514907099166,0.09206469624098618,0.39971068593737125,0.5474573770136015,0.21467184474593104,0.13309307822957295,0.22811716356997225,0.06882320803287267,0.9942137187474244,0.6165538308586072,0.03344616914139287,33.446169141392865,0.03344616914139287,33.446169141392865,0.5071419134503405,0.007141913450340542,7.141913450340542,-0.007141913450340542,-7.141913450340542,False,11.186462302346605,20.40277109286206,31.589233395208666,budget_long_PI_RBF_alpha1em08_target0650_seed2027,BO,0.65,117,bo,rbf,pi,2027,200,20,0.3881206999067217,0.5714255999773741,0.010024999966844916,0.969711699988693,0.980032843370019,5000,4000,1000,0.001771715662956172,0.42091752909045876,4.31443451268504,False,budget_sweep,RBF,PI,1e-08,1e-08,200
3687.3208621419753,0.18154869372934468,0.14605880260044915,1.6187154189490873,0.09116847274402042,0.39265086346909517,0.6249488177548501,0.23299626779812765,0.13159657885842613,0.2062384729830291,0.038949091467347485,0.8530172693819036,0.6062219500187185,0.04377804998128154,43.77804998128154,0.04377804998128154,43.77804998128154,0.49588166404391076,0.0,0.0,0.004118335956089236,4.118335956089236,True,19.165176601635842,0.0,19.165176601635842,budget_long_PI_RBF_alpha1em08_target0650_seed2027,BO,0.65,118,bo,rbf,pi,2027,200,20,0.3845261998940259,0.3250289000570774,0.009986700024455786,0.7197225999552757,0.6665375510815419,5000,4000,1000,0.001771715662956172,0.42091752909045876,4.31443451268504,False,budget_sweep,RBF,PI,1e-08,1e-08,200
3114.945525124326,0.27141436380977035,0.42056681893193026,1.6095500829194789,0.10036284917178791,0.3884606706269482,0.46141300717837885,0.48975532517077247,0.9159051969483721,0.2031833609731596,0.3454283057262636,0.7692134125389639,0.6278507615013843,0.02214923849861572,22.14923849861572,0.02214923849861572,22.14923849861572,0.5025348343198296,0.002534834319829593,2.534834319829593,-0.002534834319829593,-2.534834319829593,False,4.905887660685607,2.570154011594382,7.476041672279989,budget_long_PI_RBF_alpha1em08_target0650_seed2027,BO,0.65,119,bo,rbf,pi,2027,200,20,0.35858820006251335,0.2957405000925064,0.008454700000584126,0.6629220000468194,0.6325738550802851,5000,4000,1000,0.001771715662956172,0.42091752909045876,4.31443451268504,False,budget_sweep,RBF,PI,1e-08,1e-08,200
3897.054301395147,0.21118301860429128,0.373121341873878,1.1085715493342927,0.10028319304411965,0.3724597914262195,0.6848726575414705,0.3176657674408323,0.7803466910682229,0.03619051644476423,0.34277310147065476,0.44919582852439033,0.6198381180387055,0.030161881961294545,30.161881961294547,0.030161881961294545,30.161881961294547,0.48519588086087734,0.0,0.0,0.014804119139122662,14.804119139122662,True,9.097391234470653,0.0,9.097391234470653,budget_long_PI_RBF_alpha1em08_target0650_seed2027,BO,0.65,120,bo,rbf,pi,2027,200,20,0.4148371999617666,0.3651150001678616,0.011575999902561307,0.7916765999980271,0.7320106931859978,5000,4000,1000,0.001771715662956172,0.42091752909045876,4.31443451268504,False,budget_sweep,RBF,PI,1e-08,1e-08,200
3297.9233737652335,0.2695079054278604,0.20752817206860452,1.8138703989961735,0.1102879112024856,0.36914985004108414,0.5136923925043524,0.4843083012224584,0.3072233487674415,0.2712901329987245,0.67626370674952,0.38299700082168286,0.62392165791169,0.026078342088310058,26.07834208831006,0.026078342088310058,26.07834208831006,0.4973405978738126,0.0,0.0,0.0026594021261874268,2.6594021261874268,True,6.800799260749238,0.0,6.800799260749238,budget_long_PI_RBF_alpha1em08_target0650_seed2027,BO,0.65,121,bo,rbf,pi,2027,200,20,0.36864409991540015,0.49423339986242354,0.01120690000243485,0.8742275999393314,0.655489094965605,5000,4000,1000,0.001771715662956172,0.42091752909045876,4.31443451268504,False,budget_sweep,RBF,PI,1e-08,1e-08,200
2470.567832439317,0.10128824271536539,0.17928855507921976,1.5874592635462093,0.12,0.350816614838154,0.277305094982662,0.003680693472472525,0.2265387287977708,0.19581975451540304,1.0,0.016332296763080803,0.6531219039477113,0.0031219039477112798,3.1219039477112798,0.0,0.0,0.49807673117615753,0.0,0.0,0.0019232688238424722,1.9232688238424722,True,0.09746284258735273,0.0,0.09746284258735273,budget_long_PI_RBF_alpha1em08_target0650_seed2027,BO,0.65,122,bo,rbf,pi,2027,200,20,0.3314766001421958,0.36302120005711913,0.010931700002402067,0.7055709999985993,0.6094644724849987,5000,4000,1000,0.001771715662956172,0.42091752909045876,4.31443451268504,False,budget_sweep,RBF,PI,1e-08,1e-08,200
2504.1388658088536,0.1,0.12099593544058625,1.5473942108222623,0.11920852176892033,0.35130199137158896,0.28689681880252954,0.0,0.05998838697310356,0.18246473694075407,0.9736173922973443,0.026039827431779516,0.650117400034535,0.00011740003453497572,0.11740003453497572,0.0,0.0,0.4951984087827681,0.0,0.0,0.004801591217231893,4.801591217231893,True,0.0001378276810881349,0.0,0.0001378276810881349,budget_long_PI_RBF_alpha1em08_target0650_seed2027,BO,0.65,123,bo,rbf,pi,2027,200,20,0.335567899979651,0.46274109999649227,0.008569699944928288,0.8070299001410604,0.8354219885178478,5000,4000,1000,0.0001378276810881349,0.11740003453497572,4.801591217231893,True,budget_sweep,RBF,PI,1e-08,1e-08,200
2980.0690641853453,0.14758987540872795,0.3568711090451705,1.7320150805790617,0.09306157177773802,0.35506685955899336,0.4228768754815272,0.13597107259636554,0.7339174544147727,0.24400502685968728,0.1020523925912673,0.10133719117986761,0.5805176083299665,0.06948239167003356,69.48239167003356,0.06948239167003356,69.48239167003356,0.4694708779607181,0.0,0.0,0.030529122039281875,30.529122039281877,True,48.278027521879494,0.0,48.278027521879494,budget_long_PI_RBF_alpha1em08_target0650_seed2027,BO,0.65,124,bo,rbf,pi,2027,200,20,0.3704169001430273,0.49535500002093613,0.010352500015869737,0.8762728001456708,0.8754379301552692,5000,4000,1000,0.0001378276810881349,0.11740003453497572,4.801591217231893,False,budget_sweep,RBF,PI,1e-08,1e-08,200
2541.2971292508964,0.20553201101769686,0.17403450634975232,1.0308679551968383,0.0960371033454832,0.3770042452167082,0.29751346550025604,0.30152003147913387,0.21152716099929236,0.01028931839894609,0.2012367781827734,0.5400849043341646,0.6222704021364904,0.027729597863509592,27.729597863509593,0.027729597863509592,27.729597863509593,0.4913803233879674,0.0,0.0,0.008619676612032612,8.619676612032611,True,7.689305976719557,0.0,7.689305976719557,budget_long_PI_RBF_alpha1em08_target0650_seed2027,BO,0.65,125,bo,rbf,pi,2027,200,20,0.32711239997297525,0.40761550003662705,0.010555099928751588,0.7454284999985248,0.689518980107231,5000,4000,1000,0.0001378276810881349,0.11740003453497572,4.801591217231893,False,budget_sweep,RBF,PI,1e-08,1e-08,200
4685.358747055117,0.24373566901835203,0.40915823570385024,2.0751658001124196,0.11621348380536374,0.36634147124299354,0.910102499158605,0.4106733400524344,0.8833092448681436,0.3583886000374732,0.8737827935121247,0.3268294248598713,0.6270946529991308,0.022905347000869214,22.905347000869213,0.022905347000869214,22.905347000869213,0.503836998272177,0.0038369982721769835,3.8369982721769835,-0.0038369982721769835,-3.8369982721769835,False,5.246549212302283,5.889022296275663,11.135571508577947,budget_long_PI_RBF_alpha1em08_target0650_seed2027,BO,0.65,126,bo,rbf,pi,2027,200,20,0.4342309001367539,0.40669670002534986,0.011835700133815408,0.852922199992463,0.6445892611702503,5000,4000,1000,0.0001378276810881349,0.11740003453497572,4.801591217231893,False,budget_sweep,RBF,PI,1e-08,1e-08,200
4661.815093144528,0.3315569240952553,0.34108337122778243,2.555177363792905,0.09255081557297928,0.37752594546395696,0.9033757408984365,0.6615912117007293,0.6888096320793783,0.518392454597635,0.08502718576597634,0.5505189092791394,0.5761315750907952,0.07386842490920487,73.86842490920486,0.07386842490920487,73.86842490920486,0.4887263740705624,0.0,0.0,0.011273625929437592,11.273625929437593,True,54.56544198566837,0.0,54.56544198566837,budget_long_PI_RBF_alpha1em08_target0650_seed2027,BO,0.65,127,bo,rbf,pi,2027,200,20,0.43938840017654,0.42734950012527406,0.010828099912032485,0.8777483999729156,0.7192887574075879,5000,4000,1000,0.0001378276810881349,0.11740003453497572,4.801591217231893,False,budget_sweep,RBF,PI,1e-08,1e-08,200
2527.714058434423,0.10828925393673566,0.11678500957760887,1.61074453016705,0.12,0.35,0.2936325881241208,0.023683582676387576,0.047957170221739606,0.2035815100556833,1.0,0.0,0.6476004429934399,0.002399557006560138,2.399557006560138,0.002399557006560138,2.399557006560138,0.49780631650109225,0.0,0.0,0.0021936834989077503,2.1936834989077503,True,0.0575787382773185,0.0,0.0575787382773185,budget_long_PI_RBF_alpha1em08_target0650_seed2027,BO,0.65,128,bo,rbf,pi,2027,200,20,0.37759149982593954,0.4429762000218034,0.009290300076827407,0.8300224998965859,0.6351404156620238,5000,4000,1000,0.0001378276810881349,0.11740003453497572,4.801591217231893,False,budget_sweep,RBF,PI,1e-08,1e-08,200
1720.0090560130814,0.2757601275861775,0.2991423752871435,3.940553282514762,0.10352201841798468,0.35464040369800526,0.0628597302894518,0.5021717931033645,0.5689782151061243,0.9801844275049206,0.45073394726615634,0.09280807396010549,0.5806875972917627,0.06931240270823735,69.31240270823736,0.06931240270823735,69.31240270823736,0.5029370625664067,0.0029370625664066896,2.9370625664066896,-0.0029370625664066896,-2.9370625664066896,False,48.04209169188868,3.45053460759498,51.49262629948366,budget_long_PI_RBF_alpha1em08_target0650_seed2027,BO,0.65,129,bo,rbf,pi,2027,200,20,0.3842756999656558,0.5340160999912769,0.012892000144347548,0.9313447000458837,0.8890760001966473,5000,4000,1000,0.0001378276810881349,0.11740003453497572,4.801591217231893,False,budget_sweep,RBF,PI,1e-08,1e-08,200
2989.5184484717174,0.11001157345180002,0.1882287010092739,1.4025589353732206,0.11969133880042607,0.3548981555825499,0.42557669956334787,0.028604495576571458,0.25208200288363974,0.13418631179107351,0.9897112933475355,0.09796311165099865,0.651662017174293,0.001662017174292929,1.662017174292929,0.0,0.0,0.4953367377977896,0.0,0.0,0.004663262202210416,4.663262202210417,True,0.027623010876446526,0.0,0.027623010876446526,budget_long_PI_RBF_alpha1em08_target0650_seed2027,BO,0.65,130,bo,rbf,pi,2027,200,20,0.36285170004703104,0.5212026999797672,0.01072379993274808,0.8949317000806332,0.8734132841261002,5000,4000,1000,0.0001378276810881349,0.11740003453497572,4.801591217231893,False,budget_sweep,RBF,PI,1e-08,1e-08,200
4705.959375544104,0.11758821729697216,0.3508129386238438,1.1609853608234506,0.11938412667646237,0.3509833401592307,0.9159883930126009,0.05025204941992045,0.7166083960681252,0.0536617869411502,0.9794708892154121,0.019666803184614667,0.6418744556142593,0.008125544385740757,8.125544385740756,0.008125544385740757,8.125544385740756,0.48361073141260746,0.0,0.0,0.016389268587392536,16.389268587392536,True,0.6602447156464314,0.0,0.6602447156464314,budget_long_PI_RBF_alpha1em08_target0650_seed2027,BO,0.65,131,bo,rbf,pi,2027,200,20,0.4196999000851065,0.4794083999004215,0.011092799948528409,0.9103608999866992,0.7532312577822537,5000,4000,1000,0.0001378276810881349,0.11740003453497572,4.801591217231893,False,budget_sweep,RBF,PI,1e-08,1e-08,200
2742.508519727346,0.11181475598116133,0.1194748126649153,1.5668324214074167,0.11937306798836396,0.35216257336889867,0.3550024342078132,0.03375644566046093,0.055642321899758006,0.18894414046913893,0.9791022662787989,0.04325146737797433,0.6464923679906973,0.003507632009302708,3.507632009302708,0.003507632009302708,3.507632009302708,0.49433460982190014,0.0,0.0,0.0056653901780998606,5.665390178099861,True,0.12303482312684953,0.0,0.12303482312684953,budget_long_PI_RBF_alpha1em08_target0650_seed2027,BO,0.65,132,bo,rbf,pi,2027,200,20,0.3679041999857873,0.5118823000229895,0.011720399837940931,0.8916577999480069,0.7276982715472191,5000,4000,1000,0.0001378276810881349,0.11740003453497572,4.801591217231893,False,budget_sweep,RBF,PI,1e-08,1e-08,200
2535.651477431743,0.10609493923157412,0.1383738690660296,1.561781923294997,0.12,0.35,0.2959004221233552,0.01741411209021174,0.10963962590294171,0.18726064109833235,1.0,0.0,0.6500696442427069,6.964424270683445e-05,0.06964424270683445,0.0,0.0,0.4946596249483211,0.0,0.0,0.005340375051678892,5.340375051678892,True,4.850320542208463e-05,0.0,4.850320542208463e-05,budget_long_PI_RBF_alpha1em08_target0650_seed2027,BO,0.65,133,bo,rbf,pi,2027,200,20,0.360803599935025,0.4856471000239253,0.01266800006851554,0.8593036001548171,0.7624758202892361,5000,4000,1000,4.850320542208463e-05,0.06964424270683445,5.340375051678892,True,budget_sweep,RBF,PI,1e-08,1e-08,200
2511.24491852779,0.10641642076293643,0.1298532377272724,1.5821920338479076,0.12,0.35,0.2889271195793686,0.018332630751246942,0.08529496493506396,0.1940640112826359,1.0,0.0,0.6502522354918462,0.00025223549184616445,0.25223549184616445,0.0,0.0,0.49677221925794,0.0,0.0,0.0032277807420599824,3.2277807420599824,True,0.000636227433468765,0.0,0.000636227433468765,budget_long_PI_RBF_alpha1em08_target0650_seed2027,BO,0.65,134,bo,rbf,pi,2027,200,20,0.3304208000190556,0.44142860011197627,0.011186900082975626,0.7831923000048846,0.7991968638077172,5000,4000,1000,4.850320542208463e-05,0.06964424270683445,5.340375051678892,False,budget_sweep,RBF,PI,1e-08,1e-08,200
2517.637080717377,0.10711846381748993,0.16152548163056907,1.5888500569708939,0.12,0.35062539788229696,0.2907534516335364,0.020338468049971237,0.17578709037305446,0.1962833523236313,1.0,0.012507957645939526,0.6512702557518171,0.001270255751817051,1.270255751817051,0.0,0.0,0.49756332360213323,0.0,0.0,0.002436676397866766,2.436676397866766,True,0.016135496750243013,0.0,0.016135496750243013,budget_long_PI_RBF_alpha1em08_target0650_seed2027,BO,0.65,135,bo,rbf,pi,2027,200,20,0.36756160017102957,0.5064003998413682,0.010284699965268373,0.8844274000730366,0.8369657033980196,5000,4000,1000,4.850320542208463e-05,0.06964424270683445,5.340375051678892,False,budget_sweep,RBF,PI,1e-08,1e-08,200
4712.467394860033,0.22353383688213546,0.40904533520163866,1.9865685769454764,0.11568871362359243,0.36329980375845006,0.9178478271028666,0.35295381966324413,0.882986672004682,0.32885619231515884,0.8562904541197475,0.2659960751690015,0.6255329841303662,0.024467015869633846,24.467015869633848,0.024467015869633846,24.467015869633848,0.49875411519990587,0.0,0.0,0.0012458848000941325,1.2458848000941325,True,5.986348655649144,0.0,5.986348655649144,budget_long_PI_RBF_alpha1em08_target0650_seed2027,BO,0.65,136,bo,rbf,pi,2027,200,20,0.48816860001534224,0.4267899999395013,0.012162999948486686,0.9272807999514043,0.9991208527013646,5000,4000,1000,4.850320542208463e-05,0.06964424270683445,5.340375051678892,False,budget_sweep,RBF,PI,1e-08,1e-08,200
2773.120935384624,0.1254481211473443,0.16611325300916335,1.2776476824528151,0.11749167009745813,0.3518925464217288,0.36374883868132113,0.07270891756384087,0.18889500859760958,0.09254922748427166,0.9163890032486045,0.0378509284345759,0.6477411728747509,0.002258827125249163,2.258827125249163,0.002258827125249163,2.258827125249163,0.49133265606745885,0.0,0.0,0.00866734393254115,8.667343932541149,True,0.05102299981761399,0.0,0.05102299981761399,budget_long_PI_RBF_alpha1em08_target0650_seed2027,BO,0.65,137,bo,rbf,pi,2027,200,20,0.35541550000198185,0.5760380001738667,0.012012399965897202,0.94363550003618,0.7240247370847573,5000,4000,1000,4.850320542208463e-05,0.06964424270683445,5.340375051678892,False,budget_sweep,RBF,PI,1e-08,1e-08,200
1715.3593000199153,0.3445496997694566,0.2754167917499835,3.83578099558279,0.11272052956257188,0.35845603557878436,0.06153122857711868,0.6987134279127333,0.5011908335713815,0.9452603318609301,0.7573509854190629,0.1691207115756873,0.5958144534373191,0.05418554656268093,54.18554656268093,0.05418554656268093,54.18554656268093,0.493612779714696,0.0,0.0,0.006387220285303974,6.3872202853039735,True,29.360734562964627,0.0,29.360734562964627,budget_long_PI_RBF_alpha1em08_target0650_seed2027,BO,0.65,138,bo,rbf,pi,2027,200,20,0.35146909998729825,0.42531759990379214,0.011045200051739812,0.7879830999299884,0.8027395302072191,5000,4000,1000,4.850320542208463e-05,0.06964424270683445,5.340375051678892,False,budget_sweep,RBF,PI,1e-08,1e-08,200
3497.958841319206,0.37711962598613324,0.10070540966330468,3.419770961267126,0.09366343048167806,0.3713106858160814,0.5708453832340589,0.7917703599603808,0.002015456180870512,0.8065903204223753,0.12211434938926913,0.42621371632162786,0.5614808100265449,0.08851918997345509,88.5191899734551,0.08851918997345509,88.5191899734551,0.4809074841718062,0.0,0.0,0.019092515828193823,19.092515828193825,True,78.35646993556632,0.0,78.35646993556632,budget_long_PI_RBF_alpha1em08_target0650_seed2027,BO,0.65,139,bo,rbf,pi,2027,200,20,0.3878622001502663,0.5247762999497354,0.011835100129246712,0.9246274000033736,0.7627280807124124,5000,4000,1000,4.850320542208463e-05,0.06964424270683445,5.340375051678892,False,budget_sweep,RBF,PI,1e-08,1e-08,200
3748.2513014515566,0.12260835549541182,0.2599690146073922,1.3305411234979811,0.11542944213008051,0.35579023551004796,0.6423575147004448,0.06459530141546233,0.457054327449692,0.11018037449932705,0.8476480710026838,0.11580471020095973,0.6361857122264608,0.013814287773539213,13.814287773539213,0.013814287773539213,13.814287773539213,0.4870137537424272,0.0,0.0,0.012986246257572776,12.986246257572775,True,1.90834546690155,0.0,1.90834546690155,budget_long_PI_RBF_alpha1em08_target0650_seed2027,BO,0.65,140,bo,rbf,pi,2027,200,20,0.39943549991585314,0.5563939001876861,0.011838600039482117,0.9678219000343233,0.718202256450051,5000,4000,1000,4.850320542208463e-05,0.06964424270683445,5.340375051678892,False,budget_sweep,RBF,PI,1e-08,1e-08,200
3677.925837145877,0.12972192563566423,0.3274346596026276,1.071812821035134,0.11842329023131515,0.36626539449081025,0.6222645248988219,0.08491978753046925,0.6498133131503645,0.023937607011711326,0.9474430077105052,0.3253078898162053,0.6635476652674774,0.013547665267477416,13.547665267477417,0.0,0.0,0.5016759427525678,0.0016759427525677717,1.6759427525677717,-0.0016759427525677717,-1.6759427525677717,False,1.835392341996139,1.1235136439537756,2.9589059859499147,budget_long_PI_RBF_alpha1em08_target0650_seed2027,BO,0.65,141,bo,rbf,pi,2027,200,20,0.3775508999824524,0.6254396999720484,0.012902300106361508,1.0160501999780536,0.7633923652701909,5000,4000,1000,4.850320542208463e-05,0.06964424270683445,5.340375051678892,False,budget_sweep,RBF,PI,1e-08,1e-08,200
4909.388959066886,0.13428453840105498,0.3063145800230701,2.1880697392302073,0.10922677004515305,0.3602696116432937,0.9741111311619675,0.09795582400301417,0.5894702286373431,0.39602324641006903,0.6408923348384349,0.2053922328658735,0.6041499412159049,0.045850058784095094,45.8500587840951,0.045850058784095094,45.8500587840951,0.4980920482502668,0.0,0.0,0.0019079517497331833,1.9079517497331833,True,21.022278905049756,0.0,21.022278905049756,budget_long_PI_RBF_alpha1em08_target0650_seed2027,BO,0.65,142,bo,rbf,pi,2027,200,20,0.46338429977186024,0.4844020002055913,0.012996899895370007,0.9609441000502557,0.8696392634724739,5000,4000,1000,4.850320542208463e-05,0.06964424270683445,5.340375051678892,False,budget_sweep,RBF,PI,1e-08,1e-08,200
3286.3036869596312,0.1,0.15655279545718448,1.3683015430904741,0.12,0.3500935467156331,0.5103724819884661,0.0,0.16157941559195566,0.12276718103015803,1.0,0.0018709343126623243,0.6446202209888376,0.005379779011162378,5.379779011162378,0.005379779011162378,5.379779011162378,0.48911659982149813,0.0,0.0,0.010883400178501867,10.883400178501867,True,0.2894202220894325,0.0,0.2894202220894325,budget_long_PI_RBF_alpha1em08_target0650_seed2027,BO,0.65,143,bo,rbf,pi,2027,200,20,0.3705376998987049,0.6255699000321329,0.013115799985826015,1.0093809999525547,0.7356887678711495,5000,4000,1000,4.850320542208463e-05,0.06964424270683445,5.340375051678892,False,budget_sweep,RBF,PI,1e-08,1e-08,200
2888.8728155983,0.10811931906019115,0.136130213968601,1.565963798657898,0.12,0.35,0.3968208044566572,0.023198054457688994,0.10322918276743145,0.18865459955263264,1.0,0.0,0.6439500666341486,0.006049933365851468,6.049933365851468,0.006049933365851468,6.049933365851468,0.4913211677110618,0.0,0.0,0.008678832288938176,8.678832288938176,True,0.3660169373124287,0.0,0.3660169373124287,budget_long_PI_RBF_alpha1em08_target0650_seed2027,BO,0.65,144,bo,rbf,pi,2027,200,20,0.358005499932915,0.49919659993611276,0.013376800110563636,0.870733099989593,0.7231800216307265,5000,4000,1000,4.850320542208463e-05,0.06964424270683445,5.340375051678892,False,budget_sweep,RBF,PI,1e-08,1e-08,200
2616.3360863615376,0.38919809760065494,0.3145786092809417,1.7638774387848317,0.1168001568110129,0.37082196922721034,0.31895316753186786,0.8262802788590142,0.6130817408026907,0.25462581292827724,0.8933385603670966,0.41643938454420637,0.639370621620499,0.010629378379501064,10.629378379501064,0.010629378379501064,10.629378379501064,0.5019760700438028,0.0019760700438028467,1.9760700438028467,-0.0019760700438028467,-1.9760700438028467,False,1.1298368473460467,1.5619411272059938,2.6917779745520405,budget_long_PI_RBF_alpha1em08_target0650_seed2027,BO,0.65,145,bo,rbf,pi,2027,200,20,0.2873726000543684,0.41982750012539327,0.011436500120908022,0.7187900000717491,0.9982628881176742,5000,4000,1000,4.850320542208463e-05,0.06964424270683445,5.340375051678892,False,budget_sweep,RBF,PI,1e-08,1e-08,200
4452.281622874058,0.15561453192581387,0.3360602228267866,1.9582648227899324,0.11712609624189028,0.35406175701774023,0.8435090351068737,0.1588986626451825,0.6744577795051045,0.3194216075966442,0.9042032080630096,0.0812351403548045,0.6211541025606808,0.0288458974393192,28.845897439319202,0.0288458974393192,28.845897439319202,0.4952865973273087,0.0,0.0,0.004713402672691325,4.713402672691325,True,8.32085799079722,0.0,8.32085799079722,budget_long_PI_RBF_alpha1em08_target0650_seed2027,BO,0.65,146,bo,rbf,pi,2027,200,20,0.46907470002770424,0.658898799913004,0.014807999832555652,1.1429538000375032,0.8617885219525971,5000,4000,1000,4.850320542208463e-05,0.06964424270683445,5.340375051678892,False,budget_sweep,RBF,PI,1e-08,1e-08,200
2179.303380075764,0.35516191124688345,0.4237914559967061,3.586098805141638,0.10473255403786046,0.37091908501664267,0.19408668002164686,0.7290340321339528,0.9251184457048746,0.8620329350472127,0.4910851345953485,0.41838170033285305,0.592136488217037,0.057863511782963006,57.86351178296301,0.057863511782963006,57.86351178296301,0.49592273016719923,0.0,0.0,0.004077269832800767,4.077269832800767,True,33.48185995857098,0.0,33.48185995857098,budget_long_PI_RBF_alpha1em08_target0650_seed2027,BO,0.65,147,bo,rbf,pi,2027,200,20,0.3772845999337733,0.4851748999208212,0.01324219978414476,0.8758783999364823,0.9997954074996289,5000,4000,1000,4.850320542208463e-05,0.06964424270683445,5.340375051678892,False,budget_sweep,RBF,PI,1e-08,1e-08,200
2762.4628191571073,0.12371670436240614,0.18114832306829837,1.108557878356302,0.12,0.35,0.3607036626163163,0.06776201246401753,0.23185235162370965,0.03618595945210065,1.0,0.0,0.6572613152479257,0.007261315247925726,7.261315247925726,0.0,0.0,0.49306835246296943,0.0,0.0,0.006931647537030572,6.931647537030572,True,0.5272669912975865,0.0,0.5272669912975865,budget_long_PI_RBF_alpha1em08_target0650_seed2027,BO,0.65,148,bo,rbf,pi,2027,200,20,0.3411892999429256,0.6562412001658231,0.014530899934470654,1.0121166999451816,0.8126551741648119,5000,4000,1000,4.850320542208463e-05,0.06964424270683445,5.340375051678892,False,budget_sweep,RBF,PI,1e-08,1e-08,200
4986.62482018995,0.1964420842449985,0.3827510850683805,1.3374951540412061,0.10251657354393282,0.3862495349836757,0.9961785200542713,0.2755488121285672,0.8078602430525157,0.11249838468040207,0.41721911813109414,0.7249906996735138,0.6292801022185748,0.020719897781425245,20.719897781425246,0.020719897781425245,20.719897781425246,0.49860800762829843,0.0,0.0,0.001391992371701567,1.391992371701567,True,4.293141640727108,0.0,4.293141640727108,budget_long_PI_RBF_alpha1em08_target0650_seed2027,BO,0.65,149,bo,rbf,pi,2027,200,20,0.4333160000387579,0.6703730998560786,0.014729399932548404,1.1185747999697924,0.8591979704006562,5000,4000,1000,4.850320542208463e-05,0.06964424270683445,5.340375051678892,False,budget_sweep,RBF,PI,1e-08,1e-08,200
2724.966244887266,0.1105287194200107,0.10214139362492483,1.5933450293314513,0.12,0.35,0.34999035568207604,0.030082055485744847,0.006118267499785224,0.19778167644381706,1.0,0.0,0.6447325883188344,0.0052674116811656235,5.2674116811656235,0.0052674116811656235,5.2674116811656235,0.49434805846640784,0.0,0.0,0.005651941533592164,5.651941533592164,True,0.2774562581888006,0.0,0.2774562581888006,budget_long_PI_RBF_alpha1em08_target0650_seed2027,BO,0.65,150,bo,rbf,pi,2027,200,20,0.3551994999870658,0.58745660004206,0.01398439984768629,0.9568067998625338,0.74349453246879,5000,4000,1000,4.850320542208463e-05,0.06964424270683445,5.340375051678892,False,budget_sweep,RBF,PI,1e-08,1e-08,200
4227.329408933388,0.306401397072932,0.1823499583841215,1.9616427996029804,0.10470405604342334,0.3697739140138931,0.7792369739809679,0.5897182773512343,0.23528559538320426,0.3205475998676601,0.4901352014474445,0.39547828027786236,0.6025351286614704,0.04746487133852961,47.46487133852961,0.04746487133852961,47.46487133852961,0.4886727411726141,0.0,0.0,0.011327258827385889,11.327258827385888,True,22.529140111831694,0.0,22.529140111831694,budget_long_PI_RBF_alpha1em08_target0650_seed2027,BO,0.65,151,bo,rbf,pi,2027,200,20,0.4108856001403183,0.5922983998898417,0.014142900006845593,1.0174803999252617,0.7467440595178376,5000,4000,1000,4.850320542208463e-05,0.06964424270683445,5.340375051678892,False,budget_sweep,RBF,PI,1e-08,1e-08,200
2657.764027422302,0.10881562736440896,0.15865828397829412,1.5644378719023888,0.11984094339667797,0.3507528610733835,0.33078972212065777,0.025187506755454156,0.16759509708084036,0.18814595730079625,0.994698113222599,0.015057221467670532,0.6481045676175966,0.001895432382403417,1.895432382403417,0.001895432382403417,1.895432382403417,0.4942322521757457,0.0,0.0,0.005767747824254321,5.767747824254322,True,0.03592663916263493,0.0,0.03592663916263493,budget_long_PI_RBF_alpha1em08_target0650_seed2027,BO,0.65,152,bo,rbf,pi,2027,200,20,0.34600239992141724,0.5784480001311749,0.013707700185477734,0.9383307001553476,0.8217096366283799,5000,4000,1000,4.850320542208463e-05,0.06964424270683445,5.340375051678892,False,budget_sweep,RBF,PI,1e-08,1e-08,200
1583.6410357271013,0.2874373050774971,0.12326939677596789,3.5955303479582206,0.10981968001048581,0.3534096817736207,0.02389743877917183,0.5355351573642775,0.06648399078847966,0.8651767826527401,0.660656000349527,0.06819363547241397,0.5969234233009066,0.05307657669909338,53.07657669909338,0.05307657669909338,53.07657669909338,0.5043280386681606,0.004328038668160561,4.328038668160561,-0.004328038668160561,-4.328038668160561,False,28.17122994094742,7.492767485237217,35.663997426184636,budget_long_PI_RBF_alpha1em08_target0650_seed2027,BO,0.65,153,bo,rbf,pi,2027,200,20,0.34996879985556006,0.5953003999311477,0.013902700040489435,0.9593382000457495,0.9081935135050102,5000,4000,1000,4.850320542208463e-05,0.06964424270683445,5.340375051678892,False,budget_sweep,RBF,PI,1e-08,1e-08,200
3807.2413116730413,0.346873317682291,0.41462117128141995,3.3458249523099544,0.0937594319313755,0.36783734344225427,0.6592118033351546,0.7053523362351173,0.8989176322326283,0.7819416507699848,0.12531439771251673,0.3567468688450861,0.5630851258097972,0.08691487419020283,86.91487419020282,0.08691487419020283,86.91487419020282,0.484873717778258,0.0,0.0,0.015126282221742005,15.126282221742004,True,75.54195355498784,0.0,75.54195355498784,budget_long_PI_RBF_alpha1em08_target0650_seed2027,BO,0.65,154,bo,rbf,pi,2027,200,20,0.41522269998677075,0.5305346001405269,0.013674000045284629,0.9595924001187086,0.6922250321164123,5000,4000,1000,4.850320542208463e-05,0.06964424270683445,5.340375051678892,False,budget_sweep,RBF,PI,1e-08,1e-08,200
3645.7375182931705,0.18165554413283763,0.12956960405820225,1.853617650610616,0.11977844045359268,0.357622230240478,0.6130678623694773,0.23330155466525038,0.08448458302343498,0.28453921687020534,0.9926146817864228,0.15244460480956057,0.6323463877534403,0.017653612246559702,17.653612246559703,0.017653612246559702,17.653612246559703,0.5024232633037705,0.0024232633037705176,2.4232633037705176,-0.0024232633037705176,-2.4232633037705176,False,3.116500253518827,2.3488820157603216,5.465382269279148,budget_long_PI_RBF_alpha1em08_target0650_seed2027,BO,0.65,155,bo,rbf,pi,2027,200,20,0.39465339994058013,0.4815501000266522,0.01426980015821755,0.8906330999452621,0.7166888518609391,5000,4000,1000,4.850320542208463e-05,0.06964424270683445,5.340375051678892,False,budget_sweep,RBF,PI,1e-08,1e-08,200
2412.2334972608382,0.10641242827886623,0.16849154330763771,1.5634024943914162,0.11840532001578725,0.350680992954269,0.2606381420745252,0.0183212236539035,0.1956901237361078,0.1878008314638054,0.9468440005262418,0.013619859085381372,0.6494402129668583,0.0005597870331417454,0.5597870331417454,0.0005597870331417454,0.5597870331417454,0.4950240426988364,0.0,0.0,0.004975957301163625,4.975957301163625,True,0.0031336152247363755,0.0,0.0031336152247363755,budget_long_PI_RBF_alpha1em08_target0650_seed2027,BO,0.65,156,bo,rbf,pi,2027,200,20,0.33878370001912117,0.4675667001865804,0.014124900102615356,0.8206351001281291,0.6417363233043962,5000,4000,1000,4.850320542208463e-05,0.06964424270683445,5.340375051678892,False,budget_sweep,RBF,PI,1e-08,1e-08,200
4958.060482463357,0.17055759029972964,0.4020384051014052,1.0029426631438,0.09104362105076114,0.3997606956577892,0.9880172807038166,0.20159311514208467,0.8629668717183007,0.0009808877146000317,0.03478736835870477,0.9952139131557836,0.6237445622298208,0.026255437770179246,26.255437770179245,0.026255437770179246,26.255437770179245,0.5001823599837879,0.0001823599837879053,0.1823599837879053,-0.0001823599837879053,-0.1823599837879053,False,6.8934801250375495,0.013302065474850033,6.906782190512399,budget_long_PI_RBF_alpha1em08_target0650_seed2027,BO,0.65,157,bo,rbf,pi,2027,200,20,0.4549485999159515,0.5232692998833954,0.014595800079405308,0.9930003001354635,0.6576835638778544,5000,4000,1000,4.850320542208463e-05,0.06964424270683445,5.340375051678892,False,budget_sweep,RBF,PI,1e-08,1e-08,200
1667.5863213042392,0.31023584075977145,0.3289847973146449,3.5142575990345435,0.09262813897018583,0.38304935297253573,0.047881806086925494,0.6006738307422042,0.6542422780418425,0.8380858663448478,0.08760463233952798,0.6609870594507139,0.5880282182820937,0.061971781717906294,61.971781717906296,0.061971781717906294,61.971781717906296,0.5033205802449253,0.0033205802449253197,3.3205802449253197,-0.0033205802449253197,-3.3205802449253197,False,38.405017292918245,4.410501265195318,42.81551855811357,budget_long_PI_RBF_alpha1em08_target0650_seed2027,BO,0.65,158,bo,rbf,pi,2027,200,20,0.3747700999956578,0.5476643999572843,0.014305599965155125,0.936911900062114,0.6368840112524192,5000,4000,1000,4.850320542208463e-05,0.06964424270683445,5.340375051678892,False,budget_sweep,RBF,PI,1e-08,1e-08,200
2528.7303464667702,0.10271562465525912,0.14099372378020056,1.5711892473618536,0.12,0.3510120329346294,0.29392295613336294,0.007758927586454609,0.11712492508628732,0.19039641578728456,1.0,0.020240658692588148,0.6515168201609145,0.0015168201609144782,1.5168201609144782,0.0,0.0,0.4970493044730833,0.0,0.0,0.00295069552691668,2.95069552691668,True,0.023007434005566235,0.0,0.023007434005566235,budget_long_PI_RBF_alpha1em08_target0650_seed2027,BO,0.65,159,bo,rbf,pi,2027,200,20,0.34780099987983704,0.5684853000566363,0.014337600208818913,0.9308209998998791,0.6401127417563526,5000,4000,1000,4.850320542208463e-05,0.06964424270683445,5.340375051678892,False,budget_sweep,RBF,PI,1e-08,1e-08,200
3037.529944468215,0.1480818265029255,0.18592500267803386,1.776466533834882,0.12,0.35,0.4392942698480614,0.13737664715121575,0.2455000076515253,0.25882217794496065,1.0,0.0,0.6363052428777002,0.013694757122299839,13.694757122299839,0.013694757122299839,13.694757122299839,0.49898657311357614,0.0,0.0,0.0010134268864238627,1.0134268864238627,True,1.8754637263878216,0.0,1.8754637263878216,budget_long_PI_RBF_alpha1em08_target0650_seed2027,BO,0.65,160,bo,rbf,pi,2027,200,20,0.37530199997127056,0.5912570001091808,0.01475229999050498,0.9814726999029517,0.651480907156504,5000,4000,1000,4.850320542208463e-05,0.06964424270683445,5.340375051678892,False,budget_sweep,RBF,PI,1e-08,1e-08,200
3254.0785895759964,0.11091601749455077,0.15141242138186917,1.4026876711416776,0.12,0.3501868939568713,0.5011653113074275,0.031188621413002167,0.14689263251962623,0.13422922371389256,1.0,0.003737879137427004,0.6425815838247024,0.007418416175297593,7.418416175297593,0.007418416175297593,7.418416175297593,0.4890346232626562,0.0,0.0,0.010965376737343824,10.965376737343824,True,0.5503289854991696,0.0,0.5503289854991696,budget_long_PI_RBF_alpha1em08_target0650_seed2027,BO,0.65,161,bo,rbf,pi,2027,200,20,0.36876829992979765,0.48397830012254417,0.013101800112053752,0.8660171001683921,0.8459634738535408,5000,4000,1000,4.850320542208463e-05,0.06964424270683445,5.340375051678892,False,budget_sweep,RBF,PI,1e-08,1e-08,200
2576.558261683974,0.15401142998683975,0.17135057251470928,1.049283732099051,0.11586119648558559,0.35,0.30758807476684974,0.15431837139097068,0.20385877861345508,0.016427910699683607,0.8620398828528528,0.0,0.6495469190421463,0.00045308095785367986,0.45308095785367986,0.00045308095785367986,0.45308095785367986,0.48918207932502245,0.0,0.0,0.010817920674977555,10.817920674977554,True,0.0020528235436960804,0.0,0.0020528235436960804,budget_long_PI_RBF_alpha1em08_target0650_seed2027,BO,0.65,162,bo,rbf,pi,2027,200,20,0.3339748000726104,0.9170226999558508,0.014288600068539381,1.26547920005396,0.693513723818332,5000,4000,1000,4.850320542208463e-05,0.06964424270683445,5.340375051678892,False,budget_sweep,RBF,PI,1e-08,1e-08,200
4875.240491505385,0.11369201550574287,0.3606237008361193,1.5387257322990056,0.09511675903465185,0.35043385186095777,0.9643544261443957,0.03912004430212246,0.7446391452460551,0.17957524409966852,0.17055863448839492,0.008677037219155581,0.5744746157684004,0.0755253842315996,75.5253842315996,0.0755253842315996,75.5253842315996,0.4554030555586617,0.0,0.0,0.044596944441338326,44.59694444133832,True,57.04083663330753,0.0,57.04083663330753,budget_long_PI_RBF_alpha1em08_target0650_seed2027,BO,0.65,163,bo,rbf,pi,2027,200,20,0.44714469998143613,0.7393746001180261,0.014523499878123403,1.2012102999724448,0.7533914641326103,5000,4000,1000,4.850320542208463e-05,0.06964424270683445,5.340375051678892,False,budget_sweep,RBF,PI,1e-08,1e-08,200
3257.365674874727,0.12159441401430207,0.13108691081219376,1.2303174158765255,0.11638328513397603,0.35582217342839173,0.5021044785356362,0.061698325755148775,0.08881974517769642,0.07677247195884185,0.8794428377992012,0.11644346856783472,0.643261147504303,0.006738852495697056,6.738852495697056,0.006738852495697056,6.738852495697056,0.49066519342951675,0.0,0.0,0.009334806570483245,9.334806570483245,True,0.45412132958762447,0.0,0.45412132958762447,budget_long_PI_RBF_alpha1em08_target0650_seed2027,BO,0.65,164,bo,rbf,pi,2027,200,20,0.3624660999048501,0.7066517001949251,0.015643900027498603,1.0849186000414193,0.7221193097568264,5000,4000,1000,4.850320542208463e-05,0.06964424270683445,5.340375051678892,False,budget_sweep,RBF,PI,1e-08,1e-08,200
4908.591312836217,0.18486367372312953,0.1496261884405919,2.0784680571084166,0.11736590219118051,0.3607449719897765,0.973883232238919,0.24246763920894154,0.1417891098302625,0.3594893523694722,0.9121967397060173,0.21489943979553072,0.6209455528011636,0.02905444719883643,29.05444719883643,0.02905444719883643,29.05444719883643,0.5021095270416283,0.0021095270416282563,2.1095270416282563,-0.0021095270416282563,-2.1095270416282563,False,8.44160902029974,1.7800417357443452,10.221650756044085,budget_long_PI_RBF_alpha1em08_target0650_seed2027,BO,0.65,165,bo,rbf,pi,2027,200,20,0.44096819986589253,0.7874813999515027,0.015501199988648295,1.2441148001234978,0.6788673140018952,5000,4000,1000,4.850320542208463e-05,0.06964424270683445,5.340375051678892,False,budget_sweep,RBF,PI,1e-08,1e-08,200
2746.108612052682,0.10106006287169417,0.1350940497001103,1.5463171712783512,0.11911723056108439,0.35171010009388715,0.356031032015052,0.0030287510619833122,0.10026871342888659,0.18210572375945036,0.9705743520361467,0.03420200187774333,0.645637259151554,0.004362740848446012,4.362740848446012,0.004362740848446012,4.362740848446012,0.49320126754169086,0.0,0.0,0.006798732458309142,6.798732458309143,True,0.19033507710699427,0.0,0.19033507710699427,budget_long_PI_RBF_alpha1em08_target0650_seed2027,BO,0.65,166,bo,rbf,pi,2027,200,20,0.41853950009681284,0.5113063000608236,0.014824300073087215,0.9448702998925,0.7395927308668337,5000,4000,1000,4.850320542208463e-05,0.06964424270683445,5.340375051678892,False,budget_sweep,RBF,PI,1e-08,1e-08,200
2510.173808066127,0.13215817441697203,0.13015617241364572,1.107491465957802,0.11880105540651299,0.35005844547810766,0.2886210880188934,0.09188049833420582,0.0861604926104163,0.035830488652600606,0.9600351802170998,0.0011689095621535165,0.6571105023364292,0.007110502336429181,7.110502336429181,0.0,0.0,0.4937953671261127,0.0,0.0,0.006204632873887284,6.204632873887284,True,0.5055924347636483,0.0,0.5055924347636483,budget_long_PI_RBF_alpha1em08_target0650_seed2027,BO,0.65,167,bo,rbf,pi,2027,200,20,0.32688529998995364,0.4983500000089407,0.015012199990451336,0.8404441999737173,0.7029347678620768,5000,4000,1000,4.850320542208463e-05,0.06964424270683445,5.340375051678892,False,budget_sweep,RBF,PI,1e-08,1e-08,200
3846.55660805202,0.11505463763245473,0.3827071930366389,1.3245266187095397,0.11870573102992507,0.35433089051281497,0.6704447451577199,0.04301325037844206,0.8077348372475399,0.1081755395698466,0.9568577009975028,0.08661781025629944,0.6461093712666213,0.0038906287333787537,3.8906287333787537,0.0038906287333787537,3.8906287333787537,0.4891358560986795,0.0,0.0,0.010864143901320511,10.86414390132051,True,0.15136991940992364,0.0,0.15136991940992364,budget_long_PI_RBF_alpha1em08_target0650_seed2027,BO,0.65,168,bo,rbf,pi,2027,200,20,0.3886148000601679,0.6053983999881893,0.015065999934449792,1.0092535000294447,0.8323092398671208,5000,4000,1000,4.850320542208463e-05,0.06964424270683445,5.340375051678892,False,budget_sweep,RBF,PI,1e-08,1e-08,200
2683.5751296218164,0.10440298954645799,0.19870190157777295,1.5734347601637244,0.12,0.35,0.3381643227490904,0.012579970132737095,0.28200543307935133,0.1911449200545748,1.0,0.0,0.6480044838763279,0.001995516123672103,1.995516123672103,0.001995516123672103,1.995516123672103,0.4937035778985123,0.0,0.0,0.006296422101487675,6.296422101487675,True,0.03982084599835336,0.0,0.03982084599835336,budget_long_PI_RBF_alpha1em08_target0650_seed2027,BO,0.65,169,bo,rbf,pi,2027,200,20,0.37018719990737736,0.5194957000203431,0.017754500033333898,0.9076253999955952,0.7741389431310539,5000,4000,1000,4.850320542208463e-05,0.06964424270683445,5.340375051678892,False,budget_sweep,RBF,PI,1e-08,1e-08,200
4454.672227501562,0.1256620581535198,0.18415611921989236,1.0884251146811494,0.11946471478356774,0.361148562782424,0.8441920650004462,0.0733201661529137,0.2404460549139782,0.029475038227049777,0.9821571594522583,0.22297125564848075,0.6504924156209684,0.0004924156209683561,0.4924156209683561,0.0,0.0,0.4944280619743381,0.0,0.0,0.0055719380256619155,5.5719380256619155,True,0.0024247314377365175,0.0,0.0024247314377365175,budget_long_PI_RBF_alpha1em08_target0650_seed2027,BO,0.65,170,bo,rbf,pi,2027,200,20,0.4343691000249237,0.5852836000267416,0.018494400195777416,1.038326600100845,0.6771714194341893,5000,4000,1000,4.850320542208463e-05,0.06964424270683445,5.340375051678892,False,budget_sweep,RBF,PI,1e-08,1e-08,200
3329.7522004610073,0.1509626129935826,0.3882552778649001,1.2722746307927322,0.11505543608941923,0.3549114591668133,0.5227863429888593,0.1456074656959503,0.823586508185429,0.09075821026424402,0.8351812029806415,0.0982291833362674,0.6424716880072736,0.007528311992726411,7.528311992726411,0.007528311992726411,7.528311992726411,0.48766706154816025,0.0,0.0,0.012332938451839748,12.332938451839748,True,0.566754814598283,0.0,0.566754814598283,budget_long_PI_RBF_alpha1em08_target0650_seed2027,BO,0.65,171,bo,rbf,pi,2027,200,20,0.3685325998812914,0.6183589999563992,0.015270299976691604,1.0023361998610198,0.6330920699893164,5000,4000,1000,4.850320542208463e-05,0.06964424270683445,5.340375051678892,False,budget_sweep,RBF,PI,1e-08,1e-08,200
4674.989720994403,0.1385526857138716,0.28479094645885783,1.0355109926447985,0.10311410946715661,0.39397307239226514,0.9071399202841153,0.11015053061106173,0.5279741327395939,0.01183699754826617,0.4371369822385539,0.8794614478453028,0.646148552220416,0.0038514477795840163,3.8514477795840163,0.0038514477795840163,3.8514477795840163,0.508479363403348,0.008479363403347984,8.479363403347984,-0.008479363403347984,-8.479363403347984,False,0.1483364999886265,28.75984149041484,28.908177990403466,budget_long_PI_RBF_alpha1em08_target0650_seed2027,BO,0.65,172,bo,rbf,pi,2027,200,20,0.42333890008740127,0.5375627998728305,0.016501300036907196,0.9776002999860793,0.749879743835104,5000,4000,1000,4.850320542208463e-05,0.06964424270683445,5.340375051678892,False,budget_sweep,RBF,PI,1e-08,1e-08,200
2447.829817877277,0.10326752467302631,0.11577682522826326,1.561809912810054,0.11944293244447499,0.3510233466006318,0.27080851939350775,0.009335784780075164,0.04507664350932358,0.1872699709366847,0.9814310814824995,0.020466932012636278,0.6514397237163425,0.0014397237163424892,1.4397237163424892,0.0,0.0,0.4968077781125452,0.0,0.0,0.003192221887454827,3.192221887454827,True,0.02072804379399028,0.0,0.02072804379399028,budget_long_PI_RBF_alpha1em08_target0650_seed2027,BO,0.65,173,bo,rbf,pi,2027,200,20,0.36253849999047816,0.7868227001745254,0.016297899885103106,1.1658581998199224,0.6610283563870106,5000,4000,1000,4.850320542208463e-05,0.06964424270683445,5.340375051678892,False,budget_sweep,RBF,PI,1e-08,1e-08,200
4972.750221348846,0.2331221670329129,0.38549164398472324,3.3976441904789727,0.09058682979816556,0.37048808387496207,0.992214348956813,0.3803490486654655,0.8156904113849236,0.7992147301596576,0.01956099327218508,0.40976167749924164,0.5579136553750694,0.0920863446249306,92.08634462493059,0.0920863446249306,92.08634462493059,0.5163249263908467,0.016324926390846706,16.324926390846706,-0.016324926390846706,-16.324926390846706,False,84.79894866381483,106.60128866662531,191.40023733044012,budget_long_PI_RBF_alpha1em08_target0650_seed2027,BO,0.65,174,bo,rbf,pi,2027,200,20,0.5523573998361826,0.6842459999024868,0.01666949992068112,1.2535560999531299,0.9999999988422095,5000,4000,1000,4.850320542208463e-05,0.06964424270683445,5.340375051678892,False,budget_sweep,RBF,PI,1e-08,1e-08,200
4659.266067487517,0.26372259543069293,0.18869882146160233,3.380421414339375,0.09093255216236346,0.3729075957951312,0.9026474478535763,0.4677788440876941,0.25342520417600667,0.7934738047797917,0.03108507207878175,0.4581519159026245,0.5596907684301767,0.09030923156982329,90.30923156982328,0.09030923156982329,90.30923156982328,0.5109246390366035,0.010924639036603456,10.924639036603455,-0.010924639036603456,-10.924639036603455,False,81.55757306731968,47.73909523203204,129.29666829935172,budget_long_PI_RBF_alpha1em08_target0650_seed2027,BO,0.65,175,bo,rbf,pi,2027,200,20,0.49082500021904707,0.6604406000114977,0.015203200047835708,1.166650600032881,0.851029268474888,5000,4000,1000,4.850320542208463e-05,0.06964424270683445,5.340375051678892,False,budget_sweep,RBF,PI,1e-08,1e-08,200
1914.7564815008302,0.3473990067449118,0.424145506004286,3.3229513702747884,0.09690195340840752,0.3796473611740769,0.11850185185738005,0.7068543049854623,0.9261300171551029,0.7743171234249295,0.23006511361358384,0.5929472234815376,0.5910514428403262,0.05894855715967384,58.94855715967384,0.05894855715967384,58.94855715967384,0.4961885551450392,0.0,0.0,0.0038114448549608215,3.8114448549608215,True,34.749323912073336,0.0,34.749323912073336,budget_long_PI_RBF_alpha1em08_target0650_seed2027,BO,0.65,176,bo,rbf,pi,2027,200,20,0.3313802999909967,0.7218435001559556,0.01544720004312694,1.0688370000571012,0.6750708694808859,5000,4000,1000,4.850320542208463e-05,0.06964424270683445,5.340375051678892,False,budget_sweep,RBF,PI,1e-08,1e-08,200
4936.174730361319,0.13968091884530937,0.30168768528657475,1.0966665739671426,0.11235298842752672,0.3770267451559893,0.9817642086746626,0.113374053843741,0.5762505293902135,0.03222219132238091,0.7450996142508908,0.5405349031197859,0.6494085004760484,0.0005914995239516552,0.5914995239516552,0.0005914995239516552,0.5914995239516552,0.5010567765279951,0.0010567765279950736,1.0567765279950736,-0.0010567765279950736,-1.0567765279950736,False,0.0034987168683503467,0.446710652048529,0.45020936891687935,budget_long_PI_RBF_alpha1em08_target0650_seed2027,BO,0.65,177,bo,rbf,pi,2027,200,20,0.41431730007752776,0.769690299872309,0.015335100004449487,1.1995097999460995,0.7242210535477663,5000,4000,1000,4.850320542208463e-05,0.06964424270683445,5.340375051678892,False,budget_sweep,RBF,PI,1e-08,1e-08,200
2641.3486570640634,0.10872604495028616,0.14726518229772437,1.5838101932521744,0.12,0.35,0.32609961630401807,0.024931557000817603,0.13504337799349816,0.19460339775072483,1.0,0.0,0.6480503135128372,0.0019496864871628716,1.9496864871628716,0.0019496864871628716,1.9496864871628716,0.4947327622499452,0.0,0.0,0.005267237750054776,5.267237750054776,True,0.038012773982254985,0.0,0.038012773982254985,budget_long_PI_RBF_alpha1em08_target0650_seed2027,BO,0.65,178,bo,rbf,pi,2027,200,20,0.3394086000043899,0.5683709001168609,0.015850699972361326,0.9237977000884712,0.729091599992615,5000,4000,1000,4.850320542208463e-05,0.06964424270683445,5.340375051678892,False,budget_sweep,RBF,PI,1e-08,1e-08,200
3444.5692065799444,0.2532909346492958,0.2955373345491658,1.7775133399525576,0.11654186308546749,0.3619490417407684,0.5555912018799841,0.437974098997988,0.5586780987119023,0.2591711133175192,0.8847287695155831,0.23898083481536836,0.6331063355035649,0.016893664496435146,16.893664496435147,0.016893664496435146,16.893664496435147,0.4964474163762531,0.0,0.0,0.0035525836237468855,3.5525836237468855,True,2.8539590011811335,0.0,2.8539590011811335,budget_long_PI_RBF_alpha1em08_target0650_seed2027,BO,0.65,179,bo,rbf,pi,2027,200,20,0.3694265999365598,0.5604057998862118,0.016441999934613705,0.9464587999973446,0.6829731802676048,5000,4000,1000,4.850320542208463e-05,0.06964424270683445,5.340375051678892,False,budget_sweep,RBF,PI,1e-08,1e-08,200
4984.174088874708,0.24657890549691897,0.4099243604854641,3.519886543996947,0.09368663597475038,0.35547469074732485,0.9954783111070595,0.4187968728483399,0.8854981728156118,0.8399621813323157,0.12288786582501288,0.1094938149464969,0.5481369428558258,0.10186305714417421,101.8630571441742,0.10186305714417421,101.8630571441742,0.5048307710330919,0.00483077103309193,4.83077103309193,-0.00483077103309193,-4.83077103309193,False,103.76082410757299,9.334539509664028,113.09536361723701,budget_long_PI_RBF_alpha1em08_target0650_seed2027,BO,0.65,180,bo,rbf,pi,2027,200,20,0.5321555999107659,0.7443959999363869,0.017008299939334393,1.2937441000249237,0.749765434170967,5000,4000,1000,4.850320542208463e-05,0.06964424270683445,5.340375051678892,False,budget_sweep,RBF,PI,1e-08,1e-08,200
2730.4359926512807,0.11025344091729544,0.1387513966646376,1.5832347009413428,0.11903301210617209,0.35,0.3515531407575088,0.029295545477986944,0.11071827618467883,0.19441156698044756,0.9677670702057368,0.0,0.6439098890295946,0.00609011097040546,6.09011097040546,0.00609011097040546,6.09011097040546,0.4927750124962472,0.0,0.0,0.007224987503752778,7.224987503752778,True,0.3708945163185294,0.0,0.3708945163185294,budget_long_PI_RBF_alpha1em08_target0650_seed2027,BO,0.65,181,bo,rbf,pi,2027,200,20,0.3602970999199897,0.728200800018385,0.015997699927538633,1.1046597000677139,0.6215751295158418,5000,4000,1000,4.850320542208463e-05,0.06964424270683445,5.340375051678892,False,budget_sweep,RBF,PI,1e-08,1e-08,200
4841.464684351324,0.2664906151127583,0.26001738526308615,3.022189251342179,0.09069679428129906,0.3520971300047813,0.9547041955289497,0.475687471750738,0.4571925293231033,0.6740630837807263,0.02322647604330219,0.041942600095627225,0.5412471858973067,0.10875281410269333,108.75281410269334,0.10875281410269333,108.75281410269334,0.47955821897166956,0.0,0.0,0.02044178102833044,20.441781028330443,True,118.27174575254972,0.0,118.27174575254972,budget_long_PI_RBF_alpha1em08_target0650_seed2027,BO,0.65,182,bo,rbf,pi,2027,200,20,0.48929319996386766,0.7191767999902368,0.01610230002552271,1.224743900122121,0.726824558105807,5000,4000,1000,4.850320542208463e-05,0.06964424270683445,5.340375051678892,False,budget_sweep,RBF,PI,1e-08,1e-08,200
3552.506986135346,0.10484031796762226,0.3243257832905427,2.374297399158393,0.10723941987800796,0.3608332928299583,0.5864305674672416,0.01382947990749217,0.6409308094015506,0.4580991330527976,0.5746473292669321,0.21666585659916637,0.606243467487488,0.04375653251251199,43.756532512511995,0.04375653251251199,43.756532512511995,0.5261330557445808,0.026133055744580802,26.1330557445808,-0.026133055744580802,-26.1330557445808,False,19.14634137518519,273.17464101974707,292.3209823949323,budget_long_PI_RBF_alpha1em08_target0650_seed2027,BO,0.65,183,bo,rbf,pi,2027,200,20,0.4313039002008736,0.7173137997742742,0.015873100142925978,1.1646600998938084,0.9969615078944518,5000,4000,1000,4.850320542208463e-05,0.06964424270683445,5.340375051678892,False,budget_sweep,RBF,PI,1e-08,1e-08,200
2661.91051746786,0.1050554425007839,0.16123498123401594,1.5627699691576984,0.12,0.3512178785541202,0.33197443356224565,0.014444121430811144,0.17495708924004555,0.18758998971923282,1.0,0.024357571082404293,0.6490641066124245,0.0009358933875754927,0.9358933875754927,0.0009358933875754927,0.9358933875754927,0.49487383515463507,0.0,0.0,0.005126164845364933,5.126164845364933,True,0.008758964329075313,0.0,0.008758964329075313,budget_long_PI_RBF_alpha1em08_target0650_seed2027,BO,0.65,184,bo,rbf,pi,2027,200,20,0.3637200000230223,0.64218830014579,0.016391899902373552,1.022471799980849,0.7770438608066195,5000,4000,1000,4.850320542208463e-05,0.06964424270683445,5.340375051678892,False,budget_sweep,RBF,PI,1e-08,1e-08,200
2735.553840692253,0.11240500046791199,0.12032110100246657,1.2957120464209413,0.11794930763667631,0.3571855357239715,0.35301538305492935,0.035442858479748526,0.058060288578475894,0.09857068214031373,0.9316435878892106,0.14371071447943007,0.6544447569718019,0.004444756971801911,4.444756971801911,0.0,0.0,0.4976946363207967,0.0,0.0,0.0023053636792033094,2.3053636792033094,True,0.19755864538381693,0.0,0.19755864538381693,budget_long_PI_RBF_alpha1em08_target0650_seed2027,BO,0.65,185,bo,rbf,pi,2027,200,20,0.34904949995689094,0.6900792999658734,0.016370199853554368,1.0556673000101,0.6976005519402273,5000,4000,1000,4.850320542208463e-05,0.06964424270683445,5.340375051678892,False,budget_sweep,RBF,PI,1e-08,1e-08,200
4730.380762875248,0.12399335213993012,0.35204520234964654,1.00557367533791,0.10968906318387989,0.3604429380091767,0.922965932250071,0.06855243468551464,0.7201291495704186,0.0018578917793034,0.6563021061293297,0.2088587601835341,0.6313343808561432,0.018665619143856782,18.66561914385678,0.018665619143856782,18.66561914385678,0.4823803671466824,0.0,0.0,0.01761963285331758,17.61963285331758,True,3.4840533802351277,0.0,3.4840533802351277,budget_long_PI_RBF_alpha1em08_target0650_seed2027,BO,0.65,186,bo,rbf,pi,2027,200,20,0.41377800004556775,0.9593229000456631,0.017746299970895052,1.3910236000083387,0.783599890389012,5000,4000,1000,4.850320542208463e-05,0.06964424270683445,5.340375051678892,False,budget_sweep,RBF,PI,1e-08,1e-08,200
2757.7356362191267,0.4429112385016106,0.3609995040472963,3.4396025053282555,0.09119338292131195,0.3705789522477211,0.35935303891975057,0.9797463957188876,0.7457128687065608,0.8132008351094185,0.03977943071039847,0.41157904495442177,0.5573847878874247,0.09261521211257528,92.61521211257528,0.09261521211257528,92.61521211257528,0.4696527621874461,0.0,0.0,0.030347237812553884,30.347237812553885,True,85.77577514657312,0.0,85.77577514657312,budget_long_PI_RBF_alpha1em08_target0650_seed2027,BO,0.65,187,bo,rbf,pi,2027,200,20,0.3414598999079317,0.6668412000872195,0.016678400104865432,1.0251654000021517,0.9999999998384581,5000,4000,1000,4.850320542208463e-05,0.06964424270683445,5.340375051678892,False,budget_sweep,RBF,PI,1e-08,1e-08,200
2809.4056913907916,0.1089184670893524,0.129614830068014,1.3815271734616192,0.1172502356370703,0.3568530071372105,0.3741159118259404,0.025481334541006845,0.08461380019432571,0.12717572448720643,0.9083411879023433,0.1370601427442104,0.6487969047056477,0.0012030952943523632,1.2030952943523632,0.0012030952943523632,1.2030952943523632,0.49572976955448694,0.0,0.0,0.004270230445513057,4.270230445513057,True,0.014474382872927995,0.0,0.014474382872927995,budget_long_PI_RBF_alpha1em08_target0650_seed2027,BO,0.65,188,bo,rbf,pi,2027,200,20,0.3566901001613587,0.5328009000513703,0.015440700110048056,0.9051034001167864,0.7131832202702257,5000,4000,1000,4.850320542208463e-05,0.06964424270683445,5.340375051678892,False,budget_sweep,RBF,PI,1e-08,1e-08,200
4745.802641557946,0.12249200297954138,0.20077267094519427,2.5895063123753985,0.10178318587589996,0.3536028677203875,0.9273721833022703,0.0642628656558325,0.28792191698626934,0.5298354374584662,0.39277286252999877,0.07205735440775107,0.5738993616726478,0.07610063832735225,76.10063832735226,0.07610063832735225,76.10063832735226,0.5020895225494815,0.0020895225494814706,2.0895225494814706,-0.0020895225494814706,-2.0895225494814706,False,57.91307153830474,1.746441793916618,59.65951333222136,budget_long_PI_RBF_alpha1em08_target0650_seed2027,BO,0.65,189,bo,rbf,pi,2027,200,20,0.5179181999992579,1.2587609998881817,0.018758099991828203,1.7956153000704944,0.999998505705162,5000,4000,1000,4.850320542208463e-05,0.06964424270683445,5.340375051678892,False,budget_sweep,RBF,PI,1e-08,1e-08,200
4894.377907921229,0.18305226561371302,0.2759336985915003,2.552021131561075,0.10020367741998853,0.3509123735379802,0.9698222594060653,0.2372921874677515,0.5026677102614295,0.517340377187025,0.34012258066628476,0.018247470759604423,0.5674803087511504,0.08251969124884961,82.51969124884961,0.08251969124884961,82.51969124884961,0.48764477216042335,0.0,0.0,0.012355227839576655,12.355227839576655,True,68.09499443805468,0.0,68.09499443805468,budget_long_PI_RBF_alpha1em08_target0650_seed2027,BO,0.65,190,bo,rbf,pi,2027,200,20,0.5105280999559909,1.0486987000331283,0.01866700011305511,1.5780737998429686,0.8015560103253987,5000,4000,1000,4.850320542208463e-05,0.06964424270683445,5.340375051678892,False,budget_sweep,RBF,PI,1e-08,1e-08,200
2753.1065536137066,0.1,0.11828837391741706,1.5668460795864023,0.12,0.35004370820650144,0.35803044388963046,0.0,0.05225249690690589,0.18894869319546745,1.0,0.0008741641300290319,0.6463918823596542,0.0036081176403458537,3.6081176403458537,0.0036081176403458537,3.6081176403458537,0.49332401573949913,0.0,0.0,0.006675984260500867,6.675984260500867,True,0.1301851290657493,0.0,0.1301851290657493,budget_long_PI_RBF_alpha1em08_target0650_seed2027,BO,0.65,191,bo,rbf,pi,2027,200,20,0.36642209999263287,1.1115876999683678,0.01772829983383417,1.4959187000058591,0.6958505077212984,5000,4000,1000,4.850320542208463e-05,0.06964424270683445,5.340375051678892,False,budget_sweep,RBF,PI,1e-08,1e-08,200
4632.967567355707,0.12261064202885011,0.4485101791593411,1.0491201714695833,0.11297647355056867,0.37287421587822744,0.8951335906730589,0.06460183436814315,0.9957433690266888,0.016373390489861084,0.7658824516856226,0.45748431756454855,0.6538909472795066,0.0038909472795065625,3.8909472795065625,0.0,0.0,0.4988451250525598,0.0,0.0,0.0011548749474402098,1.1548749474402098,True,0.1513947073189952,0.0,0.1513947073189952,budget_long_PI_RBF_alpha1em08_target0650_seed2027,BO,0.65,192,bo,rbf,pi,2027,200,20,0.4222943000495434,0.8095817000139505,0.01778390002436936,1.2498375000432134,0.6436828165417589,5000,4000,1000,4.850320542208463e-05,0.06964424270683445,5.340375051678892,False,budget_sweep,RBF,PI,1e-08,1e-08,200
4910.784831067086,0.10819753440785261,0.1119023745086891,2.0085177662337066,0.0963103097153188,0.3583904733755569,0.9745099517334531,0.02342152687957888,0.03400678431054027,0.3361725887445689,0.21034365717729342,0.16780946751113823,0.5730580811914621,0.07694191880853796,76.94191880853796,0.07694191880853796,76.94191880853796,0.47527893891843637,0.0,0.0,0.024721061081563633,24.721061081563633,True,59.20058869939646,0.0,59.20058869939646,budget_long_PI_RBF_alpha1em08_target0650_seed2027,BO,0.65,193,bo,rbf,pi,2027,200,20,0.4478666998911649,0.7452547000721097,0.01918229996226728,1.2124759999569505,0.7086294565520136,5000,4000,1000,4.850320542208463e-05,0.06964424270683445,5.340375051678892,False,budget_sweep,RBF,PI,1e-08,1e-08,200
4984.030823316365,0.1282395449485318,0.14534997078473957,1.012448717080309,0.11856226607838771,0.3578125905896588,0.9954373780903899,0.08068441413866223,0.12957134509925594,0.004149572360102938,0.9520755359462574,0.15625181179317627,0.6435472549954225,0.006452745004577487,6.452745004577487,0.006452745004577487,6.452745004577487,0.488584164788594,0.0,0.0,0.011415835211405989,11.41583521140599,True,0.41637918094099713,0.0,0.41637918094099713,budget_long_PI_RBF_alpha1em08_target0650_seed2027,BO,0.65,194,bo,rbf,pi,2027,200,20,0.4449990999419242,0.7178382000420243,0.017941500060260296,1.1809527000878006,0.8054443469357067,5000,4000,1000,4.850320542208463e-05,0.06964424270683445,5.340375051678892,False,budget_sweep,RBF,PI,1e-08,1e-08,200
4942.275544456777,0.11522477059906702,0.33199201251290106,2.514511620784202,0.11227326763133219,0.35434000396247783,0.9835072984162222,0.04349934456876292,0.6628343214654316,0.5048372069280673,0.7424422543777396,0.08680007924955746,0.5998655511107052,0.05013444888929486,50.13444888929486,0.05013444888929486,50.13444888929486,0.5120865541556576,0.012086554155657625,12.086554155657625,-0.012086554155657625,-12.086554155657625,False,25.134629654333178,58.43391654305784,83.56854619739102,budget_long_PI_RBF_alpha1em08_target0650_seed2027,BO,0.65,195,bo,rbf,pi,2027,200,20,0.47890530014410615,0.7206445999909192,0.018389899982139468,1.2181157998275012,0.7743410959445904,5000,4000,1000,4.850320542208463e-05,0.06964424270683445,5.340375051678892,False,budget_sweep,RBF,PI,1e-08,1e-08,200
4990.420773054866,0.16953059791614536,0.3507992553921061,2.5501706566047706,0.09850200493789645,0.3528930912692804,0.9972630780156759,0.19865885118898674,0.716569301120303,0.5167235522015902,0.2834001645965485,0.05786182538560858,0.567671338440306,0.08232866155969398,82.32866155969398,0.08232866155969398,82.32866155969398,0.4875677335957853,0.0,0.0,0.012432266404214687,12.432266404214687,True,67.78008514210634,0.0,67.78008514210634,budget_long_PI_RBF_alpha1em08_target0650_seed2027,BO,0.65,196,bo,rbf,pi,2027,200,20,0.5018058998975903,0.6099304999224842,0.01847140002064407,1.1303977000061423,0.7566835291881102,5000,4000,1000,4.850320542208463e-05,0.06964424270683445,5.340375051678892,False,budget_sweep,RBF,PI,1e-08,1e-08,200
2603.021971755844,0.10737206102068055,0.16088816291273153,1.5786260689247844,0.12,0.35,0.31514913478738404,0.021063031487658694,0.17396617975066153,0.1928753563082615,1.0,0.0,0.6490526936055545,0.0009473063944455129,0.9473063944455129,0.0009473063944455129,0.9473063944455129,0.49469491505479896,0.0,0.0,0.005305084945201044,5.305084945201044,True,0.008973894049573578,0.0,0.008973894049573578,budget_long_PI_RBF_alpha1em08_target0650_seed2027,BO,0.65,197,bo,rbf,pi,2027,200,20,0.3484891999978572,0.8058085001539439,0.017818199936300516,1.1722997000906616,0.7052439535533082,5000,4000,1000,4.850320542208463e-05,0.06964424270683445,5.340375051678892,False,budget_sweep,RBF,PI,1e-08,1e-08,200
3104.7039133985595,0.16075108701250396,0.4459953426449472,1.1999256549935629,0.11312400151273902,0.3549272301573686,0.45848683239958843,0.17357453432143988,0.9885581218427063,0.06664188499785428,0.7708000504246338,0.0985446031473729,0.6427303170977634,0.007269682902236618,7.269682902236618,0.007269682902236618,7.269682902236618,0.4868110742205426,0.0,0.0,0.013188925779457406,13.188925779457406,True,0.5284828949907142,0.0,0.5284828949907142,budget_long_PI_RBF_alpha1em08_target0650_seed2027,BO,0.65,198,bo,rbf,pi,2027,200,20,0.36772269988432527,0.7807608000002801,0.018306200159713626,1.1669690001290292,0.6929438260252339,5000,4000,1000,4.850320542208463e-05,0.06964424270683445,5.340375051678892,False,budget_sweep,RBF,PI,1e-08,1e-08,200
4351.489041049603,0.2345401731123982,0.20632166121858778,1.4716189536935753,0.11645574851165182,0.38396734835494517,0.8147111545856007,0.384400494606852,0.3037761749102508,0.15720631789785844,0.8818582837217275,0.6793469670989033,0.6552577890566215,0.0052577890566214425,5.2577890566214425,0.0,0.0,0.5122929921743258,0.012292992174325779,12.292992174325779,-0.012292992174325779,-12.292992174325779,False,0.27644345763928196,60.44706263921394,60.72350609685322,budget_long_PI_RBF_alpha1em08_target0650_seed2027,BO,0.65,199,bo,rbf,pi,2027,200,20,0.4180879001505673,0.683418900007382,0.01903679990209639,1.120729000074789,0.94374078071139,5000,4000,1000,4.850320542208463e-05,0.06964424270683445,5.340375051678892,False,budget_sweep,RBF,PI,1e-08,1e-08,200
2660.7840399079682,0.10370153079899781,0.13958113071966122,1.524114004705312,0.11884878549342764,0.35254439025496415,0.3316525828308481,0.01057580228285089,0.11308894491331771,0.174704668235104,0.9616261831142551,0.05088780509928345,0.6484752452953986,0.0015247547046014498,1.5247547046014498,0.0015247547046014498,1.5247547046014498,0.4946069781192375,0.0,0.0,0.005393021880762516,5.393021880762516,True,0.023248769092042543,0.0,0.023248769092042543,budget_long_PI_RBF_alpha1em08_target0650_seed2027,BO,0.65,200,bo,rbf,pi,2027,200,20,0.35109509993344545,1.0271908999420702,0.018556900089606643,1.397025599842891,0.6946661865425441,5000,4000,1000,4.850320542208463e-05,0.06964424270683445,5.340375051678892,False,budget_sweep,RBF,PI,1e-08,1e-08,200
1993.6864076067986,0.36880151959998475,0.441822802979989,1.694424920933793,0.11646762399853552,0.3830237043853668,0.1410532593162282,0.7680043417142423,0.9766365799428257,0.23147497364459763,0.8822541332845175,0.6604740877073367,0.6609991665125491,0.08900083348745091,89.00083348745092,0.08900083348745091,89.00083348745092,0.5192086701979426,0.01920867019794259,19.20867019794259,-0.01920867019794259,-19.20867019794259,False,79.21148361460965,147.58920430933114,226.80068792394079,budget_long_PI_RBF_alpha1em08_target0750_seed2026,BO,0.75,1,initial_lhs,rbf,pi,2026,200,20,0.5206843998748809,0.0,0.0,0.5207469000015408,,0,0,0,226.80068792394079,,,True,budget_sweep,RBF,PI,1e-08,1e-08,200
3091.5998285814944,0.13189631914309666,0.1585762659530102,3.9552545848966645,0.10504955669975641,0.3702003745986568,0.45474280816614127,0.09113234040884757,0.1673607598657434,0.9850848616322215,0.5016518899918805,0.4040074919731361,0.5908298246398245,0.15917017536017553,159.17017536017553,0.15917017536017553,159.17017536017553,0.6697087739605099,0.16970877396050987,169.70877396050986,-0.16970877396050987,-169.70877396050986,False,253.35144724189024,11520.427183671773,11773.778630913663,budget_long_PI_RBF_alpha1em08_target0750_seed2026,BO,0.75,2,initial_lhs,rbf,pi,2026,200,20,1.0884880998637527,0.0,0.0,1.0885733999311924,,0,0,0,226.80068792394079,,,False,budget_sweep,RBF,PI,1e-08,1e-08,200
2788.722609274686,0.174327188301116,0.23098481031435883,3.1261157112436644,0.09532742918189985,0.3641529688667156,0.36820645979276745,0.21236339514604566,0.3742423151838824,0.7087052370812215,0.17758097272999485,0.2830593773343119,0.5739182413093474,0.17608175869065257,176.08175869065258,0.17608175869065257,176.08175869065258,0.5740026727456994,0.07400267274569938,74.00267274569939,-0.07400267274569938,-74.00267274569939,False,310.047857435932,2190.558229402831,2500.606086838763,budget_long_PI_RBF_alpha1em08_target0750_seed2026,BO,0.75,3,initial_lhs,rbf,pi,2026,200,20,0.5960514999460429,0.0,0.0,0.5961210001260042,,0,0,0,226.80068792394079,,,False,budget_sweep,RBF,PI,1e-08,1e-08,200
1626.3676372874722,0.14853917150524046,0.3882982052414582,1.8353631908973354,0.1145052290692911,0.369967898794083,0.036105039224992044,0.13868334715782984,0.8237091578327377,0.27845439696577845,0.8168409689763703,0.39935797588165967,0.6763787370529242,0.07362126294707583,73.62126294707582,0.07362126294707583,73.62126294707582,0.5522293231322154,0.0522293231322154,52.2293231322154,-0.0522293231322154,-52.2293231322154,False,54.2009035792248,1091.1608779397482,1145.361781518973,budget_long_PI_RBF_alpha1em08_target0750_seed2026,BO,0.75,4,initial_lhs,rbf,pi,2026,200,20,0.4518464000429958,0.0,0.0,0.45190469990484416,,0,0,0,226.80068792394079,,,False,budget_sweep,RBF,PI,1e-08,1e-08,200
4571.6521672307235,0.33860933598018317,0.3240805420022478,2.260770119349092,0.10884703026607404,0.3617500212406371,0.8776149049230639,0.6817409599433805,0.6402301200064222,0.4202567064496973,0.6282343422024678,0.2350004248127425,0.598058276764976,0.15194172323502397,151.94172323502397,0.15194172323502397,151.94172323502397,0.4870047433135874,0.0,0.0,0.012995256686412604,12.995256686412604,True,230.86287259628622,0.0,230.86287259628622,budget_long_PI_RBF_alpha1em08_target0750_seed2026,BO,0.75,5,initial_lhs,rbf,pi,2026,200,20,0.5635840999893844,0.0,0.0,0.5636422999668866,,0,0,0,226.80068792394079,151.94172323502397,12.995256686412604,False,budget_sweep,RBF,PI,1e-08,1e-08,200
4263.352178783662,0.24219407899913686,0.17354440947837493,3.758993548497253,0.09248234913199906,0.37763295052255086,0.789529193938189,0.40626879714039105,0.2101268842239284,0.9196645161657511,0.08274497106663539,0.5526590104510176,0.5659842500109317,0.18401574998906833,184.01574998906833,0.18401574998906833,184.01574998906833,0.5333535878127188,0.0333535878127188,33.3535878127188,-0.0333535878127188,-33.3535878127188,False,338.61796244039306,444.9847279922976,783.6026904326907,budget_long_PI_RBF_alpha1em08_target0750_seed2026,BO,0.75,6,initial_lhs,rbf,pi,2026,200,20,0.6930767998564988,0.0,0.0,0.6931336000561714,,0,0,0,226.80068792394079,151.94172323502397,12.995256686412604,False,budget_sweep,RBF,PI,1e-08,1e-08,200
4026.4089594620546,0.35492665205665086,0.11924213201742612,1.1020987294147206,0.09795600769479931,0.3942154491818441,0.7218311312748728,0.7283618630190024,0.0549775200497889,0.03403290980490688,0.2652002564933108,0.8843089836368815,0.6241290328020909,0.12587096719790913,125.87096719790914,0.12587096719790913,125.87096719790914,0.501427141730629,0.0014271417306289669,1.4271417306289669,-0.0014271417306289669,-1.4271417306289669,False,158.43500383337118,0.814693407721057,159.24969724109224,budget_long_PI_RBF_alpha1em08_target0750_seed2026,BO,0.75,7,initial_lhs,rbf,pi,2026,200,20,0.4419116999488324,0.0,0.0,0.4419712000526488,,0,0,0,159.24969724109224,151.94172323502397,12.995256686412604,True,budget_sweep,RBF,PI,1e-08,1e-08,200
2679.2282168954353,0.2977352844337351,0.3410118903691212,3.026033451552268,0.10712995732046916,0.35952773408811384,0.33692234768441,0.5649579555249573,0.6886054010546321,0.675344483850756,0.5709985773489722,0.19055468176227708,0.5931258772379184,0.15687412276208157,156.87412276208158,0.15687412276208157,156.87412276208158,0.5081270260035665,0.008127026003566518,8.127026003566517,-0.008127026003566518,-8.127026003566517,False,246.09490392372638,26.419420665058546,272.5143245887849,budget_long_PI_RBF_alpha1em08_target0750_seed2026,BO,0.75,8,initial_lhs,rbf,pi,2026,200,20,0.4428522998932749,0.0,0.0,0.44291170011274517,,0,0,0,159.24969724109224,151.94172323502397,12.995256686412604,False,budget_sweep,RBF,PI,1e-08,1e-08,200
2072.032884787272,0.38790154636906893,0.19412369295654608,3.4941783524804757,0.11036971011011905,0.3812629258052074,0.16343796708207775,0.8225758467687685,0.2689248370187031,0.8313927841601585,0.6789903370039683,0.6252585161041472,0.6107147108372657,0.1392852891627343,139.2852891627343,0.1392852891627343,139.2852891627343,0.5059800673723098,0.0059800673723098274,5.980067372309827,-0.0059800673723098274,-5.980067372309827,False,194.0039177714651,14.304482310945826,208.3084000824109,budget_long_PI_RBF_alpha1em08_target0750_seed2026,BO,0.75,9,initial_lhs,rbf,pi,2026,200,20,0.34660579985938966,0.0,0.0,0.3466596999205649,,0,0,0,159.24969724109224,151.94172323502397,12.995256686412604,False,budget_sweep,RBF,PI,1e-08,1e-08,200
3342.7550903289202,0.22817631360013158,0.26489939367131654,2.7375594035511304,0.09749729646958977,0.3755149223480612,0.5265014543796915,0.3662180388575188,0.4711411247751901,0.5791864678503768,0.24990988231965905,0.5102984469612248,0.5885491753039922,0.1614508246960078,161.4508246960078,0.1614508246960078,161.4508246960078,0.5284328488877822,0.02843284888778219,28.432848887782193,-0.02843284888778219,-28.432848887782193,False,260.66368795021043,323.3707583501828,584.0344463003933,budget_long_PI_RBF_alpha1em08_target0750_seed2026,BO,0.75,10,initial_lhs,rbf,pi,2026,200,20,0.45538890012539923,0.0,0.0,0.4554373000282794,,0,0,0,159.24969724109224,151.94172323502397,12.995256686412604,False,budget_sweep,RBF,PI,1e-08,1e-08,200
3859.1077612997415,0.2692854683833028,0.2837507871078041,2.6359831099758075,0.11264294389116997,0.39752565958103875,0.6740307889427832,0.48367276680943655,0.5250022488794402,0.5453277033252691,0.7547647963723324,0.9505131916207749,0.6425730534663547,0.10742694653364526,107.42694653364526,0.10742694653364526,107.42694653364526,0.5513642712593745,0.05136427125937448,51.36427125937448,-0.05136427125937448,-51.36427125937448,False,115.40548841542676,1055.3153448026414,1170.7208332180683,budget_long_PI_RBF_alpha1em08_target0750_seed2026,BO,0.75,11,initial_lhs,rbf,pi,2026,200,20,0.534842099994421,0.0,0.0,0.5349063999019563,,0,0,0,159.24969724109224,151.94172323502397,12.995256686412604,False,budget_sweep,RBF,PI,1e-08,1e-08,200
3064.721336934773,0.11123095367465083,0.24472386988816602,2.4528642803173177,0.10114942536245332,0.39645857259421247,0.44706323912422086,0.03208843907043093,0.4134967711090458,0.4842880934391059,0.37164751208177754,0.9291714518842484,0.6293923298404437,0.12060767015955631,120.6076701595563,0.12060767015955631,120.6076701595563,0.573143445458621,0.07314344545862095,73.14344545862095,-0.07314344545862095,-73.14344545862095,False,145.4621010131633,2139.9854454233027,2285.447546436466,budget_long_PI_RBF_alpha1em08_target0750_seed2026,BO,0.75,12,initial_lhs,rbf,pi,2026,200,20,0.7540705997962505,0.0,0.0,0.7541322999168187,,0,0,0,159.24969724109224,151.94172323502397,12.995256686412604,False,budget_sweep,RBF,PI,1e-08,1e-08,200
4864.512872414597,0.15322687298312943,0.10195308003945816,3.3068596802199925,0.09125958853099789,0.35013234479172084,0.9612893921184563,0.1520767799517983,0.005580228684166166,0.7689532267399974,0.04198628436659651,0.0026468958344168627,0.5392685797786678,0.21073142022133218,210.73142022133217,0.21073142022133218,210.73142022133217,0.5207931456992558,0.020793145699255833,20.79314569925583,-0.020793145699255833,-20.79314569925583,False,444.0773146849969,172.94196322819255,617.0192779131894,budget_long_PI_RBF_alpha1em08_target0750_seed2026,BO,0.75,13,initial_lhs,rbf,pi,2026,200,20,0.748754900181666,0.0,0.0,0.7488150999415666,,0,0,0,159.24969724109224,151.94172323502397,12.995256686412604,False,budget_sweep,RBF,PI,1e-08,1e-08,200
4470.86432498244,0.28729008451263494,0.35757176387073963,2.099226102741594,0.11776895540089123,0.3747677786281064,0.8488183785664113,0.5351145271789569,0.7359193253449703,0.36640870091386474,0.9256318466963744,0.49535557256212764,0.6362151264536735,0.11378487354632649,113.7848735463265,0.11378487354632649,113.7848735463265,0.5122159399381673,0.012215939938167275,12.215939938167274,-0.012215939938167275,-12.215939938167274,False,129.4699744795351,59.69167542916412,189.16164990869922,budget_long_PI_RBF_alpha1em08_target0750_seed2026,BO,0.75,14,initial_lhs,rbf,pi,2026,200,20,0.5033280998468399,0.0,0.0,0.5033760999795049,,0,0,0,159.24969724109224,151.94172323502397,12.995256686412604,False,budget_sweep,RBF,PI,1e-08,1e-08,200
1847.7498696446373,0.4394244744314614,0.21389904168403379,3.6097926817989396,0.1026539642042017,0.3877738522292508,0.09935710561275349,0.9697842126613182,0.3254258333829537,0.86993089393298,0.42179880680672327,0.755477044585016,0.5978693119191226,0.15213068808087737,152.13068808087738,0.15213068808087737,152.13068808087738,0.5023755187037511,0.0023755187037510783,2.3755187037510783,-0.0023755187037510783,-2.3755187037510783,False,231.43746255961204,2.2572356447484814,233.69469820436052,budget_long_PI_RBF_alpha1em08_target0750_seed2026,BO,0.75,15,initial_lhs,rbf,pi,2026,200,20,0.3918761000968516,0.0,0.0,0.39192570000886917,,0,0,0,159.24969724109224,151.94172323502397,12.995256686412604,False,budget_sweep,RBF,PI,1e-08,1e-08,200
2214.2805498726457,0.2192054996807086,0.2935128847842656,1.3318410060515826,0.09354146062166555,0.3558509818312726,0.20408015710647015,0.3405871419448817,0.5528939565264733,0.11061366868386083,0.11804868738885169,0.11701963662545253,0.5947220506405031,0.1552779493594969,155.27794935949692,0.1552779493594969,155.27794935949692,0.46912469547018465,0.0,0.0,0.03087530452981535,30.875304529815352,True,241.1124155729048,0.0,241.1124155729048,budget_long_PI_RBF_alpha1em08_target0750_seed2026,BO,0.75,16,initial_lhs,rbf,pi,2026,200,20,0.443098200019449,0.0,0.0,0.44316929997876287,,0,0,0,159.24969724109224,151.94172323502397,12.995256686412604,False,budget_sweep,RBF,PI,1e-08,1e-08,200
3679.4394597673872,0.41644789225625034,0.14841789389149757,2.8601026011595625,0.10377863540719252,0.3546630963709472,0.6226969885049678,0.904136835017858,0.13833683968999305,0.6200342003865209,0.4592878469064175,0.0932619274189435,0.5698473855719886,0.18015261442801145,180.15261442801145,0.18015261442801145,180.15261442801145,0.46843573219311463,0.0,0.0,0.03156426780688537,31.564267806885372,True,324.54964485247757,0.0,324.54964485247757,budget_long_PI_RBF_alpha1em08_target0750_seed2026,BO,0.75,17,initial_lhs,rbf,pi,2026,200,20,0.5181561999488622,0.0,0.0,0.5182201999705285,,0,0,0,159.24969724109224,151.94172323502397,12.995256686412604,False,budget_sweep,RBF,PI,1e-08,1e-08,200
3492.2860519871983,0.4079504141782324,0.40159436402434,1.589842845906919,0.0995897784284487,0.36535730327503335,0.5692245862820566,0.8798583262235213,0.8616981829266859,0.19661428196897296,0.3196592809482898,0.30714606550066764,0.5943044526523505,0.15569554734764945,155.69554734764947,0.15569554734764945,155.69554734764947,0.4743590729175205,0.0,0.0,0.025640927082479503,25.640927082479504,True,242.41103463884156,0.0,242.41103463884156,budget_long_PI_RBF_alpha1em08_target0750_seed2026,BO,0.75,18,initial_lhs,rbf,pi,2026,200,20,0.41269359993748367,0.0,0.0,0.41275060013867915,,0,0,0,159.24969724109224,151.94172323502397,12.995256686412604,False,budget_sweep,RBF,PI,1e-08,1e-08,200
2440.039124086459,0.1993765903295634,0.42102356902136695,1.9992770735895984,0.11149711081738486,0.3871791389963949,0.26858260688184543,0.283933115227324,0.9172101972039055,0.33309235786319946,0.7165703605794955,0.7435827799278973,0.6568261158183046,0.09317388418169537,93.17388418169537,0.09317388418169537,93.17388418169537,0.5427916149487392,0.042791614948739176,42.79161494873917,-0.042791614948739176,-42.79161494873917,False,86.8137269350398,732.4489239684631,819.2626509035028,budget_long_PI_RBF_alpha1em08_target0750_seed2026,BO,0.75,19,initial_lhs,rbf,pi,2026,200,20,0.39690659986808896,0.0,0.0,0.39695759979076684,,0,0,0,159.24969724109224,151.94172323502397,12.995256686412604,False,budget_sweep,RBF,PI,1e-08,1e-08,200
4776.001444765719,0.326927428381554,0.3785315856931529,1.216784557027524,0.11965245266791154,0.3912097935309057,0.9360004127902053,0.6483640810901543,0.7958045305518654,0.07226151900917469,0.9884150889303847,0.8241958706181134,0.6736747088066619,0.07632529119333809,76.32529119333809,0.07632529119333809,76.32529119333809,0.5211408935865828,0.021140893586582776,21.140893586582777,-0.021140893586582776,-21.140893586582777,False,58.25550075747852,178.7749526556867,237.03045341316522,budget_long_PI_RBF_alpha1em08_target0750_seed2026,BO,0.75,20,initial_lhs,rbf,pi,2026,200,20,0.42508319998160005,0.0,0.0,0.4251292000990361,,0,0,0,159.24969724109224,151.94172323502397,12.995256686412604,False,budget_sweep,RBF,PI,1e-08,1e-08,200
2552.3111292709655,0.330435281072236,0.41630909784149284,2.9261455524877604,0.10679473782165849,0.35603926743920705,0.30066032264884734,0.6583865173492458,0.9037402795471224,0.6420485174959202,0.5598245940552832,0.12078534878414093,0.5903581358565902,0.15964186414340975,159.64186414340975,0.15964186414340975,159.64186414340975,0.4920246597973334,0.0,0.0,0.007975340202666603,7.975340202666603,True,254.85524787182896,0.0,254.85524787182896,budget_long_PI_RBF_alpha1em08_target0750_seed2026,BO,0.75,21,bo,rbf,pi,2026,200,20,0.43881590012460947,0.07681280001997948,0.0027362999971956015,0.5184870997909456,0.9999858451232158,5000,4000,1000,159.24969724109224,151.94172323502397,12.995256686412604,False,budget_sweep,RBF,PI,1e-08,1e-08,200
4077.507758526487,0.35622918667068004,0.11942371907783902,1.1179883573626377,0.09861513405705138,0.39612825867992185,0.736430788150425,0.7320833904876574,0.05549634022239718,0.03932945245421259,0.28717113523504634,0.9225651735984373,0.6265344757957845,0.12346552420421553,123.46552420421553,0.12346552420421553,123.46552420421553,0.5039186130167511,0.003918613016751116,3.9186130167511157,-0.003918613016751116,-3.9186130167511157,False,152.4373566702173,6.142211190020513,158.5795678602378,budget_long_PI_RBF_alpha1em08_target0750_seed2026,BO,0.75,22,bo,rbf,pi,2026,200,20,0.35412729997187853,0.022959700087085366,0.0031980001367628574,0.3803867001552135,0.3433515013858031,5000,4000,1000,158.5795678602378,151.94172323502397,12.995256686412604,True,budget_sweep,RBF,PI,1e-08,1e-08,200
1726.1737706613324,0.2839850718444624,0.1722201224296881,2.591336446221006,0.09920870520980232,0.3981640140695602,0.06462107733180922,0.5256716338413213,0.20634320694196595,0.5304454820736686,0.3069568403267444,0.963280281391204,0.6292179259025001,0.12078207409749986,120.78207409749986,0.12078207409749986,120.78207409749986,0.5370175968093965,0.037017596809396536,37.01759680939654,-0.037017596809396536,-37.01759680939654,False,145.88309423293947,548.1209894172179,694.0040836501573,budget_long_PI_RBF_alpha1em08_target0750_seed2026,BO,0.75,23,bo,rbf,pi,2026,200,20,0.3657484999857843,0.10756639996543527,0.00274979998357594,0.4761748001910746,0.9730541733517866,5000,4000,1000,158.5795678602378,151.94172323502397,12.995256686412604,False,budget_sweep,RBF,PI,1e-08,1e-08,200
4901.846114248265,0.2821041823214127,0.16877717761473907,1.868442444820615,0.1138242303875815,0.36937224071978375,0.9719560326423615,0.5202976637754649,0.19650622175639731,0.28948081494020494,0.7941410129193833,0.387444814395675,0.6211485053677437,0.1288514946322563,128.8514946322563,0.1288514946322563,128.8514946322563,0.49594503246838106,0.0,0.0,0.004054967531618936,4.054967531618936,True,166.02707668966374,0.0,166.02707668966374,budget_long_PI_RBF_alpha1em08_target0750_seed2026,BO,0.75,24,bo,rbf,pi,2026,200,20,0.5015843999572098,0.10398479993455112,0.002312400145456195,0.607986900024116,0.9899419528774474,5000,4000,1000,158.5795678602378,128.8514946322563,4.054967531618936,False,budget_sweep,RBF,PI,1e-08,1e-08,200
4165.349288244841,0.2165427663491584,0.10029867552498498,3.7702880102072496,0.10247771587476576,0.39519813324166536,0.7615283680699547,0.33297933242616684,0.000853358642814217,0.9234293367357499,0.41592386249219215,0.9039626648333071,0.6041445497775696,0.1458554502224304,145.8554502224304,0.1458554502224304,145.8554502224304,0.5853911032851472,0.08539110328514721,85.39110328514721,-0.08539110328514721,-85.39110328514721,False,212.73812359587876,2916.656208101871,3129.3943316977497,budget_long_PI_RBF_alpha1em08_target0750_seed2026,BO,0.75,25,bo,rbf,pi,2026,200,20,0.5453530000522733,0.10674519999884069,0.0026353001594543457,0.6548401000909507,0.9199686619855505,5000,4000,1000,158.5795678602378,128.8514946322563,4.054967531618936,False,budget_sweep,RBF,PI,1e-08,1e-08,200
4914.8354006643385,0.2814917107303293,0.14593419061817817,1.9780890316359843,0.09282275641357293,0.35489998106206866,0.975667257332668,0.5185477449437981,0.1312405446233662,0.3260296772119947,0.09409188045243122,0.09799962124137385,0.5588194356536753,0.1911805643463247,191.1805643463247,0.1911805643463247,191.1805643463247,0.46003320548925586,0.0,0.0,0.03996679451074414,39.966794510744144,True,365.5000818377919,0.0,365.5000818377919,budget_long_PI_RBF_alpha1em08_target0750_seed2026,BO,0.75,26,bo,rbf,pi,2026,200,20,0.431451499927789,0.1041127999778837,0.0029386000242084265,0.5386075000278652,0.8798671615211456,5000,4000,1000,158.5795678602378,128.8514946322563,4.054967531618936,False,budget_sweep,RBF,PI,1e-08,1e-08,200
3212.6616646571647,0.41040105061124577,0.20103323676242552,3.1891975625286735,0.09009982293525522,0.36878974127790254,0.4893319041877614,0.8868601446035594,0.28866639074978717,0.7297325208428912,0.0033274311751742003,0.3757948255580512,0.5544202315078461,0.19557976849215386,195.57976849215385,0.19557976849215386,195.57976849215385,0.46796083553460016,0.0,0.0,0.03203916446539984,32.039164465399836,True,382.514458434445,0.0,382.514458434445,budget_long_PI_RBF_alpha1em08_target0750_seed2026,BO,0.75,27,bo,rbf,pi,2026,200,20,0.39567189989611506,0.1009355999995023,0.0047085999976843596,0.5015659998171031,0.645931938992179,5000,4000,1000,158.5795678602378,128.8514946322563,4.054967531618936,False,budget_sweep,RBF,PI,1e-08,1e-08,200
4494.3645769382065,0.2523339108533656,0.2424456051793583,3.490718259433667,0.09318880159700288,0.35109727064226465,0.855532736268059,0.43523974529533027,0.40698744336959514,0.8302394198112224,0.1062933865667628,0.021945412845293832,0.5403925190116762,0.20960748098832382,209.60748098832383,0.20960748098832382,209.60748098832383,0.500063564484988,6.356448498801015e-05,0.06356448498801015,-6.356448498801015e-05,-0.06356448498801015,False,439.35296086270534,0.001616177500716387,439.35457704020604,budget_long_PI_RBF_alpha1em08_target0750_seed2026,BO,0.75,28,bo,rbf,pi,2026,200,20,0.5382542998995632,0.17624210007488728,0.003225299995392561,0.717826799955219,0.9997693960733708,5000,4000,1000,158.5795678602378,128.8514946322563,4.054967531618936,False,budget_sweep,RBF,PI,1e-08,1e-08,200
4098.35744446651,0.29244374892803,0.20913812926446007,1.9515133466126398,0.11863521082895738,0.3673355182683678,0.7423878412761459,0.5498392826515143,0.3118232264698859,0.3171711155375466,0.954507027631913,0.34671036536735567,0.6331273779706544,0.11687262202934556,116.87262202934556,0.11687262202934556,116.87262202934556,0.5032551682343094,0.00325516823430938,3.25516823430938,-0.00325516823430938,-3.25516823430938,False,136.5920978001427,4.238448093462739,140.83054589360546,budget_long_PI_RBF_alpha1em08_target0750_seed2026,BO,0.75,29,bo,rbf,pi,2026,200,20,0.4192437999881804,0.05188730009831488,0.002655399963259697,0.47389789996668696,0.9999891072893748,5000,4000,1000,140.83054589360546,128.8514946322563,4.054967531618936,True,budget_sweep,RBF,PI,1e-08,1e-08,200
4048.0864643001405,0.28627166402041904,0.17138686644508594,3.6998347755932754,0.11704028346008902,0.35650172642139405,0.7280247040857544,0.5322047543440545,0.20396247555738845,0.8999449251977585,0.9013427820029671,0.13003452842788144,0.5944740114944629,0.15552598850553712,155.52598850553713,0.15552598850553712,155.52598850553713,0.5271148409142905,0.027114840914290506,27.114840914290504,-0.027114840914290506,-27.114840914290504,False,241.88333100624462,294.08583912291294,535.9691701291575,budget_long_PI_RBF_alpha1em08_target0750_seed2026,BO,0.75,30,bo,rbf,pi,2026,200,20,0.4839280000887811,0.10395079990848899,0.0029664000030606985,0.5909523998852819,0.998220244059397,5000,4000,1000,140.83054589360546,128.8514946322563,4.054967531618936,False,budget_sweep,RBF,PI,1e-08,1e-08,200
4197.738587137757,0.29091339079370376,0.20970610083496088,1.771576469743247,0.11708126829609306,0.3668258472495778,0.7707824534679305,0.5454668308391536,0.3134460023856025,0.25719215658108235,0.9027089432031018,0.3365169449915561,0.631295706468592,0.11870429353140799,118.70429353140798,0.11870429353140799,118.70429353140798,0.4966817157858851,0.0,0.0,0.003318284214114897,3.318284214114897,True,140.90709302790665,0.0,140.90709302790665,budget_long_PI_RBF_alpha1em08_target0750_seed2026,BO,0.75,31,bo,rbf,pi,2026,200,20,0.4052289999090135,0.09475779999047518,0.0027807001024484634,0.5028679000679404,0.8773446126557418,5000,4000,1000,140.83054589360546,118.70429353140798,3.318284214114897,False,budget_sweep,RBF,PI,1e-08,1e-08,200
4167.157705225224,0.32120431370931535,0.21279540377710338,3.76849179869245,0.09869116639771353,0.3932703905102478,0.7620450586357783,0.6320123248837581,0.3222725822202954,0.9228305995641499,0.2897055465904511,0.8654078102049555,0.592528676415924,0.157471323584076,157.471323584076,0.157471323584076,157.471323584076,0.5244168527563946,0.024416852756394603,24.416852756394604,-0.024416852756394603,-24.416852756394604,False,247.97217751320773,238.47307941098188,486.4452569241896,budget_long_PI_RBF_alpha1em08_target0750_seed2026,BO,0.75,32,bo,rbf,pi,2026,200,20,0.4732812000438571,0.12185740005224943,0.003237099852412939,0.5984796998091042,0.8195563699532866,5000,4000,1000,140.83054589360546,118.70429353140798,3.318284214114897,False,budget_sweep,RBF,PI,1e-08,1e-08,200
4358.601811939814,0.29015567221895944,0.20987025270612122,2.038048725066761,0.12,0.36784919912887815,0.8167433748399467,0.5433019206255983,0.31391500773177494,0.3460162416889203,1.0,0.35698398257756253,0.6338801741222676,0.1161198258777324,116.1198258777324,0.1161198258777324,116.1198258777324,0.5067057163891496,0.00670571638914963,6.70571638914963,-0.00670571638914963,-6.70571638914963,False,134.8381396187489,17.98665291668398,152.8247925354329,budget_long_PI_RBF_alpha1em08_target0750_seed2026,BO,0.75,33,bo,rbf,pi,2026,200,20,0.42988519999198616,0.12349579995498061,0.002933999989181757,0.5564267998561263,0.8522855455176641,5000,4000,1000,140.83054589360546,118.70429353140798,3.318284214114897,False,budget_sweep,RBF,PI,1e-08,1e-08,200
3986.2160784764214,0.2856042873169713,0.20979650271535805,1.7881347836123085,0.12,0.36425690071498673,0.7103474509932632,0.5302979637627752,0.3137042934724516,0.26271159453743614,1.0,0.2851380142997344,0.6368127740319296,0.1131872259680704,113.18722596807041,0.1131872259680704,113.18722596807041,0.49858158721799806,0.0,0.0,0.0014184127820019432,1.4184127820019432,True,128.1134812234703,0.0,128.1134812234703,budget_long_PI_RBF_alpha1em08_target0750_seed2026,BO,0.75,34,bo,rbf,pi,2026,200,20,0.40895420010201633,0.13203829992562532,0.00384490005671978,0.5449514000210911,0.8674311996633923,5000,4000,1000,128.1134812234703,113.18722596807041,1.4184127820019432,True,budget_sweep,RBF,PI,1e-08,1e-08,200
4050.2350675515645,0.2849825470092634,0.20992296040542305,1.4999060528940906,0.11851667690524728,0.3643885938549613,0.7286385907290184,0.5285215628836096,0.3140656011583516,0.16663535096469684,0.950555896841576,0.28777187709922647,0.638303966098055,0.11169603390194505,111.69603390194504,0.11169603390194505,111.69603390194504,0.4950407477903476,0.0,0.0,0.004959252209652376,4.959252209652377,True,124.76003989424457,0.0,124.76003989424457,budget_long_PI_RBF_alpha1em08_target0750_seed2026,BO,0.75,35,bo,rbf,pi,2026,200,20,0.4241220001131296,0.10763929993845522,0.0030871001072227955,0.5349727000575513,0.8203981990235902,5000,4000,1000,124.76003989424457,111.69603390194504,4.959252209652377,True,budget_sweep,RBF,PI,1e-08,1e-08,200
3730.4119834524836,0.29213990454669214,0.2085240961380505,1.5798424394847388,0.12,0.3629351857471631,0.6372605667007096,0.548971155847692,0.31006884610871577,0.19328081316157958,1.0,0.25870371494326194,0.6401039082239786,0.10989609177602144,109.89609177602145,0.10989609177602144,109.89609177602145,0.4959992426728593,0.0,0.0,0.004000757327140725,4.000757327140725,True,120.77150987643728,0.0,120.77150987643728,budget_long_PI_RBF_alpha1em08_target0750_seed2026,BO,0.75,36,bo,rbf,pi,2026,200,20,0.3925167000852525,0.09978370019234717,0.0038711000233888626,0.49631209997460246,0.9953928073978714,5000,4000,1000,120.77150987643728,109.89609177602145,4.000757327140725,True,budget_sweep,RBF,PI,1e-08,1e-08,200
3568.025722019369,0.2867186884220053,0.2087398237287658,1.4161950234919682,0.11850235783035107,0.35687766996546116,0.5908644920055339,0.5334819669200153,0.31068521065361654,0.13873167449732277,0.9500785943450359,0.1375533993092239,0.635440908866979,0.11455909113302098,114.55909113302098,0.11455909113302098,114.55909113302098,0.48918830764413523,0.0,0.0,0.010811692355864766,10.811692355864766,True,131.23785361223807,0.0,131.23785361223807,budget_long_PI_RBF_alpha1em08_target0750_seed2026,BO,0.75,37,bo,rbf,pi,2026,200,20,0.36724549997597933,0.11499800020828843,0.0034767999313771725,0.48585349996574223,0.9830875896185254,5000,4000,1000,120.77150987643728,109.89609177602145,4.000757327140725,False,budget_sweep,RBF,PI,1e-08,1e-08,200
4636.040837439019,0.16359982922676422,0.2216672410063425,2.613630449665852,0.09050556118701986,0.35542071438913664,0.8960116678397199,0.18171379779075492,0.34762068858955,0.5378768165552839,0.016852039567328725,0.10841428778273332,0.5514552972706511,0.19854470272934888,198.54470272934887,0.19854470272934888,198.54470272934887,0.4856857917769636,0.0,0.0,0.014314208223036418,14.314208223036417,True,394.1999898188551,0.0,394.1999898188551,budget_long_PI_RBF_alpha1em08_target0750_seed2026,BO,0.75,38,bo,rbf,pi,2026,200,20,0.5064451000653207,0.10992299998179078,0.003993900027126074,0.6204913000110537,0.9999983115901324,5000,4000,1000,120.77150987643728,109.89609177602145,4.000757327140725,False,budget_sweep,RBF,PI,1e-08,1e-08,200
4015.2407655896477,0.28744369757409716,0.18985507626517126,1.7219125175245291,0.12,0.3552753733775366,0.7186402187398994,0.5355534216402775,0.25672878932906074,0.24063750584150972,1.0,0.1055074675507332,0.6286085251813659,0.1213914748186341,121.39147481863411,0.1213914748186341,121.39147481863411,0.48800566263586886,0.0,0.0,0.011994337364131136,11.994337364131136,True,147.3589015864308,0.0,147.3589015864308,budget_long_PI_RBF_alpha1em08_target0750_seed2026,BO,0.75,39,bo,rbf,pi,2026,200,20,0.42468559998087585,0.12136340001598,0.0047565000131726265,0.5509740000125021,0.9990967828575718,5000,4000,1000,120.77150987643728,109.89609177602145,4.000757327140725,False,budget_sweep,RBF,PI,1e-08,1e-08,200
3971.023544587545,0.28342978036534905,0.20185383288978775,1.6600360810488954,0.12,0.3569221711082075,0.7060067270250129,0.5240850867581403,0.2910109511136793,0.22001202701629852,1.0,0.1384434221641503,0.6310290445947525,0.11897095540524749,118.9709554052475,0.11897095540524749,118.9709554052475,0.4892458837516342,0.0,0.0,0.010754116248365808,10.754116248365808,True,141.54088230037385,0.0,141.54088230037385,budget_long_PI_RBF_alpha1em08_target0750_seed2026,BO,0.75,40,bo,rbf,pi,2026,200,20,0.3832656000740826,0.13609879999421537,0.003911599982529879,0.5233884998597205,0.9999999999999902,5000,4000,1000,120.77150987643728,109.89609177602145,4.000757327140725,False,budget_sweep,RBF,PI,1e-08,1e-08,200
3074.8514950395115,0.22248147944085442,0.36014108466837436,1.0051802615225491,0.09387517217346687,0.35678238979096105,0.449957570011289,0.3499470841167269,0.743260241909641,0.0017267538408497485,0.12917240578222922,0.13564779581922148,0.595325216256063,0.15467478374393695,154.67478374393696,0.15467478374393695,154.67478374393696,0.4654982276609122,0.0,0.0,0.0345017723390878,34.5017723390878,True,239.2428872623366,0.0,239.2428872623366,budget_long_PI_RBF_alpha1em08_target0750_seed2026,BO,0.75,41,bo,rbf,pi,2026,200,20,0.3817267999984324,0.1864090000744909,0.003524199826642871,0.5717889999505132,0.9982852284749597,5000,4000,1000,120.77150987643728,109.89609177602145,4.000757327140725,False,budget_sweep,RBF,PI,1e-08,1e-08,200
3484.241283701414,0.29242965297135304,0.21289921151021834,1.3605927656209016,0.12,0.36339865382512665,0.5669260810575468,0.5497990084895802,0.322569175743481,0.12019758854030055,1.0,0.26797307650253305,0.6467398683473524,0.10326013165264758,103.26013165264757,0.10326013165264758,103.26013165264757,0.4976640229407067,0.0,0.0,0.0023359770592932816,2.3359770592932816,True,106.6265478892211,0.0,106.6265478892211,budget_long_PI_RBF_alpha1em08_target0750_seed2026,BO,0.75,42,bo,rbf,pi,2026,200,20,0.4128111999016255,0.15923770004883409,0.004426399944350123,0.5766128001268953,0.9989330745724833,5000,4000,1000,106.6265478892211,103.26013165264757,2.3359770592932816,True,budget_sweep,RBF,PI,1e-08,1e-08,200
3234.539761474378,0.2862747356643591,0.2122589534568619,1.3031154039232926,0.11987577973903583,0.36337431236352596,0.4955827889926795,0.5322135304695976,0.3207398670196055,0.10103846797443086,0.995859324634528,0.2674862472705191,0.649829627612261,0.10017037238773896,100.17037238773896,0.10017037238773896,100.17037238773896,0.4988045885083945,0.0,0.0,0.0011954114916055136,1.1954114916055136,True,100.34103504298294,0.0,100.34103504298294,budget_long_PI_RBF_alpha1em08_target0750_seed2026,BO,0.75,43,bo,rbf,pi,2026,200,20,0.36661430005915463,0.14613879984244704,0.0037257999647408724,0.5166029999963939,0.999762733444308,5000,4000,1000,100.34103504298294,100.17037238773896,1.1954114916055136,True,budget_sweep,RBF,PI,1e-08,1e-08,200
3278.0897516630466,0.17623913988812673,0.10068117107516841,2.58664852934421,0.09542950553242052,0.3500281269484175,0.508025643332299,0.21782611396607632,0.0019462030719097356,0.5288828431147367,0.18098351774735089,0.0005625389683509008,0.5618124729604635,0.18818752703953645,188.18752703953646,0.18818752703953645,188.18752703953646,0.5073528677157981,0.007352867715798128,7.352867715798128,-0.007352867715798128,-7.352867715798128,False,354.1454533325626,21.62586545841055,375.77131879097317,budget_long_PI_RBF_alpha1em08_target0750_seed2026,BO,0.75,44,bo,rbf,pi,2026,200,20,0.4339894000440836,0.23510039993561804,0.00431300001218915,0.6735362999606878,0.9999685932951206,5000,4000,1000,100.34103504298294,100.17037238773896,1.1954114916055136,False,budget_sweep,RBF,PI,1e-08,1e-08,200
3182.901208225696,0.28878049156799535,0.2150884475941851,1.0162217816762171,0.11640162738361355,0.36637228363017776,0.48082891663591304,0.5393728330514154,0.328824135983386,0.005407260558739052,0.8800542461204517,0.32744567260355506,0.6525504256087593,0.09744957439124069,97.44957439124069,0.09744957439124069,97.44957439124069,0.4985537560396214,0.0,0.0,0.0014462439603786237,1.4462439603786237,True,94.96419549033952,0.0,94.96419549033952,budget_long_PI_RBF_alpha1em08_target0750_seed2026,BO,0.75,45,bo,rbf,pi,2026,200,20,0.3330871001817286,0.11584720015525818,0.004112399881705642,0.45316129992716014,0.9808795374727521,5000,4000,1000,94.96419549033952,97.44957439124069,1.4462439603786237,True,budget_sweep,RBF,PI,1e-08,1e-08,200
3891.350709456982,0.17858701863051238,0.14032482611109065,2.1731134339201783,0.1007265092848029,0.3558411390048606,0.6832430598448519,0.22453433894432107,0.11521378888883038,0.3910378113067261,0.35755030949343003,0.11682278009721225,0.581399701530602,0.16860029846939795,168.60029846939796,0.16860029846939795,168.60029846939796,0.4879763733424775,0.0,0.0,0.01202362665752249,12.02362665752249,True,284.2606064397007,0.0,284.2606064397007,budget_long_PI_RBF_alpha1em08_target0750_seed2026,BO,0.75,46,bo,rbf,pi,2026,200,20,0.47916530002839863,0.1592881998512894,0.004416800104081631,0.6429902999661863,0.9999988617716109,5000,4000,1000,94.96419549033952,97.44957439124069,1.4462439603786237,False,budget_sweep,RBF,PI,1e-08,1e-08,200
4777.973753073564,0.1801873204254619,0.122762817675343,2.01820783147369,0.10933591680968054,0.35484995354281784,0.9365639294495898,0.229106629787034,0.0650366219295514,0.3394026104912301,0.6445305603226847,0.09699907085635762,0.5977414684914046,0.15225853150859536,152.25853150859535,0.15225853150859536,152.25853150859535,0.48544941495922384,0.0,0.0,0.014550585040776165,14.550585040776165,True,231.82660417153923,0.0,231.82660417153923,budget_long_PI_RBF_alpha1em08_target0750_seed2026,BO,0.75,47,bo,rbf,pi,2026,200,20,0.4614015999250114,0.1296182000078261,0.005235000047832727,0.5963711999356747,0.9999670487673263,5000,4000,1000,94.96419549033952,97.44957439124069,1.4462439603786237,False,budget_sweep,RBF,PI,1e-08,1e-08,200
4581.159577857485,0.160840719455716,0.13620245282747825,1.8955362803398104,0.10791862044007552,0.3705886165535695,0.8803313079592812,0.17383062701633145,0.10343557950708071,0.29851209344660345,0.5972873480025178,0.41177233107139055,0.6141173828507704,0.13588261714922956,135.88261714922956,0.13588261714922956,135.88261714922956,0.4977668615665828,0.0,0.0,0.0022331384334172144,2.2331384334172144,True,184.64085643324094,0.0,184.64085643324094,budget_long_PI_RBF_alpha1em08_target0750_seed2026,BO,0.75,48,bo,rbf,pi,2026,200,20,0.43129770015366375,0.13112010015174747,0.00391170009970665,0.5664450998883694,0.9713519543649803,5000,4000,1000,94.96419549033952,97.44957439124069,1.4462439603786237,False,budget_sweep,RBF,PI,1e-08,1e-08,200
3196.1155767933196,0.2851093997202446,0.2184231237057218,1.2688952929237742,0.12,0.3743294689268783,0.4846044505123771,0.5288839992006988,0.338351782016348,0.08963176430792473,1.0,0.4865893785375661,0.6630441501354623,0.08695584986453775,86.95584986453775,0.08695584986453775,86.95584986453775,0.5101437648039304,0.010143764803930422,10.143764803930422,-0.010143764803930422,-10.143764803930422,False,75.61319825664027,41.15838575898303,116.7715840156233,budget_long_PI_RBF_alpha1em08_target0750_seed2026,BO,0.75,49,bo,rbf,pi,2026,200,20,0.34848250006325543,0.14004470012150705,0.004538800101727247,0.4931797001045197,0.9902947321631597,5000,4000,1000,94.96419549033952,97.44957439124069,1.4462439603786237,False,budget_sweep,RBF,PI,1e-08,1e-08,200
4204.793934510318,0.2887066495922157,0.14062269751969586,3.874294647389658,0.09752972590114423,0.36270001715885997,0.772798267002948,0.5391618559777591,0.11606485005627387,0.9580982157965526,0.25099086337147447,0.2540003431771992,0.5587320797940805,0.19126792020591954,191.26792020591955,0.19126792020591954,191.26792020591955,0.5040558189687429,0.0040558189687428525,4.0558189687428525,-0.0040558189687428525,-4.0558189687428525,False,365.83417299898,6.5798670028857345,372.41404000186577,budget_long_PI_RBF_alpha1em08_target0750_seed2026,BO,0.75,50,bo,rbf,pi,2026,200,20,0.5029343001078814,0.18825990008190274,0.004042200045660138,0.695359299890697,0.9994590508456476,5000,4000,1000,94.96419549033952,97.44957439124069,1.4462439603786237,False,budget_sweep,RBF,PI,1e-08,1e-08,200
4860.4496628941815,0.18358051143622445,0.30524811770668114,1.3652198185965712,0.09573720747888054,0.3765697293736266,0.9601284751126234,0.2388014612463556,0.5864231934476605,0.12173993953219042,0.1912402492960179,0.5313945874725314,0.6027612640170348,0.14723873598296522,147.2387359829652,0.14723873598296522,147.2387359829652,0.4817216106338342,0.0,0.0,0.018278389366165826,18.278389366165825,True,216.79245373861335,0.0,216.79245373861335,budget_long_PI_RBF_alpha1em08_target0750_seed2026,BO,0.75,51,bo,rbf,pi,2026,200,20,0.44079789984971285,0.1744293998926878,0.0071118001360446215,0.6224516998045146,0.9999970443269345,5000,4000,1000,94.96419549033952,97.44957439124069,1.4462439603786237,False,budget_sweep,RBF,PI,1e-08,1e-08,200
2902.391782876103,0.28924490708263983,0.19076464828526069,1.0,0.11772577971843949,0.36636428769657003,0.40068336653602943,0.5406997345218282,0.2593275665293162,0.0,0.9241926572813164,0.3272857539314013,0.6578510981571647,0.0921489018428353,92.1489018428353,0.0921489018428353,92.1489018428353,0.5015194450424929,0.0015194450424929062,1.5194450424929062,-0.0015194450424929062,-1.5194450424929062,False,84.91420110840497,0.9234852948625079,85.83768640326747,budget_long_PI_RBF_alpha1em08_target0750_seed2026,BO,0.75,52,bo,rbf,pi,2026,200,20,0.33935769996605814,0.16168730007484555,0.004535200074315071,0.5056996999774128,0.9999967738950262,5000,4000,1000,85.83768640326747,97.44957439124069,1.4462439603786237,True,budget_sweep,RBF,PI,1e-08,1e-08,200
2239.550485041303,0.17441426906308732,0.12229768921032574,1.86103560677875,0.1041851049437599,0.3622781754481692,0.2113001385832295,0.21261219732310666,0.06370768345807354,0.28701186892624997,0.4728368314586636,0.24556350896338375,0.6172756567036201,0.13272434329637994,132.72434329637994,0.13272434329637994,132.72434329637994,0.5061724582232602,0.00617245822326018,6.17245822326018,-0.00617245822326018,-6.17245822326018,False,176.15751303455315,15.239696207156888,191.39720924171004,budget_long_PI_RBF_alpha1em08_target0750_seed2026,BO,0.75,53,bo,rbf,pi,2026,200,20,0.4118697000667453,0.14986760006286204,0.005633099935948849,0.5675159001257271,0.9998965387110101,5000,4000,1000,85.83768640326747,97.44957439124069,1.4462439603786237,False,budget_sweep,RBF,PI,1e-08,1e-08,200
3981.603604875007,0.1788184544200494,0.15821032285930248,1.1355505253543945,0.09224082713902515,0.3820411365800355,0.7090296013928591,0.22519558405728402,0.16631520816943568,0.04518350845146479,0.0746942379675053,0.6408227316007102,0.6052833371419315,0.1447166628580685,144.7166628580685,0.1447166628580685,144.7166628580685,0.4856151619730723,0.0,0.0,0.014384838026927693,14.384838026927692,True,209.4291250877586,0.0,209.4291250877586,budget_long_PI_RBF_alpha1em08_target0750_seed2026,BO,0.75,54,bo,rbf,pi,2026,200,20,0.44558019982650876,0.1757675998378545,0.0065831998363137245,0.6280636999290437,0.9999856949024191,5000,4000,1000,85.83768640326747,97.44957439124069,1.4462439603786237,False,budget_sweep,RBF,PI,1e-08,1e-08,200
2071.4482234117754,0.17505492385266788,0.12528013619742964,1.3687695414590735,0.10148962084503517,0.353153680783429,0.163270920974793,0.21444263957905108,0.07222896056408468,0.12292318048635786,0.38298736150117263,0.0630736156685805,0.6133452291159811,0.1366547708840189,136.6547708840189,0.1366547708840189,136.6547708840189,0.4787053967942878,0.0,0.0,0.021294603205712193,21.294603205712193,True,186.745264053637,0.0,186.745264053637,budget_long_PI_RBF_alpha1em08_target0750_seed2026,BO,0.75,55,bo,rbf,pi,2026,200,20,0.3821914999280125,0.21544850012287498,0.005092199891805649,0.6028600002173334,0.9999999510292971,5000,4000,1000,85.83768640326747,97.44957439124069,1.4462439603786237,False,budget_sweep,RBF,PI,1e-08,1e-08,200
3936.653208804388,0.1871092655713933,0.12874997063901128,1.7455406199770054,0.09600804995469889,0.364430985237708,0.6961866310869681,0.24888361591826658,0.08214277325431796,0.24851353999233516,0.2002683318232963,0.28861970475416043,0.5848473035079905,0.16515269649200948,165.15269649200948,0.16515269649200948,165.15269649200948,0.4752551188087825,0.0,0.0,0.024744881191217483,24.744881191217484,True,272.754131585818,0.0,272.754131585818,budget_long_PI_RBF_alpha1em08_target0750_seed2026,BO,0.75,56,bo,rbf,pi,2026,200,20,0.4182365001179278,0.1718570999801159,0.005767100024968386,0.5959940999746323,0.9983140419701007,5000,4000,1000,85.83768640326747,97.44957439124069,1.4462439603786237,False,budget_sweep,RBF,PI,1e-08,1e-08,200
2469.3803203135003,0.1948449878655648,0.18436803570432708,2.105656477172001,0.09768757702960178,0.35365434925219635,0.2769658058038572,0.2709856796158995,0.2410515305837917,0.36855215905733374,0.25625256765339266,0.07308698504392785,0.5846638784681516,0.1653361215318484,165.3361215318484,0.1653361215318484,165.3361215318484,0.49654186823377655,0.0,0.0,0.003458131766223449,3.458131766223449,True,273.36033083194144,0.0,273.36033083194144,budget_long_PI_RBF_alpha1em08_target0750_seed2026,BO,0.75,57,bo,rbf,pi,2026,200,20,0.3958511999808252,0.20689240004867315,0.004768399987369776,0.6076377998106182,0.999088034340641,5000,4000,1000,85.83768640326747,97.44957439124069,1.4462439603786237,False,budget_sweep,RBF,PI,1e-08,1e-08,200
2834.3941255176496,0.2882703876430188,0.18112886837528802,1.22620719212465,0.11582811796095818,0.36780023015886865,0.3812554644336142,0.5379153932657681,0.23179676678653716,0.07540239737488331,0.8609372653652728,0.3560046031773735,0.6491725674314546,0.10082743256854543,100.82743256854543,0.10082743256854543,100.82743256854543,0.5007590894101328,0.0007590894101328072,0.7590894101328072,-0.0007590894101328072,-0.7590894101328072,False,101.66171158364574,0.23048669303030925,101.89219827667606,budget_long_PI_RBF_alpha1em08_target0750_seed2026,BO,0.75,58,bo,rbf,pi,2026,200,20,0.3369301001075655,0.1927329001482576,0.005692500155419111,0.5355277000926435,0.9999999997049972,5000,4000,1000,85.83768640326747,97.44957439124069,1.4462439603786237,False,budget_sweep,RBF,PI,1e-08,1e-08,200
3066.338149715977,0.14463060446515308,0.24843266608474548,2.8505471638181956,0.10896725081057268,0.3518894669578012,0.44752518563313626,0.12751601275758018,0.4240933316707014,0.6168490546060652,0.6322416936857563,0.037789339156024115,0.5953586119849699,0.15464138801503013,154.64138801503015,0.15464138801503013,154.64138801503015,0.581950177586902,0.08195017758690204,81.95017758690204,-0.08195017758690204,-81.95017758690204,False,239.13958887215105,2686.332642609913,2925.4722314820638,budget_long_PI_RBF_alpha1em08_target0750_seed2026,BO,0.75,59,bo,rbf,pi,2026,200,20,0.5111426000948995,0.17882379982620478,0.005729899974539876,0.6958565001841635,0.9253688156481995,5000,4000,1000,85.83768640326747,97.44957439124069,1.4462439603786237,False,budget_sweep,RBF,PI,1e-08,1e-08,200
2038.7603781633056,0.3211246574629072,0.2310204519357634,2.601184598153337,0.11900909611512266,0.35022508876632263,0.15393153661808734,0.6317847356083063,0.3743441483878954,0.5337281993844457,0.9669698705040888,0.004501775326453461,0.6192549393200533,0.13074506067994673,130.74506067994673,0.13074506067994673,130.74506067994673,0.5030621904216493,0.0030621904216493467,3.0621904216493467,-0.0030621904216493467,-3.0621904216493467,False,170.9427089220295,3.7508040713764017,174.6935129934059,budget_long_PI_RBF_alpha1em08_target0750_seed2026,BO,0.75,60,bo,rbf,pi,2026,200,20,0.3568928998429328,0.1635144001338631,0.005956699838861823,0.5264873998239636,0.9862858921038283,5000,4000,1000,85.83768640326747,97.44957439124069,1.4462439603786237,False,budget_sweep,RBF,PI,1e-08,1e-08,200
4029.5037107621,0.15767250831845359,0.12411097901867635,1.6129265356100349,0.10288147552452422,0.3711953017633926,0.7227153459320286,0.1647785951955817,0.06888851148193242,0.2043088452033449,0.4293825174841408,0.4239060352678522,0.6105931202120654,0.13940687978793465,139.40687978793466,0.13940687978793465,139.40687978793466,0.48688476738345093,0.0,0.0,0.013115232616549066,13.115232616549067,True,194.3427813220766,0.0,194.3427813220766,budget_long_PI_RBF_alpha1em08_target0750_seed2026,BO,0.75,61,bo,rbf,pi,2026,200,20,0.47112390003167093,0.25040160003118217,0.006259500049054623,0.7279131000395864,0.9897357046979873,5000,4000,1000,85.83768640326747,97.44957439124069,1.4462439603786237,False,budget_sweep,RBF,PI,1e-08,1e-08,200
2640.29125769144,0.2665685972913516,0.3396512265562634,2.8113562812625004,0.0910900196156273,0.3584633232000848,0.3257975021975543,0.4759102779752903,0.6847177901607526,0.6037854270875002,0.036333987187576744,0.1692664640016962,0.5619349969688106,0.18806500303118945,188.06500303118946,0.18806500303118945,188.06500303118946,0.49661418718249395,0.0,0.0,0.003385812817506051,3.385812817506051,True,353.68445365121295,0.0,353.68445365121295,budget_long_PI_RBF_alpha1em08_target0750_seed2026,BO,0.75,62,bo,rbf,pi,2026,200,20,0.38178079994395375,0.2414693001192063,0.004718100186437368,0.6280898000113666,0.8987317435939847,5000,4000,1000,85.83768640326747,97.44957439124069,1.4462439603786237,False,budget_sweep,RBF,PI,1e-08,1e-08,200
2314.091214950659,0.3453841673153373,0.15333604236986517,2.5757684831522356,0.11406923254269341,0.352101021907366,0.23259748998590257,0.7010976209009637,0.15238869248532905,0.5252561610507451,0.802307751423114,0.04202043814731937,0.604071712133569,0.14592828786643097,145.92828786643096,0.14592828786643097,145.92828786643096,0.49170744661715565,0.0,0.0,0.008292553382844348,8.292553382844348,True,212.95065199627942,0.0,212.95065199627942,budget_long_PI_RBF_alpha1em08_target0750_seed2026,BO,0.75,63,bo,rbf,pi,2026,200,20,0.3432791999075562,0.21845140005461872,0.005536999786272645,0.5673825999256223,0.9932655828584405,5000,4000,1000,85.83768640326747,97.44957439124069,1.4462439603786237,False,budget_sweep,RBF,PI,1e-08,1e-08,200
2832.1604203492743,0.28893284991756246,0.17428593796640113,1.0,0.12,0.36783330457071534,0.3806172629569355,0.539808142621607,0.2122455370468604,0.0,1.0,0.3566660914143066,0.6646187214998651,0.08538127850013488,85.38127850013488,0.08538127850013488,85.38127850013488,0.5060462397212881,0.006046239721288149,6.046239721288149,-0.006046239721288149,-6.046239721288149,False,72.89962718317595,14.622805906913038,87.522433090089,budget_long_PI_RBF_alpha1em08_target0750_seed2026,BO,0.75,64,bo,rbf,pi,2026,200,20,0.32753190002404153,0.21204670006409287,0.005785500165075064,0.545486600138247,0.9266472373481308,5000,4000,1000,85.83768640326747,97.44957439124069,1.4462439603786237,False,budget_sweep,RBF,PI,1e-08,1e-08,200
2420.8528652454343,0.28805396237242387,0.15125396845620245,1.0,0.11784690390039809,0.3611643543725287,0.2631008186415527,0.5372970353497825,0.14643990987486416,0.0,0.9282301300132699,0.22328708745057402,0.6569465041215484,0.09305349587845158,93.05349587845157,0.09305349587845158,93.05349587845157,0.4997459773522488,0.0,0.0,0.0002540226477512064,0.2540226477512064,True,86.58953095201004,0.0,86.58953095201004,budget_long_PI_RBF_alpha1em08_target0750_seed2026,BO,0.75,65,bo,rbf,pi,2026,200,20,0.31104200007393956,0.16793130012229085,0.005021300166845322,0.4841172001324594,0.9352534005901858,5000,4000,1000,85.83768640326747,93.05349587845157,0.2540226477512064,False,budget_sweep,RBF,PI,1e-08,1e-08,200
4841.413845090201,0.17747142692564538,0.10340353392544986,2.7786359183487166,0.10693957812728173,0.3613339560370469,0.9546896700257718,0.22134693407327255,0.009724382644142437,0.5928786394495722,0.5646526042427246,0.22667912074093777,0.5870858919412939,0.1629141080587061,162.9141080587061,0.1629141080587061,162.9141080587061,0.5196701843565095,0.019670184356509468,19.670184356509466,-0.019670184356509468,-19.670184356509466,False,265.4100660456376,154.7664610476279,420.1765270932655,budget_long_PI_RBF_alpha1em08_target0750_seed2026,BO,0.75,66,bo,rbf,pi,2026,200,20,0.501985999988392,0.24093039985746145,0.006254300009459257,0.7493030000478029,0.9958202381231323,5000,4000,1000,85.83768640326747,93.05349587845157,0.2540226477512064,False,budget_sweep,RBF,PI,1e-08,1e-08,200
4824.035020087178,0.19211953578400587,0.10010170706785759,2.8029562243971866,0.09547300954599025,0.36179614962588225,0.9497242914534794,0.2631986736685882,0.0002905916224502647,0.6009854081323955,0.1824336515330085,0.23592299251764548,0.561984525494362,0.18801547450563805,188.01547450563805,0.18801547450563805,188.01547450563805,0.5018119889112709,0.0018119889112708787,1.8119889112708787,-0.0018119889112708787,-1.8119889112708787,False,353.49818653580235,1.3133215258274498,354.8115080616298,budget_long_PI_RBF_alpha1em08_target0750_seed2026,BO,0.75,67,bo,rbf,pi,2026,200,20,0.49480430013500154,0.18583320011384785,0.00523729994893074,0.6860221999231726,0.9969600594742654,5000,4000,1000,85.83768640326747,93.05349587845157,0.2540226477512064,False,budget_sweep,RBF,PI,1e-08,1e-08,200
3426.76612428212,0.324930890275243,0.26465063536396577,2.3619413546090815,0.11910667316066628,0.3601094407239698,0.5505046069377486,0.6426596865006944,0.4704303867541879,0.45398045153636046,0.9702224386888761,0.20218881447939574,0.6224415879015964,0.12755841209840357,127.55841209840358,0.12755841209840357,127.55841209840358,0.506232394696453,0.006232394696452981,6.232394696452981,-0.006232394696452981,-6.232394696452981,False,162.7114849706615,15.537097460950097,178.2485824316116,budget_long_PI_RBF_alpha1em08_target0750_seed2026,BO,0.75,68,bo,rbf,pi,2026,200,20,0.38732570013962686,0.3649492000695318,0.006333800032734871,0.7587294999975711,0.9873435464637398,5000,4000,1000,85.83768640326747,93.05349587845157,0.2540226477512064,False,budget_sweep,RBF,PI,1e-08,1e-08,200
2810.548846938918,0.2895910786178202,0.19440161444471782,1.0,0.11912677912618613,0.3659996527276287,0.37444252769683367,0.5416887960509148,0.2697188984134795,0.0,0.970892637539538,0.31999305455257443,0.6618813648824365,0.08811863511756346,88.11863511756346,0.08811863511756346,88.11863511756346,0.5033173090855917,0.003317309085591691,3.317309085591691,-0.003317309085591691,-3.317309085591691,False,77.64893854982289,4.401815827739672,82.05075437756255,budget_long_PI_RBF_alpha1em08_target0750_seed2026,BO,0.75,69,bo,rbf,pi,2026,200,20,0.3338075000792742,0.19664229988120496,0.0052269999869167805,0.5357971999328583,0.998391466640422,5000,4000,1000,82.05075437756255,93.05349587845157,0.2540226477512064,True,budget_sweep,RBF,PI,1e-08,1e-08,200
3885.1290671960933,0.1596774249468846,0.22283413046001027,2.103831972277413,0.09526405137249548,0.3582114086294228,0.6814654477703124,0.1705069284196703,0.3509546584571722,0.36794399075913753,0.1754683790831829,0.16422817258845646,0.5747970782090935,0.17520292179090646,175.20292179090646,0.17520292179090646,175.20292179090646,0.4816212819148295,0.0,0.0,0.018378718085170498,18.378718085170497,True,306.96063804070485,0.0,306.96063804070485,budget_long_PI_RBF_alpha1em08_target0750_seed2026,BO,0.75,70,bo,rbf,pi,2026,200,20,0.4780332001391798,0.16447799978777766,0.006140000186860561,0.6487791000399739,0.9272464789496577,5000,4000,1000,82.05075437756255,93.05349587845157,0.2540226477512064,False,budget_sweep,RBF,PI,1e-08,1e-08,200
2663.0715861998124,0.16643061163692557,0.10457143817854403,1.5245603399681922,0.09253710585270389,0.3797634208346837,0.33230616748566066,0.18980174753407308,0.013061251938697227,0.17485344665606406,0.08457019509012953,0.5952684166936735,0.6058439218697205,0.14415607813027953,144.15607813027952,0.14415607813027953,144.15607813027952,0.4889795615615186,0.0,0.0,0.011020438438481384,11.020438438481383,True,207.80974861903255,0.0,207.80974861903255,budget_long_PI_RBF_alpha1em08_target0750_seed2026,BO,0.75,71,bo,rbf,pi,2026,200,20,0.3633761000819504,0.1669435000512749,0.007993200095370412,0.5384593999478966,0.9681924001830529,5000,4000,1000,82.05075437756255,93.05349587845157,0.2540226477512064,False,budget_sweep,RBF,PI,1e-08,1e-08,200
4511.189025252212,0.316052862630152,0.2638875834914096,1.6702240609945156,0.09077192411529535,0.38533426899424045,0.8603397215006321,0.6172938932290057,0.46825023854688463,0.2234080203315052,0.025730803843178385,0.7066853798848088,0.5906931299395679,0.1593068700604321,159.3068700604321,0.1593068700604321,159.3068700604321,0.4839884800589913,0.0,0.0,0.01601151994100869,16.01151994100869,True,253.78678848451395,0.0,253.78678848451395,budget_long_PI_RBF_alpha1em08_target0750_seed2026,BO,0.75,72,bo,rbf,pi,2026,200,20,0.4012476000934839,0.27377730002626777,0.005723099922761321,0.6808873999398202,0.9443950200501484,5000,4000,1000,82.05075437756255,93.05349587845157,0.2540226477512064,False,budget_sweep,RBF,PI,1e-08,1e-08,200
2635.419015127913,0.29011856120883484,0.18856641653932105,1.0,0.12,0.3652661989296814,0.32440543289368945,0.5431958891680995,0.2530469043980601,0.0,1.0,0.3053239785936275,0.6647066346805242,0.08529336531947584,85.29336531947584,0.08529336531947584,85.29336531947584,0.5047786575734763,0.004778657573476286,4.778657573476286,-0.004778657573476286,-4.778657573476286,False,72.74958167521564,9.134227281816905,81.88380895703254,budget_long_PI_RBF_alpha1em08_target0750_seed2026,BO,0.75,73,bo,rbf,pi,2026,200,20,0.31827769987285137,0.22897950001060963,0.006162100005894899,0.5535371999721974,0.9693908470852869,5000,4000,1000,81.88380895703254,93.05349587845157,0.2540226477512064,True,budget_sweep,RBF,PI,1e-08,1e-08,200
4848.85640596109,0.1807231475973764,0.37892329858954066,3.035104897049589,0.09106563469351905,0.35196742188315483,0.9568161159888828,0.23063756456393258,0.7969237102558305,0.6783682990165296,0.03552115645063547,0.03934843766309659,0.5454192897702268,0.2045807102297732,204.5807102297732,0.2045807102297732,204.5807102297732,0.4987689520722113,0.0,0.0,0.0012310479277887199,1.2310479277887199,True,418.5326699811842,0.0,418.5326699811842,budget_long_PI_RBF_alpha1em08_target0750_seed2026,BO,0.75,74,bo,rbf,pi,2026,200,20,0.5106281999032944,0.15622060000896454,0.0056888998951762915,0.6726612998172641,0.9998741025574461,5000,4000,1000,81.88380895703254,93.05349587845157,0.2540226477512064,False,budget_sweep,RBF,PI,1e-08,1e-08,200
4530.632434022777,0.20435936083228964,0.23641519144569398,3.6153801484788746,0.10198192999678797,0.3510545991073106,0.8658949811493649,0.2981696023779704,0.38975768984483994,0.8717933828262915,0.3993976665595991,0.021091982146213106,0.5599297940448553,0.19007020595514468,190.07020595514467,0.19007020595514468,190.07020595514467,0.5439670857033522,0.04396708570335217,43.96708570335217,-0.04396708570335217,-43.96708570335217,False,361.2668319183112,773.2418500983658,1134.508682016677,budget_long_PI_RBF_alpha1em08_target0750_seed2026,BO,0.75,75,bo,rbf,pi,2026,200,20,0.5332655999809504,0.2584220999851823,0.006818800000473857,0.7986351000145078,0.9279976216641377,5000,4000,1000,81.88380895703254,93.05349587845157,0.2540226477512064,False,budget_sweep,RBF,PI,1e-08,1e-08,200
2857.9122017085538,0.2594348089810886,0.3225261575124829,3.7500636582145876,0.10130301090097901,0.37822914239550826,0.3879749147738726,0.4555280256602532,0.635789021464237,0.9166878860715293,0.3767670300326337,0.5645828479101651,0.5907653178699647,0.15923468213003533,159.23468213003534,0.15923468213003533,159.23468213003534,0.5363014899810628,0.03630148998106275,36.30148998106275,-0.03630148998106275,-36.30148998106275,False,253.55683993053393,527.1192699380797,780.6761098686136,budget_long_PI_RBF_alpha1em08_target0750_seed2026,BO,0.75,76,bo,rbf,pi,2026,200,20,0.454306400148198,0.17424089997075498,0.008131399983540177,0.6368092000484467,0.9999997991202138,5000,4000,1000,81.88380895703254,93.05349587845157,0.2540226477512064,False,budget_sweep,RBF,PI,1e-08,1e-08,200
2703.3781639842427,0.2919913148533587,0.20927355050473273,1.0,0.12,0.36529997552883825,0.34382233256692646,0.5485466138667392,0.3122101442992364,0.0,1.0,0.3059995105767656,0.6644845592054828,0.08551544079451723,85.51544079451723,0.08551544079451723,85.51544079451723,0.5043080821864537,0.004308082186453732,4.308082186453732,-0.004308082186453732,-4.308082186453732,False,73.12890614280582,7.423828850095989,80.5527349929018,budget_long_PI_RBF_alpha1em08_target0750_seed2026,BO,0.75,77,bo,rbf,pi,2026,200,20,0.3108141999691725,0.28090459993109107,0.0059899999760091305,0.5978431000839919,0.9044031341106469,5000,4000,1000,80.5527349929018,93.05349587845157,0.2540226477512064,True,budget_sweep,RBF,PI,1e-08,1e-08,200
2842.3174294397563,0.29076808031338675,0.24441877864151632,1.0,0.12,0.3640235461565578,0.3835192655542161,0.545051658038248,0.4126250818329038,0.0,1.0,0.2804709231311559,0.6630174240342959,0.08698257596570413,86.98257596570413,0.08698257596570413,86.98257596570413,0.5022652518614126,0.002265251861412576,2.265251861412576,-0.002265251861412576,-2.265251861412576,False,75.65968521629489,2.052546398253256,77.71223161454814,budget_long_PI_RBF_alpha1em08_target0750_seed2026,BO,0.75,78,bo,rbf,pi,2026,200,20,0.31467380002141,0.2612720998004079,0.0071760001592338085,0.583248500013724,0.9892207872019058,5000,4000,1000,77.71223161454814,93.05349587845157,0.2540226477512064,True,budget_sweep,RBF,PI,1e-08,1e-08,200
2538.0071545070286,0.3227770977204747,0.13866912192162245,3.9636122410717896,0.10405022680762167,0.3816542441586572,0.29657347271629386,0.6365059934870706,0.11048320549034985,0.9878707470239299,0.46834089358738906,0.6330848831731437,0.5939939622855773,0.15600603771442267,156.00603771442266,0.15600603771442267,156.00603771442266,0.516495202120024,0.016495202120023977,16.495202120023976,-0.016495202120023977,-16.495202120023976,False,243.3788380335387,108.8366771921774,352.2155152257161,budget_long_PI_RBF_alpha1em08_target0750_seed2026,BO,0.75,79,bo,rbf,pi,2026,200,20,0.4064623999875039,0.22909959987737238,0.007408699952065945,0.6431040000170469,0.9141439001221288,5000,4000,1000,77.71223161454814,93.05349587845157,0.2540226477512064,False,budget_sweep,RBF,PI,1e-08,1e-08,200
3960.8222385518434,0.38735850336368394,0.2437048016910532,1.1125671638475874,0.09390284865793623,0.3986122760350822,0.7030920681576696,0.8210242953248111,0.41058514768872345,0.03752238794919582,0.13009495526454107,0.972245520701644,0.6196280253397034,0.1303719746602966,130.3719746602966,0.1303719746602966,130.3719746602966,0.5011141942406625,0.0011141942406625027,1.1141942406625027,-0.0011141942406625027,-1.1141942406625027,False,169.9685177682502,0.4965715223701964,170.4650892906204,budget_long_PI_RBF_alpha1em08_target0750_seed2026,BO,0.75,80,bo,rbf,pi,2026,200,20,0.3283053000923246,0.18661190010607243,0.00625929981470108,0.5213025999255478,0.8080729136856992,5000,4000,1000,77.71223161454814,93.05349587845157,0.2540226477512064,False,budget_sweep,RBF,PI,1e-08,1e-08,200
4686.607068231443,0.20155294049028016,0.21531094492169667,1.099416391907949,0.1023174232281953,0.3735474571489048,0.9104591623518409,0.29015125854365764,0.3294598426334191,0.03313879730264968,0.41058077427317696,0.47094914297809565,0.6186928470165739,0.1313071529834261,131.3071529834261,0.1313071529834261,131.3071529834261,0.48633441681402767,0.0,0.0,0.01366558318597233,13.66558318597233,True,172.41568424612865,0.0,172.41568424612865,budget_long_PI_RBF_alpha1em08_target0750_seed2026,BO,0.75,81,bo,rbf,pi,2026,200,20,0.41629019984975457,0.16198069998063147,0.007154099876061082,0.5855651998426765,0.7871511315424798,5000,4000,1000,77.71223161454814,93.05349587845157,0.2540226477512064,False,budget_sweep,RBF,PI,1e-08,1e-08,200
2647.1527634037075,0.17804896417122015,0.11676902218199757,1.6628678489754236,0.0914787099949961,0.36404399492347916,0.3277579324010592,0.22299704048920044,0.04791149194856448,0.22095594965847454,0.04929033316653697,0.2808798984695835,0.5858804451371931,0.16411955486280694,164.11955486280695,0.16411955486280694,164.11955486280695,0.4751002891563668,0.0,0.0,0.024899710843633183,24.899710843633184,True,269.3522828836589,0.0,269.3522828836589,budget_long_PI_RBF_alpha1em08_target0750_seed2026,BO,0.75,82,bo,rbf,pi,2026,200,20,0.35096330009400845,0.2034412999637425,0.006388099864125252,0.5609339000657201,0.8070769473627109,5000,4000,1000,77.71223161454814,93.05349587845157,0.2540226477512064,False,budget_sweep,RBF,PI,1e-08,1e-08,200
3832.024763381589,0.1638238107839481,0.12977618809796312,2.173930904558468,0.10762457712601933,0.3508351679795286,0.6662927895375969,0.18235374509699454,0.08507482313703751,0.3913103015194893,0.5874859042006446,0.016703359590571787,0.5925987837210188,0.15740121627898118,157.4012162789812,0.15740121627898118,157.4012162789812,0.49346931660138627,0.0,0.0,0.006530683398613735,6.530683398613735,True,247.75142886102608,0.0,247.75142886102608,budget_long_PI_RBF_alpha1em08_target0750_seed2026,BO,0.75,83,bo,rbf,pi,2026,200,20,0.4734794001560658,0.18785750004462898,0.007528600050136447,0.6690052000340074,0.9999966014868301,5000,4000,1000,77.71223161454814,93.05349587845157,0.2540226477512064,False,budget_sweep,RBF,PI,1e-08,1e-08,200
3273.0132176617,0.22236932162310458,0.10609212532808657,1.2213859265721798,0.1022706731088296,0.3851991924529995,0.5065752050462,0.3496266332088702,0.01740607236596159,0.07379530885739327,0.40902243696098695,0.7039838490599902,0.6329703837627674,0.11702961623723263,117.02961623723263,0.11702961623723263,117.02961623723263,0.5017682608498389,0.001768260849838943,1.768260849838943,-0.001768260849838943,-1.768260849838943,False,136.9593107663394,1.2506985732292564,138.21000933956864,budget_long_PI_RBF_alpha1em08_target0750_seed2026,BO,0.75,84,bo,rbf,pi,2026,200,20,0.36484589986503124,0.2398918999824673,0.006406400119885802,0.6112802000716329,0.8073045185999455,5000,4000,1000,77.71223161454814,93.05349587845157,0.2540226477512064,False,budget_sweep,RBF,PI,1e-08,1e-08,200
2382.8584469227662,0.18543985096668703,0.24758701940496128,2.831435351705161,0.10580374335819667,0.3553622734418859,0.25224527054936174,0.24411385990482004,0.42167719829988937,0.6104784505683869,0.5267914452732227,0.10724546883771835,0.597703772744505,0.15229622725549496,152.29622725549495,0.15229622725549496,152.29622725549495,0.5718403441118741,0.07184034411187412,71.84034411187412,-0.07184034411187412,-71.84034411187412,False,231.9414083625737,2064.4140168449944,2296.3554252075683,budget_long_PI_RBF_alpha1em08_target0750_seed2026,BO,0.75,85,bo,rbf,pi,2026,200,20,0.39568189997226,0.2078190001193434,0.00771309994161129,0.6113475998863578,0.9996274364055555,5000,4000,1000,77.71223161454814,93.05349587845157,0.2540226477512064,False,budget_sweep,RBF,PI,1e-08,1e-08,200
2923.933448777788,0.2076984167240924,0.31560042957465706,2.7704942374335033,0.09394361620914381,0.3663996441157359,0.4068381282222251,0.3077097620688354,0.616001227356163,0.5901647458111677,0.13145387363812722,0.3279928823147179,0.57664452825413,0.17335547174586996,173.35547174586995,0.17335547174586996,173.35547174586995,0.5310461109172445,0.031046110917244518,31.04611091724452,-0.031046110917244518,-31.04611091724452,False,300.52119584233117,385.5444012343397,686.0655970766709,budget_long_PI_RBF_alpha1em08_target0750_seed2026,BO,0.75,86,bo,rbf,pi,2026,200,20,0.4227153998799622,0.18346570013090968,0.007745599839836359,0.6140667998697609,0.9999717372181218,5000,4000,1000,77.71223161454814,93.05349587845157,0.2540226477512064,False,budget_sweep,RBF,PI,1e-08,1e-08,200
1735.193776451076,0.23814558009250786,0.34041487797428244,1.4060185763055504,0.10371582452537681,0.36189679780787265,0.0671982218431646,0.39470165740716534,0.6868996513550927,0.13533952543518346,0.4571941508458939,0.23793595615745367,0.6322516351244436,0.1177483648755564,117.7483648755564,0.1177483648755564,117.7483648755564,0.4927649828124881,0.0,0.0,0.007235017187511905,7.235017187511906,True,138.6467743086716,0.0,138.6467743086716,budget_long_PI_RBF_alpha1em08_target0750_seed2026,BO,0.75,87,bo,rbf,pi,2026,200,20,0.297881199978292,0.21637040004134178,0.0064742001704871655,0.5208576000295579,0.8210533046595612,5000,4000,1000,77.71223161454814,93.05349587845157,0.2540226477512064,False,budget_sweep,RBF,PI,1e-08,1e-08,200
2945.764449369418,0.2886484489195208,0.29158174566595507,1.0,0.12,0.3625506845377041,0.4130755569626908,0.5389955683414881,0.547376416188443,0.0,1.0,0.2510136907540827,0.6620089092682266,0.08799109073177336,87.99109073177335,0.08799109073177336,87.99109073177335,0.5003537178093891,0.0003537178093890869,0.3537178093890869,-0.0003537178093890869,-0.3537178093890869,False,77.42432048167171,0.05004651547160577,77.47436699714332,budget_long_PI_RBF_alpha1em08_target0750_seed2026,BO,0.75,88,bo,rbf,pi,2026,200,20,0.3307131000328809,0.21484209992922843,0.008471099892631173,0.5541737000457942,0.8702141248874024,5000,4000,1000,77.47436699714332,93.05349587845157,0.2540226477512064,True,budget_sweep,RBF,PI,1e-08,1e-08,200
4717.458286807203,0.19408884876700777,0.13918471949320818,1.9003262794846445,0.10592417945834118,0.3569875594602283,0.9192737962306295,0.26882528219145074,0.11195634140916622,0.30010875982821483,0.530805981944706,0.13975118920456675,0.594647974746794,0.15535202525320602,155.35202525320602,0.15535202525320602,155.35202525320602,0.47996330053024105,0.0,0.0,0.020036699469758945,20.036699469758943,True,241.3425175027276,0.0,241.3425175027276,budget_long_PI_RBF_alpha1em08_target0750_seed2026,BO,0.75,89,bo,rbf,pi,2026,200,20,0.500798000022769,0.20334600005298853,0.006998100085183978,0.7112876998726279,0.993161833691955,5000,4000,1000,77.47436699714332,93.05349587845157,0.2540226477512064,False,budget_sweep,RBF,PI,1e-08,1e-08,200
2104.162285265694,0.1804814104042854,0.44586390987699653,2.781338426427973,0.11688320044533611,0.3933207759529827,0.17261779579019831,0.2299468868693868,0.9881825996485615,0.5937794754759909,0.8961066815112037,0.866415519059654,0.6696563519791686,0.08034364802083138,80.34364802083138,0.08034364802083138,80.34364802083138,0.6385767085143668,0.13857670851436676,138.57670851436677,-0.13857670851436676,-138.57670851436677,False,64.55101777295242,7681.401657070308,7745.95267484326,budget_long_PI_RBF_alpha1em08_target0750_seed2026,BO,0.75,90,bo,rbf,pi,2026,200,20,0.39741980005055666,0.19223520020022988,0.008073900127783418,0.5978631000034511,0.9795592833235857,5000,4000,1000,77.47436699714332,93.05349587845157,0.2540226477512064,False,budget_sweep,RBF,PI,1e-08,1e-08,200
4164.585368018885,0.11428156599350094,0.3938969048829428,2.3145748023493558,0.09699583821843635,0.3539201093050812,0.7613101051482529,0.04080447426714551,0.839705442522694,0.4381916007831186,0.23319460728121177,0.07840218610162464,0.5737326565132164,0.17626734348678363,176.26734348678363,0.17626734348678363,176.26734348678363,0.4888703588752956,0.0,0.0,0.011129641124704381,11.129641124704381,True,310.7017637988776,0.0,310.7017637988776,budget_long_PI_RBF_alpha1em08_target0750_seed2026,BO,0.75,91,bo,rbf,pi,2026,200,20,0.4634885999839753,0.32107429997995496,0.007976599968969822,0.7926700001116842,0.9813083393345511,5000,4000,1000,77.47436699714332,93.05349587845157,0.2540226477512064,False,budget_sweep,RBF,PI,1e-08,1e-08,200
2390.679768346966,0.30070906238872125,0.27286896126455984,3.73922918324764,0.09794950350933712,0.37765560143126564,0.2544799338134188,0.573454463967775,0.49391131789874243,0.91307639441588,0.2649834503112375,0.5531120286253132,0.5849206489599039,0.16507935104009608,165.07935104009607,0.16507935104009608,165.07935104009607,0.5115368161748937,0.01153681617489366,11.53681617489366,-0.01153681617489366,-11.53681617489366,False,272.5119213981927,53.239250981315195,325.7511723795079,budget_long_PI_RBF_alpha1em08_target0750_seed2026,BO,0.75,92,bo,rbf,pi,2026,200,20,0.4118244999554008,0.3147169000003487,0.008231899933889508,0.7349090999923646,0.9241839952343593,5000,4000,1000,77.47436699714332,93.05349587845157,0.2540226477512064,False,budget_sweep,RBF,PI,1e-08,1e-08,200
3147.0232371997577,0.2330307315954923,0.37886630123174025,1.4812973974890895,0.11348750140045388,0.37776488923731627,0.47057806777135935,0.3800878045585495,0.7967608606621152,0.1604324658296965,0.7829167133484631,0.5552977847463253,0.6530281301385494,0.09697186986145057,96.97186986145057,0.09697186986145057,96.97186986145057,0.5076416619003254,0.007641661900325447,7.641661900325447,-0.007641661900325447,-7.641661900325447,False,94.03543544426103,23.35799863955421,117.39343408381524,budget_long_PI_RBF_alpha1em08_target0750_seed2026,BO,0.75,93,bo,rbf,pi,2026,200,20,0.3698286002036184,0.4133278999943286,0.00847180001437664,0.7917664998676628,0.8900556893300858,5000,4000,1000,77.47436699714332,93.05349587845157,0.2540226477512064,False,budget_sweep,RBF,PI,1e-08,1e-08,200
2803.148810317981,0.1855796678168987,0.17447192995959854,1.7648883620648594,0.09838650845898701,0.398238336115332,0.3723282315194232,0.24451333661971053,0.2127769427417101,0.25496278735495315,0.279550281966234,0.9647667223066393,0.6334524218789901,0.11654757812100991,116.5475781210099,0.11654757812100991,116.5475781210099,0.519686103840384,0.01968610384038405,19.68610384038405,-0.01968610384038405,-19.68610384038405,False,135.8333796587291,155.01707376575348,290.85045342448257,budget_long_PI_RBF_alpha1em08_target0750_seed2026,BO,0.75,94,bo,rbf,pi,2026,200,20,0.3769304999150336,0.30041180015541613,0.008927599992603064,0.6864096000790596,0.8067275274107291,5000,4000,1000,77.47436699714332,93.05349587845157,0.2540226477512064,False,budget_sweep,RBF,PI,1e-08,1e-08,200
2923.7659775205198,0.2916843596294343,0.2808241727151776,1.0,0.12,0.36296487187724186,0.4067902792915771,0.5476695989412408,0.5166404934719361,0.0,1.0,0.2592974375448376,0.6618190628655943,0.08818093713440567,88.18093713440567,0.08818093713440567,88.18093713440567,0.5007755221359155,0.000775522135915474,0.775522135915474,-0.000775522135915474,-0.775522135915474,False,77.75877673902004,0.24057383331795962,77.99935057233799,budget_long_PI_RBF_alpha1em08_target0750_seed2026,BO,0.75,95,bo,rbf,pi,2026,200,20,0.35438059992156923,0.411195500055328,0.007022499805316329,0.7727330001071095,0.7610266556250873,5000,4000,1000,77.47436699714332,93.05349587845157,0.2540226477512064,False,budget_sweep,RBF,PI,1e-08,1e-08,200
2711.263419371534,0.28345946725021354,0.25771342253566454,1.0,0.12,0.36154628577083064,0.34607526267758104,0.5241699064291816,0.4506097786733273,0.0,1.0,0.23092571541661264,0.6627920804224011,0.08720791957759888,87.20791957759889,0.08720791957759888,87.20791957759889,0.5008887206179483,0.0008887206179483131,0.8887206179483131,-0.0008887206179483131,-0.8887206179483131,False,76.05221237052953,0.3159297347065726,76.3681421052361,budget_long_PI_RBF_alpha1em08_target0750_seed2026,BO,0.75,96,bo,rbf,pi,2026,200,20,0.32013659994117916,0.2795264997985214,0.008870200021192431,0.6086712998803705,0.8113878391988514,5000,4000,1000,76.3681421052361,93.05349587845157,0.2540226477512064,True,budget_sweep,RBF,PI,1e-08,1e-08,200
1943.6464908934645,0.4174601146753315,0.3365776222146346,3.342144629168347,0.11469333321816699,0.39249363590494407,0.1267561402552756,0.9070288990723757,0.6759360634703847,0.7807148763894489,0.8231111072722335,0.8498727180988811,0.632923677056472,0.11707632294352799,117.07632294352798,0.11707632294352799,117.07632294352798,0.521595438654573,0.02159543865457303,21.59543865457303,-0.02159543865457303,-21.59543865457303,False,137.06865393977256,186.5451882733708,323.61384221314336,budget_long_PI_RBF_alpha1em08_target0750_seed2026,BO,0.75,97,bo,rbf,pi,2026,200,20,0.32855159998871386,0.2975209001451731,0.008641399908810854,0.6348579998593777,0.7477104014849975,5000,4000,1000,76.3681421052361,93.05349587845157,0.2540226477512064,False,budget_sweep,RBF,PI,1e-08,1e-08,200
2985.8213135391625,0.2818117512776679,0.2331720765787477,1.0,0.11919555937220654,0.3601105666386259,0.4245203752969036,0.5194621465076225,0.38049164736785057,0.0,0.9731853124068848,0.2022113327725178,0.6561064396797439,0.09389356032025609,93.89356032025609,0.09389356032025609,93.89356032025609,0.4968122569755327,0.0,0.0,0.003187743024467282,3.187743024467282,True,88.16000669613567,0.0,88.16000669613567,budget_long_PI_RBF_alpha1em08_target0750_seed2026,BO,0.75,98,bo,rbf,pi,2026,200,20,0.34505310002714396,0.24353129998780787,0.007755700033158064,0.5964824000839144,0.9917529241568748,5000,4000,1000,76.3681421052361,93.05349587845157,0.2540226477512064,False,budget_sweep,RBF,PI,1e-08,1e-08,200
2625.0049913077873,0.28722616698304815,0.27703389960474434,1.0,0.12,0.3611355930048393,0.32142999751651075,0.5349319056658519,0.505811141727841,0.0,1.0,0.22271186009678573,0.6631022593978558,0.08689774060214417,86.89774060214417,0.08689774060214417,86.89774060214417,0.5010384913815227,0.001038491381522677,1.038491381522677,-0.001038491381522677,-1.038491381522677,False,75.51217321757534,0.4313857397987514,75.9435589573741,budget_long_PI_RBF_alpha1em08_target0750_seed2026,BO,0.75,99,bo,rbf,pi,2026,200,20,0.3204950999934226,0.2891025000717491,0.008861999958753586,0.6185973000247031,0.899773260800169,5000,4000,1000,75.9435589573741,93.05349587845157,0.2540226477512064,True,budget_sweep,RBF,PI,1e-08,1e-08,200
3841.9254605843653,0.19111082891172707,0.2602307707407941,1.4362370388565704,0.09143094583066398,0.3907509569257969,0.6691215601669616,0.2603166540335059,0.45780220211655454,0.14541234628552346,0.04769819435546596,0.8150191385159385,0.6084212914210592,0.14157870857894084,141.57870857894085,0.14157870857894084,141.57870857894085,0.4934402016805942,0.0,0.0,0.006559798319405785,6.559798319405785,True,200.44530722880657,0.0,200.44530722880657,budget_long_PI_RBF_alpha1em08_target0750_seed2026,BO,0.75,100,bo,rbf,pi,2026,200,20,0.39325469988398254,0.2484355999622494,0.007539399899542332,0.6493758999276906,0.9996479564682968,5000,4000,1000,75.9435589573741,93.05349587845157,0.2540226477512064,False,budget_sweep,RBF,PI,1e-08,1e-08,200
2752.2163290194594,0.2859338336024215,0.3306919066202907,1.0,0.12,0.36293289781048205,0.3577760940055598,0.5312395245783472,0.6591197332008305,0.0,1.0,0.2586579562096414,0.6653227706234696,0.08467722937653044,84.67722937653043,0.08467722937653044,84.67722937653043,0.5021156098704345,0.002115609870434465,2.115609870434465,-0.002115609870434465,-2.115609870434465,False,71.70233174885549,1.7903220495518934,73.49265379840737,budget_long_PI_RBF_alpha1em08_target0750_seed2026,BO,0.75,101,bo,rbf,pi,2026,200,20,0.32007150002755225,0.522124599898234,0.009157600114122033,0.8514937001746148,0.9923907414927436,5000,4000,1000,73.49265379840737,93.05349587845157,0.2540226477512064,True,budget_sweep,RBF,PI,1e-08,1e-08,200
2663.254393084577,0.28707634942177246,0.376667012536373,1.0,0.12,0.3636948133089878,0.3323583980241648,0.5345038554907785,0.7904771786753515,0.0,1.0,0.27389626617975577,0.6685205062429764,0.08147949375702357,81.47949375702356,0.08147949375702357,81.47949375702356,0.5036101198722109,0.0036101198722109373,3.6101198722109373,-0.0036101198722109373,-3.6101198722109373,False,66.38907902900843,5.213186196692926,71.60226522570136,budget_long_PI_RBF_alpha1em08_target0750_seed2026,BO,0.75,102,bo,rbf,pi,2026,200,20,0.3258340999018401,0.38048819988034666,0.00918780011124909,0.7156478997785598,0.9121989056186421,5000,4000,1000,71.60226522570136,93.05349587845157,0.2540226477512064,True,budget_sweep,RBF,PI,1e-08,1e-08,200
2521.1597158868826,0.2834713101461939,0.40621589414285086,1.0,0.12,0.3625339594435442,0.29175991882482355,0.5242037432748398,0.8749025546938598,0.0,1.0,0.25067918887088503,0.6700510470266731,0.07994895297332694,79.94895297332694,0.07994895297332694,79.94895297332694,0.5037759110054016,0.0037759110054016443,3.7759110054016443,-0.0037759110054016443,-3.7759110054016443,False,63.918350815312415,5.703001568285302,69.62135238359772,budget_long_PI_RBF_alpha1em08_target0750_seed2026,BO,0.75,103,bo,rbf,pi,2026,200,20,0.3221470999997109,0.34645400010049343,0.009218699997290969,0.6779579999856651,0.7448453909647963,5000,4000,1000,69.62135238359772,93.05349587845157,0.2540226477512064,True,budget_sweep,RBF,PI,1e-08,1e-08,200
2583.7889179368685,0.2847647097711738,0.4119342284371975,1.0,0.12,0.36257953364496603,0.309653976553391,0.5278991707747823,0.8912406526777071,0.0,1.0,0.2515906728993208,0.669303271396952,0.080696728603048,80.696728603048,0.080696728603048,80.696728603048,0.5032893843210237,0.0032893843210236584,3.2893843210236584,-0.0032893843210236584,-3.2893843210236584,False,65.11962007233983,4.32801968455851,69.44763975689834,budget_long_PI_RBF_alpha1em08_target0750_seed2026,BO,0.75,104,bo,rbf,pi,2026,200,20,0.3260077000595629,0.33669889997690916,0.007888100109994411,0.6707332001533359,0.9172812571232845,5000,4000,1000,69.44763975689834,93.05349587845157,0.2540226477512064,True,budget_sweep,RBF,PI,1e-08,1e-08,200
2256.5563332095526,0.28738236749465856,0.44979413673716206,1.0,0.12,0.3600527680574439,0.2161589523455864,0.5353781928418816,0.9994118192490344,0.0,1.0,0.20105536114887845,0.6716329721876575,0.0783670278123425,78.3670278123425,0.0783670278123425,78.3670278123425,0.5037030359974084,0.0037030359974083993,3.7030359974083993,-0.0037030359974083993,-3.7030359974083993,False,61.413910481404635,5.484990239240968,66.8989007206456,budget_long_PI_RBF_alpha1em08_target0750_seed2026,BO,0.75,105,bo,rbf,pi,2026,200,20,0.29648480005562305,0.26409699977375567,0.009285900043323636,0.5700085000135005,0.9982421859050012,5000,4000,1000,66.8989007206456,93.05349587845157,0.2540226477512064,True,budget_sweep,RBF,PI,1e-08,1e-08,200
4607.495594575007,0.19336931562379223,0.15104415276801939,2.3231588291889804,0.09573153159377647,0.3544186972434758,0.8878558841642877,0.2667694732108349,0.1458404364800554,0.4410529430629935,0.19105105312588222,0.088373944869516,0.5628319183045951,0.1871680816954049,187.16808169540488,0.1871680816954049,187.16808169540488,0.478027780399951,0.0,0.0,0.021972219600049026,21.972219600049026,True,350.31890805537756,0.0,350.31890805537756,budget_long_PI_RBF_alpha1em08_target0750_seed2026,BO,0.75,106,bo,rbf,pi,2026,200,20,0.4526168000884354,0.2743301000446081,0.009036599891260266,0.7361238000448793,0.9998011415645082,5000,4000,1000,66.8989007206456,93.05349587845157,0.2540226477512064,False,budget_sweep,RBF,PI,1e-08,1e-08,200
3658.84923932786,0.24915451215592838,0.44512283487367565,2.2251334490359618,0.10362321287343018,0.36828086308556984,0.6168140683793886,0.4261557490169382,0.9860652424962162,0.40837781634532067,0.4541070957810063,0.36561726171139675,0.6037105268250671,0.1462894731749329,146.2894731749329,0.1462894731749329,146.2894731749329,0.5008041334212094,0.0008041334212094409,0.8041334212094409,-0.0008041334212094409,-0.8041334212094409,False,214.00609961799415,0.25865222364240004,214.26475184163655,budget_long_PI_RBF_alpha1em08_target0750_seed2026,BO,0.75,107,bo,rbf,pi,2026,200,20,0.43084200005978346,0.3389620999805629,0.008167800027877092,0.7781116999685764,0.9588781452406618,5000,4000,1000,66.8989007206456,93.05349587845157,0.2540226477512064,False,budget_sweep,RBF,PI,1e-08,1e-08,200
2307.105670083688,0.2830331954051294,0.44999999999999996,1.0,0.12,0.36094077267083047,0.23060162002391088,0.5229519868717983,1.0,0.0,1.0,0.2188154534166094,0.6722726628677372,0.07772733713226276,77.72733713226276,0.07772733713226276,77.72733713226276,0.5042743150686012,0.004274315068601209,4.274315068601209,-0.004274315068601209,-4.274315068601209,False,60.415389376724335,7.307907722268543,67.72329709899287,budget_long_PI_RBF_alpha1em08_target0750_seed2026,BO,0.75,108,bo,rbf,pi,2026,200,20,0.3552090001758188,0.2552075998391956,0.009465400129556656,0.6200228000525385,0.798222941510672,5000,4000,1000,66.8989007206456,93.05349587845157,0.2540226477512064,False,budget_sweep,RBF,PI,1e-08,1e-08,200
3413.312670320273,0.2176344502558741,0.41395604095146254,2.9397918301858885,0.1015750975992717,0.3557997944836653,0.5466607629486494,0.33609842930249745,0.8970172598613215,0.6465972767286294,0.3858365866423904,0.11599588967330554,0.5784681216988399,0.17153187830116012,171.53187830116013,0.17153187830116012,171.53187830116013,0.5282657150043818,0.028265715004381797,28.265715004381796,-0.028265715004381797,-28.265715004381796,False,294.23185273524,319.5802578835737,613.8121106188137,budget_long_PI_RBF_alpha1em08_target0750_seed2026,BO,0.75,109,bo,rbf,pi,2026,200,20,0.4484834000468254,0.26258040009997785,0.009431699989363551,0.7206357000395656,0.9999090042116124,5000,4000,1000,66.8989007206456,93.05349587845157,0.2540226477512064,False,budget_sweep,RBF,PI,1e-08,1e-08,200
2223.3773004052923,0.29131243371472343,0.44764090849220217,1.0,0.12,0.360533366402104,0.20667922868722638,0.5466069534706384,0.9932597385491491,0.0,1.0,0.21066732804207988,0.6721048100831709,0.07789518991682909,77.89518991682908,0.07789518991682909,77.89518991682908,0.5043384989160299,0.004338498916029887,4.338498916029887,-0.004338498916029887,-4.338498916029887,False,60.676606121788716,7.529029137757002,68.20563525954572,budget_long_PI_RBF_alpha1em08_target0750_seed2026,BO,0.75,110,bo,rbf,pi,2026,200,20,0.30013420013710856,0.32521179993636906,0.008192300098016858,0.6336799000855535,0.853765112782529,5000,4000,1000,66.8989007206456,93.05349587845157,0.2540226477512064,False,budget_sweep,RBF,PI,1e-08,1e-08,200
4959.168944440129,0.1971676194781251,0.30484684495439196,2.441821817525767,0.11360738461735076,0.350547365008398,0.9883339841257512,0.2776217699375003,0.5852766998696913,0.48060727250858903,0.7869128205783589,0.010947300167960083,0.5982289848166864,0.1517710151833136,151.7710151833136,0.1517710151833136,151.7710151833136,0.4990906178080584,0.0,0.0,0.0009093821919415879,0.9093821919415879,True,230.34441049773602,0.0,230.34441049773602,budget_long_PI_RBF_alpha1em08_target0750_seed2026,BO,0.75,111,bo,rbf,pi,2026,200,20,0.4942089000251144,0.35136299999430776,0.009700999828055501,0.8554174001328647,0.730418250451313,5000,4000,1000,66.8989007206456,93.05349587845157,0.2540226477512064,False,budget_sweep,RBF,PI,1e-08,1e-08,200
1934.2828479463599,0.31813992384847434,0.4478088426018718,3.444377810325533,0.10277887681699578,0.3559329307023448,0.12408081369895996,0.6232569252813553,0.9937395502910624,0.8147926034418443,0.42596256056652604,0.11865861404689526,0.5790923598434573,0.1709076401565427,170.9076401565427,0.1709076401565427,170.9076401565427,0.48836217209672994,0.0,0.0,0.01163782790327006,11.63782790327006,True,292.09421463878283,0.0,292.09421463878283,budget_long_PI_RBF_alpha1em08_target0750_seed2026,BO,0.75,112,bo,rbf,pi,2026,200,20,0.3788840000052005,0.25096710002981126,0.010301300091668963,0.6402960999403149,0.9999999999906451,5000,4000,1000,66.8989007206456,93.05349587845157,0.2540226477512064,False,budget_sweep,RBF,PI,1e-08,1e-08,200
1886.500986529202,0.2814078595598192,0.15837799541874611,3.557100502608668,0.10307187822530672,0.3829339443211015,0.11042885329405772,0.5183081701709119,0.16679427262498892,0.8523668342028894,0.4357292741768908,0.6586788864220301,0.6077322372019363,0.14226776279806375,142.26776279806376,0.14226776279806375,142.26776279806376,0.5292769459153432,0.029276945915343244,29.276945915343244,-0.029276945915343244,-29.276945915343244,False,202.4011633156613,342.85582485197335,545.2569881676346,budget_long_PI_RBF_alpha1em08_target0750_seed2026,BO,0.75,113,bo,rbf,pi,2026,200,20,0.38388530001975596,0.27340790000744164,0.009139399975538254,0.6665771999396384,0.9999996974680131,5000,4000,1000,66.8989007206456,93.05349587845157,0.2540226477512064,False,budget_sweep,RBF,PI,1e-08,1e-08,200
3093.0251397174393,0.3649605242500239,0.3474779278273759,1.2323652176339297,0.11138564354187117,0.39146065526897145,0.4551500399192684,0.7570300692857826,0.7070797937925026,0.07745507254464323,0.7128547847290387,0.8292131053794292,0.6582781898371901,0.09172181016280989,91.72181016280989,0.09172181016280989,91.72181016280989,0.5162427187093259,0.01624271870932592,16.24271870932592,-0.01624271870932592,-16.24271870932592,False,84.12890459542535,105.53036442811452,189.65926902353988,budget_long_PI_RBF_alpha1em08_target0750_seed2026,BO,0.75,114,bo,rbf,pi,2026,200,20,0.319716100115329,0.3234429000876844,0.009745100047439337,0.6530450000427663,0.72533382522415,5000,4000,1000,66.8989007206456,93.05349587845157,0.2540226477512064,False,budget_sweep,RBF,PI,1e-08,1e-08,200
1903.9387505510592,0.21360865411005764,0.4308919806350534,1.050607097301748,0.09095168829756128,0.369791985385774,0.11541107158601693,0.32459615460016467,0.9454056589572953,0.01686903243391602,0.031722943252042723,0.3958397077154806,0.6166675819866656,0.1333324180133344,133.3324180133344,0.1333324180133344,133.3324180133344,0.48467861335875184,0.0,0.0,0.015321386641248158,15.321386641248157,True,177.77533693282538,0.0,177.77533693282538,budget_long_PI_RBF_alpha1em08_target0750_seed2026,BO,0.75,115,bo,rbf,pi,2026,200,20,0.2991098000202328,0.1956605000887066,0.009602899895980954,0.5045156001579016,0.7638869715145828,5000,4000,1000,66.8989007206456,93.05349587845157,0.2540226477512064,False,budget_sweep,RBF,PI,1e-08,1e-08,200
4862.712996920833,0.32165111506443894,0.39010899666442955,2.487857861678794,0.11602186524819284,0.35512654463011906,0.9607751419773808,0.6332889001841113,0.8288828476126558,0.495952620559598,0.8673955082730951,0.10253089260238202,0.6055661091279322,0.14443389087206782,144.43389087206782,0.14443389087206782,144.43389087206782,0.493865071790046,0.0,0.0,0.006134928209953983,6.134928209953983,True,208.61148832444397,0.0,208.61148832444397,budget_long_PI_RBF_alpha1em08_target0750_seed2026,BO,0.75,116,bo,rbf,pi,2026,200,20,0.4394652000628412,0.23721259995363653,0.008664999855682254,0.685503700049594,0.624999187561442,5000,4000,1000,66.8989007206456,93.05349587845157,0.2540226477512064,False,budget_sweep,RBF,PI,1e-08,1e-08,200
1656.8662412677731,0.38061340243425734,0.4017857831580799,3.69856511883533,0.11793582296366717,0.3576500401499965,0.044818926076506616,0.8017525783835924,0.8622450947373712,0.8995217062784433,0.9311940987889056,0.15300080299993069,0.6080927919393573,0.14190720806064272,141.90720806064272,0.14190720806064272,141.90720806064272,0.4941265840379198,0.0,0.0,0.005873415962080186,5.873415962080186,True,201.37655699566542,0.0,201.37655699566542,budget_long_PI_RBF_alpha1em08_target0750_seed2026,BO,0.75,117,bo,rbf,pi,2026,200,20,0.3367471999954432,0.2513857001904398,0.010069600073620677,0.5983482000883669,0.5595751075600139,5000,4000,1000,66.8989007206456,93.05349587845157,0.2540226477512064,False,budget_sweep,RBF,PI,1e-08,1e-08,200
1659.6427068242638,0.28624783508376994,0.43265145309007313,1.0,0.12,0.35500410982802666,0.04561220194978963,0.5321366716679141,0.9504327231144946,0.0,1.0,0.10008219656053312,0.6763493256084339,0.07365067439156614,73.65067439156614,0.07365067439156614,73.65067439156614,0.5068098708958151,0.006809870895815084,6.809870895815084,-0.006809870895815084,-6.809870895815084,False,54.24421838332496,18.549736647067736,72.7939550303927,budget_long_PI_RBF_alpha1em08_target0750_seed2026,BO,0.75,118,bo,rbf,pi,2026,200,20,0.2627502998802811,0.4601439000107348,0.010229399893432856,0.7332668998278677,0.5838599238477337,5000,4000,1000,66.8989007206456,93.05349587845157,0.2540226477512064,False,budget_sweep,RBF,PI,1e-08,1e-08,200
4493.554808884086,0.4018751379808273,0.11240268036087549,2.437461247286286,0.09619690480718998,0.38632663219387653,0.8553013739668817,0.8625003942309353,0.03543622960250137,0.4791537490954286,0.20656349357299963,0.7265326438775304,0.5894225199064661,0.1605774800935339,160.5774800935339,0.1605774800935339,160.5774800935339,0.49271743388797995,0.0,0.0,0.00728256611202005,7.28256611202005,True,257.85127113189276,0.0,257.85127113189276,budget_long_PI_RBF_alpha1em08_target0750_seed2026,BO,0.75,119,bo,rbf,pi,2026,200,20,0.42967729992233217,0.21707080001942813,0.008875499945133924,0.6557681998237967,0.6170839304071974,5000,4000,1000,66.8989007206456,93.05349587845157,0.2540226477512064,False,budget_sweep,RBF,PI,1e-08,1e-08,200
4932.53400632386,0.22319042450201032,0.3300140509254126,1.6220628215750263,0.0938904304919217,0.376719120414784,0.9807240018068171,0.35197264143431517,0.6571830026440361,0.20735427385834215,0.12968101639739016,0.5343824082956805,0.5933145220956095,0.15668547790439047,156.68547790439047,0.15668547790439047,156.68547790439047,0.4791766425476486,0.0,0.0,0.02082335745235142,20.82335745235142,True,245.5033898612723,0.0,245.5033898612723,budget_long_PI_RBF_alpha1em08_target0750_seed2026,BO,0.75,120,bo,rbf,pi,2026,200,20,0.451496500056237,0.6247125000227243,0.011273500043898821,1.0876312998589128,0.5417636393811339,5000,4000,1000,66.8989007206456,93.05349587845157,0.2540226477512064,False,budget_sweep,RBF,PI,1e-08,1e-08,200
1936.1439919199793,0.4461347254157756,0.34587618556274297,3.0226479349829303,0.09271174640791098,0.37222781178951087,0.12461256911999408,0.9889563583307873,0.7025033873221228,0.6742159783276435,0.09039154693036622,0.4445562357902172,0.5679344234824881,0.18206557651751187,182.0655765175119,0.18206557651751187,182.0655765175119,0.47601238936136997,0.0,0.0,0.02398761063863003,23.98761063863003,True,331.4787415265397,0.0,331.4787415265397,budget_long_PI_RBF_alpha1em08_target0750_seed2026,BO,0.75,121,bo,rbf,pi,2026,200,20,0.31440909998491406,0.3812633999623358,0.01034920010715723,0.7061675998847932,0.5332152607290275,5000,4000,1000,66.8989007206456,93.05349587845157,0.2540226477512064,False,budget_sweep,RBF,PI,1e-08,1e-08,200
4116.682209259623,0.4472024475206563,0.1808817865994724,3.2465619208385057,0.09652549557359535,0.3844048005210602,0.7476234883598923,0.992006992916161,0.23109081885563543,0.7488539736128352,0.2175165191198455,0.6880960104212037,0.5792920522925438,0.17070794770745623,170.70794770745624,0.17070794770745623,170.70794770745624,0.48680423960671404,0.0,0.0,0.01319576039328596,13.19576039328596,True,291.4120341049161,0.0,291.4120341049161,budget_long_PI_RBF_alpha1em08_target0750_seed2026,BO,0.75,122,bo,rbf,pi,2026,200,20,0.391805499792099,0.2701007998548448,0.010866700205951929,0.6729260000865906,0.5060444023130162,5000,4000,1000,66.8989007206456,93.05349587845157,0.2540226477512064,False,budget_sweep,RBF,PI,1e-08,1e-08,200
2615.2463217045643,0.38931759360573026,0.273760947446829,1.632623322837391,0.11713039975434689,0.36384886392070837,0.3186418062013041,0.8266216960163724,0.4964598498480828,0.210874440945797,0.9043466584782296,0.2769772784141675,0.6340628501252312,0.11593714987476877,115.93714987476878,0.11593714987476877,115.93714987476878,0.49565032140120346,0.0,0.0,0.004349678598796536,4.349678598796536,True,134.41422721084598,0.0,134.41422721084598,budget_long_PI_RBF_alpha1em08_target0750_seed2026,BO,0.75,123,bo,rbf,pi,2026,200,20,0.3100021998398006,0.28658469999209046,0.016299699898809195,0.6130431999918073,0.9923709505098925,5000,4000,1000,66.8989007206456,93.05349587845157,0.2540226477512064,False,budget_sweep,RBF,PI,1e-08,1e-08,200
2323.598042301608,0.19099279406451622,0.32306016679422517,1.7436663624175823,0.10865933061650904,0.35099700111767285,0.23531372637188797,0.2599794116129035,0.6373147622692148,0.2478887874725274,0.6219776872169681,0.019940022353457154,0.6200633810134331,0.12993661898656694,129.93661898656694,0.12993661898656694,129.93661898656694,0.4896258163868035,0.0,0.0,0.010374183613196475,10.374183613196475,True,168.83524953660267,0.0,168.83524953660267,budget_long_PI_RBF_alpha1em08_target0750_seed2026,BO,0.75,124,bo,rbf,pi,2026,200,20,0.3426860999315977,0.4037629999220371,0.010872300015762448,0.7574629001319408,0.625955676823697,5000,4000,1000,66.8989007206456,93.05349587845157,0.2540226477512064,False,budget_sweep,RBF,PI,1e-08,1e-08,200
2028.5629659983629,0.19974898519086223,0.3182527775065862,2.3488266402570375,0.11437464938440169,0.37357817183261616,0.15101799028524654,0.2849971005453207,0.623579364304532,0.44960888008567923,0.8124883128133896,0.47156343665232303,0.6501372653609688,0.09986273463903117,99.86273463903117,0.09986273463903117,99.86273463903117,0.5742758652411277,0.07427586524112773,74.27586524112772,-0.07427586524112773,-74.27586524112772,False,99.72565769585557,2206.761662927266,2306.487320623122,budget_long_PI_RBF_alpha1em08_target0750_seed2026,BO,0.75,125,bo,rbf,pi,2026,200,20,0.3662672999780625,0.274155099876225,0.01080689998343587,0.6513769999146461,0.9971500664634392,5000,4000,1000,66.8989007206456,93.05349587845157,0.2540226477512064,False,budget_sweep,RBF,PI,1e-08,1e-08,200
4936.247310715001,0.20080289538632493,0.20605314549742393,2.587971087701392,0.10624574244682905,0.3534119704739122,0.9817849459185717,0.28800827253235695,0.30300898713549695,0.529323695900464,0.5415247482276349,0.06823940947824436,0.5811320967448543,0.16886790325514567,168.86790325514568,0.16886790325514567,168.86790325514568,0.4974481517804829,0.0,0.0,0.0025518482195170944,2.5518482195170944,True,285.1636874978924,0.0,285.1636874978924,budget_long_PI_RBF_alpha1em08_target0750_seed2026,BO,0.75,126,bo,rbf,pi,2026,200,20,0.49069350003264844,0.2905015000142157,0.009096599882468581,0.7904402001295239,0.728795283244959,5000,4000,1000,66.8989007206456,93.05349587845157,0.2540226477512064,False,budget_sweep,RBF,PI,1e-08,1e-08,200
2157.2001247454104,0.134513276758951,0.2779391459662851,1.837590618248457,0.09970426477924996,0.3555529038632704,0.18777146421297441,0.09860936216843141,0.5083975599036717,0.2791968727494857,0.3234754926416653,0.1110580772654074,0.6064770087732013,0.14352299122679868,143.52299122679867,0.14352299122679868,143.52299122679867,0.4982117030361151,0.0,0.0,0.0017882969638848834,1.7882969638848834,True,205.98849010687732,0.0,205.98849010687732,budget_long_PI_RBF_alpha1em08_target0750_seed2026,BO,0.75,127,bo,rbf,pi,2026,200,20,0.34978650021366775,0.28806450008414686,0.01092969998717308,0.6489256999921054,0.7308994460954751,5000,4000,1000,66.8989007206456,93.05349587845157,0.2540226477512064,False,budget_sweep,RBF,PI,1e-08,1e-08,200
4658.679468345699,0.2516299065206443,0.2364870139862081,2.2530751525740946,0.09215638529700884,0.3940103083623442,0.9024798480987714,0.43322830434469817,0.3899628971034518,0.41769171752469814,0.07187950990029468,0.8802061672468828,0.5963473342125687,0.1536526657874313,153.65266578743132,0.1536526657874313,153.65266578743132,0.5066373022377422,0.006637302237742171,6.637302237742171,-0.006637302237742171,-6.637302237742171,False,236.0914170358406,17.621512398054893,253.7129294338955,budget_long_PI_RBF_alpha1em08_target0750_seed2026,BO,0.75,128,bo,rbf,pi,2026,200,20,0.44959439989179373,0.3420556001365185,0.011409099912270904,0.8032116000540555,0.6936128613191673,5000,4000,1000,66.8989007206456,93.05349587845157,0.2540226477512064,False,budget_sweep,RBF,PI,1e-08,1e-08,200
2459.610079937459,0.42663265138609974,0.3785026049481802,1.1535446944616254,0.11646118148717502,0.3643968247421543,0.27417430855355973,0.933236146817428,0.795721728423372,0.051181564820541814,0.8820393829058342,0.2879364948430856,0.6435152070781573,0.10648479292184265,106.48479292184265,0.10648479292184265,106.48479292184265,0.49591829531855447,0.0,0.0,0.0040817046814455304,4.0817046814455304,True,113.39011123607709,0.0,113.39011123607709,budget_long_PI_RBF_alpha1em08_target0750_seed2026,BO,0.75,129,bo,rbf,pi,2026,200,20,0.2617320998106152,0.36242219991981983,0.011000599944964051,0.6353055001236498,0.5750346196665007,5000,4000,1000,66.8989007206456,93.05349587845157,0.2540226477512064,False,budget_sweep,RBF,PI,1e-08,1e-08,200
4968.965271128696,0.11362127932379434,0.41426184061661475,2.5410008641565156,0.11106604133342916,0.35080252980637944,0.9911329346081991,0.03891794092512668,0.8978909731903278,0.5136669547188386,0.7022013777809722,0.016050596127589634,0.5947732507656855,0.15522674923431445,155.22674923431447,0.15522674923431445,155.22674923431447,0.5078906448854231,0.007890644885423126,7.890644885423126,-0.007890644885423126,-7.890644885423126,False,240.95343677852742,24.904910683141654,265.8583474616691,budget_long_PI_RBF_alpha1em08_target0750_seed2026,BO,0.75,130,bo,rbf,pi,2026,200,20,0.5165236000902951,0.33225440001115203,0.009623899823054671,0.8585621998645365,0.6290996428847484,5000,4000,1000,66.8989007206456,93.05349587845157,0.2540226477512064,False,budget_sweep,RBF,PI,1e-08,1e-08,200
1563.3985476888645,0.34436898416018125,0.28374320282856014,3.522128502480716,0.11936602392096207,0.3690244289459144,0.018113870768246998,0.698197097600518,0.5249805795101719,0.8407095008269054,0.9788674640320693,0.380488578918288,0.6295386854214664,0.1204613145785336,120.4613145785336,0.1204613145785336,120.4613145785336,0.5110128009944821,0.011012800994482097,11.012800994482097,-0.011012800994482097,-11.012800994482097,False,145.1092830998843,48.512714297626346,193.62199739751065,budget_long_PI_RBF_alpha1em08_target0750_seed2026,BO,0.75,131,bo,rbf,pi,2026,200,20,0.3537121000699699,0.4090790001209825,0.01116509991697967,0.7741036999505013,0.5370042762006705,5000,4000,1000,66.8989007206456,93.05349587845157,0.2540226477512064,False,budget_sweep,RBF,PI,1e-08,1e-08,200
2127.608849028865,0.43566325808889306,0.31278080996973123,1.4185011819726536,0.1189510087723999,0.36432881368686126,0.17931681400824717,0.9590378802539803,0.6079451713420894,0.13950039399088454,0.9650336257466635,0.28657627373722516,0.6419491590959788,0.10805084090402117,108.05084090402117,0.10805084090402117,108.05084090402117,0.4994435838563033,0.0,0.0,0.0005564161436967252,0.5564161436967252,True,116.74984220066094,0.0,116.74984220066094,budget_long_PI_RBF_alpha1em08_target0750_seed2026,BO,0.75,132,bo,rbf,pi,2026,200,20,0.25956729985773563,0.45424479991197586,0.011881500016897917,0.7258548999670893,0.5610905554011894,5000,4000,1000,66.8989007206456,93.05349587845157,0.2540226477512064,False,budget_sweep,RBF,PI,1e-08,1e-08,200
4532.6785455212685,0.3092888412613766,0.2468686209846954,2.8782768486301507,0.11221825820035077,0.35548578796421615,0.8664795844346481,0.5979681178896475,0.41962463138484396,0.6260922828767168,0.740608606678359,0.10971575928432342,0.5916139223234462,0.15838607767655377,158.38607767655378,0.15838607767655377,158.38607767655378,0.5012642724438467,0.0012642724438467479,1.2642724438467479,-0.0012642724438467479,-1.2642724438467479,False,250.86149601763324,0.6393539249080913,251.50084994254132,budget_long_PI_RBF_alpha1em08_target0750_seed2026,BO,0.75,133,bo,rbf,pi,2026,200,20,0.4560680000577122,0.34445319999940693,0.013285999884828925,0.8139592001680285,0.9999999999994845,5000,4000,1000,66.8989007206456,93.05349587845157,0.2540226477512064,False,budget_sweep,RBF,PI,1e-08,1e-08,200
2561.620069197717,0.18440000736911988,0.2923461775424381,2.2390537189065762,0.09558837800944246,0.3595921410839885,0.3033200197707763,0.24114287819748537,0.5495605072641088,0.41301790630219204,0.18627926698141561,0.19184282167977007,0.585104680231137,0.16489531976886296,164.89531976886295,0.16489531976886296,164.89531976886295,0.5080893185339728,0.008089318533972767,8.089318533972767,-0.008089318533972767,-8.089318533972767,False,271.9046648167556,26.174829737630127,298.07949455438575,budget_long_PI_RBF_alpha1em08_target0750_seed2026,BO,0.75,134,bo,rbf,pi,2026,200,20,0.3952787001617253,0.3360899998806417,0.015112499939277768,0.7466430999338627,0.9995155886426395,5000,4000,1000,66.8989007206456,93.05349587845157,0.2540226477512064,False,budget_sweep,RBF,PI,1e-08,1e-08,200
3756.7610299309717,0.4197941725631712,0.3079491125990775,1.252137963470613,0.11779503186407134,0.3651066664374712,0.6447888656945634,0.913697635894775,0.59414032171165,0.08404598782353767,0.9265010621357112,0.30213332874942356,0.639589514306462,0.11041048569353795,110.41048569353795,0.11041048569353795,110.41048569353795,0.4933332133007207,0.0,0.0,0.006666786699279281,6.666786699279282,True,121.90475351082947,0.0,121.90475351082947,budget_long_PI_RBF_alpha1em08_target0750_seed2026,BO,0.75,135,bo,rbf,pi,2026,200,20,0.3473449000157416,0.47627760004252195,0.01172990002669394,0.8355188998393714,0.5631564717776013,5000,4000,1000,66.8989007206456,93.05349587845157,0.2540226477512064,False,budget_sweep,RBF,PI,1e-08,1e-08,200
1627.1950765117354,0.3220699951769115,0.4231562769509881,1.8299999969730054,0.11948123894346553,0.35441386729019136,0.03634145043192438,0.6344857005054614,0.9233036484313946,0.2766666656576685,0.9827079647821844,0.08827734580382762,0.6464579789176315,0.10354202108236854,103.54202108236854,0.10354202108236854,103.54202108236854,0.5006212480978829,0.0006212480978828872,0.6212480978828872,-0.0006212480978828872,-0.6212480978828872,False,107.2095012982165,0.15437967964924215,107.36388097786573,budget_long_PI_RBF_alpha1em08_target0750_seed2026,BO,0.75,136,bo,rbf,pi,2026,200,20,0.29105939995497465,0.4737011999823153,0.012174299918115139,0.7771020999643952,0.544796737973065,5000,4000,1000,66.8989007206456,93.05349587845157,0.2540226477512064,False,budget_sweep,RBF,PI,1e-08,1e-08,200
1837.321405722318,0.20261936233070968,0.3223952675199896,2.424794212027093,0.10680049481348144,0.370333774820338,0.0963775444920909,0.29319817808774196,0.6354150500571132,0.4749314040090311,0.5600164937827151,0.40667549640676093,0.6289981810547737,0.12100181894522632,121.00181894522632,0.12100181894522632,121.00181894522632,0.5663870986125391,0.06638709861253911,66.3870986125391,-0.06638709861253911,-66.3870986125391,False,146.41440188053335,1762.8987448763964,1909.3131467569299,budget_long_PI_RBF_alpha1em08_target0750_seed2026,BO,0.75,137,bo,rbf,pi,2026,200,20,0.3505672998726368,0.2602861998602748,0.012252400163561106,0.623260899912566,0.9985085779818863,5000,4000,1000,66.8989007206456,93.05349587845157,0.2540226477512064,False,budget_sweep,RBF,PI,1e-08,1e-08,200
2712.6647424836165,0.31925050307489267,0.24461074140495997,2.5778357709442083,0.09411260685391062,0.3968055684760658,0.3464756407096047,0.6264300087854077,0.41317354687131425,0.5259452569814028,0.1370868951303541,0.9361113695213155,0.6050264690065474,0.14497353099345256,144.97353099345256,0.14497353099345256,144.97353099345256,0.5195403977878316,0.019540397787831565,19.540397787831566,-0.019540397787831565,-19.540397787831566,False,210.1732468870955,152.73085828267708,362.9041051697726,budget_long_PI_RBF_alpha1em08_target0750_seed2026,BO,0.75,138,bo,rbf,pi,2026,200,20,0.3705303000751883,0.48848109995014966,0.01062419987283647,0.8697945999447256,0.7690912706487387,5000,4000,1000,66.8989007206456,93.05349587845157,0.2540226477512064,False,budget_sweep,RBF,PI,1e-08,1e-08,200
4884.965929593336,0.40903403192973864,0.3702226721228473,3.258732196518099,0.1032960625184959,0.35900854417645195,0.9671331227409533,0.8829543769421105,0.7720647774938495,0.7529107321726995,0.4432020839498638,0.18017088352903965,0.5676380275794634,0.18236197242053664,182.36197242053663,0.18236197242053664,182.36197242053663,0.4746014407775885,0.0,0.0,0.02539855922241152,25.39855922241152,True,332.5588898510856,0.0,332.5588898510856,budget_long_PI_RBF_alpha1em08_target0750_seed2026,BO,0.75,139,bo,rbf,pi,2026,200,20,0.43016379978507757,0.38156240014359355,0.011714699910953641,0.8235883000306785,0.5634735026457363,5000,4000,1000,66.8989007206456,93.05349587845157,0.2540226477512064,False,budget_sweep,RBF,PI,1e-08,1e-08,200
3849.173857585685,0.24425443912040393,0.1010323096458428,2.7731484712103294,0.09538907435053168,0.3502630906765937,0.6711925307387671,0.41215554034401125,0.002949456130979411,0.5910494904034431,0.17963581168438925,0.00526181353187527,0.5532967596755289,0.19670324032447106,196.70324032447107,0.19670324032447106,196.70324032447107,0.49010528236305834,0.0,0.0,0.009894717636941663,9.894717636941664,True,386.92164754146614,0.0,386.92164754146614,budget_long_PI_RBF_alpha1em08_target0750_seed2026,BO,0.75,140,bo,rbf,pi,2026,200,20,0.4533600998111069,0.5891354000195861,0.012259300099685788,1.0549212000332773,0.9977385285768359,5000,4000,1000,66.8989007206456,93.05349587845157,0.2540226477512064,False,budget_sweep,RBF,PI,1e-08,1e-08,200
4982.333708820167,0.18730335513973698,0.39855668621781704,1.0918123250282048,0.10156734142554298,0.36009375711142644,0.9949524882343335,0.24943815754210563,0.8530191034794774,0.03060410834273497,0.38557804751809965,0.2018751422285291,0.6072018863668849,0.14279811363311512,142.79811363311512,0.14279811363311512,142.79811363311512,0.4717858735343559,0.0,0.0,0.028214126465644085,28.214126465644085,True,203.91301257176056,0.0,203.91301257176056,budget_long_PI_RBF_alpha1em08_target0750_seed2026,BO,0.75,141,bo,rbf,pi,2026,200,20,0.4196802000515163,0.9341063001193106,0.013510199962183833,1.3674618999939412,0.5735825468234796,5000,4000,1000,66.8989007206456,93.05349587845157,0.2540226477512064,False,budget_sweep,RBF,PI,1e-08,1e-08,200
4086.4508403062,0.3130578050038933,0.31541368598111175,1.6516553848679818,0.09516191512322524,0.35500410431701357,0.7389859543732,0.6087365857254095,0.6154676742317479,0.21721846162266056,0.17206383744084108,0.10008208634027127,0.5731528750269472,0.17684712497305277,176.84712497305276,0.17684712497305277,176.84712497305276,0.459359406400145,0.0,0.0,0.040640593599855,40.640593599855,True,312.74905611234544,0.0,312.74905611234544,budget_long_PI_RBF_alpha1em08_target0750_seed2026,BO,0.75,142,bo,rbf,pi,2026,200,20,0.38813310000114143,0.5291842001024634,0.018428000155836344,0.9359019000548869,0.9972048525338647,5000,4000,1000,66.8989007206456,93.05349587845157,0.2540226477512064,False,budget_sweep,RBF,PI,1e-08,1e-08,200
4860.560394738999,0.2676662694027957,0.20892394618124188,2.749156876253829,0.1187945652022216,0.359199307107223,0.9601601127825713,0.47904648400798766,0.31121127480354827,0.5830522920846097,0.9598188400740538,0.18398614214445963,0.6099939168219422,0.14000608317805785,140.00608317805785,0.14000608317805785,140.00608317805785,0.5165543465622592,0.01655434656225918,16.55434656225918,-0.01655434656225918,-16.55434656225918,False,196.01703326861252,109.61855604135295,305.63558930996544,budget_long_PI_RBF_alpha1em08_target0750_seed2026,BO,0.75,143,bo,rbf,pi,2026,200,20,0.497369899880141,0.6103081998880953,0.013629400171339512,1.1214711000211537,0.9999999782485981,5000,4000,1000,66.8989007206456,93.05349587845157,0.2540226477512064,False,budget_sweep,RBF,PI,1e-08,1e-08,200
1571.1883635476884,0.4155598106145947,0.3846732625829563,3.4795415624145676,0.11763306962008052,0.3597885337026493,0.02033953244219666,0.9015994588988419,0.8133521788084467,0.8265138541381892,0.921102320669351,0.19577067405298576,0.605738665313444,0.144261334686556,144.26133468655598,0.144261334686556,144.26133468655598,0.4952057523257629,0.0,0.0,0.004794247674237084,4.794247674237084,True,208.11332685546526,0.0,208.11332685546526,budget_long_PI_RBF_alpha1em08_target0750_seed2026,BO,0.75,144,bo,rbf,pi,2026,200,20,0.326031900011003,0.5473381001502275,0.01369579997844994,0.887222400167957,0.49569370882695074,5000,4000,1000,66.8989007206456,93.05349587845157,0.2540226477512064,False,budget_sweep,RBF,PI,1e-08,1e-08,200
2525.505274339225,0.33391851283309276,0.21583277798579437,1.810989423925522,0.09561212842252162,0.3855311967543704,0.29300150695406424,0.6683386080945508,0.33095079424512674,0.27032980797517403,0.1870709474173876,0.7106239350874081,0.6074078409497838,0.14259215905021616,142.59215905021617,0.14259215905021616,142.59215905021617,0.49468787441582573,0.0,0.0,0.005312125584174265,5.312125584174265,True,203.3252382260214,0.0,203.3252382260214,budget_long_PI_RBF_alpha1em08_target0750_seed2026,BO,0.75,145,bo,rbf,pi,2026,200,20,0.3387894001789391,0.5488950998988003,0.01862840005196631,0.906474799849093,0.8447998894895368,5000,4000,1000,66.8989007206456,93.05349587845157,0.2540226477512064,False,budget_sweep,RBF,PI,1e-08,1e-08,200
1755.5492417418438,0.41382314969071643,0.25468557000998393,3.8700287015014934,0.11787294869378706,0.39909471803077434,0.07301406906909824,0.8966375705449042,0.44195877145709705,0.9566762338338312,0.9290982897929022,0.9818943606154868,0.6387446880152658,0.11125531198473415,111.25531198473415,0.11125531198473415,111.25531198473415,0.5327763652706247,0.03277636527062466,32.776365270624666,-0.03277636527062466,-32.776365270624666,False,123.77744444820529,429.7160481413642,553.4934925895694,budget_long_PI_RBF_alpha1em08_target0750_seed2026,BO,0.75,146,bo,rbf,pi,2026,200,20,0.32802360015921295,0.6176298002246767,0.015729399863630533,0.961551999906078,0.5179430781185542,5000,4000,1000,66.8989007206456,93.05349587845157,0.2540226477512064,False,budget_sweep,RBF,PI,1e-08,1e-08,200
2303.5185580172365,0.19972314530330737,0.15278197092132445,1.35478342140871,0.10192307541652189,0.3689825632999742,0.22957673086206765,0.2849232722951639,0.1508056312037841,0.11826114046957004,0.39743584721739644,0.3796512659994836,0.6260746227137413,0.12392537728625874,123.92537728625874,0.12392537728625874,123.92537728625874,0.4918542326608591,0.0,0.0,0.008145767339140908,8.145767339140908,True,153.57499135541573,0.0,153.57499135541573,budget_long_PI_RBF_alpha1em08_target0750_seed2026,BO,0.75,147,bo,rbf,pi,2026,200,20,0.38353360001929104,0.6529420998413116,0.01750479987822473,1.054166099987924,0.44666072802857304,5000,4000,1000,66.8989007206456,93.05349587845157,0.2540226477512064,False,budget_sweep,RBF,PI,1e-08,1e-08,200
4919.950714106981,0.10234515885928941,0.20144993224414331,2.1342153194638023,0.10009274107217322,0.38971083085348246,0.9771287754591373,0.00670045388368401,0.28985694926898087,0.37807177315460083,0.33642470240577416,0.7942166170696493,0.6125315087453922,0.1374684912546078,137.4684912546078,0.1374684912546078,137.4684912546078,0.5151792411926789,0.015179241192678883,15.179241192678884,-0.015179241192678883,-15.179241192678884,False,188.97586087818183,92.16374527420777,281.1396061523896,budget_long_PI_RBF_alpha1em08_target0750_seed2026,BO,0.75,148,bo,rbf,pi,2026,200,20,0.49912610021419823,0.5857472999487072,0.015012399991974235,1.1000647000037134,0.49832134590132643,5000,4000,1000,66.8989007206456,93.05349587845157,0.2540226477512064,False,budget_sweep,RBF,PI,1e-08,1e-08,200
3407.454825483598,0.31465542461570006,0.21524240217735396,1.181979435178481,0.09218441183615342,0.39185377024413853,0.5449870929953137,0.6133012131877146,0.3292640062210114,0.060659811726160306,0.07281372787178086,0.8370754048827705,0.6126892872931974,0.13731071270680262,137.3107127068026,0.13731071270680262,137.3107127068026,0.4950513604910097,0.0,0.0,0.004948639508990327,4.948639508990327,True,188.54231824050086,0.0,188.54231824050086,budget_long_PI_RBF_alpha1em08_target0750_seed2026,BO,0.75,149,bo,rbf,pi,2026,200,20,0.37924779998138547,0.706545399967581,0.015264999819919467,1.1012272001244128,0.4907276531356304,5000,4000,1000,66.8989007206456,93.05349587845157,0.2540226477512064,False,budget_sweep,RBF,PI,1e-08,1e-08,200
3373.9565210710334,0.35010683205584314,0.39686732592059615,1.2338832689285606,0.11299434791993222,0.3665902427650667,0.535416148877438,0.7145909487309805,0.8481923597731319,0.07796108964285353,0.7664782639977409,0.33180485530133397,0.6381182475225428,0.11188175247745724,111.88175247745724,0.11188175247745724,111.88175247745724,0.4925698441730408,0.0,0.0,0.007430155826959217,7.430155826959217,True,125.17526537427008,0.0,125.17526537427008,budget_long_PI_RBF_alpha1em08_target0750_seed2026,BO,0.75,150,bo,rbf,pi,2026,200,20,0.38623940013349056,0.7363531000446528,0.014994800090789795,1.1377616000827402,0.481045556196321,5000,4000,1000,66.8989007206456,93.05349587845157,0.2540226477512064,False,budget_sweep,RBF,PI,1e-08,1e-08,200
2658.76770977872,0.35218557933344763,0.11798653040742049,3.2379666869475154,0.11941783941876918,0.3531233568056651,0.3310764885082058,0.7205302266669934,0.05139008687834423,0.7459888956491718,0.9805946472923064,0.062467136113302235,0.6044778148118624,0.14552218518813764,145.52218518813766,0.14552218518813764,145.52218518813766,0.49823708930514077,0.0,0.0,0.0017629106948592321,1.7629106948592321,True,211.76706381930623,0.0,211.76706381930623,budget_long_PI_RBF_alpha1em08_target0750_seed2026,BO,0.75,151,bo,rbf,pi,2026,200,20,0.393188500078395,0.7271445000078529,0.01530479989014566,1.1358121000230312,0.493170256635823,5000,4000,1000,66.8989007206456,93.05349587845157,0.2540226477512064,False,budget_sweep,RBF,PI,1e-08,1e-08,200
1574.6011664941232,0.2688972901826686,0.44999999999999996,1.0,0.11576776904469753,0.35719573673791066,0.021314618998320933,0.48256368623619594,1.0,0.0,0.8589256348232511,0.14391473475821376,0.6728019139741883,0.07719808602581169,77.19808602581169,0.07719808602581169,77.19808602581169,0.5065504771881223,0.0065504771881222945,6.5504771881222945,-0.0065504771881222945,-6.5504771881222945,False,59.59544486048621,17.163500556844223,76.75894541733044,budget_long_PI_RBF_alpha1em08_target0750_seed2026,BO,0.75,152,bo,rbf,pi,2026,200,20,0.33991320012137294,0.7246430998202413,0.01787789980880916,1.0826158998534083,0.49347800307638656,5000,4000,1000,66.8989007206456,93.05349587845157,0.2540226477512064,False,budget_sweep,RBF,PI,1e-08,1e-08,200
2474.503940150805,0.4477800473225364,0.24718959344552557,1.1909423916091406,0.11928409760796979,0.3635162817712485,0.27842969718594435,0.9936572780643896,0.4205416955586445,0.06364746386971354,0.9761365869323265,0.27032563542497057,0.6432545414257944,0.10674545857420559,106.74545857420559,0.10674545857420559,106.74545857420559,0.4969443523209335,0.0,0.0,0.00305564767906652,3.05564767906652,True,113.94592926217439,0.0,113.94592926217439,budget_long_PI_RBF_alpha1em08_target0750_seed2026,BO,0.75,153,bo,rbf,pi,2026,200,20,0.34096519998274744,0.6662026001140475,0.01925950008444488,1.0266154001001269,0.4544340400066744,5000,4000,1000,66.8989007206456,93.05349587845157,0.2540226477512064,False,budget_sweep,RBF,PI,1e-08,1e-08,200
2399.830822172369,0.28426327506444615,0.44999999999999996,1.0,0.12,0.36048328475908004,0.25709452062067684,0.526466500184132,1.0,0.0,1.0,0.2096656951816008,0.6705686288670104,0.07943137113298959,79.4313711329896,0.07943137113298959,79.4313711329896,0.5028873427684535,0.0028873427684534825,2.8873427684534825,-0.0028873427684534825,-2.8873427684534825,False,63.093427200667314,3.3346993050162483,66.42812650568357,budget_long_PI_RBF_alpha1em08_target0750_seed2026,BO,0.75,154,bo,rbf,pi,2026,200,20,0.3318752001505345,0.9269997999072075,0.015569299925118685,1.2746290999930352,0.42963716151012554,5000,4000,1000,66.42812650568357,93.05349587845157,0.2540226477512064,True,budget_sweep,RBF,PI,1e-08,1e-08,200
1966.5961770572735,0.2728872451173604,0.44999999999999996,1.0,0.12,0.353497206331338,0.1333131934449353,0.49396355747817267,1.0,0.0,1.0,0.06994412662676025,0.6718766304196853,0.07812336958031474,78.12336958031474,0.07812336958031474,78.12336958031474,0.5012683743668733,0.001268374366873326,1.268374366873326,-0.001268374366873326,-1.268374366873326,False,61.03260874582446,0.6435094138165243,61.676118159640986,budget_long_PI_RBF_alpha1em08_target0750_seed2026,BO,0.75,155,bo,rbf,pi,2026,200,20,0.4035384999588132,0.9202819000929594,0.018710099859163165,1.3427339000627398,0.41264262664552326,5000,4000,1000,61.676118159640986,93.05349587845157,0.2540226477512064,True,budget_sweep,RBF,PI,1e-08,1e-08,200
2673.393105929743,0.14648618747594236,0.43848180223034017,1.7840116634547951,0.10840173310812197,0.36969133147065847,0.33525517312278375,0.13281767850269244,0.9670908635152576,0.2613372211515984,0.6133911036040658,0.39382662941316915,0.6376001008193893,0.11239989918061066,112.39989918061066,0.11239989918061066,112.39989918061066,0.509349915300366,0.009349915300365996,9.349915300365996,-0.009349915300365996,-9.349915300365996,False,126.33737335811442,34.96836644960726,161.3057398077217,budget_long_PI_RBF_alpha1em08_target0750_seed2026,BO,0.75,156,bo,rbf,pi,2026,200,20,0.38276759977452457,0.5556006000842899,0.015587900066748261,0.9541297000832856,0.9953579867459774,5000,4000,1000,61.676118159640986,93.05349587845157,0.2540226477512064,False,budget_sweep,RBF,PI,1e-08,1e-08,200
1841.4332965178796,0.2632955518962478,0.44999999999999996,1.0,0.1190638973543821,0.35,0.09755237043367987,0.46655871970356516,1.0,0.0,0.9687965784794035,0.0,0.6698239281208869,0.08017607187911313,80.17607187911312,0.08017607187911313,80.17607187911312,0.49898892774083037,0.0,0.0,0.001011072259169632,1.011072259169632,True,64.28202501964715,0.0,64.28202501964715,budget_long_PI_RBF_alpha1em08_target0750_seed2026,BO,0.75,157,bo,rbf,pi,2026,200,20,0.28842799994163215,1.0447423001751304,0.01548140007071197,1.3488243001047522,0.9527472960438458,5000,4000,1000,61.676118159640986,80.17607187911312,1.011072259169632,False,budget_sweep,RBF,PI,1e-08,1e-08,200
1825.4462685679373,0.2638422055646197,0.44999999999999996,1.0,0.12,0.35,0.09298464816226783,0.4681205873274849,1.0,0.0,1.0,0.0,0.6725939592702369,0.07740604072976309,77.40604072976309,0.07740604072976309,77.40604072976309,0.5003830181466362,0.0003830181466362159,0.3830181466362159,-0.0003830181466362159,-0.3830181466362159,False,59.91695141457742,0.05868116026105672,59.97563257483848,budget_long_PI_RBF_alpha1em08_target0750_seed2026,BO,0.75,158,bo,rbf,pi,2026,200,20,0.2901077999267727,0.4432415999472141,0.015464399941265583,0.7489864001981914,0.8757267199692937,5000,4000,1000,59.97563257483848,80.17607187911312,1.011072259169632,True,budget_sweep,RBF,PI,1e-08,1e-08,200
1704.17582350606,0.2646233754428946,0.44402840234051166,1.0,0.12,0.35,0.05833594957315999,0.4703525012654133,0.9829382924014619,0.0,1.0,0.0,0.6748880776435895,0.07511192235641051,75.1119223564105,0.07511192235641051,75.1119223564105,0.5024534757471715,0.002453475747171474,2.453475747171474,-0.002453475747171474,-2.453475747171474,False,56.41800880075441,2.4078172967834495,58.825826097537856,budget_long_PI_RBF_alpha1em08_target0750_seed2026,BO,0.75,159,bo,rbf,pi,2026,200,20,0.2936608998570591,0.610916499979794,0.016680300002917647,0.9214284000918269,0.5435351095413031,5000,4000,1000,58.825826097537856,80.17607187911312,1.011072259169632,True,budget_sweep,RBF,PI,1e-08,1e-08,200
4960.814505141927,0.4096504521849387,0.17207365111351358,1.739596795543879,0.09134745223674237,0.3702447608004519,0.9888041443262648,0.8847155776712534,0.20592471746718166,0.246532265181293,0.04491507455807919,0.40489521600903744,0.5708225533244784,0.1791774466755216,179.1774466755216,0.1791774466755216,179.1774466755216,0.4675790409738407,0.0,0.0,0.032420959026159324,32.42095902615932,True,321.04557397159385,0.0,321.04557397159385,budget_long_PI_RBF_alpha1em08_target0750_seed2026,BO,0.75,160,bo,rbf,pi,2026,200,20,0.3678210999350995,0.5974213001318276,0.013517200015485287,0.9789328000042588,0.5211557176357376,5000,4000,1000,58.825826097537856,80.17607187911312,1.011072259169632,False,budget_sweep,RBF,PI,1e-08,1e-08,200
3028.158208890073,0.4278105572332518,0.42931387702885415,1.4251509116639045,0.11917299305908115,0.3527391478222983,0.43661663111144955,0.9366015920950052,0.9408967915110118,0.14171697055463484,0.9724331019693717,0.054782956445966424,0.6310871936692931,0.11891280633070689,118.91280633070689,0.11891280633070689,118.91280633070689,0.4843502067190518,0.0,0.0,0.015649793280948177,15.649793280948177,True,141.40255509444205,0.0,141.40255509444205,budget_long_PI_RBF_alpha1em08_target0750_seed2026,BO,0.75,161,bo,rbf,pi,2026,200,20,0.29479510011151433,0.8617273001000285,0.01571519998833537,1.1724116001278162,0.5131720699917452,5000,4000,1000,58.825826097537856,80.17607187911312,1.011072259169632,False,budget_sweep,RBF,PI,1e-08,1e-08,200
1633.242408883621,0.2658518633094216,0.44999999999999996,1.0,0.12,0.35,0.038069259681034584,0.47386246659834746,1.0,0.0,1.0,0.0,0.6764587589800531,0.07354124101994686,73.54124101994685,0.07354124101994686,73.54124101994685,0.5037996696141426,0.0037996696141425756,3.7996696141425756,-0.0037996696141425756,-3.7996696141425756,False,54.08314130753914,5.774995670655356,59.858136978194494,budget_long_PI_RBF_alpha1em08_target0750_seed2026,BO,0.75,162,bo,rbf,pi,2026,200,20,0.2689857999794185,0.6745064998976886,0.016573899891227484,0.960242300061509,0.5531923686707075,5000,4000,1000,58.825826097537856,80.17607187911312,1.011072259169632,False,budget_sweep,RBF,PI,1e-08,1e-08,200
1754.1478979591623,0.26325716107781777,0.44657398331592524,1.0,0.12,0.3505644283045213,0.07261368513118922,0.46644903165090795,0.9902113809026436,0.0,1.0,0.01128856609042597,0.6746874112176917,0.07531258878230829,75.31258878230828,0.07531258878230829,75.31258878230828,0.5021896965194785,0.0021896965194785345,2.1896965194785345,-0.0021896965194785345,-2.1896965194785345,False,56.71986029093068,1.9179083389665632,58.637768629897245,budget_long_PI_RBF_alpha1em08_target0750_seed2026,BO,0.75,163,bo,rbf,pi,2026,200,20,0.2831031000241637,0.9576677998993546,0.015809000004082918,1.2567479000426829,0.5912528882418764,5000,4000,1000,58.637768629897245,80.17607187911312,1.011072259169632,True,budget_sweep,RBF,PI,1e-08,1e-08,200
2808.1823606245857,0.3918997930599649,0.3030873804735341,1.0565942094071326,0.11997957205557658,0.3699965755771362,0.37376638874988166,0.8339994087427569,0.5802496584958118,0.018864736469044185,0.9993190685192195,0.39993151154272444,0.6599373344278393,0.0900626655721607,90.0626655721607,0.0900626655721607,90.0626655721607,0.5050695607031853,0.005069560703185316,5.069560703185316,-0.005069560703185316,-5.069560703185316,False,81.11283729962858,10.280178289312317,91.3930155889409,budget_long_PI_RBF_alpha1em08_target0750_seed2026,BO,0.75,164,bo,rbf,pi,2026,200,20,0.2966692999470979,0.6086039000656456,0.016037499997764826,0.9214782998897135,0.526385602433781,5000,4000,1000,58.637768629897245,80.17607187911312,1.011072259169632,False,budget_sweep,RBF,PI,1e-08,1e-08,200
1675.261354652711,0.2603117692258384,0.44999999999999996,1.0,0.12,0.35,0.05007467275791737,0.4580336263595382,1.0,0.0,1.0,0.0,0.6765432304807281,0.07345676951927194,73.45676951927193,0.07345676951927194,73.45676951927193,0.503323302284056,0.0033233022840559734,3.3233022840559734,-0.0033233022840559734,-3.3233022840559734,False,53.95896988207438,4.41773522848466,58.37670511055904,budget_long_PI_RBF_alpha1em08_target0750_seed2026,BO,0.75,165,bo,rbf,pi,2026,200,20,0.2774719998706132,0.804186699911952,0.01632399996742606,1.098156000021845,0.5790876193813208,5000,4000,1000,58.37670511055904,80.17607187911312,1.011072259169632,True,budget_sweep,RBF,PI,1e-08,1e-08,200
1747.305384657887,0.25865558894622376,0.44999999999999996,1.0,0.12,0.35,0.07065868133082487,0.4533016827034966,1.0,0.0,1.0,0.0,0.6751796849544565,0.07482031504554354,74.82031504554354,0.07482031504554354,74.82031504554354,0.5020451760178736,0.0020451760178735734,2.0451760178735734,-0.0020451760178735734,-2.0451760178735734,False,55.98079543514389,1.6730979776340829,57.653893412777975,budget_long_PI_RBF_alpha1em08_target0750_seed2026,BO,0.75,166,bo,rbf,pi,2026,200,20,0.28894650004804134,0.7569061999674886,0.01572359981946647,1.0617446000687778,0.5757217889895335,5000,4000,1000,57.653893412777975,80.17607187911312,1.011072259169632,True,budget_sweep,RBF,PI,1e-08,1e-08,200
4828.249206688273,0.4160339029902228,0.44037491299272613,1.0013518181905687,0.117788729683585,0.3592027562509897,0.9509283447680781,0.9029540085434938,0.9724997514077889,0.0004506060635228737,0.9262909894528336,0.1840551250197935,0.6405699368000489,0.10943006319995108,109.43006319995108,0.10943006319995108,109.43006319995108,0.4858649839281984,0.0,0.0,0.01413501607180162,14.135016071801621,True,119.74938731945288,0.0,119.74938731945288,budget_long_PI_RBF_alpha1em08_target0750_seed2026,BO,0.75,167,bo,rbf,pi,2026,200,20,0.3345560000743717,0.4623831999488175,0.015993400011211634,0.8131027999334037,0.5126107518880806,5000,4000,1000,57.653893412777975,80.17607187911312,1.011072259169632,False,budget_sweep,RBF,PI,1e-08,1e-08,200
3843.650890936243,0.41549710371823123,0.26667743671083943,1.0073558355647303,0.11765395372256028,0.37201030400630486,0.669614540267498,0.9014202963378035,0.47622124774525565,0.0024519451882434318,0.921798457418676,0.4402060801260971,0.6509836572703969,0.09901634272960314,99.01634272960314,0.09901634272960314,99.01634272960314,0.5002988414073288,0.00029884140732883147,0.29884140732883147,-0.00029884140732883147,-0.29884140732883147,False,98.04236127546231,0.03572247469371063,98.07808375015603,budget_long_PI_RBF_alpha1em08_target0750_seed2026,BO,0.75,168,bo,rbf,pi,2026,200,20,0.3094264999963343,0.6794636000413448,0.016150200041010976,1.0052126999944448,0.4869502381233929,5000,4000,1000,57.653893412777975,80.17607187911312,1.011072259169632,False,budget_sweep,RBF,PI,1e-08,1e-08,200
1514.7189515885507,0.3383711955291434,0.28873774489412357,2.934883703537012,0.09439643443299962,0.39293339096242724,0.004205414739585911,0.6810605586546955,0.539250699697496,0.6449612345123373,0.14654781443332088,0.8586678192485441,0.6047191622849827,0.14528083771501732,145.28083771501733,0.14528083771501732,145.28083771501733,0.5065493479041008,0.006549347904100777,6.549347904100777,-0.006549347904100777,-6.549347904100777,False,211.065218071772,17.1575831875797,228.22280125935168,budget_long_PI_RBF_alpha1em08_target0750_seed2026,BO,0.75,169,bo,rbf,pi,2026,200,20,0.3183955999556929,0.6959213998634368,0.016950199846178293,1.0314406000543386,0.48258128645246334,5000,4000,1000,57.653893412777975,80.17607187911312,1.011072259169632,False,budget_sweep,RBF,PI,1e-08,1e-08,200
1718.1539570296072,0.30213432177966065,0.3303527145478611,1.9436585663586903,0.09461522755339664,0.38912011339073815,0.06232970200845922,0.5775266336561733,0.6581506129938888,0.3145528554528968,0.1538409184465549,0.7824022678147625,0.6189361786405856,0.1310638213594144,131.06382135941442,0.1310638213594144,131.06382135941442,0.5096221142981674,0.009622114298167395,9.622114298167395,-0.009622114298167395,-9.622114298167395,False,171.77725269332493,37.03403342679897,208.8112861201239,budget_long_PI_RBF_alpha1em08_target0750_seed2026,BO,0.75,170,bo,rbf,pi,2026,200,20,0.3081918000243604,0.6161923001054674,0.016825299942865968,0.9413920000661165,0.4137242013106105,5000,4000,1000,57.653893412777975,80.17607187911312,1.011072259169632,False,budget_sweep,RBF,PI,1e-08,1e-08,200
3043.934797707527,0.10221241590778804,0.29275916606563146,1.8917541202513162,0.09441033074099545,0.3826367572047036,0.44112422791643635,0.006321188307965797,0.5507404744732327,0.2972513734171054,0.14701102469984828,0.6527351440940711,0.6094968677403173,0.1405031322596827,140.5031322596827,0.1405031322596827,140.5031322596827,0.5076631495708105,0.00766314957081049,7.66314957081049,-0.00766314957081049,-7.66314957081049,False,197.41130174781887,23.4895445378452,220.90084628566407,budget_long_PI_RBF_alpha1em08_target0750_seed2026,BO,0.75,171,bo,rbf,pi,2026,200,20,0.40333899995312095,0.7697862999048084,0.016486900160089135,1.189788700081408,0.49110710249632966,5000,4000,1000,57.653893412777975,80.17607187911312,1.011072259169632,False,budget_sweep,RBF,PI,1e-08,1e-08,200
1768.1339861351596,0.25683834281217255,0.44999999999999996,1.0,0.12,0.35,0.07660971032433131,0.44810955089192167,1.0,0.0,1.0,0.0,0.6750113552295274,0.07498864477047262,74.98864477047262,0.07498864477047262,74.98864477047262,0.5017803562837045,0.0017803562837045428,1.7803562837045428,-0.0017803562837045428,-1.7803562837045428,False,56.23296844512131,1.2678673987705003,57.50083584389181,budget_long_PI_RBF_alpha1em08_target0750_seed2026,BO,0.75,172,bo,rbf,pi,2026,200,20,0.2743734000250697,0.6481315998826176,0.019909000024199486,0.9426204999908805,0.41742603674751855,5000,4000,1000,57.50083584389181,80.17607187911312,1.011072259169632,True,budget_sweep,RBF,PI,1e-08,1e-08,200
1777.416446727201,0.25518209854638446,0.44999999999999996,1.0,0.12,0.3502253322863423,0.07926184192205743,0.4433774244182413,1.0,0.0,1.0,0.004506645726846152,0.6752985288684887,0.07470147113151127,74.70147113151127,0.07470147113151127,74.70147113151127,0.5019488723164125,0.0019488723164124977,1.9488723164124977,-0.0019488723164124977,-1.9488723164124977,False,55.80309789212011,1.519241322271606,57.32233921439171,budget_long_PI_RBF_alpha1em08_target0750_seed2026,BO,0.75,173,bo,rbf,pi,2026,200,20,0.29420429980382323,0.6361052000429481,0.01651270012371242,0.94700159993954,0.4608850470577014,5000,4000,1000,57.32233921439171,80.17607187911312,1.011072259169632,True,budget_sweep,RBF,PI,1e-08,1e-08,200
4737.691833245493,0.4141486982900624,0.17628838840373354,1.0096081503481367,0.0987195591101631,0.3929838650351827,0.9250548094987123,0.8975677094001784,0.21796682401066725,0.0032027167827122227,0.29065197033877,0.8596773007036533,0.6230204133597859,0.12697958664021414,126.97958664021414,0.12697958664021414,126.97958664021414,0.49899869472405767,0.0,0.0,0.0010013052759423324,1.0013052759423324,True,161.2381542331965,0.0,161.2381542331965,budget_long_PI_RBF_alpha1em08_target0750_seed2026,BO,0.75,174,bo,rbf,pi,2026,200,20,0.32901079999282956,0.6513763999100775,0.016482300125062466,0.9970432999543846,0.4300389892461947,5000,4000,1000,57.32233921439171,80.17607187911312,1.011072259169632,False,budget_sweep,RBF,PI,1e-08,1e-08,200
2590.014869076368,0.3066930946441212,0.22109799319712325,1.8752070685968134,0.119098285368809,0.3685334294784025,0.31143281973610515,0.5905516989832034,0.3459942662774951,0.29173568953227114,0.9699428456269665,0.3706685895680498,0.6454078570546727,0.10459214294532726,104.59214294532725,0.10459214294532726,104.59214294532725,0.5094857759112447,0.009485775911244665,9.485775911244666,-0.009485775911244665,-9.485775911244666,False,109.39516365895771,35.99197785533982,145.38714151429753,budget_long_PI_RBF_alpha1em08_target0750_seed2026,BO,0.75,175,bo,rbf,pi,2026,200,20,0.40168210002593696,0.7783230999484658,0.016652300022542477,1.1968286999035627,0.44666226872720405,5000,4000,1000,57.32233921439171,80.17607187911312,1.011072259169632,False,budget_sweep,RBF,PI,1e-08,1e-08,200
1510.6068665117216,0.3396950623734343,0.10476761384382599,1.63388701412447,0.10993055570100634,0.3541154389511137,0.0030305332890633307,0.6848430353526694,0.013621753839502815,0.2112956713748233,0.6643518567002115,0.08230877902227429,0.6191835051814727,0.1308164948185273,130.8164948185273,0.1308164948185273,130.8164948185273,0.48874826089307866,0.0,0.0,0.011251739106921343,11.251739106921343,True,171.1295531660578,0.0,171.1295531660578,budget_long_PI_RBF_alpha1em08_target0750_seed2026,BO,0.75,176,bo,rbf,pi,2026,200,20,0.27632720000110567,0.6209260998293757,0.017402600031346083,0.9148277000058442,0.4771694109299124,5000,4000,1000,57.32233921439171,80.17607187911312,1.011072259169632,False,budget_sweep,RBF,PI,1e-08,1e-08,200
1786.4266191591976,0.2533904124638725,0.44999999999999996,1.0,0.12,0.35,0.08183617690262786,0.4382583213253499,1.0,0.0,1.0,0.0,0.6751602632736332,0.07483973672636679,74.8397367263668,0.07483973672636679,74.8397367263668,0.501679693861582,0.0016796938615819546,1.6796938615819546,-0.0016796938615819546,-1.6796938615819546,False,56.009861932718934,1.1285485874544392,57.13841052017337,budget_long_PI_RBF_alpha1em08_target0750_seed2026,BO,0.75,177,bo,rbf,pi,2026,200,20,0.28882439993321896,0.8879916998557746,0.016624900046736002,1.1936322001274675,0.4957361416052875,5000,4000,1000,57.13841052017337,80.17607187911312,1.011072259169632,True,budget_sweep,RBF,PI,1e-08,1e-08,200
1865.2639080617091,0.245435055193279,0.44999999999999996,1.0,0.12,0.35,0.10436111658905976,0.4155287291236543,1.0,0.0,1.0,0.0,0.6745734861812025,0.0754265138187975,75.4265138187975,0.0754265138187975,75.4265138187975,0.5008216021780495,0.0008216021780494964,0.8216021780494964,-0.0008216021780494964,-0.8216021780494964,False,56.89158986857251,0.2700120555902706,57.16160192416278,budget_long_PI_RBF_alpha1em08_target0750_seed2026,BO,0.75,178,bo,rbf,pi,2026,200,20,0.2930135000497103,0.7013020000886172,0.017357900040224195,1.01184709998779,0.45103548610863253,5000,4000,1000,57.13841052017337,80.17607187911312,1.011072259169632,False,budget_sweep,RBF,PI,1e-08,1e-08,200
1845.8367381308337,0.2491185565642018,0.44999999999999996,1.0,0.12,0.35,0.09881049660880964,0.42605301875486223,1.0,0.0,1.0,0.0,0.6744611266571948,0.07553887334280518,75.53887334280518,0.07553887334280518,75.53887334280518,0.5009295998432314,0.0009295998432313768,0.9295998432313768,-0.0009295998432313768,-0.9295998432313768,False,57.06121385900362,0.3456623474143201,57.40687620641794,budget_long_PI_RBF_alpha1em08_target0750_seed2026,BO,0.75,179,bo,rbf,pi,2026,200,20,0.2936609999742359,0.8665412000846118,0.017563499975949526,1.1779485000297427,0.5188692898279652,5000,4000,1000,57.13841052017337,80.17607187911312,1.011072259169632,False,budget_sweep,RBF,PI,1e-08,1e-08,200
1829.7787794677167,0.24481437751359597,0.44999999999999996,1.0,0.12,0.35,0.09422250841934764,0.4137553643245599,1.0,0.0,1.0,0.0,0.6755141811370124,0.07448581886298755,74.48581886298756,0.07448581886298755,74.48581886298756,0.501453716236699,0.0014537162366989875,1.4537162366989875,-0.0014537162366989875,-1.4537162366989875,False,55.48137211689792,0.8453163587369067,56.32668847563483,budget_long_PI_RBF_alpha1em08_target0750_seed2026,BO,0.75,180,bo,rbf,pi,2026,200,20,0.3022014000453055,1.1316397998016328,0.016979899955913424,1.4510013998951763,0.7226658686847457,5000,4000,1000,56.32668847563483,80.17607187911312,1.011072259169632,True,budget_sweep,RBF,PI,1e-08,1e-08,200
1782.8615651026353,0.23364635360338976,0.44999999999999996,1.0,0.12,0.35,0.0808175900293244,0.3818467245811136,1.0,0.0,1.0,0.0,0.6784838118152644,0.0715161881847356,71.5161881847356,0.0715161881847356,71.5161881847356,0.5029633104107109,0.002963310410710851,2.963310410710851,-0.002963310410710851,-2.963310410710851,False,51.14565172474515,3.512483436090925,54.658135160836075,budget_long_PI_RBF_alpha1em08_target0750_seed2026,BO,0.75,181,bo,rbf,pi,2026,200,20,0.2960145999677479,1.0966117999050766,0.017600500024855137,1.4104085001163185,0.9051379711285634,5000,4000,1000,54.658135160836075,80.17607187911312,1.011072259169632,True,budget_sweep,RBF,PI,1e-08,1e-08,200
1776.5880718855828,0.22339112949106987,0.44999999999999996,1.0,0.12,0.35,0.0790251633958808,0.3525460842601997,1.0,0.0,1.0,0.0,0.6803260719278842,0.06967392807211581,69.67392807211581,0.06967392807211581,69.67392807211581,0.5037067543282314,0.003706754328231421,3.706754328231421,-0.003706754328231421,-3.706754328231421,False,48.544562529983665,5.496011059944949,54.04057358992861,budget_long_PI_RBF_alpha1em08_target0750_seed2026,BO,0.75,182,bo,rbf,pi,2026,200,20,0.3482063999399543,1.0012715000193566,0.018246800173074007,1.3679092000238597,0.7131141335414473,5000,4000,1000,54.04057358992861,80.17607187911312,1.011072259169632,True,budget_sweep,RBF,PI,1e-08,1e-08,200
1758.4262875444165,0.13973537659998383,0.4293532477953096,1.0,0.12,0.35,0.07383608215554757,0.11352964742852525,0.9410092794151704,0.0,1.0,0.0,0.6935508304207252,0.056449169579274816,56.449169579274816,0.056449169579274816,56.449169579274816,0.5087763006843086,0.008776300684308569,8.77630068430857,-0.008776300684308569,-8.77630068430857,False,31.865087461897254,30.80938148055802,62.67446894245528,budget_long_PI_RBF_alpha1em08_target0750_seed2026,BO,0.75,183,bo,rbf,pi,2026,200,20,0.2954573000315577,0.8019664001185447,0.024466600036248565,1.1220817000139505,0.9999999999999999,5000,4000,1000,54.04057358992861,80.17607187911312,1.011072259169632,False,budget_sweep,RBF,PI,1e-08,1e-08,200
1765.1103317601383,0.2123901545877484,0.44999999999999996,1.0,0.12,0.35,0.07574580907432525,0.3211147273935669,1.0,0.0,1.0,0.0,0.6824541444135608,0.06754585558643922,67.54585558643922,0.06754585558643922,67.54585558643922,0.5045997861203256,0.004599786120325633,4.599786120325633,-0.004599786120325633,-4.599786120325633,False,45.62442606904102,8.463212941096135,54.08763901013715,budget_long_PI_RBF_alpha1em08_target0750_seed2026,BO,0.75,184,bo,rbf,pi,2026,200,20,0.29256389988586307,0.822025700006634,0.017355999909341335,1.1321314999368042,0.7459125540998095,5000,4000,1000,54.04057358992861,80.17607187911312,1.011072259169632,False,budget_sweep,RBF,PI,1e-08,1e-08,200
1778.5436952954753,0.21592876457855242,0.44999999999999996,1.0,0.12,0.35,0.07958391294156439,0.3312250416530069,1.0,0.0,1.0,0.0,0.6814818651551435,0.06851813484485647,68.51813484485648,0.06851813484485647,68.51813484485648,0.5041175816736938,0.004117581673693804,4.117581673693804,-0.004117581673693804,-4.117581673693804,False,46.94734802617935,6.7817915358156275,53.72913956199498,budget_long_PI_RBF_alpha1em08_target0750_seed2026,BO,0.75,185,bo,rbf,pi,2026,200,20,0.31691340007819235,1.143298199865967,0.01788759999908507,1.4782786001451313,0.5987431472155317,5000,4000,1000,53.72913956199498,80.17607187911312,1.011072259169632,True,budget_sweep,RBF,PI,1e-08,1e-08,200
1823.290437933562,0.20471703404601643,0.44999999999999996,1.0,0.12,0.35,0.09236869655244632,0.29919152584576125,1.0,0.0,1.0,0.0,0.6819247862541666,0.06807521374583336,68.07521374583337,0.06807521374583336,68.07521374583337,0.5038868992116801,0.0038868992116800616,3.8868992116800616,-0.0038868992116800616,-3.8868992116800616,False,46.342347265408996,6.043194192703634,52.38554145811263,budget_long_PI_RBF_alpha1em08_target0750_seed2026,BO,0.75,186,bo,rbf,pi,2026,200,20,0.34583180001936853,1.143956300104037,0.020320800133049488,1.5103224001359195,0.807919922105856,5000,4000,1000,52.38554145811263,80.17607187911312,1.011072259169632,True,budget_sweep,RBF,PI,1e-08,1e-08,200
1842.497244207937,0.20274864960569688,0.44999999999999996,1.0,0.12,0.35,0.09785635548798204,0.2935675703019911,1.0,0.0,1.0,0.0,0.6816494946956189,0.06835050530438114,68.35050530438113,0.06835050530438114,68.35050530438113,0.5036239497450676,0.003623949745067634,3.623949745067634,-0.003623949745067634,-3.623949745067634,False,46.71791575364234,5.253204701910308,51.971120455552644,budget_long_PI_RBF_alpha1em08_target0750_seed2026,BO,0.75,187,bo,rbf,pi,2026,200,20,0.3347131998743862,0.7285693997982889,0.019018500111997128,1.0824853999074548,0.9890200445740771,5000,4000,1000,51.971120455552644,80.17607187911312,1.011072259169632,True,budget_sweep,RBF,PI,1e-08,1e-08,200
1878.79581365739,0.19351822626055715,0.44999999999999996,1.0,0.12,0.35,0.10822737533068284,0.26719493217302037,1.0,0.0,1.0,0.0,0.6819160469096667,0.06808395309033333,68.08395309033332,0.06808395309033333,68.08395309033332,0.5034239619480632,0.003423961948063159,3.423961948063159,-0.003423961948063159,-3.423961948063159,False,46.354246684067085,4.689406168713785,51.04365285278087,budget_long_PI_RBF_alpha1em08_target0750_seed2026,BO,0.75,188,bo,rbf,pi,2026,200,20,0.3594204999972135,1.169313299935311,0.021018499974161386,1.5499409001786262,0.9884900976610456,5000,4000,1000,51.04365285278087,80.17607187911312,1.011072259169632,True,budget_sweep,RBF,PI,1e-08,1e-08,200
4801.78330389949,0.20540999020468317,0.3514904736349631,2.218784809995797,0.10420462902026398,0.3553794226993879,0.9433666582569974,0.30117140058480907,0.718544210385609,0.4062616033319324,0.47348763400879945,0.10758845398775763,0.586776159009401,0.16322384099059895,163.22384099059894,0.16322384099059895,163.22384099059894,0.4843455844144037,0.0,0.0,0.015654415585596326,15.654415585596325,True,266.4202226772433,0.0,266.4202226772433,budget_long_PI_RBF_alpha1em08_target0750_seed2026,BO,0.75,189,bo,rbf,pi,2026,200,20,0.48761060019023716,0.68460309994407,0.018475099932402372,1.1908885999582708,0.999999628946013,5000,4000,1000,51.04365285278087,80.17607187911312,1.011072259169632,False,budget_sweep,RBF,PI,1e-08,1e-08,200
1894.6138679661765,0.18212520336781507,0.44999999999999996,1.0,0.12,0.35,0.11274681941890755,0.23464343819375733,1.0,0.0,1.0,0.0,0.6830459554186306,0.06695404458136944,66.95404458136944,0.06695404458136944,66.95404458136944,0.5037035521113491,0.0037035521113490955,3.7035521113490955,-0.0037035521113490955,-3.7035521113490955,False,44.82844085804007,5.486519296591337,50.31496015463141,budget_long_PI_RBF_alpha1em08_target0750_seed2026,BO,0.75,190,bo,rbf,pi,2026,200,20,0.3056924999691546,1.3769001998007298,0.01908170012757182,1.7018657999578863,0.9462795171017984,5000,4000,1000,50.31496015463141,80.17607187911312,1.011072259169632,True,budget_sweep,RBF,PI,1e-08,1e-08,200
1615.7411261567945,0.4488278546156088,0.20021093738679832,3.8638169706508063,0.10387088235384971,0.3744919797845574,0.0330688931876556,0.9966510131874537,0.2863169639622809,0.9546056568836021,0.46236274512832387,0.4898395956911483,0.5811516241000357,0.16884837589996426,168.84837589996425,0.16884837589996426,168.84837589996425,0.4913611818722445,0.0,0.0,0.008638818127755521,8.63881812775552,True,285.0977404405563,0.0,285.0977404405563,budget_long_PI_RBF_alpha1em08_target0750_seed2026,BO,0.75,191,bo,rbf,pi,2026,200,20,0.3577707998920232,0.6582961999811232,0.01901950011961162,1.0352767000440508,0.9905889520852827,5000,4000,1000,50.31496015463141,80.17607187911312,1.011072259169632,False,budget_sweep,RBF,PI,1e-08,1e-08,200
2468.3538629132054,0.30892171494250087,0.4167357704209207,2.8383481743589583,0.09577577380721569,0.38533740103196434,0.2766725322609158,0.5969191855500025,0.9049593440597735,0.6127827247863193,0.19252579357385646,0.7067480206392861,0.597520575925148,0.15247942407485204,152.47942407485203,0.15247942407485204,152.47942407485203,0.5137233993155138,0.013723399315513807,13.723399315513806,-0.013723399315513807,-13.723399315513806,False,232.4997476619857,75.33267550921794,307.83242317120363,budget_long_PI_RBF_alpha1em08_target0750_seed2026,BO,0.75,192,bo,rbf,pi,2026,200,20,0.39008259982801974,0.991731199901551,0.020586700178682804,1.4025850999169052,0.9974358336498671,5000,4000,1000,50.31496015463141,80.17607187911312,1.011072259169632,False,budget_sweep,RBF,PI,1e-08,1e-08,200
1898.6295416704068,0.1767563462854627,0.44999999999999996,1.0,0.12,0.35,0.11389415476297333,0.2193038465298934,1.0,0.0,1.0,0.0,0.6836663486991389,0.06633365130086111,66.3336513008611,0.06633365130086111,66.3336513008611,0.5038931956562465,0.003893195656246462,3.893195656246462,-0.003893195656246462,-3.893195656246462,False,44.00153294904232,6.062788967126528,50.06432191616885,budget_long_PI_RBF_alpha1em08_target0750_seed2026,BO,0.75,193,bo,rbf,pi,2026,200,20,0.30720819998532534,1.4888971000909805,0.0183188000228256,1.8146093001123518,0.8410682444729828,5000,4000,1000,50.06432191616885,80.17607187911312,1.011072259169632,True,budget_sweep,RBF,PI,1e-08,1e-08,200
1910.8370983225896,0.1727438247884115,0.44999999999999996,1.0,0.12,0.35,0.11738202809216848,0.20783949939546142,1.0,0.0,1.0,0.0,0.6838255417031455,0.06617445829685453,66.17445829685454,0.06617445829685453,66.17445829685454,0.5038532259414639,0.003853225941463867,3.853225941463867,-0.003853225941463867,-3.853225941463867,False,43.79058930882139,5.938940062388042,49.72952937120943,budget_long_PI_RBF_alpha1em08_target0750_seed2026,BO,0.75,194,bo,rbf,pi,2026,200,20,0.3015272000338882,0.9996888998430222,0.0189879999961704,1.3204013002105057,0.8213156379185202,5000,4000,1000,49.72952937120943,80.17607187911312,1.011072259169632,True,budget_sweep,RBF,PI,1e-08,1e-08,200
1954.9228320763705,0.1701491754025754,0.44999999999999996,1.0,0.12,0.35,0.12997795202182016,0.20042621543592976,1.0,0.0,1.0,0.0,0.6827694977618086,0.06723050223819138,67.23050223819138,0.06723050223819138,67.23050223819138,0.5031412378311222,0.00314123783112219,3.14123783112219,-0.00314123783112219,-3.14123783112219,False,45.19940431199456,3.946950044669296,49.146354356663856,budget_long_PI_RBF_alpha1em08_target0750_seed2026,BO,0.75,195,bo,rbf,pi,2026,200,20,0.3127117999829352,1.3677490998525172,0.019241899950429797,1.6998887001536787,0.7938831551968626,5000,4000,1000,49.146354356663856,80.17607187911312,1.011072259169632,True,budget_sweep,RBF,PI,1e-08,1e-08,200
2003.0504149598355,0.16520957203935432,0.44999999999999996,1.0,0.12,0.35,0.14372868998852442,0.18631306296958372,1.0,0.0,1.0,0.0,0.6819047627239693,0.06809523727603073,68.09523727603073,0.06809523727603073,68.09523727603073,0.5025018402576215,0.002501840257621457,2.501840257621457,-0.002501840257621457,-2.501840257621457,False,46.36961339678924,2.5036818698621595,48.8732952666514,budget_long_PI_RBF_alpha1em08_target0750_seed2026,BO,0.75,196,bo,rbf,pi,2026,200,20,0.31777759990654886,1.2493769999127835,0.019023000029847026,1.5863585998304188,0.7108766947041,5000,4000,1000,48.8732952666514,80.17607187911312,1.011072259169632,True,budget_sweep,RBF,PI,1e-08,1e-08,200
1987.7550329027983,0.15170385047963136,0.44999999999999996,1.0,0.12,0.35,0.13935858082937094,0.14772528708466098,1.0,0.0,1.0,0.0,0.684055159023651,0.065944840976349,65.94484097634901,0.065944840976349,65.94484097634901,0.503414701173571,0.003414701173571011,3.414701173571011,-0.003414701173571011,-3.414701173571011,False,43.48722051395959,4.664073641914896,48.15129415587449,budget_long_PI_RBF_alpha1em08_target0750_seed2026,BO,0.75,197,bo,rbf,pi,2026,200,20,0.3206295999698341,1.0747821000404656,0.01886059995740652,1.4144590001087636,0.7093373264443745,5000,4000,1000,48.15129415587449,80.17607187911312,1.011072259169632,True,budget_sweep,RBF,PI,1e-08,1e-08,200
2052.088319369326,0.12682186629084952,0.4366363054625073,1.0,0.12,0.35,0.1577395198198074,0.07663390368814148,0.9618180156071637,0.0,1.0,0.0,0.6845730386651849,0.06542696133481507,65.42696133481508,0.06542696133481507,65.42696133481508,0.5032860609510262,0.0032860609510262373,3.2860609510262373,-0.0032860609510262373,-3.2860609510262373,False,42.806872695073864,4.319278629543783,47.126151324617645,budget_long_PI_RBF_alpha1em08_target0750_seed2026,BO,0.75,198,bo,rbf,pi,2026,200,20,0.39351810002699494,1.4645173999015242,0.02207740000449121,1.88032290013507,0.6069372633175808,5000,4000,1000,47.126151324617645,80.17607187911312,1.011072259169632,True,budget_sweep,RBF,PI,1e-08,1e-08,200
2089.990081207786,0.10820784407994236,0.3990677493372211,1.0,0.12,0.35,0.168568594630796,0.023450983085549576,0.8544792838206319,0.0,1.0,0.0,0.6845478258314257,0.0654521741685743,65.45217416857429,0.0654521741685743,65.45217416857429,0.5031620382641401,0.003162038264140077,3.162038264140077,-0.003162038264140077,-3.162038264140077,False,42.83987103393384,3.9993943935543963,46.839265427488236,budget_long_PI_RBF_alpha1em08_target0750_seed2026,BO,0.75,199,bo,rbf,pi,2026,200,20,0.327807700028643,1.4497698999475688,0.022286100080236793,1.8000566000118852,0.7530949720634112,5000,4000,1000,46.839265427488236,80.17607187911312,1.011072259169632,True,budget_sweep,RBF,PI,1e-08,1e-08,200
4096.328810899491,0.4458121534572592,0.3097691171768839,3.063322623609378,0.09133822595947666,0.36918889869744814,0.7418082316855688,0.9880347241635979,0.5993403347910968,0.6877742078697926,0.04460753198255529,0.38377797394896274,0.5558888345295125,0.19411116547048746,194.11116547048746,0.19411116547048746,194.11116547048746,0.4663211571493259,0.0,0.0,0.03367884285067407,33.67884285067407,True,376.7914456031096,0.0,376.7914456031096,budget_long_PI_RBF_alpha1em08_target0750_seed2026,BO,0.75,200,bo,rbf,pi,2026,200,20,0.39158109994605184,1.2819232000038028,0.01927269995212555,1.6929656001739204,0.5184880636536662,5000,4000,1000,46.839265427488236,80.17607187911312,1.011072259169632,False,budget_sweep,RBF,PI,1e-08,1e-08,200
4823.599044428991,0.303247055359511,0.2910558892268489,2.5753147621355854,0.10282688154981535,0.3832364291414367,0.9495997269797117,0.5807058724557457,0.5458739692195682,0.5251049207118619,0.4275627183271788,0.6647285828287336,0.6031940399516126,0.14680596004838742,146.80596004838742,0.14680596004838742,146.80596004838742,0.5102049852677055,0.010204985267705524,10.204985267705524,-0.010204985267705524,-10.204985267705524,False,215.51989905728723,41.65668972563472,257.17658878292195,budget_long_PI_RBF_alpha1em08_target0750_seed2027,BO,0.75,1,initial_lhs,rbf,pi,2027,200,20,0.5198565002065152,0.0,0.0,0.5199138999450952,,0,0,0,257.17658878292195,,,True,budget_sweep,RBF,PI,1e-08,1e-08,200
2847.8870147399134,0.1241278679151615,0.3526842089972122,3.2365228375265054,0.1004865889738777,0.35904429881627203,0.38511057563997525,0.06893676547189001,0.7219548828491776,0.7455076125088351,0.34955296579592343,0.1808859763254407,0.5825116236261181,0.16748837637388192,167.48837637388192,0.16748837637388192,167.48837637388192,0.6580681134206259,0.15806811342062588,158.06811342062588,-0.15806811342062588,-158.06811342062588,False,280.52356220359127,9994.211392142339,10274.73495434593,budget_long_PI_RBF_alpha1em08_target0750_seed2027,BO,0.75,2,initial_lhs,rbf,pi,2027,200,20,0.5445876999292523,0.0,0.0,0.5446464999113232,,0,0,0,257.17658878292195,,,False,budget_sweep,RBF,PI,1e-08,1e-08,200
1518.032118369225,0.44949375527041147,0.3106737573759427,2.3882191515804174,0.09491466941892782,0.38204072714810255,0.005152033819778528,0.9985535864868899,0.6019250210741222,0.4627397171934725,0.16382231396426084,0.6408145429620508,0.5887296148136775,0.16127038518632253,161.27038518632253,0.16127038518632253,161.27038518632253,0.49117869680064097,0.0,0.0,0.008821303199359032,8.821303199359033,True,260.08137138144843,0.0,260.08137138144843,budget_long_PI_RBF_alpha1em08_target0750_seed2027,BO,0.75,3,initial_lhs,rbf,pi,2027,200,20,0.29182049981318414,0.0,0.0,0.2918771000113338,,0,0,0,257.17658878292195,161.27038518632253,8.821303199359033,False,budget_sweep,RBF,PI,1e-08,1e-08,200
3497.25061767099,0.2099637408810826,0.3640911337273114,1.2938225058404584,0.11084722203917428,0.36507547507989263,0.5706430336202828,0.31418211680309316,0.7545460963637469,0.09794083528015285,0.6949074013058095,0.30150950159785317,0.6362231274691057,0.1137768725308943,113.77687253089431,0.1137768725308943,113.77687253089431,0.4909582540834537,0.0,0.0,0.009041745916546273,9.041745916546272,True,129.4517672291137,0.0,129.4517672291137,budget_long_PI_RBF_alpha1em08_target0750_seed2027,BO,0.75,4,initial_lhs,rbf,pi,2027,200,20,0.4340967000462115,0.0,0.0,0.43414589995518327,,0,0,0,129.4517672291137,113.77687253089431,9.041745916546272,True,budget_sweep,RBF,PI,1e-08,1e-08,200
3810.682805143088,0.37372005297572897,0.23763759974144025,2.2529640736233,0.0931169212468111,0.3969776605824956,0.6601950871837394,0.7820572942163686,0.3932502849755436,0.4176546912077666,0.10389737489370379,0.9395532116499113,0.599695881861976,0.15030411813802402,150.30411813802402,0.15030411813802402,150.30411813802402,0.5023584809228704,0.0023584809228703874,2.3584809228703874,-0.0023584809228703874,-2.3584809228703874,False,225.9132792924908,2.2249729054174217,228.13825219790823,budget_long_PI_RBF_alpha1em08_target0750_seed2027,BO,0.75,5,initial_lhs,rbf,pi,2027,200,20,0.37867249990813434,0.0,0.0,0.37872599996626377,,0,0,0,129.4517672291137,113.77687253089431,9.041745916546272,False,budget_sweep,RBF,PI,1e-08,1e-08,200
3997.7618195431023,0.1667731548701724,0.2448348843425768,2.0290378667888262,0.11401295018418708,0.35237787359165584,0.7136462341551721,0.1907804424862069,0.41381395526450515,0.343012622262942,0.8004316728062365,0.047557471833117704,0.6118556178555848,0.13814438214441516,138.14438214441515,0.13814438214441516,138.14438214441515,0.4949515371682366,0.0,0.0,0.005048462831763412,5.048462831763412,True,190.8387031806221,0.0,190.8387031806221,budget_long_PI_RBF_alpha1em08_target0750_seed2027,BO,0.75,6,initial_lhs,rbf,pi,2027,200,20,0.5821446001064032,0.0,0.0,0.5821924000047147,,0,0,0,129.4517672291137,113.77687253089431,9.041745916546272,False,budget_sweep,RBF,PI,1e-08,1e-08,200
4937.431473683956,0.2637796461772387,0.1941287796080743,1.7244015260557894,0.11985091963938288,0.3892410205768142,0.982123278195416,0.46794184622068197,0.2689393703087837,0.2414671753519298,0.9950306546460963,0.7848204115362833,0.6595163572894677,0.09048364271053233,90.48364271053234,0.09048364271053233,90.48364271053234,0.5204801629761965,0.02048016297619648,20.480162976196482,-0.02048016297619648,-20.480162976196482,False,81.8728959816727,167.77483021262765,249.64772619430033,budget_long_PI_RBF_alpha1em08_target0750_seed2027,BO,0.75,7,initial_lhs,rbf,pi,2027,200,20,0.46117070014588535,0.0,0.0,0.4612170998007059,,0,0,0,129.4517672291137,113.77687253089431,9.041745916546272,False,budget_sweep,RBF,PI,1e-08,1e-08,200
3211.464127425917,0.10460046307215375,0.44403450416128276,2.997473684167904,0.10054036184524463,0.3557696736979401,0.4889897506931192,0.013144180206153544,0.9829557261750936,0.6658245613893012,0.3513453948414877,0.11539347395880202,0.5815263041941532,0.1684736958058468,168.4736958058468,0.1684736958058468,168.4736958058468,0.6103987698562531,0.11039876985625308,110.39876985625308,-0.11039876985625308,-110.39876985625308,False,283.83386178481,4875.155354309573,5158.989216094384,budget_long_PI_RBF_alpha1em08_target0750_seed2027,BO,0.75,8,initial_lhs,rbf,pi,2027,200,20,0.5615522000007331,0.0,0.0,0.5615989998914301,,0,0,0,129.4517672291137,113.77687253089431,9.041745916546272,False,budget_sweep,RBF,PI,1e-08,1e-08,200
2663.1007788617453,0.4028537292587704,0.3819252709298506,2.129318271724999,0.11613634678171447,0.37178704880942337,0.332314508246213,0.8652963693107727,0.8055007740852875,0.37643942390833296,0.8712115593904828,0.43574097618846774,0.6318352331483287,0.11816476685167132,118.16476685167132,0.11816476685167132,118.16476685167132,0.5010647318009469,0.0010647318009469053,1.0647318009469053,-0.0010647318009469053,-1.0647318009469053,False,139.6291212510984,0.4534615231790562,140.08258277427745,budget_long_PI_RBF_alpha1em08_target0750_seed2027,BO,0.75,9,initial_lhs,rbf,pi,2027,200,20,0.3391785998828709,0.0,0.0,0.3392271001357585,,0,0,0,129.4517672291137,113.77687253089431,9.041745916546272,False,budget_sweep,RBF,PI,1e-08,1e-08,200
1732.8043246952775,0.20141175650707938,0.40229237631220427,2.6580311686685882,0.10389725778053013,0.3695898720443256,0.06651552134150784,0.28974787573451255,0.863692503749155,0.5526770562228628,0.4632419260176711,0.39179744088651125,0.6231967693844458,0.1268032306155542,126.80323061555421,0.1268032306155542,126.80323061555421,0.5643108821428234,0.06431088214282343,64.31088214282343,-0.06431088214282343,-64.31088214282343,False,160.7905929454142,1654.35582479525,1815.1464177406642,budget_long_PI_RBF_alpha1em08_target0750_seed2027,BO,0.75,10,initial_lhs,rbf,pi,2027,200,20,0.3598155998624861,0.0,0.0,0.35985910007730126,,0,0,0,129.4517672291137,113.77687253089431,9.041745916546272,False,budget_sweep,RBF,PI,1e-08,1e-08,200
2172.6987906137074,0.27696433395624764,0.14122602146372398,3.5343942510840822,0.09621742244113055,0.3635788224630891,0.1921996544610593,0.5056123827321362,0.11778863275349707,0.844798083694694,0.20724741470435176,0.2715764492617815,0.5698523921437839,0.18014760785621609,180.1476078562161,0.18014760785621609,180.1476078562161,0.503427775384257,0.0034277753842569814,3.4277753842569814,-0.0034277753842569814,-3.4277753842569814,False,324.53160616317007,4.699857633967238,329.2314637971373,budget_long_PI_RBF_alpha1em08_target0750_seed2027,BO,0.75,11,initial_lhs,rbf,pi,2027,200,20,0.4585665001068264,0.0,0.0,0.4586249999701977,,0,0,0,129.4517672291137,113.77687253089431,9.041745916546272,False,budget_sweep,RBF,PI,1e-08,1e-08,200
4577.702198620624,0.34817482938834987,0.2134768762048799,3.88763809738047,0.11802507958015433,0.37993879678820186,0.8793434853201783,0.709070941109571,0.3242196462996569,0.9625460324601567,0.9341693193384778,0.5987759357640365,0.6138780551331061,0.13612194486689388,136.1219448668939,0.13612194486689388,136.1219448668939,0.5276968849554134,0.027696884955413448,27.69688495541345,-0.027696884955413448,-27.69688495541345,False,185.29183874345696,306.8469744933631,492.13881323682006,budget_long_PI_RBF_alpha1em08_target0750_seed2027,BO,0.75,12,initial_lhs,rbf,pi,2027,200,20,0.5275736998300999,0.0,0.0,0.527623200090602,,0,0,0,129.4517672291137,113.77687253089431,9.041745916546272,False,budget_sweep,RBF,PI,1e-08,1e-08,200
2336.2336662200187,0.4206897541639716,0.33634183375418736,1.046763461340352,0.11161581311294215,0.3533151604494096,0.23892390463429097,0.9162564404684902,0.675262382154821,0.015587820446784023,0.7205271037647385,0.06630320898819178,0.6237738707859197,0.12622612921408027,126.22612921408027,0.12622612921408027,126.22612921408027,0.48037692983414987,0.0,0.0,0.01962307016585013,19.62307016585013,True,159.3303569636969,0.0,159.3303569636969,budget_long_PI_RBF_alpha1em08_target0750_seed2027,BO,0.75,13,initial_lhs,rbf,pi,2027,200,20,0.25172080006450415,0.0,0.0,0.25177429988980293,,0,0,0,129.4517672291137,113.77687253089431,9.041745916546272,False,budget_sweep,RBF,PI,1e-08,1e-08,200
3010.209959771822,0.2529661322194695,0.2980842328488004,1.8027326402583304,0.11398126841842582,0.3760101585050454,0.4314885599348063,0.4370460920556273,0.5659549509965727,0.2675775467527768,0.7993756139475277,0.5202031701009076,0.6444356345674539,0.1055643654325461,105.5643654325461,0.1055643654325461,105.5643654325461,0.5111463634346539,0.011146363434653916,11.146363434653917,-0.011146363434653916,-11.146363434653917,False,111.43835249176135,49.69656712695594,161.13491961871728,budget_long_PI_RBF_alpha1em08_target0750_seed2027,BO,0.75,14,initial_lhs,rbf,pi,2027,200,20,0.3706924000289291,0.0,0.0,0.3707367000170052,,0,0,0,129.4517672291137,113.77687253089431,9.041745916546272,False,budget_sweep,RBF,PI,1e-08,1e-08,200
2499.5606177697446,0.32821720683273914,0.2724010653095761,3.772050365415063,0.10746115620586588,0.36112891921677137,0.2855887479342128,0.6520491623792547,0.49257447231307444,0.9240167884716876,0.5820385401955293,0.2225783843354272,0.584997696305722,0.16500230369427804,165.00230369427805,0.16500230369427804,165.00230369427805,0.4984789004384969,0.0,0.0,0.001521099561503092,1.521099561503092,True,272.2576022441876,0.0,272.2576022441876,budget_long_PI_RBF_alpha1em08_target0750_seed2027,BO,0.75,15,initial_lhs,rbf,pi,2027,200,20,0.4057661001570523,0.0,0.0,0.40581209980882704,,0,0,0,129.4517672291137,113.77687253089431,9.041745916546272,False,budget_sweep,RBF,PI,1e-08,1e-08,200
3643.8137527249955,0.2260475855343451,0.42803127439678224,3.312726044778331,0.09792811490895643,0.38582640867146284,0.6125182150642845,0.36013595866955744,0.9372322125622349,0.770908681592777,0.26427049696521465,0.716528173429257,0.5952730525921074,0.1547269474078926,154.72694740789262,0.1547269474078926,154.72694740789262,0.5578747128307513,0.057874712830751296,57.87471283075129,-0.057874712830751296,-57.87471283075129,False,239.4042825416477,1339.7929540967716,1579.1972366384193,budget_long_PI_RBF_alpha1em08_target0750_seed2027,BO,0.75,16,initial_lhs,rbf,pi,2027,200,20,0.5057288000825793,0.0,0.0,0.5057735000737011,,0,0,0,129.4517672291137,113.77687253089431,9.041745916546272,False,budget_sweep,RBF,PI,1e-08,1e-08,200
4132.877335908175,0.3872506280962008,0.12311612679173894,1.447547831197829,0.09127773765915725,0.39196248584993754,0.7522506674023359,0.8207160802748596,0.06604607654782556,0.14918261039927636,0.04259125530524184,0.8392497169987501,0.5984798361353517,0.15152016386464828,151.52016386464828,0.15152016386464828,151.52016386464828,0.4908673300315941,0.0,0.0,0.009132669968405893,9.132669968405892,True,229.58360057569865,0.0,229.58360057569865,budget_long_PI_RBF_alpha1em08_target0750_seed2027,BO,0.75,17,initial_lhs,rbf,pi,2027,200,20,0.3332601999863982,0.0,0.0,0.3333014000672847,,0,0,0,129.4517672291137,113.77687253089431,9.041745916546272,False,budget_sweep,RBF,PI,1e-08,1e-08,200
1959.5420632406904,0.14869041265399424,0.17724593774958297,3.6768141036488657,0.1056931276421194,0.39443688466210397,0.131297732354483,0.1391154647256978,0.22070267928452272,0.8922713678829552,0.5231042547373133,0.8887376932420794,0.634806401718697,0.11519359828130304,115.19359828130304,0.11519359828130304,115.19359828130304,0.6554266776760759,0.15542667767607588,155.42667767607588,-0.15542667767607588,-155.42667767607588,False,132.6956508499422,9662.980853369114,9795.676504219056,budget_long_PI_RBF_alpha1em08_target0750_seed2027,BO,0.75,18,initial_lhs,rbf,pi,2027,200,20,0.4032429999206215,0.0,0.0,0.403284200001508,,0,0,0,129.4517672291137,113.77687253089431,9.041745916546272,False,budget_sweep,RBF,PI,1e-08,1e-08,200
4326.014421362195,0.32710325110449434,0.11693770472239352,1.522349816402572,0.09283114857873091,0.3987086663656658,0.80743269181777,0.6488664317271268,0.048393442063981475,0.17411660546752397,0.09437161929103047,0.9741733273133164,0.6093410706151097,0.14065892938489033,140.65892938489034,0.14065892938489033,140.65892938489034,0.49976083734882804,0.0,0.0,0.00023916265117196467,0.23916265117196467,True,197.84934415703563,0.0,197.84934415703563,budget_long_PI_RBF_alpha1em08_target0750_seed2027,BO,0.75,19,initial_lhs,rbf,pi,2027,200,20,0.36930919997394085,0.0,0.0,0.36935020005330443,,0,0,0,129.4517672291137,113.77687253089431,9.041745916546272,False,budget_sweep,RBF,PI,1e-08,1e-08,200
3409.4161235060774,0.17340667338393242,0.15616269574309752,2.8901476464465206,0.10919188872857868,0.3742137766125357,0.5455474638588792,0.20973335252552122,0.16046484498027863,0.6300492154821735,0.639729624285956,0.4842755322507136,0.6124872650784946,0.1375127349215054,137.5127349215054,0.1375127349215054,137.5127349215054,0.5782414747628913,0.07824147476289134,78.24147476289134,-0.07824147476289134,-78.24147476289134,False,189.09752265592212,2448.691349228865,2637.788871884787,budget_long_PI_RBF_alpha1em08_target0750_seed2027,BO,0.75,20,initial_lhs,rbf,pi,2027,200,20,0.44986800011247396,0.0,0.0,0.4499113999772817,,0,0,0,129.4517672291137,113.77687253089431,9.041745916546272,False,budget_sweep,RBF,PI,1e-08,1e-08,200
3246.4989921799065,0.21356988245092218,0.36754621682477806,1.081175249864276,0.11223485407178947,0.36641980521366324,0.49899971205140187,0.3244853784312062,0.7644177623565089,0.027058416621425316,0.7411618023929826,0.3283961042732647,0.6485616515898747,0.10143834841012533,101.43834841012533,0.10143834841012533,101.43834841012533,0.49548111274266227,0.0,0.0,0.004518887257337734,4.518887257337734,True,102.89738528173974,0.0,102.89738528173974,budget_long_PI_RBF_alpha1em08_target0750_seed2027,BO,0.75,21,bo,rbf,pi,2027,200,20,0.35356459999457,0.05972329992800951,0.002352700103074312,0.4157395001966506,0.7696910104636518,5000,4000,1000,102.89738528173974,101.43834841012533,4.518887257337734,True,budget_sweep,RBF,PI,1e-08,1e-08,200
3683.457501888275,0.17091410238444135,0.2381487508883765,1.9915302457312523,0.11588597406011471,0.35048145559250227,0.6238450005395072,0.20261172109840386,0.3947107168239329,0.3305100819104174,0.8628658020038238,0.009629111850045224,0.6160751446659487,0.1339248553340513,133.9248553340513,0.1339248553340513,133.9248553340513,0.49654267710333666,0.0,0.0,0.0034573228966633396,3.4573228966633396,True,179.35866876246564,0.0,179.35866876246564,budget_long_PI_RBF_alpha1em08_target0750_seed2027,BO,0.75,22,bo,rbf,pi,2027,200,20,0.4232928000856191,0.11553109996020794,0.0023938999511301517,0.5413234999869019,0.9999998930201419,5000,4000,1000,102.89738528173974,101.43834841012533,4.518887257337734,False,budget_sweep,RBF,PI,1e-08,1e-08,200
3003.9595300879637,0.16629333128644508,0.2263133251904898,1.862239579634395,0.09406310002283376,0.35681474580168915,0.4297027228822754,0.1894095179612717,0.3608952148299709,0.28741319321146497,0.13543666742779215,0.13629491603378374,0.5791872084898967,0.1708127915101033,170.81279151010332,0.1708127915101033,170.81279151010332,0.4766853497703823,0.0,0.0,0.023314650229617706,23.314650229617705,True,291.77009743474025,0.0,291.77009743474025,budget_long_PI_RBF_alpha1em08_target0750_seed2027,BO,0.75,23,bo,rbf,pi,2027,200,20,0.3828908000141382,0.14251179993152618,0.0026850998401641846,0.528189699864015,0.888170169634308,5000,4000,1000,102.89738528173974,101.43834841012533,4.518887257337734,False,budget_sweep,RBF,PI,1e-08,1e-08,200
3413.6315321559364,0.2132955211145361,0.35338949571085365,1.1114299987112093,0.11115952714494591,0.3672155345758713,0.5467518663302675,0.3237014888986745,0.7239699877452963,0.03714333290373646,0.7053175714981972,0.34431069151742666,0.6437511950241683,0.10624880497583167,106.24880497583166,0.10624880497583167,106.24880497583166,0.49412659194721104,0.0,0.0,0.005873408052788964,5.873408052788964,True,112.88808558792311,0.0,112.88808558792311,budget_long_PI_RBF_alpha1em08_target0750_seed2027,BO,0.75,24,bo,rbf,pi,2027,200,20,0.3669183000456542,0.08635069988667965,0.0024709999561309814,0.45584680000320077,0.7603911560355601,5000,4000,1000,102.89738528173974,101.43834841012533,4.518887257337734,False,budget_sweep,RBF,PI,1e-08,1e-08,200
4014.097876557224,0.41451469966075105,0.33538962678844875,1.647931241242313,0.10495629178027753,0.38787432524787985,0.7183136790163497,0.898613427602146,0.6725417908241392,0.21597708041410435,0.49854305934258436,0.7574865049575963,0.6242362996299402,0.1257637003700598,125.7637003700598,0.1257637003700598,125.7637003700598,0.5013168164810099,0.001316816481009897,1.316816481009897,-0.001316816481009897,-1.316816481009897,False,158.1650833077018,0.6936022578637153,158.8586855655655,budget_long_PI_RBF_alpha1em08_target0750_seed2027,BO,0.75,25,bo,rbf,pi,2027,200,20,0.3325147998984903,0.106744599994272,0.0026403998490422964,0.4420003001578152,0.5655289065578111,5000,4000,1000,102.89738528173974,101.43834841012533,4.518887257337734,False,budget_sweep,RBF,PI,1e-08,1e-08,200
4307.345043687106,0.16863978285137,0.25070157708404706,1.905589746532992,0.10294356120139661,0.3639748076639452,0.8020985839106017,0.1961136652896286,0.43057593452584886,0.3018632488443307,0.4314520400465539,0.27949615327890365,0.5988850727750048,0.1511149272249952,151.1149272249952,0.1511149272249952,151.1149272249952,0.48675171773634063,0.0,0.0,0.013248282263659372,13.248282263659373,True,228.35721230215594,0.0,228.35721230215594,budget_long_PI_RBF_alpha1em08_target0750_seed2027,BO,0.75,26,bo,rbf,pi,2027,200,20,0.43692680005915463,0.08231139997951686,0.0026255000848323107,0.5219673002138734,0.9994378097897526,5000,4000,1000,102.89738528173974,101.43834841012533,4.518887257337734,False,budget_sweep,RBF,PI,1e-08,1e-08,200
3307.4567633236516,0.21372072241204185,0.3992285419737387,1.0,0.11392726737801467,0.367457550620945,0.5164162180924718,0.324916349748691,0.8549386913535392,0.0,0.797575579267156,0.34915101241889973,0.6563845533995453,0.09361544660045473,93.61544660045473,0.09361544660045473,93.61544660045473,0.49836687478876945,0.0,0.0,0.001633125211230546,1.633125211230546,True,87.63851842202591,0.0,87.63851842202591,budget_long_PI_RBF_alpha1em08_target0750_seed2027,BO,0.75,27,bo,rbf,pi,2027,200,20,0.3635364000219852,0.07811480015516281,0.0028508000541478395,0.44460780010558665,0.8813816387029048,5000,4000,1000,87.63851842202591,93.61544660045473,1.633125211230546,True,budget_sweep,RBF,PI,1e-08,1e-08,200
3387.6624110116254,0.21399557506040184,0.3737426675799538,1.1239491698761277,0.11837524709053845,0.3665302216232495,0.539332117431893,0.3257016430297196,0.7821219073712965,0.04131638995870922,0.9458415696846154,0.3306044324649906,0.6619125389787046,0.08808746102129539,88.08746102129538,0.08808746102129539,88.08746102129538,0.5018117314077991,0.001811731407799111,1.811731407799111,-0.001811731407799111,-1.811731407799111,False,77.59400789178233,1.3129482776022994,78.90695616938463,budget_long_PI_RBF_alpha1em08_target0750_seed2027,BO,0.75,28,bo,rbf,pi,2027,200,20,0.3703232000116259,0.08247669995762408,0.003341799834743142,0.4562444998882711,0.9993417812268942,5000,4000,1000,78.90695616938463,93.61544660045473,1.633125211230546,True,budget_sweep,RBF,PI,1e-08,1e-08,200
3496.7050334318574,0.21457745654324123,0.40783794062617595,1.093808051071117,0.11948309288757396,0.36543484761998596,0.5704871524091021,0.3273641615521178,0.8795369732176456,0.031269350357039025,0.9827697629191322,0.3086969523997195,0.6639675758729234,0.08603242412707657,86.03242412707657,0.08603242412707657,86.03242412707657,0.5015599075307444,0.00155990753074442,1.55990753074442,-0.00155990753074442,-1.55990753074442,False,74.01578001181186,0.9733246017892614,74.98910461360111,budget_long_PI_RBF_alpha1em08_target0750_seed2027,BO,0.75,29,bo,rbf,pi,2027,200,20,0.3759806000161916,0.0852870000526309,0.0029209000058472157,0.46429000003263354,0.999823336087236,5000,4000,1000,74.98910461360111,93.61544660045473,1.633125211230546,True,budget_sweep,RBF,PI,1e-08,1e-08,200
3565.7455682818804,0.2143335200966446,0.42096576161410426,1.001100347096984,0.12,0.36618344942036185,0.5902130195091086,0.32666720027612745,0.9170450331831552,0.000366782365661341,1.0,0.32366898840723735,0.6689929209828142,0.08100707901718585,81.00707901718584,0.08100707901718585,81.00707901718584,0.5027904062363773,0.002790406236377274,2.790406236377274,-0.002790406236377274,-2.790406236377274,False,65.6214685089659,3.114546785605273,68.73601529457117,budget_long_PI_RBF_alpha1em08_target0750_seed2027,BO,0.75,30,bo,rbf,pi,2027,200,20,0.36447520018555224,0.08732399996370077,0.0026479000225663185,0.45455290004611015,0.9948384918655792,5000,4000,1000,68.73601529457117,93.61544660045473,1.633125211230546,True,budget_sweep,RBF,PI,1e-08,1e-08,200
3020.615212543318,0.21420082670019253,0.4001286638130753,1.0,0.12,0.3645208371203441,0.4344614892980909,0.32628807628626433,0.8575104680373581,0.0,1.0,0.2904167424068823,0.6716803630342914,0.07831963696570865,78.31963696570865,0.07831963696570865,78.31963696570865,0.504129837869532,0.004129837869532027,4.129837869532027,-0.004129837869532027,-4.129837869532027,False,61.339655344403965,6.822224331448333,68.1618796758523,budget_long_PI_RBF_alpha1em08_target0750_seed2027,BO,0.75,31,bo,rbf,pi,2027,200,20,0.38456990011036396,0.09228030010126531,0.003090800018981099,0.48007620009593666,0.7180674560531037,5000,4000,1000,68.1618796758523,93.61544660045473,1.633125211230546,True,budget_sweep,RBF,PI,1e-08,1e-08,200
2822.7432226758683,0.21360793321974145,0.44999999999999996,1.0,0.12,0.3614282140261106,0.3779266350502481,0.324594094913547,1.0,0.0,1.0,0.22856428052221173,0.67291317876678,0.07708682123321997,77.08682123321996,0.07708682123321997,77.08682123321996,0.5026380167881331,0.002638016788133135,2.638016788133135,-0.002638016788133135,-2.638016788133135,False,59.42378007842413,2.783653029788905,62.20743310821304,budget_long_PI_RBF_alpha1em08_target0750_seed2027,BO,0.75,32,bo,rbf,pi,2027,200,20,0.3470324999652803,0.12731370003893971,0.002985999919474125,0.47745110001415014,0.9266024362663127,5000,4000,1000,62.20743310821304,93.61544660045473,1.633125211230546,True,budget_sweep,RBF,PI,1e-08,1e-08,200
2654.8696152306843,0.2120149702188235,0.44999999999999996,1.0,0.12,0.36073625010964294,0.32996274720876695,0.32004277205378145,1.0,0.0,1.0,0.21472500219285912,0.6746388176144926,0.07536118238550737,75.36118238550738,0.07536118238550737,75.36118238550738,0.5033720177678773,0.003372017767877322,3.372017767877322,-0.003372017767877322,-3.372017767877322,False,56.793078105417074,4.548201530752143,61.34127963616922,budget_long_PI_RBF_alpha1em08_target0750_seed2027,BO,0.75,33,bo,rbf,pi,2027,200,20,0.33789169997908175,0.09996389993466437,0.0037333001382648945,0.4417040999978781,0.7504673666401173,5000,4000,1000,61.34127963616922,93.61544660045473,1.633125211230546,True,budget_sweep,RBF,PI,1e-08,1e-08,200
3552.4253399119384,0.38888430443967714,0.12367123954698823,3.4933871039083724,0.1008247557648369,0.35739159106755874,0.5864072399748396,0.8253837269705062,0.06763211299139493,0.8311290346361241,0.3608251921612301,0.14783182135117512,0.5594290131752906,0.1905709868247094,190.57098682470942,0.1905709868247094,190.57098682470942,0.4729188582394987,0.0,0.0,0.027081141760501304,27.081141760501303,True,363.17301019343563,0.0,363.17301019343563,budget_long_PI_RBF_alpha1em08_target0750_seed2027,BO,0.75,34,bo,rbf,pi,2027,200,20,0.4653201000764966,0.08574459981173277,0.003066900186240673,0.5542732998728752,0.9996193349515567,5000,4000,1000,61.34127963616922,93.61544660045473,1.633125211230546,False,budget_sweep,RBF,PI,1e-08,1e-08,200
2412.5943501927572,0.10106726969165271,0.1511279599129104,2.4810192088457645,0.11608852567711009,0.3694912254667828,0.26074124291221634,0.003049341976150588,0.14607988546545825,0.4936730696152548,0.8696175225703366,0.3898245093356564,0.6441976041022484,0.10580239589775164,105.80239589775164,0.10580239589775164,105.80239589775164,0.6259009159490836,0.1259009159490836,125.9009159490836,-0.1259009159490836,-125.9009159490836,False,111.94146977704574,6340.416254727284,6452.357724504329,budget_long_PI_RBF_alpha1em08_target0750_seed2027,BO,0.75,35,bo,rbf,pi,2027,200,20,0.41982329986058176,0.128345699980855,0.003729900112375617,0.5520158000290394,0.9120794030933586,5000,4000,1000,61.34127963616922,93.61544660045473,1.633125211230546,False,budget_sweep,RBF,PI,1e-08,1e-08,200
4015.3410536696038,0.16541593314673697,0.2234821003700143,3.9223893658418336,0.11848763313574781,0.3837318677035509,0.7186688724770297,0.18690266613353423,0.35280600105718374,0.9741297886139445,0.9495877711915941,0.6746373540710172,0.625864303614383,0.12413569638561694,124.13569638561694,0.12413569638561694,124.13569638561694,0.6632780296152375,0.16327802961523752,163.27802961523753,-0.16327802961523752,-163.27802961523753,False,154.09671117142074,10663.885982013751,10817.982693185171,budget_long_PI_RBF_alpha1em08_target0750_seed2027,BO,0.75,36,bo,rbf,pi,2027,200,20,0.6592294001020491,0.11785610020160675,0.003277299925684929,0.7804837001021951,0.9675832980954948,5000,4000,1000,61.34127963616922,93.61544660045473,1.633125211230546,False,budget_sweep,RBF,PI,1e-08,1e-08,200
4420.592217108712,0.2737988883445983,0.4459185571750163,3.367736420059287,0.11500118010578214,0.3528068510637072,0.8344549191739178,0.49656825241313796,0.9883387347857607,0.7892454733530957,0.8333726701927381,0.056137021274144105,0.5927961131646048,0.1572038868353952,157.20388683539522,0.1572038868353952,157.20388683539522,0.5246034094962125,0.024603409496212536,24.603409496212535,-0.024603409496212536,-24.603409496212535,False,247.13062036155745,242.13110353532846,489.2617238968859,budget_long_PI_RBF_alpha1em08_target0750_seed2027,BO,0.75,37,bo,rbf,pi,2027,200,20,0.49929860001429915,0.10492499987594783,0.003876199945807457,0.6082336998078972,0.8313413788551456,5000,4000,1000,61.34127963616922,93.61544660045473,1.633125211230546,False,budget_sweep,RBF,PI,1e-08,1e-08,200
2722.806279947692,0.2144430060143196,0.44464650444775733,1.4076075525600649,0.12,0.35941754927680897,0.34937322284219763,0.3269800171837703,0.9847042984221638,0.1358691841866883,1.0,0.18835098553617932,0.6597017486580671,0.09029825134193292,90.29825134193293,0.09029825134193292,90.29825134193293,0.5002783657807593,0.0002783657807593487,0.2783657807593487,-0.0002783657807593487,-0.2783657807593487,False,81.5377419541089,0.030995003159104716,81.568736957268,budget_long_PI_RBF_alpha1em08_target0750_seed2027,BO,0.75,38,bo,rbf,pi,2027,200,20,0.355928200064227,0.0859135000500828,0.0038288000505417585,0.4457799999509007,0.8025624623628835,5000,4000,1000,61.34127963616922,93.61544660045473,1.633125211230546,False,budget_sweep,RBF,PI,1e-08,1e-08,200
4278.185310910258,0.1083637872269412,0.14414502094948,2.593727463514881,0.11010576771439352,0.37795094305093146,0.7937672316886452,0.023896534934117697,0.12612863128422858,0.5312424878382936,0.670192257146451,0.5590188610186289,0.6179900731553087,0.13200992684469126,132.00992684469125,0.13200992684469126,132.00992684469125,0.5480544243756242,0.04805442437562424,48.05442437562424,-0.04805442437562424,-48.05442437562424,False,174.26620785540737,923.6910808290356,1097.957288684443,budget_long_PI_RBF_alpha1em08_target0750_seed2027,BO,0.75,39,bo,rbf,pi,2027,200,20,0.4531329998280853,0.08272469998337328,0.0033327999990433455,0.5392966999206692,0.9066500069744012,5000,4000,1000,61.34127963616922,93.61544660045473,1.633125211230546,False,budget_sweep,RBF,PI,1e-08,1e-08,200
2616.98708926209,0.11485805764248128,0.13315851349485094,2.667388054419551,0.11083833911005259,0.36421994662806645,0.3191391683605972,0.0424515932642322,0.09473860998528838,0.5557960181398504,0.6946113036684199,0.28439893256132964,0.6201372020805194,0.12986279791948063,129.86279791948064,0.12986279791948063,129.86279791948064,0.6207614217697953,0.12076142176979532,120.76142176979532,-0.12076142176979532,-120.76142176979532,False,168.64346283475862,5833.328395144958,6001.971857979717,budget_long_PI_RBF_alpha1em08_target0750_seed2027,BO,0.75,40,bo,rbf,pi,2027,200,20,0.4007818999234587,0.11991510004736483,0.00409659999422729,0.5249226000159979,0.9999913919699448,5000,4000,1000,61.34127963616922,93.61544660045473,1.633125211230546,False,budget_sweep,RBF,PI,1e-08,1e-08,200
4582.839342045068,0.17843649719256688,0.4151053615485716,2.569587492721099,0.1024773359908918,0.37763012292849185,0.8808112405843053,0.2241042776930482,0.9003010329959188,0.523195830907033,0.41591119969639345,0.5526024585698373,0.6015575121670269,0.1484424878329731,148.4424878329731,0.1484424878329731,148.4424878329731,0.5222296222052457,0.022229622205245714,22.229622205245715,-0.022229622205245714,-22.229622205245715,False,220.35172194042363,197.66244135518133,418.01416329560493,budget_long_PI_RBF_alpha1em08_target0750_seed2027,BO,0.75,41,bo,rbf,pi,2027,200,20,0.48286069999448955,0.15379160013981164,0.0034262998960912228,0.6401934998575598,0.8994115612729917,5000,4000,1000,61.34127963616922,93.61544660045473,1.633125211230546,False,budget_sweep,RBF,PI,1e-08,1e-08,200
3254.616093706227,0.1780148010075514,0.1986804671044367,1.9152416478021799,0.11561456413167466,0.3751146487268238,0.5013188839160647,0.2228994314501469,0.28194419172696206,0.30508054926739325,0.8538188043891555,0.5022929745364767,0.6452066453700718,0.10479335462992823,104.79335462992823,0.10479335462992823,104.79335462992823,0.5214602845173216,0.021460284517321626,21.460284517321625,-0.021460284517321626,-21.460284517321625,False,109.81647174593898,184.2175246257577,294.0339963716967,budget_long_PI_RBF_alpha1em08_target0750_seed2027,BO,0.75,42,bo,rbf,pi,2027,200,20,0.3898775998968631,0.11001909989863634,0.0039947000332176685,0.5040015999693424,0.9962543602771906,5000,4000,1000,61.34127963616922,93.61544660045473,1.633125211230546,False,budget_sweep,RBF,PI,1e-08,1e-08,200
3093.533504810247,0.11304707480999347,0.38899403905143903,2.8104225319977036,0.11499312848199977,0.3901233480714962,0.455295287088642,0.037277356599981326,0.825697254432683,0.6034741773325679,0.8331042827333258,0.8024669614299234,0.6509736826618018,0.09902631733819822,99.02631733819823,0.09902631733819822,99.02631733819823,0.6453683707949287,0.1453683707949287,145.3683707949287,-0.1453683707949287,-145.3683707949287,False,98.06211525565537,8452.785291028751,8550.847406284407,budget_long_PI_RBF_alpha1em08_target0750_seed2027,BO,0.75,43,bo,rbf,pi,2027,200,20,0.43164289998821914,0.15997430006973445,0.0035689999349415302,0.5953108000103384,0.9911498481816837,5000,4000,1000,61.34127963616922,93.61544660045473,1.633125211230546,False,budget_sweep,RBF,PI,1e-08,1e-08,200
4986.299722443424,0.13554481733362145,0.11334519321569701,2.6413617920964545,0.10187016439873764,0.37434957884735076,0.9960856349838354,0.10155662095320417,0.03812912347342001,0.5471205973654848,0.39567214662458794,0.48699157694701556,0.5928468845770045,0.15715311542299548,157.15311542299548,0.15715311542299548,157.15311542299548,0.5214051627833344,0.021405162783334375,21.405162783334376,-0.021405162783334375,-21.405162783334376,False,246.97101687153338,183.2723975124172,430.2434143839506,budget_long_PI_RBF_alpha1em08_target0750_seed2027,BO,0.75,44,bo,rbf,pi,2027,200,20,0.49334879987873137,0.12991929985582829,0.004214500077068806,0.6275983999948949,0.9351452927626842,5000,4000,1000,61.34127963616922,93.61544660045473,1.633125211230546,False,budget_sweep,RBF,PI,1e-08,1e-08,200
4481.0975890858135,0.10903159700391601,0.1264556717162768,2.4987708652046123,0.10913486093735755,0.3651975988826545,0.8517421683102325,0.025804562868331438,0.07558763347507658,0.4995902884015374,0.6378286979119188,0.3039519776530909,0.6035385275741716,0.1464614724258284,146.46147242582842,0.1464614724258284,146.46147242582842,0.5240872583892422,0.024087258389242194,24.087258389242194,-0.024087258389242194,-24.087258389242194,False,214.50962905141694,232.0784066840474,446.58803573546436,budget_long_PI_RBF_alpha1em08_target0750_seed2027,BO,0.75,45,bo,rbf,pi,2027,200,20,0.4812890999019146,0.14974479982629418,0.0036395001225173473,0.6348060998134315,0.9988701008941483,5000,4000,1000,61.34127963616922,93.61544660045473,1.633125211230546,False,budget_sweep,RBF,PI,1e-08,1e-08,200
4579.902081750472,0.17655823770060977,0.42842608219469136,2.4138584816762836,0.09397782649830934,0.35553856130482997,0.8799720233572775,0.2187378220017422,0.9383602348419755,0.47128616055876116,0.13259421661031123,0.11077122609659962,0.5642676407901484,0.18573235920985165,185.73235920985164,0.18573235920985165,185.73235920985164,0.481688479903815,0.0,0.0,0.018311520096184974,18.311520096184974,True,344.9650925765737,0.0,344.9650925765737,budget_long_PI_RBF_alpha1em08_target0750_seed2027,BO,0.75,46,bo,rbf,pi,2027,200,20,0.4759351001121104,0.1185647000093013,0.004035899881273508,0.5986542000900954,0.7885350616752413,5000,4000,1000,61.34127963616922,93.61544660045473,1.633125211230546,False,budget_sweep,RBF,PI,1e-08,1e-08,200
3018.4456990692925,0.21209104781259414,0.44999999999999996,1.0,0.12,0.36565238552336954,0.4338416283055121,0.32026013660741187,1.0,0.0,1.0,0.31304771046739066,0.6748579054402111,0.07514209455978893,75.14209455978893,0.07514209455978893,75.14209455978893,0.5054935106648637,0.005493510664863699,5.493510664863699,-0.005493510664863699,-5.493510664863699,False,56.463343748322615,12.07146376998848,68.5348075183111,budget_long_PI_RBF_alpha1em08_target0750_seed2027,BO,0.75,47,bo,rbf,pi,2027,200,20,0.3446319999638945,0.10640930011868477,0.004099200014024973,0.455266100121662,0.6335690475618043,5000,4000,1000,61.34127963616922,93.61544660045473,1.633125211230546,False,budget_sweep,RBF,PI,1e-08,1e-08,200
3270.9207855082286,0.2644692514618752,0.2393559983010424,2.9923427917571965,0.11089000226816953,0.38171495866114147,0.5059773672880653,0.46991214703392925,0.39815999514583544,0.6641142639190656,0.6963334089389847,0.6342991732228296,0.62037436832573,0.12962563167427,129.62563167426998,0.12962563167427,129.62563167426998,0.5509672688200155,0.050967268820015454,50.967268820015455,-0.050967268820015454,-50.967268820015455,False,168.02804386953508,1039.0649963886876,1207.0930402582228,budget_long_PI_RBF_alpha1em08_target0750_seed2027,BO,0.75,48,bo,rbf,pi,2027,200,20,0.45487679983489215,0.12372920010238886,0.00452179997228086,0.5832443998660892,0.9325129563255068,5000,4000,1000,61.34127963616922,93.61544660045473,1.633125211230546,False,budget_sweep,RBF,PI,1e-08,1e-08,200
2363.78158918984,0.2090458971036797,0.43843421200138466,1.0,0.12,0.3564414462690945,0.2467947397685257,0.31155970601051347,0.9669548914325278,0.0,1.0,0.12882892538189022,0.6747238856553766,0.07527611434462345,75.27611434462345,0.07527611434462345,75.27611434462345,0.5020225622626349,0.002022562262634864,2.022562262634864,-0.002022562262634864,-2.022562262634864,False,56.66493390824824,1.636303242493864,58.301237150742104,budget_long_PI_RBF_alpha1em08_target0750_seed2027,BO,0.75,49,bo,rbf,pi,2027,200,20,0.3245580999646336,0.15597699978388846,0.004007700132206082,0.4846577998250723,0.8102120338659642,5000,4000,1000,58.301237150742104,93.61544660045473,1.633125211230546,True,budget_sweep,RBF,PI,1e-08,1e-08,200
3506.496985398835,0.2295728531474969,0.38130866527682983,1.2720841192260135,0.11996369910554677,0.36873525339365515,0.5732848529710957,0.3702081518499911,0.8037390436480851,0.09069470640867117,0.9987899701848926,0.3747050678731034,0.6625155964089757,0.08748440359102427,87.48440359102428,0.08748440359102427,87.48440359102428,0.5046593959543763,0.004659395954376255,4.659395954376255,-0.004659395954376255,-4.659395954376255,False,76.53520871677219,8.683988263863126,85.21919698063532,budget_long_PI_RBF_alpha1em08_target0750_seed2027,BO,0.75,50,bo,rbf,pi,2027,200,20,0.36295949993655086,0.20802509994246066,0.005045900121331215,0.5761673001106828,0.7086575735726025,5000,4000,1000,58.301237150742104,93.61544660045473,1.633125211230546,False,budget_sweep,RBF,PI,1e-08,1e-08,200
2137.316506349469,0.20971600911792423,0.44999999999999996,1.0,0.12,0.35412291578438576,0.1820904303855626,0.31347431176549784,1.0,0.0,1.0,0.08245831568771606,0.6770682020529571,0.07293179794704285,72.93179794704285,0.07293179794704285,72.93179794704285,0.5025741191473954,0.0025741191473953595,2.5741191473953595,-0.0025741191473953595,-2.5741191473953595,False,53.190471517882834,2.650435753994965,55.840907271877796,budget_long_PI_RBF_alpha1em08_target0750_seed2027,BO,0.75,51,bo,rbf,pi,2027,200,20,0.31362119992263615,0.12000930006615818,0.005689699901267886,0.4394386999774724,0.9999999999999889,5000,4000,1000,55.840907271877796,93.61544660045473,1.633125211230546,True,budget_sweep,RBF,PI,1e-08,1e-08,200
4753.141430546085,0.18839728550833273,0.43350035415716504,2.4903715733668963,0.09025318988987281,0.38228462254733264,0.9294689801560242,0.2525636728809507,0.9528581547347573,0.4967905244556321,0.008439662995760377,0.6456924509466527,0.5808900229498115,0.1691099770501885,169.1099770501885,0.1691099770501885,169.1099770501885,0.5040075535853921,0.004007553585392065,4.007553585392065,-0.004007553585392065,-4.007553585392065,False,285.98184337915274,6.424194295915519,292.40603767506826,budget_long_PI_RBF_alpha1em08_target0750_seed2027,BO,0.75,52,bo,rbf,pi,2027,200,20,0.4958808000665158,0.1557096999604255,0.0052594998851418495,0.6569684001151472,0.8971927970176103,5000,4000,1000,55.840907271877796,93.61544660045473,1.633125211230546,False,budget_sweep,RBF,PI,1e-08,1e-08,200
1961.0415020988912,0.21593491258900993,0.44999999999999996,1.0,0.12,0.35,0.13172614345682607,0.3312426073971712,1.0,0.0,1.0,0.0,0.6764748925778886,0.07352510742211138,73.52510742211138,0.07352510742211138,73.52510742211138,0.5008303079395948,0.000830307939594821,0.830307939594821,-0.000830307939594821,-0.830307939594821,False,54.059414214330175,0.2757645098216787,54.33517872415185,budget_long_PI_RBF_alpha1em08_target0750_seed2027,BO,0.75,53,bo,rbf,pi,2027,200,20,0.3210185000207275,0.12709120009094477,0.00610099988989532,0.45434100017882884,0.9989701653140104,5000,4000,1000,54.33517872415185,93.61544660045473,1.633125211230546,True,budget_sweep,RBF,PI,1e-08,1e-08,200
3288.807013506661,0.25935302574469865,0.3181136285601483,3.780238968147304,0.11826528966436935,0.35695332434664223,0.5110877181447603,0.4552943592705676,0.623181795886138,0.926746322715768,0.942176322145645,0.1390664869328454,0.6014529987128128,0.14854700128718723,148.54700128718724,0.14854700128718723,148.54700128718724,0.5427724618144097,0.042772461814409746,42.772461814409745,-0.042772461814409746,-42.772461814409745,False,220.66211591415603,731.7933958660558,952.4555117802119,budget_long_PI_RBF_alpha1em08_target0750_seed2027,BO,0.75,54,bo,rbf,pi,2027,200,20,0.47164579993113875,0.09082969999872148,0.007142700022086501,0.5697534000501037,0.9899052350778119,5000,4000,1000,54.33517872415185,93.61544660045473,1.633125211230546,False,budget_sweep,RBF,PI,1e-08,1e-08,200
4920.42042969664,0.10213909526523078,0.33851618978372155,2.5191399865030495,0.11498105727699817,0.3509892260302331,0.9772629799133256,0.0061117007578022076,0.6814748279534901,0.5063799955010165,0.8327019092332725,0.019784520604661515,0.6030736838209046,0.14692631617909535,146.92631617909535,0.14692631617909535,146.92631617909535,0.5138310774508814,0.013831077450881413,13.831077450881413,-0.013831077450881413,-13.831077450881413,False,215.87342385959496,76.51948138091211,292.39290524050705,budget_long_PI_RBF_alpha1em08_target0750_seed2027,BO,0.75,55,bo,rbf,pi,2027,200,20,0.5111957001499832,0.17005000007338822,0.004536499967798591,0.6859020998235792,0.7829082213572724,5000,4000,1000,54.33517872415185,93.61544660045473,1.633125211230546,False,budget_sweep,RBF,PI,1e-08,1e-08,200
4050.4971242724087,0.22404579054240698,0.2010201632071988,2.265725795993527,0.11852060823126173,0.3593449608995731,0.728713464077831,0.3544165444068771,0.2886290377348537,0.421908598664509,0.9506869410420578,0.18689921799146147,0.6223776729284263,0.12762232707157373,127.62232707157372,0.12762232707157373,127.62232707157372,0.5120114597933186,0.012011459793318635,12.011459793318636,-0.012011459793318635,-12.011459793318636,False,162.87458367163737,57.710066546604054,220.58465021824142,budget_long_PI_RBF_alpha1em08_target0750_seed2027,BO,0.75,56,bo,rbf,pi,2027,200,20,0.4239406001288444,0.08646040013991296,0.005860799923539162,0.5163827000651509,0.8647597796242446,5000,4000,1000,54.33517872415185,93.61544660045473,1.633125211230546,False,budget_sweep,RBF,PI,1e-08,1e-08,200
4820.0486687968605,0.26949802107300624,0.10994912016901733,2.506952196786468,0.09783230009438504,0.37042393938627194,0.94858533394196,0.4842800602085894,0.02842605762576378,0.5023173989288227,0.2610766698128346,0.4084787877254388,0.5784438551807154,0.1715561448192846,171.5561448192846,0.1715561448192846,171.5561448192846,0.4938580608389928,0.0,0.0,0.006141939161007193,6.141939161007192,True,294.3151082525535,0.0,294.3151082525535,budget_long_PI_RBF_alpha1em08_target0750_seed2027,BO,0.75,57,bo,rbf,pi,2027,200,20,0.4645971998106688,0.11261640000157058,0.008209099993109703,0.585543500026688,0.9993402155423194,5000,4000,1000,54.33517872415185,93.61544660045473,1.633125211230546,False,budget_sweep,RBF,PI,1e-08,1e-08,200
1546.7812544230226,0.1971173262614795,0.44999999999999996,1.0,0.12,0.35,0.013366072692292189,0.2774780750327986,1.0,0.0,1.0,0.0,0.6925828460756901,0.057417153924309905,57.41715392430991,0.057417153924309905,57.41715392430991,0.5108114815047623,0.0108114815047623,10.811481504762298,-0.0108114815047623,-10.811481504762298,False,32.96729564767896,46.75525293112691,79.72254857880587,budget_long_PI_RBF_alpha1em08_target0750_seed2027,BO,0.75,58,bo,rbf,pi,2027,200,20,0.2719381998758763,0.1270427000708878,0.007430600002408028,0.4065341001842171,0.897698118964485,5000,4000,1000,54.33517872415185,93.61544660045473,1.633125211230546,False,budget_sweep,RBF,PI,1e-08,1e-08,200
1942.757641391132,0.21220677705411486,0.4474222403823541,1.0,0.12,0.35,0.12650218325460913,0.3205907915831853,0.992634972521012,0.0,1.0,0.0,0.6773967519602719,0.07260324803972806,72.60324803972806,0.07260324803972806,72.60324803972806,0.5013096906801411,0.0013096906801410846,1.3096906801410846,-0.0013096906801410846,-1.3096906801410846,False,52.71231625918277,0.6861158710593667,53.398432130242135,budget_long_PI_RBF_alpha1em08_target0750_seed2027,BO,0.75,59,bo,rbf,pi,2027,200,20,0.29795619985088706,0.11471979995258152,0.008674500044435263,0.4214710001833737,0.9841705706470086,5000,4000,1000,53.398432130242135,93.61544660045473,1.633125211230546,True,budget_sweep,RBF,PI,1e-08,1e-08,200
4433.340436920931,0.10807285516131891,0.21632619536132608,2.502355337662703,0.10657756677429248,0.3799572238270381,0.8380972676916945,0.023065300460911153,0.33236055817521737,0.5007851125542343,0.5525855591430828,0.5991444765407621,0.6140862433968307,0.1359137566031693,135.91375660316928,0.1359137566031693,135.91375660316928,0.5363736169819957,0.036373616981995704,36.3736169819957,-0.036373616981995704,-36.3736169819957,False,184.72549233985544,529.2160049411705,713.9414972810259,budget_long_PI_RBF_alpha1em08_target0750_seed2027,BO,0.75,60,bo,rbf,pi,2027,200,20,0.47931519988924265,0.15291690011508763,0.006672099931165576,0.639022900024429,0.9884805195520923,5000,4000,1000,53.398432130242135,93.61544660045473,1.633125211230546,False,budget_sweep,RBF,PI,1e-08,1e-08,200
2382.119577973618,0.2357918772565385,0.4235511954906338,1.0,0.12,0.35,0.2520341651353194,0.3879767921615386,0.9244319871160966,0.0,1.0,0.0,0.6646899532370775,0.08531004676292253,85.31004676292252,0.08531004676292253,85.31004676292252,0.4943604120991366,0.0,0.0,0.005639587900863385,5.639587900863385,True,72.7780407869203,0.0,72.7780407869203,budget_long_PI_RBF_alpha1em08_target0750_seed2027,BO,0.75,61,bo,rbf,pi,2027,200,20,0.31416779989376664,0.16551740001887083,0.008043400011956692,0.4878457998856902,0.9999610680490041,5000,4000,1000,53.398432130242135,85.31004676292252,5.639587900863385,False,budget_sweep,RBF,PI,1e-08,1e-08,200
4840.5518316018315,0.11328137795520797,0.4039466175963664,2.48323368333245,0.11673593988559719,0.3530753959333214,0.9544433804576661,0.03794679415773705,0.8684189074181897,0.49441122777748336,0.8911979961865731,0.061507918666427464,0.6114099547588163,0.13859004524118368,138.59004524118367,0.13859004524118368,138.59004524118367,0.5166325799403594,0.016632579940359382,16.63257994035938,-0.016632579940359382,-16.63257994035938,False,192.07200639953336,110.65708618897813,302.7290925885115,budget_long_PI_RBF_alpha1em08_target0750_seed2027,BO,0.75,62,bo,rbf,pi,2027,200,20,0.49746749992482364,0.12593390000984073,0.007110100006684661,0.6306316000409424,0.9999624067263377,5000,4000,1000,53.398432130242135,85.31004676292252,5.639587900863385,False,budget_sweep,RBF,PI,1e-08,1e-08,200
3222.3510505554577,0.1817498108916062,0.2921361745415068,3.84377515948174,0.10564632139580077,0.37649323481551344,0.4921003001587022,0.233570888261732,0.5489604986900195,0.9479250531605801,0.5215440465266925,0.5298646963102692,0.5974105942665049,0.1525894057334951,152.5894057334951,0.1525894057334951,152.5894057334951,0.6029956317390128,0.10299563173901283,102.99563173901282,-0.10299563173901283,-102.99563173901282,False,232.8352674210119,4243.240062927338,4476.07533034835,budget_long_PI_RBF_alpha1em08_target0750_seed2027,BO,0.75,63,bo,rbf,pi,2027,200,20,0.4764399998821318,0.15118929999880493,0.005658699898049235,0.633422699989751,0.9999951853223067,5000,4000,1000,53.398432130242135,85.31004676292252,5.639587900863385,False,budget_sweep,RBF,PI,1e-08,1e-08,200
3428.0647945449427,0.10009289434627916,0.25486985315455885,2.3284683456515247,0.10874325121762596,0.3750845615474724,0.5508756555842693,0.0002654124179404249,0.442485294727311,0.4428227818838416,0.6247750405875323,0.5016912309494479,0.6230758777530487,0.12692412224695127,126.92412224695127,0.12692412224695127,126.92412224695127,0.5430288509425845,0.04302885094258446,43.02885094258446,-0.04302885094258446,-43.02885094258446,False,161.09732808159026,740.5928053756606,901.6901334572509,budget_long_PI_RBF_alpha1em08_target0750_seed2027,BO,0.75,64,bo,rbf,pi,2027,200,20,0.4401535000652075,0.12421729997731745,0.005058899987488985,0.5695561000611633,0.9297703865535677,5000,4000,1000,53.398432130242135,85.31004676292252,5.639587900863385,False,budget_sweep,RBF,PI,1e-08,1e-08,200
4805.5371179276135,0.1348201973075025,0.29565466622340086,2.286250070240867,0.11379039617368511,0.36341249662899355,0.9444391765507466,0.09948627802143573,0.5590133320668597,0.4287500234136222,0.7930132057895041,0.26824993257987184,0.6151652700537367,0.13483472994626333,134.83472994626334,0.13483472994626333,134.83472994626334,0.5120957612330419,0.012095761233041902,12.095761233041902,-0.012095761233041902,-12.095761233041902,False,181.8040439968176,58.52297592270374,240.32701991952135,budget_long_PI_RBF_alpha1em08_target0750_seed2027,BO,0.75,65,bo,rbf,pi,2027,200,20,0.4836458000354469,0.132606599945575,0.006321100052446127,0.6227108999155462,0.985310168873434,5000,4000,1000,53.398432130242135,85.31004676292252,5.639587900863385,False,budget_sweep,RBF,PI,1e-08,1e-08,200
2340.2890583933427,0.1667426530368354,0.4418742255775556,1.0,0.12,0.3586868630461678,0.24008258811238364,0.19069329439095828,0.9767835016501588,0.0,1.0,0.17373726092335695,0.6819451771762292,0.06805482282377084,68.05482282377085,0.06805482282377084,68.05482282377085,0.5061203053634031,0.0061203053634031335,6.1203053634031335,-0.0061203053634031335,-6.1203053634031335,False,46.3145890957484,14.983255096520464,61.29784419226887,budget_long_PI_RBF_alpha1em08_target0750_seed2027,BO,0.75,66,bo,rbf,pi,2027,200,20,0.32922479999251664,0.1619086000137031,0.008769799955189228,0.5000276998616755,0.9999999999909275,5000,4000,1000,53.398432130242135,85.31004676292252,5.639587900863385,False,budget_sweep,RBF,PI,1e-08,1e-08,200
1995.0013930195696,0.2599737603500517,0.44999999999999996,1.0,0.12,0.35071186273596244,0.14142896943416278,0.45706788671443355,1.0,0.0,1.0,0.014237254719248865,0.6703496845675857,0.0796503154324143,79.6503154324143,0.0796503154324143,79.6503154324143,0.49877840533828754,0.0,0.0,0.0012215946617124551,1.2215946617124551,True,63.44172748483095,0.0,63.44172748483095,budget_long_PI_RBF_alpha1em08_target0750_seed2027,BO,0.75,67,bo,rbf,pi,2027,200,20,0.2930068999994546,0.14048970001749694,0.007385199889540672,0.4410039000213146,0.992601793614257,5000,4000,1000,53.398432130242135,79.6503154324143,1.2215946617124551,False,budget_sweep,RBF,PI,1e-08,1e-08,200
3817.821574269742,0.17308063592217332,0.17100479617132075,2.5919383493334385,0.09654185560594385,0.35898966804477345,0.6622347355056406,0.20880181692049515,0.2028708462037736,0.5306461164444796,0.21806185353146168,0.17979336089546905,0.5706452366174396,0.1793547633825604,179.3547633825604,0.1793547633825604,179.3547633825604,0.5075192941867753,0.007519294186775327,7.519294186775327,-0.007519294186775327,-7.519294186775327,False,321.6813114801423,22.61591402690929,344.2972255070516,budget_long_PI_RBF_alpha1em08_target0750_seed2027,BO,0.75,68,bo,rbf,pi,2027,200,20,0.45146519993431866,0.15006729983724654,0.006608099909499288,0.6082754000090063,0.9872244825823999,5000,4000,1000,53.398432130242135,79.6503154324143,1.2215946617124551,False,budget_sweep,RBF,PI,1e-08,1e-08,200
3933.555313171596,0.11314919609491497,0.37283435770444884,2.4649493109786893,0.10681601570493647,0.3525025614238399,0.6953015180490274,0.03756913169975706,0.7795267362984252,0.4883164369928964,0.5605338568312159,0.05005122847679866,0.5925555190782409,0.1574444809217591,157.44448092175912,0.1574444809217591,157.44448092175912,0.5146461058256789,0.014646105825678934,14.646105825678934,-0.014646105825678934,-14.646105825678934,False,247.8876457272217,85.80336634279456,333.69101207001626,budget_long_PI_RBF_alpha1em08_target0750_seed2027,BO,0.75,69,bo,rbf,pi,2027,200,20,0.44333599996753037,0.1672189999371767,0.005661499919369817,0.6163490999024361,0.9234530466142733,5000,4000,1000,53.398432130242135,79.6503154324143,1.2215946617124551,False,budget_sweep,RBF,PI,1e-08,1e-08,200
2312.5407765046457,0.20700806065950525,0.1926928038042404,3.9623225295435964,0.11985674963310719,0.3607861478147907,0.2321545075727559,0.305737316170015,0.2648365822978297,0.9874408431811988,0.9952249877702399,0.21572295629581362,0.6162024616900177,0.1337975383099823,133.79753830998231,0.1337975383099823,133.79753830998231,0.5851662897737736,0.0851662897737736,85.16628977377361,-0.0851662897737736,-85.16628977377361,False,179.01781257811183,2901.31876553215,3080.3365781102616,budget_long_PI_RBF_alpha1em08_target0750_seed2027,BO,0.75,70,bo,rbf,pi,2027,200,20,0.4417862999252975,0.13313580001704395,0.006241300143301487,0.5813263999298215,0.8741902221297624,5000,4000,1000,53.398432130242135,79.6503154324143,1.2215946617124551,False,budget_sweep,RBF,PI,1e-08,1e-08,200
2237.5922319084307,0.2447843433745487,0.17208255453148688,3.684160707154506,0.11812059462594784,0.3573934904107373,0.210740637688123,0.4136695524987106,0.20595015580424825,0.8947202357181686,0.9373531541982617,0.14786980821474627,0.6133165049678546,0.13668349503214539,136.68349503214537,0.13668349503214539,136.68349503214537,0.5482769996929449,0.048276999692944855,48.276999692944855,-0.048276999692944855,-48.276999692944855,False,186.8237781420251,932.267479741039,1119.0912578830641,budget_long_PI_RBF_alpha1em08_target0750_seed2027,BO,0.75,71,bo,rbf,pi,2027,200,20,0.41021780017763376,0.11386150005273521,0.009447299875319004,0.5336543000303209,0.766497586604528,5000,4000,1000,53.398432130242135,79.6503154324143,1.2215946617124551,False,budget_sweep,RBF,PI,1e-08,1e-08,200
2599.8939651490828,0.308968802799263,0.20975776720898373,3.5161907899212856,0.09733264950575242,0.36086256479203105,0.31425541861402373,0.5970537222836085,0.3135936205970964,0.8387302633070952,0.24442165019174722,0.21725129584062108,0.5650434701260892,0.18495652987391076,184.95652987391077,0.18495652987391076,184.95652987391077,0.49165129320823836,0.0,0.0,0.00834870679176164,8.34870679176164,True,342.0891794299884,0.0,342.0891794299884,budget_long_PI_RBF_alpha1em08_target0750_seed2027,BO,0.75,72,bo,rbf,pi,2027,200,20,0.395820900099352,0.11884339991956949,0.006258500041440129,0.5210527000017464,0.7682606257407508,5000,4000,1000,53.398432130242135,79.6503154324143,1.2215946617124551,False,budget_sweep,RBF,PI,1e-08,1e-08,200
3999.7986587713904,0.19689438359731026,0.1674215079616429,2.1084047764066822,0.10944977983769624,0.3662360239894417,0.7142281882203972,0.276841095992315,0.19263287989040834,0.36946825880222744,0.6483259945898747,0.32472047978883434,0.6120271582053913,0.13797284179460867,137.97284179460866,0.13797284179460867,137.97284179460866,0.5040072553547066,0.004007255354706585,4.007255354706585,-0.004007255354706585,-4.007255354706585,False,190.36505072880112,6.423238191129839,196.78828891993095,budget_long_PI_RBF_alpha1em08_target0750_seed2027,BO,0.75,73,bo,rbf,pi,2027,200,20,0.42564789997413754,0.15806159982457757,0.005352600011974573,0.5891833000350744,0.737072856795439,5000,4000,1000,53.398432130242135,79.6503154324143,1.2215946617124551,False,budget_sweep,RBF,PI,1e-08,1e-08,200
2228.3315964428566,0.2667036973807259,0.13627740679442296,3.853608234525108,0.10224494633583979,0.35165363031209096,0.2080947418408161,0.47629627823064546,0.10364973369835129,0.9512027448417028,0.4081648778613266,0.03307260624182007,0.5692535418712743,0.1807464581287257,180.7464581287257,0.1807464581287257,180.7464581287257,0.5052572992679375,0.005257299267937499,5.257299267937499,-0.005257299267937499,-5.257299267937499,False,326.69282126079185,11.055678237062462,337.7484994978543,budget_long_PI_RBF_alpha1em08_target0750_seed2027,BO,0.75,74,bo,rbf,pi,2027,200,20,0.42008200008422136,0.15414869994856417,0.006683300016447902,0.5810541000682861,0.9451352816979091,5000,4000,1000,53.398432130242135,79.6503154324143,1.2215946617124551,False,budget_sweep,RBF,PI,1e-08,1e-08,200
4939.727017893695,0.3506158768419816,0.39922789409810144,3.8797363550541237,0.11607210637549624,0.3960625257970254,0.9827791479696272,0.7160453624056616,0.8549368402802898,0.9599121183513746,0.8690702125165416,0.9212505159405076,0.627929193985501,0.12207080601449904,122.07080601449904,0.12207080601449904,122.07080601449904,0.5409239090834829,0.04092390908348287,40.92390908348287,-0.04092390908348287,-40.92390908348287,False,149.01281681029457,669.9065338692685,818.9193506795631,budget_long_PI_RBF_alpha1em08_target0750_seed2027,BO,0.75,75,bo,rbf,pi,2027,200,20,0.4794502998702228,0.16186430002562702,0.009417799999937415,0.65086799999699,0.8496075251538442,5000,4000,1000,53.398432130242135,79.6503154324143,1.2215946617124551,False,budget_sweep,RBF,PI,1e-08,1e-08,200
3743.4461119702355,0.10226774725519922,0.4280544253234787,2.0073823244270494,0.11694769159080065,0.3887131886821915,0.6409846034200672,0.006479277871997757,0.9372983580670822,0.3357941081423499,0.8982563863600219,0.7742637736438299,0.6625372438113891,0.08746275618861088,87.46275618861088,0.08746275618861088,87.46275618861088,0.5404515134111454,0.04045151341114539,40.45151341114539,-0.04045151341114539,-40.45151341114539,False,76.4973372010839,654.5299749008301,731.027312101914,budget_long_PI_RBF_alpha1em08_target0750_seed2027,BO,0.75,76,bo,rbf,pi,2027,200,20,0.4376938999630511,0.1867696000263095,0.006812399951741099,0.6314054999966174,0.9583303619322995,5000,4000,1000,53.398432130242135,79.6503154324143,1.2215946617124551,False,budget_sweep,RBF,PI,1e-08,1e-08,200
1937.274040885245,0.3036927613437145,0.21122700906225061,3.865252257254397,0.10159067641561643,0.353902394845997,0.12493544025292713,0.5819793181248986,0.31779145446357315,0.9550840857514656,0.38635588052054815,0.07804789691994007,0.5694179707301976,0.18058202926980238,180.58202926980238,0.18058202926980238,180.58202926980238,0.48972011847408653,0.0,0.0,0.01027988152591347,10.27988152591347,True,326.0986929519976,0.0,326.0986929519976,budget_long_PI_RBF_alpha1em08_target0750_seed2027,BO,0.75,77,bo,rbf,pi,2027,200,20,0.3884995998814702,0.13538100011646748,0.008484499994665384,0.5324985999614,0.8475869079527231,5000,4000,1000,53.398432130242135,79.6503154324143,1.2215946617124551,False,budget_sweep,RBF,PI,1e-08,1e-08,200
1948.0275640067819,0.16907434582176362,0.44776103847102333,1.0,0.12,0.35,0.12800787543050912,0.19735527377646744,0.9936029670600666,0.0,1.0,0.0,0.6830707873901567,0.0669292126098433,66.9292126098433,0.0669292126098433,66.9292126098433,0.5033096618771967,0.0033096618771967234,3.3096618771967234,-0.0033096618771967234,-3.3096618771967234,False,44.795195005736076,4.381544696547736,49.17673970228381,budget_long_PI_RBF_alpha1em08_target0750_seed2027,BO,0.75,78,bo,rbf,pi,2027,200,20,0.3193463000934571,0.24845499987713993,0.007322499994188547,0.5752518000081182,1.0,5000,4000,1000,49.17673970228381,79.6503154324143,1.2215946617124551,True,budget_sweep,RBF,PI,1e-08,1e-08,200
1856.071594722577,0.4287068649950959,0.16806006820167946,3.850747061393811,0.11794802145907968,0.38943248025571164,0.10173474134930771,0.9391624714145598,0.19445733771908413,0.9502490204646037,0.9316007153026561,0.7886496051142327,0.6266420128891538,0.12335798711084622,123.35798711084622,0.12335798711084622,123.35798711084622,0.521603233380793,0.021603233380792952,21.60323338079295,-0.021603233380792952,-21.60323338079295,False,152.17192984039704,186.67987700200274,338.8518068423998,budget_long_PI_RBF_alpha1em08_target0750_seed2027,BO,0.75,79,bo,rbf,pi,2027,200,20,0.3348044999875128,0.15626060008071363,0.01014910009689629,0.5013417999725789,0.7486804510787842,5000,4000,1000,49.17673970228381,79.6503154324143,1.2215946617124551,False,budget_sweep,RBF,PI,1e-08,1e-08,200
1911.3880213401471,0.1,0.44485346383630375,1.0,0.12,0.35,0.11753943466861344,0.0,0.9852956109608678,0.0,1.0,0.0,0.6930807336072256,0.05691926639277445,56.919266392774446,0.05691926639277445,56.919266392774446,0.5073158922230055,0.007315892223005549,7.315892223005549,-0.007315892223005549,-7.315892223005549,False,32.39802886691623,21.408911607453227,53.806940474369455,budget_long_PI_RBF_alpha1em08_target0750_seed2027,BO,0.75,80,bo,rbf,pi,2027,200,20,0.3094723999965936,0.14347349992021918,0.010359100066125393,0.46344900014810264,0.9985910512082806,5000,4000,1000,49.17673970228381,79.6503154324143,1.2215946617124551,False,budget_sweep,RBF,PI,1e-08,1e-08,200
2846.2227301684047,0.10711086433506684,0.2631685501046773,2.402251004739398,0.11214377598370256,0.3526866052980616,0.38463506576240136,0.0203167552430481,0.46619585744193515,0.46741700157979926,0.7381258661234187,0.053732105961232235,0.6150988054907625,0.13490119450923754,134.90119450923754,0.13490119450923754,134.90119450923754,0.5531337415643928,0.05313374156439277,53.133741564392764,-0.05313374156439277,-53.133741564392764,False,181.9833228001914,1129.2777970526715,1311.261119852863,budget_long_PI_RBF_alpha1em08_target0750_seed2027,BO,0.75,81,bo,rbf,pi,2027,200,20,0.41154120001010597,0.12818950018845499,0.0060211000964045525,0.545879099983722,0.9509075659953957,5000,4000,1000,49.17673970228381,79.6503154324143,1.2215946617124551,False,budget_sweep,RBF,PI,1e-08,1e-08,200
4892.439254411664,0.374867285765612,0.41003026171409296,3.8682202398423127,0.09837362102776243,0.36325412328996426,0.9692683584033325,0.785335102187463,0.8858007477545512,0.9560734132807709,0.2791207009254145,0.2650824657992856,0.5593839660666621,0.19061603393333792,190.61603393333792,0.19061603393333792,190.61603393333792,0.480103353256657,0.0,0.0,0.019896646743343016,19.896646743343016,True,363.3447239247544,0.0,363.3447239247544,budget_long_PI_RBF_alpha1em08_target0750_seed2027,BO,0.75,82,bo,rbf,pi,2027,200,20,0.48311699996702373,0.16045470000244677,0.00756810000166297,0.6512689997907728,0.999999951680014,5000,4000,1000,49.17673970228381,79.6503154324143,1.2215946617124551,False,budget_sweep,RBF,PI,1e-08,1e-08,200
2086.4084801717117,0.32802598645790604,0.26360303375273275,3.851279269459459,0.09741205215414371,0.3625588066319835,0.16754528004906055,0.6515028184511602,0.4674372392935222,0.950426423153153,0.24706840513812367,0.25117613263966965,0.5656986739416596,0.18430132605834038,184.30132605834038,0.18430132605834038,184.30132605834038,0.4857256887509428,0.0,0.0,0.014274311249057203,14.274311249057202,True,339.6697878686269,0.0,339.6697878686269,budget_long_PI_RBF_alpha1em08_target0750_seed2027,BO,0.75,83,bo,rbf,pi,2027,200,20,0.37474659993313253,0.17380540003068745,0.009505899855867028,0.5581811000593007,0.7686364508313432,5000,4000,1000,49.17673970228381,79.6503154324143,1.2215946617124551,False,budget_sweep,RBF,PI,1e-08,1e-08,200
3591.160393232601,0.12939438264185552,0.27850081478521616,2.192806450870382,0.11901223172126864,0.3573983800325518,0.5974743980664574,0.08398395040530149,0.5100023279577605,0.39760215029012735,0.9670743907089548,0.14796760065103598,0.6307109479634412,0.11928905203655882,119.28905203655881,0.11928905203655882,119.28905203655881,0.5230707346290993,0.023070734629099254,23.070734629099256,-0.023070734629099254,-23.070734629099256,False,142.29877935780837,212.9035185305278,355.20229788833615,budget_long_PI_RBF_alpha1em08_target0750_seed2027,BO,0.75,84,bo,rbf,pi,2027,200,20,0.42804109980352223,0.18331449991092086,0.007555000018328428,0.6190446000546217,0.9978250394400342,5000,4000,1000,49.17673970228381,79.6503154324143,1.2215946617124551,False,budget_sweep,RBF,PI,1e-08,1e-08,200
2581.9341741824774,0.288910196016564,0.2658812675793518,3.7575170178279467,0.098776166477877,0.3519558161132581,0.30912404976642216,0.5397434171901829,0.4739464787981481,0.9191723392759822,0.2925388825959,0.03911632226516226,0.5600675656743204,0.18993243432567963,189.93243432567962,0.18993243432567963,189.93243432567962,0.49206074205312494,0.0,0.0,0.007939257946875056,7.939257946875056,True,360.743296088786,0.0,360.743296088786,budget_long_PI_RBF_alpha1em08_target0750_seed2027,BO,0.75,85,bo,rbf,pi,2027,200,20,0.42100470000877976,0.20108999987132847,0.007361800177022815,0.6295888999011368,0.9820770874523089,5000,4000,1000,49.17673970228381,79.6503154324143,1.2215946617124551,False,budget_sweep,RBF,PI,1e-08,1e-08,200
2308.8783795112586,0.1874433804279953,0.40661290257984994,1.3461381461240403,0.12,0.35,0.2311081084317882,0.24983822979427234,0.8760368645138571,0.11537938204134679,1.0,0.0,0.6604724568608538,0.08952754313914624,89.52754313914623,0.08952754313914624,89.52754313914623,0.49582432058386244,0.0,0.0,0.0041756794161375566,4.175679416137557,True,80.15180980531689,0.0,80.15180980531689,budget_long_PI_RBF_alpha1em08_target0750_seed2027,BO,0.75,86,bo,rbf,pi,2027,200,20,0.3359801000915468,0.1874963000882417,0.011186799965798855,0.5347943000961095,0.5370331670805666,5000,4000,1000,49.17673970228381,79.6503154324143,1.2215946617124551,False,budget_sweep,RBF,PI,1e-08,1e-08,200
3259.402564171567,0.3275034192766735,0.12060562612688125,3.7612408650585443,0.11763533224079055,0.3597114351941729,0.5026864469061619,0.6500097693619243,0.058873217505375,0.9204136216861815,0.9211777413596852,0.19422870388345825,0.5997064981045359,0.1502935018954641,150.2935018954641,0.1502935018954641,150.2935018954641,0.5122614025315675,0.012261402531567489,12.261402531567489,-0.012261402531567489,-12.261402531567489,False,225.88136712001864,60.136796816451856,286.0181639364705,budget_long_PI_RBF_alpha1em08_target0750_seed2027,BO,0.75,87,bo,rbf,pi,2027,200,20,0.4768765000626445,0.20420959987677634,0.008053499972447753,0.6892726998776197,0.9756352816939899,5000,4000,1000,49.17673970228381,79.6503154324143,1.2215946617124551,False,budget_sweep,RBF,PI,1e-08,1e-08,200
3831.6750407072177,0.19074646148427035,0.20446316883203905,1.7134396118205006,0.1048615190331903,0.3652357288759759,0.6661928687734908,0.25927560424077245,0.2984661966629687,0.23781320394016692,0.49538396777300986,0.304714577519518,0.6093101217148478,0.14068987828515223,140.68987828515222,0.14068987828515223,140.68987828515222,0.4859902663679245,0.0,0.0,0.014009733632075527,14.009733632075527,True,197.93641851890948,0.0,197.93641851890948,budget_long_PI_RBF_alpha1em08_target0750_seed2027,BO,0.75,88,bo,rbf,pi,2027,200,20,0.4036047998815775,0.19962080009281635,0.0066639999859035015,0.6100316001102328,0.9339216353341071,5000,4000,1000,49.17673970228381,79.6503154324143,1.2215946617124551,False,budget_sweep,RBF,PI,1e-08,1e-08,200
4766.608732334475,0.10062278589196905,0.3599880654059693,2.562699550575708,0.09229189441266404,0.353272078745456,0.9333167806669926,0.0017793882627686886,0.7428230440170551,0.5208998501919027,0.07639648042213487,0.06544157490912095,0.5564762769061176,0.19352372309388244,193.52372309388244,0.19352372309388244,193.52372309388244,0.4880236232553544,0.0,0.0,0.011976376744645578,11.976376744645577,True,374.51431400117684,0.0,374.51431400117684,budget_long_PI_RBF_alpha1em08_target0750_seed2027,BO,0.75,89,bo,rbf,pi,2027,200,20,0.48917709989473224,0.16241520014591515,0.00774699985049665,0.6594690000638366,0.902096598712931,5000,4000,1000,49.17673970228381,79.6503154324143,1.2215946617124551,False,budget_sweep,RBF,PI,1e-08,1e-08,200
2590.903784832704,0.3262531162418111,0.25576501423966425,3.7485132056036377,0.11740637471430639,0.36822963562793476,0.3116867956664868,0.6464374749766031,0.4450428978276121,0.9161710685345459,0.913545823810213,0.3645927125586955,0.613057120459384,0.136942879540616,136.94287954061602,0.136942879540616,136.94287954061602,0.5192969155553984,0.019296915555398364,19.296915555398364,-0.019296915555398364,-19.296915555398364,False,187.53352256875667,148.94837998087016,336.48190254962685,budget_long_PI_RBF_alpha1em08_target0750_seed2027,BO,0.75,90,bo,rbf,pi,2027,200,20,0.415028200019151,0.13955529988743365,0.012582600116729736,0.5672972998581827,0.5996992758967477,5000,4000,1000,49.17673970228381,79.6503154324143,1.2215946617124551,False,budget_sweep,RBF,PI,1e-08,1e-08,200
3178.498114541776,0.40033357276469617,0.36609294711493623,3.6896096777962377,0.11784828897499411,0.3637317056892114,0.4795708898690789,0.8580959221848462,0.7602655631855322,0.8965365592654126,0.9282762991664706,0.27463411378422886,0.6011409077061352,0.14885909229386485,148.85909229386485,0.14885909229386485,148.85909229386485,0.4955263175813243,0.0,0.0,0.004473682418675684,4.4736824186756845,True,221.59029358553371,0.0,221.59029358553371,budget_long_PI_RBF_alpha1em08_target0750_seed2027,BO,0.75,91,bo,rbf,pi,2027,200,20,0.3839420999865979,0.18912109988741577,0.006966500077396631,0.580161799909547,0.9963590443892671,5000,4000,1000,49.17673970228381,79.6503154324143,1.2215946617124551,False,budget_sweep,RBF,PI,1e-08,1e-08,200
2177.3898813124356,0.4322745842567547,0.3594658096435229,3.697406086745651,0.11774736795697992,0.3877377221953452,0.19353996608926727,0.9493559550192991,0.7413308846957798,0.8991353622485504,0.9249122652326641,0.7547544439069034,0.626419904866816,0.12358009513318402,123.58009513318402,0.12358009513318402,123.58009513318402,0.5183147709457099,0.01831477094570988,18.31477094570988,-0.01831477094570988,-18.31477094570988,False,152.72039913126812,134.1723339175275,286.89273304879566,budget_long_PI_RBF_alpha1em08_target0750_seed2027,BO,0.75,92,bo,rbf,pi,2027,200,20,0.35753549984656274,0.1637885000091046,0.012797399889677763,0.5342596000991762,0.7747853348709827,5000,4000,1000,49.17673970228381,79.6503154324143,1.2215946617124551,False,budget_sweep,RBF,PI,1e-08,1e-08,200
1500.0,0.14000195740185076,0.44999999999999996,1.0,0.11991904251792918,0.35,0.0,0.11429130686243075,1.0,0.0,0.997301417264306,0.0,0.7062510527802554,0.04374894721974465,43.74894721974465,0.04374894721974465,43.74894721974465,0.5164432284714513,0.0164432284714513,16.4432284714513,-0.0164432284714513,-16.4432284714513,False,19.139703828360027,108.15190502573864,127.29160885409867,budget_long_PI_RBF_alpha1em08_target0750_seed2027,BO,0.75,93,bo,rbf,pi,2027,200,20,0.27803240017965436,0.28382310015149415,0.011617999989539385,0.5736029997933656,0.5254718959050243,5000,4000,1000,49.17673970228381,79.6503154324143,1.2215946617124551,False,budget_sweep,RBF,PI,1e-08,1e-08,200
1790.1176044403387,0.2655467055773091,0.4270448204273328,2.6241685455924904,0.10601401617044724,0.35475020946506436,0.0828907441258111,0.4729905873637402,0.9344137726495225,0.5413895151974968,0.5338005390149082,0.09500418930128807,0.6059120915866408,0.14408790841335917,144.08790841335917,0.14408790841335917,144.08790841335917,0.5121261446576276,0.012126144657627624,12.126144657627624,-0.012126144657627624,-12.126144657627624,False,207.6132535093658,58.81735370308439,266.4306072124502,budget_long_PI_RBF_alpha1em08_target0750_seed2027,BO,0.75,94,bo,rbf,pi,2027,200,20,0.35280529991723597,0.22858739993534982,0.008567600045353174,0.5900942999869585,0.9215315188481218,5000,4000,1000,49.17673970228381,79.6503154324143,1.2215946617124551,False,budget_sweep,RBF,PI,1e-08,1e-08,200
3907.400700833091,0.22505387655766707,0.17851724180457518,1.7012479501539888,0.11673785627975858,0.3540294019022838,0.6878287716665974,0.357296790164763,0.22433497658450052,0.23374931671799626,0.891261875991953,0.0805880380456766,0.6235942129859858,0.12640578701401417,126.40578701401417,0.12640578701401417,126.40578701401417,0.48621841951634936,0.0,0.0,0.013781580483650635,13.781580483650636,True,159.78422990632313,0.0,159.78422990632313,budget_long_PI_RBF_alpha1em08_target0750_seed2027,BO,0.75,95,bo,rbf,pi,2027,200,20,0.41957669984549284,0.2881167000159621,0.007253000047057867,0.71508470014669,0.8644305745229853,5000,4000,1000,49.17673970228381,79.6503154324143,1.2215946617124551,False,budget_sweep,RBF,PI,1e-08,1e-08,200
2284.8873293308134,0.20812261155100714,0.447608287867872,1.0,0.12,0.35,0.22425352266594661,0.3089217472885918,0.9931665367653486,0.0,1.0,0.0,0.6701792524631222,0.07982074753687785,79.82074753687785,0.07982074753687785,79.82074753687785,0.4965758242524848,0.0,0.0,0.00342417574751519,3.42417574751519,True,63.7135173734599,0.0,63.7135173734599,budget_long_PI_RBF_alpha1em08_target0750_seed2027,BO,0.75,96,bo,rbf,pi,2027,200,20,0.3403948999475688,0.24204410007223487,0.013778999913483858,0.5963612999767065,0.9999999999964536,5000,4000,1000,49.17673970228381,79.6503154324143,1.2215946617124551,False,budget_sweep,RBF,PI,1e-08,1e-08,200
2412.2073486913378,0.28866813500564825,0.2528170421126446,2.508766659868971,0.11063300813480678,0.36746900013941075,0.26063067105466786,0.5390518143018521,0.4366201203218417,0.5029222199563237,0.6877669378268927,0.3493800027882147,0.6169515850106756,0.1330484149893244,133.0484149893244,0.1330484149893244,133.0484149893244,0.5221324212211884,0.022132421221188414,22.132421221188416,-0.022132421221188414,-22.132421221188416,False,177.01880731171482,195.9376276448445,372.9564349565593,budget_long_PI_RBF_alpha1em08_target0750_seed2027,BO,0.75,97,bo,rbf,pi,2027,200,20,0.4051187001168728,0.22752730012871325,0.01238920004107058,0.6451779000926763,0.9996278801025308,5000,4000,1000,49.17673970228381,79.6503154324143,1.2215946617124551,False,budget_sweep,RBF,PI,1e-08,1e-08,200
4098.032495137104,0.10888789977170485,0.3574617076566149,2.4001994052451874,0.09513250473243032,0.37782993156597144,0.7422949986106011,0.025393999347728125,0.7356048790188996,0.4667331350817291,0.17108349108101073,0.5565986313194285,0.591702810691576,0.15829718930842396,158.29718930842395,0.15829718930842396,158.29718930842395,0.5163613408935757,0.01636134089357566,16.361340893575658,-0.01636134089357566,-16.361340893575658,False,250.5800014294701,107.07739033431648,357.65739176378656,budget_long_PI_RBF_alpha1em08_target0750_seed2027,BO,0.75,98,bo,rbf,pi,2027,200,20,0.4920568000525236,0.2025580001063645,0.0077559000346809626,0.7025387999601662,0.993402011898168,5000,4000,1000,49.17673970228381,79.6503154324143,1.2215946617124551,False,budget_sweep,RBF,PI,1e-08,1e-08,200
2148.7973926095556,0.3729376973593591,0.19013043667480628,2.5391350474919214,0.10840644773260466,0.39682897794082134,0.18537068360273024,0.7798219924553117,0.2575155333565894,0.5130450158306405,0.6135482577534885,0.9365795588164267,0.6357008193364879,0.11429918066351208,114.29918066351208,0.11429918066351208,114.29918066351208,0.5215742332659632,0.021574233265963194,21.574233265963194,-0.021574233265963194,-21.574233265963194,False,130.64302700350174,186.17901640567715,316.8220434091789,budget_long_PI_RBF_alpha1em08_target0750_seed2027,BO,0.75,99,bo,rbf,pi,2027,200,20,0.3387746000662446,0.2901597002055496,0.008935099933296442,0.6380123998969793,0.9705279945188525,5000,4000,1000,49.17673970228381,79.6503154324143,1.2215946617124551,False,budget_sweep,RBF,PI,1e-08,1e-08,200
1630.479044930622,0.13414277152507867,0.19522836622841838,2.4114326870310716,0.1104600423149491,0.35973677358853584,0.037279727123034845,0.09755077578593907,0.27208104636690966,0.47047756234369054,0.6820014104983033,0.19473547177071737,0.6409312272978759,0.10906877270212412,109.06877270212412,0.10906877270212412,109.06877270212412,0.6422930714803692,0.14229307148036918,142.29307148036918,-0.14229307148036918,-142.29307148036918,False,118.95997178747616,8098.927276526982,8217.887248314457,budget_long_PI_RBF_alpha1em08_target0750_seed2027,BO,0.75,100,bo,rbf,pi,2027,200,20,0.35217939992435277,0.33752399985678494,0.014431399991735816,0.7042731000110507,0.5538661574277025,5000,4000,1000,49.17673970228381,79.6503154324143,1.2215946617124551,False,budget_sweep,RBF,PI,1e-08,1e-08,200
3292.5774970923108,0.2998887932110971,0.3025250597247441,2.99760329902403,0.11078835034595351,0.3644158430555858,0.5121649991692316,0.5711108377459918,0.578643027784983,0.6658677663413435,0.6929450115317838,0.2883168611117155,0.5999873652102309,0.15001263478976912,150.01263478976912,0.15001263478976912,150.01263478976912,0.518398469208099,0.018398469208098955,18.398469208098955,-0.018398469208098955,-18.398469208098955,False,225.03790596568646,135.40146768054615,360.43937364623264,budget_long_PI_RBF_alpha1em08_target0750_seed2027,BO,0.75,101,bo,rbf,pi,2027,200,20,0.4247232999186963,0.15489019989036024,0.011394200148060918,0.5911512998864055,0.9096446662048256,5000,4000,1000,49.17673970228381,79.6503154324143,1.2215946617124551,False,budget_sweep,RBF,PI,1e-08,1e-08,200
3002.851854735729,0.3619056020694361,0.10756163885662486,3.0089562499008937,0.11107357390739983,0.3690129285023588,0.4293862442102082,0.748301720198389,0.02160468244749958,0.6696520833002979,0.7024524635799947,0.3802585700471752,0.6023047303088243,0.14769526969117575,147.69526969117575,0.14769526969117575,147.69526969117575,0.5020744204836232,0.0020744204836231628,2.074420483623163,-0.0020744204836231628,-2.074420483623163,False,218.13892689149137,1.7212881371501427,219.8602150286415,budget_long_PI_RBF_alpha1em08_target0750_seed2027,BO,0.75,102,bo,rbf,pi,2027,200,20,0.37911959993653,0.2378225999418646,0.01297160005196929,0.6300560999661684,0.9589682073824625,5000,4000,1000,49.17673970228381,79.6503154324143,1.2215946617124551,False,budget_sweep,RBF,PI,1e-08,1e-08,200
4150.008322688656,0.2906868602511583,0.2679173830342154,2.986492859576165,0.11249405478444773,0.3505290936008512,0.757145235053902,0.5448196007175953,0.4797639515263298,0.6621642865253883,0.7498018261482575,0.010581872017024874,0.5876291312794717,0.1623708687205283,162.3708687205283,0.1623708687205283,162.3708687205283,0.5061950744965477,0.006195074496547659,6.195074496547659,-0.006195074496547659,-6.195074496547659,False,263.6429900905904,15.351579207110092,278.9945692977005,budget_long_PI_RBF_alpha1em08_target0750_seed2027,BO,0.75,103,bo,rbf,pi,2027,200,20,0.44900029990822077,0.23142060008831322,0.007382200099527836,0.68793879984878,0.8296902103393711,5000,4000,1000,49.17673970228381,79.6503154324143,1.2215946617124551,False,budget_sweep,RBF,PI,1e-08,1e-08,200
1730.2125539007725,0.35964196599474696,0.2521605574231922,2.6407905628702384,0.11082989635911832,0.36236239539807447,0.06577501540022068,0.7418341885564198,0.43474444978054916,0.5469301876234128,0.6943298786372775,0.24724790796149,0.6098079142993871,0.14019208570061292,140.19208570061292,0.14019208570061292,140.19208570061292,0.49261234695182354,0.0,0.0,0.007387653048176457,7.387653048176457,True,196.53820893087996,0.0,196.53820893087996,budget_long_PI_RBF_alpha1em08_target0750_seed2027,BO,0.75,104,bo,rbf,pi,2027,200,20,0.3275613998994231,0.17704300000332296,0.009157099993899465,0.5139111001044512,0.7720998683442115,5000,4000,1000,49.17673970228381,79.6503154324143,1.2215946617124551,False,budget_sweep,RBF,PI,1e-08,1e-08,200
1714.405448598459,0.36836013152388103,0.34895771913072465,2.533287471037281,0.11086464594201302,0.39198394274609827,0.06125869959955976,0.7667432329253743,0.7113077689449276,0.5110958236790937,0.6954881980671007,0.8396788549219647,0.6419416017559639,0.10805839824403607,108.05839824403607,0.10805839824403607,108.05839824403607,0.5222367246051506,0.022236724605150582,22.23672460515058,-0.022236724605150582,-22.23672460515058,False,116.76617431066698,197.78876846612374,314.5549427767907,budget_long_PI_RBF_alpha1em08_target0750_seed2027,BO,0.75,105,bo,rbf,pi,2027,200,20,0.3027827001642436,0.18485489999875426,0.012552399886772037,0.5003366000019014,0.8362832300233423,5000,4000,1000,49.17673970228381,79.6503154324143,1.2215946617124551,False,budget_sweep,RBF,PI,1e-08,1e-08,200
3847.4868832343464,0.10413100367493747,0.4084099716894949,2.2685579032646794,0.09298769934978991,0.36897879762001917,0.6707105380669561,0.01180286764267846,0.8811713476842713,0.42285263442155974,0.09958997832633043,0.3795759524003838,0.5824727407529264,0.16752725924707357,167.52725924707357,0.16752725924707357,167.52725924707357,0.5013770989063671,0.001377098906367058,1.377098906367058,-0.001377098906367058,-1.377098906367058,False,280.6538259083619,0.7585605591669389,281.41238646752885,budget_long_PI_RBF_alpha1em08_target0750_seed2027,BO,0.75,106,bo,rbf,pi,2027,200,20,0.4424249001313001,0.2343290001153946,0.007580700097605586,0.6844734000042081,0.7543234324219669,5000,4000,1000,49.17673970228381,79.6503154324143,1.2215946617124551,False,budget_sweep,RBF,PI,1e-08,1e-08,200
2120.74852573095,0.3316993613179846,0.1676252300733445,3.0067362511469744,0.11068350259619707,0.3855968938892701,0.17735672163741423,0.6619981751942419,0.19321494306669862,0.6689120837156581,0.6894500865399024,0.7119378777854022,0.626093782499482,0.123906217500518,123.906217500518,0.123906217500518,123.906217500518,0.5245350196722156,0.024535019672215608,24.535019672215608,-0.024535019672215608,-24.535019672215608,False,153.52750735285673,240.78687612640272,394.31438347925945,budget_long_PI_RBF_alpha1em08_target0750_seed2027,BO,0.75,107,bo,rbf,pi,2027,200,20,0.3624824001453817,0.17687030020169914,0.017206499818712473,0.5566974999383092,0.965213932562731,5000,4000,1000,49.17673970228381,79.6503154324143,1.2215946617124551,False,budget_sweep,RBF,PI,1e-08,1e-08,200
4045.5046531629378,0.2691912686780499,0.19965843691134266,2.6972635537718457,0.09186764949721171,0.3647178321667933,0.7272870437608393,0.4834036247944282,0.2847383911752648,0.5657545179239485,0.06225498324039058,0.2943566433358671,0.5621509719650428,0.18784902803495718,187.84902803495717,0.18784902803495718,187.84902803495717,0.4903043180591725,0.0,0.0,0.009695681940827483,9.695681940827484,True,352.87257333678133,0.0,352.87257333678133,budget_long_PI_RBF_alpha1em08_target0750_seed2027,BO,0.75,108,bo,rbf,pi,2027,200,20,0.4324684999883175,0.2228395000565797,0.007724900031462312,0.6631732999812812,0.9490943726404433,5000,4000,1000,49.17673970228381,79.6503154324143,1.2215946617124551,False,budget_sweep,RBF,PI,1e-08,1e-08,200
3491.2675475756914,0.2613578436359959,0.2442186107245625,2.397512595023559,0.11350564672243177,0.3550690746449774,0.5689335850216262,0.46102241038855973,0.41205317349875004,0.4658375316745197,0.7835215574143923,0.10138149289954768,0.6072704634089503,0.1427295365910497,142.7295365910497,0.1427295365910497,142.7295365910497,0.5064038486593675,0.006403848659367495,6.403848659367495,-0.006403848659367495,-6.403848659367495,False,203.71720615495792,16.403711060833142,220.12091721579105,budget_long_PI_RBF_alpha1em08_target0750_seed2027,BO,0.75,109,bo,rbf,pi,2027,200,20,0.4131152001209557,0.2522382000461221,0.014088900061324239,0.6795850000344217,0.9715560086968257,5000,4000,1000,49.17673970228381,79.6503154324143,1.2215946617124551,False,budget_sweep,RBF,PI,1e-08,1e-08,200
2223.7725552585016,0.42230356733187724,0.2456445517343989,2.6144364400771027,0.11018404444120994,0.37578888564403135,0.2067921586452861,0.920867335233935,0.4161272906697111,0.538145480025701,0.6728014813736645,0.5157777128806263,0.6134812838401662,0.1365187161598338,136.5187161598338,0.1365187161598338,136.5187161598338,0.49909647135961627,0.0,0.0,0.0009035286403837328,0.9035286403837328,True,186.37359861929266,0.0,186.37359861929266,budget_long_PI_RBF_alpha1em08_target0750_seed2027,BO,0.75,110,bo,rbf,pi,2027,200,20,0.30693620000965893,0.3023045000154525,0.014801900135353208,0.6241804000455886,0.749846237936608,5000,4000,1000,49.17673970228381,79.6503154324143,1.2215946617124551,False,budget_sweep,RBF,PI,1e-08,1e-08,200
1991.749614449719,0.30800404901055023,0.19891277999859075,2.618197343654971,0.11043290908198206,0.37603833946950754,0.14049988984277684,0.5942972828872863,0.2826079428531164,0.539399114551657,0.6810969693994019,0.5207667893901505,0.6267885615427712,0.12321143845722882,123.21143845722882,0.12321143845722882,123.21143845722882,0.5223938462001991,0.02239384620019913,22.39384620019913,-0.02239384620019913,-22.39384620019913,False,151.81058566699483,200.59373905526922,352.40432472226405,budget_long_PI_RBF_alpha1em08_target0750_seed2027,BO,0.75,111,bo,rbf,pi,2027,200,20,0.34673849982209504,0.2534715000074357,0.016080700093880296,0.6164526999928057,0.7744073962125069,5000,4000,1000,49.17673970228381,79.6503154324143,1.2215946617124551,False,budget_sweep,RBF,PI,1e-08,1e-08,200
2084.7191097206064,0.3559144632402079,0.357545392913149,3.0314879962646515,0.1111788010235379,0.3877609758073764,0.1670626027773161,0.7311841806863085,0.7358439797518544,0.6771626654215506,0.7059600341179302,0.755219516147528,0.6310446082324913,0.11895539176750869,118.95539176750869,0.11895539176750869,118.95539176750869,0.5198812259904096,0.019881225990409646,19.881225990409646,-0.019881225990409646,-19.881225990409646,False,141.50385230561474,158.105258752696,299.60911105831076,budget_long_PI_RBF_alpha1em08_target0750_seed2027,BO,0.75,112,bo,rbf,pi,2027,200,20,0.3381619001738727,0.296668800059706,0.018703100038692355,0.6536852999124676,0.6937857483958765,5000,4000,1000,49.17673970228381,79.6503154324143,1.2215946617124551,False,budget_sweep,RBF,PI,1e-08,1e-08,200
2076.6080095936913,0.16415332572360164,0.4453341418683673,1.0024384750902113,0.12,0.35,0.1647451455981975,0.18329521635314758,0.9866689767667638,0.0008128250300704503,1.0,0.0,0.6798679121187969,0.07013208788120306,70.13208788120306,0.07013208788120306,70.13208788120306,0.5012744071944334,0.0012744071944333912,1.2744071944333912,-0.0012744071944333912,-1.2744071944333912,False,49.1850975057679,0.649645478889435,49.83474298465733,budget_long_PI_RBF_alpha1em08_target0750_seed2027,BO,0.75,113,bo,rbf,pi,2027,200,20,0.3091096000280231,0.3043976000044495,0.017048999899998307,0.6306996999774128,0.7565848519164696,5000,4000,1000,49.17673970228381,79.6503154324143,1.2215946617124551,False,budget_sweep,RBF,PI,1e-08,1e-08,200
1617.5422447588066,0.2434727256017883,0.33871935919562224,2.565276595245113,0.10994075443798844,0.3733216718006857,0.033583498502516185,0.4099220731479666,0.6820553119874923,0.5217588650817043,0.6646918145996148,0.46643343601371434,0.6383840639229457,0.11161593607705433,111.61593607705433,0.11161593607705433,111.61593607705433,0.5472872349177315,0.04728723491773146,47.28723491773146,-0.04728723491773146,-47.28723491773146,False,124.58117186357077,894.4330344658883,1019.0142063294591,budget_long_PI_RBF_alpha1em08_target0750_seed2027,BO,0.75,114,bo,rbf,pi,2027,200,20,0.33498749998398125,0.2843613000586629,0.010027799988165498,0.6295278000179678,0.8112782257485753,5000,4000,1000,49.17673970228381,79.6503154324143,1.2215946617124551,False,budget_sweep,RBF,PI,1e-08,1e-08,200
3053.6261935292778,0.2295848959248393,0.11406279481381526,3.7748040938136773,0.0912453888228206,0.36790087557331863,0.4438931981512222,0.3702425597852551,0.04017941375375789,0.9249346979378925,0.04151296076068667,0.3580175114663732,0.558740828878662,0.19125917112133795,191.25917112133794,0.19125917112133795,191.25917112133794,0.5265831577038065,0.02658315770380648,26.58315770380648,-0.02658315770380648,-26.58315770380648,False,365.8007053802123,282.6657094021784,648.4664147823908,budget_long_PI_RBF_alpha1em08_target0750_seed2027,BO,0.75,115,bo,rbf,pi,2027,200,20,0.46935870009474456,0.3254486001096666,0.009965799981728196,0.8049228999298066,0.8956458794494505,5000,4000,1000,49.17673970228381,79.6503154324143,1.2215946617124551,False,budget_sweep,RBF,PI,1e-08,1e-08,200
1818.0711747784817,0.34270966710996786,0.2125436883469407,2.618618167539447,0.11004090150797222,0.35400468277976316,0.09087747850813765,0.6934561917427653,0.32155339527697346,0.5395393891798156,0.6680300502657408,0.08009365559526382,0.6019120246842852,0.14808797531571483,148.08797531571483,0.14808797531571483,148.08797531571483,0.4872054642371315,0.0,0.0,0.012794535762868486,12.794535762868486,True,219.30048433107763,0.0,219.30048433107763,budget_long_PI_RBF_alpha1em08_target0750_seed2027,BO,0.75,116,bo,rbf,pi,2027,200,20,0.3111839999910444,0.23816609987989068,0.014506799867376685,0.564007299952209,0.8692008442041085,5000,4000,1000,49.17673970228381,79.6503154324143,1.2215946617124551,False,budget_sweep,RBF,PI,1e-08,1e-08,200
2295.75120050934,0.43167712526271207,0.41838591895441923,2.619004805601979,0.11068767385283816,0.3957388383249131,0.22735748585981141,0.9476489293220345,0.9096740541554836,0.539668268533993,0.6895891284279387,0.9147767664982609,0.6358873909418479,0.11411260905815213,114.11260905815213,0.11411260905815213,114.11260905815213,0.5190929201780322,0.019092920178032213,19.092920178032212,-0.019092920178032213,-19.092920178032212,False,130.2168754605866,145.81584036988386,276.03271583047047,budget_long_PI_RBF_alpha1em08_target0750_seed2027,BO,0.75,117,bo,rbf,pi,2027,200,20,0.3253421999979764,0.32409750018268824,0.02064180001616478,0.6702294999267906,0.8206290597818464,5000,4000,1000,49.17673970228381,79.6503154324143,1.2215946617124551,False,budget_sweep,RBF,PI,1e-08,1e-08,200
3169.8837423389814,0.2806906860373911,0.32849654597222155,1.6658852874394081,0.11904554885022335,0.3745384730022755,0.4771096406682803,0.5162591029639746,0.6528472742063474,0.2219617624798027,0.9681849616741119,0.4907694600455096,0.65479233061818,0.09520766938182001,95.20766938182001,0.09520766938182001,95.20766938182001,0.5091045647594367,0.009104564759436662,9.104564759436663,-0.009104564759436662,-9.104564759436663,False,90.64500309117949,33.157239783510384,123.80224287468988,budget_long_PI_RBF_alpha1em08_target0750_seed2027,BO,0.75,118,bo,rbf,pi,2027,200,20,0.37064670003019273,0.29784270003437996,0.0103428999427706,0.678982499986887,0.7596159088496206,5000,4000,1000,49.17673970228381,79.6503154324143,1.2215946617124551,False,budget_sweep,RBF,PI,1e-08,1e-08,200
3599.5213702366905,0.1837135895879985,0.31530387339963045,2.296767029217592,0.1009650988845,0.35732762304529353,0.5998632486390544,0.2391816845371385,0.6151539239989442,0.43225567640586393,0.3655032961500001,0.14655246090587093,0.5853093063825267,0.16469069361747335,164.69069361747336,0.16469069361747335,164.69069361747336,0.4983958847693037,0.0,0.0,0.0016041152306963125,1.6041152306963125,True,271.23024564204474,0.0,271.23024564204474,budget_long_PI_RBF_alpha1em08_target0750_seed2027,BO,0.75,119,bo,rbf,pi,2027,200,20,0.43077800003811717,0.3413434000685811,0.00829849997535348,0.7805692001711577,0.6969171549835705,5000,4000,1000,49.17673970228381,79.6503154324143,1.2215946617124551,False,budget_sweep,RBF,PI,1e-08,1e-08,200
4861.375236909827,0.10187032710593719,0.10486200703852569,3.872675672848055,0.117779326376465,0.3787334439736644,0.9603929248313794,0.0053437917312491034,0.013891448681501939,0.9575585576160184,0.9259775458821667,0.5746688794732873,0.6176166007796742,0.13238339922032583,132.38339922032583,0.13238339922032583,132.38339922032583,0.7349429920963974,0.23494299209639735,234.94299209639735,-0.23494299209639735,-234.94299209639735,False,175.25364389128163,22079.283814083134,22254.537457974417,budget_long_PI_RBF_alpha1em08_target0750_seed2027,BO,0.75,120,bo,rbf,pi,2027,200,20,0.6557365998160094,0.21856250008568168,0.01871010009199381,0.8931772001087666,0.9361486369951599,5000,4000,1000,49.17673970228381,79.6503154324143,1.2215946617124551,False,budget_sweep,RBF,PI,1e-08,1e-08,200
1848.350288037068,0.23613747163800883,0.2063049164320478,2.8443287382063955,0.09220312625026876,0.36079137108328585,0.09952865372487651,0.38896420468002524,0.3037283326629937,0.6147762460687985,0.07343754167562566,0.2158274216657171,0.5754161580805317,0.1745838419194683,174.58384191946828,0.1745838419194683,174.58384191946828,0.5123102856787767,0.012310285678776678,12.310285678776678,-0.012310285678776678,-12.310285678776678,False,304.79517859361897,60.617253397237675,365.41243199085665,budget_long_PI_RBF_alpha1em08_target0750_seed2027,BO,0.75,121,bo,rbf,pi,2027,200,20,0.4213269001338631,0.2804895997978747,0.010500800097361207,0.712468900019303,0.9653288193046239,5000,4000,1000,49.17673970228381,79.6503154324143,1.2215946617124551,False,budget_sweep,RBF,PI,1e-08,1e-08,200
3677.466388349502,0.10693539080183885,0.1935207180208942,3.8540263137003223,0.118133640875288,0.3896419519912912,0.6221332538141434,0.01981540229096812,0.26720205148826914,0.9513421045667741,0.9377880291762669,0.7928390398258234,0.6555228989634657,0.09447710103653428,94.47710103653428,0.09447710103653428,94.47710103653428,0.8011830915096546,0.3011830915096546,301.1830915096546,-0.3011830915096546,-301.1830915096546,False,89.25922620267507,36284.50184452519,36373.761070727865,budget_long_PI_RBF_alpha1em08_target0750_seed2027,BO,0.75,122,bo,rbf,pi,2027,200,20,0.5131687000393867,0.2387086001690477,0.01616859994828701,0.7681943001225591,0.9984925112105895,5000,4000,1000,49.17673970228381,79.6503154324143,1.2215946617124551,False,budget_sweep,RBF,PI,1e-08,1e-08,200
2328.470832477162,0.19368694922325794,0.11015995684890358,2.553212750999857,0.09110223463972751,0.35316351599364537,0.23670595213633194,0.26767699778073695,0.029028448139724494,0.5177375836666189,0.036741154657583985,0.06327031987290788,0.5633213560681773,0.18667864393182265,186.67864393182265,0.18667864393182265,186.67864393182265,0.5208118586406576,0.0208118586406576,20.811858640657597,-0.0208118586406576,-20.811858640657597,False,348.4891610022422,173.25338403148575,521.742545033728,budget_long_PI_RBF_alpha1em08_target0750_seed2027,BO,0.75,123,bo,rbf,pi,2027,200,20,0.4002280000131577,0.2614393001422286,0.009251500014215708,0.6710688001476228,0.9999802439342554,5000,4000,1000,49.17673970228381,79.6503154324143,1.2215946617124551,False,budget_sweep,RBF,PI,1e-08,1e-08,200
2053.5813407148344,0.15118871321561106,0.44999999999999996,1.0,0.12,0.35,0.15816609734709558,0.14625346633031733,1.0,0.0,1.0,0.0,0.6821604016958386,0.06783959830416142,67.83959830416141,0.06783959830416142,67.83959830416141,0.5022774996606344,0.0022774996606343967,2.2774996606343967,-0.0022774996606343967,-2.2774996606343967,False,46.0221109806998,2.0748018816759166,48.09691286237572,budget_long_PI_RBF_alpha1em08_target0750_seed2027,BO,0.75,124,bo,rbf,pi,2027,200,20,0.3543345001526177,0.3462179999332875,0.015022499952465296,0.7157295001670718,0.9932101801690044,5000,4000,1000,48.09691286237572,79.6503154324143,1.2215946617124551,True,budget_sweep,RBF,PI,1e-08,1e-08,200
4589.519147306991,0.24391005954027414,0.4300161586570471,1.9831015829375727,0.11019480230694223,0.3973594845745327,0.8827197563734259,0.41117159868649755,0.942903310448706,0.32770052764585755,0.6731600768980747,0.9471896914906534,0.6471844459082969,0.10281555409170307,102.81555409170306,0.10281555409170307,102.81555409170306,0.5258102559187079,0.02581025591870789,25.81025591870789,-0.02581025591870789,-25.81025591870789,False,105.71038163183917,266.4677242356783,372.1781058675175,budget_long_PI_RBF_alpha1em08_target0750_seed2027,BO,0.75,125,bo,rbf,pi,2027,200,20,0.5108813000842929,0.35405350010842085,0.014004499884322286,0.8791006999090314,0.8160027823804799,5000,4000,1000,48.09691286237572,79.6503154324143,1.2215946617124551,False,budget_sweep,RBF,PI,1e-08,1e-08,200
1856.7025267757972,0.2121948349301449,0.2887413946761499,3.870417236121168,0.09332010831252913,0.3869946605611421,0.10191500765022776,0.32055667122898546,0.5392611276461425,0.9568057453737228,0.1106702770843041,0.7398932112228424,0.5925368841653585,0.15746311583464145,157.46311583464146,0.15746311583464145,157.46311583464146,0.5550737920725783,0.05507379207257834,55.07379207257834,-0.05507379207257834,-55.07379207257834,False,247.94632848353712,1213.2490293014373,1461.1953577849745,budget_long_PI_RBF_alpha1em08_target0750_seed2027,BO,0.75,126,bo,rbf,pi,2027,200,20,0.445153099950403,0.33923980011604726,0.010072499979287386,0.794612199999392,0.9862304275048579,5000,4000,1000,48.09691286237572,79.6503154324143,1.2215946617124551,False,budget_sweep,RBF,PI,1e-08,1e-08,200
2826.6535112390907,0.10808633146769578,0.3963209623435834,2.340943486322871,0.11591266935636185,0.3574365883326022,0.37904386035402593,0.02310380419341651,0.8466313209816669,0.44698116210762373,0.8637556452120619,0.14873176665204446,0.6315902524752786,0.11840974752472144,118.40974752472144,0.11840974752472144,118.40974752472144,0.5569415247874131,0.0569415247874131,56.9415247874131,-0.0569415247874131,-56.9415247874131,False,140.20868308868276,1296.9348980462319,1437.1435811349147,budget_long_PI_RBF_alpha1em08_target0750_seed2027,BO,0.75,127,bo,rbf,pi,2027,200,20,0.393485700013116,0.38434630003757775,0.010856500128284097,0.7888326998800039,0.9941153214540088,5000,4000,1000,48.09691286237572,79.6503154324143,1.2215946617124551,False,budget_sweep,RBF,PI,1e-08,1e-08,200
4391.524262813416,0.37145486211510614,0.3890461157036015,3.841981837736967,0.10518820369373257,0.3802300942813789,0.8261497893752616,0.7755853203288748,0.825846044867433,0.9473272792456556,0.5062734564577523,0.6046018856275772,0.5907579486159047,0.1592420513840953,159.2420513840953,0.1592420513840953,159.2420513840953,0.50561349043078,0.005613490430779966,5.613490430779966,-0.005613490430779966,-5.613490430779966,False,253.58030929014848,12.604509926583297,266.1848192167318,budget_long_PI_RBF_alpha1em08_target0750_seed2027,BO,0.75,128,bo,rbf,pi,2027,200,20,0.4476989000104368,0.33173059998080134,0.011306899832561612,0.790886300150305,0.9999960970441006,5000,4000,1000,48.09691286237572,79.6503154324143,1.2215946617124551,False,budget_sweep,RBF,PI,1e-08,1e-08,200
2648.802430907068,0.2162932857033161,0.1290118437920366,2.3544409048198123,0.11058293303403557,0.3505328460907559,0.3282292659734479,0.33226653058090316,0.08289098226296165,0.451480301606604,0.686097767801186,0.010656921815118348,0.6038265448500764,0.14617345514992364,146.17345514992363,0.14617345514992364,146.17345514992363,0.5201602228214564,0.020160222821456353,20.16022282145635,-0.020160222821456353,-20.16022282145635,False,213.66678990466738,162.57383368430783,376.2406235889752,budget_long_PI_RBF_alpha1em08_target0750_seed2027,BO,0.75,129,bo,rbf,pi,2027,200,20,0.38914810004644096,0.4277891998644918,0.011182599933817983,0.828266000142321,0.8535316150853217,5000,4000,1000,48.09691286237572,79.6503154324143,1.2215946617124551,False,budget_sweep,RBF,PI,1e-08,1e-08,200
2337.6496734640264,0.13099748337522574,0.3663672695292154,2.568323969304484,0.11572438751244908,0.3558697110294568,0.23932847813257896,0.08856423821493065,0.7610493415120441,0.522774656434828,0.8574795837483028,0.1173942205891364,0.6317147586043335,0.11828524139566654,118.28524139566655,0.11828524139566654,118.28524139566655,0.6172204485177666,0.11722044851776658,117.22044851776658,-0.11722044851776658,-117.22044851776658,False,139.91398332031102,5496.253420282546,5636.167403602857,budget_long_PI_RBF_alpha1em08_target0750_seed2027,BO,0.75,130,bo,rbf,pi,2027,200,20,0.39605039986781776,0.5891139998566359,0.014731900067999959,1.000056599965319,0.9559129717318587,5000,4000,1000,48.09691286237572,79.6503154324143,1.2215946617124551,False,budget_sweep,RBF,PI,1e-08,1e-08,200
2572.22618115648,0.19226029809632525,0.20191919918612716,2.59907530602932,0.10652335066746861,0.39327974456866127,0.30635033747328,0.26360085170378644,0.29119771196036337,0.5330251020097734,0.550778355582287,0.8655948913732254,0.6372869215970661,0.11271307840293388,112.71307840293387,0.11271307840293388,112.71307840293387,0.5854051584705889,0.08540515847058894,85.40515847058894,-0.08540515847058894,-85.40515847058894,False,127.04238043065918,2917.6164373545635,3044.6588177852227,budget_long_PI_RBF_alpha1em08_target0750_seed2027,BO,0.75,131,bo,rbf,pi,2027,200,20,0.40626249997876585,0.367999600013718,0.009390499908477068,0.7838137000799179,0.98321745683037,5000,4000,1000,48.09691286237572,79.6503154324143,1.2215946617124551,False,budget_sweep,RBF,PI,1e-08,1e-08,200
2091.0145470601165,0.10933555442397538,0.44999999999999996,1.0,0.12,0.35,0.16886129916003328,0.02667301263992966,1.0,0.0,1.0,0.0,0.6860356339184971,0.06396436608150291,63.96436608150291,0.06396436608150291,63.96436608150291,0.5033530691259321,0.00335306912593214,3.35306912593214,-0.00335306912593214,-3.35306912593214,False,40.914401282085194,4.4972290253117295,45.411630307396926,budget_long_PI_RBF_alpha1em08_target0750_seed2027,BO,0.75,132,bo,rbf,pi,2027,200,20,0.32591510005295277,0.5404308000579476,0.01162320002913475,0.8781371000222862,0.9999995664076304,5000,4000,1000,45.411630307396926,79.6503154324143,1.2215946617124551,True,budget_sweep,RBF,PI,1e-08,1e-08,200
1616.4856740261837,0.40731301350162996,0.1615269374996649,3.744798865557523,0.09313236572926882,0.3885803612544179,0.03328162115033817,0.8780371814332285,0.1757912499990426,0.914932955185841,0.10441219097562748,0.7716072250883584,0.5808339177367037,0.16916608226329632,169.16608226329632,0.16916608226329632,169.16608226329632,0.4951074050658685,0.0,0.0,0.004892594934131522,4.892594934131522,True,286.1716338831234,0.0,286.1716338831234,budget_long_PI_RBF_alpha1em08_target0750_seed2027,BO,0.75,133,bo,rbf,pi,2027,200,20,0.328486799960956,0.4175005001015961,0.011472300160676241,0.7576334001496434,0.9997457808043572,5000,4000,1000,45.411630307396926,79.6503154324143,1.2215946617124551,False,budget_sweep,RBF,PI,1e-08,1e-08,200
2774.3461294623157,0.2204535106547279,0.2752449732150662,2.1543882853670335,0.11917512366070213,0.3606773384087077,0.3640988941320903,0.3441528875849369,0.5006999234716177,0.3847960951223445,0.9725041220234042,0.21354676817415408,0.6379230271482397,0.11207697285176033,112.07697285176033,0.11207697285176033,112.07697285176033,0.5261636590248263,0.026163659024826313,26.163659024826313,-0.026163659024826313,-26.163659024826313,False,125.6124784361422,273.8148214269502,399.42729986309234,budget_long_PI_RBF_alpha1em08_target0750_seed2027,BO,0.75,134,bo,rbf,pi,2027,200,20,0.3928763000294566,0.34861099999397993,0.017400900134816766,0.7590475000906736,0.999436173344265,5000,4000,1000,45.411630307396926,79.6503154324143,1.2215946617124551,False,budget_sweep,RBF,PI,1e-08,1e-08,200
2646.5267327054516,0.10376508793134709,0.44999999999999996,1.0,0.12,0.35,0.32757906648727186,0.010757394089563103,1.0,0.0,1.0,0.0,0.6727249600721297,0.07727503992787033,77.27503992787032,0.07727503992787033,77.27503992787032,0.49577365140325913,0.0,0.0,0.00422634859674087,4.22634859674087,True,59.71431795853953,0.0,59.71431795853953,budget_long_PI_RBF_alpha1em08_target0750_seed2027,BO,0.75,135,bo,rbf,pi,2027,200,20,0.3377108999993652,0.4053431998472661,0.01201040018349886,0.7552716999780387,0.9999591199725694,5000,4000,1000,45.411630307396926,77.27503992787032,4.22634859674087,False,budget_sweep,RBF,PI,1e-08,1e-08,200
2250.7119289520533,0.10567248320963071,0.44999999999999996,1.0,0.12,0.35043408124298436,0.21448912255772948,0.016207094884659153,1.0,0.0,1.0,0.008681624859687452,0.6822350829537771,0.0677649170462229,67.76491704622289,0.0677649170462229,67.76491704622289,0.5012611055961702,0.001261105596170209,1.261105596170209,-0.001261105596170209,-1.261105596170209,False,45.9208398228147,0.6361549298767272,46.55699475269142,budget_long_PI_RBF_alpha1em08_target0750_seed2027,BO,0.75,136,bo,rbf,pi,2027,200,20,0.33840490016154945,0.3685639000032097,0.017097899923101068,0.7242389998864383,0.9894540771952925,5000,4000,1000,45.411630307396926,77.27503992787032,4.22634859674087,False,budget_sweep,RBF,PI,1e-08,1e-08,200
2415.9935601841253,0.1,0.44999999999999996,1.631989435450624,0.12,0.35,0.261712445766893,0.0,1.0,0.21066314515020795,1.0,0.0,0.6592738727116076,0.09072612728839236,90.72612728839235,0.09072612728839236,90.72612728839235,0.5016770802888401,0.0016770802888400604,1.6770802888400604,-0.0016770802888400604,-1.6770802888400604,False,82.31230172749572,1.1250393180863443,83.43734104558207,budget_long_PI_RBF_alpha1em08_target0750_seed2027,BO,0.75,137,bo,rbf,pi,2027,200,20,0.40130280004814267,0.4402301001828164,0.011570699978619814,0.8532749000005424,0.9272492512620131,5000,4000,1000,45.411630307396926,77.27503992787032,4.22634859674087,False,budget_sweep,RBF,PI,1e-08,1e-08,200
4220.407670365503,0.1773135368943473,0.39218331545452223,1.7398154179446261,0.11771967806130854,0.3592026263698518,0.7772593343901435,0.2208958196981352,0.8348094727272065,0.24660513931487538,0.9239892687102849,0.1840525273970356,0.6339996425238923,0.11600035747610771,116.00035747610771,0.11600035747610771,116.00035747610771,0.49416100508585986,0.0,0.0,0.005838994914140139,5.838994914140139,True,134.56082934584776,0.0,134.56082934584776,budget_long_PI_RBF_alpha1em08_target0750_seed2027,BO,0.75,138,bo,rbf,pi,2027,200,20,0.4502147000748664,0.5212116001639515,0.01175509998574853,0.9833398999180645,0.9185780907644672,5000,4000,1000,45.411630307396926,77.27503992787032,4.22634859674087,False,budget_sweep,RBF,PI,1e-08,1e-08,200
4048.287517596869,0.42882874555482264,0.2030442383165124,3.099094850147197,0.11056468709983049,0.36354852561649303,0.7280821478848196,0.9395107015852076,0.2944121094757497,0.699698283382399,0.6854895699943496,0.2709705123298609,0.5873173568353443,0.16268264316465575,162.68264316465576,0.16268264316465575,162.68264316465576,0.48296061675697505,0.0,0.0,0.017039383243024953,17.039383243024954,True,264.6564238703872,0.0,264.6564238703872,budget_long_PI_RBF_alpha1em08_target0750_seed2027,BO,0.75,139,bo,rbf,pi,2027,200,20,0.3822886000853032,0.37528249993920326,0.02182420017197728,0.779565199976787,0.9509785621560292,5000,4000,1000,45.411630307396926,77.27503992787032,4.22634859674087,False,budget_sweep,RBF,PI,1e-08,1e-08,200
2635.1714965715173,0.1895923885751777,0.196961435575775,1.467850593502333,0.11997343342196673,0.357318322693807,0.3243347133061478,0.25597825307193633,0.2770326730736429,0.15595019783411102,0.9991144473988911,0.14636645387613978,0.6532887194956403,0.09671128050435973,96.71128050435973,0.09671128050435973,96.71128050435973,0.498809497640283,0.0,0.0,0.0011905023597170161,1.1905023597170161,True,93.5307177679295,0.0,93.5307177679295,budget_long_PI_RBF_alpha1em08_target0750_seed2027,BO,0.75,140,bo,rbf,pi,2027,200,20,0.35743440012447536,0.2885651998221874,0.017252400051802397,0.6634051001165062,0.9991453872027574,5000,4000,1000,45.411630307396926,77.27503992787032,4.22634859674087,False,budget_sweep,RBF,PI,1e-08,1e-08,200
4671.022272205366,0.20808718346887403,0.25148478671560537,3.9068159752070413,0.09804800422150553,0.3796552638738408,0.9060063634872475,0.30882052419678296,0.4328136763303011,0.968938658402347,0.26826680738351794,0.5931052774768163,0.5768941588919262,0.1731058411080738,173.1058411080738,0.1731058411080738,173.1058411080738,0.5685513591172067,0.06855135911720667,68.55135911720667,-0.06855135911720667,-68.55135911720667,False,299.6563222573369,1879.7155347264934,2179.37185698383,budget_long_PI_RBF_alpha1em08_target0750_seed2027,BO,0.75,141,bo,rbf,pi,2027,200,20,0.567362800007686,0.4214133999776095,0.01337859989143908,1.0023131999187171,0.9999473007135345,5000,4000,1000,45.411630307396926,77.27503992787032,4.22634859674087,False,budget_sweep,RBF,PI,1e-08,1e-08,200
2195.05844564287,0.1,0.44999999999999996,1.0,0.12,0.35,0.1985881273265343,0.0,1.0,0.0,1.0,0.0,0.6839236119154538,0.06607638808454619,66.0763880845462,0.06607638808454619,66.0763880845462,0.5019021348160926,0.0019021348160925822,1.9021348160925822,-0.0019021348160925822,-1.9021348160925822,False,43.66089062299557,1.4472467434366245,45.108137366432196,budget_long_PI_RBF_alpha1em08_target0750_seed2027,BO,0.75,142,bo,rbf,pi,2027,200,20,0.34624280012212694,0.4397569000720978,0.013582699932157993,0.7997403999324888,0.999878994164254,5000,4000,1000,45.108137366432196,77.27503992787032,4.22634859674087,True,budget_sweep,RBF,PI,1e-08,1e-08,200
4363.596923544026,0.15320107720109588,0.2459383873928887,2.1089438270867538,0.10803364788718244,0.39613888581928614,0.8181705495840076,0.15200307771741683,0.41696682112253913,0.3696479423622512,0.6011215962394145,0.9227777163857223,0.6395150826106248,0.11048491738937516,110.48491738937516,0.11048491738937516,110.48491738937516,0.5325947490989531,0.0325947490989531,32.5947490989531,-0.0325947490989531,-32.5947490989531,False,122.06916970537054,424.96706752948165,547.0362372348523,budget_long_PI_RBF_alpha1em08_target0750_seed2027,BO,0.75,143,bo,rbf,pi,2027,200,20,0.45650619990192354,0.6018871001433581,0.013814599951729178,1.072365199914202,0.8829696854150985,5000,4000,1000,45.108137366432196,77.27503992787032,4.22634859674087,False,budget_sweep,RBF,PI,1e-08,1e-08,200
1549.4489448607,0.2672005224522277,0.15203934006144143,3.8592979307897743,0.11530588121433581,0.38272575164704464,0.014128269960200002,0.4777157784349364,0.1486838287469755,0.9530993102632581,0.843529373811194,0.6545150329408932,0.6371162928185183,0.11288370718148166,112.88370718148167,0.11288370718148166,112.88370718148167,0.5506201201931079,0.05062012019310791,50.62012019310791,-0.05062012019310791,-50.62012019310791,False,127.42731347034493,1024.9586273458763,1152.3859408162211,budget_long_PI_RBF_alpha1em08_target0750_seed2027,BO,0.75,144,bo,rbf,pi,2027,200,20,0.4013699998613447,0.4165607998147607,0.01657330011948943,0.8346672998741269,0.9996074320138488,5000,4000,1000,45.108137366432196,77.27503992787032,4.22634859674087,False,budget_sweep,RBF,PI,1e-08,1e-08,200
2712.159181400168,0.37406549202834705,0.2828807134560839,3.8332368224551225,0.11145461319690365,0.36564239842035406,0.34633119468576234,0.7830442629381343,0.5225163241602396,0.9444122741517075,0.7151537732301219,0.3128479684070814,0.5913536464389172,0.1586463535610828,158.6463535610828,0.1586463535610828,158.6463535610828,0.4953312908225783,0.0,0.0,0.004668709177421682,4.668709177421682,True,251.6866549822809,0.0,251.6866549822809,budget_long_PI_RBF_alpha1em08_target0750_seed2027,BO,0.75,145,bo,rbf,pi,2027,200,20,0.3977000000886619,0.703092799987644,0.014199899975210428,1.1151539001148194,0.762317967119909,5000,4000,1000,45.108137366432196,77.27503992787032,4.22634859674087,False,budget_sweep,RBF,PI,1e-08,1e-08,200
1546.2264443486874,0.21973402761652977,0.4239534306879299,2.22159499494966,0.09063705313002995,0.35552219551735886,0.013207555528196413,0.3420972217615137,0.9255812305369427,0.4071983316498867,0.021235104334331734,0.11044391034717749,0.5851907980707183,0.16480920192928172,164.80920192928173,0.16480920192928172,164.80920192928173,0.5088834340489703,0.008883434048970296,8.883434048970296,-0.008883434048970296,-8.883434048970296,False,271.62073040566753,31.56616020096191,303.18689060662945,budget_long_PI_RBF_alpha1em08_target0750_seed2027,BO,0.75,146,bo,rbf,pi,2027,200,20,0.3970580000896007,0.5830683999229223,0.015605099964886904,0.9959060999099165,0.7534319027631013,5000,4000,1000,45.108137366432196,77.27503992787032,4.22634859674087,False,budget_sweep,RBF,PI,1e-08,1e-08,200
4534.6148008946675,0.2816459594447639,0.18013129762031665,2.3375784881615966,0.11549022900831667,0.3994926522919253,0.8670328002556192,0.5189884555564682,0.22894656462947616,0.44585949605386554,0.8496743002772223,0.9898530458385056,0.6485854531145655,0.1014145468854345,101.4145468854345,0.1014145468854345,101.4145468854345,0.5406491068465186,0.04064910684651857,40.64910684651857,-0.04064910684651857,-40.64910684651857,False,102.8491031997799,660.9399549678731,763.7890581676529,budget_long_PI_RBF_alpha1em08_target0750_seed2027,BO,0.75,147,bo,rbf,pi,2027,200,20,0.45246689999476075,0.8371375000569969,0.014776699943467975,1.3045457999687642,0.6886884531572057,5000,4000,1000,45.108137366432196,77.27503992787032,4.22634859674087,False,budget_sweep,RBF,PI,1e-08,1e-08,200
2331.985580478522,0.1,0.44999999999999996,1.0,0.12,0.35636015789729014,0.23771016585100624,0.0,1.0,0.0,1.0,0.12720315794580334,0.6865392981998051,0.06346070180019492,63.46070180019492,0.06346070180019492,63.46070180019492,0.506156996679194,0.0061569966791940045,6.1569966791940045,-0.0061569966791940045,-6.1569966791940045,False,40.27260672973262,15.163443243042401,55.436049972775024,budget_long_PI_RBF_alpha1em08_target0750_seed2027,BO,0.75,148,bo,rbf,pi,2027,200,20,0.34007309982553124,0.39221289986744523,0.02229550015181303,0.7547404998913407,0.6115193620578023,5000,4000,1000,45.108137366432196,77.27503992787032,4.22634859674087,False,budget_sweep,RBF,PI,1e-08,1e-08,200
4893.930309581332,0.16716981386847493,0.2917474377318493,2.2467097493159187,0.11573155195993376,0.3875741701594087,0.9696943741660947,0.19191375390992838,0.5478498220909981,0.4155699164386395,0.8577183986644585,0.7514834031881735,0.6440720500190392,0.10592794998096078,105.92794998096078,0.10592794998096078,105.92794998096078,0.5338684219992808,0.03386842199928075,33.86842199928075,-0.03386842199928075,-33.86842199928075,False,112.2073058716893,458.82800348854573,571.035309360235,budget_long_PI_RBF_alpha1em08_target0750_seed2027,BO,0.75,149,bo,rbf,pi,2027,200,20,0.5649290999863297,0.5295503998640925,0.01752580003812909,1.1121773000340909,0.9830560255527547,5000,4000,1000,45.108137366432196,77.27503992787032,4.22634859674087,False,budget_sweep,RBF,PI,1e-08,1e-08,200
3450.8153803183195,0.12940943010265665,0.18414088109468307,1.000085290066084,0.11441996990733928,0.3593459917816911,0.5573758229480913,0.08402694315044756,0.24040251741338026,2.8430022028014257e-05,0.8139989969113097,0.18691983563382208,0.6468819378808884,0.10311806211911156,103.11806211911157,0.10311806211911156,103.11806211911157,0.4912012534760871,0.0,0.0,0.008798746523912881,8.798746523912882,True,106.33334735200951,0.0,106.33334735200951,budget_long_PI_RBF_alpha1em08_target0750_seed2027,BO,0.75,150,bo,rbf,pi,2027,200,20,0.4822625999804586,0.6842269999906421,0.01768320007249713,1.1843594000674784,0.6302618246928238,5000,4000,1000,45.108137366432196,77.27503992787032,4.22634859674087,False,budget_sweep,RBF,PI,1e-08,1e-08,200
3600.4184796352333,0.27665253000706236,0.16745628284064812,2.0176848398176848,0.11647020715779999,0.3579805840332571,0.6001195656100666,0.5047215143058924,0.192732236687566,0.3392282799392283,0.8823402385933329,0.15961168066514198,0.6197102194004145,0.13028978059958551,130.28978059958553,0.13028978059958551,130.28978059958553,0.49724008003677816,0.0,0.0,0.002759919963221835,2.759919963221835,True,169.75426928688128,0.0,169.75426928688128,budget_long_PI_RBF_alpha1em08_target0750_seed2027,BO,0.75,151,bo,rbf,pi,2027,200,20,0.4116251999512315,0.516870099818334,0.014677500119432807,0.9433473001699895,0.7589194116678528,5000,4000,1000,45.108137366432196,77.27503992787032,4.22634859674087,False,budget_sweep,RBF,PI,1e-08,1e-08,200
4879.332571126807,0.3305209881019278,0.40200622625968585,2.9988884809635876,0.11995203024469017,0.37368177271859576,0.9655235917505164,0.6586313945769366,0.8628749321705309,0.6662961603211959,0.998401008156339,0.473635454371915,0.6248225679417619,0.12517743205823806,125.17743205823805,0.12517743205823806,125.17743205823805,0.5250422834851599,0.02504228348515991,25.04228348515991,-0.02504228348515991,-25.04228348515991,False,156.69389496694805,250.8463848604451,407.5402798273932,budget_long_PI_RBF_alpha1em08_target0750_seed2027,BO,0.75,152,bo,rbf,pi,2027,200,20,0.4997462001629174,0.8937744998838753,0.016501199919730425,1.410199699923396,0.6140541225832913,5000,4000,1000,45.108137366432196,77.27503992787032,4.22634859674087,False,budget_sweep,RBF,PI,1e-08,1e-08,200
4806.898732043717,0.29948552622083946,0.37901578429778393,1.5630712393617392,0.09621290660779967,0.3917662295196677,0.9448282091553478,0.5699586463452556,0.7971879551365254,0.18769041312057977,0.20709688692665607,0.8353245903933538,0.6131912799906858,0.1368087200093142,136.80872000931421,0.1368087200093142,136.80872000931421,0.4962236550482339,0.0,0.0,0.0037763449517660974,3.7763449517660974,True,187.1662587058693,0.0,187.1662587058693,budget_long_PI_RBF_alpha1em08_target0750_seed2027,BO,0.75,153,bo,rbf,pi,2027,200,20,0.41791690001264215,0.5443168999627233,0.014675900107249618,0.9770798999816179,0.6302048873363224,5000,4000,1000,45.108137366432196,77.27503992787032,4.22634859674087,False,budget_sweep,RBF,PI,1e-08,1e-08,200
1841.4684977086654,0.11616589484445057,0.22263497322999043,2.127245291358186,0.11584586201189974,0.36760734427039665,0.09756242791676151,0.046188270984144464,0.35038563779997267,0.37574843045272854,0.8615287337299915,0.3521468854079337,0.6616554183311751,0.08834458166882486,88.34458166882486,0.08834458166882486,88.34458166882486,0.5971084558754994,0.09710845587549943,97.10845587549943,-0.09710845587549943,-97.10845587549943,False,78.04765110239666,3772.0208810095282,3850.068532111925,budget_long_PI_RBF_alpha1em08_target0750_seed2027,BO,0.75,154,bo,rbf,pi,2027,200,20,0.3361165998503566,0.5255634998902678,0.019642200088128448,0.8814858999103308,0.9004987625965661,5000,4000,1000,45.108137366432196,77.27503992787032,4.22634859674087,False,budget_sweep,RBF,PI,1e-08,1e-08,200
1849.869727713712,0.42239261293716734,0.40682986358874007,3.8940625265575832,0.11800476626636092,0.3806959617577843,0.09996277934677489,0.9211217512490497,0.8766567531106858,0.9646875088525277,0.9334922088786975,0.6139192351556858,0.6223780506790777,0.1276219493209223,127.6219493209223,0.1276219493209223,127.6219493209223,0.5132229908028942,0.013222990802894241,13.222990802894241,-0.013222990802894241,-13.222990802894241,False,162.8736194847206,69.93899430937027,232.81261379409085,budget_long_PI_RBF_alpha1em08_target0750_seed2027,BO,0.75,155,bo,rbf,pi,2027,200,20,0.3558290998917073,0.4580001998692751,0.014394300058484077,0.8283949999604374,0.9962892234489759,5000,4000,1000,45.108137366432196,77.27503992787032,4.22634859674087,False,budget_sweep,RBF,PI,1e-08,1e-08,200
2290.8671525002874,0.10134518258857149,0.44999999999999996,1.644142695592972,0.12,0.35,0.22596204357151065,0.003843378824489949,1.0,0.21471423186432403,1.0,0.0,0.6614240709512931,0.08857592904870693,88.57592904870693,0.08857592904870693,88.57592904870693,0.5043154111582163,0.00431541115821632,4.31541115821632,-0.00431541115821632,-4.31541115821632,False,78.45695206841563,7.449109385783169,85.9060614541988,budget_long_PI_RBF_alpha1em08_target0750_seed2027,BO,0.75,156,bo,rbf,pi,2027,200,20,0.35941759985871613,0.8969836998730898,0.014888899866491556,1.271457500057295,0.9152461372659209,5000,4000,1000,45.108137366432196,77.27503992787032,4.22634859674087,False,budget_sweep,RBF,PI,1e-08,1e-08,200
2103.8445998985158,0.14026356638600074,0.3202184166498561,1.6469230213873338,0.1139889224420633,0.37705185273271863,0.17252702854243307,0.11503876110285927,0.6291954761424461,0.21564100712911127,0.7996307480687767,0.5410370546543727,0.6702090394751066,0.07979096052489343,79.79096052489342,0.07979096052489343,79.79096052489342,0.5243506003046308,0.024350600304630765,24.350600304630767,-0.024350600304630765,-24.350600304630767,False,63.665973814851014,237.18069407835355,300.84666789320454,budget_long_PI_RBF_alpha1em08_target0750_seed2027,BO,0.75,157,bo,rbf,pi,2027,200,20,0.3327627000398934,0.397999299922958,0.013120800023898482,0.7440428999252617,0.8958191746285245,5000,4000,1000,45.108137366432196,77.27503992787032,4.22634859674087,False,budget_sweep,RBF,PI,1e-08,1e-08,200
2589.9135777260835,0.10408683381002652,0.18156784303184315,1.7579220679984737,0.11052399979280099,0.35570108927018707,0.31140387935030955,0.011676668028647197,0.23305098009098046,0.2526406893328246,0.6841333264266997,0.11402178540374175,0.6274271947837139,0.12257280521628611,122.57280521628611,0.12257280521628611,122.57280521628611,0.49992885619871164,0.0,0.0,7.114380128836473e-05,0.07114380128836473,True,150.24092578589614,0.0,150.24092578589614,budget_long_PI_RBF_alpha1em08_target0750_seed2027,BO,0.75,158,bo,rbf,pi,2027,200,20,0.3764824001118541,0.5257530999369919,0.015526600182056427,0.9179303001146764,0.7288888899828573,5000,4000,1000,45.108137366432196,77.27503992787032,4.22634859674087,False,budget_sweep,RBF,PI,1e-08,1e-08,200
2414.279678053872,0.19253667419635084,0.32098902485769865,1.741844019837655,0.1182789320388834,0.36481635106928784,0.26122276515824916,0.2643904977038596,0.631397213879139,0.24728133994588497,0.9426310679627801,0.29632702138575717,0.65581224472058,0.09418775527942003,94.18775527942003,0.09418775527942003,94.18775527942003,0.514175094268674,0.014175094268674027,14.175094268674027,-0.014175094268674027,-14.175094268674027,False,88.71333244575916,80.37331901031808,169.08665145607725,budget_long_PI_RBF_alpha1em08_target0750_seed2027,BO,0.75,159,bo,rbf,pi,2027,200,20,0.3920440000947565,0.4929959001019597,0.01511240005493164,0.9003187001217157,0.7484420158364586,5000,4000,1000,45.108137366432196,77.27503992787032,4.22634859674087,False,budget_sweep,RBF,PI,1e-08,1e-08,200
4960.592488545295,0.33121806571731316,0.20510631125700812,2.4060644285156148,0.11439261261138198,0.368736146306817,0.9887407110129414,0.6606230449066091,0.3003037464485946,0.4686881428385383,0.8130870870460659,0.3747229261363402,0.6134747964673566,0.1365252035326434,136.52520353264342,0.1365252035326434,136.52520353264342,0.5024499219633892,0.0024499219633892233,2.4499219633892233,-0.0024499219633892233,-2.4499219633892233,False,186.3913119962971,2.4008470506787627,188.79215904697585,budget_long_PI_RBF_alpha1em08_target0750_seed2027,BO,0.75,160,bo,rbf,pi,2027,200,20,0.4480566999409348,0.47907570004463196,0.015760899987071753,0.9430797998793423,0.9764337930121635,5000,4000,1000,45.108137366432196,77.27503992787032,4.22634859674087,False,budget_sweep,RBF,PI,1e-08,1e-08,200
4419.8659118496125,0.2635641523735516,0.29229520374206536,1.2061960018446911,0.09430111272539915,0.3952488391732651,0.8342474033856037,0.4673261496387189,0.5494148678344725,0.06873200061489704,0.1433704241799717,0.9049767834653012,0.6196885125177789,0.1303114874822211,130.3114874822211,0.1303114874822211,130.3114874822211,0.4990215369276801,0.0,0.0,0.0009784630723199128,0.9784630723199128,True,169.81083769829067,0.0,169.81083769829067,budget_long_PI_RBF_alpha1em08_target0750_seed2027,BO,0.75,161,bo,rbf,pi,2027,200,20,0.41158549999818206,0.5710372000467032,0.01525770011357963,0.9980530000757426,0.6308575997555581,5000,4000,1000,45.108137366432196,77.27503992787032,4.22634859674087,False,budget_sweep,RBF,PI,1e-08,1e-08,200
2220.0216766377794,0.1,0.4449760079778995,1.0923934457445488,0.12,0.35,0.20572047903936552,0.0,0.9856457370797128,0.0307978152481829,1.0,0.0,0.6797744509352496,0.07022554906475043,70.22554906475042,0.07022554906475043,70.22554906475042,0.5010943826657096,0.0010943826657096034,1.0943826657096034,-0.0010943826657096034,-1.0943826657096034,False,49.316277414456685,0.47906936760226304,49.79534678205895,budget_long_PI_RBF_alpha1em08_target0750_seed2027,BO,0.75,162,bo,rbf,pi,2027,200,20,0.32338590011931956,0.5962880998849869,0.015431999927386642,0.9352841998916119,0.9294302551570989,5000,4000,1000,45.108137366432196,77.27503992787032,4.22634859674087,False,budget_sweep,RBF,PI,1e-08,1e-08,200
2217.535923123747,0.1,0.44999999999999996,1.022701433211771,0.12,0.3506987517375287,0.20501026374964199,0.0,1.0,0.0075671444039236545,1.0,0.013975034750573795,0.6828590735289805,0.06714092647101955,67.14092647101954,0.06714092647101955,67.14092647101954,0.5021439193348478,0.0021439193348478103,2.1439193348478103,-0.0021439193348478103,-2.1439193348478103,False,45.079040073868526,1.8385560457337107,46.91759611960224,budget_long_PI_RBF_alpha1em08_target0750_seed2027,BO,0.75,163,bo,rbf,pi,2027,200,20,0.32780579989776015,0.5968118000309914,0.015525199938565493,0.9403166999109089,0.6550788181260566,5000,4000,1000,45.108137366432196,77.27503992787032,4.22634859674087,False,budget_sweep,RBF,PI,1e-08,1e-08,200
4472.78699402466,0.25334384638758745,0.23117967670247339,1.0358759660965178,0.11823758818595631,0.37861156867628903,0.8493677125784744,0.4381252753931071,0.3747990762927811,0.011958655365505888,0.9412529395318772,0.5722313735257808,0.663315048544696,0.08668495145530397,86.68495145530397,0.08668495145530397,86.68495145530397,0.5088793182315509,0.008879318231550859,8.879318231550858,-0.008879318231550859,-8.879318231550858,False,75.14280808808405,31.53691690286059,106.67972499094464,budget_long_PI_RBF_alpha1em08_target0750_seed2027,BO,0.75,164,bo,rbf,pi,2027,200,20,0.416232000105083,0.6418674001470208,0.015452499967068434,1.0737559001427144,0.9998672535522735,5000,4000,1000,45.108137366432196,77.27503992787032,4.22634859674087,False,budget_sweep,RBF,PI,1e-08,1e-08,200
4499.912430666002,0.24521856692883345,0.20305084197142814,2.0577566936380944,0.11877733762745349,0.3996221924983972,0.8571178373331435,0.4149101912252384,0.29443097706122323,0.3525855645460315,0.9592445875817831,0.9924438499679432,0.663900786899244,0.08609921310075597,86.09921310075596,0.08609921310075597,86.09921310075596,0.5403327825166585,0.040332782516658505,40.332782516658504,-0.040332782516658505,-40.332782516658504,False,74.13074496569389,650.6933382144293,724.8240831801232,budget_long_PI_RBF_alpha1em08_target0750_seed2027,BO,0.75,165,bo,rbf,pi,2027,200,20,0.4399207001551986,0.5576017000712454,0.02161519997753203,1.0193012000527233,0.9786776592250035,5000,4000,1000,45.108137366432196,77.27503992787032,4.22634859674087,False,budget_sweep,RBF,PI,1e-08,1e-08,200
3780.3622262144013,0.3145442589043447,0.20212231096385636,3.199647561449343,0.1103019733490666,0.3756332677475139,0.6515320646326861,0.6129835968695563,0.2917780313253039,0.7332158538164477,0.676732444968887,0.512665354950278,0.6052416798586552,0.14475832014134482,144.75832014134483,0.14475832014134482,144.75832014134483,0.5241578358686403,0.024157835868640287,24.157835868640287,-0.024157835868640287,-24.157835868640287,False,209.54971250144078,233.44041354246528,442.99012604390606,budget_long_PI_RBF_alpha1em08_target0750_seed2027,BO,0.75,166,bo,rbf,pi,2027,200,20,0.4553632000461221,0.5386189999990165,0.02633829996921122,1.0204801999498159,0.7111470413496452,5000,4000,1000,45.108137366432196,77.27503992787032,4.22634859674087,False,budget_sweep,RBF,PI,1e-08,1e-08,200
4889.820245245197,0.2504029618153881,0.27149689144684486,1.713529951309731,0.09637885781354094,0.39053588504824416,0.9685200700700564,0.42972274804396615,0.4899911184195568,0.2378433171032437,0.212628593784698,0.8107177009648833,0.6098165437259174,0.14018345627408257,140.18345627408257,0.14018345627408257,140.18345627408257,0.49642168555544,0.0,0.0,0.003578314444560027,3.578314444560027,True,196.5140141294762,0.0,196.5140141294762,budget_long_PI_RBF_alpha1em08_target0750_seed2027,BO,0.75,167,bo,rbf,pi,2027,200,20,0.4371294998563826,0.6282089001033455,0.015804999973624945,1.081306800013408,0.7340643031346308,5000,4000,1000,45.108137366432196,77.27503992787032,4.22634859674087,False,budget_sweep,RBF,PI,1e-08,1e-08,200
4710.695653910283,0.2909880950148088,0.3855772810202366,1.9382608579384293,0.09204627825462851,0.3823570406210182,0.9173416154029381,0.5456802714708824,0.8159350886292475,0.31275361931280976,0.06820927515428366,0.6471408124203644,0.5885092965807259,0.16149070341927407,161.49070341927407,0.16149070341927407,161.49070341927407,0.4860002993198318,0.0,0.0,0.013999700680168203,13.999700680168203,True,260.79247290851936,0.0,260.79247290851936,budget_long_PI_RBF_alpha1em08_target0750_seed2027,BO,0.75,168,bo,rbf,pi,2027,200,20,0.43955720006488264,0.6867007000837475,0.0159557000733912,1.1423820999916643,0.6134722674011618,5000,4000,1000,45.108137366432196,77.27503992787032,4.22634859674087,False,budget_sweep,RBF,PI,1e-08,1e-08,200
3694.723025194392,0.1050880624873373,0.3983156596252846,2.6979830579974666,0.09089453921930435,0.3531880026987123,0.6270637214841119,0.014537321392392277,0.8523304560722417,0.5659943526658222,0.02981797397681163,0.063760053974247,0.5569111047252026,0.19308889527479745,193.08889527479744,0.19308889527479745,193.08889527479744,0.516183405882119,0.016183405882118973,16.183405882118972,-0.016183405882118973,-16.183405882118972,False,372.833214784417,104.76105037816119,477.5942651625782,budget_long_PI_RBF_alpha1em08_target0750_seed2027,BO,0.75,169,bo,rbf,pi,2027,200,20,0.4808255999814719,0.6381250000558794,0.016518699936568737,1.1356512000784278,0.6404665903521697,5000,4000,1000,45.108137366432196,77.27503992787032,4.22634859674087,False,budget_sweep,RBF,PI,1e-08,1e-08,200
2008.1861133024122,0.1,0.4473421612718693,1.0,0.12,0.35,0.14519603237211778,0.0,0.9924061750624837,0.0,1.0,0.0,0.6896710555261236,0.06032894447387638,60.328944473876376,0.06032894447387638,60.328944473876376,0.5052814640423163,0.005281464042316331,5.281464042316331,-0.005281464042316331,-5.281464042316331,False,36.39581541332059,11.157544972112142,47.55336038543273,budget_long_PI_RBF_alpha1em08_target0750_seed2027,BO,0.75,170,bo,rbf,pi,2027,200,20,0.31435439991764724,0.47557659982703626,0.016187199857085943,0.8062948000151664,0.999994787577713,5000,4000,1000,45.108137366432196,77.27503992787032,4.22634859674087,False,budget_sweep,RBF,PI,1e-08,1e-08,200
2154.5391231154154,0.1,0.44999999999999996,1.0,0.12,0.35,0.18701117803297587,0.0,1.0,0.0,1.0,0.0,0.6851179001543815,0.06488209984561855,64.88209984561854,0.06488209984561855,64.88209984561854,0.5025823603274201,0.002582360327420097,2.582360327420097,-0.002582360327420097,-2.582360327420097,False,42.09686880376814,2.667433944253292,44.76430274802143,budget_long_PI_RBF_alpha1em08_target0750_seed2027,BO,0.75,171,bo,rbf,pi,2027,200,20,0.330072799930349,0.8510187000501901,0.022819700185209513,1.2040999999735504,0.778748417750494,5000,4000,1000,44.76430274802143,77.27503992787032,4.22634859674087,True,budget_sweep,RBF,PI,1e-08,1e-08,200
4907.894361395041,0.32509080152692527,0.3197859799697148,1.745232311566633,0.11583174195936748,0.39903282968459625,0.973684103255726,0.6431165757912152,0.6279599427706138,0.24841077052221106,0.8610580653122494,0.9806565936919244,0.6594305740397259,0.09056942596027406,90.56942596027406,0.09056942596027406,90.56942596027406,0.5239688351656695,0.0239688351656695,23.9688351656695,-0.0239688351656695,-23.9688351656695,False,82.02820918773565,229.80202367961394,311.8302328673496,budget_long_PI_RBF_alpha1em08_target0750_seed2027,BO,0.75,172,bo,rbf,pi,2027,200,20,0.4254815001040697,0.7164676999673247,0.016127200098708272,1.1582444999366999,0.7107641473173499,5000,4000,1000,44.76430274802143,77.27503992787032,4.22634859674087,False,budget_sweep,RBF,PI,1e-08,1e-08,200
4783.939484209102,0.3334545400814827,0.4387012550663556,1.2614065772478469,0.10567107017070278,0.3922961381714721,0.9382684240597435,0.6670129716613791,0.967717871618159,0.0871355257492823,0.5223690056900926,0.8459227634294407,0.642282731714278,0.10771726828572203,107.71726828572203,0.10771726828572203,107.71726828572203,0.506928102362371,0.006928102362370958,6.928102362370958,-0.006928102362370958,-6.928102362370958,False,116.03009886938219,19.19944093739602,135.2295398067782,budget_long_PI_RBF_alpha1em08_target0750_seed2027,BO,0.75,173,bo,rbf,pi,2027,200,20,0.39293799991719425,0.7116332999430597,0.01628969982266426,1.12103209993802,0.6274211469391371,5000,4000,1000,44.76430274802143,77.27503992787032,4.22634859674087,False,budget_sweep,RBF,PI,1e-08,1e-08,200
1625.6405235241953,0.16426601045631106,0.3269719957689372,3.7994410587939504,0.10043011305393516,0.3893616878740263,0.03589729243548434,0.18361717273231737,0.6484914164826778,0.9331470195979835,0.34767043513117213,0.7872337574805255,0.6212504332536174,0.1287495667463826,128.7495667463826,0.1287495667463826,128.7495667463826,0.6122365331347196,0.1122365331347196,112.2365331347196,-0.1122365331347196,-112.2365331347196,False,165.7645093738123,5038.815748040404,5204.580257414216,budget_long_PI_RBF_alpha1em08_target0750_seed2027,BO,0.75,174,bo,rbf,pi,2027,200,20,0.4165971998590976,0.5564045999199152,0.01979999989271164,0.9929718000348657,0.9721548760861157,5000,4000,1000,44.76430274802143,77.27503992787032,4.22634859674087,False,budget_sweep,RBF,PI,1e-08,1e-08,200
2621.9136992142357,0.1,0.41240943691068865,1.0,0.12,0.35568046188550206,0.3205467712040674,0.0,0.8925983911733962,0.0,1.0,0.11360923771004194,0.6777395791755421,0.07226042082445794,72.26042082445794,0.07226042082445794,72.26042082445794,0.5017050799914745,0.0017050799914745118,1.7050799914745118,-0.0017050799914745118,-1.7050799914745118,False,52.215684177277545,1.1629191109306887,53.37860328820823,budget_long_PI_RBF_alpha1em08_target0750_seed2027,BO,0.75,175,bo,rbf,pi,2027,200,20,0.39079790003597736,0.565348400035873,0.021541600115597248,0.9778623001184314,0.9985003162460472,5000,4000,1000,44.76430274802143,77.27503992787032,4.22634859674087,False,budget_sweep,RBF,PI,1e-08,1e-08,200
1982.2659968735372,0.12177406410837051,0.2536315958122631,2.157791742459338,0.11481001031050042,0.3745920167720126,0.13779028482101063,0.062211611738201444,0.43894741660646597,0.3859305808197794,0.8270003436833475,0.4918403354402515,0.662568046776941,0.08743195322305897,87.43195322305897,0.08743195322305897,87.43195322305897,0.5934493809149496,0.09344938091494959,93.44938091494959,-0.09344938091494959,-93.44938091494959,False,76.4434644439917,3493.1147173549375,3569.558181798929,budget_long_PI_RBF_alpha1em08_target0750_seed2027,BO,0.75,176,bo,rbf,pi,2027,200,20,0.3624847000464797,0.7026802999898791,0.02251210017129779,1.0878584999591112,0.9449740912873321,5000,4000,1000,44.76430274802143,77.27503992787032,4.22634859674087,False,budget_sweep,RBF,PI,1e-08,1e-08,200
4958.348334282927,0.2624739238582746,0.24886035616894128,1.872934991746416,0.09541515540917997,0.39649295332085516,0.9880995240808362,0.4642112110236417,0.42531530333983225,0.2909783305821386,0.18050518030599905,0.929859066417103,0.6092385390210604,0.1407614609789396,140.7614609789396,0.1407614609789396,140.7614609789396,0.5034943660642656,0.003494366064265564,3.494366064265564,-0.003494366064265564,-3.494366064265564,False,198.13788896925533,4.884237676436323,203.02212664569166,budget_long_PI_RBF_alpha1em08_target0750_seed2027,BO,0.75,177,bo,rbf,pi,2027,200,20,0.4447683999314904,0.553239299915731,0.01696569984778762,1.0151446000672877,0.6382799070722788,5000,4000,1000,44.76430274802143,77.27503992787032,4.22634859674087,False,budget_sweep,RBF,PI,1e-08,1e-08,200
2010.5801243175329,0.1,0.4116694897128159,1.3460714383645824,0.12,0.35,0.14588003551929507,0.0,0.8904842563223313,0.11535714612152746,1.0,0.0,0.677092991921597,0.072907008078403,72.907008078403,0.072907008078403,72.907008078403,0.5035034496620925,0.0035034496620924838,3.5034496620924838,-0.0035034496620924838,-3.5034496620924838,False,53.1543182694432,4.909663813926375,58.06398208336958,budget_long_PI_RBF_alpha1em08_target0750_seed2027,BO,0.75,178,bo,rbf,pi,2027,200,20,0.33919209986925125,0.8827686998993158,0.017069699941202998,1.239205399993807,0.5729419924751128,5000,4000,1000,44.76430274802143,77.27503992787032,4.22634859674087,False,budget_sweep,RBF,PI,1e-08,1e-08,200
4368.012350967942,0.44511671057703783,0.26930257721512096,3.791041110042351,0.1194040266249384,0.3873768283916066,0.819432100276555,0.9860477445058226,0.48372164918605987,0.9303470366807837,0.9801342208312804,0.7475365678321312,0.6225790507614869,0.1274209492385131,127.4209492385131,0.1274209492385131,127.4209492385131,0.5138256521920807,0.01382565219208065,13.82565219208065,-0.01382565219208065,-13.82565219208065,False,162.36098304843733,76.4594634145538,238.82044646299113,budget_long_PI_RBF_alpha1em08_target0750_seed2027,BO,0.75,179,bo,rbf,pi,2027,200,20,0.43630079994909465,0.7077253002207726,0.017670599976554513,1.1618892999831587,0.5835922344963737,5000,4000,1000,44.76430274802143,77.27503992787032,4.22634859674087,False,budget_sweep,RBF,PI,1e-08,1e-08,200
3040.6775920122386,0.41954539249292055,0.29553192205133083,1.734643120384669,0.11328227982645647,0.3771753344926843,0.44019359771778244,0.9129868356940587,0.5586626344323737,0.24488104012822298,0.7760759942152157,0.5435066898536863,0.6323660123822668,0.11763398761773325,117.63398761773325,0.11763398761773325,117.63398761773325,0.5018859026364935,0.001885902636493464,1.885902636493464,-0.001885902636493464,-1.885902636493464,False,138.37755042849017,1.422651501733199,139.80020193022335,budget_long_PI_RBF_alpha1em08_target0750_seed2027,BO,0.75,180,bo,rbf,pi,2027,200,20,0.30343239987269044,0.7522362000308931,0.017687400104478,1.0735321999527514,0.5777866563916342,5000,4000,1000,44.76430274802143,77.27503992787032,4.22634859674087,False,budget_sweep,RBF,PI,1e-08,1e-08,200
4869.8963330286615,0.1190052740994715,0.2718208290544195,1.8143500314018737,0.11934755798165832,0.38620145919166543,0.9628275237224747,0.05430078314134712,0.4909166544411986,0.2714500104672912,0.9782519327219441,0.7240291838333079,0.6596039850173319,0.09039601498266814,90.39601498266813,0.09039601498266814,90.39601498266813,0.524460917631265,0.02446091763126501,24.460917631265012,-0.02446091763126501,-24.460917631265012,False,81.71439524746762,239.33459654541258,321.0489917928802,budget_long_PI_RBF_alpha1em08_target0750_seed2027,BO,0.75,181,bo,rbf,pi,2027,200,20,0.48120989999733865,0.7528136000037193,0.021104699932038784,1.2553312999662012,0.9607805570119088,5000,4000,1000,44.76430274802143,77.27503992787032,4.22634859674087,False,budget_sweep,RBF,PI,1e-08,1e-08,200
3210.409143930531,0.10464453456727274,0.14238220158663867,2.536546831010391,0.11481371093142052,0.39651840908913416,0.4886883268372946,0.013270098763636384,0.1210920045332533,0.5121822770034637,0.8271236977140175,0.9303681817826833,0.6545141799485297,0.09548582005147033,95.48582005147033,0.09548582005147033,95.48582005147033,0.6039062612601965,0.10390626126019653,103.90626126019653,-0.10390626126019653,-103.90626126019653,False,91.17541830901773,4318.604451628888,4409.7798699379055,budget_long_PI_RBF_alpha1em08_target0750_seed2027,BO,0.75,182,bo,rbf,pi,2027,200,20,0.44894369994290173,0.6263894999865443,0.022929999977350235,1.0984548998530954,0.9992014745761693,5000,4000,1000,44.76430274802143,77.27503992787032,4.22634859674087,False,budget_sweep,RBF,PI,1e-08,1e-08,200
4911.183967482371,0.12346006878927572,0.25665941199035813,1.8741487323800796,0.09537670174757563,0.357484637704757,0.974623990709249,0.0670287679693592,0.4475983199724519,0.2913829107933599,0.17922339158585443,0.14969275409514116,0.5736512494754797,0.17634875052452026,176.34875052452026,0.17634875052452026,176.34875052452026,0.4690962013123863,0.0,0.0,0.030903798687613726,30.903798687613726,True,310.98881811559477,0.0,310.98881811559477,budget_long_PI_RBF_alpha1em08_target0750_seed2027,BO,0.75,183,bo,rbf,pi,2027,200,20,0.4763821999076754,0.8044306000228971,0.017159299924969673,1.2981480997987092,0.7269031889611152,5000,4000,1000,44.76430274802143,77.27503992787032,4.22634859674087,False,budget_sweep,RBF,PI,1e-08,1e-08,200
3719.7682532852546,0.10508138364864827,0.39326724345539554,1.0021184497982003,0.10298453838129489,0.3846687762470013,0.6342195009386442,0.014518238996137911,0.8379064098725586,0.0007061499327334353,0.43281794604316304,0.6933755249400255,0.6470095862334233,0.1029904137665767,102.9904137665767,0.1029904137665767,102.9904137665767,0.5028072832607461,0.002807283260746085,2.807283260746085,-0.002807283260746085,-2.807283260746085,False,106.0702532781067,3.152335722426069,109.22258900053278,budget_long_PI_RBF_alpha1em08_target0750_seed2027,BO,0.75,184,bo,rbf,pi,2027,200,20,0.3930433001369238,0.77717290003784,0.01703659980557859,1.1874287000391632,0.6443205745973674,5000,4000,1000,44.76430274802143,77.27503992787032,4.22634859674087,False,budget_sweep,RBF,PI,1e-08,1e-08,200
3794.379447863036,0.2622992981579866,0.18823187925063595,1.7163252244478717,0.11595984772914526,0.3759047531476882,0.6555369851037246,0.46371228045139024,0.2520910835732456,0.23877507481595728,0.8653282576381754,0.5180950629537636,0.6424644804613319,0.10753551953866813,107.53551953866814,0.10753551953866813,107.53551953866814,0.5058611762298614,0.005861176229861376,5.861176229861376,-0.005861176229861376,-5.861176229861376,False,115.63887962451275,13.741354718996803,129.38023434350956,budget_long_PI_RBF_alpha1em08_target0750_seed2027,BO,0.75,185,bo,rbf,pi,2027,200,20,0.41009730007499456,0.7845505001023412,0.017191600054502487,1.212023900123313,0.5861330182443769,5000,4000,1000,44.76430274802143,77.27503992787032,4.22634859674087,False,budget_sweep,RBF,PI,1e-08,1e-08,200
1932.2553100683654,0.4397020930949017,0.22915740203089774,3.7895921872987977,0.11837374083739678,0.3577753604012754,0.1235015171623901,0.9705774088425764,0.3690211486597078,0.9298640624329325,0.9457913612465596,0.155507208025508,0.5960440431618551,0.1539559568381449,153.95595683814489,0.1539559568381449,153.95595683814489,0.48962728547893336,0.0,0.0,0.01037271452106664,10.372714521066639,True,237.02436645948734,0.0,237.02436645948734,budget_long_PI_RBF_alpha1em08_target0750_seed2027,BO,0.75,186,bo,rbf,pi,2027,200,20,0.34344319999217987,0.8614767999388278,0.017892900155857205,1.2229933999478817,0.579457707183273,5000,4000,1000,44.76430274802143,77.27503992787032,4.22634859674087,False,budget_sweep,RBF,PI,1e-08,1e-08,200
2273.5353161110365,0.2205203544903156,0.23321074075395098,2.604789855958331,0.09091750585646413,0.35010973914943627,0.221010090317439,0.34434386997233024,0.38060211643985997,0.5349299519861104,0.030583528548804417,0.002194782988725885,0.5605891730842598,0.18941082691574018,189.4108269157402,0.18941082691574018,189.4108269157402,0.5073214104909488,0.00732141049094881,7.32141049094881,-0.00732141049094881,-7.32141049094881,False,358.7646135290448,21.441220630790117,380.2058341598349,budget_long_PI_RBF_alpha1em08_target0750_seed2027,BO,0.75,187,bo,rbf,pi,2027,200,20,0.4147258000448346,0.803551800083369,0.018387299962341785,1.2368492998648435,0.6164330340107972,5000,4000,1000,44.76430274802143,77.27503992787032,4.22634859674087,False,budget_sweep,RBF,PI,1e-08,1e-08,200
4667.513956259509,0.2638917493174185,0.11642978497537812,1.4380072617031794,0.1157785278570182,0.3763986855934842,0.9050039875027169,0.46826214090691,0.0469422427867946,0.1460024205677265,0.859284261900607,0.5279737118696839,0.6423714974545512,0.10762850254544876,107.62850254544875,0.10762850254544876,107.62850254544875,0.5026929258357076,0.0026929258357075714,2.6929258357075714,-0.0026929258357075714,-2.6929258357075714,False,115.8389456017567,2.9007398226485286,118.73968542440524,budget_long_PI_RBF_alpha1em08_target0750_seed2027,BO,0.75,188,bo,rbf,pi,2027,200,20,0.4639888999518007,0.46206820011138916,0.03133200015872717,0.9575803999323398,0.8923005828477168,5000,4000,1000,44.76430274802143,77.27503992787032,4.22634859674087,False,budget_sweep,RBF,PI,1e-08,1e-08,200
1566.4589377421528,0.27037858283172644,0.3489429910021253,3.1288640226643807,0.10494671523256364,0.3534840441430495,0.01898826792632935,0.48679595094778993,0.7112656885775008,0.7096213408881269,0.49822384108545503,0.06968088286099083,0.5962391296015555,0.15376087039844455,153.76087039844455,0.15376087039844455,153.76087039844455,0.50504953653325,0.005049536533250021,5.049536533250021,-0.005049536533250021,-5.049536533250021,False,236.42405265687262,10.199127680250655,246.62318033712327,budget_long_PI_RBF_alpha1em08_target0750_seed2027,BO,0.75,189,bo,rbf,pi,2027,200,20,0.36709569999948144,0.730327800149098,0.019126500003039837,1.1167260999791324,0.730478043951702,5000,4000,1000,44.76430274802143,77.27503992787032,4.22634859674087,False,budget_sweep,RBF,PI,1e-08,1e-08,200
2143.3368709138012,0.1,0.4225965627820837,1.6298461723944682,0.11611811553458991,0.35,0.18381053454680038,0.0,0.9217044650916677,0.20994872413148943,0.8706038511529972,0.0,0.6551528749326315,0.09484712506736848,94.84712506736848,0.09484712506736848,94.84712506736848,0.5013491980339093,0.0013491980339093157,1.3491980339093157,-0.0013491980339093157,-1.3491980339093157,False,89.95977133545038,0.7281341338819052,90.68790546933229,budget_long_PI_RBF_alpha1em08_target0750_seed2027,BO,0.75,190,bo,rbf,pi,2027,200,20,0.4072041001636535,0.6085350001230836,0.022981199901551008,1.0389160998165607,0.994657526739856,5000,4000,1000,44.76430274802143,77.27503992787032,4.22634859674087,False,budget_sweep,RBF,PI,1e-08,1e-08,200
2109.138434450072,0.10237467742943519,0.2843424270722825,2.5558880349217272,0.11489654465092373,0.3892478560679934,0.17403955270002058,0.006784792655529115,0.52669264877795,0.518629344973909,0.8298848216974578,0.7849571213598676,0.6690107708850466,0.08098922911495343,80.98922911495343,0.08098922911495343,80.98922911495343,0.7031264335770876,0.2031264335770876,203.1264335770876,-0.2031264335770876,-203.1264335770876,False,65.5925523263442,16504.13920709879,16569.731759425133,budget_long_PI_RBF_alpha1em08_target0750_seed2027,BO,0.75,191,bo,rbf,pi,2027,200,20,0.3880737000145018,0.6933806999586523,0.024226099951192737,1.1058587001170963,0.9946203036295587,5000,4000,1000,44.76430274802143,77.27503992787032,4.22634859674087,False,budget_sweep,RBF,PI,1e-08,1e-08,200
4637.431233702259,0.11542723049232159,0.4291877077444639,1.9801420356787869,0.10420187760581893,0.372176597260389,0.8964089239149312,0.04407780140663309,0.9405363078413254,0.3267140118929289,0.4733959201939646,0.4435319452077796,0.6118116128835185,0.13818838711648151,138.18838711648152,0.13818838711648151,138.18838711648152,0.4992091061530653,0.0,0.0,0.0007908938469347038,0.7908938469347038,True,190.96030333854554,0.0,190.96030333854554,budget_long_PI_RBF_alpha1em08_target0750_seed2027,BO,0.75,192,bo,rbf,pi,2027,200,20,0.4559394000098109,0.7701262999325991,0.019267400028184056,1.2455118999350816,0.9940805025030419,5000,4000,1000,44.76430274802143,77.27503992787032,4.22634859674087,False,budget_sweep,RBF,PI,1e-08,1e-08,200
2271.539030443789,0.1558936768324893,0.1061238813047397,1.9728682226101673,0.09477667391749102,0.3637688296968373,0.22043972298393977,0.159696219521398,0.017496803727827692,0.3242894075367224,0.15922246391636763,0.2753765939367464,0.5937910396177528,0.1562089603822472,156.2089603822472,0.1562089603822472,156.2089603822472,0.5043586260666094,0.004358626066609417,4.358626066609417,-0.004358626066609417,-4.358626066609417,False,244.01239303702468,7.5990484754108305,251.6114415124355,budget_long_PI_RBF_alpha1em08_target0750_seed2027,BO,0.75,193,bo,rbf,pi,2027,200,20,0.36836960003711283,0.8716462999582291,0.01818230003118515,1.258380299899727,0.9728926584119951,5000,4000,1000,44.76430274802143,77.27503992787032,4.22634859674087,False,budget_sweep,RBF,PI,1e-08,1e-08,200
2210.7807915859075,0.1,0.41941777368689814,1.0,0.12,0.35,0.20308022616740215,0.0,0.9126222105339947,0.0,1.0,0.0,0.6819950313392529,0.06800496866074712,68.00496866074712,0.06800496866074712,68.00496866074712,0.5015196257772431,0.0015196257772430721,1.5196257772430721,-0.0015196257772430721,-1.5196257772430721,False,46.24675762549198,0.9237050011446445,47.17046262663663,budget_long_PI_RBF_alpha1em08_target0750_seed2027,BO,0.75,194,bo,rbf,pi,2027,200,20,0.3276821000035852,0.5599318000022322,0.02353979996405542,0.9113384000957012,0.9999840119951946,5000,4000,1000,44.76430274802143,77.27503992787032,4.22634859674087,False,budget_sweep,RBF,PI,1e-08,1e-08,200
2454.4382052493547,0.17740120593780556,0.16567137757709222,2.1521489311985165,0.09525479565511018,0.3723974034185757,0.27269663007124423,0.22114630267944446,0.18763250736312065,0.3840496437328388,0.17515985517033927,0.44794806837151435,0.5977862339330502,0.1522137660669498,152.2137660669498,0.1522137660669498,152.2137660669498,0.5186618267588589,0.018661826758858857,18.661826758858858,-0.018661826758858857,-18.661826758858858,False,231.69030580284118,139.30551119106417,370.99581699390535,budget_long_PI_RBF_alpha1em08_target0750_seed2027,BO,0.75,195,bo,rbf,pi,2027,200,20,0.3877900999505073,0.9770800999831408,0.01862110011279583,1.3836753000505269,0.8051127212400233,5000,4000,1000,44.76430274802143,77.27503992787032,4.22634859674087,False,budget_sweep,RBF,PI,1e-08,1e-08,200
4064.7512720252557,0.1367496059959437,0.20234084359565094,2.040790932829718,0.09904784465184038,0.3709072886269459,0.7327860777215016,0.10499887427412491,0.2924024102732884,0.34693031094323923,0.3015948217280131,0.4181457725389177,0.5961388621801387,0.15386113781986133,153.8611378198613,0.15386113781986133,153.8611378198613,0.49677619277719814,0.0,0.0,0.0032238072228018555,3.2238072228018555,True,236.73249731222361,0.0,236.73249731222361,budget_long_PI_RBF_alpha1em08_target0750_seed2027,BO,0.75,196,bo,rbf,pi,2027,200,20,0.43507120013237,0.8353111001197249,0.018741300096735358,1.2893083000089973,0.694528461307856,5000,4000,1000,44.76430274802143,77.27503992787032,4.22634859674087,False,budget_sweep,RBF,PI,1e-08,1e-08,200
1642.9755909819976,0.22721776260071413,0.1429490363122767,2.3809570374784434,0.10329199572495619,0.3502485996954507,0.040850168851999324,0.36347932171632613,0.12271153232079057,0.4603190124928145,0.44306652416520653,0.0049719939090138165,0.6016780778915561,0.14832192210844386,148.32192210844386,0.14832192210844386,148.32192210844386,0.5237981392716344,0.023798139271634433,23.798139271634433,-0.023798139271634433,-23.798139271634433,False,219.99392577943289,226.54057311684363,446.53449889627655,budget_long_PI_RBF_alpha1em08_target0750_seed2027,BO,0.75,197,bo,rbf,pi,2027,200,20,0.33563260012306273,0.7721231000032276,0.018665200099349022,1.1266068001277745,0.7532781153046464,5000,4000,1000,44.76430274802143,77.27503992787032,4.22634859674087,False,budget_sweep,RBF,PI,1e-08,1e-08,200
2301.32906260575,0.3202195382501294,0.1336415225733532,3.883377245295328,0.10727418523290339,0.3584138898851426,0.22895116074450006,0.6291986807146555,0.09611863592386627,0.961125748431776,0.5758061744301127,0.1682777977028529,0.5812621741231813,0.16873782587681874,168.73782587681873,0.16873782587681874,168.73782587681873,0.49751997663631375,0.0,0.0,0.0024800233636862457,2.4800233636862457,True,284.72453881635596,0.0,284.72453881635596,budget_long_PI_RBF_alpha1em08_target0750_seed2027,BO,0.75,198,bo,rbf,pi,2027,200,20,0.44321030005812645,1.2825260001700372,0.01929800002835691,1.7452233999501914,0.7996725282658448,5000,4000,1000,44.76430274802143,77.27503992787032,4.22634859674087,False,budget_sweep,RBF,PI,1e-08,1e-08,200
2188.6875506617635,0.1,0.44999999999999996,1.7013569235601724,0.12,0.35980537703077337,0.19676787161764664,0.0,1.0,0.23378564118672418,1.0,0.1961075406154678,0.6728376525312518,0.07716234746874817,77.16234746874817,0.07716234746874817,77.16234746874817,0.5213573088051545,0.021357308805154518,21.357308805154517,-0.021357308805154518,-21.357308805154517,False,59.54027866887827,182.45385575949228,241.99413442837056,budget_long_PI_RBF_alpha1em08_target0750_seed2027,BO,0.75,199,bo,rbf,pi,2027,200,20,0.357583099976182,0.8619514999445528,0.019684300059452653,1.2394024999812245,0.764327849422952,5000,4000,1000,44.76430274802143,77.27503992787032,4.22634859674087,False,budget_sweep,RBF,PI,1e-08,1e-08,200
2502.6879026610804,0.14309348992501325,0.1586962893275526,1.9194734220453586,0.09798113679212092,0.374014257216435,0.28648225790316584,0.12312425692860929,0.16770368379300737,0.3064911406817862,0.26603789307069725,0.4802851443286996,0.611796375622815,0.13820362437718503,138.20362437718504,0.13820362437718503,138.20362437718504,0.5116020532674923,0.011602053267492307,11.602053267492307,-0.011602053267492307,-11.602053267492307,False,191.00241790990052,53.84305600869156,244.84547391859206,budget_long_PI_RBF_alpha1em08_target0750_seed2027,BO,0.75,200,bo,rbf,pi,2027,200,20,0.3711343000177294,0.8927544001489878,0.019654600182548165,1.283731299918145,0.8692525243996104,5000,4000,1000,44.76430274802143,77.27503992787032,4.22634859674087,False,budget_sweep,RBF,PI,1e-08,1e-08,200
