run_label,target,start_id,start_type,objective_value,tracking_cost,constraint_cost,peak_y_pred,max_abs_xr_pred,target_error_pred_m,target_error_pred_mm,predicted_safety_violation_m,predicted_safety_violation_mm,predicted_violation_m,u_min,u_max,n_params_near_lower_bound,n_params_near_upper_bound,n_params_near_any_bound,learning_rate,adam_steps,n_random_starts,optimization_time_s_all_starts,Kr,u_Kr,hr,u_hr,f0,u_f0,f1,u_f1,A,u_A,x_r_start,u_x_r_start
main,0.55,0,random,3.1238603591918945,3.1238603591918945,0.0,0.567674458026886,0.4761536717414856,0.01767444610595703,17.67444610595703,0.0,0.0,0.0,0.03636939451098442,0.6871442794799805,0,0,0,0.03,800,200,1.5329952239990234,2668.54833984375,0.33387091755867004,0.34050050377845764,0.6871442794799805,0.11272928863763809,0.03636939451098442,2.3177874088287354,0.4392624795436859,0.0944807231426239,0.14935734868049622,0.3591602146625519,0.18320441246032715
main,0.55,1,random,0.44202297925949097,0.44202297925949097,0.0,0.5566484928131104,0.48821452260017395,0.0066484808921813965,6.6484808921813965,0.0,0.0,0.0,0.08396842330694199,0.9422542452812195,0,0,0,0.03,800,200,1.5329952239990234,4797.8896484375,0.9422542452812195,0.27938470244407654,0.5125277042388916,0.2006615698337555,0.28760451078414917,2.8964457511901855,0.6321485638618469,0.09251905232667923,0.08396842330694199,0.3638221323490143,0.27644267678260803
main,0.55,2,random,1.7745492458343506,1.7745492458343506,0.0,0.5633212327957153,0.4897882342338562,0.013321220874786377,13.321220397949219,0.0,0.0,0.0,0.011259626597166061,0.9755542874336243,1,0,1,0.03,800,200,1.5329952239990234,1787.536865234375,0.08215340971946716,0.3043934404850006,0.5839812755584717,0.34567275643348694,0.7019221782684326,3.9266629219055176,0.9755542874336243,0.10177096724510193,0.39236554503440857,0.3505629897117615,0.011259626597166061
main,0.55,3,random,2.3833982944488525,2.3833982944488525,0.0,0.5654382705688477,0.48554322123527527,0.015438258647918701,15.43825912475586,0.0,0.0,0.0,0.1309610903263092,0.9128860831260681,0,0,0,0.03,800,200,1.5329952239990234,2714.9130859375,0.34711799025535583,0.3167213797569275,0.6192039847373962,0.4195101261138916,0.9128860831260681,3.309969425201416,0.7699897885322571,0.09669578075408936,0.2231927216053009,0.3565480411052704,0.1309610903263092
main,0.55,4,random,0.19640181958675385,0.19640181958675385,0.0,0.5544317364692688,0.4727539122104645,0.004431724548339844,4.431724548339844,0.0,0.0,0.0,0.03794689103960991,0.9679867625236511,0,0,0,0.03,800,200,1.5329952239990234,2219.97119140625,0.20570607483386993,0.36349284648895264,0.7528367638587952,0.2935982048511505,0.5531377196311951,3.9039602279663086,0.9679867625236511,0.09113840758800507,0.03794689103960991,0.3631247580051422,0.2624951899051666
main,0.55,5,random,0.2568889558315277,0.2568889558315277,0.0,0.5550684332847595,0.4806668162345886,0.005068421363830566,5.068421363830566,0.0,0.0,0.0,0.18602238595485687,0.9137402772903442,0,0,0,0.03,800,200,1.5329952239990234,4698.0908203125,0.9137402772903442,0.3984380066394806,0.8526800274848938,0.1651078462600708,0.18602238595485687,3.63108229637146,0.8770274519920349,0.09565043449401855,0.188347727060318,0.3707692623138428,0.4153854548931122
main,0.55,6,random,0.0,0.0,0.0,0.550000011920929,0.46471428871154785,0.0,0.0,0.0,0.0,0.0,0.048491161316633224,0.9546585083007812,0,0,0,0.03,800,200,1.5329952239990234,3920.0439453125,0.6914411187171936,0.43413046002388,0.9546585083007812,0.11697190999984741,0.048491161316633224,3.092287302017212,0.6974291205406189,0.0956389456987381,0.18796490132808685,0.3603171706199646,0.20634353160858154
main,0.55,7,random,19.35373306274414,19.35373306274414,0.0,0.5939928889274597,0.48390379548072815,0.04399287700653076,43.99287796020508,0.0,0.0,0.0,0.03093949519097805,0.8753600120544434,0,0,0,0.03,800,200,1.5329952239990234,3082.01806640625,0.45200514793395996,0.2914363443851471,0.5469609498977661,0.4063760042190552,0.8753600120544434,1.9975175857543945,0.33250585198402405,0.09092818945646286,0.03093949519097805,0.37550103664398193,0.5100204348564148
main,0.55,8,random,4.254814147949219,4.254814147949219,0.0,0.5706272125244141,0.47736087441444397,0.020627200603485107,20.627201080322266,0.0,0.0,0.0,0.05624067410826683,0.7695710062980652,0,0,0,0.03,800,200,1.5329952239990234,4193.49853515625,0.7695710062980652,0.2856673300266266,0.5304781198501587,0.16409409046173096,0.18312597274780273,2.5149824619293213,0.5049941539764404,0.09942217171192169,0.31407222151756287,0.3528120219707489,0.05624067410826683
main,0.55,9,random,7.81991720199585,7.81991720199585,0.0,0.5779641270637512,0.4785704016685486,0.027964115142822266,27.964115142822266,0.0,0.0,0.0,0.15768536925315857,0.9885009527206421,0,1,1,0.03,800,200,1.5329952239990234,2051.89892578125,0.15768536925315857,0.43983906507492065,0.9709687829017639,0.44597533345222473,0.9885009527206421,3.132253646850586,0.7107512354850769,0.09897403419017792,0.29913440346717834,0.36655786633491516,0.33115750551223755
main,0.55,10,random,19.064077377319336,19.064077377319336,0.0,0.593662440776825,0.4801813066005707,0.043662428855895996,43.66242980957031,0.0,0.0,0.0,0.07245095074176788,0.3695138692855835,0,0,0,0.03,800,200,1.5329952239990234,2467.864013671875,0.2765325903892517,0.12535783648490906,0.07245095074176788,0.22932985424995422,0.3695138692855835,1.7420860528945923,0.24736201763153076,0.0935208722949028,0.11736235022544861,0.3577401041984558,0.15480206906795502
main,0.55,11,random,0.012428799644112587,0.012428799644112587,0.0,0.5511148571968079,0.4752102494239807,0.0011148452758789062,1.1148452758789062,0.0,0.0,0.0,0.16808976233005524,0.7953286170959473,0,0,0,0.03,800,200,1.5329952239990234,4283.0927734375,0.7951694130897522,0.37836501002311707,0.7953286170959473,0.1588314175605774,0.16808976233005524,3.363840103149414,0.7879467010498047,0.09856998920440674,0.2856661379337311,0.3585103154182434,0.17020642757415771
main,0.55,12,random,16.532814025878906,16.532814025878906,0.0,0.590660572052002,0.47316426038742065,0.040660560131073,40.660560607910156,0.0,0.0,0.0,0.24359729886054993,0.8131529688835144,0,0,0,0.03,800,200,1.5329952239990234,4346.03515625,0.8131529688835144,0.34306448698043823,0.6944699883460999,0.26374003291130066,0.4678286910057068,1.7487030029296875,0.2495676577091217,0.09730792045593262,0.24359729886054993,0.36654719710350037,0.3309437334537506
main,0.55,13,random,0.6563660502433777,0.6563660502433777,0.0,0.5581016540527344,0.4878009557723999,0.00810164213180542,8.101642608642578,0.0,0.0,0.0,0.13237248361110687,0.8934852480888367,0,0,0,0.03,800,200,1.5329952239990234,2336.514404296875,0.23900413513183594,0.30342361330986023,0.5812103152275085,0.39616668224334717,0.8461905717849731,3.6804556846618652,0.8934852480888367,0.09397117793560028,0.13237248361110687,0.35776594281196594,0.15531881153583527
main,0.55,14,random,0.0,0.0,0.0,0.550000011920929,0.4794720411300659,0.0,0.0,0.0,0.0,0.0,0.014227218925952911,0.9095293879508972,1,0,1,0.03,800,200,1.5329952239990234,3357.572509765625,0.5307350158691406,0.3144882321357727,0.6128235459327698,0.41833528876304626,0.9095293879508972,3.593149185180664,0.8643831014633179,0.09484793990850449,0.16159795224666595,0.3507113456726074,0.014227218925952911
main,0.55,15,random,17.08379364013672,17.08379364013672,0.0,0.5913325548171997,0.47239696979522705,0.04133254289627075,41.332542419433594,0.0,0.0,0.0,0.03430657461285591,0.7293515205383301,0,0,0,0.03,800,200,1.5329952239990234,2661.97412109375,0.33199262619018555,0.3552730083465576,0.7293515205383301,0.11200730502605438,0.03430657461285591,1.5450153350830078,0.18167178332805634,0.09621261060237885,0.207086980342865,0.3637353181838989,0.2747066020965576
main,0.55,16,random,16.58991050720215,16.58991050720215,0.0,0.5907307267189026,0.48976874351501465,0.04073071479797363,40.730712890625,0.0,0.0,0.0,0.09374774247407913,0.28222766518592834,0,0,0,0.03,800,200,1.5329952239990234,2351.426513671875,0.24326470494270325,0.13580802083015442,0.10230865329504013,0.13281171023845673,0.09374774247407913,1.8466830253601074,0.28222766518592834,0.09286673367023468,0.09555772691965103,0.3635673224925995,0.2713462710380554
main,0.55,17,random,17.959308624267578,17.959308624267578,0.0,0.5923784375190735,0.48653605580329895,0.04237842559814453,42.37842559814453,0.0,0.0,0.0,0.07021330296993256,0.45448559522628784,0,0,0,0.03,800,200,1.5329952239990234,3090.69970703125,0.45448559522628784,0.22905230522155762,0.3687208592891693,0.1282108724117279,0.08060246706008911,2.119701862335205,0.37323397397994995,0.10169201344251633,0.3897337317466736,0.35351064801216125,0.07021330296993256
main,0.55,18,random,0.0,0.0,0.0,0.550000011920929,0.45630723237991333,0.0,0.0,0.0,0.0,0.0,0.02077900990843773,0.978538453578949,0,0,0,0.03,800,200,1.5329952239990234,4006.517333984375,0.7161478400230408,0.4424884617328644,0.978538453578949,0.23914098739624023,0.3975456953048706,3.0397567749023438,0.6799189448356628,0.09702201187610626,0.2340669333934784,0.35103893280029297,0.02077900990843773
main,0.55,19,random,17.931434631347656,17.931434631347656,0.0,0.5923455357551575,0.4863665699958801,0.042345523834228516,42.345523834228516,0.0,0.0,0.0,0.06472153216600418,0.881178081035614,0,0,0,0.03,800,200,1.5329952239990234,4584.123046875,0.881178081035614,0.3880889415740967,0.8231112957000732,0.12265253812074661,0.06472153216600418,2.0781753063201904,0.3593917787075043,0.09711556881666183,0.2371855080127716,0.3805357813835144,0.610715389251709
main,0.55,20,random,0.0,0.0,0.0,0.550000011920929,0.460929811000824,0.0,0.0,0.0,0.0,0.0,0.09636549651622772,0.9631702303886414,0,0,0,0.03,800,200,1.5329952239990234,4618.0107421875,0.8908601999282837,0.4371095597743988,0.9631702303886414,0.22912722826004028,0.36893489956855774,2.9405899047851562,0.6468633413314819,0.09289097040891647,0.09636549651622772,0.36035454273223877,0.20709073543548584
main,0.55,21,random,8.794248580932617,8.794248580932617,0.0,0.579655110836029,0.47918280959129333,0.029655098915100098,29.65509796142578,0.0,0.0,0.0,0.028299745172262192,0.9562706351280212,0,0,0,0.03,800,200,1.5329952239990234,4747.0595703125,0.9277312159538269,0.3825731575489044,0.8073519468307495,0.43469470739364624,0.9562706351280212,2.230482578277588,0.4101608097553253,0.09084899723529816,0.028299745172262192,0.3798002004623413,0.5960042476654053
main,0.55,22,random,5.327767848968506,5.327767848968506,0.0,0.5730819702148438,0.4773387610912323,0.023081958293914795,23.081958770751953,0.0,0.0,0.0,0.043717846274375916,0.8284211754798889,0,0,0,0.03,800,200,1.5329952239990234,4399.47412109375,0.8284211754798889,0.3285057842731476,0.652873694896698,0.11530125141143799,0.043717846274375916,2.4240360260009766,0.4746786653995514,0.09745658189058304,0.2485526204109192,0.36194077134132385,0.2388155460357666
main,0.55,23,random,0.0,0.0,0.0,0.550000011920929,0.4773061275482178,0.0,0.0,0.0,0.0,0.0,0.04802343621850014,0.9781458377838135,0,0,0,0.03,800,200,1.5329952239990234,2331.554931640625,0.23758713901042938,0.3240719139575958,0.6402055025100708,0.43160828948020935,0.9474523067474365,3.9344375133514404,0.9781458377838135,0.09457027167081833,0.15234220027923584,0.35240116715431213,0.04802343621850014
main,0.55,24,random,7.2518181800842285,7.2518181800842285,0.0,0.5769292116165161,0.4823300838470459,0.026929199695587158,26.92919921875,0.0,0.0,0.0,0.16362322866916656,0.9757016897201538,0,0,0,0.03,800,200,1.5329952239990234,4099.40234375,0.7426864504814148,0.4414955675601959,0.9757016897201538,0.15726813673973083,0.16362322866916656,3.763246536254883,0.9210821390151978,0.10598987340927124,0.5329957008361816,0.36947259306907654,0.38945168256759644
main,0.55,25,random,0.0,0.0,0.0,0.550000011920929,0.4591066837310791,0.0,0.0,0.0,0.0,0.0,0.013046804815530777,0.9225863218307495,1,0,1,0.03,800,200,1.5329952239990234,4212.51171875,0.7750033736228943,0.42290520668029785,0.9225863218307495,0.26086682081222534,0.45961952209472656,3.0809266567230225,0.6936421990394592,0.09763742238283157,0.25458067655563354,0.3506523370742798,0.013046804815530777
main,0.55,26,random,1.1203486919403076,1.1203486919403076,0.0,0.5605846643447876,0.48990729451179504,0.010584652423858643,10.584651947021484,0.0,0.0,0.0,0.015035402961075306,0.8997060060501099,1,0,1,0.03,800,200,1.5329952239990234,1552.6239013671875,0.015035402961075306,0.295354425907135,0.5581555366516113,0.30609628558158875,0.5888465642929077,3.699118137359619,0.8997060060501099,0.09343421459197998,0.11447364091873169,0.3603678047657013,0.20735590159893036
main,0.55,27,random,0.1716049462556839,0.1716049462556839,0.0,0.5541425347328186,0.47296783328056335,0.0041425228118896484,4.142522811889648,0.0,0.0,0.0,0.03237314149737358,0.975328803062439,0,0,0,0.03,800,200,1.5329952239990234,3281.1875,0.5089107155799866,0.4413650631904602,0.975328803062439,0.11133059859275818,0.03237314149737358,3.877929210662842,0.9593096971511841,0.0909733921289444,0.032446254044771194,0.3760363757610321,0.5207273364067078
main,0.55,28,random,0.23549394309520721,0.23549394309520721,0.0,0.5548527836799622,0.4817110300064087,0.004852771759033203,4.852771759033203,0.0,0.0,0.0,0.15905779600143433,0.9271098971366882,0,0,0,0.03,800,200,1.5329952239990234,4568.2275390625,0.8766364455223083,0.3616768419742584,0.7476481199264526,0.2987429201602936,0.5678368806838989,3.78132963180542,0.9271098971366882,0.10085514187812805,0.36183807253837585,0.35795289278030396,0.15905779600143433
main,0.55,29,random,18.467491149902344,18.467491149902344,0.0,0.5929738283157349,0.4898827075958252,0.04297381639480591,42.97381591796875,0.0,0.0,0.0,0.21060138940811157,0.8573340177536011,0,0,0,0.03,800,200,1.5329952239990234,4500.6689453125,0.8573340177536011,0.17371049523353577,0.21060138940811157,0.26858454942703247,0.48167017102241516,2.1449952125549316,0.38166502118110657,0.0995526909828186,0.3184230327606201,0.3641869127750397,0.2837381660938263
main,0.55,30,random,0.0,0.0,0.0,0.550000011920929,0.46235302090644836,0.0,0.0,0.0,0.0,0.0,0.05701965093612671,0.9735784530639648,0,0,0,0.03,800,200,1.5329952239990234,4608.04833984375,0.8880137801170349,0.44075244665145874,0.9735784530639648,0.22997301816940308,0.3713515102863312,3.4636058807373047,0.8212019801139832,0.10016457736492157,0.3388192057609558,0.3528509736061096,0.05701965093612671
main,0.55,31,random,14.038298606872559,14.038298606872559,0.0,0.5874677300453186,0.4836963415145874,0.03746771812438965,37.46772003173828,0.0,0.0,0.0,0.30618879199028015,0.8987269997596741,0,0,0,0.03,800,200,1.5329952239990234,3107.63525390625,0.45932433009147644,0.3998689651489258,0.8567684888839722,0.327109694480896,0.6488848328590393,3.696181058883667,0.8987269997596741,0.10577495396137238,0.5258318185806274,0.3653094470500946,0.30618879199028015
main,0.55,32,random,0.09396404772996902,0.09396356344223022,4.835637810174376e-07,0.5469346642494202,0.4900002181529999,0.003065347671508789,3.065347671508789,2.086162567138672e-07,0.0002086162567138672,2.086162567138672e-07,0.029284872114658356,0.9757123589515686,0,0,0,0.03,800,200,1.5329952239990234,1754.8231201171875,0.07280661165714264,0.2616192102432251,0.4617691934108734,0.3998333811759949,0.8566668629646301,3.9271371364593506,0.9757123589515686,0.09126059710979462,0.04201989993453026,0.35146424174308777,0.029284872114658356
main,0.55,33,random,0.7798383235931396,0.7798383235931396,0.0,0.5588308572769165,0.4849854111671448,0.008830845355987549,8.83084487915039,0.0,0.0,0.0,0.0586819089949131,0.6708048582077026,0,0,0,0.03,800,200,1.5329952239990234,3847.81689453125,0.6708048582077026,0.22250109910964966,0.3500031530857086,0.2241569608449936,0.3547341823577881,2.6202707290649414,0.5400902032852173,0.09176046401262283,0.0586819089949131,0.3541294038295746,0.0825880765914917
main,0.55,34,random,0.9455078840255737,0.9455078840255737,0.0,0.5597237348556519,0.4842572510242462,0.0097237229347229,9.723722457885742,0.0,0.0,0.0,0.05842756852507591,0.8774099946022034,0,0,0,0.03,800,200,1.5329952239990234,4455.9482421875,0.8445565700531006,0.40709349513053894,0.8774099946022034,0.19097526371479034,0.2599293291568756,3.6193907260894775,0.8731302618980408,0.09175282716751099,0.05842756852507591,0.3809715807437897,0.6194314360618591
main,0.55,35,random,0.0,0.0,0.0,0.550000011920929,0.4667181968688965,0.0,0.0,0.0,0.0,0.0,0.04830856993794441,0.9900951385498047,0,2,2,0.03,800,200,1.5329952239990234,2202.697509765625,0.20077070593833923,0.44653329253196716,0.9900951385498047,0.24679306149482727,0.41940876841545105,3.950957775115967,0.9836525917053223,0.09144926071166992,0.04830856993794441,0.3652498722076416,0.30499735474586487
main,0.55,36,random,30.118499755859375,30.118499755859375,0.0,0.6048803329467773,0.4894828796386719,0.05488032102584839,54.88032150268555,0.0,0.0,0.0,0.05619174614548683,0.9385309219360352,0,0,0,0.03,800,200,1.5329952239990234,2744.6220703125,0.3556063175201416,0.11966711282730103,0.05619174614548683,0.42848581075668335,0.9385309219360352,1.7249258756637573,0.24164195358753204,0.09503331780433655,0.16777710616588593,0.36566343903541565,0.313268780708313
main,0.55,37,random,3.7537317276000977,3.7537317276000977,0.0,0.5693745613098145,0.4876081943511963,0.019374549388885498,19.374549865722656,0.0,0.0,0.0,0.05321471393108368,0.7855144739151001,0,0,0,0.03,800,200,1.5329952239990234,2959.70263671875,0.41705793142318726,0.3749300539493561,0.7855144739151001,0.14637891948223114,0.1325111985206604,3.2387237548828125,0.7462412118911743,0.09159644693136215,0.05321471393108368,0.3803133964538574,0.6062678098678589
main,0.55,38,random,0.7076581716537476,0.7076581716537476,0.0,0.5584122538566589,0.48314303159713745,0.00841224193572998,8.41224193572998,0.0,0.0,0.0,0.024507179856300354,0.7734189033508301,0,0,0,0.03,800,200,1.5329952239990234,3307.1015625,0.516314685344696,0.31596139073371887,0.6170325875282288,0.3706966042518616,0.7734189033508301,3.2457919120788574,0.748597264289856,0.09807288646697998,0.2690960168838501,0.351225346326828,0.024507179856300354
main,0.55,39,random,0.0,0.0,0.0,0.550000011920929,0.4744637608528137,0.0,0.0,0.0,0.0,0.0,0.05969195067882538,0.9204805493354797,0,0,0,0.03,800,200,1.5329952239990234,4240.77734375,0.7830791473388672,0.3428211808204651,0.6937748193740845,0.42216819524765015,0.9204805493354797,3.559000253677368,0.8530001044273376,0.09559135138988495,0.18637824058532715,0.35298460721969604,0.05969195067882538
main,0.55,40,random,0.1073811799287796,0.10732113569974899,6.0040860262233764e-05,0.5467240214347839,0.4900023341178894,0.0032759904861450195,3.2759904861450195,2.3245811462402344e-06,0.0023245811462402344,2.3245811462402344e-06,0.010913748294115067,0.9768059253692627,1,0,1,0.03,800,200,1.5329952239990234,1806.86669921875,0.08767621964216232,0.28410202264785767,0.526005744934082,0.10381980985403061,0.010913748294115067,3.930417776107788,0.9768059253692627,0.09212514758110046,0.07083821296691895,0.35767972469329834,0.153594508767128
main,0.55,41,random,1.1791038513183594,1.1791038513183594,0.0,0.5608586668968201,0.4897574782371521,0.010858654975891113,10.858654975891113,0.0,0.0,0.0,0.0401475690305233,0.8237772583961487,0,0,0,0.03,800,200,1.5329952239990234,1651.523193359375,0.0432923398911953,0.285652756690979,0.5304364562034607,0.37274524569511414,0.7792721390724182,3.471331834793091,0.8237772583961487,0.09598198533058167,0.19939936697483063,0.35200735926628113,0.0401475690305233
main,0.55,42,random,33.397098541259766,33.397098541259766,0.0,0.6077902317047119,0.4750509262084961,0.05779021978378296,57.790218353271484,0.0,0.0,0.0,0.022824157029390335,0.5417270660400391,0,0,0,0.03,800,200,1.5329952239990234,3396.044677734375,0.5417270660400391,0.10798845440149307,0.022824157029390335,0.23898357152938843,0.3970958888530731,1.1361122131347656,0.04537072032690048,0.10109718888998032,0.36990615725517273,0.3601242005825043,0.20248425006866455
main,0.55,43,random,9.190704345703125,9.190704345703125,0.0,0.5803161859512329,0.48469382524490356,0.030316174030303955,30.316173553466797,0.0,0.0,0.0,0.043321121484041214,0.8816884756088257,0,0,0,0.03,800,200,1.5329952239990234,4585.90966796875,0.8816884756088257,0.21280789375305176,0.3223082423210144,0.16104468703269958,0.17441341280937195,2.3870866298675537,0.4623622000217438,0.1016281470656395,0.38760480284690857,0.3521660566329956,0.043321121484041214
main,0.55,44,random,1.2088676691055298,1.2088676691055298,0.0,0.5609948635101318,0.47300606966018677,0.01099485158920288,10.994852066040039,0.0,0.0,0.0,0.05946182459592819,0.8101552128791809,0,0,0,0.03,800,200,1.5329952239990234,2284.48095703125,0.22413745522499084,0.3835543096065521,0.8101552128791809,0.12081164121627808,0.05946182459592819,3.118513822555542,0.7061712741851807,0.09377384185791016,0.12579457461833954,0.3627805709838867,0.2556115984916687
main,0.55,45,random,0.0,0.0,0.0,0.550000011920929,0.4586026072502136,0.0,0.0,0.0,0.0,0.0,0.011288696900010109,0.9037351608276367,1,0,1,0.03,800,200,1.5329952239990234,2943.54248046875,0.412440687417984,0.4163073003292084,0.9037351608276367,0.10395104438066483,0.011288696900010109,2.6061811447143555,0.5353937149047852,0.09479229897260666,0.15974323451519012,0.35117268562316895,0.023454077541828156
main,0.55,46,random,0.0,0.0,0.0,0.550000011920929,0.48670509457588196,0.0,0.0,0.0,0.0,0.0,0.02877439744770527,0.884897768497467,0,0,0,0.03,800,200,1.5329952239990234,4123.6953125,0.7496272921562195,0.3192466199398041,0.6264188885688782,0.39025720953941345,0.8293063640594482,3.654693365097046,0.884897768497467,0.09086323529481888,0.02877439744770527,0.36533480882644653,0.30669596791267395
main,0.55,47,random,18.39228630065918,18.385971069335938,0.0063159349374473095,0.5928788781166077,0.4900238513946533,0.04287886619567871,42.878868103027344,2.384185791015625e-05,0.02384185791015625,2.384185791015625e-05,0.09110458195209503,0.9508551955223083,0,0,0,0.03,800,200,1.5329952239990234,4827.9931640625,0.9508551955223083,0.13188660144805908,0.09110458195209503,0.17489522695541382,0.2139863669872284,1.987536907196045,0.32917895913124084,0.09594682604074478,0.1982274204492569,0.37418803572654724,0.48376092314720154
main,0.55,48,random,32.1194953918457,32.1194953918457,0.0,0.606674075126648,0.4852724075317383,0.056674063205718994,56.67406463623047,0.0,0.0,0.0,0.28169000148773193,0.6099571585655212,0,0,0,0.03,800,200,1.5329952239990234,3177.97802734375,0.4794222414493561,0.29457560181617737,0.5559302568435669,0.3134849965572357,0.6099571585655212,2.018488883972168,0.33949631452560425,0.10281822085380554,0.42727404832839966,0.36408448219299316,0.28169000148773193
main,0.55,49,random,0.0,0.0,0.0,0.550000011920929,0.4513762295246124,0.0,0.0,0.0,0.0,0.0,0.009213408455252647,0.9212481379508972,2,0,2,0.03,800,200,1.5329952239990234,4234.1865234375,0.7811961770057678,0.42243683338165283,0.9212481379508972,0.10322469472885132,0.009213408455252647,2.013218879699707,0.33773958683013916,0.0904136374592781,0.013787814415991306,0.35297608375549316,0.059521615505218506
main,0.55,50,random,2.0653700828552246,2.0653700828552246,0.0,0.5643714070320129,0.48450013995170593,0.014371395111083984,14.371395111083984,0.0,0.0,0.0,0.04887111857533455,0.8526408672332764,0,0,0,0.03,800,200,1.5329952239990234,3591.255615234375,0.5975015759468079,0.37281668186187744,0.7794762253761292,0.1171048954129219,0.04887111857533455,3.557922601699829,0.8526408672332764,0.09989750385284424,0.32991674542427063,0.36659565567970276,0.3319129943847656
main,0.55,51,random,1.5072489976882935,1.5072489976882935,0.0,0.5622770190238953,0.46423983573913574,0.012277007102966309,12.277007102966309,0.0,0.0,0.0,0.20008987188339233,0.994482159614563,0,1,1,0.03,800,200,1.5329952239990234,3885.119140625,0.6814626455307007,0.4480687379837036,0.994482159614563,0.441811740398407,0.9766049981117249,3.8289284706115723,0.9429761171340942,0.09600269794464111,0.20008987188339233,0.36085695028305054,0.2171393632888794
main,0.55,52,random,0.0,0.0,0.0,0.550000011920929,0.46638479828834534,0.0,0.0,0.0,0.0,0.0,0.06363800168037415,0.9184007048606873,0,0,0,0.03,800,200,1.5329952239990234,4714.40234375,0.9184007048606873,0.40586259961128235,0.873893141746521,0.12227330356836319,0.06363800168037415,3.016244888305664,0.6720816493034363,0.09635370969772339,0.2117903232574463,0.35782453417778015,0.1564905047416687
main,0.55,53,random,35.624263763427734,35.624263763427734,0.0,0.6096860766410828,0.48718687891960144,0.05968606472015381,59.686065673828125,0.0,0.0,0.0,0.12066464126110077,0.6299131512641907,0,0,0,0.03,800,200,1.5329952239990234,1922.326171875,0.12066464126110077,0.2818877100944519,0.5196791887283325,0.32046958804130554,0.6299131512641907,1.6280524730682373,0.2093508392572403,0.0956420823931694,0.1880694180727005,0.36923593282699585,0.384718656539917
main,0.55,54,random,0.0023580642882734537,0.0023580642882734537,0.0,0.5504856109619141,0.46480676531791687,0.0004855990409851074,0.4855990409851074,0.0,0.0,0.0,0.11773727089166641,0.906186580657959,0,0,0,0.03,800,200,1.5329952239990234,3811.369384765625,0.6603912711143494,0.4126189947128296,0.8931971192359924,0.22511643171310425,0.35747551918029785,3.718559741973877,0.906186580657959,0.09745065867900848,0.2483552247285843,0.355886846780777,0.11773727089166641
main,0.55,55,random,4.032506942749023,4.032506942749023,0.0,0.5700811147689819,0.4889104664325714,0.02008110284805298,20.08110237121582,0.0,0.0,0.0,0.038875799626111984,0.9287816286087036,0,0,0,0.03,800,200,1.5329952239990234,2275.063232421875,0.2214466631412506,0.3202304244041443,0.6292297840118408,0.3810918629169464,0.8031196594238281,3.7863450050354004,0.9287816286087036,0.10324109345674515,0.4413697421550751,0.3519437909126282,0.038875799626111984
main,0.55,56,random,7.885626316070557,7.885626316070557,0.0,0.5780813694000244,0.48786863684654236,0.02808135747909546,28.081357955932617,0.0,0.0,0.0,0.12600396573543549,0.8885712027549744,0,0,0,0.03,800,200,1.5329952239990234,4609.9990234375,0.8885712027549744,0.3444865047931671,0.6985328793525696,0.3958439230918884,0.8452683687210083,2.6742634773254395,0.5580878257751465,0.09378012269735336,0.12600396573543549,0.37591156363487244,0.518231213092804
main,0.55,57,random,38.24163055419922,38.24163055419922,0.0,0.6118398308753967,0.4892781674861908,0.06183981895446777,61.839820861816406,0.0,0.0,0.0,0.13058073818683624,0.9049205183982849,0,0,0,0.03,800,200,1.5329952239990234,2597.481689453125,0.3135662078857422,0.16447713971138,0.18422038853168488,0.4167221784591675,0.9049205183982849,1.8076128959655762,0.2692042887210846,0.10030755400657654,0.34358519315719604,0.35652902722358704,0.13058073818683624
main,0.55,58,random,20.925466537475586,20.925466537475586,0.0,0.5957443714141846,0.48956260085105896,0.045744359493255615,45.74435806274414,0.0,0.0,0.0,0.06737010180950165,0.9338919520378113,0,0,0,0.03,800,200,1.5329952239990234,4366.02197265625,0.8188633918762207,0.14985433220863342,0.14244095981121063,0.4268621802330017,0.9338919520378113,2.1948204040527344,0.39827343821525574,0.10535700619220734,0.5119003057479858,0.35336849093437195,0.06737010180950165
main,0.55,59,random,4.936814308166504,4.936814308166504,0.0,0.5722189545631409,0.48957738280296326,0.022218942642211914,22.218942642211914,0.0,0.0,0.0,0.060615457594394684,0.9795694947242737,0,0,0,0.03,800,200,1.5329952239990234,2001.939208984375,0.14341118931770325,0.3144424557685852,0.6126927733421326,0.4428493082523346,0.9795694947242737,3.5487489700317383,0.8495829701423645,0.10178935527801514,0.39297839999198914,0.3530307710170746,0.060615457594394684
main,0.55,60,random,15.210212707519531,15.210212707519531,0.0,0.5890002846717834,0.48263129591941833,0.03900027275085449,39.000274658203125,0.0,0.0,0.0,0.10891487449407578,0.8182799816131592,0,0,0,0.03,800,200,1.5329952239990234,4013.41357421875,0.7181181311607361,0.38639798760414124,0.8182799816131592,0.14347943663597107,0.12422694265842438,1.842470407485962,0.2808234691619873,0.09326744824647903,0.10891487449407578,0.38078293204307556,0.615658700466156
main,0.55,61,random,2.6086671352386475,2.6086671352386475,0.0,0.5661513805389404,0.4896317720413208,0.016151368618011475,16.151369094848633,0.0,0.0,0.0,0.010729224421083927,0.9837843179702759,1,1,2,0.03,800,200,1.5329952239990234,1588.214111328125,0.025204045698046684,0.30769678950309753,0.5934194326400757,0.36217349767684937,0.7490671277046204,3.951353073120117,0.9837843179702759,0.10312371701002121,0.43745723366737366,0.3505364656448364,0.010729224421083927
main,0.55,62,random,0.7354838252067566,0.7354838252067566,0.0,0.5585760474205017,0.48998990654945374,0.008576035499572754,8.576035499572754,0.0,0.0,0.0,0.03817342221736908,0.9031093716621399,0,0,0,0.03,800,200,1.5329952239990234,1633.60693359375,0.03817342221736908,0.28428569436073303,0.5265305638313293,0.4018208980560303,0.8623454570770264,3.7093281745910645,0.9031093716621399,0.09574674814939499,0.1915580779314041,0.35214900970458984,0.04298059269785881
main,0.55,63,random,0.0,0.0,0.0,0.550000011920929,0.4831349849700928,0.0,0.0,0.0,0.0,0.0,0.056564874947071075,0.8202290534973145,0,0,0,0.03,800,200,1.5329952239990234,3860.422119140625,0.6744062900543213,0.3307684361934662,0.6593384146690369,0.19433480501174927,0.26952800154685974,3.4606871604919434,0.8202290534973145,0.09897654503583908,0.29921814799308777,0.3528282344341278,0.056564874947071075
main,0.55,64,random,0.0,0.0,0.0,0.550000011920929,0.4823701083660126,0.0,0.0,0.0,0.0,0.0,0.051098134368658066,0.9841757416725159,0,1,1,0.03,800,200,1.5329952239990234,3953.212890625,0.7009179592132568,0.35153135657310486,0.7186610102653503,0.13887493312358856,0.11107122153043747,3.9525272846221924,0.9841757416725159,0.10320448875427246,0.44014960527420044,0.35255488753318787,0.051098134368658066
main,0.55,65,random,28.936500549316406,28.936500549316406,0.0,0.603792667388916,0.4829167425632477,0.05379265546798706,53.79265594482422,0.0,0.0,0.0,0.09201162308454514,0.6260066628456116,0,0,0,0.03,800,200,1.5329952239990234,1842.3349609375,0.09780997037887573,0.31910231709480286,0.6260066628456116,0.132204070687294,0.09201162308454514,1.4709296226501465,0.15697656571865082,0.0950431227684021,0.1681039035320282,0.36889970302581787,0.37799397110939026
main,0.55,66,random,14.846981048583984,14.846981048583984,0.0,0.5885317921638489,0.4879179000854492,0.03853178024291992,38.53178024291992,0.0,0.0,0.0,0.009161030873656273,0.722034752368927,1,0,1,0.03,800,200,1.5329952239990234,4027.12158203125,0.722034752368927,0.2365313470363617,0.39008960127830505,0.13336965441703796,0.09534187614917755,2.32845401763916,0.44281795620918274,0.10660803318023682,0.553601086139679,0.3504580557346344,0.009161030873656273
main,0.55,67,random,0.34756866097450256,0.34756866097450256,0.0,0.5558955073356628,0.4899902939796448,0.005895495414733887,5.895495414733887,0.0,0.0,0.0,0.044108420610427856,0.9315988421440125,0,0,0,0.03,800,200,1.5329952239990234,2056.68359375,0.15905241668224335,0.28876033425331116,0.5393152236938477,0.268663227558136,0.48189496994018555,3.7947964668273926,0.9315988421440125,0.09674195200204849,0.2247316837310791,0.35220542550086975,0.044108420610427856
main,0.55,68,random,3.07076096534729,3.07076096534729,0.0,0.5675235986709595,0.4840151071548462,0.017523586750030518,17.52358627319336,0.0,0.0,0.0,0.06652996689081192,0.9480441212654114,0,0,0,0.03,800,200,1.5329952239990234,3766.830810546875,0.6476659178733826,0.4318154454231262,0.9480441212654114,0.14135727286338806,0.11816361546516418,3.752744197845459,0.9175813794136047,0.09199590235948563,0.06652996689081192,0.3849624693393707,0.6992490887641907
main,0.55,69,random,52.19417953491211,52.19417953491211,0.0,0.6222455501556396,0.4859532415866852,0.0722455382347107,72.24553680419922,0.0,0.0,0.0,0.22323201596736908,0.9079042077064514,0,0,0,0.03,800,200,1.5329952239990234,3680.697998046875,0.6230565905570984,0.30473658442497253,0.5849616527557373,0.4177664518356323,0.9079042077064514,1.8986332416534424,0.29954439401626587,0.10994075983762741,0.6646921038627625,0.36116158962249756,0.22323201596736908
main,0.55,70,random,18.244197845458984,18.244197845458984,0.0,0.5927132368087769,0.4848048686981201,0.0427132248878479,42.713226318359375,0.0,0.0,0.0,0.05972219258546829,0.8038358092308044,0,0,0,0.03,800,200,1.5329952239990234,2254.245361328125,0.2154986709356308,0.3813425302505493,0.8038358092308044,0.12090276926755905,0.05972219258546829,2.301400899887085,0.4338003098964691,0.10062123090028763,0.35404089093208313,0.3674904704093933,0.3498096764087677
main,0.55,71,random,0.5486379265785217,0.5486379265785217,0.0,0.557407021522522,0.4774511754512787,0.007407009601593018,7.407009601593018,0.0,0.0,0.0,0.08321142196655273,0.9844028949737549,0,1,1,0.03,800,200,1.5329952239990234,4854.9267578125,0.9585505127906799,0.4152531325817108,0.9007232785224915,0.1291240006685257,0.08321142196655273,3.9532086849212646,0.9844028949737549,0.10538064688444138,0.512688159942627,0.35874125361442566,0.17482542991638184
main,0.55,72,random,2.5067947717616335e-05,2.5067947717616335e-05,0.0,0.5500500798225403,0.48173192143440247,5.0067901611328125e-05,0.050067901611328125,0.0,0.0,0.0,0.15867304801940918,0.8979419469833374,0,0,0,0.03,800,200,1.5329952239990234,4642.796875,0.8979419469833374,0.3504718244075775,0.7156338095664978,0.30580076575279236,0.5880022048950195,3.6751389503479004,0.8917129635810852,0.09845611453056335,0.2818703353404999,0.3579336404800415,0.15867304801940918
main,0.55,73,random,8.891698837280273,8.891698837280273,0.0,0.5798189640045166,0.48711347579956055,0.029818952083587646,29.818952560424805,0.0,0.0,0.0,0.1790013462305069,0.9864733219146729,0,1,1,0.03,800,200,1.5329952239990234,2828.35400390625,0.379529744386673,0.3615212142467499,0.7472034692764282,0.26187556982040405,0.4625016152858734,3.9594199657440186,0.9864733219146729,0.1069389209151268,0.5646307468414307,0.35895007848739624,0.1790013462305069
main,0.55,74,random,0.0,0.0,0.0,0.550000011920929,0.470714271068573,0.0,0.0,0.0,0.0,0.0,0.01802404411137104,0.9683626294136047,1,0,1,0.03,800,200,1.5329952239990234,1563.0841064453125,0.01802404411137104,0.43892690539360046,0.9683626294136047,0.12504547834396362,0.07155849784612656,3.458097219467163,0.8193657398223877,0.09132232517004013,0.04407734051346779,0.3672527074813843,0.34505411982536316
main,0.55,75,random,10.474947929382324,10.474947929382324,0.0,0.5823650360107422,0.4774110019207001,0.03236502408981323,32.36502456665039,0.0,0.0,0.0,0.0963769406080246,0.9677371382713318,0,0,0,0.03,800,200,1.5329952239990234,4747.8310546875,0.9279517531394958,0.43870797753334045,0.9677371382713318,0.4093278646469116,0.8837939500808716,1.7901631593704224,0.2633877098560333,0.09289131313562393,0.0963769406080246,0.3788907527923584,0.5778148770332336
main,0.55,76,random,0.0,0.0,0.0,0.550000011920929,0.46596232056617737,0.0,0.0,0.0,0.0,0.0,0.02755403332412243,0.8873344659805298,0,0,0,0.03,800,200,1.5329952239990234,4605.6708984375,0.8873344659805298,0.3757106363773346,0.7877447009086609,0.10964391380548477,0.02755403332412243,2.968832015991211,0.6562773585319519,0.09705585986375809,0.2351953685283661,0.3532419502735138,0.06483922153711319
main,0.55,77,random,0.11918793618679047,0.11918793618679047,0.0,0.5534523725509644,0.4818992614746094,0.0034523606300354004,3.4523606300354004,0.0,0.0,0.0,0.05678531154990196,0.5566686391830444,0,0,0,0.03,800,200,1.5329952239990234,2663.189697265625,0.33233991265296936,0.29479190707206726,0.5565482974052429,0.21758493781089783,0.33595699071884155,2.6700057983398438,0.5566686391830444,0.09170356392860413,0.05678531154990196,0.35346683859825134,0.0693366751074791
main,0.55,78,random,0.196116641163826,0.196116641163826,0.0,0.5544285178184509,0.471000075340271,0.004428505897521973,4.428505897521973,0.0,0.0,0.0,0.03405066579580307,0.9667518138885498,0,0,0,0.03,800,200,1.5329952239990234,4529.228515625,0.8654937744140625,0.43836313486099243,0.9667518138885498,0.11191773414611816,0.03405066579580307,3.7493491172790527,0.9164497256278992,0.09956760704517365,0.3189202547073364,0.3632633090019226,0.26526597142219543
main,0.55,79,random,7.519045829772949,7.519045829772949,0.0,0.5774208903312683,0.4692402184009552,0.027420878410339355,27.420879364013672,0.0,0.0,0.0,0.0683380514383316,0.9469160437583923,0,0,0,0.03,800,200,1.5329952239990234,3954.43408203125,0.701266884803772,0.43142059445381165,0.9469160437583923,0.2569781243801117,0.44850894808769226,1.6425116062164307,0.21417054533958435,0.09205014258623123,0.0683380514383316,0.3700268864631653,0.4005376696586609
main,0.55,80,random,0.0,0.0,0.0,0.550000011920929,0.48558473587036133,0.0,0.0,0.0,0.0,0.0,0.1751061975955963,0.9461548328399658,0,0,0,0.03,800,200,1.5329952239990234,4811.5419921875,0.9461548328399658,0.34529006481170654,0.7008287906646729,0.30612364411354065,0.5889247059822083,3.628495693206787,0.8761652112007141,0.09525319188833237,0.1751061975955963,0.3643208146095276,0.28641632199287415
main,0.55,81,random,0.0,0.0,0.0,0.550000011920929,0.45238885283470154,0.0,0.0,0.0,0.0,0.0,0.018618542701005936,0.9158394932746887,1,0,1,0.03,800,200,1.5329952239990234,4446.9306640625,0.8419802784919739,0.4205438196659088,0.9158394932746887,0.15004993975162506,0.1429998129606247,2.2235403060913086,0.40784674882888794,0.09055855870246887,0.018618542701005936,0.35389021039009094,0.07780427485704422
main,0.55,82,random,20.644756317138672,20.644756317138672,0.0,0.5954365134239197,0.4876655340194702,0.04543650150299072,45.436500549316406,0.0,0.0,0.0,0.13024784624576569,0.7133067846298218,0,0,0,0.03,800,200,1.5329952239990234,3996.57373046875,0.7133067846298218,0.30207401514053345,0.5773543119430542,0.27273640036582947,0.49353253841400146,2.010188579559326,0.3367295563220978,0.0939074382185936,0.13024784624576569,0.3801204264163971,0.6024085283279419
main,0.55,83,random,1.6659907102584839,1.6659907102584839,0.0,0.562907338142395,0.48824793100357056,0.012907326221466064,12.907325744628906,0.0,0.0,0.0,0.09169026464223862,0.9815504550933838,0,1,1,0.03,800,200,1.5329952239990234,4935.4267578125,0.9815504550933838,0.16354602575302124,0.18156008422374725,0.2223377227783203,0.34953632950782776,2.696099281311035,0.5653664469718933,0.09275071322917938,0.09169026464223862,0.3552849590778351,0.10569899529218674
main,0.55,84,random,24.07765769958496,24.07765769958496,0.0,0.5990689992904663,0.4822460412979126,0.049068987369537354,49.06898880004883,0.0,0.0,0.0,0.27587437629699707,0.9782084822654724,0,0,0,0.03,800,200,1.5329952239990234,4521.69140625,0.8633403182029724,0.4423729479312897,0.9782084822654724,0.3037485182285309,0.5821386575698853,1.8276231288909912,0.27587437629699707,0.1011558473110199,0.37186166644096375,0.37396398186683655,0.47927945852279663
main,0.55,85,random,29.432050704956055,29.432050704956055,0.0,0.6042513251304626,0.4863467514514923,0.05425131320953369,54.251312255859375,0.0,0.0,0.0,0.0545191690325737,0.6225079894065857,0,0,0,0.03,800,200,1.5329952239990234,3678.778076171875,0.6225079894065857,0.2516269087791443,0.43321970105171204,0.11908170580863953,0.0545191690325737,1.76254403591156,0.2541813552379608,0.09422650188207626,0.140883207321167,0.3773878216743469,0.5477563738822937
main,0.55,86,random,1.2596549987792969,1.2596549987792969,0.0,0.5612234473228455,0.48831427097320557,0.011223435401916504,11.223435401916504,0.0,0.0,0.0,0.251592755317688,0.9208163022994995,0,0,0,0.03,800,200,1.5329952239990234,4722.857421875,0.9208163022994995,0.38165929913520813,0.804740846157074,0.2203661948442459,0.34390342235565186,3.6223926544189453,0.87413090467453,0.09754778444766998,0.251592755317688,0.3732677400112152,0.46535468101501465
main,0.55,87,random,1.6888408660888672,1.6888408660888672,0.0,0.5629955530166626,0.48127418756484985,0.012995541095733643,12.995540618896484,0.0,0.0,0.0,0.105626679956913,0.9184120893478394,0,0,0,0.03,800,200,1.5329952239990234,4714.4423828125,0.9184120893478394,0.2980983555316925,0.5659953355789185,0.25653135776519775,0.4472324252128601,2.8313701152801514,0.6104567050933838,0.09806595742702484,0.2688651382923126,0.3552813231945038,0.105626679956913
main,0.55,88,random,0.0,0.0,0.0,0.550000011920929,0.4651069939136505,0.0,0.0,0.0,0.0,0.0,0.15618155896663666,0.9481177926063538,0,0,0,0.03,800,200,1.5329952239990234,4753.380859375,0.9295373558998108,0.4318412244319916,0.9481177926063538,0.184332475066185,0.24094992876052856,3.1496329307556152,0.7165443301200867,0.09468545019626617,0.15618155896663666,0.3611045479774475,0.22209109365940094
main,0.55,89,random,0.021541573107242584,0.021541573107242584,0.0,0.5514677166938782,0.48999229073524475,0.0014677047729492188,1.4677047729492188,0.0,0.0,0.0,0.019083796069025993,0.8776683211326599,1,0,1,0.03,800,200,1.5329952239990234,1730.025390625,0.0657215490937233,0.2718881368637085,0.4911089241504669,0.3538241982460022,0.725212037563324,3.633004903793335,0.8776683211326599,0.09057252109050751,0.019083796069025993,0.3560837507247925,0.12167514860630035
main,0.55,90,random,0.0,0.0,0.0,0.550000011920929,0.4590999484062195,0.0,0.0,0.0,0.0,0.0,0.05826495587825775,0.8481001853942871,0,0,0,0.03,800,200,1.5329952239990234,4451.453125,0.8432723879814148,0.396835058927536,0.8481001853942871,0.12039273977279663,0.05826495587825775,2.660768747329712,0.5535895824432373,0.09284048527479172,0.09468268603086472,0.35547906160354614,0.10958127677440643
main,0.55,91,random,8.676255226135254,8.676255226135254,0.0,0.5794554948806763,0.483608216047287,0.029455482959747314,29.455482482910156,0.0,0.0,0.0,0.15257908403873444,0.6414198279380798,0,0,0,0.03,800,200,1.5329952239990234,3068.44921875,0.4481283724308014,0.32449692487716675,0.6414198279380798,0.16372734308242798,0.18207810819149017,2.4862940311431885,0.4954313635826111,0.10068418085575104,0.35613933205604553,0.3576289415359497,0.15257908403873444
main,0.55,92,random,0.015090936794877052,0.015090936794877052,0.0,0.5487715601921082,0.48702043294906616,0.0012284517288208008,1.2284517288208008,0.0,0.0,0.0,0.02428487502038479,0.8507521152496338,0,0,0,0.03,800,200,1.5329952239990234,2171.479736328125,0.19185137748718262,0.2830282151699066,0.5229377746582031,0.348988801240921,0.7113965749740601,3.5522563457489014,0.8507521152496338,0.09072855114936829,0.02428487502038479,0.35472390055656433,0.0944780707359314
main,0.55,93,random,13.889203071594238,13.889203071594238,0.0,0.5872682332992554,0.4842402935028076,0.037268221378326416,37.26822280883789,0.0,0.0,0.0,0.20440244674682617,0.9871945977210999,0,2,2,0.03,800,200,1.5329952239990234,4942.685546875,0.9836243391036987,0.4455181062221527,0.9871945977210999,0.25159958004951477,0.43314167857170105,2.3174917697906494,0.4391639232635498,0.0961320772767067,0.20440244674682617,0.38132402300834656,0.6264805793762207
main,0.55,94,random,0.0,0.0,0.0,0.550000011920929,0.4604398012161255,0.0,0.0,0.0,0.0,0.0,0.032331448048353195,0.9322561025619507,0,0,0,0.03,800,200,1.5329952239990234,1833.08056640625,0.09516585618257523,0.4262896180152893,0.9322561025619507,0.2550211548805237,0.4429175555706024,3.3603789806365967,0.7867929935455322,0.09491410851478577,0.1638036072254181,0.3516165614128113,0.032331448048353195
main,0.55,95,random,10.508193016052246,10.508193016052246,0.0,0.5824163556098938,0.4754077196121216,0.032416343688964844,32.416343688964844,0.0,0.0,0.0,0.25517529249191284,0.9369986653327942,0,0,0,0.03,800,200,1.5329952239990234,4779.4951171875,0.9369986653327942,0.37025201320648193,0.7721486687660217,0.4139326512813568,0.8969504237174988,2.392592430114746,0.4641975164413452,0.10118220001459122,0.37273985147476196,0.3627587556838989,0.25517529249191284
main,0.55,96,random,10.175484657287598,10.175484657287598,0.0,0.5818990468978882,0.47354620695114136,0.03189903497695923,31.89903450012207,0.0,0.0,0.0,0.043124157935380936,0.8992449045181274,0,0,0,0.03,800,200,1.5329952239990234,4647.357421875,0.8992449045181274,0.3700488805770874,0.7715682983398438,0.11509345471858978,0.043124157935380936,2.0257129669189453,0.34190428256988525,0.09818722307682037,0.2729073166847229,0.365812212228775,0.31624454259872437
main,0.55,97,random,16.335546493530273,16.335546493530273,0.0,0.5904172658920288,0.4889383316040039,0.040417253971099854,40.41725540161133,0.0,0.0,0.0,0.07242455333471298,0.8430079221725464,0,0,0,0.03,800,200,1.5329952239990234,4450.52783203125,0.8430079221725464,0.12534859776496887,0.07242455333471298,0.3397679924964905,0.685051441192627,2.0661516189575195,0.35538384318351746,0.09555242955684662,0.18508096039295197,0.3685286343097687,0.3705725371837616
main,0.55,98,random,6.3598408699035645,6.3598408699035645,0.0,0.5752187371253967,0.4895884692668915,0.025218725204467773,25.218725204467773,0.0,0.0,0.0,0.017742455005645752,0.8647109866142273,1,0,1,0.03,800,200,1.5329952239990234,4526.48828125,0.8647109866142273,0.12855708599090576,0.08159168809652328,0.12695623934268951,0.07701782882213593,2.148561954498291,0.38285398483276367,0.09053228050470352,0.017742455005645752,0.3737521171569824,0.47504204511642456
main,0.55,99,random,0.0,0.0,0.0,0.550000011920929,0.48908376693725586,0.0,0.0,0.0,0.0,0.0,0.005014093592762947,0.8855006694793701,2,0,2,0.03,800,200,1.5329952239990234,4599.25244140625,0.8855006694793701,0.22745022177696228,0.3641435205936432,0.10474226623773575,0.013549333438277245,2.8867645263671875,0.6289215087890625,0.09015042334794998,0.005014093592762947,0.3572915196418762,0.14583058655261993
main,0.55,100,random,1.3979034423828125,1.3979034423828125,0.0,0.561823308467865,0.47694629430770874,0.011823296546936035,11.823296546936035,0.0,0.0,0.0,0.1432194858789444,0.9617917537689209,0,0,0,0.03,800,200,1.5329952239990234,4197.1376953125,0.7706108093261719,0.40848129987716675,0.8813751935958862,0.16629710793495178,0.18942028284072876,3.8853752613067627,0.9617917537689209,0.10628487169742584,0.5428289771080017,0.3571609556674957,0.1432194858789444
main,0.55,101,random,0.0,0.0,0.0,0.550000011920929,0.46323591470718384,0.0,0.0,0.0,0.0,0.0,0.06946396827697754,0.9868611693382263,0,1,1,0.03,800,200,1.5329952239990234,1767.0968017578125,0.07631338387727737,0.4454014003276825,0.9868611693382263,0.1243123859167099,0.06946396827697754,2.9840879440307617,0.6613626480102539,0.0921325609087944,0.07108523696660995,0.35890305042266846,0.1780613362789154
main,0.55,102,random,6.279796123504639,6.279796123504639,0.0,0.5750595331192017,0.4733678996562958,0.025059521198272705,25.059520721435547,0.0,0.0,0.0,0.0012449607020244002,0.9398673176765442,1,0,1,0.03,800,200,1.5329952239990234,4789.53564453125,0.9398673176765442,0.360373854637146,0.7439253330230713,0.10043574124574661,0.0012449607020244002,2.215463161468506,0.40515437722206116,0.09646306186914444,0.21543526649475098,0.3661499619483948,0.32299959659576416
main,0.55,103,random,0.20336204767227173,0.20336204767227173,0.0,0.5545095801353455,0.48966047167778015,0.004509568214416504,4.509568214416504,0.0,0.0,0.0,0.027653925120830536,0.8694526553153992,0,0,0,0.03,800,200,1.5329952239990234,2014.335205078125,0.14695291221141815,0.2830284535884857,0.5229384303092957,0.29327264428138733,0.5522075891494751,3.6083579063415527,0.8694526553153992,0.09552081674337387,0.18402716517448425,0.35138270258903503,0.027653925120830536
main,0.55,104,random,0.11680880934000015,0.11680880934000015,0.0,0.5534177422523499,0.479259729385376,0.0034177303314208984,3.4177303314208984,0.0,0.0,0.0,0.2691623568534851,0.9410176873207092,0,0,0,0.03,800,200,1.5329952239990234,4719.89501953125,0.9199699759483337,0.3917910158634186,0.8336886167526245,0.19986040890216827,0.28531545400619507,3.8230531215667725,0.9410176873207092,0.09938140213489532,0.3127133548259735,0.36345812678337097,0.2691623568534851
main,0.55,105,random,5.096261978149414,5.096261978149414,0.0,0.5725749135017395,0.47688624262809753,0.022574901580810547,22.574901580810547,0.0,0.0,0.0,0.20680642127990723,0.9622474908828735,0,0,0,0.03,800,200,1.5329952239990234,4215.70556640625,0.7759158611297607,0.43678662180900574,0.9622474908828735,0.17238225042819977,0.20680642127990723,3.2534568309783936,0.7511522769927979,0.10455719381570816,0.48523977398872375,0.3635908365249634,0.2718166708946228
main,0.55,106,random,15.62605094909668,15.62605094909668,0.0,0.589529812335968,0.4665233790874481,0.03952980041503906,39.52980041503906,0.0,0.0,0.0,0.08093422651290894,0.9946487545967102,0,2,2,0.03,800,200,1.5329952239990234,4930.966796875,0.9802762269973755,0.12832698225975037,0.08093422651290894,0.44812706112861633,0.9946487545967102,1.3944164514541626,0.1314721405506134,0.09478257596492767,0.15941917896270752,0.36168867349624634,0.23377376794815063
main,0.55,107,random,33.926612854003906,33.926612854003906,0.0,0.6082465648651123,0.4897087514400482,0.05824655294418335,58.246551513671875,0.0,0.0,0.0,0.16276933252811432,0.35542231798171997,0,0,0,0.03,800,200,1.5329952239990234,2679.96533203125,0.3371329605579376,0.15696926414966583,0.16276933252811432,0.18401238322257996,0.24003536999225616,1.8036844730377197,0.26789480447769165,0.10066267102956772,0.35542231798171997,0.3602856397628784,0.20571303367614746
main,0.55,108,random,0.0,0.0,0.0,0.550000011920929,0.4631308913230896,0.0,0.0,0.0,0.0,0.0,0.017810719087719917,0.958199143409729,1,0,1,0.03,800,200,1.5329952239990234,4060.799072265625,0.7316568493843079,0.43536970019340515,0.958199143409729,0.10623375326395035,0.017810719087719917,3.483711004257202,0.827903687953949,0.10132497549057007,0.37749916315078735,0.3534722328186035,0.06944453716278076
main,0.55,109,random,4.50107479095459,4.50107479095459,0.0,0.5712157487869263,0.48930442333221436,0.021215736865997314,21.215736389160156,0.0,0.0,0.0,0.05265763774514198,0.9104553461074829,0,0,0,0.03,800,200,1.5329952239990234,4686.59375,0.9104553461074829,0.38488712906837463,0.8139632940292358,0.11843017488718033,0.05265763774514198,3.305577516555786,0.7685258388519287,0.10004222393035889,0.33474060893058777,0.3718830347061157,0.43766090273857117
main,0.55,110,random,2.394029140472412,2.394029140472412,0.0,0.5654726624488831,0.4880470335483551,0.015472650527954102,15.472650527954102,0.0,0.0,0.0,0.01832345873117447,0.9820148944854736,1,1,2,0.03,800,200,1.5329952239990234,4740.7216796875,0.9259204864501953,0.3081793189048767,0.5947980284690857,0.4437052011489868,0.9820148944854736,2.9229302406311035,0.6409767866134644,0.09054970741271973,0.01832345873117447,0.3726736903190613,0.45347392559051514
main,0.55,111,random,22.456130981445312,22.456130981445312,0.0,0.5973879098892212,0.4848214387893677,0.047387897968292236,47.38789749145508,0.0,0.0,0.0,0.3810602128505707,0.914334237575531,0,0,0,0.03,800,200,1.5329952239990234,3885.65966796875,0.6816170811653137,0.42001697421073914,0.914334237575531,0.2561251223087311,0.4460717737674713,2.537081241607666,0.5123604536056519,0.10498262196779251,0.49942079186439514,0.3690530061721802,0.3810602128505707
main,0.55,112,random,0.22774331271648407,0.22774331271648407,0.0,0.5547722578048706,0.4899977445602417,0.00477224588394165,4.77224588394165,0.0,0.0,0.0,0.03778041899204254,0.9385014772415161,0,0,0,0.03,800,200,1.5329952239990234,1632.2314453125,0.03778041899204254,0.28293365240097046,0.5226675868034363,0.33093559741973877,0.6598160266876221,3.815504550933838,0.9385014772415161,0.09153243154287338,0.05108101665973663,0.3589632511138916,0.1792650669813156
main,0.55,113,random,0.0,0.0,0.0,0.550000011920929,0.4838658273220062,0.0,0.0,0.0,0.0,0.0,0.11835718154907227,0.8570827841758728,0,0,0,0.03,800,200,1.5329952239990234,3782.329345703125,0.6520941257476807,0.32887575030326843,0.6539307236671448,0.25052008032798767,0.4300573766231537,3.5712482929229736,0.8570827841758728,0.09355071932077408,0.11835718154907227,0.36115404963493347,0.2230810970067978
main,0.55,114,random,38.19911193847656,38.19911193847656,0.0,0.6118054389953613,0.48666176199913025,0.06180542707443237,61.80542755126953,0.0,0.0,0.0,0.23790018260478973,0.6378078460693359,0,0,0,0.03,800,200,1.5329952239990234,2692.06005859375,0.3405885696411133,0.3232327401638031,0.6378078460693359,0.3157813847064972,0.6165182590484619,1.713700532913208,0.23790018260478973,0.09875474870204926,0.29182493686676025,0.3734396994113922,0.4687940776348114
main,0.55,115,random,7.313584804534912,7.313584804534912,0.0,0.5770436525344849,0.4700923264026642,0.027043640613555908,27.04364013671875,0.0,0.0,0.0,0.17818287014961243,0.990110456943512,0,1,1,0.03,800,200,1.5329952239990234,4638.9287109375,0.8968368172645569,0.4237211048603058,0.924917459487915,0.44653865694999695,0.990110456943512,1.8973543643951416,0.2991181015968323,0.09534548968076706,0.17818287014961243,0.36892950534820557,0.3785904049873352
main,0.55,116,random,0.0,0.0,0.0,0.550000011920929,0.4754422605037689,0.0,0.0,0.0,0.0,0.0,0.032578833401203156,0.8160826563835144,0,0,0,0.03,800,200,1.5329952239990234,4356.2890625,0.8160826563835144,0.27134427428245544,0.48955509066581726,0.18980617821216583,0.2565890848636627,2.809926986694336,0.6033090353012085,0.09199278056621552,0.06642598658800125,0.3516289293766022,0.032578833401203156
main,0.55,117,random,3.4702463150024414,3.4702463150024414,0.0,0.5686286091804504,0.47735247015953064,0.018628597259521484,18.628597259521484,0.0,0.0,0.0,0.058677226305007935,0.7701115608215332,0,0,0,0.03,800,200,1.5329952239990234,4195.390625,0.7701115608215332,0.35940852761268616,0.7411672472953796,0.1252155601978302,0.0720444768667221,2.429807662963867,0.47660255432128906,0.09176032245159149,0.058677226305007935,0.3710656464099884,0.42131274938583374
main,0.55,118,random,0.0,0.0,0.0,0.550000011920929,0.4550321400165558,0.0,0.0,0.0,0.0,0.0,0.02331468276679516,0.9554786086082458,0,0,0,0.03,800,200,1.5329952239990234,4844.1748046875,0.9554786086082458,0.4233514666557312,0.9238613247871399,0.1315668672323227,0.09019103646278381,2.4989399909973145,0.4996466636657715,0.0906994417309761,0.02331468276679516,0.3575252294540405,0.15050475299358368
main,0.55,119,random,2.1373238563537598,2.1373238563537598,0.0,0.5646196007728577,0.4782729744911194,0.014619588851928711,14.619588851928711,0.0,0.0,0.0,0.24750950932502747,0.9122217893600464,0,0,0,0.03,800,200,1.5329952239990234,4466.69140625,0.8476260900497437,0.4192776083946228,0.9122217893600464,0.1866283267736435,0.24750950932502747,3.3895344734191895,0.7965115308761597,0.10132378339767456,0.37745946645736694,0.3656635284423828,0.31327077746391296
main,0.55,120,random,5.404702663421631,5.404702663421631,0.0,0.573248028755188,0.4888966679573059,0.023248016834259033,23.248016357421875,0.0,0.0,0.0,0.06542541831731796,0.9514337778091431,0,0,0,0.03,800,200,1.5329952239990234,4830.0185546875,0.9514337778091431,0.3900131285190582,0.8286089897155762,0.1228988990187645,0.06542541831731796,3.1615376472473145,0.7205125093460083,0.10015368461608887,0.33845600485801697,0.3720381557941437,0.440763384103775
main,0.55,121,random,0.0,0.0,0.0,0.550000011920929,0.46732431650161743,0.0,0.0,0.0,0.0,0.0,0.06421901285648346,0.8839401602745056,0,0,0,0.03,800,200,1.5329952239990234,3385.41796875,0.5386908650398254,0.40272802114486694,0.8649372458457947,0.20240184664726257,0.29257670044898987,3.651820421218872,0.8839401602745056,0.09192657470703125,0.06421901285648346,0.3632063567638397,0.2641271948814392
main,0.55,122,random,2.237907648086548,2.2200019359588623,0.017905766144394875,0.5648996829986572,0.4900401532649994,0.014899671077728271,14.89967155456543,4.0143728256225586e-05,0.040143728256225586,4.0143728256225586e-05,0.005965161137282848,0.928669273853302,1,0,1,0.03,800,200,1.5329952239990234,4750.3427734375,0.928669273853302,0.11956065148115158,0.05588756501674652,0.12156513333320618,0.06161467358469963,2.4818408489227295,0.49394693970680237,0.0901789590716362,0.005965161137282848,0.3629772365093231,0.2595445513725281
main,0.55,123,random,0.0,0.0,0.0,0.550000011920929,0.4637964963912964,0.0,0.0,0.0,0.0,0.0,0.07539863884449005,0.9382207989692688,0,0,0,0.03,800,200,1.5329952239990234,4001.74951171875,0.7147855758666992,0.42837727069854736,0.9382207989692688,0.15442311763763428,0.1554946005344391,2.8899803161621094,0.6299934387207031,0.09226196259260178,0.07539863884449005,0.3624129295349121,0.2482588291168213
main,0.55,124,random,23.643611907958984,23.643611907958984,0.0,0.5986247062683105,0.4718046188354492,0.04862469434738159,48.62469482421875,0.0,0.0,0.0,0.009683317504823208,0.7863746285438538,1,0,1,0.03,800,200,1.5329952239990234,4252.3115234375,0.7863746285438538,0.10338915884494781,0.009683317504823208,0.23241302371025085,0.37832289934158325,1.258941888809204,0.08631396293640137,0.09806977212429047,0.26899224519729614,0.36336034536361694,0.2672070562839508
main,0.55,125,random,1.8501490354537964,1.8501490354537964,0.0,0.5636020302772522,0.4853922128677368,0.013602018356323242,13.602018356323242,0.0,0.0,0.0,0.10342776030302048,0.8811607360839844,0,0,0,0.03,800,200,1.5329952239990234,3912.13232421875,0.6891806721687317,0.395779550075531,0.8450844287872314,0.1790839284658432,0.225954070687294,3.643482208251953,0.8811607360839844,0.0931028351187706,0.10342776030302048,0.37978053092956543,0.5956103205680847
main,0.55,126,random,28.823041915893555,28.823041915893555,0.0,0.6036871075630188,0.47726866602897644,0.053687095642089844,53.687095642089844,0.0,0.0,0.0,0.21932359039783478,0.8133974075317383,0,0,0,0.03,800,200,1.5329952239990234,3079.957275390625,0.45141637325286865,0.3268677592277527,0.6481935977935791,0.3846890926361084,0.8133974075317383,1.6579707860946655,0.21932359039783478,0.10005512088537216,0.33517059683799744,0.3634467124938965,0.2689342796802521
main,0.55,127,random,0.0,0.0,0.0,0.550000011920929,0.46901756525039673,0.0,0.0,0.0,0.0,0.0,0.094602070748806,0.9312773942947388,0,0,0,0.03,800,200,1.5329952239990234,3681.004638671875,0.6231441497802734,0.42594707012176514,0.9312773942947388,0.14180117845535278,0.11943195015192032,3.6866610050201416,0.8955536484718323,0.09283806383609772,0.094602070748806,0.3678444027900696,0.3568882346153259
main,0.55,128,random,1.7870848178863525,1.7870848178863525,0.0,0.5633682012557983,0.4844086170196533,0.013368189334869385,13.368188858032227,0.0,0.0,0.0,0.13542282581329346,0.9842419028282166,0,1,1,0.03,800,200,1.5329952239990234,1985.7545166015625,0.13878700137138367,0.3365272581577301,0.6757921576499939,0.32397279143333435,0.6399222612380981,3.952725648880005,0.9842419028282166,0.0940626859664917,0.13542282581329346,0.36561471223831177,0.3122943937778473
main,0.55,129,random,0.0,0.0,0.0,0.550000011920929,0.4698377251625061,0.0,0.0,0.0,0.0,0.0,0.13336922228336334,0.8123331665992737,0,0,0,0.03,800,200,1.5329952239990234,3936.825927734375,0.6962359547615051,0.3843165934085846,0.8123331665992737,0.18719351291656494,0.24912430346012115,3.3033463954925537,0.7677821516990662,0.09670063108205795,0.22335435450077057,0.3566684424877167,0.13336922228336334
main,0.55,130,random,5.907642364501953,5.907642364501953,0.0,0.5743056535720825,0.48057860136032104,0.024305641651153564,24.305641174316406,0.0,0.0,0.0,0.11071208864450455,0.9319486618041992,0,0,0,0.03,800,200,1.5329952239990234,2316.920166015625,0.23340576887130737,0.4261820316314697,0.9319486618041992,0.13874922692775726,0.11071208864450455,3.6835718154907227,0.8945239782333374,0.09987017512321472,0.3290058970451355,0.3695954978466034,0.3919098377227783
main,0.55,131,random,14.305448532104492,14.305448532104492,0.0,0.5878225564956665,0.48727142810821533,0.03782254457473755,37.82254409790039,0.0,0.0,0.0,0.10028345882892609,0.574573814868927,0,0,0,0.03,800,200,1.5329952239990234,3511.00830078125,0.574573814868927,0.13509920239448547,0.10028345882892609,0.28694412112236023,0.5341260433197021,2.0383927822113037,0.346130907535553,0.09330816566944122,0.11027216166257858,0.3639034032821655,0.27806833386421204
main,0.55,132,random,14.293413162231445,14.293413162231445,0.0,0.5878066420555115,0.4874400496482849,0.03780663013458252,37.8066291809082,0.0,0.0,0.0,0.15949100255966187,0.9411984086036682,0,0,0,0.03,800,200,1.5329952239990234,4794.1943359375,0.9411984086036682,0.35276085138320923,0.7221738696098328,0.3342154026031494,0.6691868305206299,2.769413709640503,0.5898045897483826,0.10873480886220932,0.6244937181472778,0.3579745590686798,0.15949100255966187
main,0.55,133,random,6.354620456695557,6.354550838470459,6.963318446651101e-05,0.5752082467079163,0.49000251293182373,0.025208234786987305,25.208234786987305,2.5033950805664062e-06,0.0025033950805664062,2.5033950805664062e-06,0.058456167578697205,0.9049218893051147,0,0,0,0.03,800,200,1.5329952239990234,4667.2265625,0.9049218893051147,0.22231769561767578,0.3494791090488434,0.19283916056156158,0.2652547359466553,2.3619437217712402,0.45398128032684326,0.09175369143486023,0.058456167578697205,0.3728425204753876,0.45685046911239624
main,0.55,134,random,13.577669143676758,13.577669143676758,0.0,0.5868479013442993,0.4890173375606537,0.03684788942337036,36.8478889465332,0.0,0.0,0.0,0.21994459629058838,0.7645102143287659,0,0,0,0.03,800,200,1.5329952239990234,4175.78564453125,0.7645102143287659,0.28037118911743164,0.5153462886810303,0.3041556775569916,0.5833019018173218,2.3693788051605225,0.45645958185195923,0.09659834206104279,0.21994459629058838,0.37055039405822754,0.41100791096687317
main,0.55,135,random,4.1553957998985425e-06,4.1553957998985425e-06,0.0,0.5499796271324158,0.4789312779903412,2.0384788513183594e-05,0.020384788513183594,0.0,0.0,0.0,0.0015145520446822047,0.5924034714698792,2,0,2,0.03,800,200,1.5329952239990234,3573.412109375,0.5924034714698792,0.25487029552459717,0.4424865245819092,0.1067357137799263,0.019244898110628128,2.61924409866333,0.5397480726242065,0.09004543721675873,0.0015145520446822047,0.35182812809944153,0.03656288981437683
main,0.55,136,random,0.0002665288920979947,0.0002665288920979947,0.0,0.5501632690429688,0.4781981110572815,0.00016325712203979492,0.16325712203979492,0.0,0.0,0.0,0.10814155638217926,0.8905602097511292,0,0,0,0.03,800,200,1.5329952239990234,4353.322265625,0.8152349591255188,0.38792723417282104,0.8226492404937744,0.19149015843868256,0.2614004611968994,3.6716806888580322,0.8905602097511292,0.09324424713850021,0.10814155638217926,0.36997586488723755,0.3995174169540405
main,0.55,137,random,10.35472583770752,10.35472583770752,0.0,0.5821787714958191,0.48716747760772705,0.03217875957489014,32.17876052856445,0.0,0.0,0.0,0.23996905982494354,0.9614323973655701,0,0,0,0.03,800,200,1.5329952239990234,2339.8916015625,0.23996905982494354,0.37440744042396545,0.7840213179588318,0.3374517858028412,0.6784337162971497,3.8842971324920654,0.9614323973655701,0.09810265153646469,0.27008840441703796,0.37425747513771057,0.48514941334724426
main,0.55,138,random,16.70406723022461,16.70406723022461,0.0,0.5908706188201904,0.48578089475631714,0.040870606899261475,40.87060546875,0.0,0.0,0.0,0.2679094672203064,0.8525272607803345,0,0,0,0.03,800,200,1.5329952239990234,2929.382080078125,0.40839487314224243,0.39838454127311707,0.8525272607803345,0.3972477316856384,0.8492792248725891,3.204045295715332,0.7346817255020142,0.09803728759288788,0.2679094672203064,0.37642738223075867,0.5285477042198181
main,0.55,139,random,0.0,0.0,0.0,0.550000011920929,0.45831727981567383,0.0,0.0,0.0,0.0,0.0,0.03549768403172493,0.9921289682388306,0,1,1,0.03,800,200,1.5329952239990234,4373.4033203125,0.8209723234176636,0.44724512100219727,0.9921289682388306,0.1332920640707016,0.09512018412351608,2.9914355278015137,0.6638118028640747,0.09881062805652618,0.2936876118183136,0.3517748713493347,0.03549768403172493
main,0.55,140,random,0.0,0.0,0.0,0.550000011920929,0.47295913100242615,0.0,0.0,0.0,0.0,0.0,0.023962654173374176,0.6318538784980774,0,0,0,0.03,800,200,1.5329952239990234,3263.640625,0.5038973689079285,0.3211488425731659,0.6318538784980774,0.17478133738040924,0.21366095542907715,2.7306618690490723,0.576887309551239,0.0929555594921112,0.0985184982419014,0.35119813680648804,0.023962654173374176
main,0.55,141,random,1.0130220651626587,1.0130220651626587,0.0,0.5600649118423462,0.4737950563430786,0.010064899921417236,10.064899444580078,0.0,0.0,0.0,0.18849410116672516,0.912990927696228,0,0,0,0.03,800,200,1.5329952239990234,4211.53369140625,0.7747238874435425,0.41954681277275085,0.912990927696228,0.16597293317317963,0.18849410116672516,3.579613447189331,0.8598711490631104,0.10241411626338959,0.4138038158416748,0.3607022762298584,0.2140454202890396
main,0.55,142,random,0.0,0.0,0.0,0.550000011920929,0.4572908580303192,0.0,0.0,0.0,0.0,0.0,0.0635325014591217,0.9465956687927246,0,0,0,0.03,800,200,1.5329952239990234,4813.0849609375,0.9465956687927246,0.3911423683166504,0.8318353891372681,0.14536607265472412,0.1296173483133316,2.6101503372192383,0.5367167592048645,0.09296904504299164,0.09896817803382874,0.35317662358283997,0.0635325014591217
main,0.55,143,random,0.0,0.0,0.0,0.550000011920929,0.45632046461105347,0.0,0.0,0.0,0.0,0.0,0.10631218552589417,0.9770814776420593,0,0,0,0.03,800,200,1.5329952239990234,4888.3828125,0.9681094288825989,0.4419785141944885,0.9770814776420593,0.3811419606208801,0.8032627701759338,3.078436851501465,0.6928122639656067,0.09318936616182327,0.10631218552589417,0.3561244010925293,0.12248802185058594
main,0.55,144,random,5.421014785766602,5.256576061248779,0.16443856060504913,0.5729272365570068,0.49012166261672974,0.02292722463607788,22.92722511291504,0.00012165307998657227,0.12165307998657227,0.00012165307998657227,0.05471142753958702,0.6563800573348999,0,0,0,0.03,800,200,1.5329952239990234,3797.330322265625,0.6563800573348999,0.11914899945259094,0.05471142753958702,0.2501812279224396,0.42908918857574463,2.3512840270996094,0.4504280090332031,0.09259668737649918,0.08655604720115662,0.35562536120414734,0.11250727623701096
main,0.55,145,random,0.05621703341603279,0.05621703341603279,0.0,0.5523710250854492,0.47834673523902893,0.0023710131645202637,2.3710131645202637,0.0,0.0,0.0,0.2661963105201721,0.9626822471618652,0,0,0,0.03,800,200,1.5329952239990234,4732.775390625,0.9236501455307007,0.39688724279403687,0.8482493162155151,0.20478582382202148,0.2993880808353424,3.8880467414855957,0.9626822471618652,0.0979858934879303,0.2661963105201721,0.36526522040367126,0.30530428886413574
main,0.55,146,random,2.6353633403778076,2.6353633403778076,0.0,0.5662338137626648,0.4888436794281006,0.01623380184173584,16.233802795410156,0.0,0.0,0.0,0.027210209518671036,0.8687517642974854,0,0,0,0.03,800,200,1.5329952239990234,1966.61181640625,0.13331767916679382,0.30722519755363464,0.5920720100402832,0.3955951929092407,0.8445577025413513,3.606255292892456,0.8687517642974854,0.10041972249746323,0.34732410311698914,0.3513604998588562,0.027210209518671036
main,0.55,147,random,26.459754943847656,26.459754943847656,0.0,0.6014390587806702,0.47683072090148926,0.05143904685974121,51.439048767089844,0.0,0.0,0.0,0.16995882987976074,0.7941128611564636,0,0,0,0.03,800,200,1.5329952239990234,2583.95166015625,0.30970045924186707,0.32281720638275146,0.6366205811500549,0.37793949246406555,0.7941128611564636,1.5098764896392822,0.16995882987976074,0.09713523089885712,0.23784099519252777,0.3643428683280945,0.2868573069572449
main,0.55,148,random,16.66048812866211,16.66048812866211,0.0,0.5908172726631165,0.48716309666633606,0.0408172607421875,40.8172607421875,0.0,0.0,0.0,0.12837021052837372,0.8129442930221558,0,0,0,0.03,800,200,1.5329952239990234,4345.3046875,0.8129442930221558,0.36424142122268677,0.7549755573272705,0.14492957293987274,0.12837021052837372,2.0546741485595703,0.35155805945396423,0.09595339000225067,0.19844621419906616,0.3808310925960541,0.6166220903396606
main,0.55,149,random,0.2447582334280014,0.2447582334280014,0.0,0.5549473166465759,0.48997408151626587,0.004947304725646973,4.947304725646973,0.0,0.0,0.0,0.008388294838368893,0.9607019424438477,1,0,1,0.03,800,200,1.5329952239990234,2022.8021240234375,0.14937204122543335,0.28878000378608704,0.5393714308738708,0.3835027515888214,0.8100079298019409,3.882105827331543,0.9607019424438477,0.097430519759655,0.24768395721912384,0.35041940212249756,0.008388294838368893
main,0.55,150,random,0.0,0.0,0.0,0.550000011920929,0.48356330394744873,0.0,0.0,0.0,0.0,0.0,0.07953868061304092,0.875929594039917,0,0,0,0.03,800,200,1.5329952239990234,4565.75390625,0.875929594039917,0.32899463176727295,0.6542704105377197,0.31239980459213257,0.6068565845489502,3.419847011566162,0.8066157102584839,0.09849214553833008,0.2830713987350464,0.35397693514823914,0.07953868061304092
main,0.55,151,random,0.0,0.0,0.0,0.550000011920929,0.45497336983680725,0.0,0.0,0.0,0.0,0.0,0.0420762337744236,0.9870718121528625,0,1,1,0.03,800,200,1.5329952239990234,4327.76904296875,0.807934045791626,0.43758922815322876,0.9645407199859619,0.44547513127326965,0.9870718121528625,3.6199047565460205,0.8733015656471252,0.09473816305398941,0.15793876349925995,0.3521037995815277,0.0420762337744236
main,0.55,152,random,0.0015555446734651923,0.0015555446734651923,0.0,0.5503944158554077,0.47629866003990173,0.00039440393447875977,0.39440393447875977,0.0,0.0,0.0,0.1308252215385437,0.9421566128730774,0,0,0,0.03,800,200,1.5329952239990234,4797.5478515625,0.9421566128730774,0.37820935249328613,0.7948839068412781,0.16094756126403809,0.17413589358329773,3.4569520950317383,0.8189840316772461,0.10009679943323135,0.33655986189842224,0.356541246175766,0.1308252215385437
main,0.55,153,random,6.365494251251221,6.365494251251221,0.0,0.5752299427986145,0.4648720324039459,0.025229930877685547,25.229930877685547,0.0,0.0,0.0,0.19255633652210236,0.812170147895813,0,0,0,0.03,800,200,1.5329952239990234,4342.595703125,0.812170147895813,0.37778759002685547,0.7936788201332092,0.29860803484916687,0.567451536655426,2.1344032287597656,0.37813442945480347,0.09587231278419495,0.19574375450611115,0.3596278131008148,0.19255633652210236
main,0.55,154,random,0.0,0.0,0.0,0.550000011920929,0.48366621136665344,0.0,0.0,0.0,0.0,0.0,0.01944306492805481,0.9674013257026672,1,0,1,0.03,800,200,1.5329952239990234,4455.05224609375,0.8443006277084351,0.260642409324646,0.4589783251285553,0.43859046697616577,0.9674013257026672,2.942033052444458,0.6473443508148193,0.0934130847454071,0.11376945674419403,0.35097214579582214,0.01944306492805481
main,0.55,155,random,1.5269094705581665,1.5269094705581665,0.0,0.5623568296432495,0.4859112799167633,0.012356817722320557,12.356817245483398,0.0,0.0,0.0,0.2079583704471588,0.9403225183486938,0,0,0,0.03,800,200,1.5329952239990234,4791.12890625,0.9403225183486938,0.3587653338909149,0.7393295764923096,0.39112961292266846,0.8317989110946655,3.8111515045166016,0.937050461769104,0.10196355730295181,0.39878514409065247,0.36039790511131287,0.2079583704471588
main,0.55,156,random,23.06653594970703,23.06653594970703,0.0,0.5980276465415955,0.4747730493545532,0.048027634620666504,48.02763366699219,0.0,0.0,0.0,0.04827258735895157,0.6464840769767761,0,0,0,0.03,800,200,1.5329952239990234,3762.6943359375,0.6464840769767761,0.14643728733062744,0.13267797231674194,0.1168954074382782,0.04827258735895157,1.6407949924468994,0.2135983258485794,0.09687481075525284,0.2291603684425354,0.36285293102264404,0.25705868005752563
main,0.55,157,random,0.0,0.0,0.0,0.550000011920929,0.46954408288002014,0.0,0.0,0.0,0.0,0.0,0.0421951524913311,0.9166361689567566,0,0,0,0.03,800,200,1.5329952239990234,4708.2265625,0.9166361689567566,0.38955041766166687,0.8272868990898132,0.21734416484832764,0.3352690637111664,2.9950180053710938,0.6650060415267944,0.09126585721969604,0.0421951524913311,0.36480218172073364,0.2960439622402191
main,0.55,158,random,0.0005154447862878442,0.0005154447862878442,0.0,0.5502270460128784,0.47759801149368286,0.0002270340919494629,0.2270340919494629,0.0,0.0,0.0,0.14777863025665283,0.9657995104789734,0,0,0,0.03,800,200,1.5329952239990234,4402.4853515625,0.8292814493179321,0.39488470554351807,0.8425277471542358,0.17688746750354767,0.21967847645282745,3.8973984718322754,0.9657995104789734,0.09443335980176926,0.14777863025665283,0.3689575493335724,0.37915104627609253
main,0.55,159,random,0.0,0.0,0.0,0.550000011920929,0.46255847811698914,0.0,0.0,0.0,0.0,0.0,0.036394234746694565,0.8038418889045715,0,0,0,0.03,800,200,1.5329952239990234,3642.37890625,0.6121082305908203,0.38134464621543884,0.8038418889045715,0.33906418085098267,0.6830405592918396,3.0703115463256836,0.6901038289070129,0.0910918340086937,0.036394234746694565,0.3559659719467163,0.119319386780262
main,0.55,160,random,27.820711135864258,27.820711135864258,0.0,0.6027453541755676,0.4843564033508301,0.05274534225463867,52.74534225463867,0.0,0.0,0.0,0.20625169575214386,0.8429281711578369,0,0,0,0.03,800,200,1.5329952239990234,2483.537109375,0.28101056814193726,0.2878836691379547,0.5368105173110962,0.395024836063385,0.8429281711578369,1.862326741218567,0.28744223713874817,0.09618755429983139,0.20625169575214386,0.36810824275016785,0.362164705991745
main,0.55,161,random,26.738082885742188,26.738082885742188,0.0,0.6017088890075684,0.48207616806030273,0.051708877086639404,51.70887756347656,0.0,0.0,0.0,0.036308612674474716,0.9441918134689331,0,0,0,0.03,800,200,1.5329952239990234,4804.67138671875,0.9441918134689331,0.11270801723003387,0.036308612674474716,0.26292699575424194,0.4655056893825531,1.588302731513977,0.19610092043876648,0.0963287204504013,0.21095731854438782,0.3753906786441803,0.5078133940696716
main,0.55,162,random,1.2117791175842285,1.2117791175842285,0.0,0.561008095741272,0.47661644220352173,0.011008083820343018,11.00808334350586,0.0,0.0,0.0,0.12588034570217133,0.9781050086021423,0,0,0,0.03,800,200,1.5329952239990234,4770.8330078125,0.9345237016677856,0.4423367381095886,0.9781050086021423,0.14405812323093414,0.12588034570217133,3.783320665359497,0.9277735352516174,0.10155781358480453,0.3852604329586029,0.36670055985450745,0.334011435508728
main,0.55,163,random,18.97003746032715,18.97003746032715,0.0,0.5935546159744263,0.4877694547176361,0.043554604053497314,43.554603576660156,0.0,0.0,0.0,0.19340062141418457,0.7367941737174988,0,0,0,0.03,800,200,1.5329952239990234,3416.955078125,0.5477014780044556,0.3578779399394989,0.7367941737174988,0.20241773128509521,0.2926221191883087,2.610106945037842,0.5367022752761841,0.10829237103462219,0.6097456812858582,0.3596700131893158,0.19340062141418457
main,0.55,164,random,0.0,0.0,0.0,0.550000011920929,0.4799460768699646,0.0,0.0,0.0,0.0,0.0,0.09644754230976105,0.8285923600196838,0,0,0,0.03,800,200,1.5329952239990234,4245.2158203125,0.784347414970398,0.31790265440940857,0.6225789785385132,0.3900073170661926,0.8285923600196838,3.2700607776641846,0.7566869258880615,0.09422725439071655,0.14090844988822937,0.3548223674297333,0.09644754230976105
main,0.55,165,random,0.002408695640042424,0.002408695640042424,0.0,0.5504907965660095,0.4763869047164917,0.0004907846450805664,0.4907846450805664,0.0,0.0,0.0,0.04361357539892197,0.9505934715270996,0,0,0,0.03,800,200,1.5329952239990234,4827.0771484375,0.9505934715270996,0.3200887143611908,0.6288248896598816,0.14120405912399292,0.11772588640451431,3.0692174434661865,0.6897391676902771,0.0977242961525917,0.2574763596057892,0.3521806597709656,0.04361357539892197
main,0.55,166,random,21.428617477416992,21.428617477416992,0.0,0.5962910652160645,0.4755901098251343,0.0462910532951355,46.291053771972656,0.0,0.0,0.0,0.047575902193784714,0.7376857399940491,0,0,0,0.03,800,200,1.5329952239990234,4081.900146484375,0.7376857399940491,0.11665156483650208,0.047575902193784714,0.1915469765663147,0.2615627944469452,1.2273340225219727,0.07577802240848541,0.09213479608297348,0.07115967571735382,0.37415453791618347,0.48309075832366943
main,0.55,167,random,2.7853275241795927e-08,2.7853275241795927e-08,0.0,0.5500016808509827,0.4505545198917389,1.6689300537109375e-06,0.0016689300537109375,0.0,0.0,0.0,0.047998636960983276,0.9912938475608826,0,3,3,0.03,800,200,1.5329952239990234,4934.68359375,0.9813381433486938,0.44695284962654114,0.9912938475608826,0.4444374740123749,0.9841071367263794,2.728841543197632,0.5762805342674255,0.09143996238708496,0.047998636960983276,0.35323065519332886,0.06461350619792938
main,0.55,168,random,0.0,0.0,0.0,0.550000011920929,0.46583372354507446,0.0,0.0,0.0,0.0,0.0,0.010091773234307766,0.8440372943878174,1,0,1,0.03,800,200,1.5329952239990234,3065.07568359375,0.4471644461154938,0.39541304111480713,0.8440372943878174,0.14274176955223083,0.12211932241916656,2.792499303817749,0.5974997878074646,0.09030275791883469,0.010091773234307766,0.3615076243877411,0.23015277087688446
main,0.55,169,random,0.0,0.0,0.0,0.550000011920929,0.47705575823783875,0.0,0.0,0.0,0.0,0.0,0.06225257366895676,0.5895147919654846,0,0,0,0.03,800,200,1.5329952239990234,3275.074462890625,0.5071641206741333,0.3063301742076874,0.5895147919654846,0.18899518251419067,0.254271924495697,2.765172243118286,0.5883907675743103,0.09188448637723923,0.06281600892543793,0.3531126379966736,0.06225257366895676
main,0.55,170,random,5.759708404541016,5.759708404541016,0.0,0.5739994049072266,0.4851399064064026,0.023999392986297607,23.999393463134766,0.0,0.0,0.0,0.10949286073446274,0.8807091116905212,0,0,0,0.03,800,200,1.5329952239990234,4582.48193359375,0.8807091116905212,0.14024516940116882,0.11498620361089706,0.34205570816993713,0.6915877461433411,2.3574516773223877,0.4524838924407959,0.09328478574752808,0.10949286073446274,0.35920360684394836,0.18407213687896729
main,0.55,171,random,1.9801785945892334,1.9801785945892334,0.0,0.5640718936920166,0.48288053274154663,0.014071881771087646,14.071882247924805,0.0,0.0,0.0,0.2565576732158661,0.9578373432159424,0,0,0,0.03,800,200,1.5329952239990234,4852.4306640625,0.9578373432159424,0.4311450123786926,0.9461286067962646,0.18979519605636597,0.2565576732158661,3.7373640537261963,0.9124546647071838,0.09909237176179886,0.30307891964912415,0.37406906485557556,0.4813813865184784
main,0.55,172,random,1.277431607246399,1.277431607246399,0.0,0.5613023638725281,0.4892764389514923,0.011302351951599121,11.302351951599121,0.0,0.0,0.0,0.046287525445222855,0.8669248223304749,0,0,0,0.03,800,200,1.5329952239990234,4534.23681640625,0.8669248223304749,0.23416972160339355,0.38334205746650696,0.11620063334703445,0.046287525445222855,2.7554197311401367,0.5851399302482605,0.09538058191537857,0.1793525665998459,0.35535112023353577,0.10702239722013474
main,0.55,173,random,8.398344993591309,8.398344993591309,0.0,0.5789799094200134,0.4771685302257538,0.028979897499084473,28.979896545410156,0.0,0.0,0.0,0.10514598339796066,0.46325188875198364,0,0,0,0.03,800,200,1.5329952239990234,3121.381591796875,0.46325188875198364,0.2516716718673706,0.4333476722240448,0.2369968593120575,0.3914196193218231,2.153512477874756,0.38450419902801514,0.09624898433685303,0.2082994133234024,0.3552573025226593,0.10514598339796066
main,0.55,174,random,0.0,0.0,0.0,0.550000011920929,0.48229897022247314,0.0,0.0,0.0,0.0,0.0,0.03500698134303093,0.8159617185592651,0,0,0,0.03,800,200,1.5329952239990234,4146.765625,0.756218671798706,0.3274146318435669,0.6497560739517212,0.3049183785915375,0.5854810476303101,3.447885036468506,0.8159617185592651,0.09918785840272903,0.30626195669174194,0.35175034403800964,0.03500698134303093
main,0.55,175,random,4.626392841339111,4.626392841339111,0.0,0.571509063243866,0.4813551604747772,0.02150905132293701,21.509052276611328,0.0,0.0,0.0,0.13494817912578583,0.6912314891815186,0,0,0,0.03,800,200,1.5329952239990234,3919.310302734375,0.6912314891815186,0.2503058910369873,0.42944541573524475,0.18451642990112305,0.24147550761699677,2.4222569465637207,0.47408559918403625,0.09597618132829666,0.19920606911182404,0.35674741864204407,0.13494817912578583
main,0.55,176,random,0.0,0.0,0.0,0.550000011920929,0.46781378984451294,0.0,0.0,0.0,0.0,0.0,0.19214126467704773,0.9799574017524719,0,0,0,0.03,800,200,1.5329952239990234,4929.8505859375,0.9799574017524719,0.43009817600250244,0.9431377053260803,0.2413601279258728,0.403886079788208,3.4942121505737305,0.8314040899276733,0.09748485684394836,0.24949519336223602,0.359607070684433,0.19214126467704773
main,0.55,177,random,28.70827865600586,28.70827865600586,0.0,0.603580117225647,0.4887648820877075,0.05358010530471802,53.58010482788086,0.0,0.0,0.0,0.10908804833889008,0.7513207197189331,0,0,0,0.03,800,200,1.5329952239990234,3350.02783203125,0.5285794138908386,0.28422489762306213,0.5263568162918091,0.3629622459411621,0.7513207197189331,1.9170278310775757,0.3056759536266327,0.09327264130115509,0.10908804833889008,0.3796880543231964,0.593761146068573
main,0.55,178,random,13.084158897399902,13.084158897399902,0.0,0.5861720442771912,0.4793281853199005,0.03617203235626221,36.17203140258789,0.0,0.0,0.0,0.251758337020874,0.9059537649154663,0,0,0,0.03,800,200,1.5329952239990234,3116.642578125,0.4618978500366211,0.4170837998390198,0.9059537649154663,0.1881154179573059,0.251758337020874,3.0773227214813232,0.692440927028656,0.10460536926984787,0.48684555292129517,0.36410805583000183,0.2821613848209381
main,0.55,179,random,8.824536323547363,8.824536323547363,0.0,0.5797061324119568,0.47342365980148315,0.029706120491027832,29.706119537353516,0.0,0.0,0.0,0.11230001598596573,0.9424493908882141,0,0,0,0.03,800,200,1.5329952239990234,4798.57275390625,0.9424493908882141,0.3754393756389618,0.7869696617126465,0.1497330665588379,0.1420944631099701,1.9047815799713135,0.3015938401222229,0.0933690071105957,0.11230001598596573,0.37273725867271423,0.45474517345428467
main,0.55,180,random,11.383584022521973,11.383584022521973,0.0,0.5837395787239075,0.4853702485561371,0.033739566802978516,33.739566802978516,0.0,0.0,0.0,0.10985799878835678,0.9085133671760559,0,0,0,0.03,800,200,1.5329952239990234,4679.796875,0.9085133671760559,0.20246562361717224,0.29275891184806824,0.18434005975723267,0.24097158014774323,2.308098316192627,0.436032772064209,0.10105423629283905,0.3684743642807007,0.35549288988113403,0.10985799878835678
main,0.55,181,random,3.2792162895202637,3.2792162895202637,0.0,0.5681086182594299,0.48167526721954346,0.018108606338500977,18.108606338500977,0.0,0.0,0.0,0.035275932401418686,0.9281789064407349,0,0,0,0.03,800,200,1.5329952239990234,2160.914794921875,0.18883277475833893,0.4248625934123993,0.9281789064407349,0.1123465746641159,0.035275932401418686,3.771960973739624,0.9239869713783264,0.09581369161605835,0.19378972053527832,0.3752395212650299,0.5047903060913086
main,0.55,182,random,0.0,0.0,0.0,0.550000011920929,0.46405065059661865,0.0,0.0,0.0,0.0,0.0,0.006060753017663956,0.853226900100708,1,0,1,0.03,800,200,1.5329952239990234,4295.4892578125,0.7987112402915955,0.39862939715385437,0.853226900100708,0.251831978559494,0.4338056743144989,3.2022528648376465,0.7340842485427856,0.09899581223726273,0.29986026883125305,0.3503030240535736,0.006060753017663956
main,0.55,183,random,5.168883323669434,5.168883323669434,0.0,0.5727351903915405,0.4889964461326599,0.022735178470611572,22.735177993774414,0.0,0.0,0.0,0.07387521117925644,0.9542502760887146,0,0,0,0.03,800,200,1.5329952239990234,1758.563232421875,0.07387521117925644,0.3419380784034729,0.6912516355514526,0.17765896022319794,0.22188274562358856,3.862750768661499,0.9542502760887146,0.09378432482481003,0.12614405155181885,0.37257319688796997,0.45146363973617554
main,0.55,184,random,42.087974548339844,42.087974548339844,0.0,0.6148752570152283,0.48755741119384766,0.06487524509429932,64.875244140625,0.0,0.0,0.0,0.11420062929391861,0.8260983824729919,0,0,0,0.03,800,200,1.5329952239990234,3969.231689453125,0.70549476146698,0.2967640161514282,0.5621829032897949,0.3891344368457794,0.8260983824729919,2.135645866394043,0.37854865193367004,0.11224310845136642,0.7414368987083435,0.3557100296020508,0.11420062929391861
main,0.55,185,random,23.64243507385254,23.638566970825195,0.0038672867231070995,0.5986195206642151,0.49001866579055786,0.04861950874328613,48.6195068359375,1.8656253814697266e-05,0.018656253814697266,1.8656253814697266e-05,0.047191839665174484,0.34670498967170715,0,0,0,0.03,800,200,1.5329952239990234,2713.46728515625,0.34670498967170715,0.11651714146137238,0.047191839665174484,0.19056212902069092,0.2587489187717438,1.8502410650253296,0.28341367840766907,0.09797483682632446,0.2658277153968811,0.3611035645008087,0.22207148373126984
main,0.55,186,random,15.043025016784668,15.043025016784668,0.0,0.5887853503227234,0.4868643581867218,0.038785338401794434,38.78533935546875,0.0,0.0,0.0,0.027976954355835915,0.7566316723823547,0,0,0,0.03,800,200,1.5329952239990234,4148.2109375,0.7566316723823547,0.31906014680862427,0.6258861422538757,0.29762762784957886,0.5646503567695618,2.1168527603149414,0.37228429317474365,0.09083931148052216,0.027976954355835915,0.38351112604141235,0.670222282409668
main,0.55,187,random,0.0,0.0,0.0,0.550000011920929,0.4579654037952423,0.0,0.0,0.0,0.0,0.0,0.04034697264432907,0.9864338636398315,0,1,1,0.03,800,200,1.5329952239990234,3770.0107421875,0.6485744714736938,0.44525185227394104,0.9864338636398315,0.1712484210729599,0.20356690883636475,2.493861198425293,0.49795377254486084,0.09121040999889374,0.04034697264432907,0.35890743136405945,0.178148552775383
main,0.55,188,random,30.425649642944336,30.425649642944336,0.0,0.6051594614982605,0.48952585458755493,0.05515944957733154,55.15945053100586,0.0,0.0,0.0,0.18858829140663147,0.8165687322616577,0,0,0,0.03,800,200,1.5329952239990234,4357.990234375,0.8165687322616577,0.2989090383052826,0.5683115720748901,0.22059178352355957,0.34454792737960815,2.257640838623047,0.4192136526107788,0.10965055227279663,0.6550185680389404,0.35942941904067993,0.18858829140663147
main,0.55,189,random,14.514967918395996,14.514967918395996,0.0,0.5880985260009766,0.48939135670661926,0.03809851408004761,38.098514556884766,0.0,0.0,0.0,0.09887310862541199,0.7044344544410706,0,0,0,0.03,800,200,1.5329952239990234,1846.055908203125,0.09887310862541199,0.33951863646507263,0.6843389868736267,0.2580719590187073,0.45163413882255554,3.1133034229278564,0.7044344544410706,0.10156147181987762,0.38538241386413574,0.36269885301589966,0.25397709012031555
main,0.55,190,random,7.51754214434186e-08,7.51754214434186e-08,0.0,0.5499972701072693,0.4782992899417877,2.7418136596679688e-06,0.0027418136596679688,0.0,0.0,0.0,0.10777529329061508,0.7604190707206726,0,0,0,0.03,800,200,1.5329952239990234,3819.186279296875,0.6626246571540833,0.33970317244529724,0.684866189956665,0.24501264095306396,0.41432181000709534,3.281257152557373,0.7604190707206726,0.09323326498270035,0.10777529329061508,0.3596334755420685,0.19266951084136963
main,0.55,191,random,5.521139144897461,5.521139144897461,0.0,0.5734971165657043,0.46991243958473206,0.02349710464477539,23.49710464477539,0.0,0.0,0.0,0.18163436651229858,0.963528573513031,0,0,0,0.03,800,200,1.5329952239990234,4872.35009765625,0.963528573513031,0.42053213715553284,0.9158061742782593,0.230913907289505,0.3740397095680237,2.2722079753875732,0.424069344997406,0.09544903039932251,0.18163436651229858,0.3666043281555176,0.3320865035057068
main,0.55,192,random,18.285261154174805,18.285261154174805,0.0,0.5927612781524658,0.48265138268470764,0.042761266231536865,42.76126480102539,0.0,0.0,0.0,0.2864287793636322,0.9412227272987366,0,0,0,0.03,800,200,1.5329952239990234,2502.500732421875,0.2864287793636322,0.4279065728187561,0.9368759393692017,0.42942795157432556,0.9412227272987366,2.9089584350585938,0.6363194584846497,0.10039424896240234,0.3464750051498413,0.3708817660808563,0.41763556003570557
main,0.55,193,random,13.434629440307617,13.434629440307617,0.0,0.5866532921791077,0.48305460810661316,0.03665328025817871,36.653282165527344,0.0,0.0,0.0,0.14290723204612732,0.8069002032279968,0,0,0,0.03,800,200,1.5329952239990234,4324.150390625,0.8069002032279968,0.2882254719734192,0.5377870798110962,0.22628754377365112,0.36082157492637634,2.3670740127563477,0.45569130778312683,0.10361183434724808,0.4537278115749359,0.35714536905288696,0.14290723204612732
main,0.55,194,random,3.008204698562622,3.008204698562622,0.0,0.5673441886901855,0.4841839373111725,0.017344176769256592,17.34417724609375,0.0,0.0,0.0,0.07718035578727722,0.8258283734321594,0,0,0,0.03,800,200,1.5329952239990234,4203.7421875,0.772497832775116,0.20402686297893524,0.2972196042537689,0.38903993368148804,0.8258283734321594,2.5026345252990723,0.5008782148361206,0.09231541305780411,0.07718035578727722,0.35767772793769836,0.15355436503887177
main,0.55,195,random,3.6142797470092773,3.6142797470092773,0.0,0.5690112709999084,0.46843060851097107,0.019011259078979492,19.011259078979492,0.0,0.0,0.0,0.1878250390291214,0.9316298961639404,0,0,0,0.03,800,200,1.5329952239990234,4760.70458984375,0.9316298961639404,0.4110632538795471,0.8887522220611572,0.3520060181617737,0.7200172543525696,2.7259788513183594,0.5753263235092163,0.09871257841587067,0.29041919112205505,0.3593912422657013,0.1878250390291214
main,0.55,196,random,10.556940078735352,10.556940078735352,0.0,0.5824914574623108,0.47695639729499817,0.032491445541381836,32.49144744873047,0.0,0.0,0.0,0.3287104666233063,0.9174341559410095,0,0,0,0.03,800,200,1.5329952239990234,4711.01953125,0.9174341559410095,0.4142019748687744,0.8977199792861938,0.34391021728515625,0.6968863010406494,2.5470035076141357,0.5156678557395935,0.10068784654140472,0.35626158118247986,0.36643552780151367,0.3287104666233063
main,0.55,197,random,0.0,0.0,0.0,0.550000011920929,0.48262083530426025,0.0,0.0,0.0,0.0,0.0,0.06597625464200974,0.9781174063682556,0,0,0,0.03,800,200,1.5329952239990234,4822.23779296875,0.9492108225822449,0.23764070868492126,0.393259197473526,0.4423410892486572,0.9781174063682556,2.891719341278076,0.6305730938911438,0.09197928756475449,0.06597625464200974,0.353939026594162,0.07878052443265915
main,0.55,198,random,5.185592174530029,5.185592174530029,0.0,0.5727719068527222,0.4872031807899475,0.022771894931793213,22.771894454956055,0.0,0.0,0.0,0.06935369223356247,0.7973951101303101,0,0,0,0.03,800,200,1.5329952239990234,3479.95654296875,0.5657019019126892,0.37908828258514404,0.7973951101303101,0.2368076741695404,0.3908790349960327,3.065687656402588,0.6885625720024109,0.09208061546087265,0.06935369223356247,0.3810661733150482,0.6213231682777405
main,0.55,199,random,6.020071983337402,6.020071983337402,0.0,0.5745358467102051,0.484023779630661,0.024535834789276123,24.53583526611328,0.0,0.0,0.0,0.019507775083184242,0.7246105074882507,1,0,1,0.03,800,200,1.5329952239990234,1902.04833984375,0.11487097293138504,0.3536136746406555,0.7246105074882507,0.2110932171344757,0.3174091875553131,3.063190460205078,0.6877301931381226,0.09058523923158646,0.019507775083184242,0.37307974696159363,0.46159517765045166
main,0.6,0,random,0.0,0.0,0.0,0.6000000238418579,0.48464250564575195,0.0,0.0,0.0,0.0,0.0,0.15515197813510895,0.7459526658058167,0,0,0,0.03,800,200,1.411299705505371,2178.51416015625,0.19386117160320282,0.36108341813087463,0.7459526658058167,0.3434698283672333,0.6956281065940857,2.7132654190063477,0.5710884928703308,0.1063644215464592,0.5454807877540588,0.3577575981616974,0.15515197813510895
main,0.6,1,random,0.0,0.0,0.0,0.6000000238418579,0.4867054224014282,0.0,0.0,0.0,0.0,0.0,0.09932532161474228,0.9691054821014404,0,0,0,0.03,800,200,1.411299705505371,4891.869140625,0.9691054821014404,0.1606740951538086,0.17335455119609833,0.3516002893447876,0.718858003616333,2.101433277130127,0.3671444058418274,0.10691213607788086,0.5637378692626953,0.35496625304222107,0.09932532161474228
main,0.6,2,random,0.0,0.0,0.0,0.6000000238418579,0.47455599904060364,0.0,0.0,0.0,0.0,0.0,0.029071461409330368,0.9376559853553772,0,0,0,0.03,800,200,1.411299705505371,4781.7958984375,0.9376559853553772,0.11017501354217529,0.029071461409330368,0.3233436942100525,0.6381248235702515,1.5621263980865479,0.18737544119358063,0.0988321378827095,0.29440444707870483,0.364320307970047,0.2864060401916504
main,0.6,3,random,0.05638391897082329,0.05638391897082329,0.0,0.5976254940032959,0.4816936254501343,0.0023745298385620117,2.3745298385620117,0.0,0.0,0.0,0.3251299262046814,0.7212762236595154,0,0,0,0.03,800,200,1.411299705505371,3741.043701171875,0.6402981877326965,0.35244667530059814,0.7212762236595154,0.25872746109962463,0.4535070061683655,2.1342899799346924,0.37809666991233826,0.10243117064237595,0.41437241435050964,0.3662565052509308,0.3251299262046814
main,0.6,4,random,0.6477986574172974,0.6477986574172974,0.0,0.5919514298439026,0.4871022403240204,0.008048593997955322,8.048593521118164,0.0,0.0,0.0,0.24889376759529114,0.7951472401618958,0,0,0,0.03,800,200,1.411299705505371,4283.015625,0.7951472401618958,0.32019251585006714,0.6291214823722839,0.3280584216117859,0.6515955328941345,2.270916700363159,0.4236389100551605,0.09746681153774261,0.24889376759529114,0.37406447529792786,0.48128941655158997
main,0.6,5,random,0.2100813090801239,0.21001167595386505,6.963318446651101e-05,0.595417320728302,0.49000251293182373,0.004582703113555908,4.582703113555908,2.5033950805664062e-06,0.0025033950805664062,2.5033950805664062e-06,0.07523583620786667,0.5618871450424194,0,0,0,0.03,800,200,1.411299705505371,3466.60498046875,0.5618871450424194,0.12633255124092102,0.07523583620786667,0.16749848425388336,0.19285281002521515,2.0098726749420166,0.3366242051124573,0.09983812272548676,0.32793739438056946,0.3600017726421356,0.20003552734851837
main,0.6,6,random,0.0,0.0,0.0,0.6000000238418579,0.4782821238040924,0.0,0.0,0.0,0.0,0.0,0.16411203145980835,0.8554831743240356,0,0,0,0.03,800,200,1.411299705505371,2074.39208984375,0.16411203145980835,0.3994190990924835,0.8554831743240356,0.37589940428733826,0.7882840037345886,2.0345890522003174,0.34486302733421326,0.10141901671886444,0.3806338310241699,0.3619083762168884,0.2381674200296402
main,0.6,7,random,0.1087866798043251,0.1087866798043251,0.0,0.6032983064651489,0.4835641086101532,0.0032982826232910156,3.2982826232910156,0.0,0.0,0.0,0.28170809149742126,0.7969084978103638,0,0,0,0.03,800,200,1.411299705505371,4289.1796875,0.7969084978103638,0.37045326828956604,0.7727236747741699,0.2879539132118225,0.5370111465454102,1.8451242446899414,0.28170809149742126,0.10218717157840729,0.40623897314071655,0.3720147907733917,0.4402957558631897
main,0.6,8,random,8.940608024597168,8.940608024597168,0.0,0.5700991749763489,0.4872612953186035,0.029900848865509033,29.900848388671875,0.0,0.0,0.0,0.024767769500613213,0.9722287058830261,0,0,0,0.03,800,200,1.411299705505371,4902.80078125,0.9722287058830261,0.2707294225692749,0.4877983629703522,0.3565056622028351,0.7328733801841736,2.659724235534668,0.5532414317131042,0.0907430350780487,0.024767769500613213,0.3726825714111328,0.45365169644355774
main,0.6,9,random,0.0885409489274025,0.0885409489274025,0.0,0.602975606918335,0.48227909207344055,0.0029755830764770508,2.975583076477051,0.0,0.0,0.0,0.09443295747041702,0.752994954586029,0,0,0,0.03,800,200,1.411299705505371,2147.402587890625,0.1849721521139145,0.363548219203949,0.752994954586029,0.23066389560699463,0.373325377702713,2.3857154846191406,0.4619051218032837,0.10796768218278885,0.5989226698875427,0.35472163558006287,0.09443295747041702
main,0.6,10,random,0.09635748714208603,0.09635748714208603,0.0,0.6031041741371155,0.48771223425865173,0.0031041502952575684,3.1041502952575684,0.0,0.0,0.0,0.017173271626234055,0.9206711053848267,1,0,1,0.03,800,200,1.411299705505371,2715.52197265625,0.3472919464111328,0.4222348630428314,0.9206711053848267,0.10601064562797546,0.017173271626234055,1.747930884361267,0.24931028485298157,0.09992086887359619,0.33069565892219543,0.3773445785045624,0.5468918085098267
main,0.6,11,random,0.0,0.0,0.0,0.6000000238418579,0.4749983847141266,0.0,0.0,0.0,0.0,0.0,0.03286569565534592,0.8470302224159241,0,0,0,0.03,800,200,1.411299705505371,4464.60546875,0.8470302224159241,0.283010870218277,0.52288818359375,0.1618790626525879,0.1767973005771637,1.9735291004180908,0.3245096802711487,0.10760726034641266,0.586908757686615,0.35164326429367065,0.03286569565534592
main,0.6,12,random,0.5439592599868774,0.5439592599868774,0.0,0.5926246643066406,0.4898342490196228,0.007375359535217285,7.375359535217285,0.0,0.0,0.0,0.48278290033340454,0.9608851671218872,0,0,0,0.03,800,200,1.411299705505371,4036.610595703125,0.7247458696365356,0.4363097846508026,0.9608851671218872,0.3802543580532074,0.8007267713546753,3.750149965286255,0.9167166352272034,0.10448348522186279,0.48278290033340454,0.37715354561805725,0.543070912361145
main,0.6,13,random,0.010040313936769962,0.010040313936769962,0.0,0.601002037525177,0.4797418713569641,0.0010020136833190918,1.0020136833190918,0.0,0.0,0.0,0.13362011313438416,0.2918298542499542,0,0,0,0.03,800,200,1.411299705505371,2331.4111328125,0.23754604160785675,0.2021404504776001,0.2918298542499542,0.1881600022315979,0.2518857419490814,1.591251254081726,0.1970837414264679,0.09400860965251923,0.13362011313438416,0.3618588149547577,0.23717626929283142
main,0.6,14,random,0.0,0.0,0.0,0.6000000238418579,0.48297974467277527,0.0,0.0,0.0,0.0,0.0,0.33989569544792175,0.9746005535125732,0,0,0,0.03,800,200,1.411299705505371,2859.231201171875,0.38835176825523376,0.44111019372940063,0.9746005535125732,0.21896350383758545,0.33989569544792175,2.2687103748321533,0.422903448343277,0.10329174250364304,0.44305798411369324,0.3701627850532532,0.403255432844162
main,0.6,15,random,0.0,0.0,0.0,0.6000000238418579,0.48999348282814026,0.0,0.0,0.0,0.0,0.0,0.2338123917579651,0.9664543271064758,0,0,0,0.03,800,200,1.411299705505371,3135.167236328125,0.4671906530857086,0.4382590055465698,0.9664543271064758,0.28546860814094543,0.5299103260040283,2.4977550506591797,0.49925166368484497,0.09701437503099442,0.2338123917579651,0.3846825063228607,0.6936500072479248
main,0.6,16,random,0.0,0.0,0.0,0.6000000238418579,0.48952698707580566,0.0,0.0,0.0,0.0,0.0,0.4665461480617523,0.9471152424812317,0,0,0,0.03,800,200,1.411299705505371,3977.157958984375,0.707759439945221,0.43149033188819885,0.9471152424812317,0.40199941396713257,0.8628554940223694,3.1312458515167236,0.7104153037071228,0.10697099566459656,0.5656997561454773,0.3733273148536682,0.4665461480617523
main,0.6,17,random,13.418972969055176,13.417157173156738,0.0018162359483540058,0.5633705854415894,0.4900127947330475,0.036629438400268555,36.62944030761719,1.2785196304321289e-05,0.012785196304321289,1.2785196304321289e-05,0.07194244116544724,0.8266178369522095,0,0,0,0.03,800,200,1.411299705505371,1799.863037109375,0.08567515760660172,0.30104032158851624,0.5744009613990784,0.3380589485168457,0.6801683902740479,3.479853630065918,0.8266178369522095,0.09215827286243439,0.07194244116544724,0.36320626735687256,0.264125257730484
main,0.6,18,random,0.7390766739845276,0.7390766739845276,0.0,0.6085969805717468,0.4880215525627136,0.008596956729888916,8.596956253051758,0.0,0.0,0.0,0.1336095929145813,0.9510237574577332,0,0,0,0.03,800,200,1.411299705505371,4419.7353515625,0.8342100977897644,0.43285831809043884,0.9510237574577332,0.35075655579566956,0.7164473533630371,1.4008288383483887,0.1336095929145813,0.10000558942556381,0.3335196077823639,0.38210543990135193,0.6421088576316833
main,0.6,19,random,0.0,0.0,0.0,0.6000000238418579,0.4748387932777405,0.0,0.0,0.0,0.0,0.0,0.09133093804121017,0.9672515392303467,0,0,0,0.03,800,200,1.411299705505371,4885.38037109375,0.9672515392303467,0.16330480575561523,0.18087084591388702,0.232489675283432,0.3785419166088104,1.827053427696228,0.2756844758987427,0.10368150472640991,0.45605021715164185,0.3545665442943573,0.09133093804121017
main,0.6,20,random,0.48706281185150146,0.48706281185150146,0.0,0.6069790124893188,0.48494523763656616,0.0069789886474609375,6.9789886474609375,0.0,0.0,0.0,0.29471826553344727,0.8405324220657349,0,0,0,0.03,800,200,1.411299705505371,4441.86328125,0.8405324220657349,0.3934122920036316,0.8383208513259888,0.29766392707824707,0.564754068851471,1.8841547966003418,0.29471826553344727,0.10538889467716217,0.5129631161689758,0.371071457862854,0.4214293360710144
main,0.6,21,random,15.534927368164062,15.507667541503906,0.027259616181254387,0.5606202483177185,0.4900495409965515,0.039379775524139404,39.37977600097656,4.953145980834961e-05,0.04953145980834961,4.953145980834961e-05,0.034522123634815216,0.9546220898628235,0,0,0,0.03,800,200,1.411299705505371,1620.827392578125,0.034522123634815216,0.29476654529571533,0.5564758777618408,0.43411773443222046,0.9546220898628235,3.7860312461853027,0.9286770820617676,0.09495073556900024,0.16502438485622406,0.3566846251487732,0.13369257748126984
main,0.6,22,random,0.8366521596908569,0.8366521596908569,0.0,0.5908531546592712,0.47962623834609985,0.00914686918258667,9.146869659423828,0.0,0.0,0.0,0.12259525805711746,0.8651753067970276,0,0,0,0.03,800,200,1.411299705505371,2854.5078125,0.38700222969055176,0.19666483998298645,0.2761852443218231,0.40281134843826294,0.8651753067970276,1.9000383615493774,0.3000127971172333,0.09367786347866058,0.12259525805711746,0.3578873574733734,0.15774722397327423
main,0.6,23,random,1.1953147649765015,1.1934900283813477,0.0018247130792587996,0.5890753269195557,0.4900128245353699,0.010924696922302246,10.924696922302246,1.2814998626708984e-05,0.012814998626708984,1.2814998626708984e-05,0.18569731712341309,0.8788430690765381,0,0,0,0.03,800,200,1.411299705505371,2149.940673828125,0.18569731712341309,0.40759506821632385,0.8788430690765381,0.276835173368454,0.5052433609962463,3.4651126861572266,0.8217042684555054,0.09701790660619736,0.2339300513267517,0.3796110153198242,0.5922204256057739
main,0.6,24,random,0.1876472681760788,0.1876472681760788,0.0,0.6043318510055542,0.4868631064891815,0.004331827163696289,4.331827163696289,0.0,0.0,0.0,0.35794755816459656,0.9389001131057739,0,0,0,0.03,800,200,1.411299705505371,4422.3486328125,0.8349567651748657,0.4286150336265564,0.9389001131057739,0.22528165578842163,0.35794755816459656,2.2051219940185547,0.40170732140541077,0.105539470911026,0.5179824829101562,0.37354573607444763,0.47091466188430786
main,0.6,25,random,2.270049571990967,2.270049571990967,0.0,0.6150667071342468,0.48974543809890747,0.015066683292388916,15.066682815551758,0.0,0.0,0.0,0.15737390518188477,0.7443744540214539,0,0,0,0.03,800,200,1.411299705505371,2143.125,0.1837500035762787,0.3605310618877411,0.7443744540214539,0.26730814576148987,0.4780232906341553,2.3856184482574463,0.46187281608581543,0.11174905300140381,0.7249685525894165,0.3578687012195587,0.15737390518188477
main,0.6,26,random,0.3147331476211548,0.3147331476211548,0.0,0.5943899154663086,0.48611560463905334,0.005610108375549316,5.610108375549316,0.0,0.0,0.0,0.19272711873054504,0.7633334398269653,0,0,0,0.03,800,200,1.411299705505371,4171.6669921875,0.7633334398269653,0.16745448112487793,0.19272711873054504,0.3115140497684479,0.6043258905410767,2.054041862487793,0.35134729743003845,0.09860862791538239,0.2869543135166168,0.36224979162216187,0.24499614536762238
main,0.6,27,random,0.09989515691995621,0.09985598921775818,3.916866990039125e-05,0.5968400239944458,0.4900018870830536,0.0031599998474121094,3.1599998474121094,1.8775463104248047e-06,0.0018775463104248047,1.8775463104248047e-06,0.20412519574165344,0.7192400693893433,0,0,0,0.03,800,200,1.411299705505371,4017.34033203125,0.7192400693893433,0.17144381999969482,0.20412519574165344,0.3472970724105835,0.7065630555152893,2.0450096130371094,0.3483365774154663,0.09734583646059036,0.2448612004518509,0.36740797758102417,0.3481598496437073
main,0.6,28,random,0.17523381114006042,0.17523381114006042,0.0,0.5958139300346375,0.47770819067955017,0.004186093807220459,4.186093807220459,0.0,0.0,0.0,0.08416755497455597,0.5251749157905579,0,0,0,0.03,800,200,1.411299705505371,3338.1123046875,0.5251749157905579,0.2806932330131531,0.5162663459777832,0.1570216715335846,0.1629190742969513,2.0451269149780273,0.3483756482601166,0.10353697836399078,0.45123258233070374,0.354208379983902,0.08416755497455597
main,0.6,29,random,0.06763483583927155,0.06763483583927155,0.0,0.6026006937026978,0.48942962288856506,0.0026006698608398438,2.6006698608398438,0.0,0.0,0.0,0.08507268875837326,0.6897757649421692,0,0,0,0.03,800,200,1.411299705505371,3073.4443359375,0.44955548644065857,0.16154745221138,0.17584984004497528,0.341421514749527,0.6897757649421692,1.945425271987915,0.3151417672634125,0.10254412889480591,0.4181376099586487,0.3542536199092865,0.08507268875837326
main,0.6,30,random,0.9012144804000854,0.9012144804000854,0.0,0.6094932556152344,0.48919495940208435,0.009493231773376465,9.493231773376465,0.0,0.0,0.0,0.2756824195384979,0.6192973256111145,0,0,0,0.03,800,200,1.411299705505371,3204.15966796875,0.48690280318260193,0.3167540729045868,0.6192973256111145,0.29927000403404236,0.569342851638794,1.8727859258651733,0.2909286320209503,0.0982704758644104,0.2756824195384979,0.37761738896369934,0.552347719669342
main,0.6,31,random,2.962815284729004,2.9626433849334717,0.00017195133841596544,0.5827876925468445,0.49000394344329834,0.017212331295013428,17.212331771850586,3.933906555175781e-06,0.003933906555175781,3.933906555175781e-06,0.17056363821029663,0.9373936057090759,0,0,0,0.03,800,200,1.411299705505371,4780.8779296875,0.9373936057090759,0.25405293703079224,0.44015127420425415,0.26236677169799805,0.46390506625175476,2.5312256813049316,0.5104085206985474,0.10300509631633759,0.4335031807422638,0.35852816700935364,0.17056363821029663
main,0.6,32,random,0.0,0.0,0.0,0.6000000238418579,0.4847293198108673,0.0,0.0,0.0,0.0,0.0,0.21791331470012665,0.9156925082206726,0,0,0,0.03,800,200,1.411299705505371,2262.696533203125,0.21791331470012665,0.42049238085746765,0.9156925082206726,0.32968857884407043,0.6562530994415283,2.384979248046875,0.461659699678421,0.1004195585846901,0.3473186492919922,0.37141358852386475,0.42827174067497253
main,0.6,33,random,1.3563700914382935,1.3563700914382935,0.0,0.6116463541984558,0.4896976351737976,0.0116463303565979,11.646329879760742,0.0,0.0,0.0,0.04379529133439064,0.5646788477897644,0,0,0,0.03,800,200,1.411299705505371,2885.918701171875,0.3959767818450928,0.2051517814397812,0.3004336655139923,0.2470291554927826,0.42008328437805176,1.9153238534927368,0.3051079511642456,0.1069403663277626,0.5646788477897644,0.3521897494792938,0.04379529133439064
main,0.6,34,random,0.0,0.0,0.0,0.6000000238418579,0.4834842085838318,0.0,0.0,0.0,0.0,0.0,0.03970940038561821,0.9371277093887329,0,0,0,0.03,800,200,1.411299705505371,1638.98291015625,0.03970940038561821,0.4279946982860565,0.9371277093887329,0.20257419347763062,0.29306915402412415,2.2582685947418213,0.41942286491394043,0.1080913245677948,0.6030440926551819,0.3585401177406311,0.17080238461494446
main,0.6,35,random,19.057706832885742,19.016637802124023,0.04106936976313591,0.5563919544219971,0.49006080627441406,0.04360806941986084,43.608070373535156,6.079673767089844e-05,0.06079673767089844,6.079673767089844e-05,0.02123992145061493,0.953098714351654,0,0,0,0.03,800,200,1.411299705505371,1574.3397216796875,0.02123992145061493,0.2903403043746948,0.5438294410705566,0.1322992444038391,0.09228353202342987,3.8592960834503174,0.953098714351654,0.0956888273358345,0.189627543091774,0.35509032011032104,0.10180668532848358
main,0.6,36,random,0.0,0.0,0.0,0.6000000238418579,0.4896738827228546,0.0,0.0,0.0,0.0,0.0,0.11011487990617752,0.8329610228538513,0,0,0,0.03,800,200,1.411299705505371,2414.32763671875,0.2612364888191223,0.3915363550186157,0.8329610228538513,0.13854020833969116,0.11011487990617752,3.17368221282959,0.7245607376098633,0.10859665274620056,0.6198884844779968,0.3646709620952606,0.29341915249824524
main,0.6,37,random,5.684341886080801e-10,5.684341886080801e-10,0.0,0.600000262260437,0.4843810796737671,2.384185791015625e-07,0.0002384185791015625,0.0,0.0,0.0,0.14716818928718567,0.9404332041740417,0,0,0,0.03,800,200,1.411299705505371,2366.900634765625,0.24768589437007904,0.42915162444114685,0.9404332041740417,0.24735912680625916,0.4210260510444641,3.530215263366699,0.8434051275253296,0.11483541131019592,0.8278469443321228,0.3573583960533142,0.14716818928718567
main,0.6,38,random,0.0,0.0,0.0,0.6000000238418579,0.47183758020401,0.0,0.0,0.0,0.0,0.0,0.0554719977080822,0.5969855189323425,0,0,0,0.03,800,200,1.411299705505371,3589.44921875,0.5969855189323425,0.11941520124673843,0.0554719977080822,0.2787150740623474,0.5106145143508911,1.3050140142440796,0.10167134553194046,0.09661561995744705,0.22052061557769775,0.36154118180274963,0.23082396388053894
main,0.6,39,random,0.04792679846286774,0.04792679846286774,0.0,0.5978108048439026,0.4877941608428955,0.0021892189979553223,2.1892189979553223,0.0,0.0,0.0,0.21807076036930084,0.8986059427261353,0,0,0,0.03,800,200,1.411299705505371,4645.12109375,0.8986059427261353,0.3845217227935791,0.8129192590713501,0.22180354595184326,0.3480101227760315,2.597304582595825,0.53243488073349,0.11079242825508118,0.6930810809135437,0.3609035313129425,0.21807076036930084
main,0.6,40,random,3.1090450286865234,3.1090450286865234,0.0,0.6176325082778931,0.4894728660583496,0.017632484436035156,17.632484436035156,0.0,0.0,0.0,0.2933851480484009,0.5996878147125244,0,0,0,0.03,800,200,1.411299705505371,3255.136962890625,0.5014677047729492,0.28892606496810913,0.5397887825965881,0.3098907470703125,0.5996878147125244,1.9444295167922974,0.3148098289966583,0.10658711194992065,0.5529035925865173,0.3646692633628845,0.2933851480484009
main,0.6,41,random,3.391168138477951e-05,3.391168138477951e-05,0.0,0.6000582575798035,0.4886990487575531,5.823373794555664e-05,0.05823373794555664,0.0,0.0,0.0,0.11864244937896729,0.7237041592597961,0,0,0,0.03,800,200,1.411299705505371,4032.964599609375,0.7237041592597961,0.2909010946750641,0.5454317331314087,0.24350285530090332,0.41000819206237793,1.886648416519165,0.2955494821071625,0.09355928003787994,0.11864244937896729,0.3822474479675293,0.6449492573738098
main,0.6,42,random,0.0,0.0,0.0,0.6000000238418579,0.4678795039653778,0.0,0.0,0.0,0.0,0.0,0.14140886068344116,0.7513366937637329,0,0,0,0.03,800,200,1.411299705505371,4129.6787109375,0.7513366937637329,0.2620210647583008,0.4629173278808594,0.3237149119377136,0.6391854882240295,1.4854824542999268,0.1618274748325348,0.09424226731061935,0.14140886068344116,0.3620742857456207,0.24148577451705933
main,0.6,43,random,4.4649810791015625,4.4649810791015625,0.0,0.5788695216178894,0.4636844992637634,0.021130502223968506,21.130502700805664,0.0,0.0,0.0,0.09092690795660019,0.8661694526672363,0,0,0,0.03,800,200,1.411299705505371,4531.5927734375,0.8661694526672363,0.3119584918022156,0.6055957078933716,0.14370828866958618,0.1248808428645134,2.0648529529571533,0.35495099425315857,0.09788735210895538,0.2629117965698242,0.35454633831977844,0.09092690795660019
main,0.6,44,random,0.6935096383094788,0.6935096383094788,0.0,0.6083277463912964,0.4875026345252991,0.008327722549438477,8.327722549438477,0.0,0.0,0.0,0.1529005914926529,0.9004471302032471,0,0,0,0.03,800,200,1.411299705505371,4651.56494140625,0.9004471302032471,0.35761168599128723,0.7360334396362305,0.4130709767341614,0.8944885730743408,1.4587018489837646,0.1529005914926529,0.09776118397712708,0.25870615243911743,0.382277250289917,0.645544707775116
main,0.6,45,random,0.03377034142613411,0.03377034142613411,0.0,0.601837694644928,0.48431146144866943,0.0018376708030700684,1.8376708030700684,0.0,0.0,0.0,0.12349452823400497,0.8948313593864441,0,0,0,0.03,800,200,1.411299705505371,4631.90966796875,0.8948313593864441,0.4092041254043579,0.883440375328064,0.21842339634895325,0.33835259079933167,1.370483636856079,0.12349452823400497,0.09846124053001404,0.2820412516593933,0.3794862627983093,0.5897254347801208
main,0.6,46,random,0.0,0.0,0.0,0.6000000238418579,0.4836731553077698,0.0,0.0,0.0,0.0,0.0,0.14891843497753143,0.5260645151138306,0,0,0,0.03,800,200,1.411299705505371,3106.47509765625,0.45899292826652527,0.2841225862503052,0.5260645151138306,0.17761993408203125,0.2217712104320526,1.8578909635543823,0.28596365451812744,0.09446755796670914,0.14891843497753143,0.3732756972312927,0.4655137062072754
main,0.6,47,random,0.5801954865455627,0.5801954865455627,0.0,0.6076170802116394,0.48860830068588257,0.007617056369781494,7.617056369781494,0.0,0.0,0.0,0.04143121466040611,0.8807820677757263,0,0,0,0.03,800,200,1.411299705505371,4582.7373046875,0.8807820677757263,0.1632000207901001,0.18057149648666382,0.40246453881263733,0.8641844391822815,1.5772712230682373,0.1924237161874771,0.09124293923377991,0.04143121466040611,0.3869428336620331,0.7388563752174377
main,0.6,48,random,2.2938737869262695,2.2938737869262695,0.0,0.6151455640792847,0.4865468442440033,0.015145540237426758,15.145540237426758,0.0,0.0,0.0,0.024819692596793175,0.9370614886283875,0,0,0,0.03,800,200,1.411299705505371,4779.71533203125,0.9370614886283875,0.1684553325176239,0.1955866515636444,0.2808104157447815,0.5166012048721313,1.9429700374603271,0.3143233358860016,0.11422853171825409,0.8076177835464478,0.35124099254608154,0.024819692596793175
main,0.6,49,random,0.24544037878513336,0.2447936236858368,0.0006467518396675587,0.5950523614883423,0.4900076389312744,0.004947662353515625,4.947662353515625,7.62939453125e-06,0.00762939453125,7.62939453125e-06,0.2579303979873657,0.9800580739974976,0,1,1,0.03,800,200,1.411299705505371,3314.08740234375,0.5183107256889343,0.4430203139781952,0.9800580739974976,0.25005897879600525,0.4287399351596832,2.9558980464935303,0.6519660353660583,0.09773791581392288,0.2579303979873657,0.3856768310070038,0.7135365009307861
main,0.6,50,random,0.07860639691352844,0.07860639691352844,0.0,0.5971963405609131,0.4893856644630432,0.0028036832809448242,2.803683280944824,0.0,0.0,0.0,0.24503466486930847,0.9105820655822754,0,0,0,0.03,800,200,1.411299705505371,2357.621337890625,0.24503466486930847,0.41870370507240295,0.9105820655822754,0.24681717157363892,0.419477641582489,3.654550552368164,0.8848502039909363,0.10864309966564178,0.6214366555213928,0.36945754289627075,0.38915106654167175
main,0.6,51,random,0.0,0.0,0.0,0.6000000238418579,0.4837624132633209,0.0,0.0,0.0,0.0,0.0,0.04839315265417099,0.5754870176315308,0,0,0,0.03,800,200,1.411299705505371,1669.3759765625,0.04839315265417099,0.3014204502105713,0.5754870176315308,0.24132809042930603,0.4037945568561554,1.8229176998138428,0.27430588006973267,0.09743089228868484,0.24769625067710876,0.3606734275817871,0.2134684920310974
main,0.6,52,random,1.9513474702835083,1.9513474702835083,0.0,0.613969087600708,0.48781177401542664,0.013969063758850098,13.969063758850098,0.0,0.0,0.0,0.02671344205737114,0.8457610011100769,0,0,0,0.03,800,200,1.411299705505371,4460.16357421875,0.8457610011100769,0.10934970527887344,0.02671344205737114,0.15948113799095154,0.1699461191892624,1.4273440837860107,0.14244800806045532,0.09850393980741501,0.2834646999835968,0.3818276524543762,0.6365533471107483
main,0.6,53,random,0.0,0.0,0.0,0.6000000238418579,0.4854636788368225,0.0,0.0,0.0,0.0,0.0,0.07129676640033722,0.8631247878074646,0,0,0,0.03,800,200,1.411299705505371,4456.76025390625,0.844788670539856,0.40209367871284485,0.8631247878074646,0.12495386600494385,0.07129676640033722,2.5782880783081055,0.526095986366272,0.11521761864423752,0.8405872583389282,0.35594668984413147,0.11893406510353088
main,0.6,54,random,0.0,0.0,0.0,0.6000000238418579,0.47831153869628906,0.0,0.0,0.0,0.0,0.0,0.3060874342918396,0.9260010123252869,0,0,0,0.03,800,200,1.411299705505371,3999.870849609375,0.7142488360404968,0.4053286910057068,0.8723677396774292,0.4241003394126892,0.9260010123252869,2.1268386840820312,0.37561285495758057,0.10327471047639847,0.44249024987220764,0.3653043806552887,0.3060874342918396
main,0.6,55,random,2.1320791244506836,2.131437301635742,0.0006417089025489986,0.5854005813598633,0.490007609128952,0.014599442481994629,14.599442481994629,7.599592208862305e-06,0.007599592208862305,7.599592208862305e-06,0.2134726643562317,0.7697103023529053,0,0,0,0.03,800,200,1.411299705505371,3615.654296875,0.6044726371765137,0.35129472613334656,0.7179849743843079,0.3693985939025879,0.7697103023529053,3.151854991912842,0.7172850370407104,0.10615156590938568,0.5383856296539307,0.3606736361980438,0.2134726643562317
main,0.6,56,random,0.34972959756851196,0.34972959756851196,0.0,0.6059138178825378,0.48623648285865784,0.005913794040679932,5.913794040679932,0.0,0.0,0.0,0.1914132982492447,0.9398627877235413,0,0,0,0.03,800,200,1.411299705505371,4294.19775390625,0.798342227935791,0.33752262592315674,0.6786360740661621,0.4289519786834717,0.9398627877235413,2.3255491256713867,0.4418496787548065,0.10957343131303787,0.6524476408958435,0.3595706522464752,0.1914132982492447
main,0.6,57,random,6.727007865905762,6.721262454986572,0.005745221395045519,0.5740746259689331,0.490022748708725,0.025925397872924805,25.925397872924805,2.2739171981811523e-05,0.022739171981811523,2.2739171981811523e-05,0.0853118821978569,0.9311320781707764,0,0,0,0.03,800,200,1.411299705505371,3264.451171875,0.5041288733482361,0.3905588686466217,0.8301682472229004,0.12985916435718536,0.0853118821978569,3.793396234512329,0.9311320781707764,0.09793652594089508,0.2645508944988251,0.3783641755580902,0.5672834515571594
main,0.6,58,random,3.5981619358062744,3.5959911346435547,0.0021707178093492985,0.5810369253158569,0.490013986825943,0.018963098526000977,18.963098526000977,1.3977289199829102e-05,0.013977289199829102,1.3977289199829102e-05,0.15157312154769897,0.9341244101524353,0,0,0,0.03,800,200,1.411299705505371,2355.01708984375,0.24429063498973846,0.4269435405731201,0.9341244101524353,0.20849886536598206,0.30999675393104553,3.696561813354492,0.8988538980484009,0.09454719722270966,0.15157312154769897,0.3857460618019104,0.7149212956428528
main,0.6,59,random,3.197442310920451e-10,3.197442310920451e-10,0.0,0.5999998450279236,0.4741840958595276,1.7881393432617188e-07,0.00017881393432617188,0.0,0.0,0.0,0.022806817665696144,0.9180682301521301,0,0,0,0.03,800,200,1.411299705505371,3101.0244140625,0.4574355185031891,0.42132386565208435,0.9180682301521301,0.21444828808307648,0.3269951045513153,2.3317770957946777,0.443925678730011,0.11204208433628082,0.7347360849380493,0.3511403203010559,0.022806817665696144
main,0.6,60,random,2.5446622371673584,2.539243459701538,0.005418687593191862,0.5840650200843811,0.49002209305763245,0.015935003757476807,15.935003280639648,2.2083520889282227e-05,0.022083520889282227,2.2083520889282227e-05,0.16943639516830444,0.942736804485321,0,0,0,0.03,800,200,1.411299705505371,2093.02734375,0.16943639516830444,0.3499497175216675,0.7141420841217041,0.34081923961639404,0.6880549788475037,3.8282103538513184,0.942736804485321,0.10366582870483398,0.4555276930332184,0.36389610171318054,0.2779220640659332
main,0.6,61,random,2.62211275100708,2.6220850944519043,2.7721034712158144e-05,0.5838071703910828,0.4900015890598297,0.016192853450775146,16.192853927612305,1.5795230865478516e-06,0.0015795230865478516,1.5795230865478516e-06,0.04745892062783241,0.604536235332489,0,0,0,0.03,800,200,1.411299705505371,3615.876708984375,0.604536235332489,0.16560766100883484,0.18745043873786926,0.2709256112575531,0.48835888504981995,2.2546756267547607,0.4182252287864685,0.10009851306676865,0.33661696314811707,0.352372944355011,0.04745892062783241
main,0.6,62,random,0.07539784163236618,0.07539784163236618,0.0,0.5972541570663452,0.4838465750217438,0.0027458667755126953,2.7458667755126953,0.0,0.0,0.0,0.25650879740715027,0.7679876089096069,0,0,0,0.03,800,200,1.411299705505371,3231.77001953125,0.4947913885116577,0.34061095118522644,0.6874598860740662,0.3687956631183624,0.7679876089096069,2.2091457843780518,0.403048574924469,0.09769526869058609,0.25650879740715027,0.37014496326446533,0.40289944410324097
main,0.6,63,random,1.2469100952148438,1.2469100952148438,0.0,0.5888335108757019,0.48361945152282715,0.011166512966156006,11.166513442993164,0.0,0.0,0.0,0.029264429584145546,0.6033070683479309,0,0,0,0.03,800,200,1.411299705505371,1712.0474853515625,0.060584988445043564,0.3111574649810791,0.6033070683479309,0.13075701892375946,0.08787719905376434,1.7274363040924072,0.24247875809669495,0.09087793529033661,0.029264429584145546,0.37045326828956604,0.4090653657913208
main,0.6,64,random,0.0,0.0,0.0,0.6000000238418579,0.47882893681526184,0.0,0.0,0.0,0.0,0.0,0.2705945372581482,0.5972017049789429,0,0,0,0.03,800,200,1.411299705505371,3050.22998046875,0.4429228603839874,0.3013796806335449,0.5753705501556396,0.30902060866355896,0.5972017049789429,1.9065381288528442,0.30217936635017395,0.09893498569726944,0.29783281683921814,0.3635297119617462,0.2705945372581482
main,0.6,65,random,8.434000015258789,8.434000015258789,0.0,0.57095867395401,0.48987817764282227,0.0290413498878479,29.041349411010742,0.0,0.0,0.0,0.047774553298950195,0.7177742719650269,0,0,0,0.03,800,200,1.411299705505371,4012.2099609375,0.7177742719650269,0.2049386203289032,0.29982462525367737,0.19008003175258636,0.2573715150356293,2.4122772216796875,0.4707590341567993,0.09143324196338654,0.047774553298950195,0.3656216859817505,0.31243380904197693
main,0.6,66,random,0.42733412981033325,0.42733412981033325,0.0,0.5934629440307617,0.48405909538269043,0.006537079811096191,6.537079811096191,0.0,0.0,0.0,0.07015324383974075,0.7609925866127014,0,0,0,0.03,800,200,1.411299705505371,4163.47412109375,0.7609925866127014,0.1245536357164383,0.07015324383974075,0.29310157895088196,0.5517188310623169,1.9668350219726562,0.32227832078933716,0.09918901324272156,0.3063005208969116,0.36026960611343384,0.20539206266403198
main,0.6,67,random,1.76071298122406,1.76071298122406,0.0,0.5867308378219604,0.48677971959114075,0.013269186019897461,13.269186019897461,0.0,0.0,0.0,0.06227727234363556,0.7167378664016724,0,0,0,0.03,800,200,1.411299705505371,3731.462158203125,0.6375606060028076,0.30010274052619934,0.5717220902442932,0.35085824131965637,0.7167378664016724,2.3013501167297363,0.43378332257270813,0.0918683186173439,0.06227727234363556,0.3760530650615692,0.52106112241745
main,0.6,68,random,4.027338027954102,4.027338027954102,0.0,0.6200682520866394,0.4890512526035309,0.020068228244781494,20.068227767944336,0.0,0.0,0.0,0.2236432135105133,0.6155123710632324,0,0,0,0.03,800,200,1.411299705505371,2428.24169921875,0.26521188020706177,0.31542932987213135,0.6155123710632324,0.2327544093132019,0.37929829955101013,1.6709296703338623,0.2236432135105133,0.10226476192474365,0.40882542729377747,0.37054458260536194,0.41089174151420593
main,0.6,69,random,0.34481915831565857,0.34481915831565857,0.0,0.6058721542358398,0.4878981411457062,0.005872130393981934,5.872130393981934,0.0,0.0,0.0,0.3417515456676483,0.7187992930412292,0,0,0,0.03,800,200,1.411299705505371,2696.13037109375,0.3417515456676483,0.3515797555446625,0.7187992930412292,0.3259865343570709,0.6456758379936218,2.231544017791748,0.4105146825313568,0.10105005651712418,0.368335098028183,0.3698321282863617,0.39664241671562195
main,0.6,70,random,0.0,0.0,0.0,0.6000000238418579,0.4859522879123688,0.0,0.0,0.0,0.0,0.0,0.25865495204925537,0.8413830399513245,0,0,0,0.03,800,200,1.411299705505371,2824.128173828125,0.3783223330974579,0.3944840431213379,0.8413830399513245,0.28300940990448,0.5228840112686157,3.0815749168395996,0.69385826587677,0.10913288593292236,0.6377627849578857,0.3629327416419983,0.25865495204925537
main,0.6,71,random,3.7603862285614014,3.7603862285614014,0.0,0.5806083083152771,0.4899991750717163,0.01939171552658081,19.39171600341797,0.0,0.0,0.0,0.16647514700889587,0.9247292280197144,0,0,0,0.03,800,200,1.411299705505371,4736.55224609375,0.9247292280197144,0.15826630592346191,0.16647514700889587,0.2337566614151001,0.38216185569763184,2.35709285736084,0.4523642361164093,0.09744683653116226,0.24822790920734406,0.36051785945892334,0.2103574275970459
main,0.6,72,random,3.552713678800501e-11,3.552713678800501e-11,0.0,0.5999999642372131,0.4737345278263092,5.960464477539063e-08,5.9604644775390625e-05,0.0,0.0,0.0,0.0497908741235733,0.7823283672332764,0,0,0,0.03,800,200,1.411299705505371,4238.1494140625,0.7823283672332764,0.35722145438194275,0.734918475151062,0.27592840790748596,0.5026525855064392,2.1280577182769775,0.3760192394256592,0.10951296240091324,0.6504321098327637,0.35248953104019165,0.0497908741235733
main,0.6,73,random,0.00023740032338537276,0.00023740032338537276,0.0,0.6001541018486023,0.48001179099082947,0.00015407800674438477,0.15407800674438477,0.0,0.0,0.0,0.07437566667795181,0.6991127729415894,0,0,0,0.03,800,200,1.411299705505371,3946.894775390625,0.6991127729415894,0.30900296568870544,0.5971513390541077,0.12603148818016052,0.07437566667795181,1.5564908981323242,0.18549694120883942,0.09498978406190872,0.1663261502981186,0.3746717572212219,0.4934352934360504
main,0.6,74,random,0.0,0.0,0.0,0.6000000238418579,0.4819701611995697,0.0,0.0,0.0,0.0,0.0,0.1106366291642189,0.9570068120956421,0,0,0,0.03,800,200,1.411299705505371,2903.02880859375,0.400865375995636,0.23767924308776855,0.39336925745010376,0.43495237827301025,0.9570068120956421,1.796910285949707,0.26563674211502075,0.09331910312175751,0.1106366291642189,0.3683333396911621,0.36666709184646606
main,0.6,75,random,0.06253565102815628,0.06253565102815628,0.0,0.5974993109703064,0.4897165596485138,0.0025007128715515137,2.5007128715515137,0.0,0.0,0.0,0.0590147003531456,0.9836628437042236,0,1,1,0.03,800,200,1.411299705505371,4942.8203125,0.9836628437042236,0.35694584250450134,0.7341310381889343,0.12065514922142029,0.0590147003531456,2.325017213821411,0.4416724145412445,0.10822867602109909,0.6076226234436035,0.3668369948863983,0.33673998713493347
main,0.6,76,random,2.757840871810913,2.757840871810913,0.0,0.5833932757377625,0.4849320650100708,0.01660674810409546,16.606748580932617,0.0,0.0,0.0,0.1963455229997635,0.9546882510185242,0,0,0,0.03,800,200,1.411299705505371,4841.4091796875,0.9546882510185242,0.28964465856552124,0.5418418645858765,0.4113967716693878,0.8897050619125366,2.5531740188598633,0.5177246332168579,0.10227963328361511,0.40932098031044006,0.3598172664642334,0.1963455229997635
main,0.6,77,random,1.4711430072784424,1.4711430072784424,0.0,0.6121290922164917,0.48304468393325806,0.012129068374633789,12.129068374633789,0.0,0.0,0.0,0.09272922575473785,0.42618677020072937,0,0,0,0.03,800,200,1.411299705505371,2801.716796875,0.37191909551620483,0.2491653561592102,0.42618677020072937,0.1324552297592163,0.09272922575473785,1.6702988147735596,0.22343292832374573,0.10040684044361115,0.34689468145370483,0.3631681501865387,0.2633630931377411
main,0.6,78,random,0.2561161518096924,0.2561161518096924,0.0,0.6050608158111572,0.4887268543243408,0.005060791969299316,5.060791969299316,0.0,0.0,0.0,0.32515886425971985,0.8009456992149353,0,0,0,0.03,800,200,1.411299705505371,3712.27685546875,0.6320791244506836,0.38033097982406616,0.8009456992149353,0.2876254916191101,0.536072850227356,1.975476622581482,0.32515886425971985,0.10011236369609833,0.33707886934280396,0.3784189820289612,0.5683798789978027
main,0.6,79,random,0.0,0.0,0.0,0.6000000238418579,0.47831037640571594,0.0,0.0,0.0,0.0,0.0,0.07400278747081757,0.954317033290863,0,0,0,0.03,800,200,1.411299705505371,4840.109375,0.954317033290863,0.19309473037719727,0.2659849524497986,0.25160571932792664,0.433159202337265,1.9664965867996216,0.32216551899909973,0.10522531718015671,0.5075105428695679,0.3537001311779022,0.07400278747081757
main,0.6,80,random,0.05780526623129845,0.05780526623129845,0.0,0.597595751285553,0.4892348647117615,0.0024042725563049316,2.4042725563049316,0.0,0.0,0.0,0.2349371612071991,0.817439615726471,0,0,0,0.03,800,200,1.411299705505371,2615.31884765625,0.31866255402565,0.38610386848449707,0.817439615726471,0.33161258697509766,0.6617502570152283,2.781925678253174,0.5939752459526062,0.09704811871051788,0.2349371612071991,0.3788464367389679,0.5769286155700684
main,0.6,81,random,0.2772396504878998,0.2772396504878998,0.0,0.6052653789520264,0.48334038257598877,0.005265355110168457,5.265355110168457,0.0,0.0,0.0,0.14780902862548828,0.7556087374687195,0,0,0,0.03,800,200,1.411299705505371,3971.36865234375,0.7061053514480591,0.316562682390213,0.6187505125999451,0.36446306109428406,0.7556087374687195,1.4907957315444946,0.16359856724739075,0.09443427622318268,0.14780902862548828,0.37922924757003784,0.5845848917961121
main,0.6,82,random,0.1250741183757782,0.1250741183757782,0.0,0.6035366058349609,0.48769867420196533,0.0035365819931030273,3.5365819931030273,0.0,0.0,0.0,0.2828855514526367,0.8557689189910889,0,0,0,0.03,800,200,1.411299705505371,3032.0947265625,0.43774139881134033,0.3995191156864166,0.8557689189910889,0.39004865288734436,0.8287104964256287,3.206049919128418,0.7353499531745911,0.1107221245765686,0.6907374262809753,0.3641442656517029,0.2828855514526367
main,0.6,83,random,0.021058812737464905,0.021054459735751152,4.352074029156938e-06,0.5985490083694458,0.4900006353855133,0.0014510154724121094,1.4510154724121094,6.258487701416016e-07,0.0006258487701416016,6.258487701416016e-07,0.2573709189891815,0.6230019330978394,0,0,0,0.03,800,200,1.411299705505371,3680.5068359375,0.6230019330978394,0.2321794629096985,0.37765559554100037,0.24143728613853455,0.4041065275669098,2.042729377746582,0.34757646918296814,0.09772112965583801,0.2573709189891815,0.36868229508399963,0.37364572286605835
main,0.6,84,random,0.20607508718967438,0.20607508718967438,0.0,0.5954604744911194,0.48960229754447937,0.004539549350738525,4.539549350738525,0.0,0.0,0.0,0.16471976041793823,0.6713405847549438,0,0,0,0.03,800,200,1.411299705505371,2783.00830078125,0.36657384037971497,0.3349691927433014,0.6713405847549438,0.32719850540161133,0.6491385698318481,2.3141841888427734,0.4380614161491394,0.09494159370660782,0.16471976041793823,0.3754301071166992,0.5086021423339844
main,0.6,85,random,1.875938892364502,1.875938892364502,0.0,0.5863035321235657,0.48316630721092224,0.013696491718292236,13.696491241455078,0.0,0.0,0.0,0.024211686104536057,0.29882076382637024,0,0,0,0.03,800,200,1.411299705505371,2537.680419921875,0.29648011922836304,0.17689937353134155,0.2197125107049942,0.18461152911186218,0.24174721539020538,1.896462321281433,0.29882076382637024,0.0907263532280922,0.024211686104536057,0.36332955956459045,0.26659122109413147
main,0.6,86,random,0.7771772146224976,0.7771772146224976,0.0,0.5911842584609985,0.4884091317653656,0.008815765380859375,8.815765380859375,0.0,0.0,0.0,0.11911291629076004,0.7694839835166931,0,0,0,0.03,800,200,1.411299705505371,2147.59814453125,0.18502800166606903,0.3693193793296814,0.7694839835166931,0.2679764926433563,0.47993284463882446,2.6268577575683594,0.5422859191894531,0.09357339143753052,0.11911291629076004,0.3784644603729248,0.5692889094352722
main,0.6,87,random,0.0037507996894419193,0.0037507996894419193,0.0,0.5993875861167908,0.481930136680603,0.0006124377250671387,0.6124377250671387,0.0,0.0,0.0,0.03929944336414337,0.7085443139076233,0,0,0,0.03,800,200,1.411299705505371,2001.16064453125,0.14318877458572388,0.1423393189907074,0.12096947431564331,0.3479905128479004,0.7085443139076233,1.6104767322540283,0.20349223911762238,0.09117898344993591,0.03929944336414337,0.3592956066131592,0.18591246008872986
main,0.6,88,random,0.0,0.0,0.0,0.6000000238418579,0.476871132850647,0.0,0.0,0.0,0.0,0.0,0.020104805007576942,0.7546258568763733,0,0,0,0.03,800,200,1.411299705505371,4141.1904296875,0.7546258568763733,0.10703667998313904,0.020104805007576942,0.29142341017723083,0.5469239950180054,1.3934097290039062,0.13113659620285034,0.09487497806549072,0.16249924898147583,0.37093570828437805,0.41871413588523865
main,0.6,89,random,0.0,0.0,0.0,0.6000000238418579,0.47819453477859497,0.0,0.0,0.0,0.0,0.0,0.06298182159662247,0.9454582929611206,0,0,0,0.03,800,200,1.411299705505371,4809.10400390625,0.9454582929611206,0.2456541359424591,0.4161546528339386,0.3747277855873108,0.7849365472793579,2.0926430225372314,0.36421433091163635,0.10530814528465271,0.5102715492248535,0.35314908623695374,0.06298182159662247
main,0.6,90,random,0.1403454691171646,0.1403454691171646,0.0,0.5962537527084351,0.488658607006073,0.0037462711334228516,3.7462711334228516,0.0,0.0,0.0,0.2823413908481598,0.7149136066436768,0,0,0,0.03,800,200,1.411299705505371,3882.31689453125,0.6806619763374329,0.34532997012138367,0.7009427547454834,0.3502197563648224,0.7149136066436768,2.2559070587158203,0.41863566637039185,0.09847024083137512,0.2823413908481598,0.37562692165374756,0.5125382542610168
main,0.6,91,random,0.2480483204126358,0.2480483204126358,0.0,0.5950195789337158,0.4869806468486786,0.00498044490814209,4.98044490814209,0.0,0.0,0.0,0.3060069978237152,0.7899609804153442,0,0,0,0.03,800,200,1.411299705505371,3871.7001953125,0.6776286363601685,0.37648633122444153,0.7899609804153442,0.3609308898448944,0.7455168962478638,2.6947021484375,0.5649006962776184,0.10547523200511932,0.5158409476280212,0.36530035734176636,0.3060069978237152
main,0.6,92,random,0.48732078075408936,0.48732078075408936,0.0,0.6069808602333069,0.4817711412906647,0.006980836391448975,6.980836391448975,0.0,0.0,0.0,0.15905116498470306,0.9443551898002625,0,0,0,0.03,800,200,1.411299705505371,4629.9501953125,0.8942714929580688,0.36697548627853394,0.7627871036529541,0.4305243194103241,0.9443551898002625,2.2657649517059326,0.42192167043685913,0.11196593940258026,0.7321978807449341,0.3579525649547577,0.15905116498470306
main,0.6,93,random,0.13090334832668304,0.13087350130081177,2.985266655741725e-05,0.5963823795318604,0.4900016486644745,0.0036176443099975586,3.6176443099975586,1.6391277313232422e-06,0.0016391277313232422,1.6391277313232422e-06,0.04355384409427643,0.5365543961524963,0,0,0,0.03,800,200,1.411299705505371,3377.9404296875,0.5365543961524963,0.18981438875198364,0.2566125690937042,0.11524384468793869,0.04355384409427643,1.9512782096862793,0.31709274649620056,0.09578189998865128,0.1927298903465271,0.36912301182746887,0.3824600577354431
main,0.6,94,random,1.8481389284133911,1.8481389284133911,0.0,0.613594651222229,0.4853183925151825,0.013594627380371094,13.594627380371094,0.0,0.0,0.0,0.022141827270388603,0.8860757946968079,0,0,0,0.03,800,200,1.411299705505371,4464.9736328125,0.8471354246139526,0.4101265072822571,0.8860757946968079,0.10774964094161987,0.022141827270388603,1.5112088918685913,0.17040295898914337,0.10852168500423431,0.6173893809318542,0.36955299973487854,0.39106008410453796
main,0.6,95,random,0.0,0.0,0.0,0.6000000238418579,0.4809155762195587,0.0,0.0,0.0,0.0,0.0,0.260013222694397,0.9089657664299011,0,0,0,0.03,800,200,1.411299705505371,4263.857421875,0.7896736264228821,0.4181379973888397,0.9089657664299011,0.28612053394317627,0.5317729711532593,2.376091718673706,0.45869725942611694,0.108326755464077,0.6108919382095337,0.36300066113471985,0.260013222694397
main,0.6,96,random,1.1115963459014893,1.1115963459014893,0.0,0.6105432510375977,0.48915502429008484,0.010543227195739746,10.543227195739746,0.0,0.0,0.0,0.0984497219324112,0.6723753809928894,0,0,0,0.03,800,200,1.411299705505371,3750.4619140625,0.6429890990257263,0.33533138036727905,0.6723753809928894,0.13445740938186646,0.0984497219324112,1.78201425075531,0.2606714069843292,0.10268332064151764,0.4227772355079651,0.3749849200248718,0.499698281288147
main,0.6,97,random,0.7028128504753113,0.7028128504753113,0.0,0.5916166305541992,0.4899250864982605,0.008383393287658691,8.383393287658691,0.0,0.0,0.0,0.04311211779713631,0.24798069894313812,0,0,0,0.03,800,200,1.411299705505371,1746.4429931640625,0.0704122930765152,0.12794065475463867,0.07983044534921646,0.1867932379245758,0.24798069894313812,1.6877670288085938,0.22925567626953125,0.09129336476325989,0.04311211779713631,0.3595035970211029,0.1900719851255417
main,0.6,98,random,0.0,0.0,0.0,0.6000000238418579,0.48626908659935,0.0,0.0,0.0,0.0,0.0,0.047587525099515915,0.9862827658653259,0,1,1,0.03,800,200,1.411299705505371,4150.8291015625,0.7573797702789307,0.37749114632606506,0.7928318977355957,0.4451989531517029,0.9862827658653259,2.9625844955444336,0.6541948318481445,0.11499032378196716,0.833010733127594,0.35237938165664673,0.047587525099515915
main,0.6,99,random,3.552713678800501e-11,3.552713678800501e-11,0.0,0.5999999642372131,0.4694027900695801,5.960464477539063e-08,5.9604644775390625e-05,0.0,0.0,0.0,0.10259135812520981,0.6934598684310913,0,0,0,0.03,800,200,1.411299705505371,3927.109619140625,0.6934598684310913,0.15423715114593506,0.15496326982975006,0.24384325742721558,0.410980761051178,1.3077740669250488,0.10259135812520981,0.09738427400588989,0.24614252150058746,0.35866260528564453,0.17325206100940704
main,0.6,100,random,0.0,0.0,0.0,0.6000000238418579,0.4777529239654541,0.0,0.0,0.0,0.0,0.0,0.06993230432271957,0.4923925995826721,0,0,0,0.03,800,200,1.411299705505371,3223.3740234375,0.4923925995826721,0.12506051361560822,0.07160146534442902,0.27077212929725647,0.4879203736782074,1.7501356601715088,0.2500452399253845,0.10032668709754944,0.3442229628562927,0.35349661111831665,0.06993230432271957
main,0.6,101,random,0.11770277470350266,0.11770277470350266,0.0,0.6034308075904846,0.48963966965675354,0.003430783748626709,3.430783748626709,0.0,0.0,0.0,0.15077924728393555,0.6950734853744507,0,0,0,0.03,800,200,1.411299705505371,3454.3896484375,0.5583970546722412,0.3432757258415222,0.6950734853744507,0.2850029468536377,0.528579831123352,1.8365784883499146,0.2788594961166382,0.09452337771654129,0.15077924728393555,0.3842090666294098,0.6841813921928406
main,0.6,102,random,1.5788713693618774,1.5788713693618774,0.0,0.6125653386116028,0.4834967255592346,0.012565314769744873,12.565315246582031,0.0,0.0,0.0,0.21539264917373657,0.7661994099617004,0,0,0,0.03,800,200,1.411299705505371,2533.033935546875,0.29515254497528076,0.36816978454589844,0.7661994099617004,0.29085081815719604,0.5452880263328552,1.6461780071258545,0.21539264917373657,0.1027778685092926,0.42592889070510864,0.3668076694011688,0.3361535370349884
main,0.6,103,random,0.04393954575061798,0.04393954575061798,0.0,0.6020961999893188,0.4895886182785034,0.0020961761474609375,2.0961761474609375,0.0,0.0,0.0,0.2516018748283386,0.9106137752532959,0,0,0,0.03,800,200,1.411299705505371,4687.1484375,0.9106137752532959,0.32223978638648987,0.6349707841873169,0.3300732672214508,0.6573522090911865,2.379182815551758,0.45972755551338196,0.10879810154438019,0.6266034841537476,0.3625800907611847,0.2516018748283386
main,0.6,104,random,0.033560361713171005,0.033560361713171005,0.0,0.6018319725990295,0.4874567687511444,0.0018319487571716309,1.8319487571716309,0.0,0.0,0.0,0.22054557502269745,0.9311567544937134,0,0,0,0.03,800,200,1.411299705505371,2271.909423828125,0.22054557502269745,0.4259048402309418,0.9311567544937134,0.21250157058238983,0.32143306732177734,3.4113667011260986,0.8037889003753662,0.11364752799272537,0.7882509231567383,0.3614601790904999,0.22920385003089905
main,0.6,105,random,3.8478541374206543,3.8478541374206543,0.0,0.6196159720420837,0.48276862502098083,0.01961594820022583,19.615947723388672,0.0,0.0,0.0,0.2160806804895401,0.8469387888908386,0,0,0,0.03,800,200,1.411299705505371,3774.205322265625,0.6497729420661926,0.3441371023654938,0.6975346207618713,0.39642855525016785,0.8469387888908386,1.6482419967651367,0.2160806804895401,0.10875257104635239,0.625085711479187,0.3624223470687866,0.24844679236412048
main,0.6,106,random,0.0,0.0,0.0,0.6000000238418579,0.4869466722011566,0.0,0.0,0.0,0.0,0.0,0.403177946805954,0.8785688877105713,0,0,0,0.03,800,200,1.411299705505371,3955.46533203125,0.7015615105628967,0.4074991047382355,0.8785688877105713,0.3003905415534973,0.5725443959236145,2.3838977813720703,0.46129921078681946,0.1020953357219696,0.403177946805954,0.3745678663253784,0.49135705828666687
main,0.6,107,random,23.075963973999023,23.06064224243164,0.015321236103773117,0.5519785284996033,0.49003714323043823,0.04802149534225464,48.0214958190918,3.713369369506836e-05,0.03713369369506836,3.713369369506836e-05,0.007428232114762068,0.973355770111084,1,0,1,0.03,800,200,1.411299705505371,1525.998779296875,0.007428232114762068,0.27929532527923584,0.5122723579406738,0.15606369078159332,0.16018198430538177,3.920067310333252,0.973355770111084,0.09486906230449677,0.16230198740959167,0.3533196747303009,0.06639363616704941
main,0.6,108,random,0.0,0.0,0.0,0.6000000238418579,0.48364895582199097,0.0,0.0,0.0,0.0,0.0,0.324404776096344,0.8588240742683411,0,0,0,0.03,800,200,1.411299705505371,2668.7607421875,0.3339316248893738,0.3988906741142273,0.853973388671875,0.40058842301368713,0.8588240742683411,2.566561222076416,0.5221871137619019,0.09973214566707611,0.324404776096344,0.37168994545936584,0.43379899859428406
main,0.6,109,random,0.0,0.0,0.0,0.6000000238418579,0.47791558504104614,0.0,0.0,0.0,0.0,0.0,0.22459550201892853,0.9212288856506348,0,0,0,0.03,800,200,1.411299705505371,2386.6845703125,0.25333845615386963,0.4224300980567932,0.9212288856506348,0.2077575922012329,0.3078788220882416,1.9249699115753174,0.30832329392433167,0.10373352468013763,0.4577842056751251,0.3612297773361206,0.22459550201892853
main,0.6,110,random,8.513222694396973,8.513222694396973,0.0,0.5708225965499878,0.4899798631668091,0.029177427291870117,29.177427291870117,0.0,0.0,0.0,0.020325040444731712,0.9482690691947937,0,0,0,0.03,800,200,1.411299705505371,4818.94140625,0.9482690691947937,0.16265353560447693,0.1790100783109665,0.3783663511276245,0.7953324317932129,2.66163969039917,0.5538799166679382,0.09829872846603394,0.2766243517398834,0.35101625323295593,0.020325040444731712
main,0.6,111,random,15.362527847290039,15.362527847290039,0.0,0.5608049631118774,0.4870133697986603,0.03919506072998047,39.19506072998047,0.0,0.0,0.0,0.05504167079925537,0.8865100145339966,0,0,0,0.03,800,200,1.411299705505371,4602.78515625,0.8865100145339966,0.2854747772216797,0.5299279093742371,0.16726569831371307,0.19218771159648895,2.7720892429351807,0.590696394443512,0.09165125340223312,0.05504167079925537,0.36647433042526245,0.3294867277145386
main,0.6,112,random,3.690462589263916,3.690462589263916,0.0,0.6192106008529663,0.48841753602027893,0.0192105770111084,19.2105770111084,0.0,0.0,0.0,0.12206945568323135,0.7576799988746643,0,0,0,0.03,800,200,1.411299705505371,1927.2431640625,0.12206945568323135,0.2770700454711914,0.5059143900871277,0.36518800258636475,0.7576799988746643,1.623836874961853,0.20794562995433807,0.10116949677467346,0.3723165690898895,0.363170325756073,0.26340681314468384
main,0.6,113,random,2.6720657348632812,2.6720657348632812,0.0,0.6163464784622192,0.4883098304271698,0.016346454620361328,16.346454620361328,0.0,0.0,0.0,0.22086802124977112,0.8041336536407471,0,0,0,0.03,800,200,1.411299705505371,3171.8388671875,0.4776681959629059,0.3814467787742615,0.8041336536407471,0.26828959584236145,0.4808274507522583,2.2795441150665283,0.4265146851539612,0.11345358192920685,0.7817862629890442,0.36104339361190796,0.22086802124977112
main,0.6,114,random,3.244767665863037,3.244767665863037,0.0,0.6180132627487183,0.4888056814670563,0.01801323890686035,18.01323890686035,0.0,0.0,0.0,0.15685366094112396,0.7025185227394104,0,0,0,0.03,800,200,1.411299705505371,3958.81494140625,0.7025185227394104,0.1548987776041031,0.15685366094112396,0.21507221460342407,0.3287777602672577,1.6518244743347168,0.21727479994297028,0.10322003066539764,0.44066762924194336,0.3690032958984375,0.3800661563873291
main,0.6,115,random,22.747783660888672,22.744075775146484,0.003708332311362028,0.5523092746734619,0.4900182783603668,0.047690749168395996,47.69075012207031,1.8268823623657227e-05,0.018268823623657227,1.8268823623657227e-05,0.02464495413005352,0.9868821501731873,0,1,1,0.03,800,200,1.411299705505371,1586.25732421875,0.02464495413005352,0.2723219394683838,0.4923483729362488,0.3305928707122803,0.6588367819786072,3.960646390914917,0.9868821501731873,0.09397390484809875,0.13246333599090576,0.35250988602638245,0.05019792541861534
main,0.6,116,random,0.0,0.0,0.0,0.6000000238418579,0.48239943385124207,0.0,0.0,0.0,0.0,0.0,0.2183055877685547,0.9564692974090576,0,0,0,0.03,800,200,1.411299705505371,4847.642578125,0.9564692974090576,0.28023043274879456,0.5149441361427307,0.28643473982810974,0.5326706767082214,2.1368908882141113,0.3789636790752411,0.10452186316251755,0.4840620756149292,0.36091527342796326,0.2183055877685547
main,0.6,117,random,0.05925881117582321,0.05925881117582321,0.0,0.5975657105445862,0.48960748314857483,0.0024343132972717285,2.4343132972717285,0.0,0.0,0.0,0.007310134824365377,0.9805194735527039,1,1,2,0.03,800,200,1.411299705505371,2940.337158203125,0.4115248918533325,0.4431818127632141,0.9805194735527039,0.29791900515556335,0.5654829144477844,1.804028034210205,0.26800936460494995,0.09021930396556854,0.007310134824365377,0.3906656801700592,0.8133136630058289
main,0.6,118,random,0.0,0.0,0.0,0.6000000238418579,0.4785666763782501,0.0,0.0,0.0,0.0,0.0,0.0625523179769516,0.4115029573440552,0,0,0,0.03,800,200,1.411299705505371,2848.117919921875,0.38517653942108154,0.12189331650733948,0.0625523179769516,0.2440260350704193,0.4115029573440552,1.5869653224945068,0.19565512239933014,0.09392236173152924,0.13074523210525513,0.3641097843647003,0.2821959853172302
main,0.6,119,random,3.552713678800501e-11,3.552713678800501e-11,0.0,0.5999999642372131,0.48818665742874146,5.960464477539063e-08,5.9604644775390625e-05,0.0,0.0,0.0,0.05804666131734848,0.9032501578330994,0,0,0,0.03,800,200,1.411299705505371,4114.61572265625,0.7470330595970154,0.38971221446990967,0.8277492523193359,0.41613754630088806,0.9032501578330994,1.5289199352264404,0.17630663514137268,0.0917414054274559,0.05804666131734848,0.3894606828689575,0.7892135977745056
main,0.6,120,random,0.0,0.0,0.0,0.6000000238418579,0.4874117970466614,0.0,0.0,0.0,0.0,0.0,0.13966724276542664,0.9396278858184814,0,0,0,0.03,800,200,1.411299705505371,2438.84033203125,0.2682401239871979,0.40610748529434204,0.8745928406715393,0.22543296217918396,0.35837987065315247,3.8188836574554443,0.9396278858184814,0.11716735363006592,0.9055784940719604,0.35698336362838745,0.13966724276542664
main,0.6,121,random,0.758261501789093,0.758261501789093,0.0,0.608707845211029,0.4862664043903351,0.008707821369171143,8.707820892333984,0.0,0.0,0.0,0.13786858320236206,0.9323219656944275,0,0,0,0.03,800,200,1.411299705505371,4763.126953125,0.9323219656944275,0.2408963441848755,0.4025610089302063,0.35106855630874634,0.7173388004302979,1.5048112869262695,0.16827042400836945,0.0941360592842102,0.13786858320236206,0.38230130076408386,0.6460261344909668
main,0.6,122,random,0.0,0.0,0.0,0.6000000238418579,0.47897693514823914,0.0,0.0,0.0,0.0,0.0,0.08167041838169098,0.5680566430091858,0,0,0,0.03,800,200,1.411299705505371,3067.8203125,0.447948694229126,0.29881981015205383,0.5680566430091858,0.12858465313911438,0.08167041838169098,1.6768577098846436,0.22561924159526825,0.0964733213186264,0.2157771736383438,0.36831530928611755,0.36630645394325256
main,0.6,123,random,0.003688999218866229,0.003688999218866229,0.0,0.6006073951721191,0.48240724205970764,0.0006073713302612305,0.6073713302612305,0.0,0.0,0.0,0.24220524728298187,0.9730686545372009,0,0,0,0.03,800,200,1.411299705505371,4397.21337890625,0.827775239944458,0.1847718358039856,0.24220524728298187,0.4405740201473236,0.9730686545372009,1.900457501411438,0.3001525104045868,0.09934084862470627,0.3113616704940796,0.3631736934185028,0.2634741961956024
main,0.6,124,random,0.19510962069034576,0.19510962069034576,0.0,0.595582902431488,0.48950132727622986,0.004417121410369873,4.417121410369873,0.0,0.0,0.0,0.1324998140335083,0.7354850172996521,0,0,0,0.03,800,200,1.411299705505371,3073.6845703125,0.4496241807937622,0.3574197590351105,0.7354850172996521,0.2887483835220337,0.5392810702323914,3.081676959991455,0.6938923001289368,0.11074868589639664,0.6916229724884033,0.3566249907016754,0.1324998140335083
main,0.6,125,random,2.464726209640503,2.464726209640503,0.0,0.5843005776405334,0.4899967610836029,0.015699446201324463,15.699445724487305,0.0,0.0,0.0,0.2210855931043625,0.8158558011054993,0,0,0,0.03,800,200,1.411299705505371,4355.4951171875,0.8158558011054993,0.178939551115036,0.22554154694080353,0.3178299069404602,0.6223711967468262,2.3137824535369873,0.4379274845123291,0.09663257002830505,0.2210855931043625,0.3623189628124237,0.2463793307542801
main,0.6,126,random,8.150476455688477,8.148727416992188,0.001749129150994122,0.5714540481567383,0.4900125563144684,0.02854597568511963,28.545974731445312,1.2546777725219727e-05,0.012546777725219727,1.2546777725219727e-05,0.025122852995991707,0.8615240454673767,0,0,0,0.03,800,200,1.411299705505371,2143.76513671875,0.18393287062644958,0.3147830069065094,0.613665759563446,0.4015333950519562,0.8615240454673767,3.188595771789551,0.7295319437980652,0.09075368940830231,0.025122852995991707,0.36931920051574707,0.38638392090797424
main,0.6,127,random,0.0,0.0,0.0,0.6000000238418579,0.4899997413158417,0.0,0.0,0.0,0.0,0.0,0.12035739421844482,0.964896023273468,0,0,0,0.03,800,200,1.411299705505371,4444.9970703125,0.841427743434906,0.4377135932445526,0.964896023273468,0.14212508499622345,0.12035739421844482,2.0282046794891357,0.3427349030971527,0.09687896817922592,0.22929883003234863,0.38628196716308594,0.725639283657074
main,0.6,128,random,0.2470281720161438,0.2470281720161438,0.0,0.6049702167510986,0.48651909828186035,0.004970192909240723,4.970192909240723,0.0,0.0,0.0,0.040422745048999786,0.8166553974151611,0,0,0,0.03,800,200,1.411299705505371,4358.2939453125,0.8166553974151611,0.3624236285686493,0.7497818470001221,0.11414796113967896,0.040422745048999786,1.5344456434249878,0.1781485378742218,0.09902902692556381,0.3009674549102783,0.379505455493927,0.5901089906692505
main,0.6,129,random,0.010614486411213875,0.010614486411213875,0.0,0.5989697575569153,0.4882369637489319,0.001030266284942627,1.030266284942627,0.0,0.0,0.0,0.4088347852230072,0.9020203351974487,0,0,0,0.03,800,200,1.411299705505371,2976.08349609375,0.4217381477355957,0.4157071113586426,0.9020203351974487,0.24309217929840088,0.4088347852230072,2.8991951942443848,0.6330651044845581,0.10239067673683167,0.41302254796028137,0.3758608400821686,0.5172169804573059
main,0.6,130,random,0.8044525980949402,0.8044525980949402,0.0,0.6089691519737244,0.48983094096183777,0.008969128131866455,8.969127655029297,0.0,0.0,0.0,0.3303815722465515,0.7537991404533386,0,0,0,0.03,800,200,1.411299705505371,4138.296875,0.7537991404533386,0.2862788736820221,0.5322253704071045,0.31531432271003723,0.6151837706565857,1.9911446571350098,0.3303815722465515,0.1027919128537178,0.42639705538749695,0.3708532154560089,0.41706448793411255
main,0.6,131,random,0.0,0.0,0.0,0.6000000238418579,0.4727829396724701,0.0,0.0,0.0,0.0,0.0,0.11456876993179321,0.9158495664596558,0,0,0,0.03,800,200,1.411299705505371,2587.662109375,0.31076064705848694,0.42054733633995056,0.9158495664596558,0.3293744921684265,0.65535569190979,1.3437063694000244,0.11456876993179321,0.10149194300174713,0.3830648362636566,0.35886791348457336,0.1773582100868225
main,0.6,132,random,0.03785416856408119,0.03785416856408119,0.0,0.5980544090270996,0.48392170667648315,0.0019456148147583008,1.9456148147583008,0.0,0.0,0.0,0.19797152280807495,0.7225131988525391,0,0,0,0.03,800,200,1.411299705505371,2321.39453125,0.23468416929244995,0.3528796136379242,0.7225131988525391,0.34800755977630615,0.7085930109024048,2.552436113357544,0.5174787044525146,0.10315363854169846,0.43845459818840027,0.35989856719970703,0.19797152280807495
main,0.6,133,random,0.09496747702360153,0.09496747702360153,0.0,0.6030817031860352,0.4883100688457489,0.003081679344177246,3.081679344177246,0.0,0.0,0.0,0.09163565933704376,0.9653433561325073,0,0,0,0.03,800,200,1.411299705505371,1820.724853515625,0.09163565933704376,0.41816776990890503,0.9090508222579956,0.43787017464637756,0.9653433561325073,1.9792176485061646,0.3264058828353882,0.09838944673538208,0.279648095369339,0.37512409687042236,0.5024818181991577
main,0.6,134,random,0.5506352782249451,0.5506352782249451,0.0,0.5925795435905457,0.4847797155380249,0.007420480251312256,7.420480251312256,0.0,0.0,0.0,0.11204235255718231,0.6971072554588318,0,0,0,0.03,800,200,1.411299705505371,3939.87548828125,0.6971072554588318,0.16997697949409485,0.1999342441558838,0.16660889983177185,0.19031113386154175,1.9169154167175293,0.30563846230506897,0.0933612734079361,0.11204235255718231,0.3701767325401306,0.4035348892211914
main,0.6,135,random,1.905390977859497,1.9011181592941284,0.004272769670933485,0.5862119197845459,0.49001961946487427,0.013788104057312012,13.788104057312012,1.9609928131103516e-05,0.019609928131103516,1.9609928131103516e-05,0.05000653862953186,0.8368518352508545,0,0,0,0.03,800,200,1.411299705505371,1675.02294921875,0.05000653862953186,0.33827096223831177,0.6807741522789001,0.30648621916770935,0.5899606347084045,3.5105555057525635,0.8368518352508545,0.10637561976909637,0.5458540320396423,0.3568544089794159,0.13708841800689697
main,0.6,136,random,2.3635451793670654,2.3635451793670654,0.0,0.6153738498687744,0.48532792925834656,0.015373826026916504,15.373826026916504,0.0,0.0,0.0,0.13930456340312958,0.8008853197097778,0,0,0,0.03,800,200,1.411299705505371,2004.2393798828125,0.1440683901309967,0.3803098499774933,0.8008853197097778,0.22907084226608276,0.36877384781837463,1.4179136753082275,0.13930456340312958,0.10211797803640366,0.40393248200416565,0.3673105239868164,0.3462107181549072
main,0.6,137,random,16.023584365844727,16.023584365844727,0.0,0.5599705576896667,0.48954764008522034,0.04002946615219116,40.02946472167969,0.0,0.0,0.0,0.045439574867486954,0.9023264646530151,0,0,0,0.03,800,200,1.411299705505371,4658.142578125,0.9023264646530151,0.1856527179479599,0.24472205340862274,0.11753035336732864,0.050086721777915955,2.674717664718628,0.558239221572876,0.09136319160461426,0.045439574867486954,0.35808488726615906,0.16169758141040802
main,0.6,138,random,4.624906063079834,4.624906063079834,0.0,0.621505618095398,0.48901131749153137,0.02150559425354004,21.50559425354004,0.0,0.0,0.0,0.15596884489059448,0.6739482879638672,0,0,0,0.03,800,200,1.411299705505371,3541.310302734375,0.583231508731842,0.24956414103507996,0.42732611298561096,0.22406193614006042,0.3544626533985138,1.8627517223358154,0.2875839173793793,0.11021845042705536,0.6739482879638672,0.35779842734336853,0.15596884489059448
main,0.6,139,random,4.1797320591285825e-06,4.1797320591285825e-06,0.0,0.5999795794487,0.48602619767189026,2.0444393157958984e-05,0.020444393157958984,0.0,0.0,0.0,0.2746374011039734,0.9523971080780029,0,0,0,0.03,800,200,1.411299705505371,4833.3896484375,0.9523971080780029,0.41275519132614136,0.893586277961731,0.19612309336662292,0.2746374011039734,1.852360725402832,0.28412023186683655,0.10036002844572067,0.3453342318534851,0.3790135979652405,0.5802719593048096
main,0.6,140,random,3.0241668224334717,3.0241668224334717,0.0,0.6173901557922363,0.4866887331008911,0.017390131950378418,17.390132904052734,0.0,0.0,0.0,0.17874757945537567,0.7714959979057312,0,0,0,0.03,800,200,1.411299705505371,2440.10107421875,0.26860034465789795,0.29207560420036316,0.5487874150276184,0.37002357840538025,0.7714959979057312,1.5362427234649658,0.17874757945537567,0.09874288737773895,0.2914295196533203,0.3704583942890167,0.4091678857803345
main,0.6,141,random,0.0,0.0,0.0,0.6000000238418579,0.4695410132408142,0.0,0.0,0.0,0.0,0.0,0.10404697805643082,0.6479973793029785,0,0,0,0.03,800,200,1.411299705505371,3166.21044921875,0.4760601222515106,0.32679909467697144,0.6479973793029785,0.13641643524169922,0.10404697805643082,1.4185590744018555,0.13951970636844635,0.10025060921907425,0.3416869342327118,0.3560526967048645,0.12105413526296616
main,0.6,142,random,0.0,0.0,0.0,0.6000000238418579,0.4713799059391022,0.0,0.0,0.0,0.0,0.0,0.061771128326654434,0.7795056104660034,0,0,0,0.03,800,200,1.411299705505371,2851.28125,0.38608038425445557,0.3728269636631012,0.7795056104660034,0.21561062335968018,0.33031603693962097,1.18531334400177,0.061771128326654434,0.0996554046869278,0.32184669375419617,0.3593222200870514,0.1864442229270935
main,0.6,143,random,0.8823025226593018,0.8823025226593018,0.0,0.5906069278717041,0.4896030128002167,0.009393095970153809,9.393095970153809,0.0,0.0,0.0,0.20119142532348633,0.9728673696517944,0,0,0,0.03,800,200,1.411299705505371,3612.353515625,0.6035295724868774,0.4405035674571991,0.9728673696517944,0.17041699588298798,0.20119142532348633,3.500067710876465,0.8333559036254883,0.10369817167520523,0.4566056728363037,0.3794998526573181,0.5899971723556519
main,0.6,144,random,0.0,0.0,0.0,0.6000000238418579,0.4829595685005188,0.0,0.0,0.0,0.0,0.0,0.13080984354019165,0.9035508632659912,0,0,0,0.03,800,200,1.411299705505371,1958.3857421875,0.13096736371517181,0.416242778301239,0.9035508632659912,0.17202851176261902,0.2057957649230957,2.6948649883270264,0.5649549961090088,0.1106022447347641,0.6867414116859436,0.3565405011177063,0.13080984354019165
main,0.6,145,random,0.0,0.0,0.0,0.6000000238418579,0.48238319158554077,0.0,0.0,0.0,0.0,0.0,0.013732042163610458,0.6473448872566223,1,0,1,0.03,800,200,1.411299705505371,1548.0621337890625,0.013732042163610458,0.3265707194805145,0.6473448872566223,0.231103777885437,0.3745822012424469,1.449877142906189,0.1499590426683426,0.09302972257137299,0.10099073499441147,0.3685036897659302,0.370074063539505
main,0.6,146,random,0.40442705154418945,0.40442705154418945,0.0,0.6063594818115234,0.4890677034854889,0.006359457969665527,6.359457969665527,0.0,0.0,0.0,0.25053587555885315,0.7288731336593628,0,0,0,0.03,800,200,1.411299705505371,3272.16650390625,0.5063332915306091,0.35510557889938354,0.7288731336593628,0.2845517694950104,0.5272907614707947,2.3484840393066406,0.4494946599006653,0.108803890645504,0.6267963647842407,0.3625268042087555,0.25053587555885315
main,0.6,147,random,0.0,0.0,0.0,0.6000000238418579,0.4803643524646759,0.0,0.0,0.0,0.0,0.0,0.0031565935350954533,0.6787854433059692,1,0,1,0.03,800,200,1.411299705505371,3875.7490234375,0.6787854433059692,0.2109166830778122,0.31690481305122375,0.10110481083393097,0.0031565935350954533,1.9401499032974243,0.3133833110332489,0.10637740045785904,0.5459132790565491,0.3511028587818146,0.02205747179687023
main,0.6,148,random,0.0036083522718399763,0.0036083522718399763,0.0,0.5993993282318115,0.48675447702407837,0.0006006956100463867,0.6006956100463867,0.0,0.0,0.0,0.017695017158985138,0.9636902809143066,2,0,2,0.03,800,200,1.411299705505371,4872.916015625,0.9636902809143066,0.10621387511491776,0.017753927037119865,0.10619325935840607,0.017695017158985138,1.5109944343566895,0.17033147811889648,0.09191770106554031,0.06392330676317215,0.3883393704891205,0.7667872905731201
main,0.6,149,random,1.4956218004226685,1.4956218004226685,0.0,0.612229585647583,0.4874635934829712,0.012229561805725098,12.229561805725098,0.0,0.0,0.0,0.3292146325111389,0.9923524260520935,0,1,1,0.03,800,200,1.411299705505371,4973.2333984375,0.9923524260520935,0.42223915457725525,0.9206833243370056,0.3088468909263611,0.596705436706543,1.9876439571380615,0.3292146325111389,0.11111180484294891,0.7037269473075867,0.36940422654151917,0.38808444142341614
main,0.6,150,random,0.0952211245894432,0.0952211245894432,0.0,0.5969142317771912,0.48895347118377686,0.003085792064666748,3.085792064666748,0.0,0.0,0.0,0.17727382481098175,0.9880405068397522,0,1,1,0.03,800,200,1.411299705505371,2120.45849609375,0.17727382481098175,0.4458141624927521,0.9880405068397522,0.2911757528781891,0.5462164282798767,3.086365222930908,0.6954550743103027,0.10324351489543915,0.44145044684410095,0.3739330470561981,0.47866106033325195
main,0.6,151,random,0.0427088625729084,0.0427088625729084,0.0,0.5979334115982056,0.4858778119087219,0.0020666122436523438,2.0666122436523438,0.0,0.0,0.0,0.16473354399204254,0.8227139711380005,0,0,0,0.03,800,200,1.411299705505371,3695.3095703125,0.6272312998771667,0.3879498839378357,0.8227139711380005,0.17660489678382874,0.2188711017370224,2.6042909622192383,0.5347636938095093,0.11192553490400314,0.7308512330055237,0.3582366704940796,0.16473354399204254
main,0.6,152,random,0.17616823315620422,0.17616823315620422,0.0,0.6041972637176514,0.48757404088974,0.004197239875793457,4.197239875793457,0.0,0.0,0.0,0.14858077466487885,0.9130429625511169,0,0,0,0.03,800,200,1.411299705505371,4289.72998046875,0.7970656752586365,0.41956502199172974,0.9130429625511169,0.2519388496875763,0.4341110289096832,1.4457423686981201,0.14858077466487885,0.09763976186513901,0.25465863943099976,0.3834475576877594,0.6689512729644775
main,0.6,153,random,6.7507171630859375,6.744338035583496,0.006379252765327692,0.5740301609039307,0.49002397060394287,0.025969862937927246,25.969863891601562,2.396106719970703e-05,0.02396106719970703,2.396106719970703e-05,0.041410237550735474,0.9003990292549133,0,0,0,0.03,800,200,1.411299705505371,2027.2093505859375,0.15063124895095825,0.3504224121570587,0.7154926657676697,0.18411001563072205,0.24031434953212738,3.7011971473693848,0.9003990292549133,0.09124231338500977,0.041410237550735474,0.37848377227783203,0.5696751475334167
main,0.6,154,random,2.1992692947387695,2.1992692947387695,0.0,0.5851700901985168,0.48197489976882935,0.014829933643341064,14.829933166503906,0.0,0.0,0.0,0.11760836839675903,0.8962184190750122,0,0,0,0.03,800,200,1.411299705505371,4140.36962890625,0.7543913125991821,0.15759415924549103,0.16455473005771637,0.4136764407157898,0.8962184190750122,2.0492119789123535,0.349737286567688,0.09352825582027435,0.11760836839675903,0.3638738989830017,0.2774781584739685
main,0.6,155,random,0.25107356905937195,0.25107356905937195,0.0,0.6050107479095459,0.4865158200263977,0.005010724067687988,5.010724067687988,0.0,0.0,0.0,0.27197015285491943,0.8145281672477722,0,0,0,0.03,800,200,1.411299705505371,3172.103759765625,0.477743923664093,0.3850848376750946,0.8145281672477722,0.259137362241745,0.45467814803123474,1.8159104585647583,0.27197015285491943,0.09866498410701752,0.28883275389671326,0.3768932819366455,0.537865936756134
main,0.6,156,random,8.641571998596191,8.635675430297852,0.005896804388612509,0.5706135034561157,0.49002304673194885,0.029386520385742188,29.386520385742188,2.3037195205688477e-05,0.023037195205688477,2.3037195205688477e-05,0.010191823355853558,0.8567841053009033,2,0,2,0.03,800,200,1.411299705505371,1549.4312744140625,0.014123223721981049,0.2972524166107178,0.5635783076286316,0.39987441897392273,0.8567841053009033,2.963360071182251,0.6544533371925354,0.09030576050281525,0.010191823355853558,0.36515122652053833,0.3030244708061218
main,0.6,157,random,0.006977252196520567,0.006977252196520567,0.0,0.5991647243499756,0.4888443350791931,0.0008352994918823242,0.8352994918823242,0.0,0.0,0.0,0.07359573245048523,0.9615703225135803,0,0,0,0.03,800,200,1.411299705505371,2876.09716796875,0.39317062497138977,0.430347740650177,0.9438506960868835,0.4365496039390564,0.9615703225135803,2.139033794403076,0.379677951335907,0.0922078788280487,0.07359573245048523,0.3873603940010071,0.7472076416015625
main,0.6,158,random,6.220310688018799,6.220310688018799,0.0,0.5750594735145569,0.48992034792900085,0.024940550327301025,24.940549850463867,0.0,0.0,0.0,0.07708649337291718,0.6113362312316895,0,0,0,0.03,800,200,1.411299705505371,3639.6767578125,0.6113362312316895,0.13816197216510773,0.10903418809175491,0.17437434196472168,0.21249814331531525,2.319361686706543,0.4397871792316437,0.09494528919458389,0.16484291851520538,0.35385432839393616,0.07708649337291718
main,0.6,159,random,0.14487412571907043,0.14487412571907043,0.0,0.6038062572479248,0.48271435499191284,0.0038062334060668945,3.8062334060668945,0.0,0.0,0.0,0.14736407995224,0.9461799263954163,0,0,0,0.03,800,200,1.411299705505371,4811.6298828125,0.9461799263954163,0.151577427983284,0.14736407995224,0.17108991742134094,0.2031140774488449,1.4523564577102661,0.15078549087047577,0.09446224570274353,0.14874131977558136,0.3797169625759125,0.5943389534950256
main,0.6,160,random,2.181309223175049,2.181309223175049,0.0,0.5852307677268982,0.48856496810913086,0.014769256114959717,14.769256591796875,0.0,0.0,0.0,0.2974623739719391,0.9412395358085632,0,0,0,0.03,800,200,1.411299705505371,4794.33837890625,0.9412395358085632,0.3581547141075134,0.7375848889350891,0.4154728651046753,0.9013510942459106,2.843634843826294,0.6145449280738831,0.10449180006980896,0.4830600321292877,0.36487311124801636,0.2974623739719391
main,0.6,161,random,0.0,0.0,0.0,0.6000000238418579,0.48172232508659363,0.0,0.0,0.0,0.0,0.0,0.08801878243684769,0.7716830372810364,0,0,0,0.03,800,200,1.411299705505371,2258.517333984375,0.21671923995018005,0.370089054107666,0.7716830372810364,0.15019559860229492,0.14341598749160767,1.2640563249588013,0.08801878243684769,0.09345147758722305,0.11504905670881271,0.3748546540737152,0.4970929026603699
main,0.6,162,random,0.0,0.0,0.0,0.6000000238418579,0.4899986684322357,0.0,0.0,0.0,0.0,0.0,0.22150938212871552,0.8565252423286438,0,0,0,0.03,800,200,1.411299705505371,2275.28271484375,0.22150938212871552,0.38569191098213196,0.8162626624107361,0.39978381991386414,0.8565252423286438,2.7694361209869385,0.5898120403289795,0.09760239720344543,0.2534131407737732,0.377296507358551,0.5459300875663757
main,0.6,163,random,3.3461289405822754,3.3461289405822754,0.0,0.6182924509048462,0.4795914888381958,0.01829242706298828,18.29242706298828,0.0,0.0,0.0,0.08251388370990753,0.5851412415504456,0,0,0,0.03,800,200,1.411299705505371,3260.6064453125,0.5030304193496704,0.1288798600435257,0.08251388370990753,0.15687112510204315,0.1624889373779297,1.3801981210708618,0.1267327070236206,0.10755423456430435,0.5851412415504456,0.3552885353565216,0.10577068477869034
main,0.6,164,random,0.0,0.0,0.0,0.6000000238418579,0.4829464852809906,0.0,0.0,0.0,0.0,0.0,0.2084885835647583,0.801567792892456,0,0,0,0.03,800,200,1.411299705505371,4305.4873046875,0.801567792892456,0.3544608950614929,0.7270311713218689,0.30345579981803894,0.581302285194397,1.625465750694275,0.2084885835647583,0.09703784435987473,0.2345946729183197,0.37690916657447815,0.538183331489563
main,0.6,165,random,0.0,0.0,0.0,0.6000000238418579,0.4705841541290283,0.0,0.0,0.0,0.0,0.0,0.025043310597538948,0.7444546818733215,0,0,0,0.03,800,200,1.411299705505371,2222.0341796875,0.20629550516605377,0.3605591356754303,0.7444546818733215,0.1578080654144287,0.16516590118408203,1.5614410638809204,0.18714702129364014,0.1036607176065445,0.455357164144516,0.35125216841697693,0.025043310597538948
main,0.6,166,random,0.47508230805397034,0.47508230805397034,0.0,0.6068926453590393,0.4839080572128296,0.0068926215171813965,6.8926215171813965,0.0,0.0,0.0,0.01369598787277937,0.9383589625358582,1,0,1,0.03,800,200,1.411299705505371,3762.708740234375,0.6464881896972656,0.30944448709487915,0.598412811756134,0.4284256398677826,0.9383589625358582,2.304165840148926,0.4347219169139862,0.1115075871348381,0.7169196605682373,0.35068479180336,0.01369598787277937
main,0.6,167,random,0.0,0.0,0.0,0.6000000238418579,0.472682386636734,0.0,0.0,0.0,0.0,0.0,0.04967488348484039,0.5743939280509949,0,0,0,0.03,800,200,1.411299705505371,3510.37890625,0.5743939280509949,0.2209923416376114,0.34569239616394043,0.29719439148902893,0.5634125471115112,1.4999356269836426,0.16664521396160126,0.0914902463555336,0.04967488348484039,0.3665798604488373,0.3315970003604889
main,0.6,168,random,0.31621289253234863,0.31621289253234863,0.0,0.6056233048439026,0.4867791533470154,0.005623281002044678,5.623281002044678,0.0,0.0,0.0,0.30701330304145813,0.9789761900901794,0,0,0,0.03,800,200,1.411299705505371,4926.4169921875,0.9789761900901794,0.23674333095550537,0.3906952440738678,0.3678283989429474,0.765224039554596,1.9210399389266968,0.30701330304145813,0.09948474168777466,0.31615787744522095,0.37161487340927124,0.4322974681854248
main,0.6,169,random,3.098586082458496,3.098586082458496,0.0,0.5823972225189209,0.48612356185913086,0.01760280132293701,17.602802276611328,0.0,0.0,0.0,0.27080485224723816,0.857853353023529,0,0,0,0.03,800,200,1.411299705505371,4502.48681640625,0.857853353023529,0.28926679491996765,0.5407622456550598,0.3225748538970947,0.6359281539916992,2.487410068511963,0.4958033561706543,0.09812414646148682,0.27080485224723816,0.3658912479877472,0.3178248107433319
main,0.6,170,random,5.308370113372803,5.307645320892334,0.0007247634930536151,0.5769616961479187,0.49000808596611023,0.02303832769393921,23.038328170776367,8.07642936706543e-06,0.00807642936706543,8.07642936706543e-06,0.0628921166062355,0.9454121589660645,0,0,0,0.03,800,200,1.411299705505371,4808.9423828125,0.9454121589660645,0.25191837549209595,0.4340524971485138,0.41438430547714233,0.8982409238815308,2.5172781944274902,0.5057593584060669,0.09188676625490189,0.0628921166062355,0.3743511438369751,0.4870230555534363
main,0.6,171,random,0.0,0.0,0.0,0.6000000238418579,0.4685623049736023,0.0,0.0,0.0,0.0,0.0,0.05779367685317993,0.9672720432281494,0,0,0,0.03,800,200,1.411299705505371,4277.15234375,0.7934721112251282,0.13035914301872253,0.08674038201570511,0.43854519724845886,0.9672720432281494,1.5175166130065918,0.17250555753707886,0.10207737237215042,0.40257900953292847,0.35288968682289124,0.05779367685317993
main,0.6,172,random,0.6138583421707153,0.6138583421707153,0.0,0.6078349351882935,0.48632752895355225,0.007834911346435547,7.834911346435547,0.0,0.0,0.0,0.27712103724479675,0.8725536465644836,0,0,0,0.03,800,200,1.411299705505371,4553.9375,0.8725536465644836,0.25460106134414673,0.4417172968387604,0.25839582085609436,0.4525594711303711,1.9669666290283203,0.32232218980789185,0.10494862496852875,0.49828746914863586,0.3638560473918915,0.27712103724479675
main,0.6,173,random,0.0,0.0,0.0,0.6000000238418579,0.4897300899028778,0.0,0.0,0.0,0.0,0.0,0.11281996220350266,0.7532438039779663,0,0,0,0.03,800,200,1.411299705505371,2440.05908203125,0.2685883045196533,0.3426876366138458,0.6933932304382324,0.3636353313922882,0.7532438039779663,2.2065258026123047,0.40217530727386475,0.09338460117578506,0.11281996220350266,0.3790395259857178,0.5807907581329346
main,0.6,174,random,5.247679710388184,5.240599632263184,0.007079858332872391,0.5771076679229736,0.49002525210380554,0.022892355918884277,22.892356872558594,2.524256706237793e-05,0.02524256706237793,2.524256706237793e-05,0.15044298768043518,0.9332963824272156,0,0,0,0.03,800,200,1.411299705505371,2026.550537109375,0.15044298768043518,0.3367994427680969,0.6765698194503784,0.26051589846611023,0.45861682295799255,3.799889087677002,0.9332963824272156,0.09754787385463715,0.2515958249568939,0.3679104745388031,0.3582095205783844
main,0.6,175,random,0.0,0.0,0.0,0.6000000238418579,0.47567975521087646,0.0,0.0,0.0,0.0,0.0,0.2586943507194519,0.9281922578811646,0,0,0,0.03,800,200,1.411299705505371,3126.554931640625,0.4647299647331238,0.42486727237701416,0.9281922578811646,0.37238141894340515,0.7782326340675354,2.189127206802368,0.39637574553489685,0.10322021692991257,0.44067391753196716,0.3629347085952759,0.2586943507194519
main,0.6,176,random,0.3503008782863617,0.3503008782863617,0.0,0.5940814018249512,0.48000723123550415,0.005918622016906738,5.918622016906738,0.0,0.0,0.0,0.06847690790891647,0.9281238317489624,0,0,0,0.03,800,200,1.411299705505371,4748.43359375,0.9281238317489624,0.22403869032859802,0.3543962836265564,0.39437994360923767,0.8410856127738953,1.904051661491394,0.30135056376457214,0.09205430746078491,0.06847690790891647,0.3731480538845062,0.4629608392715454
main,0.6,177,random,0.8627272248268127,0.8627272248268127,0.0,0.5907117128372192,0.48346778750419617,0.009288311004638672,9.288311004638672,0.0,0.0,0.0,0.043175388127565384,0.5251678824424744,0,0,0,0.03,800,200,1.411299705505371,1915.4786376953125,0.11870817095041275,0.28380876779556274,0.5251678824424744,0.2791236639022827,0.5117819309234619,1.8962868452072144,0.2987622916698456,0.0912952646613121,0.043175388127565384,0.3666374385356903,0.3327489197254181
main,0.6,178,random,3.197442310920451e-10,3.197442310920451e-10,0.0,0.6000002026557922,0.48194777965545654,1.7881393432617188e-07,0.00017881393432617188,0.0,0.0,0.0,0.06981728225946426,0.9854466915130615,0,1,1,0.03,800,200,1.411299705505371,4949.0634765625,0.9854466915130615,0.2914261221885681,0.5469317436218262,0.18019819259643555,0.22913768887519836,2.217038154602051,0.4056794047355652,0.11041321605443954,0.6804405450820923,0.3534908592700958,0.06981728225946426
main,0.6,179,random,7.020692348480225,7.020692348480225,0.0,0.6264966130256653,0.48839080333709717,0.026496589183807373,26.49658966064453,0.0,0.0,0.0,0.04929548129439354,0.7571622133255005,0,0,0,0.03,800,200,1.411299705505371,4137.94287109375,0.7536979913711548,0.11725342273712158,0.04929548129439354,0.36500677466392517,0.7571622133255005,1.399724006652832,0.13324131071567535,0.10539444535970688,0.5131481885910034,0.3738867938518524,0.4777359068393707
main,0.6,180,random,0.0,0.0,0.0,0.6000000238418579,0.46783238649368286,0.0,0.0,0.0,0.0,0.0,0.03161292523145676,0.6036413908004761,0,0,0,0.03,800,200,1.411299705505371,3486.98876953125,0.5677111148834229,0.3112744987010956,0.6036413908004761,0.11106452345848083,0.03161292523145676,1.2699931859970093,0.08999773859977722,0.09885244071483612,0.2950812578201294,0.3564216196537018,0.12843221426010132
main,0.6,181,random,0.0,0.0,0.0,0.6000000238418579,0.4777732491493225,0.0,0.0,0.0,0.0,0.0,0.04783092439174652,0.9635472893714905,0,0,0,0.03,800,200,1.411299705505371,2229.35498046875,0.2083871215581894,0.4372415542602539,0.9635472893714905,0.3113202154636383,0.6037720441818237,1.1434928178787231,0.04783092439174652,0.0984889417886734,0.28296464681625366,0.3665015399456024,0.3300306499004364
main,0.6,182,random,2.4242072105407715,2.4242072105407715,0.0,0.5844301581382751,0.4899068772792816,0.015569865703582764,15.569866180419922,0.0,0.0,0.0,0.07397940009832382,0.875143826007843,0,0,0,0.03,800,200,1.411299705505371,3979.220947265625,0.7083488702774048,0.2365717589855194,0.3902049958705902,0.4063003361225128,0.875143826007843,2.2860846519470215,0.42869484424591064,0.09221938252449036,0.07397940009832382,0.37220364809036255,0.44407275319099426
main,0.6,183,random,5.684341886080801e-10,5.684341886080801e-10,0.0,0.5999997854232788,0.48580488562583923,2.384185791015625e-07,0.0002384185791015625,0.0,0.0,0.0,0.3602667450904846,0.8886071443557739,0,0,0,0.03,800,200,1.411299705505371,3209.856689453125,0.4885304868221283,0.4110125005245209,0.8886071443557739,0.34309977293014526,0.694570779800415,2.619312286376953,0.5397707223892212,0.10080800205469131,0.3602667450904846,0.37451115250587463,0.49022313952445984
main,0.6,184,random,0.23444803059101105,0.23444803059101105,0.0,0.6048420071601868,0.4898641109466553,0.004841983318328857,4.841983318328857,0.0,0.0,0.0,0.3464319705963135,0.6811140775680542,0,0,0,0.03,800,200,1.411299705505371,3883.899169921875,0.6811140775680542,0.279167115688324,0.5119060277938843,0.25296255946159363,0.43703585863113403,2.0392959117889404,0.3464319705963135,0.1018548458814621,0.3951614797115326,0.36978819966316223,0.3957642614841461
main,0.6,185,random,0.0,0.0,0.0,0.6000000238418579,0.47751984000205994,0.0,0.0,0.0,0.0,0.0,0.1513502150774002,0.8861002922058105,0,0,0,0.03,800,200,1.411299705505371,2221.412109375,0.20611777901649475,0.41013509035110474,0.8861002922058105,0.4056803286075592,0.8733724355697632,1.4540506601333618,0.1513502150774002,0.09850673377513885,0.28355759382247925,0.3656490445137024,0.31298089027404785
main,0.6,186,random,0.0,0.0,0.0,0.6000000238418579,0.48938196897506714,0.0,0.0,0.0,0.0,0.0,0.022015590220689774,0.8710915446281433,0,0,0,0.03,800,200,1.411299705505371,1577.0545654296875,0.022015590220689774,0.4048820436000824,0.8710915446281433,0.16951198875904083,0.19860567152500153,2.653172254562378,0.5510573983192444,0.10665670037269592,0.555223286151886,0.36476951837539673,0.2953904867172241
main,0.6,187,random,6.177778232085984e-06,6.177778232085984e-06,0.0,0.6000248789787292,0.47780588269233704,2.485513687133789e-05,0.02485513687133789,0.0,0.0,0.0,0.07569050788879395,0.9613559246063232,0,0,0,0.03,800,200,1.411299705505371,3077.885986328125,0.4508245587348938,0.4364745616912842,0.9613559246063232,0.12649168074131012,0.07569050788879395,1.9310543537139893,0.3103514611721039,0.10594876110553741,0.5316254496574402,0.36229124665260315,0.24582502245903015
main,0.6,188,random,0.1734369695186615,0.1734369695186615,0.0,0.6041646003723145,0.48856091499328613,0.004164576530456543,4.164576530456543,0.0,0.0,0.0,0.19890476763248444,0.955071210861206,0,0,0,0.03,800,200,1.411299705505371,4842.7490234375,0.955071210861206,0.39434412121772766,0.8409832119941711,0.18888476490974426,0.25395649671554565,1.5967142581939697,0.19890476763248444,0.09868296980857849,0.2894321382045746,0.3836670517921448,0.6733408570289612
main,0.6,189,random,0.07966610044240952,0.07966610044240952,0.0,0.5971775054931641,0.48506176471710205,0.0028225183486938477,2.8225183486938477,0.0,0.0,0.0,0.06874281167984009,0.8831416964530945,0,0,0,0.03,800,200,1.411299705505371,1740.599853515625,0.06874281167984009,0.34390804171562195,0.6968801021575928,0.4090995788574219,0.8831416964530945,2.077585458755493,0.35919514298439026,0.09509091824293137,0.16969721019268036,0.3698461651802063,0.39692312479019165
main,0.6,190,random,1.227339744567871,1.227339744567871,0.0,0.6110785603523254,0.4882478415966034,0.01107853651046753,11.078536987304688,0.0,0.0,0.0,0.311847448348999,0.6641589403152466,0,0,0,0.03,800,200,1.411299705505371,3553.82568359375,0.5868073105812073,0.3324556350708008,0.6641589403152466,0.27630555629730225,0.5037301778793335,1.935542345046997,0.311847448348999,0.10438397526741028,0.4794658422470093,0.3708434998989105,0.4168700575828552
main,0.6,191,random,3.066314220428467,3.0658538341522217,0.0004604316782206297,0.5824904441833496,0.4900064468383789,0.0175095796585083,17.509578704833984,6.4373016357421875e-06,0.0064373016357421875,6.4373016357421875e-06,0.3094213306903839,0.963513970375061,0,0,0,0.03,800,200,1.411299705505371,4872.298828125,0.963513970375061,0.339141309261322,0.6832609176635742,0.35032346844673157,0.7152099609375,2.7899105548858643,0.5966368317604065,0.10254112631082535,0.41803744435310364,0.3654710650444031,0.3094213306903839
main,0.6,192,random,0.07867325842380524,0.07867325842380524,0.0,0.6028048992156982,0.48818206787109375,0.002804875373840332,2.804875373840332,0.0,0.0,0.0,0.1759570837020874,0.8794423937797546,0,0,0,0.03,800,200,1.411299705505371,2300.37451171875,0.22867842018604279,0.40780481696128845,0.8794423937797546,0.24746406078338623,0.4213258922100067,3.617488145828247,0.8724960684776306,0.11603950709104538,0.8679835796356201,0.3587978482246399,0.1759570837020874
main,0.6,193,random,0.0,0.0,0.0,0.6000000238418579,0.47330355644226074,0.0,0.0,0.0,0.0,0.0,0.07485048472881317,0.8423516750335693,0,0,0,0.03,800,200,1.411299705505371,2432.250244140625,0.2663572132587433,0.3948230743408203,0.8423516750335693,0.3269336521625519,0.6483818888664246,1.2245514392852783,0.07485048472881317,0.10029475390911102,0.3431583046913147,0.35924190282821655,0.18483783304691315
main,0.6,194,random,1.8416621685028076,1.8416621685028076,0.0,0.586429238319397,0.48994818329811096,0.013570785522460938,13.570785522460938,0.0,0.0,0.0,0.07611335813999176,0.7028147578239441,0,0,0,0.03,800,200,1.411299705505371,2656.4482421875,0.3304137587547302,0.1439613699913025,0.12560392916202545,0.34598517417907715,0.7028147578239441,1.9998655319213867,0.3332885205745697,0.09228340536355972,0.07611335813999176,0.35827764868736267,0.16555280983448029
main,0.6,195,random,0.5971609354019165,0.5957805514335632,0.0013803871115669608,0.5922813415527344,0.49001115560531616,0.007718682289123535,7.718682289123535,1.1146068572998047e-05,0.011146068572998047,1.1146068572998047e-05,0.041106440126895905,0.9766300916671753,0,0,0,0.03,800,200,1.411299705505371,1643.87255859375,0.041106440126895905,0.37576010823249817,0.7878860235214233,0.3643743693828583,0.7553553581237793,3.9298901557922363,0.9766300916671753,0.11110440641641617,0.7034802436828613,0.3598666191101074,0.19733262062072754
main,0.6,196,random,1.301866888999939,1.301866888999939,0.0,0.6114099621772766,0.48141148686408997,0.011409938335418701,11.40993881225586,0.0,0.0,0.0,0.24625341594219208,0.9179378151893616,0,0,0,0.03,800,200,1.411299705505371,4305.453125,0.8015579581260681,0.2970361113548279,0.5629603266716003,0.4212782382965088,0.9179378151893616,1.738760232925415,0.24625341594219208,0.10267606377601624,0.4225355386734009,0.3673756718635559,0.3475131690502167
main,0.6,197,random,0.5008196830749512,0.5004482865333557,0.00037141647771932185,0.5929257869720459,0.4900057911872864,0.007074236869812012,7.074236869812012,5.781650543212891e-06,0.005781650543212891,5.781650543212891e-06,0.3395404815673828,0.9482762217521667,0,0,0,0.03,800,200,1.411299705505371,3822.886474609375,0.6636818647384644,0.4318966567516327,0.9482762217521667,0.4049344062805176,0.8712411522865295,3.4721453189849854,0.8240484595298767,0.10018621385097504,0.3395404815673828,0.3812014162540436,0.6240285038948059
main,0.6,198,random,1.181862711906433,1.181862711906433,0.0,0.6108713746070862,0.48300331830978394,0.010871350765228271,10.87135124206543,0.0,0.0,0.0,0.06121137738227844,0.39093920588493347,0,0,0,0.03,800,200,1.411299705505371,2537.960693359375,0.2965601980686188,0.12142398208379745,0.06121137738227844,0.23682871460914612,0.39093920588493347,1.250460147857666,0.08348673582077026,0.0952824056148529,0.17608016729354858,0.36838534474372864,0.36770710349082947
main,0.6,199,random,0.0004632497439160943,0.0004632497439160943,0.0,0.599784791469574,0.4866664409637451,0.00021523237228393555,0.21523237228393555,0.0,0.0,0.0,0.286879301071167,0.9327704310417175,0,0,0,0.03,800,200,1.411299705505371,2504.07763671875,0.286879301071167,0.4264696538448334,0.9327704310417175,0.36996617913246155,0.7713319659233093,3.210843086242676,0.7369477152824402,0.10715501010417938,0.571833610534668,0.3680645227432251,0.3612905740737915
main,0.65,0,random,12.122196197509766,12.110146522521973,0.012049867771565914,0.6152003407478333,0.49003294110298157,0.03479963541030884,34.79963684082031,3.293156623840332e-05,0.03293156623840332,3.293156623840332e-05,0.21013012528419495,0.5317083597183228,0,0,0,0.03,800,200,1.4062871932983398,2453.820068359375,0.2725200057029724,0.286097913980484,0.5317083597183228,0.23149314522743225,0.3756946623325348,1.670595407485962,0.2235318124294281,0.09630390256643295,0.21013012528419495,0.37637829780578613,0.5275662541389465
main,0.65,1,random,7.194245199571014e-08,7.194245199571014e-08,0.0,0.6499972939491272,0.49000000953674316,2.682209014892578e-06,0.002682209014892578,0.0,0.0,0.0,0.06518134474754333,0.86538165807724,0,0,0,0.03,800,200,1.4062871932983398,2265.16064453125,0.21861732006072998,0.36196839809417725,0.7484811544418335,0.3398746848106384,0.6853562593460083,1.1955440044403076,0.06518134474754333,0.11596144735813141,0.86538165807724,0.3566978871822357,0.13395783305168152
main,0.65,2,random,0.0,0.0,0.0,0.6499999761581421,0.48929497599601746,0.0,0.0,0.0,0.0,0.0,0.055664487183094025,0.8308007717132568,0,0,0,0.03,800,200,1.4062871932983398,2721.8447265625,0.3490985333919525,0.2402477264404297,0.40070781111717224,0.3240465521812439,0.6401330232620239,1.166993498802185,0.055664487183094025,0.11492402106523514,0.8308007717132568,0.3556608259677887,0.11321663111448288
main,0.65,3,random,0.0,0.0,0.0,0.6499999761581421,0.4898752272129059,0.0,0.0,0.0,0.0,0.0,0.042656008154153824,0.7715036869049072,0,0,0,0.03,800,200,1.4062871932983398,2416.28466796875,0.2617955803871155,0.2522469162940979,0.43499115109443665,0.3105832040309906,0.6016663312911987,1.1279680728912354,0.042656008154153824,0.11314511299133301,0.7715036869049072,0.3559216260910034,0.11843283474445343
main,0.65,4,random,12.776215553283691,12.776215553283691,0.0,0.6142561435699463,0.4738481938838959,0.0357438325881958,35.743831634521484,0.0,0.0,0.0,0.011367902159690857,0.5951637625694275,1,0,1,0.03,800,200,1.4062871932983398,1832.4215087890625,0.09497758001089096,0.2927013635635376,0.550575315952301,0.30830731987953186,0.5951637625694275,1.0341037511825562,0.011367902159690857,0.10091050714254379,0.3636836111545563,0.3516201376914978,0.03240259364247322
main,0.65,5,random,3.552713678800501e-11,3.552713678800501e-11,0.0,0.6500000357627869,0.4899999797344208,5.960464477539063e-08,5.9604644775390625e-05,0.0,0.0,0.0,0.07992126047611237,0.8863266110420227,0,0,0,0.03,800,200,1.4062871932983398,3036.673828125,0.439049631357193,0.2724420428276062,0.4926915764808655,0.30312344431877136,0.5803527235984802,1.2397637367248535,0.07992126047611237,0.11658979952335358,0.8863266110420227,0.3570398986339569,0.14079777896404266
main,0.65,6,random,17.479368209838867,17.44696617126465,0.032402168959379196,0.6082304120063782,0.49005401134490967,0.041769564151763916,41.76956558227539,5.4001808166503906e-05,0.054001808166503906,5.4001808166503906e-05,0.18844731152057648,0.7962915301322937,0,0,0,0.03,800,200,1.4062871932983398,2696.045654296875,0.3417273461818695,0.3787020146846771,0.7962915301322937,0.30461907386779785,0.5846258997917175,1.8205069303512573,0.27350232005119324,0.09565342217683792,0.18844731152057648,0.38169145584106445,0.6338289380073547
main,0.65,7,random,7.384469032287598,7.372506141662598,0.011962786316871643,0.6228476166725159,0.490032821893692,0.02715235948562622,27.152359008789062,3.281235694885254e-05,0.03281235694885254,3.281235694885254e-05,0.06755076348781586,0.6423236131668091,0,0,0,0.03,800,200,1.4062871932983398,3598.522216796875,0.599577784538269,0.25805628299713135,0.4515893757343292,0.21977320313453674,0.342209130525589,1.2026523351669312,0.06755076348781586,0.09432774037122726,0.14425785839557648,0.3821161985397339,0.6423236131668091
main,0.65,8,random,0.0,0.0,0.0,0.6499999761581421,0.48999959230422974,0.0,0.0,0.0,0.0,0.0,0.15518403053283691,0.9484588503837585,0,0,0,0.03,800,200,1.4062871932983398,2752.812255859375,0.35794636607170105,0.22380095720291138,0.35371699929237366,0.4319605827331543,0.9484588503837585,1.4655520915985107,0.15518403053283691,0.11221788078546524,0.7405961155891418,0.35869231820106506,0.1738465577363968
main,0.65,9,random,2.9045138359069824,2.90018892288208,0.004324876703321934,0.6329700350761414,0.4900197386741638,0.017029941082000732,17.02994155883789,1.9729137420654297e-05,0.019729137420654297,1.9729137420654297e-05,0.08701197803020477,0.7917541265487671,0,0,0,0.03,800,200,1.4062871932983398,4271.1396484375,0.7917541265487671,0.27750101685523987,0.5071457624435425,0.14443600177764893,0.12696002423763275,1.2610359191894531,0.08701197803020477,0.10618862509727478,0.5396206974983215,0.3725787103176117,0.4515739679336548
main,0.65,10,random,9.85092544555664,9.833019256591797,0.017905766144394875,0.6186423301696777,0.4900401532649994,0.031357645988464355,31.357646942138672,4.0143728256225586e-05,0.040143728256225586,4.0143728256225586e-05,0.20748202502727509,0.7572572231292725,0,0,0,0.03,800,200,1.4062871932983398,3466.94580078125,0.5619845390319824,0.36504000425338745,0.7572572231292725,0.2539370357990265,0.4398201107978821,1.622446060180664,0.20748202502727509,0.10426276922225952,0.47542548179626465,0.3755810260772705,0.511620283126831
main,0.65,11,random,22.553089141845703,22.522554397583008,0.030534397810697556,0.6025420427322388,0.4900524318218231,0.04745793342590332,47.45793151855469,5.2422285079956055e-05,0.052422285079956055,5.2422285079956055e-05,0.1335233598947525,0.8423462510108948,0,0,0,0.03,800,200,1.4062871932983398,4448.2119140625,0.8423462510108948,0.14673317968845367,0.1335233598947525,0.23866748809814453,0.3961928188800812,1.9802381992340088,0.3267460763454437,0.10254975408315659,0.4183250069618225,0.364572137594223,0.2914429306983948
main,0.65,12,random,0.0,0.0,0.0,0.6499999761581421,0.4899996221065521,0.0,0.0,0.0,0.0,0.0,0.11227334290742874,0.9501370787620544,0,0,0,0.03,800,200,1.4062871932983398,2970.15869140625,0.42004531621932983,0.26212742924690247,0.4632211923599243,0.4325479567050934,0.9501370787620544,1.3368200063705444,0.11227334290742874,0.11420269310474396,0.8067565560340881,0.35969069600105286,0.193814218044281
main,0.65,13,random,0.00033537973649799824,0.0003341856354381889,1.1941066304643755e-06,0.649817168712616,0.49000033736228943,0.00018280744552612305,0.18280744552612305,3.2782554626464844e-07,0.00032782554626464844,3.2782554626464844e-07,0.04568856954574585,0.8155074119567871,0,0,0,0.03,800,200,1.4062871932983398,3067.0078125,0.4477165639400482,0.25205618143081665,0.43444621562957764,0.38316717743873596,0.809049129486084,1.1370656490325928,0.04568856954574585,0.11446522176265717,0.8155074119567871,0.3598056733608246,0.19611337780952454
main,0.65,14,random,1.029718279838562,1.0280512571334839,0.0016670221230015159,0.6398606896400452,0.4900122582912445,0.010139286518096924,10.139286041259766,1.2248754501342773e-05,0.012248754501342773,1.2248754501342773e-05,0.004775587469339371,0.6462453603744507,1,0,1,0.03,800,200,1.4062871932983398,3761.858642578125,0.6462453603744507,0.2296411395072937,0.3704032599925995,0.1918841004371643,0.2625260055065155,1.014326810836792,0.004775587469339371,0.10653872042894363,0.55129075050354,0.36986246705055237,0.39724913239479065
main,0.65,15,random,17.61932373046875,17.61932373046875,0.0,0.6080245971679688,0.4886389374732971,0.04197537899017334,41.975379943847656,0.0,0.0,0.0,0.2793411612510681,0.969292163848877,0,0,0,0.03,800,200,1.4062871932983398,4892.5224609375,0.969292163848877,0.35951894521713257,0.7414827346801758,0.23924073576927185,0.39783066511154175,2.24859619140625,0.41619873046875,0.11150757968425751,0.7169193625450134,0.36396706104278564,0.2793411612510681
main,0.65,16,random,39.21982955932617,39.13018035888672,0.08964874595403671,0.587445855140686,0.4900898337364197,0.06255412101745605,62.55412292480469,8.982419967651367e-05,0.08982419967651367,8.982419967651367e-05,0.10675612092018127,0.8634620308876038,0,0,0,0.03,800,200,1.4062871932983398,1873.646484375,0.10675612092018127,0.36986956000328064,0.7710559368133545,0.34005510807037354,0.6858717799186707,3.590386152267456,0.8634620308876038,0.0980674996972084,0.26891666650772095,0.3756919205188751,0.5138384103775024
main,0.65,17,random,28.017425537109375,28.017425537109375,0.0,0.5970684885978699,0.4813807010650635,0.05293148756027222,52.931488037109375,0.0,0.0,0.0,0.11667677015066147,0.910224974155426,0,0,0,0.03,800,200,1.4062871932983398,4685.787109375,0.910224974155426,0.3715285658836365,0.7757959365844727,0.14083686470985413,0.11667677015066147,1.5444279909133911,0.18147599697113037,0.09803305566310883,0.2677684426307678,0.37613222002983093,0.5226446390151978
main,0.65,18,random,11.983780860900879,11.961427688598633,0.022352736443281174,0.6154146790504456,0.49004486203193665,0.03458529710769653,34.585296630859375,4.4852495193481445e-05,0.044852495193481445,4.4852495193481445e-05,0.16065692901611328,0.870911717414856,0,0,0,0.03,800,200,1.4062871932983398,2062.29931640625,0.16065692901611328,0.39256709814071655,0.8359060287475586,0.4048191010951996,0.870911717414856,1.6936382055282593,0.23121273517608643,0.10070536285638809,0.35684528946876526,0.3739945590496063,0.4798913896083832
main,0.65,19,random,0.0,0.0,0.0,0.6499999761581421,0.4899997115135193,0.0,0.0,0.0,0.0,0.0,0.021943559870123863,0.9314694404602051,0,0,0,0.03,800,200,1.4062871932983398,2341.566650390625,0.24044762551784515,0.10768024623394012,0.021943559870123863,0.4260143041610718,0.9314694404602051,1.0818662643432617,0.02728877030313015,0.10637344419956207,0.5457814335823059,0.3626127541065216,0.2522549331188202
main,0.65,20,random,5.374900524657278e-07,5.374900524657278e-07,0.0,0.6499926447868347,0.4899978041648865,7.331371307373047e-06,0.007331371307373047,0.0,0.0,0.0,0.08467824757099152,0.9602002501487732,0,0,0,0.03,800,200,1.4062871932983398,2578.279052734375,0.30807971954345703,0.32676929235458374,0.6479122638702393,0.4360700845718384,0.9602002501487732,1.2540347576141357,0.08467824757099152,0.11353686451911926,0.7845621705055237,0.3601495325565338,0.2029908001422882
main,0.65,21,random,28.83712387084961,28.83712387084961,0.0,0.5962997674942017,0.4879021644592285,0.05370020866394043,53.70021057128906,0.0,0.0,0.0,0.20827986299991608,0.8728995323181152,0,0,0,0.03,800,200,1.4062871932983398,4555.1484375,0.8728995323181152,0.23234423995018005,0.3781263828277588,0.33979353308677673,0.685124397277832,2.0677876472473145,0.3559292256832123,0.09624839574098587,0.20827986299991608,0.3718653619289398,0.43730708956718445
main,0.65,22,random,0.9265932440757751,0.9265932440757751,0.0,0.6403740048408508,0.48931118845939636,0.00962597131729126,9.625970840454102,0.0,0.0,0.0,0.12354778498411179,0.9449150562286377,0,0,0,0.03,800,200,1.4062871932983398,2550.240234375,0.3000686466693878,0.3737715184688568,0.7822043299674988,0.33333760499954224,0.6666788458824158,1.8212473392486572,0.27374911308288574,0.11834745109081268,0.9449150562286377,0.3561773896217346,0.12354778498411179
main,0.65,23,random,40.846797943115234,40.846797943115234,0.0,0.5860884785652161,0.48992788791656494,0.06391149759292603,63.9114990234375,0.0,0.0,0.0,0.10024655610322952,0.879136323928833,0,0,0,0.03,800,200,1.4062871932983398,4576.97705078125,0.879136323928833,0.1544925570487976,0.15569302439689636,0.3611133098602295,0.746038019657135,2.169870615005493,0.38995686173439026,0.0930074006319046,0.10024655610322952,0.37197819352149963,0.43956369161605835
main,0.65,24,random,9.716628074645996,9.704773902893066,0.011854380369186401,0.6188474893569946,0.4900326728820801,0.03115248680114746,31.15248680114746,3.266334533691406e-05,0.03266334533691406,3.266334533691406e-05,0.31389757990837097,0.7826972603797913,0,0,0,0.03,800,200,1.4062871932983398,4239.4404296875,0.7826972603797913,0.3278005123138428,0.6508585810661316,0.2762942612171173,0.5036978721618652,1.9416927099227905,0.31389757990837097,0.11030568927526474,0.6768563389778137,0.3665502369403839,0.3310048580169678
main,0.65,25,random,11.22179126739502,11.22179126739502,0.0,0.6165010333061218,0.48961853981018066,0.033498942852020264,33.49894332885742,0.0,0.0,0.0,0.18121986091136932,0.7371653318405151,0,0,0,0.03,800,200,1.4062871932983398,2134.26953125,0.18121986091136932,0.35800784826278687,0.7371653318405151,0.33188214898109436,0.6625204682350159,1.9492955207824707,0.31643185019493103,0.10321670025587082,0.44055667519569397,0.3692820966243744,0.3856422007083893
main,0.65,26,random,1.0027179087046534e-06,1.0027179087046534e-06,0.0,0.6499899625778198,0.489999920129776,1.0013580322265625e-05,0.010013580322265625,0.0,0.0,0.0,0.04488389939069748,0.9824716448783875,0,1,1,0.03,800,200,1.4062871932983398,2498.1044921875,0.2851727306842804,0.2290225625038147,0.3686359226703644,0.4438650608062744,0.9824716448783875,1.1346516609191895,0.04488389939069748,0.10919488966464996,0.6398297548294067,0.3613472580909729,0.22694522142410278
main,0.65,27,random,9.839949607849121,9.814337730407715,0.02561231143772602,0.6186721324920654,0.49004802107810974,0.03132784366607666,31.327842712402344,4.801154136657715e-05,0.04801154136657715,4.801154136657715e-05,0.1514561027288437,0.8595365285873413,0,0,0,0.03,800,200,1.4062871932983398,3072.71533203125,0.44934722781181335,0.400837779045105,0.8595365285873413,0.31903916597366333,0.6258261799812317,1.4543683528900146,0.1514561027288437,0.10345976054668427,0.4486587643623352,0.37587693333625793,0.5175385475158691
main,0.65,28,random,0.0,0.0,0.0,0.6499999761581421,0.4899998903274536,0.0,0.0,0.0,0.0,0.0,0.1362546682357788,0.939339280128479,0,0,0,0.03,800,200,1.4062871932983398,2805.2548828125,0.3729299306869507,0.2961955964565277,0.5605588555335999,0.42876872420310974,0.939339280128479,1.4087640047073364,0.1362546682357788,0.11445646733045578,0.8152157068252563,0.359809547662735,0.19619078934192657
main,0.65,29,random,0.00021530482626985759,0.00021482126612681895,4.835637810174376e-07,0.6498534083366394,0.4900002181529999,0.00014656782150268555,0.14656782150268555,2.086162567138672e-07,0.0002086162567138672,2.086162567138672e-07,0.030979879200458527,0.8127118945121765,0,0,0,0.03,800,200,1.4062871932983398,3074.09912109375,0.44974255561828613,0.2524104118347168,0.43545830249786377,0.372160941362381,0.7776027321815491,1.0929396152496338,0.030979879200458527,0.11438135802745819,0.8127118945121765,0.35996562242507935,0.19931234419345856
main,0.65,30,random,21.39058494567871,21.383554458618164,0.007029794622212648,0.6037576198577881,0.4900251626968384,0.046242356300354004,46.24235534667969,2.5153160095214844e-05,0.025153160095214844,2.5153160095214844e-05,0.14540888369083405,0.6070184111595154,0,0,0,0.03,800,200,1.4062871932983398,3138.94873046875,0.46827107667922974,0.15089310705661774,0.14540888369083405,0.3124564290046692,0.6070184111595154,1.8446305990219116,0.2815435230731964,0.09547041356563568,0.18234704434871674,0.3688303530216217,0.376606822013855
main,0.65,31,random,52.938026428222656,52.934696197509766,0.003331271465867758,0.5772437453269958,0.4900173246860504,0.07275623083114624,72.75623321533203,1.7315149307250977e-05,0.017315149307250977,1.7315149307250977e-05,0.13257205486297607,0.8916796445846558,0,0,0,0.03,800,200,1.4062871932983398,4620.87890625,0.8916796445846558,0.2362205982208252,0.38920170068740845,0.3223362863063812,0.6352465748786926,2.4740688800811768,0.4913563132286072,0.09397716820240021,0.13257205486297607,0.368825763463974,0.37651535868644714
main,0.65,32,random,52.38597869873047,52.38597869873047,0.0,0.5776218175888062,0.47856003046035767,0.07237815856933594,72.37815856933594,0.0,0.0,0.0,0.0490233488380909,0.9166952967643738,0,0,0,0.03,800,200,1.4062871932983398,4708.43359375,0.9166952967643738,0.31145769357681274,0.6041648387908936,0.3896631896495819,0.8276091814041138,2.635284900665283,0.5450949668884277,0.10380879789590836,0.4602932929992676,0.3524511754512787,0.0490233488380909
main,0.65,33,random,0.0,0.0,0.0,0.6499999761581421,0.489999920129776,0.0,0.0,0.0,0.0,0.0,0.010393943637609482,0.7956352233886719,1,0,1,0.03,800,200,1.4062871932983398,3013.68603515625,0.43248170614242554,0.2629815936088562,0.4656616747379303,0.3648519217967987,0.7567197680473328,1.031181812286377,0.010393943637609482,0.11386905610561371,0.7956352233886719,0.3603358268737793,0.20671632885932922
main,0.65,34,random,44.43522262573242,44.43522262573242,0.0,0.5833402276039124,0.48113423585891724,0.06665974855422974,66.65975189208984,0.0,0.0,0.0,0.10237391293048859,0.7794334292411804,0,0,0,0.03,800,200,1.4062871932983398,4228.01708984375,0.7794334292411804,0.22626012563705444,0.3607431948184967,0.34890806674957275,0.7111659049987793,2.198847770690918,0.39961591362953186,0.09307122230529785,0.10237391293048859,0.3642384111881256,0.28476837277412415
main,0.65,35,random,0.0,0.0,0.0,0.6499999761581421,0.4899900555610657,0.0,0.0,0.0,0.0,0.0,0.032390862703323364,0.9378597736358643,0,0,0,0.03,800,200,1.4062871932983398,3003.96484375,0.4297042787075043,0.1495310366153717,0.1415172517299652,0.42825090885162354,0.9378597736358643,1.0971726179122925,0.032390862703323364,0.1116647869348526,0.7221596837043762,0.36486971378326416,0.29739436507225037
main,0.65,36,random,5.719867706298828,5.719867706298828,0.0,0.6260837316513062,0.4863624572753906,0.023916244506835938,23.916244506835938,0.0,0.0,0.0,0.21638675034046173,0.9963885545730591,0,1,1,0.03,800,200,1.4062871932983398,3515.41552734375,0.5758330225944519,0.2259070873260498,0.35973450541496277,0.4487359821796417,0.9963885545730591,1.7324610948562622,0.244153693318367,0.10772937536239624,0.590979278087616,0.36081933975219727,0.21638675034046173
main,0.65,37,random,42.909793853759766,42.909793853759766,0.0,0.584494411945343,0.4898437261581421,0.06550556421279907,65.50556182861328,0.0,0.0,0.0,0.13755668699741364,0.762483537197113,0,0,0,0.03,800,200,1.4062871932983398,4168.6923828125,0.762483537197113,0.19206970930099487,0.26305633783340454,0.3136863708496094,0.6105325222015381,2.331355094909668,0.44378501176834106,0.09973471611738205,0.3244904577732086,0.3568778336048126,0.13755668699741364
main,0.65,38,random,12.660988807678223,12.651969909667969,0.009019313380122185,0.6144303679466248,0.4900285005569458,0.035569608211517334,35.56960678100586,2.849102020263672e-05,0.02849102020263672,2.849102020263672e-05,0.0677499994635582,0.7177672982215881,0,0,0,0.03,800,200,1.4062871932983398,1737.125,0.0677499994635582,0.3512185513973236,0.7177672982215881,0.24068614840507507,0.40196043252944946,1.236514925956726,0.07883831858634949,0.09570677578449249,0.19022566080093384,0.37583470344543457,0.5166939496994019
main,0.65,39,random,20.86551856994629,20.841625213623047,0.023893341422080994,0.6043473482131958,0.4900463819503784,0.04565262794494629,45.652626037597656,4.6372413635253906e-05,0.046372413635253906,4.6372413635253906e-05,0.2209676057100296,0.9813545346260071,0,1,1,0.03,800,200,1.4062871932983398,3551.796142578125,0.5862274765968323,0.44347408413887024,0.9813545346260071,0.3047839403152466,0.5850969552993774,1.7456856966018677,0.24856188893318176,0.09662903100252151,0.2209676057100296,0.3851425051689148,0.7028497457504272
main,0.65,40,random,4.879887580871582,4.862692356109619,0.01719513349235058,0.6279484629631042,0.4900393486022949,0.022051513195037842,22.051513671875,3.933906555175781e-05,0.03933906555175781,3.933906555175781e-05,0.07085621356964111,0.6732986569404602,0,0,0,0.03,800,200,1.4062871932983398,2724.800048828125,0.3499428629875183,0.3307892978191376,0.6593980193138123,0.33565452694892883,0.6732986569404602,1.2125686407089233,0.07085621356964111,0.10340910404920578,0.44697004556655884,0.3717445433139801,0.4348910450935364
main,0.65,41,random,28.767072677612305,28.767072677612305,0.0,0.5963650345802307,0.48997220396995544,0.05363494157791138,53.63494110107422,0.0,0.0,0.0,0.23487280309200287,0.8521403670310974,0,0,0,0.03,800,200,1.4062871932983398,3896.90576171875,0.6848302483558655,0.18220548331737518,0.23487280309200287,0.3982491195201874,0.8521403670310974,2.038567304611206,0.34618908166885376,0.09728763997554779,0.24292121827602386,0.3672311007976532,0.3446221649646759
main,0.65,42,random,2.973306655883789,2.9703431129455566,0.0029635950922966003,0.6327652931213379,0.4900163412094116,0.0172346830368042,17.234683990478516,1.633167266845703e-05,0.01633167266845703,1.633167266845703e-05,0.23775216937065125,0.7388136982917786,0,0,0,0.03,800,200,1.4062871932983398,2452.269287109375,0.27207696437835693,0.3230780065059662,0.6373656988143921,0.35858479142189026,0.7388136982917786,1.7132564783096313,0.23775216937065125,0.1096842885017395,0.6561429500579834,0.3633883595466614,0.2677672207355499
main,0.65,43,random,2.343533754348755,2.334094524383545,0.009439205750823021,0.6347222328186035,0.49002915620803833,0.015277743339538574,15.277743339538574,2.9146671295166016e-05,0.029146671295166016,2.9146671295166016e-05,0.0366327129304409,0.9654976725578308,0,0,0,0.03,800,200,1.4062871932983398,4833.0166015625,0.952290415763855,0.11282145231962204,0.0366327129304409,0.43792417645454407,0.9654976725578308,1.1585136651992798,0.052837904542684555,0.10562741011381149,0.5209136605262756,0.37977877259254456,0.5955753326416016
main,0.65,44,random,1.2158274330431595e-05,1.2158274330431595e-05,0.0,0.6499651074409485,0.48997199535369873,3.4868717193603516e-05,0.034868717193603516,0.0,0.0,0.0,0.08026660233736038,0.8824297785758972,0,0,0,0.03,800,200,1.4062871932983398,3443.6572265625,0.5553306341171265,0.18153336644172668,0.23295249044895172,0.32149332761764526,0.6328380703926086,1.2407997846603394,0.08026660233736038,0.11647289246320724,0.8824297785758972,0.35929515957832336,0.18590331077575684
main,0.65,45,random,4.254716873168945,4.2469000816345215,0.007816956378519535,0.6293919682502747,0.4900265336036682,0.02060800790786743,20.608007431030273,2.6524066925048828e-05,0.026524066925048828,2.6524066925048828e-05,0.1722148209810257,0.8927343487739563,0,0,0,0.03,800,200,1.4062871932983398,3595.52099609375,0.5987202525138855,0.17473000288009644,0.2135142982006073,0.41245701909065247,0.8927343487739563,1.5166444778442383,0.1722148209810257,0.10454565286636353,0.484855055809021,0.37121567130088806,0.42431339621543884
main,0.65,46,random,20.784833908081055,20.762895584106445,0.021938806399703026,0.6044336557388306,0.4900444447994232,0.04556632041931152,45.566322326660156,4.443526268005371e-05,0.04443526268005371,4.443526268005371e-05,0.0963972732424736,0.9406436085700989,0,0,0,0.03,800,200,1.4062871932983398,2785.6962890625,0.3673417866230011,0.4110950529575348,0.8888429999351501,0.42922526597976685,0.9406436085700989,1.7965223789215088,0.26550745964050293,0.09289192408323288,0.0963972732424736,0.38638365268707275,0.7276729345321655
main,0.65,47,random,72.59650421142578,72.5517349243164,0.04477307200431824,0.5648226737976074,0.49006348848342896,0.08517730236053467,85.17729949951172,6.347894668579102e-05,0.06347894668579102,6.347894668579102e-05,0.1327032446861267,0.9586091041564941,0,0,0,0.03,800,200,1.4062871932983398,1964.46142578125,0.1327032446861267,0.3084298074245453,0.5955137610435486,0.259851336479187,0.4567180871963501,3.8758273124694824,0.9586091041564941,0.097237229347229,0.24124081432819366,0.35872790217399597,0.17455826699733734
main,0.65,48,random,12.652521133422852,12.652521133422852,0.0,0.6144295930862427,0.48851266503334045,0.035570383071899414,35.57038116455078,0.0,0.0,0.0,0.13882625102996826,0.5044692158699036,0,0,0,0.03,800,200,1.4062871932983398,3265.64208984375,0.5044692158699036,0.20756343007087708,0.3073241114616394,0.14858919382095337,0.13882625102996826,1.7981165647506714,0.2660388648509979,0.10430948436260223,0.4769829213619232,0.3608686625957489,0.21737349033355713
main,0.65,49,random,0.0,0.0,0.0,0.6499999761581421,0.4899750053882599,0.0,0.0,0.0,0.0,0.0,0.12549704313278198,0.9834750890731812,0,1,1,0.03,800,200,1.4062871932983398,2800.372314453125,0.37153494358062744,0.364310622215271,0.7551732659339905,0.39815855026245117,0.8518816232681274,1.5508240461349487,0.1836080253124237,0.11950425058603287,0.9834750890731812,0.3562748432159424,0.12549704313278198
main,0.65,50,random,50.580238342285156,50.517269134521484,0.0629686489701271,0.5789244771003723,0.4900752902030945,0.07107549905776978,71.07550048828125,7.528066635131836e-05,0.07528066635131836,7.528066635131836e-05,0.08385754376649857,0.8932693004608154,0,0,0,0.03,800,200,1.4062871932983398,1793.50146484375,0.08385754376649857,0.3352419137954712,0.6721197366714478,0.2673329710960388,0.4780941903591156,3.6798079013824463,0.8932693004608154,0.09892905503511429,0.29763516783714294,0.36596184968948364,0.3192368745803833
main,0.65,51,random,19.81898307800293,19.79231071472168,0.026672353968024254,0.6055114269256592,0.49004900455474854,0.04448854923248291,44.488548278808594,4.8995018005371094e-05,0.048995018005371094,4.8995018005371094e-05,0.04391918331384659,0.984420895576477,0,1,1,0.03,800,200,1.4062871932983398,1926.4464111328125,0.12184182554483414,0.44454729557037354,0.984420895576477,0.27428171038627625,0.4979477524757385,1.1317574977874756,0.04391918331384659,0.09210492670536041,0.07016421109437943,0.384890615940094,0.6978121399879456
main,0.65,52,random,28.386882781982422,28.386882781982422,0.0,0.5967206358909607,0.4891431927680969,0.053279340267181396,53.27933883666992,0.0,0.0,0.0,0.21815811097621918,0.9059170484542847,0,0,0,0.03,800,200,1.4062871932983398,4670.7099609375,0.9059170484542847,0.3486839830875397,0.710525631904602,0.289072722196579,0.5402078032493591,2.5529143810272217,0.5176381468772888,0.1089867427945137,0.6328914761543274,0.3609079122543335,0.21815811097621918
main,0.65,53,random,0.2567763924598694,0.25638166069984436,0.00039474593359045684,0.6449365615844727,0.4900059700012207,0.005063414573669434,5.063414573669434,5.9604644775390625e-06,0.0059604644775390625,5.9604644775390625e-06,0.12730325758457184,0.8324690461158752,0,0,0,0.03,800,200,1.4062871932983398,2279.25439453125,0.2226441502571106,0.3248136043548584,0.6423245668411255,0.3685378432273865,0.7672510147094727,1.508284568786621,0.16942821443080902,0.11497406661510468,0.8324690461158752,0.3563651442527771,0.12730325758457184
main,0.65,54,random,4.254513740539551,4.246359348297119,0.008154276758432388,0.6293932795524597,0.4900270998477936,0.020606696605682373,20.60669708251953,2.709031105041504e-05,0.02709031105041504,2.709031105041504e-05,0.22393101453781128,0.9329400658607483,0,0,0,0.03,800,200,1.4062871932983398,2801.25390625,0.37178683280944824,0.41509246826171875,0.9002642035484314,0.42652902007102966,0.9329400658607483,1.671792984008789,0.22393101453781128,0.11053425818681717,0.6844753623008728,0.3669738173484802,0.339476615190506
main,0.65,55,random,1.0216070413589478,1.0190300941467285,0.0025769113563001156,0.6399052739143372,0.4900152385234833,0.010094702243804932,10.094701766967773,1.5228986740112305e-05,0.015228986740112305,1.5228986740112305e-05,0.1275060474872589,0.9507589340209961,0,0,0,0.03,800,200,1.4062871932983398,3635.947998046875,0.6102708578109741,0.4082900881767273,0.880828857421875,0.2808811068534851,0.5168032050132751,1.3825181722640991,0.1275060474872589,0.1185227632522583,0.9507589340209961,0.361864298582077,0.23728586733341217
main,0.65,56,random,7.056868076324463,7.043010234832764,0.01385780330747366,0.6234613060951233,0.4900353252887726,0.0265386700630188,26.53866958618164,3.5315752029418945e-05,0.035315752029418945,3.5315752029418945e-05,0.22839413583278656,0.8890231251716614,0,0,0,0.03,800,200,1.4062871932983398,2689.477783203125,0.3398507833480835,0.4095849394798279,0.8845284581184387,0.41115808486938477,0.8890231251716614,1.6851823329925537,0.22839413583278656,0.10651338845491409,0.5504462718963623,0.3709806203842163,0.4196123480796814
main,0.65,57,random,0.0,0.0,0.0,0.6499999761581421,0.4899996221065521,0.0,0.0,0.0,0.0,0.0,0.028579985722899437,0.9154608845710754,0,0,0,0.03,800,200,1.4062871932983398,3920.25732421875,0.6915020942687988,0.2955615818500519,0.558747410774231,0.35973769426345825,0.7421077489852905,1.0857399702072144,0.028579985722899437,0.11746382713317871,0.9154608845710754,0.35997557640075684,0.19951175153255463
main,0.65,58,random,4.946798526361817e-07,4.946798526361817e-07,0.0,0.6499929428100586,0.48999911546707153,7.033348083496094e-06,0.007033348083496094,0.0,0.0,0.0,0.07521132379770279,0.9819101691246033,0,1,1,0.03,800,200,1.4062871932983398,2660.62841796875,0.3316081166267395,0.2588302195072174,0.45380058884620667,0.44366854429244995,0.9819101691246033,1.225633978843689,0.07521132379770279,0.11120401322841644,0.7068004012107849,0.36097100377082825,0.21942038834095
main,0.65,59,random,0.0009691706509329379,0.0009691706509329379,0.0,0.6496886610984802,0.48997050523757935,0.00031131505966186523,0.31131505966186523,0.0,0.0,0.0,0.03237837553024292,0.9782236218452454,0,0,0,0.03,800,200,1.4062871932983398,4923.78271484375,0.9782236218452454,0.21723991632461548,0.33497118949890137,0.11133243143558502,0.03237837553024292,1.239989995956421,0.07999665290117264,0.11693626642227173,0.8978754878044128,0.3633875846862793,0.2677517533302307
main,0.65,60,random,13.458686828613281,13.424581527709961,0.034104879945516586,0.6133604049682617,0.4900554120540619,0.03663957118988037,36.63957214355469,5.5402517318725586e-05,0.055402517318725586,5.5402517318725586e-05,0.008026693016290665,0.8857322335243225,1,0,1,0.03,800,200,1.4062871932983398,4600.0625,0.8857322335243225,0.39011242985725403,0.8288926482200623,0.1028093472123146,0.008026693016290665,1.2339088916778564,0.07796961814165115,0.09995491802692413,0.33183062076568604,0.382457971572876,0.6491596102714539
main,0.65,61,random,1.202290415763855,1.2005329132080078,0.001757448655553162,0.6390430927276611,0.49001258611679077,0.010956883430480957,10.956883430480957,1.2576580047607422e-05,0.012576580047607422,1.2576580047607422e-05,0.13937526941299438,0.7714337110519409,0,0,0,0.03,800,200,1.4062871932983398,4200.01806640625,0.7714337110519409,0.2363618016242981,0.38960516452789307,0.24395138025283813,0.41128966212272644,1.418125867843628,0.13937526941299438,0.11066225171089172,0.6887416839599609,0.36715492606163025,0.34309855103492737
main,0.65,62,random,26.98967742919922,26.98967742919922,0.0,0.5980483889579773,0.4838130474090576,0.051951587200164795,51.95158767700195,0.0,0.0,0.0,0.0365227647125721,0.6073312163352966,0,0,0,0.03,800,200,1.4062871932983398,1627.8297119140625,0.0365227647125721,0.3125659227371216,0.6073312163352966,0.24956032633781433,0.42731523513793945,1.670145034790039,0.2233816683292389,0.09171511232852936,0.057170335203409195,0.37037014961242676,0.40740329027175903
main,0.65,63,random,13.565826416015625,13.537507057189941,0.028319433331489563,0.6132066249847412,0.4900504946708679,0.03679335117340088,36.79335021972656,5.048513412475586e-05,0.05048513412475586,5.048513412475586e-05,0.28638431429862976,0.9254996180534363,0,0,0,0.03,800,200,1.4062871932983398,4334.85986328125,0.8099599480628967,0.42392486333847046,0.9254996180534363,0.28712478280067444,0.5346422791481018,1.859152913093567,0.28638431429862976,0.10605672001838684,0.5352238416671753,0.37604930996894836,0.5209859609603882
main,0.65,64,random,9.974933624267578,9.955674171447754,0.0192597433924675,0.6184473633766174,0.4900416433811188,0.03155261278152466,31.5526123046875,4.163384437561035e-05,0.04163384437561035,4.163384437561035e-05,0.2656964361667633,0.766574501991272,0,0,0,0.03,800,200,1.4062871932983398,2660.39501953125,0.33154141902923584,0.36830106377601624,0.766574501991272,0.3560834527015686,0.7316670417785645,1.7970893383026123,0.2656964361667633,0.10262791067361832,0.420930415391922,0.3741256892681122,0.48251381516456604
main,0.65,65,random,2.0505982320173644e-05,2.0466508431127295e-05,3.947459958908439e-08,0.6499547362327576,0.49000006914138794,4.5239925384521484e-05,0.045239925384521484,5.960464477539063e-08,5.9604644775390625e-05,5.960464477539063e-08,0.008696799166500568,0.8016894459724426,1,0,1,0.03,800,200,1.4062871932983398,3043.19091796875,0.4409116506576538,0.261938214302063,0.4626805782318115,0.3584410548210144,0.7384030818939209,1.026090383529663,0.008696799166500568,0.11405068635940552,0.8016894459724426,0.36027297377586365,0.20545971393585205
main,0.65,66,random,0.0,0.0,0.0,0.6499999761581421,0.4899997413158417,0.0,0.0,0.0,0.0,0.0,0.0833183228969574,0.7791534662246704,0,0,0,0.03,800,200,1.4062871932983398,2795.8193359375,0.37023407220840454,0.15836194157600403,0.16674840450286865,0.3727037012577057,0.7791534662246704,1.2499549388885498,0.0833183228969574,0.11260663717985153,0.7535545229911804,0.3599521219730377,0.19904276728630066
main,0.65,67,random,9.462382877245545e-05,9.462382877245545e-05,0.0,0.6500972509384155,0.489935040473938,9.72747802734375e-05,0.0972747802734375,0.0,0.0,0.0,0.15516075491905212,0.8733687996864319,0,0,0,0.03,800,200,1.4062871932983398,2874.2109375,0.3926317095756531,0.20952291786670685,0.3129226267337799,0.4056790769100189,0.8733687996864319,1.4783846139907837,0.15946152806282043,0.11367814242839813,0.7892714142799377,0.3577580451965332,0.15516075491905212
main,0.65,68,random,0.0,0.0,0.0,0.6499999761581421,0.48999983072280884,0.0,0.0,0.0,0.0,0.0,0.06435386836528778,0.950147271156311,0,0,0,0.03,800,200,1.4062871932983398,2357.958984375,0.24513113498687744,0.18147733807563782,0.2327924221754074,0.4325515329837799,0.950147271156311,1.1930615901947021,0.06435386836528778,0.10688551515340805,0.5628505945205688,0.3607444763183594,0.21488939225673676
main,0.65,69,random,0.010087213478982449,0.010065414011478424,2.1799845853820443e-05,0.6489967107772827,0.4900014102458954,0.001003265380859375,1.003265380859375,1.4007091522216797e-06,0.0014007091522216797,1.4007091522216797e-06,0.01871310919523239,0.8061736226081848,1,0,1,0.03,800,200,1.4062871932983398,3372.83984375,0.535097062587738,0.2644200026988983,0.46977147459983826,0.15556681156158447,0.15876233577728271,1.056139349937439,0.01871310919523239,0.11418520659208298,0.8061736226081848,0.36047714948654175,0.2095431089401245
main,0.65,70,random,17.46940803527832,17.4381046295166,0.03130296990275383,0.6082410216331482,0.49005308747291565,0.041758954524993896,41.75895309448242,5.307793617248535e-05,0.05307793617248535,5.307793617248535e-05,0.22513160109519958,0.9446486234664917,0,0,0,0.03,800,200,1.4062871932983398,3043.779296875,0.4410798251628876,0.4306270182132721,0.9446486234664917,0.4104122519493103,0.8868921399116516,1.9415247440338135,0.3138415813446045,0.09675394743680954,0.22513160109519958,0.3838885426521301,0.6777706742286682
main,0.65,71,random,14.679401397705078,14.6755952835083,0.0038057558704167604,0.6116912364959717,0.4900185167789459,0.03830873966217041,38.308738708496094,1.850724220275879e-05,0.01850724220275879,1.850724220275879e-05,0.33893945813179016,0.8448083996772766,0,0,0,0.03,800,200,1.4062871932983398,4067.5576171875,0.7335878610610962,0.298165887594223,0.5661882162094116,0.3956829309463501,0.8448083996772766,2.0168185234069824,0.33893945813179016,0.10480277985334396,0.4934259355068207,0.3690926432609558,0.38185301423072815
main,0.65,72,random,30.96895408630371,30.96895408630371,0.0,0.5943502187728882,0.4788751006126404,0.055649757385253906,55.649757385253906,0.0,0.0,0.0,0.2495652586221695,0.9539663791656494,0,0,0,0.03,800,200,1.4062871932983398,4838.88232421875,0.9539663791656494,0.20808398723602295,0.30881139636039734,0.22913619875907898,0.36896058917045593,1.9494421482086182,0.31648072600364685,0.0974869579076767,0.2495652586221695,0.3636874854564667,0.2737498879432678
main,0.65,73,random,0.0037257696967571974,0.003723835339769721,1.9342551240697503e-06,0.6493897438049316,0.4900004267692566,0.0006102323532104492,0.6102323532104492,4.172325134277344e-07,0.0004172325134277344,4.172325134277344e-07,0.022597266361117363,0.8369809985160828,0,0,0,0.03,800,200,1.4062871932983398,3598.478515625,0.5995652675628662,0.25868797302246094,0.45339420437812805,0.1585279107093811,0.16722260415554047,1.0677918195724487,0.022597266361117363,0.11510942876338959,0.8369809985160828,0.3605547547340393,0.2110951691865921
main,0.65,74,random,4.3371092033339664e-06,4.327240731072379e-06,9.868649897271098e-09,0.6499791741371155,0.49000003933906555,2.0802021026611328e-05,0.020802021026611328,2.9802322387695312e-08,2.9802322387695312e-05,2.9802322387695312e-08,0.1118667721748352,0.9515248537063599,0,0,0,0.03,800,200,1.4062871932983398,2645.46923828125,0.32727688550949097,0.3387797176837921,0.6822277903556824,0.43303367495536804,0.9515248537063599,1.3356003761291504,0.1118667721748352,0.11495000123977661,0.8316666483879089,0.3594714105129242,0.1894282102584839
main,0.65,75,random,14.641775131225586,14.641775131225586,0.0,0.6117354035377502,0.48794323205947876,0.038264572620391846,38.26457214355469,0.0,0.0,0.0,0.3180837631225586,0.8774848580360413,0,0,0,0.03,800,200,1.4062871932983398,3128.200439453125,0.46520012617111206,0.3781663775444031,0.7947611212730408,0.4071196913719177,0.8774848580360413,1.9542512893676758,0.3180837631225586,0.10064361989498138,0.3547872304916382,0.37522947788238525,0.5045893788337708
main,0.65,76,random,4.593489646911621,4.571990013122559,0.021499602124094963,0.6286177635192871,0.4900439977645874,0.02138221263885498,21.382213592529297,4.398822784423828e-05,0.04398822784423828,4.398822784423828e-05,0.29566073417663574,0.8964126706123352,0,0,0,0.03,800,200,1.4062871932983398,3074.93310546875,0.4499809145927429,0.41374441981315613,0.8964126706123352,0.3939935863018036,0.8399816751480103,2.098036766052246,0.366012305021286,0.1133674830198288,0.7789161205291748,0.36478304862976074,0.29566073417663574
main,0.65,77,random,0.056029774248600006,0.05592910572886467,0.00010067009134218097,0.6476350426673889,0.4900030195713043,0.002364933490753174,2.364933490753174,3.0100345611572266e-06,0.0030100345611572266,3.0100345611572266e-06,0.17394690215587616,0.9094805121421814,0,0,0,0.03,800,200,1.4062871932983398,2784.5107421875,0.36700308322906494,0.3504675328731537,0.7156215906143188,0.4183181822299957,0.9094805121421814,1.5218406915664673,0.17394690215587616,0.11662500351667404,0.8875002264976501,0.3591172695159912,0.1823454201221466
main,0.65,78,random,36.161834716796875,36.161834716796875,0.0,0.5898652672767639,0.48703986406326294,0.060134708881378174,60.134708404541016,0.0,0.0,0.0,0.07916966080665588,0.693490207195282,0,0,0,0.03,800,200,1.4062871932983398,3533.5947265625,0.581027090549469,0.2669518291950226,0.4770052134990692,0.3427215814590454,0.693490207195282,2.1725707054138184,0.39085695147514343,0.09237509220838547,0.07916966080665588,0.3734155595302582,0.4683113694190979
main,0.65,79,random,47.03579330444336,46.95580291748047,0.07998944073915482,0.5814756751060486,0.49008485674858093,0.0685243010520935,68.52429962158203,8.484721183776855e-05,0.08484721183776855,8.484721183776855e-05,0.1707576960325241,0.9599688649177551,0,0,0,0.03,800,200,1.4062871932983398,2097.65185546875,0.1707576960325241,0.34587693214416504,0.7025055289268494,0.3424885869026184,0.6928245425224304,3.87990665435791,0.9599688649177551,0.10230574756860733,0.4101916551589966,0.3644801080226898,0.28960227966308594
main,0.65,80,random,0.0,0.0,0.0,0.6499999761581421,0.48999977111816406,0.0,0.0,0.0,0.0,0.0,0.0172000452876091,0.794644832611084,1,0,1,0.03,800,200,1.4062871932983398,2676.71826171875,0.33620524406433105,0.31546151638031006,0.6156043410301208,0.3752940893173218,0.7865545749664307,1.0516000986099243,0.0172000452876091,0.11383934319019318,0.794644832611084,0.3596060276031494,0.19212032854557037
main,0.65,81,random,3.10695481300354,3.1012096405029297,0.005745221395045519,0.6323897242546082,0.490022748708725,0.017610251903533936,17.610252380371094,2.2739171981811523e-05,0.022739171981811523,2.2739171981811523e-05,0.14106552302837372,0.6455128192901611,0,0,0,0.03,800,200,1.4062871932983398,2560.56201171875,0.3030177056789398,0.3259294927120209,0.6455128192901611,0.21531528234481812,0.32947224378585815,1.42319655418396,0.14106552302837372,0.10834545642137527,0.61151522397995,0.3665938079357147,0.3318764567375183
main,0.65,82,random,0.0001835381262935698,0.000182906529516913,6.315935934253503e-07,0.6498647332191467,0.49000024795532227,0.00013524293899536133,0.13524293899536133,2.384185791015625e-07,0.0002384185791015625,2.384185791015625e-07,0.06474902480840683,0.8889963030815125,0,0,0,0.03,800,200,1.4062871932983398,2455.96875,0.27313393354415894,0.3749130368232727,0.7854658365249634,0.37868058681488037,0.7962303161621094,1.1942470073699951,0.06474902480840683,0.11666988581418991,0.8889963030815125,0.3570440113544464,0.14088009297847748
main,0.65,83,random,0.023549312725663185,0.023525618016719818,2.369462526985444e-05,0.648466169834137,0.49000146985054016,0.001533806324005127,1.533806324005127,1.4603137969970703e-06,0.0014603137969970703,1.4603137969970703e-06,0.012339400127530098,0.812748908996582,1,0,1,0.03,800,200,1.4062871932983398,3617.1259765625,0.604893147945404,0.25756415724754333,0.45018333196640015,0.17210787534713745,0.20602253079414368,1.0370181798934937,0.012339400127530098,0.11438246816396713,0.812748908996582,0.3613891899585724,0.22778412699699402
main,0.65,84,random,25.478437423706055,25.465768814086914,0.012668276205658913,0.5995363593101501,0.4900337755680084,0.05046361684799194,50.46361541748047,3.376603126525879e-05,0.03376603126525879,3.376603126525879e-05,0.20518752932548523,0.7456430196762085,0,0,0,0.03,800,200,1.4062871932983398,4109.75048828125,0.7456430196762085,0.1974823921918869,0.2785211205482483,0.1718156337738037,0.20518752932548523,2.016744613647461,0.3389148712158203,0.10053626447916031,0.35120874643325806,0.3655861020088196,0.31172212958335876
main,0.65,85,random,0.0,0.0,0.0,0.6499999761581421,0.48999980092048645,0.0,0.0,0.0,0.0,0.0,0.110855832695961,0.991411566734314,0,1,1,0.03,800,200,1.4062871932983398,2812.3427734375,0.37495508790016174,0.28929194808006287,0.5408341288566589,0.44699403643608093,0.991411566734314,1.3325674533843994,0.110855832695961,0.11331486701965332,0.7771623730659485,0.36083537340164185,0.2167072594165802
main,0.65,86,random,0.0006222302909009159,0.0006222302909009159,0.0,0.6497505307197571,0.4899953305721283,0.00024944543838500977,0.24944543838500977,0.0,0.0,0.0,0.008404302410781384,0.8438113331794739,1,0,1,0.03,800,200,1.4062871932983398,3671.106689453125,0.620316207408905,0.25299912691116333,0.4371403455734253,0.14443239569664001,0.12694968283176422,1.0252128839492798,0.008404302410781384,0.11531433463096619,0.8438113331794739,0.3607202470302582,0.2144051343202591
main,0.65,87,random,1.220974536408903e-05,1.2199876437080093e-05,9.868649897271098e-09,0.6499650478363037,0.49000003933906555,3.4928321838378906e-05,0.034928321838378906,2.9802322387695312e-08,2.9802322387695312e-05,2.9802322387695312e-08,0.066647469997406,0.8807238936424255,0,0,0,0.03,800,200,1.4062871932983398,2386.7021484375,0.25334349274635315,0.37087878584861755,0.7739394307136536,0.3529932200908661,0.7228378057479858,1.1999423503875732,0.066647469997406,0.11642171442508698,0.8807238936424255,0.356996089220047,0.13992196321487427
main,0.65,88,random,2.890497922897339,2.8834848403930664,0.007013145834207535,0.6330191493034363,0.490025132894516,0.01698082685470581,16.98082733154297,2.512335777282715e-05,0.02512335777282715,2.512335777282715e-05,0.1499389111995697,0.9811457991600037,0,1,1,0.03,800,200,1.4062871932983398,3773.470947265625,0.6495631337165833,0.4434010088443756,0.9811457991600037,0.3785078823566437,0.7957368493080139,1.4498167037963867,0.1499389111995697,0.1148809939622879,0.8293664455413818,0.3666914999485016,0.3338301479816437
main,0.65,89,random,0.0,0.0,0.0,0.6499999761581421,0.48991718888282776,0.0,0.0,0.0,0.0,0.0,0.058075278997421265,0.9550355076789856,0,0,0,0.03,800,200,1.4062871932983398,3228.71923828125,0.4939197301864624,0.3173477053642273,0.620993435382843,0.4342624247074127,0.9550355076789856,1.1742258071899414,0.058075278997421265,0.11581310629844666,0.8604369163513184,0.36093536019325256,0.21870748698711395
main,0.65,90,random,8.011794090270996,8.011794090270996,0.0,0.6216948628425598,0.4850991666316986,0.028305113315582275,28.305112838745117,0.0,0.0,0.0,0.15557809174060822,0.6710611581802368,0,0,0,0.03,800,200,1.4062871932983398,3692.435546875,0.626410186290741,0.2722457945346832,0.4921308755874634,0.2855667471885681,0.5301907062530518,1.843144416809082,0.28104811906814575,0.11013182997703552,0.6710611581802368,0.3577789068222046,0.15557809174060822
main,0.65,91,random,62.87284469604492,62.834312438964844,0.03853289410471916,0.5707318782806396,0.49005889892578125,0.07926809787750244,79.26809692382812,5.888938903808594e-05,0.05888938903808594,5.888938903808594e-05,0.0455058254301548,0.8391228318214417,0,0,0,0.03,800,200,1.4062871932983398,1659.2703857421875,0.0455058254301548,0.31483760476112366,0.6138217449188232,0.3016126751899719,0.5760362148284912,3.5173685550689697,0.8391228318214417,0.0947926864027977,0.15975604951381683,0.3649789094924927,0.29957833886146545
main,0.65,92,random,5.850185394287109,5.836234092712402,0.013951517641544342,0.6258416771888733,0.49003544449806213,0.0241582989692688,24.15829849243164,3.5434961318969727e-05,0.03543496131896973,3.5434961318969727e-05,0.23261889815330505,0.8882805705070496,0,0,0,0.03,800,200,1.4062871932983398,2553.99267578125,0.30114078521728516,0.4108981788158417,0.8882805705070496,0.37259241938591003,0.7788354754447937,1.6978566646575928,0.23261889815330505,0.10795646905899048,0.5985490679740906,0.3692329525947571,0.3846590518951416
main,0.65,93,random,12.292973518371582,12.273603439331055,0.019370194524526596,0.6149662733078003,0.4900417625904083,0.0350337028503418,35.0337028503418,4.175305366516113e-05,0.04175305366516113,4.175305366516113e-05,0.14331020414829254,0.9677234292030334,0,0,0,0.03,800,200,1.4062871932983398,2001.585693359375,0.14331020414829254,0.43870317935943604,0.9677234292030334,0.3382873833179474,0.6808210611343384,1.5014461278915405,0.16714870929718018,0.10109685361385345,0.36989516019821167,0.374484658241272,0.48969289660453796
main,0.65,94,random,67.49384307861328,67.49384307861328,0.0,0.567845344543457,0.4887153208255768,0.08215463161468506,82.15463256835938,0.0,0.0,0.0,0.18809369206428528,0.9666778445243835,0,0,0,0.03,800,200,1.4062871932983398,4459.96728515625,0.8457049131393433,0.3280909061431885,0.6516883373260498,0.4383372366428375,0.9666778445243835,3.13789963722229,0.7126331925392151,0.0956428125500679,0.18809369206428528,0.3682548999786377,0.3650978207588196
main,0.65,95,random,30.725833892822266,30.725833892822266,0.0,0.5945690870285034,0.47218215465545654,0.05543088912963867,55.43088912963867,0.0,0.0,0.0,0.038480233401060104,0.7085217833518982,0,0,0,0.03,800,200,1.4062871932983398,2543.80029296875,0.2982286214828491,0.3022795021533966,0.5779414176940918,0.34798261523246765,0.7085217833518982,1.3557219505310059,0.11857397854328156,0.09115441143512726,0.038480233401060104,0.36482512950897217,0.29650261998176575
main,0.65,96,random,0.0,0.0,0.0,0.6499999761581421,0.48498445749282837,0.0,0.0,0.0,0.0,0.0,0.036530788987874985,0.974155843257904,0,0,0,0.03,800,200,1.4062871932983398,2823.03564453125,0.3780101537704468,0.1172497346997261,0.049284957349300385,0.4409545361995697,0.974155843257904,1.109592318534851,0.036530788987874985,0.11163356900215149,0.7211188673973083,0.35691311955451965,0.138262540102005
main,0.65,97,random,91.26829528808594,91.25965118408203,0.00864588376134634,0.5544700622558594,0.49002790451049805,0.09552991390228271,95.52991485595703,2.7894973754882812e-05,0.027894973754882812,2.7894973754882812e-05,0.12555910646915436,0.980564296245575,0,1,1,0.03,800,200,1.4062871932983398,2172.17138671875,0.19204896688461304,0.2962033152580261,0.5605809092521667,0.16430380940437317,0.18372514843940735,3.94169282913208,0.980564296245575,0.09376677870750427,0.12555910646915436,0.3582707941532135,0.16541585326194763
main,0.65,98,random,40.25612258911133,40.25612258911133,0.0,0.5865522623062134,0.48979121446609497,0.06344771385192871,63.447715759277344,0.0,0.0,0.0,0.07836564630270004,0.7535294890403748,0,0,0,0.03,800,200,1.4062871932983398,3393.645263671875,0.5410414934158325,0.1903427094221115,0.2581220269203186,0.3637353181838989,0.7535294890403748,2.2100038528442383,0.4033346176147461,0.09967255592346191,0.32241836190223694,0.35391828417778015,0.07836564630270004
main,0.65,99,random,1.2283294381632004e-05,1.2283294381632004e-05,0.0,0.6499649286270142,0.49000000953674316,3.504753112792969e-05,0.03504753112792969,0.0,0.0,0.0,0.009540172293782234,0.8152104020118713,1,0,1,0.03,800,200,1.4062871932983398,2905.04736328125,0.40144214034080505,0.25952789187431335,0.45579394698143005,0.3853236436843872,0.8152104020118713,1.0286204814910889,0.009540172293782234,0.11298850178718567,0.7662835121154785,0.3608354926109314,0.21670961380004883
main,0.65,100,random,3.8342180252075195,3.8208930492401123,0.013325085863471031,0.6304528713226318,0.49003463983535767,0.019547104835510254,19.547103881835938,3.463029861450195e-05,0.03463029861450195,3.463029861450195e-05,0.23935751616954803,0.718778669834137,0,0,0,0.03,800,200,1.4062871932983398,3039.03271484375,0.4397236406803131,0.32726651430130005,0.6493329405784607,0.35157251358032227,0.718778669834137,1.718072533607483,0.23935751616954803,0.10929583758115768,0.6431946754455566,0.3670618534088135,0.34123730659484863
main,0.65,101,random,24.191858291625977,24.191858291625977,0.0,0.6008147597312927,0.4772088825702667,0.049185216426849365,49.18521499633789,0.0,0.0,0.0,0.04145914688706398,0.8861395120620728,0,0,0,0.03,800,200,1.4062871932983398,1645.1070556640625,0.04145914688706398,0.2940537631511688,0.5544393062591553,0.41014882922172546,0.8861395120620728,1.4077739715576172,0.13592463731765747,0.09638309478759766,0.21276980638504028,0.3588005304336548,0.17601095139980316
main,0.65,102,random,35.443485260009766,35.443485260009766,0.0,0.5904655456542969,0.48882079124450684,0.059534430503845215,59.53443145751953,0.0,0.0,0.0,0.20552746951580048,0.9558858871459961,0,0,0,0.03,800,200,1.4062871932983398,4845.6005859375,0.9558858871459961,0.297347754240036,0.5638507008552551,0.2977350056171417,0.5649571418762207,2.540041923522949,0.513347327709198,0.10534107685089111,0.5113693475723267,0.36027637124061584,0.20552746951580048
main,0.65,103,random,2.768806219100952,2.760197162628174,0.008608975447714329,0.6333861351013184,0.49002784490585327,0.01661384105682373,16.613842010498047,2.7835369110107422e-05,0.027835369110107422,2.7835369110107422e-05,0.06329451501369476,0.8763805627822876,0,0,0,0.03,800,200,1.4062871932983398,2752.14404296875,0.3577554523944855,0.4067331850528717,0.8763805627822876,0.3572237491607666,0.7349250316619873,1.1898835897445679,0.06329451501369476,0.11151938885450363,0.7173130512237549,0.36546605825424194,0.30932146310806274
main,0.65,104,random,15.236957550048828,15.236957550048828,0.0,0.6109654307365417,0.4862167537212372,0.03903454542160034,39.0345458984375,0.0,0.0,0.0,0.30088523030281067,0.9664391875267029,0,0,0,0.03,800,200,1.4062871932983398,3781.745849609375,0.6519273519515991,0.242213636636734,0.40632468461990356,0.4382537007331848,0.9664391875267029,1.9026557207107544,0.30088523030281067,0.10010109096765518,0.3367030620574951,0.36706557869911194,0.34131181240081787
main,0.65,105,random,10.646882057189941,10.628251075744629,0.01863078586757183,0.6173989772796631,0.49004095792770386,0.032600998878479004,32.60099792480469,4.094839096069336e-05,0.04094839096069336,4.094839096069336e-05,0.14553497731685638,0.9575494527816772,0,0,0,0.03,800,200,1.4062871932983398,2342.603271484375,0.24074380099773407,0.43514230847358704,0.9575494527816772,0.2852787673473358,0.5293679237365723,1.4366049766540527,0.14553497731685638,0.10264100134372711,0.42136669158935547,0.37426385283470154,0.485276997089386
main,0.65,106,random,36.251930236816406,36.251930236816406,0.0,0.589790403842926,0.4807668924331665,0.060209572315216064,60.209571838378906,0.0,0.0,0.0,0.018270764499902725,0.8817698359489441,1,0,1,0.03,800,200,1.4062871932983398,2547.564697265625,0.29930418729782104,0.26397162675857544,0.468490332365036,0.4086194336414337,0.8817698359489441,1.9270027875900269,0.3090009391307831,0.09054812788963318,0.018270764499902725,0.367417573928833,0.3483513295650482
main,0.65,107,random,4.0352044105529785,4.02764892578125,0.007555684074759483,0.6299309730529785,0.4900260865688324,0.020069003105163574,20.06900405883789,2.60770320892334e-05,0.0260770320892334,2.60770320892334e-05,0.028021477162837982,0.6084233522415161,0,0,0,0.03,800,200,1.4062871932983398,3629.481689453125,0.6084233522415161,0.26435551047325134,0.46958720684051514,0.2918400764465332,0.548114538192749,1.0840644836425781,0.028021477162837982,0.09929367899894714,0.3097892105579376,0.37750059366226196,0.5500118732452393
main,0.65,108,random,68.43798065185547,68.43798065185547,0.0,0.5672727227210999,0.4896303117275238,0.08272725343704224,82.72725677490234,0.0,0.0,0.0,0.05928679555654526,0.89285808801651,0,0,0,0.03,800,200,1.4062871932983398,4625.00341796875,0.89285808801651,0.1992678940296173,0.28362253308296204,0.37906646728515625,0.797332763671875,2.691889762878418,0.5639632344245911,0.0969228446483612,0.23076131939888,0.3529643416404724,0.05928679555654526
main,0.65,109,random,0.0014681608881801367,0.001462476560845971,5.6843418860808015e-06,0.6496175527572632,0.49000072479248047,0.00038242340087890625,0.38242340087890625,7.152557373046875e-07,0.0007152557373046875,7.152557373046875e-07,0.044363994151353836,0.8784677386283875,0,0,0,0.03,800,200,1.4062871932983398,2389.14208984375,0.2540406286716461,0.38148191571235657,0.8042340874671936,0.39508506655693054,0.8431002497673035,1.133091926574707,0.044363994151353836,0.11635403335094452,0.8784677386283875,0.35700806975364685,0.14016173779964447
main,0.65,110,random,0.0,0.0,0.0,0.6499999761581421,0.4899996221065521,0.0,0.0,0.0,0.0,0.0,0.08532276749610901,0.9481515884399414,0,0,0,0.03,800,200,1.4062871932983398,2219.572509765625,0.20559217035770416,0.37071236968040466,0.7734639644622803,0.3720782399177551,0.7773663997650146,1.4084482192993164,0.13614939153194427,0.1184445470571518,0.9481515884399414,0.35426613688468933,0.08532276749610901
main,0.65,111,random,0.0,0.0,0.0,0.6499999761581421,0.48999983072280884,0.0,0.0,0.0,0.0,0.0,0.0795900896191597,0.8944535851478577,0,0,0,0.03,800,200,1.4062871932983398,2472.097900390625,0.27774226665496826,0.1502867043018341,0.14367631077766418,0.4130587577819824,0.8944535851478577,1.2387702465057373,0.0795900896191597,0.10895705968141556,0.6319019794464111,0.35992228984832764,0.1984461545944214
main,0.65,112,random,103.37471008300781,103.3420181274414,0.032688915729522705,0.5483427047729492,0.49005424976348877,0.10165727138519287,101.65727233886719,5.424022674560547e-05,0.05424022674560547,5.424022674560547e-05,0.023648938164114952,0.9545647501945496,0,0,0,0.03,800,200,1.4062871932983398,1599.2664794921875,0.028361840173602104,0.27389535307884216,0.4968438446521759,0.1865164041519165,0.2471897304058075,3.863694190979004,0.9545647501945496,0.09070947021245956,0.023648938164114952,0.35783785581588745,0.1567574292421341
main,0.65,113,random,0.32400649785995483,0.32359579205513,0.0004106936976313591,0.6443114280700684,0.49000608921051025,0.0056885480880737305,5.6885480880737305,6.079673767089844e-06,0.006079673767089844,6.079673767089844e-06,0.15360361337661743,0.8917048573493958,0,0,0,0.03,800,200,1.4062871932983398,4569.54296875,0.8770122528076172,0.2510322332382202,0.4315206706523895,0.15985047817230225,0.1710013747215271,1.460810899734497,0.15360361337661743,0.11675114184617996,0.8917048573493958,0.361747145652771,0.23494316637516022
main,0.65,114,random,0.10915134847164154,0.10871198773384094,0.0004393621638882905,0.6467028260231018,0.49000629782676697,0.003297150135040283,3.297150135040283,6.288290023803711e-06,0.006288290023803711,6.288290023803711e-06,0.13163281977176666,0.995328426361084,0,1,1,0.03,800,200,1.4062871932983398,2758.13134765625,0.3594660758972168,0.308106929063797,0.5945912003517151,0.4483649432659149,0.995328426361084,1.3948984146118164,0.13163281977176666,0.11238731443881989,0.7462437152862549,0.3619314432144165,0.23862920701503754
main,0.65,115,random,0.008792350068688393,0.00877494178712368,1.7408296116627753e-05,0.649063229560852,0.49000126123428345,0.0009367465972900391,0.9367465972900391,1.2516975402832031e-06,0.0012516975402832031,1.2516975402832031e-06,0.009592222981154919,0.7849464416503906,1,0,1,0.03,800,200,1.4062871932983398,3048.234375,0.4423527121543884,0.2604514956474304,0.4584328532218933,0.355984628200531,0.7313846945762634,1.0287766456604004,0.009592222981154919,0.1135483905673027,0.7849464416503906,0.360807329416275,0.21614670753479004
main,0.65,116,random,1.2789769243681803e-09,1.2789769243681803e-09,0.0,0.6499996185302734,0.4899999797344208,3.5762786865234375e-07,0.00035762786865234375,0.0,0.0,0.0,0.02771976962685585,0.8367623686790466,0,0,0,0.03,800,200,1.4062871932983398,2351.858642578125,0.24338820576667786,0.3095957338809967,0.5988449454307556,0.3928668200969696,0.8367623686790466,1.083159327507019,0.02771976962685585,0.11238996684551239,0.7463322877883911,0.35914239287376404,0.18284794688224792
main,0.65,117,random,57.881996154785156,57.81378936767578,0.06820856034755707,0.5739645957946777,0.4900783598423004,0.07603538036346436,76.0353775024414,7.835030555725098e-05,0.07835030555725098,7.835030555725098e-05,0.11779796332120895,0.9471338391304016,0,0,0,0.03,800,200,1.4062871932983398,1912.2928466796875,0.11779796332120895,0.33080998063087463,0.6594570875167847,0.29030027985572815,0.5437151193618774,3.8414015769958496,0.9471338391304016,0.09672721475362778,0.22424036264419556,0.36731165647506714,0.3462331295013428
main,0.65,118,random,34.4816780090332,34.466796875,0.014881766401231289,0.5912915468215942,0.49003660678863525,0.05870842933654785,58.70842742919922,3.6597251892089844e-05,0.036597251892089844,3.6597251892089844e-05,0.026056213304400444,0.9432923197746277,0,0,0,0.03,800,200,1.4062871932983398,1997.1324462890625,0.14203783869743347,0.33925265073776245,0.6835790276527405,0.4301522970199585,0.9432923197746277,3.4506516456604004,0.81688392162323,0.11031757295131683,0.6772525310516357,0.3513028025627136,0.026056213304400444
main,0.65,119,random,6.332141876220703,6.317162990570068,0.014978871680796146,0.6248660087585449,0.4900367259979248,0.025133967399597168,25.133968353271484,3.6716461181640625e-05,0.036716461181640625,3.6716461181640625e-05,0.08064628392457962,0.6415519118309021,0,0,0,0.03,800,200,1.4062871932983398,3745.431640625,0.6415519118309021,0.3194391131401062,0.6269688606262207,0.19794796407222748,0.2798513174057007,1.241938829421997,0.08064628392457962,0.10332322865724564,0.44410765171051025,0.37561044096946716,0.5122086405754089
main,0.65,120,random,4.442482948303223,4.433273792266846,0.009208989329636097,0.6289446353912354,0.4900287985801697,0.02105534076690674,21.055339813232422,2.8789043426513672e-05,0.028789043426513672,2.8789043426513672e-05,0.08349785208702087,0.8589367270469666,0,0,0,0.03,800,200,1.4062871932983398,4506.2783203125,0.8589367270469666,0.13833552598953247,0.10953009128570557,0.37295493483543396,0.7798712849617004,1.2504935264587402,0.08349785208702087,0.10268747061491013,0.4229156970977783,0.3799855411052704,0.5997105836868286
main,0.65,121,random,4.6984638402136625e-07,4.6984638402136625e-07,0.0,0.6499931216239929,0.48999977111816406,6.854534149169922e-06,0.006854534149169922,0.0,0.0,0.0,0.015177169814705849,0.826179027557373,1,0,1,0.03,800,200,1.4062871932983398,2879.42041015625,0.39412009716033936,0.25987115502357483,0.4567747414112091,0.38916265964508057,0.826179027557373,1.0455315113067627,0.015177169814705849,0.11294647306203842,0.7648824453353882,0.3606990575790405,0.21398138999938965
main,0.65,122,random,82.08126068115234,82.08126068115234,0.0,0.559401273727417,0.48921072483062744,0.0905987024307251,90.59870147705078,0.0,0.0,0.0,0.03602916747331619,0.8697882890701294,0,0,0,0.03,800,200,1.4062871932983398,2192.89990234375,0.19797135889530182,0.2705690562725067,0.48734012246131897,0.40442588925361633,0.8697882890701294,2.7064054012298584,0.5688018202781677,0.09108088165521622,0.03602916747331619,0.3523198068141937,0.04639625921845436
main,0.65,123,random,8.517518043518066,8.504737854003906,0.012780335731804371,0.6208370923995972,0.49003392457962036,0.029162883758544922,29.162883758544922,3.3915042877197266e-05,0.033915042877197266,3.3915042877197266e-05,0.030335161834955215,0.8486519455909729,0,0,0,0.03,800,200,1.4062871932983398,3022.3984375,0.4349709451198578,0.1336953043937683,0.09627228230237961,0.3970281779766083,0.8486519455909729,1.0910054445266724,0.030335161834955215,0.09207502752542496,0.06916739791631699,0.3842470645904541,0.6849412322044373
main,0.65,124,random,1.3742132186889648,1.3742132186889648,0.0,0.6382772922515869,0.4895138740539551,0.011722683906555176,11.722683906555176,0.0,0.0,0.0,0.024802958592772484,0.6740446090698242,0,0,0,0.03,800,200,1.4062871932983398,1923.8070068359375,0.12108771502971649,0.33591562509536743,0.6740446090698242,0.2492697834968567,0.4264850616455078,1.0744088888168335,0.024802958592772484,0.10828568786382675,0.6095229387283325,0.36165761947631836,0.23315264284610748
main,0.65,125,random,3.3378935768269e-05,3.32210365741048e-05,1.5789839835633757e-07,0.6499423384666443,0.4900001287460327,5.7637691497802734e-05,0.057637691497802734,1.1920928955078125e-07,0.00011920928955078125,1.1920928955078125e-07,0.07722941040992737,0.8728423714637756,0,0,0,0.03,800,200,1.4062871932983398,2737.798828125,0.3536568284034729,0.286325067281723,0.5323573350906372,0.4054948091506958,0.8728423714637756,1.2316882610321045,0.07722941040992737,0.11357808113098145,0.7859361171722412,0.359928697347641,0.1985737681388855
main,0.65,126,random,7.758922100067139,7.741674900054932,0.0172472782433033,0.6221761107444763,0.4900394082069397,0.02782386541366577,27.82386589050293,3.93986701965332e-05,0.0393986701965332,3.93986701965332e-05,0.1634824573993683,0.7706844806671143,0,0,0,0.03,800,200,1.4062871932983398,3006.8212890625,0.43052035570144653,0.3697395622730255,0.7706844806671143,0.2650660276412964,0.4716172516345978,1.4904474020004272,0.1634824573993683,0.10489868372678757,0.496622771024704,0.373647004365921,0.4729401767253876
main,0.65,127,random,0.08451991528272629,0.08427666127681732,0.00024325231788679957,0.6470969319343567,0.49000468850135803,0.0029030442237854004,2.9030442237854004,4.678964614868164e-06,0.004678964614868164,4.678964614868164e-06,0.024462725967168808,0.8042993545532227,0,0,0,0.03,800,200,1.4062871932983398,2019.49609375,0.14842747151851654,0.33926281332969666,0.6836080551147461,0.2382669746875763,0.39504846930503845,1.0733882188796997,0.024462725967168808,0.114128977060318,0.8042993545532227,0.35674285888671875,0.13485701382160187
main,0.65,128,random,11.04796314239502,11.024831771850586,0.023131730034947395,0.6167963147163391,0.4900456368923187,0.03320366144180298,33.20366287231445,4.5627355575561523e-05,0.04562735557556152,4.5627355575561523e-05,0.07293221354484558,0.8067842721939087,0,0,0,0.03,800,200,1.4062871932983398,4303.6064453125,0.8010304570198059,0.38237449526786804,0.8067842721939087,0.24998855590820312,0.4285387396812439,1.2187966108322144,0.07293221354484558,0.1025710329413414,0.4190344214439392,0.37927278876304626,0.5854558944702148
main,0.65,129,random,0.0738862082362175,0.07367295771837234,0.0002132516383426264,0.6472856998443604,0.49000439047813416,0.0027142763137817383,2.7142763137817383,4.380941390991211e-06,0.004380941390991211,4.380941390991211e-06,0.10169816017150879,0.9688320159912109,0,0,0,0.03,800,200,1.4062871932983398,3599.052001953125,0.5997291207313538,0.31337466835975647,0.6096419095993042,0.43909120559692383,0.9688320159912109,1.3050944805145264,0.10169816017150879,0.11587443202733994,0.8624810576438904,0.3619332015514374,0.23866404592990875
main,0.65,130,random,22.364965438842773,22.362958908081055,0.0020072930492460728,0.602710485458374,0.49001345038414,0.047289490699768066,47.28948974609375,1.3440847396850586e-05,0.013440847396850586,1.3440847396850586e-05,0.452371746301651,0.968206524848938,0,0,0,0.03,800,200,1.4062871932983398,3083.30126953125,0.452371746301651,0.4388722777366638,0.968206524848938,0.269858181476593,0.48530906438827515,3.415738582611084,0.8052461743354797,0.10906021296977997,0.6353405117988586,0.3729865550994873,0.4597310721874237
main,0.65,131,random,1.7954894304275513,1.7902735471725464,0.005215866956859827,0.6366198658943176,0.490021675825119,0.013380110263824463,13.380109786987305,2.1666288375854492e-05,0.021666288375854492,2.1666288375854492e-05,0.07940277457237244,0.8448781967163086,0,0,0,0.03,800,200,1.4062871932983398,2175.45166015625,0.1929861456155777,0.395707368850708,0.8448781967163086,0.23369762301445007,0.38199320435523987,1.238208293914795,0.07940277457237244,0.11277832090854645,0.7592775225639343,0.3617452383041382,0.23490473628044128
main,0.65,132,random,1.2331700325012207,1.2304188013076782,0.002751221414655447,0.6389075517654419,0.49001574516296387,0.011092424392700195,11.092424392700195,1.5735626220703125e-05,0.015735626220703125,1.5735626220703125e-05,0.10517402738332748,0.8030992150306702,0,0,0,0.03,800,200,1.4062871932983398,4310.84716796875,0.8030992150306702,0.29899218678474426,0.5685490965843201,0.28078749775886536,0.5165356993675232,1.3155220746994019,0.10517402738332748,0.1129525899887085,0.7650864720344543,0.36625272035598755,0.3250541388988495
main,0.65,133,random,8.036295184865594e-05,8.036295184865594e-05,0.0,0.6499103307723999,0.48997634649276733,8.96453857421875e-05,0.0896453857421875,0.0,0.0,0.0,0.02828606590628624,0.8402929902076721,0,0,0,0.03,800,200,1.4062871932983398,3196.068603515625,0.4845910370349884,0.278488427400589,0.5099669098854065,0.18495279550552368,0.2427222728729248,1.0848581790924072,0.02828606590628624,0.11520878970623016,0.8402929902076721,0.35886165499687195,0.17723296582698822
main,0.65,134,random,6.1031494140625,6.090503692626953,0.012645924463868141,0.6253210306167603,0.49003374576568604,0.024678945541381836,24.678945541381836,3.3736228942871094e-05,0.033736228942871094,3.3736228942871094e-05,0.17521746456623077,0.804915726184845,0,0,0,0.03,800,200,1.4062871932983398,3368.50732421875,0.5338592529296875,0.38172048330307007,0.804915726184845,0.2248505800962448,0.35671594738960266,1.5256524085998535,0.17521746456623077,0.10868339240550995,0.6227797269821167,0.3715461492538452,0.43092286586761475
main,0.65,135,random,43.067752838134766,43.067752838134766,0.0,0.584373950958252,0.4883230924606323,0.06562602519989014,65.62602233886719,0.0,0.0,0.0,0.2870051860809326,0.9845401644706726,0,1,1,0.03,800,200,1.4062871932983398,4945.890625,0.9845401644706726,0.267688512802124,0.47911006212234497,0.32594653964042664,0.6455615162849426,2.4789698123931885,0.4929899275302887,0.1001901775598526,0.33967262506484985,0.36435025930404663,0.2870051860809326
main,0.65,136,random,3.1062159538269043,3.096949577331543,0.009266276843845844,0.6324018239974976,0.49002888798713684,0.01759815216064453,17.59815216064453,2.8878450393676758e-05,0.028878450393676758,2.8878450393676758e-05,0.009016644209623337,0.7096571922302246,1,0,1,0.03,800,200,1.4062871932983398,1814.6190185546875,0.08989114314317703,0.29514726996421814,0.5575636625289917,0.34838002920150757,0.7096571922302246,1.0270498991012573,0.009016644209623337,0.10175231844186783,0.39174389839172363,0.3661364018917084,0.32272791862487793
main,0.65,137,random,1.9092252254486084,1.907500982284546,0.0017242897301912308,0.6361887454986572,0.4900124669075012,0.013811230659484863,13.811230659484863,1.245737075805664e-05,0.01245737075805664,1.245737075805664e-05,0.21184149384498596,0.7961524724960327,0,0,0,0.03,800,200,1.4062871932983398,2421.49072265625,0.2632830739021301,0.3639688193798065,0.7541966438293457,0.3698486089706421,0.77099609375,1.7472989559173584,0.24909964203834534,0.1138845682144165,0.7961524724960327,0.3605920672416687,0.21184149384498596
main,0.65,138,random,7.456979274749756,7.45250940322876,0.0044697970151901245,0.6227006912231445,0.4900200664997101,0.02729928493499756,27.299285888671875,2.0056962966918945e-05,0.020056962966918945,2.0056962966918945e-05,0.16556546092033386,0.6082890033721924,0,0,0,0.03,800,200,1.4062871932983398,3099.578125,0.45702236890792847,0.22750556468963623,0.3643016517162323,0.2762792110443115,0.5036548972129822,1.799405813217163,0.2664686143398285,0.10824866592884064,0.6082890033721924,0.3582782745361328,0.16556546092033386
main,0.65,139,random,93.15670776367188,93.12107849121094,0.035625822842121124,0.5535007119178772,0.4900566339492798,0.09649926424026489,96.499267578125,5.6624412536621094e-05,0.056624412536621094,5.6624412536621094e-05,0.025290273129940033,0.9855037331581116,0,1,1,0.03,800,200,1.4062871932983398,1626.3731689453125,0.03610662743449211,0.27606961131095886,0.5030560493469238,0.3401329219341278,0.6860941052436829,3.9565112590789795,0.9855037331581116,0.09533372521400452,0.17779085040092468,0.35126450657844543,0.025290273129940033
main,0.65,140,random,47.9676628112793,47.9676628112793,0.0,0.580741286277771,0.4899054169654846,0.0692586898803711,69.2586898803711,0.0,0.0,0.0,0.06919317692518234,0.7098405957221985,0,0,0,0.03,800,200,1.4062871932983398,3984.442138671875,0.7098405957221985,0.1955857276916504,0.2731021046638489,0.24884790182113647,0.42527973651885986,2.371190071105957,0.45706334710121155,0.1005508154630661,0.35169368982315063,0.3534596562385559,0.06919317692518234
main,0.65,141,random,31.450716018676758,31.450716018676758,0.0,0.593919038772583,0.48691147565841675,0.05608093738555908,56.080936431884766,0.0,0.0,0.0,0.13543052971363068,0.479405015707016,0,0,0,0.03,800,200,1.4062871932983398,2798.863525390625,0.37110385298728943,0.14740067720413208,0.13543052971363068,0.267791748046875,0.479405015707016,1.9367841482162476,0.3122613728046417,0.09629468619823456,0.20982275903224945,0.3568568527698517,0.13713732361793518
main,0.65,142,random,0.0,0.0,0.0,0.6499999761581421,0.48999983072280884,0.0,0.0,0.0,0.0,0.0,0.010745984502136707,0.8517144322395325,1,0,1,0.03,800,200,1.4062871932983398,2368.43603515625,0.24812458455562592,0.21864569187164307,0.33898767828941345,0.3981000483036041,0.8517144322395325,1.0322380065917969,0.010745984502136707,0.10829846560955048,0.6099489331245422,0.36088046431541443,0.21760907769203186
main,0.65,143,random,0.0,0.0,0.0,0.6499999761581421,0.489999920129776,0.0,0.0,0.0,0.0,0.0,0.11472012102603912,0.9667745232582092,0,0,0,0.03,800,200,1.4062871932983398,2676.848876953125,0.33624252676963806,0.3114188611507416,0.6040539145469666,0.43837106227874756,0.9667745232582092,1.3441603183746338,0.11472012102603912,0.11381195485591888,0.7937317490577698,0.35992780327796936,0.19855628907680511
main,0.65,144,random,0.0,0.0,0.0,0.6499999761581421,0.4899003207683563,0.0,0.0,0.0,0.0,0.0,0.14829495549201965,0.9860227108001709,0,1,1,0.03,800,200,1.4062871932983398,3485.90087890625,0.5674002766609192,0.29378771781921387,0.5536792278289795,0.44510793685913086,0.9860227108001709,1.5270211696624756,0.1756737232208252,0.11888053268194199,0.9626844525337219,0.35741475224494934,0.14829495549201965
main,0.65,145,random,41.114200592041016,41.114200592041016,0.0,0.5858796238899231,0.47134119272232056,0.064120352268219,64.12035369873047,0.0,0.0,0.0,0.06869462877511978,0.8505951762199402,0,0,0,0.03,800,200,1.4062871932983398,2037.8785400390625,0.15367957949638367,0.27967774868011475,0.5133649706840515,0.39770829677581787,0.8505951762199402,1.7561864852905273,0.2520621716976166,0.09206084161996841,0.06869462877511978,0.35673150420188904,0.1346299648284912
main,0.65,146,random,6.412064075469971,6.400701999664307,0.011362060904502869,0.6247003674507141,0.49003198742866516,0.02529960870742798,25.29960823059082,3.197789192199707e-05,0.03197789192199707,3.197789192199707e-05,0.11690989881753922,0.9111711382865906,0,0,0,0.03,800,200,1.4062871932983398,2252.8330078125,0.2150951325893402,0.14091846346855164,0.11690989881753922,0.41890987753868103,0.9111711382865906,1.6061218976974487,0.2020406424999237,0.0999671146273613,0.33223700523376465,0.3592005968093872,0.1840117871761322
main,0.65,147,random,7.058542728424072,7.047724723815918,0.010818101465702057,0.6234524250030518,0.4900312125682831,0.026547551155090332,26.547550201416016,3.120303153991699e-05,0.031203031539916992,3.120303153991699e-05,0.18219299614429474,0.7144254446029663,0,0,0,0.03,800,200,1.4062871932983398,3095.53076171875,0.4558659493923187,0.35004889965057373,0.7144254446029663,0.22630152106285095,0.36086151003837585,1.5465790033340454,0.18219299614429474,0.105340875685215,0.511362612247467,0.37327641248703003,0.4655280113220215
main,0.65,148,random,9.583503723144531,9.558491706848145,0.025011738762259483,0.6190831661224365,0.4900474548339844,0.030916810035705566,30.91680908203125,4.744529724121094e-05,0.04744529724121094,4.744529724121094e-05,0.08746582269668579,0.9126691818237305,0,0,0,0.03,800,200,1.4062871932983398,3377.55615234375,0.5364446043968201,0.41943418979644775,0.9126691818237305,0.1306130439043045,0.08746582269668579,1.4481782913208008,0.1493927389383316,0.10625077784061432,0.5416926741600037,0.37487101554870605,0.49742045998573303
main,0.65,149,random,3.9663782119750977,3.9601094722747803,0.0062686544843018055,0.6300999522209167,0.49002376198768616,0.019900023937225342,19.9000244140625,2.3752450942993164e-05,0.023752450942993164,2.3752450942993164e-05,0.030135415494441986,0.7278830409049988,0,0,0,0.03,800,200,1.4062871932983398,2921.33984375,0.40609708428382874,0.3547590672969818,0.7278830409049988,0.28480616211891174,0.5280175805091858,1.0904062986373901,0.030135415494441986,0.10618294030427933,0.5394313335418701,0.37059107422828674,0.4118216335773468
main,0.65,150,random,16.026243209838867,15.999635696411133,0.026607492938637733,0.6100004315376282,0.49004894495010376,0.039999544620513916,39.99954605102539,4.89354133605957e-05,0.0489354133605957,4.89354133605957e-05,0.22447073459625244,0.838786244392395,0,0,0,0.03,800,200,1.4062871932983398,2674.94873046875,0.3356996178627014,0.39357516169548035,0.838786244392395,0.37681666016578674,0.7909047603607178,1.856384515762329,0.28546151518821716,0.09673412144184113,0.22447073459625244,0.38100558519363403,0.6201115846633911
main,0.65,151,random,10.876505851745605,10.876505851745605,0.0,0.6170204281806946,0.4889613091945648,0.03297954797744751,32.979549407958984,0.0,0.0,0.0,0.2682637870311737,0.9949867725372314,0,1,1,0.03,800,200,1.4062871932983398,3398.94189453125,0.5425548553466797,0.2911960184574127,0.5462743639945984,0.4482453465461731,0.9949867725372314,2.0170464515686035,0.3390154540538788,0.10671094805002213,0.5570316910743713,0.3634131848812103,0.2682637870311737
main,0.65,152,random,5.932992935180664,5.932992935180664,0.0,0.6256422400474548,0.4897853434085846,0.024357736110687256,24.357736587524414,0.0,0.0,0.0,0.18127508461475372,0.7626690864562988,0,0,0,0.03,800,200,1.4062871932983398,2134.462890625,0.18127508461475372,0.3669341802597046,0.7626690864562988,0.30589765310287476,0.5882790088653564,1.8222670555114746,0.2740890085697174,0.10875746607780457,0.6252490282058716,0.36463797092437744,0.29275932908058167
main,0.65,153,random,0.0,0.0,0.0,0.6499999761581421,0.4899853467941284,0.0,0.0,0.0,0.0,0.0,0.08167929202318192,0.8921494483947754,0,0,0,0.03,800,200,1.4062871932983398,2768.0029296875,0.3622865676879883,0.26424598693847656,0.46927428245544434,0.23695507645606995,0.3913002610206604,1.2450379133224487,0.08167929202318192,0.11676448583602905,0.8921494483947754,0.354263573884964,0.08527153730392456
main,0.65,154,random,107.59989929199219,107.59497833251953,0.004918889608234167,0.5462719798088074,0.4900210499763489,0.10372799634933472,103.72799682617188,2.104043960571289e-05,0.02104043960571289,2.104043960571289e-05,0.029294457286596298,0.9949142932891846,0,1,1,0.03,800,200,1.4062871932983398,1602.5306396484375,0.029294457286596298,0.2631934881210327,0.46626707911491394,0.2519766688346863,0.43421903252601624,3.9847428798675537,0.9949142932891846,0.09274857491254807,0.09161914885044098,0.3516976833343506,0.033953871577978134
main,0.65,155,random,0.0,0.0,0.0,0.6499999761581421,0.4898892641067505,0.0,0.0,0.0,0.0,0.0,0.03660595789551735,0.9126413464546204,0,0,0,0.03,800,200,1.4062871932983398,3140.1845703125,0.46862417459487915,0.13280992209911346,0.09374263882637024,0.41942447423934937,0.9126413464546204,1.1098178625106812,0.03660595789551735,0.11299364268779755,0.7664548754692078,0.36546918749809265,0.3093838393688202
main,0.65,156,random,0.8270338177680969,0.8253505229949951,0.0016832856927067041,0.6409150958061218,0.4900123178958893,0.009084880352020264,9.084880828857422,1.2308359146118164e-05,0.012308359146118164,1.2308359146118164e-05,0.11943995207548141,0.8472878336906433,0,0,0,0.03,800,200,1.4062871932983398,4465.50732421875,0.8472878336906433,0.2896865904331207,0.5419617295265198,0.3902857005596161,0.8293877243995667,1.358319878578186,0.11943995207548141,0.1140282154083252,0.8009405732154846,0.36513420939445496,0.30268433690071106
main,0.65,157,random,75.50946044921875,75.50946044921875,0.0,0.5631037950515747,0.48379626870155334,0.08689618110656738,86.89617919921875,0.0,0.0,0.0,0.13713951408863068,0.9637362360954285,0,0,0,0.03,800,200,1.4062871932983398,4873.0771484375,0.9637362360954285,0.29060497879981995,0.544585645198822,0.431214839220047,0.9463281035423279,2.899719715118408,0.6332398653030396,0.09746010601520538,0.24867011606693268,0.35685697197914124,0.13713951408863068
main,0.65,158,random,3.870755972457118e-05,3.8352289266185835e-05,3.552713678800501e-07,0.6499380469322205,0.4900001883506775,6.192922592163086e-05,0.06192922592163086,1.7881393432617188e-07,0.00017881393432617188,1.7881393432617188e-07,0.07857923209667206,0.8806578516960144,0,0,0,0.03,800,200,1.4062871932983398,2596.52001953125,0.31329143047332764,0.30762025713920593,0.5932007431983948,0.4082302451133728,0.8806578516960144,1.235737681388855,0.07857923209667206,0.11356635391712189,0.7855452299118042,0.3595515489578247,0.19103112816810608
main,0.65,159,random,5.566800594329834,5.558877944946289,0.007922708988189697,0.6264227032661438,0.49002671241760254,0.02357727289199829,23.577272415161133,2.6702880859375e-05,0.026702880859375,2.6702880859375e-05,0.0681915283203125,0.7806700468063354,0,0,0,0.03,800,200,1.4062871932983398,4232.34521484375,0.7806700468063354,0.12386703491210938,0.0681915283203125,0.18542227149009705,0.2440636157989502,1.4592399597167969,0.15307997167110443,0.10575748234987259,0.5252494812011719,0.3739794194698334,0.4795883297920227
main,0.65,160,random,8.881784197001252e-10,8.881784197001252e-10,0.0,0.6499996781349182,0.4899997413158417,2.980232238769531e-07,0.0002980232238769531,0.0,0.0,0.0,0.02769431471824646,0.8150622844696045,0,0,0,0.03,800,200,1.4062871932983398,3035.4482421875,0.43869954347610474,0.26248985528945923,0.4642567038536072,0.3602072298526764,0.7434492707252502,1.083082914352417,0.02769431471824646,0.11445187032222748,0.8150622844696045,0.35976260900497437,0.19525228440761566
main,0.65,161,random,20.60321617126465,20.573646545410156,0.02957003563642502,0.6046417951583862,0.49005159735679626,0.04535818099975586,45.35818099975586,5.1587820053100586e-05,0.051587820053100586,5.1587820053100586e-05,0.3269568383693695,0.9888944625854492,0,1,1,0.03,800,200,1.4062871932983398,4961.130859375,0.9888944625854492,0.4391368329524994,0.9689624309539795,0.22650742530822754,0.36144980788230896,1.9808704853057861,0.3269568383693695,0.10296978056430817,0.43232598900794983,0.3809628486633301,0.6192569136619568
main,0.65,162,random,5.1228790283203125,5.108190536499023,0.014688496477901936,0.627398669719696,0.49003636837005615,0.022601306438446045,22.601306915283203,3.635883331298828e-05,0.03635883331298828,3.635883331298828e-05,0.013750679790973663,0.9038176536560059,1,0,1,0.03,800,200,1.4062871932983398,2170.16357421875,0.1914752721786499,0.31256917119026184,0.6073404550552368,0.41633617877960205,0.9038176536560059,1.0412520170211792,0.013750679790973663,0.09940171241760254,0.31339046359062195,0.3726309537887573,0.45261916518211365
main,0.65,163,random,12.277745246887207,12.249726295471191,0.028019316494464874,0.6150003671646118,0.49005022644996643,0.03499960899353027,34.999610900878906,5.02169132232666e-05,0.0502169132232666,5.02169132232666e-05,0.11070594191551208,0.9094758629798889,0,0,0,0.03,800,200,1.4062871932983398,4359.7060546875,0.8170588612556458,0.4183165431022644,0.9094758629798889,0.15425188839435577,0.15500538051128387,1.3321177959442139,0.11070594191551208,0.10367290675640106,0.45576348900794983,0.379622220993042,0.5924443602561951
main,0.65,164,random,0.0,0.0,0.0,0.6499999761581421,0.4899999499320984,0.0,0.0,0.0,0.0,0.0,0.11782806366682053,0.8996161818504333,0,0,0,0.03,800,200,1.4062871932983398,2847.89453125,0.3851126730442047,0.319495290517807,0.6271294355392456,0.414865642786026,0.8996161818504333,1.3534841537475586,0.11782806366682053,0.11545586585998535,0.8485288619995117,0.35959625244140625,0.1919252574443817
main,0.65,165,random,17.937339782714844,17.916648864746094,0.020691635087132454,0.6076719164848328,0.49004316329956055,0.042328059673309326,42.328060150146484,4.315376281738281e-05,0.04315376281738281,4.315376281738281e-05,0.021683547645807266,0.9196724891662598,0,0,0,0.03,800,200,1.4062871932983398,3509.08203125,0.574023425579071,0.4218853712081909,0.9196724891662598,0.3789615333080292,0.7970330119132996,1.0650506019592285,0.021683547645807266,0.09470640867948532,0.15688025951385498,0.3873164653778076,0.7463290095329285
main,0.65,166,random,46.84484100341797,46.730289459228516,0.11455180495977402,0.5816404223442078,0.49010154604911804,0.06835955381393433,68.35955047607422,0.00010153651237487793,0.10153651237487793,0.00010153651237487793,0.015286660753190517,0.9454373121261597,1,0,1,0.03,800,200,1.4062871932983398,1553.5032958984375,0.015286660753190517,0.3383636772632599,0.6810390949249268,0.3430423438549042,0.6944066882133484,3.8363118171691895,0.9454373121261597,0.10552158951759338,0.5173863768577576,0.3583698272705078,0.16739661991596222
main,0.65,167,random,0.00015110017557162791,0.00015061661542858928,4.835637810174376e-07,0.6498772501945496,0.4900002181529999,0.0001227259635925293,0.1227259635925293,2.086162567138672e-07,0.0002086162567138672,2.086162567138672e-07,0.04262145981192589,0.8442233204841614,0,0,0,0.03,800,200,1.4062871932983398,3382.57763671875,0.5378793478012085,0.2691284716129303,0.48322421312332153,0.15461839735507965,0.15605255961418152,1.1278643608093262,0.04262145981192589,0.11532669514417648,0.8442233204841614,0.35928812623023987,0.18576256930828094
main,0.65,168,random,12.36449146270752,12.343656539916992,0.020834781229496002,0.6148664355278015,0.4900433123111725,0.035133540630340576,35.133541107177734,4.330277442932129e-05,0.04330277442932129,4.330277442932129e-05,0.22360266745090485,0.7299305200576782,0,0,0,0.03,800,200,1.4062871932983398,2709.6162109375,0.34560462832450867,0.300616979598999,0.5731914043426514,0.35547566413879395,0.7299305200576782,1.7431676387786865,0.24772252142429352,0.09670808166265488,0.22360266745090485,0.37783026695251465,0.5566051006317139
main,0.65,169,random,3.637978807091713e-08,3.637978807091713e-08,0.0,0.6499980688095093,0.48999980092048645,1.9073486328125e-06,0.0019073486328125,0.0,0.0,0.0,0.009502626955509186,0.797861635684967,1,0,1,0.03,800,200,1.4062871932983398,3005.203125,0.4300580322742462,0.26716113090515137,0.4776032269001007,0.35811561346054077,0.7374732494354248,1.0285078287124634,0.009502626955509186,0.11393584311008453,0.797861635684967,0.3602367341518402,0.20473450422286987
main,0.65,170,random,6.963318810448982e-09,6.963318810448982e-09,0.0,0.6499991416931152,0.4899998903274536,8.344650268554688e-07,0.0008344650268554688,0.0,0.0,0.0,0.10175886750221252,0.8827850222587585,0,0,0,0.03,800,200,1.4062871932983398,2480.133544921875,0.28003814816474915,0.3596508204936981,0.7418595552444458,0.3790470063686371,0.7972772121429443,1.30527663230896,0.10175886750221252,0.11648354679346085,0.8827850222587585,0.3571259677410126,0.14251956343650818
main,0.65,171,random,14.821748733520508,14.800073623657227,0.02167475037276745,0.6115291118621826,0.49004417657852173,0.03847086429595947,38.470863342285156,4.416704177856445e-05,0.04416704177856445,4.416704177856445e-05,0.04273952171206474,0.725373387336731,0,0,0,0.03,800,200,1.4062871932983398,3854.4306640625,0.6726945042610168,0.19554035365581512,0.27297243475914,0.1430383026599884,0.12296656519174576,1.503831386566162,0.1679438203573227,0.0912821888923645,0.04273952171206474,0.386268675327301,0.725373387336731
main,0.65,172,random,21.554697036743164,21.52247428894043,0.032223593443632126,0.6036076545715332,0.49005386233329773,0.04639232158660889,46.3923225402832,5.385279655456543e-05,0.05385279655456543,5.385279655456543e-05,0.11883561313152313,0.8988545536994934,0,0,0,0.03,800,200,1.4062871932983398,2946.558837890625,0.41330254077911377,0.41459909081459045,0.8988545536994934,0.3558042347431183,0.7308692336082458,1.9418385028839111,0.3139461576938629,0.09356506913900375,0.11883561313152313,0.3867656886577606,0.7353138327598572
main,0.65,173,random,1.738909363746643,1.7377885580062866,0.0011207726784050465,0.636817455291748,0.4900100529193878,0.013182520866394043,13.182520866394043,1.004338264465332e-05,0.01004338264465332,1.004338264465332e-05,0.21053148806095123,0.9287406206130981,0,0,0,0.03,800,200,1.4062871932983398,3313.89794921875,0.5182565450668335,0.21524500846862793,0.32927146553993225,0.4250591993331909,0.9287406206130981,1.6494131088256836,0.21647101640701294,0.11190149188041687,0.7300496697425842,0.36052656173706055,0.21053148806095123
main,0.65,174,random,21.19605827331543,21.16510581970215,0.03095243312418461,0.6039944291114807,0.4900527894496918,0.04600554704666138,46.00554656982422,5.27799129486084e-05,0.0527799129486084,5.27799129486084e-05,0.10741628706455231,0.8213484883308411,0,0,0,0.03,800,200,1.4062871932983398,3372.441650390625,0.5349833369255066,0.3874719738960266,0.8213484883308411,0.21240830421447754,0.32116660475730896,1.4944193363189697,0.16480644047260284,0.0932224914431572,0.10741628706455231,0.38778412342071533,0.7556824684143066
main,0.65,175,random,90.1255111694336,90.11737823486328,0.008136345073580742,0.5550698041915894,0.4900270700454712,0.09493017196655273,94.93017578125,2.7060508728027344e-05,0.027060508728027344,2.7060508728027344e-05,0.04532622545957565,0.9343844056129456,0,0,0,0.03,800,200,1.4062871932983398,1658.641845703125,0.04532622545957565,0.2848856449127197,0.52824467420578,0.34857770800590515,0.7102220058441162,3.8031532764434814,0.9343844056129456,0.091615229845047,0.05384090170264244,0.35903680324554443,0.18073630332946777
main,0.65,176,random,94.77647399902344,94.77266693115234,0.0038057558704167604,0.5526487231254578,0.4900185167789459,0.09735125303268433,97.35124969482422,1.850724220275879e-05,0.01850724220275879,1.850724220275879e-05,0.019127607345581055,0.9279909729957581,1,0,1,0.03,800,200,1.4062871932983398,1566.9466552734375,0.019127607345581055,0.2722714841365814,0.4922042787075043,0.37994855642318726,0.7998530268669128,3.783972978591919,0.9279909729957581,0.09137344360351562,0.045781396329402924,0.355318158864975,0.1063634604215622
main,0.65,177,random,65.5184555053711,65.5184555053711,0.0,0.569056510925293,0.477415531873703,0.08094346523284912,80.94346618652344,0.0,0.0,0.0,0.06722453236579895,0.8600457906723022,0,0,0,0.03,800,200,1.4062871932983398,4510.16015625,0.8600457906723022,0.28649088740348816,0.5328311324119568,0.20618413388729095,0.3033832311630249,2.596862554550171,0.5322875380516052,0.09921178966760635,0.3070596158504486,0.35336121916770935,0.06722453236579895
main,0.65,178,random,21.693872451782227,21.693872451782227,0.0,0.6034232974052429,0.48977595567703247,0.04657667875289917,46.57667922973633,0.0,0.0,0.0,0.3009587526321411,0.699068009853363,0,0,0,0.03,800,200,1.4062871932983398,2553.35546875,0.3009587526321411,0.3357807695865631,0.6736593246459961,0.3446738123893738,0.699068009853363,2.344503402709961,0.4481678307056427,0.10109131783246994,0.3697105050086975,0.36694270372390747,0.3388540744781494
main,0.65,179,random,6.645352840423584,6.636817455291748,0.008535394445061684,0.6242379546165466,0.4900277256965637,0.02576202154159546,25.762022018432617,2.771615982055664e-05,0.02771615982055664,2.771615982055664e-05,0.0230566319078207,0.7337054014205933,0,0,0,0.03,800,200,1.4062871932983398,1763.2685546875,0.07521959394216537,0.24324870109558105,0.40928199887275696,0.35679689049720764,0.7337054014205933,1.0691698789596558,0.0230566319078207,0.0930643305182457,0.10214436799287796,0.3728770911693573,0.4575417935848236
main,0.65,180,random,26.799325942993164,26.799325942993164,0.0,0.5982319116592407,0.4665505588054657,0.05176806449890137,51.76806640625,0.0,0.0,0.0,0.01973896473646164,0.9038931131362915,1,0,1,0.03,800,200,1.4062871932983398,2780.4970703125,0.36585626006126404,0.29678109288215637,0.5622316598892212,0.41636258363723755,0.9038931131362915,1.059216856956482,0.01973896473646164,0.09525901824235916,0.17530061304569244,0.35656699538230896,0.13134025037288666
main,0.65,181,random,20.480987548828125,20.431955337524414,0.04903179779648781,0.6047982573509216,0.49006643891334534,0.04520171880722046,45.201717376708984,6.642937660217285e-05,0.06642937660217285,6.642937660217285e-05,0.3389151692390442,0.8985116481781006,0,0,0,0.03,800,200,1.4062871932983398,2804.68798828125,0.37276801466941833,0.4144790768623352,0.8985116481781006,0.30162808299064636,0.5760802626609802,3.50464129447937,0.8348804116249084,0.11218061298131943,0.7393537163734436,0.366945743560791,0.3389151692390442
main,0.65,182,random,7.334719657897949,7.323421001434326,0.011298615485429764,0.6229381561279297,0.490031898021698,0.027061820030212402,27.06182098388672,3.1888484954833984e-05,0.031888484954833984,3.1888484954833984e-05,0.08500731736421585,0.5925320982933044,0,0,0,0.03,800,200,1.4062871932983398,1797.525634765625,0.08500731736421585,0.20978009700775146,0.31365740299224854,0.30738621950149536,0.5925320982933044,1.4157023429870605,0.1385674625635147,0.09702911972999573,0.23430395126342773,0.3644583821296692,0.28916776180267334
main,0.65,183,random,45.02112579345703,45.02112579345703,0.0,0.582902193069458,0.47271832823753357,0.06709778308868408,67.09778594970703,0.0,0.0,0.0,0.1560351401567459,0.621295154094696,0,0,0,0.03,800,200,1.4062871932983398,3674.532958984375,0.621295154094696,0.2820297181606293,0.5200849175453186,0.26990753412246704,0.48545005917549133,2.111797332763672,0.37059909105300903,0.09468105435371399,0.1560351401567459,0.3606416881084442,0.2128337174654007
main,0.65,184,random,0.07624906301498413,0.07602106034755707,0.00022800527221988887,0.6472427845001221,0.4900045394897461,0.0027571916580200195,2.7571916580200195,4.5299530029296875e-06,0.0045299530029296875,4.5299530029296875e-06,0.057014547288417816,0.8518601059913635,0,0,0,0.03,800,200,1.4062871932983398,2337.380859375,0.23925165832042694,0.38417112827301025,0.8119175434112549,0.36444658041000366,0.7555616497993469,1.1710436344146729,0.057014547288417816,0.11555580049753189,0.8518601059913635,0.3579498529434204,0.15899737179279327
main,0.65,185,random,11.68565845489502,11.685647964477539,1.074695865099784e-05,0.6158156991004944,0.49000099301338196,0.034184277057647705,34.18427658081055,9.834766387939453e-07,0.0009834766387939453,9.834766387939453e-07,0.22751955687999725,0.7915298342704773,0,0,0,0.03,800,200,1.4062871932983398,2296.318359375,0.22751955687999725,0.3770354390144348,0.7915298342704773,0.20426377654075623,0.29789650440216064,2.2525134086608887,0.4175044596195221,0.11079567670822144,0.6931891441345215,0.3617342412471771,0.23468507826328278
main,0.65,186,random,0.004023393616080284,0.0040167225524783134,6.671207756880904e-06,0.6493661999702454,0.49000078439712524,0.0006337761878967285,0.6337761878967285,7.748603820800781e-07,0.0007748603820800781,7.748603820800781e-07,0.022545361891388893,0.8660449385643005,0,0,0,0.03,800,200,1.4062871932983398,3048.0888671875,0.4423111081123352,0.2630229592323303,0.4657798707485199,0.10789087414741516,0.022545361891388893,1.1856590509414673,0.06188633665442467,0.11598134785890579,0.8660449385643005,0.3567873239517212,0.13574644923210144
main,0.65,187,random,25.45656394958496,25.45656394958496,0.0,0.5995454788208008,0.47305551171302795,0.05045449733734131,50.454498291015625,0.0,0.0,0.0,0.056588366627693176,0.6394402384757996,0,0,0,0.03,800,200,1.4062871932983398,2334.90185546875,0.23854336142539978,0.29344770312309265,0.5527077317237854,0.3238040804862976,0.6394402384757996,1.225932240486145,0.07531075924634933,0.09169765561819077,0.056588366627693176,0.36379474401474,0.2758950889110565
main,0.65,188,random,68.43316650390625,68.41876220703125,0.014400963671505451,0.567284345626831,0.4900360107421875,0.08271563053131104,82.71562957763672,3.600120544433594e-05,0.03600120544433594,3.600120544433594e-05,0.050702061504125595,0.9825316071510315,0,1,1,0.03,800,200,1.4062871932983398,1677.457275390625,0.050702061504125595,0.31485694646835327,0.61387699842453,0.44388604164123535,0.9825316071510315,3.660958766937256,0.886986255645752,0.09412502497434616,0.13750076293945312,0.36459237337112427,0.29184722900390625
main,0.65,189,random,40.5603141784668,40.55756378173828,0.002751221414655447,0.5863151550292969,0.49001574516296387,0.06368482112884521,63.68482208251953,1.5735626220703125e-05,0.015735626220703125,1.5735626220703125e-05,0.015328684821724892,0.30874547362327576,1,0,1,0.03,800,200,1.4062871932983398,2411.99462890625,0.26056987047195435,0.1352645605802536,0.10075590014457703,0.14850804209709167,0.13859440386295319,1.8990023136138916,0.29966744780540466,0.09045986086130142,0.015328684821724892,0.36543726921081543,0.30874547362327576
main,0.65,190,random,92.25341033935547,92.23799133300781,0.015419763512909412,0.5539593696594238,0.4900372624397278,0.09604060649871826,96.04060363769531,3.725290298461914e-05,0.03725290298461914,3.725290298461914e-05,0.0512632317841053,0.9564065933227539,0,0,0,0.03,800,200,1.4062871932983398,1679.4212646484375,0.0512632317841053,0.28087639808654785,0.5167896747589111,0.38286229968070984,0.8081780076026917,3.8692197799682617,0.9564065933227539,0.09236396104097366,0.07879859209060669,0.35620006918907166,0.12400158494710922
main,0.65,191,random,28.212377548217773,28.207611083984375,0.004766804166138172,0.5968891382217407,0.4900207221508026,0.05311083793640137,53.11083984375,2.0712614059448242e-05,0.020712614059448242,2.0712614059448242e-05,0.04787532240152359,0.7249355912208557,0,0,0,0.03,800,200,1.4062871932983398,1667.5635986328125,0.04787532240152359,0.35372745990753174,0.7249355912208557,0.2134610116481781,0.32417431473731995,2.8042664527893066,0.6014221906661987,0.10115005075931549,0.37166827917099,0.36709243059158325,0.3418484628200531
main,0.65,192,random,16.28952407836914,16.27143096923828,0.018092352896928787,0.6096621155738831,0.4900403618812561,0.04033786058425903,40.337860107421875,4.035234451293945e-05,0.04035234451293945,4.035234451293945e-05,0.2820171117782593,0.6781326532363892,0,0,0,0.03,800,200,1.4062871932983398,3713.27783203125,0.6323651075363159,0.3373464345932007,0.6781326532363892,0.31451669335365295,0.6129048466682434,1.8460513353347778,0.2820171117782593,0.10022087395191193,0.34069564938545227,0.37839531898498535,0.5679062008857727
main,0.65,193,random,0.0002527408068999648,0.0002517539542168379,9.868648476185626e-07,0.64984130859375,0.49000030755996704,0.00015866756439208984,0.15866756439208984,2.980232238769531e-07,0.0002980232238769531,2.980232238769531e-07,0.010128399357199669,0.8575766086578369,1,0,1,0.03,800,200,1.4062871932983398,2709.23974609375,0.3454970717430115,0.2503589987754822,0.4295971095561981,0.400151789188385,0.8575766086578369,1.0303852558135986,0.010128399357199669,0.11167943477630615,0.7226477265357971,0.3608475625514984,0.21695132553577423
main,0.65,194,random,3.0719099044799805,3.0719099044799805,0.0,0.6324731111526489,0.48874756693840027,0.017526865005493164,17.526865005493164,0.0,0.0,0.0,0.2207564264535904,0.746854841709137,0,0,0,0.03,800,200,1.4062871932983398,3822.734619140625,0.6636384725570679,0.27046188712120056,0.4870339334011078,0.2853113114833832,0.5294609069824219,1.6915488243103027,0.230516254901886,0.11240564286708832,0.746854841709137,0.36103782057762146,0.2207564264535904
main,0.65,195,random,20.7349853515625,20.7349853515625,0.0,0.6044642925262451,0.48542189598083496,0.04553568363189697,45.535682678222656,0.0,0.0,0.0,0.2546793818473816,0.904691219329834,0,0,0,0.03,800,200,1.4062871932983398,2681.7880859375,0.3376537561416626,0.2946685552597046,0.556195855140686,0.4166419208049774,0.904691219329834,2.0071938037872314,0.33573126792907715,0.10053360462188721,0.3511202037334442,0.36273396015167236,0.2546793818473816
main,0.65,196,random,5.4989399909973145,5.481351852416992,0.01758815348148346,0.6265876889228821,0.49003979563713074,0.02341228723526001,23.41228675842285,3.978610038757324e-05,0.03978610038757324,3.978610038757324e-05,0.003307824023067951,0.6683587431907654,1,0,1,0.03,800,200,1.4062871932983398,2199.122314453125,0.19974921643733978,0.3339255452156067,0.6683587431907654,0.23960179090499878,0.39886224269866943,1.0099234580993652,0.003307824023067951,0.09970103204250336,0.3233675956726074,0.3736550509929657,0.47310107946395874
main,0.65,197,random,0.030718166381120682,0.030678996816277504,3.916866990039125e-05,0.6482484340667725,0.4900018870830536,0.001751542091369629,1.751542091369629,1.8775463104248047e-06,0.0018775463104248047,1.8775463104248047e-06,0.11829829961061478,0.8749890923500061,0,0,0,0.03,800,200,1.4062871932983398,2395.78857421875,0.2559396028518677,0.35510724782943726,0.7288779020309448,0.35131722688674927,0.7180492877960205,1.3548948764801025,0.11829829961061478,0.11624967306852341,0.8749890923500061,0.3571304678916931,0.1426095813512802
main,0.65,198,random,0.4188811779022217,0.41832685470581055,0.0005543121369555593,0.6435321569442749,0.49000707268714905,0.0064678192138671875,6.4678192138671875,7.063150405883789e-06,0.007063150405883789,7.063150405883789e-06,0.0035316364374011755,0.9612033367156982,1,0,1,0.03,800,200,1.4062871932983398,4864.2119140625,0.9612033367156982,0.21041753888130188,0.315478652715683,0.14655503630638123,0.13301438093185425,1.0105949640274048,0.0035316364374011755,0.11225888133049011,0.7419628500938416,0.3680114150047302,0.36022862792015076
main,0.65,199,random,28.61658477783203,28.61541748046875,0.0011678163427859545,0.5965065956115723,0.49001026153564453,0.053493380546569824,53.49338150024414,1.0251998901367188e-05,0.010251998901367188,1.0251998901367188e-05,0.057331886142492294,0.9077520966529846,0,0,0,0.03,800,200,1.4062871932983398,3039.520751953125,0.43986305594444275,0.3395063281059265,0.6843038201332092,0.4177132248878479,0.9077520966529846,2.2904534339904785,0.43015119433403015,0.09171996265649796,0.057331886142492294,0.3815344274044037,0.6306886672973633
main,0.7,0,random,9.273123741149902,9.233253479003906,0.039870329201221466,0.6696137189865112,0.49005991220474243,0.030386269092559814,30.386268615722656,5.990266799926758e-05,0.05990266799926758,5.990266799926758e-05,0.01150834932923317,0.9975269436836243,2,1,3,0.03,800,200,1.3952832221984863,2403.572265625,0.2581635117530823,0.19336263835430145,0.26675039529800415,0.4491344094276428,0.9975269436836243,1.0345250368118286,0.01150834932923317,0.11684804409742355,0.894934892654419,0.3507228493690491,0.014457088895142078
main,0.7,1,random,18.93117904663086,18.92095184326172,0.010227118618786335,0.6565017700195312,0.49003034830093384,0.043498218059539795,43.49821853637695,3.0338764190673828e-05,0.030338764190673828,3.0338764190673828e-05,0.0006914663827046752,0.9900583624839783,1,1,2,0.03,800,200,1.3952832221984863,3275.032470703125,0.5071521401405334,0.27376970648765564,0.4964848458766937,0.12575584650039673,0.07358812540769577,1.0020743608474731,0.0006914663827046752,0.11970175057649612,0.9900583624839783,0.35448646545410156,0.0897296816110611
main,0.7,2,random,9.398115158081055,9.363789558410645,0.034325383603572845,0.6693996787071228,0.4900555908679962,0.030600309371948242,30.600309371948242,5.558133125305176e-05,0.05558133125305176,5.558133125305176e-05,0.013771627098321915,0.9912089109420776,1,1,2,0.03,800,200,1.3952832221984863,2374.996826171875,0.24999910593032837,0.28619641065597534,0.5319897532463074,0.4469231069087982,0.9912089109420776,1.0413148403167725,0.013771627098321915,0.1192636713385582,0.9754558205604553,0.35106027126312256,0.021205591037869453
main,0.7,3,random,49.401611328125,49.358463287353516,0.04314850643277168,0.6297444105148315,0.49006232619285583,0.0702555775642395,70.25557708740234,6.23166561126709e-05,0.0623166561126709,6.23166561126709e-05,0.2386239916086197,0.7356259226799011,0,0,0,0.03,800,200,1.3952832221984863,2692.753173828125,0.3407866060733795,0.25989776849746704,0.4568507671356201,0.3574690520763397,0.7356259226799011,1.7316001653671265,0.2438667118549347,0.10748936980962753,0.5829789042472839,0.3619312047958374,0.2386239916086197
main,0.7,4,random,25.6120662689209,25.590625762939453,0.021441377699375153,0.6494128108024597,0.4900439381599426,0.05058717727661133,50.58717727661133,4.392862319946289e-05,0.04392862319946289,4.392862319946289e-05,0.1218792125582695,0.9685209393501282,0,0,0,0.03,800,200,1.3952832221984863,3978.616455078125,0.7081761360168457,0.2087377905845642,0.3106794059276581,0.25646039843559265,0.4470297396183014,1.3656376600265503,0.1218792125582695,0.11905562877655029,0.9685209393501282,0.3584170639514923,0.16834117472171783
main,0.7,5,random,42.20288848876953,42.13051986694336,0.07236941158771515,0.6350919604301453,0.49008071422576904,0.06490802764892578,64.90802764892578,8.07046890258789e-05,0.0807046890258789,8.07046890258789e-05,0.1507798135280609,0.8135489225387573,0,0,0,0.03,800,200,1.3952832221984863,4347.4208984375,0.8135489225387573,0.23070412874221802,0.37344038486480713,0.2533208727836609,0.43805959820747375,1.4523394107818604,0.1507798135280609,0.10742601752281189,0.5808672904968262,0.370866984128952,0.41733962297439575
main,0.7,6,random,9.366326332092285,9.334847450256348,0.03147897496819496,0.6694470047950745,0.4900532364845276,0.030552983283996582,30.552982330322266,5.322694778442383e-05,0.05322694778442383,5.322694778442383e-05,0.01862979307770729,0.9899993538856506,1,2,3,0.03,800,200,1.3952832221984863,2398.74365234375,0.25678393244743347,0.2852247953414917,0.5292137265205383,0.446499764919281,0.9899993538856506,1.0652096271514893,0.021736523136496544,0.11945950984954834,0.9819838404655457,0.3509314954280853,0.01862979307770729
main,0.7,7,random,45.156982421875,45.08794021606445,0.06904131919145584,0.6328524351119995,0.4900788366794586,0.06714755296707153,67.14755249023438,7.88271427154541e-05,0.0788271427154541,7.88271427154541e-05,0.14564822614192963,0.6574026942253113,0,0,0,0.03,800,200,1.3952832221984863,3800.909423828125,0.6574026942253113,0.23741233348846436,0.392606645822525,0.2977703809738159,0.5650582313537598,1.4369447231292725,0.14564822614192963,0.104408860206604,0.4802953600883484,0.37218567728996277,0.44371354579925537
main,0.7,8,random,35.710853576660156,35.597373962402344,0.11347842961549759,0.6403364539146423,0.49010106921195984,0.05966353416442871,59.663536071777344,0.0001010596752166748,0.1010596752166748,0.0001010596752166748,0.019317712634801865,0.6537777781486511,1,0,1,0.03,800,200,1.3952832221984863,3062.54150390625,0.4464403986930847,0.29660308361053467,0.5617231130599976,0.32882222533226013,0.6537777781486511,1.057953119277954,0.019317712634801865,0.10868693888187408,0.6228979825973511,0.3663068115711212,0.3261364996433258
main,0.7,9,random,9.497356414794922,9.471232414245605,0.026123587042093277,0.6692246198654175,0.49004849791526794,0.030775368213653564,30.775367736816406,4.8488378524780273e-05,0.04848837852478027,4.8488378524780273e-05,0.010596678592264652,0.9950549602508545,1,1,2,0.03,800,200,1.3952832221984863,2365.1767578125,0.24719339609146118,0.2937406301498413,0.5535447001457214,0.44826921820640564,0.9950549602508545,1.031790018081665,0.010596678592264652,0.11922755092382431,0.9742518067359924,0.35142087936401367,0.02841787040233612
main,0.7,10,random,129.4385986328125,129.4385986328125,0.0,0.5862289071083069,0.48514524102211,0.11377108097076416,113.77108001708984,0.0,0.0,0.0,0.08332633227109909,0.8660393953323364,0,0,0,0.03,800,200,1.3952832221984863,3885.691162109375,0.68162602186203,0.22527340054512024,0.3579240143299103,0.40311378240585327,0.8660393953323364,2.297743797302246,0.4325813055038452,0.1003074198961258,0.3435806930065155,0.35416629910469055,0.08332633227109909
main,0.7,11,random,67.7010269165039,67.60533142089844,0.09569625556468964,0.6177775263786316,0.49009281396865845,0.08222246170043945,82.22245788574219,9.28044319152832e-05,0.0928044319152832,9.28044319152832e-05,0.1230938583612442,0.6339012384414673,0,0,0,0.03,800,200,1.3952832221984863,3561.1572265625,0.5889020562171936,0.30736634135246277,0.5924752950668335,0.26445746421813965,0.4698784351348877,1.369281530380249,0.1230938583612442,0.096580371260643,0.21934573352336884,0.38169506192207336,0.6339012384414673
main,0.7,12,random,72.12561798095703,72.08812713623047,0.03748706355690956,0.6150952577590942,0.4900580942630768,0.0849047303199768,84.90473175048828,5.8084726333618164e-05,0.058084726333618164,5.8084726333618164e-05,0.33699095249176025,0.7679959535598755,0,0,0,0.03,800,200,1.3952832221984863,4184.3798828125,0.7669656872749329,0.3687985837459564,0.7679959535598755,0.3102954924106598,0.6008442640304565,2.0109729766845703,0.33699095249176025,0.10939548164606094,0.6465160250663757,0.3695630431175232,0.39126116037368774
main,0.7,13,random,28.607467651367188,28.529266357421875,0.07820139080286026,0.6465871930122375,0.4900839030742645,0.053412795066833496,53.41279602050781,8.38935375213623e-05,0.0838935375213623,8.38935375213623e-05,0.13883912563323975,0.9646247029304504,0,0,0,0.03,800,200,1.3952832221984863,2947.38671875,0.4135390520095825,0.31508490443229675,0.6145282983779907,0.4376186430454254,0.9646247029304504,1.4165173768997192,0.13883912563323975,0.11383600533008575,0.7945336699485779,0.36189520359039307,0.23790429532527924
main,0.7,14,random,78.90735626220703,78.90735626220703,0.0,0.6111701726913452,0.487076073884964,0.08882981538772583,88.82981872558594,0.0,0.0,0.0,0.22125764191150665,0.7497949004173279,0,0,0,0.03,800,200,1.3952832221984863,4124.2822265625,0.7497949004173279,0.3131535053253174,0.6090099811553955,0.3397388458251953,0.6849681735038757,2.125579357147217,0.37519314885139465,0.10931682586669922,0.6438940763473511,0.3610628843307495,0.22125764191150665
main,0.7,15,random,51.97563552856445,51.92315673828125,0.0524778850376606,0.6279422640800476,0.4900687336921692,0.07205772399902344,72.05772399902344,6.872415542602539e-05,0.06872415542602539,6.872415542602539e-05,0.038314320147037506,0.934945821762085,0,0,0,0.03,800,200,1.3952832221984863,4772.310546875,0.934945821762085,0.3096151649951935,0.5989004373550415,0.36561349034309387,0.758895754814148,1.1149429082870483,0.038314320147037506,0.10385549813508987,0.4618499279022217,0.37691783905029297,0.5383569598197937
main,0.7,16,random,112.8400650024414,112.8400650024414,0.0,0.5937737822532654,0.48976391553878784,0.10622620582580566,106.22620391845703,0.0,0.0,0.0,0.086880162358284,0.5249424576759338,0,0,0,0.03,800,200,1.3952832221984863,2564.310791015625,0.3040888011455536,0.14750060439109802,0.1357160359621048,0.2837298512458801,0.5249424576759338,1.9389032125473022,0.3129677474498749,0.09711810201406479,0.23726989328861237,0.3543440103530884,0.086880162358284
main,0.7,17,random,80.54165649414062,80.49884033203125,0.04281897097826004,0.610278844833374,0.49006208777427673,0.08972114324569702,89.72114562988281,6.207823753356934e-05,0.062078237533569336,6.207823753356934e-05,0.21396486461162567,0.6131574511528015,0,0,0,0.03,800,200,1.3952832221984863,3646.051025390625,0.6131574511528015,0.2496955692768097,0.4277016222476959,0.1810595691204071,0.23159876465797424,1.9988259077072144,0.3329419791698456,0.10655586421489716,0.5518621206283569,0.36069825291633606,0.21396486461162567
main,0.7,18,random,38.15916442871094,38.06285095214844,0.09631185233592987,0.6383048892021179,0.4900931119918823,0.061695098876953125,61.695098876953125,9.310245513916016e-05,0.09310245513916016,9.310245513916016e-05,0.10248790681362152,0.914152979850769,0,0,0,0.03,800,200,1.3952832221984863,4699.53515625,0.914152979850769,0.19444826245307922,0.2698521614074707,0.1891314685344696,0.25466132164001465,1.3074636459350586,0.10248790681362152,0.108845554292202,0.6281852126121521,0.37164655327796936,0.4329312741756439
main,0.7,19,random,9.401168823242188,9.374626159667969,0.026542719453573227,0.6693819761276245,0.490048885345459,0.030618011951446533,30.618011474609375,4.887580871582031e-05,0.04887580871582031,4.887580871582031e-05,0.015985457226634026,0.9979738593101501,1,2,3,0.03,800,200,1.3952832221984863,2411.287841796875,0.2603679597377777,0.2831419110298157,0.523262619972229,0.44929084181785583,0.9979738593101501,1.093979835510254,0.03132662922143936,0.11950773745775223,0.9835913777351379,0.3507992625236511,0.015985457226634026
main,0.7,20,random,37.721561431884766,37.64106369018555,0.08049596846103668,0.6386476755142212,0.4900851249694824,0.061352312564849854,61.35231399536133,8.511543273925781e-05,0.08511543273925781,8.511543273925781e-05,0.16484434902668,0.7687827944755554,0,0,0,0.03,800,200,1.3952832221984863,3396.37744140625,0.5418221354484558,0.30461862683296204,0.5846246480941772,0.2232167273759842,0.35204780101776123,1.4945330619812012,0.16484434902668,0.11306348443031311,0.7687827944755554,0.3641979694366455,0.2839595079421997
main,0.7,21,random,82.1120376586914,82.1120376586914,0.0,0.609384298324585,0.4880553185939789,0.09061568975448608,90.61569213867188,0.0,0.0,0.0,0.24140924215316772,0.6246757507324219,0,0,0,0.03,800,200,1.3952832221984863,2344.932373046875,0.24140924215316772,0.3186365067958832,0.6246757507324219,0.3168773949146271,0.6196497082710266,1.9026081562042236,0.3008693754673004,0.09781436622142792,0.260478675365448,0.37251752614974976,0.4503508508205414
main,0.7,22,random,9.381949424743652,9.35379695892334,0.028152501210570335,0.6694160103797913,0.490050345659256,0.030583977699279785,30.58397674560547,5.033612251281738e-05,0.05033612251281738,5.033612251281738e-05,0.013864092528820038,0.98624587059021,2,1,3,0.03,800,200,1.3952832221984863,2368.991455078125,0.2482832819223404,0.2860732674598694,0.5316379070281982,0.445186048746109,0.98624587059021,1.0415922403335571,0.013864092528820038,0.11928414553403854,0.9761382341384888,0.3509542644023895,0.019085247069597244
main,0.7,23,random,49.434539794921875,49.2800178527832,0.15452182292938232,0.6298002600669861,0.4901179373264313,0.07019972801208496,70.1997299194336,0.00011792778968811035,0.11792778968811035,0.00011792778968811035,0.12163610756397247,0.7822198867797852,0,0,0,0.03,800,200,1.3952832221984863,2578.1259765625,0.3080359995365143,0.37377694249153137,0.7822198867797852,0.3582407236099243,0.737830638885498,1.3649083375930786,0.12163610756397247,0.10751444846391678,0.5838150382041931,0.3680446445941925,0.3608931005001068
main,0.7,24,random,11.833486557006836,11.796916961669922,0.036569517105817795,0.6656533479690552,0.4900573790073395,0.03434664011001587,34.346641540527344,5.7369470596313477e-05,0.05736947059631348,5.7369470596313477e-05,0.010436927899718285,0.9992851614952087,1,1,2,0.03,800,200,1.3952832221984863,2375.39453125,0.2501126825809479,0.28860369324684143,0.538867712020874,0.44974979758262634,0.9992851614952087,1.031310796737671,0.010436927899718285,0.11739776283502579,0.9132589101791382,0.3533623218536377,0.06724634766578674
main,0.7,25,random,20.248600006103516,20.206640243530273,0.04195995256304741,0.6550481915473938,0.4900614619255066,0.044951796531677246,44.95179748535156,6.145238876342773e-05,0.061452388763427734,6.145238876342773e-05,0.007730280980467796,0.9568271636962891,2,0,2,0.03,800,200,1.3952832221984863,3473.63134765625,0.5638946294784546,0.10648443549871445,0.0185269583016634,0.3799855709075928,0.7999588251113892,1.0231908559799194,0.007730280980467796,0.11870481073856354,0.9568271636962891,0.36243221163749695,0.24864405393600464
main,0.7,26,random,81.66564178466797,81.5542984008789,0.1113467812538147,0.6096925735473633,0.49010011553764343,0.09030741453170776,90.30741119384766,0.00010010600090026855,0.10010600090026855,0.00010010600090026855,0.09080847352743149,0.8621360659599304,0,0,0,0.03,800,200,1.3952832221984863,4517.4765625,0.8621360659599304,0.3951064944267273,0.843161404132843,0.18503344058990479,0.24295270442962646,1.2724254131317139,0.09080847352743149,0.09882435202598572,0.29414501786231995,0.3844086229801178,0.6881723999977112
main,0.7,27,random,101.53308868408203,101.51445770263672,0.01863078586757183,0.5992456078529358,0.49004095792770386,0.10075438022613525,100.75437927246094,4.094839096069336e-05,0.04094839096069336,4.094839096069336e-05,0.2345634400844574,0.738160252571106,0,0,0,0.03,800,200,1.3952832221984863,3397.594482421875,0.5421698689460754,0.1820971965789795,0.2345634400844574,0.3583560883998871,0.738160252571106,1.9879703521728516,0.3293234705924988,0.09720449894666672,0.24014979600906372,0.36589545011520386,0.31790876388549805
main,0.7,28,random,142.4796142578125,142.47940063476562,0.00021616287995129824,0.5806352496147156,0.49000442028045654,0.11936473846435547,119.36473846435547,4.410743713378906e-06,0.004410743713378906,4.410743713378906e-06,0.11135760694742203,0.961104691028595,0,0,0,0.03,800,200,1.3952832221984863,4863.8662109375,0.961104691028595,0.13897515833377838,0.11135760694742203,0.29137012362480164,0.5467718243598938,2.3178720474243164,0.43929070234298706,0.09500881284475327,0.16696038842201233,0.36497724056243896,0.299545019865036
main,0.7,29,random,44.39502716064453,44.308563232421875,0.08646515756845474,0.6334353089332581,0.49008822441101074,0.06656467914581299,66.56468200683594,8.821487426757812e-05,0.08821487426757812,8.821487426757812e-05,0.14372238516807556,0.7962324023246765,0,0,0,0.03,800,200,1.3952832221984863,2890.70947265625,0.39734551310539246,0.23924386501312256,0.39783963561058044,0.37868133187294006,0.7962324023246765,1.4311671257019043,0.14372238516807556,0.10365094244480133,0.45503151416778564,0.3692268431186676,0.38453713059425354
main,0.7,30,random,184.7382354736328,184.7382354736328,0.0,0.5640815496444702,0.4896472692489624,0.13591843843460083,135.91844177246094,0.0,0.0,0.0,0.07404792308807373,0.9481444954872131,0,0,0,0.03,800,200,1.3952832221984863,4818.505859375,0.9481444954872131,0.14569073915481567,0.130544975399971,0.364910364151001,0.7568867802619934,2.705749988555908,0.5685833096504211,0.09298828989267349,0.09960953891277313,0.3537023961544037,0.07404792308807373
main,0.7,31,random,22.492155075073242,22.474777221679688,0.01737799122929573,0.6525924205780029,0.49003955721855164,0.047407567501068115,47.40756607055664,3.954768180847168e-05,0.03954768180847168,3.954768180847168e-05,0.07574412226676941,0.9453400373458862,0,0,0,0.03,800,200,1.3952832221984863,3170.052490234375,0.477157860994339,0.2732654809951782,0.4950442612171173,0.17397814989089966,0.21136613190174103,1.2272323369979858,0.07574412226676941,0.11836019903421402,0.9453400373458862,0.3548860251903534,0.0977204442024231
main,0.7,32,random,49.522701263427734,49.44141387939453,0.08128707855939865,0.6296854019165039,0.49008554220199585,0.07031458616256714,70.31458282470703,8.553266525268555e-05,0.08553266525268555,8.553266525268555e-05,0.2067742943763733,0.9911620616912842,0,1,1,0.03,800,200,1.3952832221984863,2954.902099609375,0.41568630933761597,0.3900054097175598,0.8285868763923645,0.446906715631485,0.9911620616912842,1.6203229427337646,0.2067742943763733,0.10934603214263916,0.6448678970336914,0.3679705560207367,0.35941123962402344
main,0.7,33,random,8.82845401763916,8.806131362915039,0.022323042154312134,0.6703248620033264,0.49004483222961426,0.02967512607574463,29.675125122070312,4.482269287109375e-05,0.04482269287109375,4.482269287109375e-05,0.012430907227098942,0.9989141225814819,2,2,4,0.03,800,200,1.3952832221984863,2380.69970703125,0.25162848830223083,0.28662148118019104,0.533204197883606,0.44961991906166077,0.9989141225814819,1.043649435043335,0.014549807645380497,0.11970221251249313,0.9900738000869751,0.3506215512752533,0.012430907227098942
main,0.7,34,random,63.29924011230469,63.29924011230469,0.0,0.6204391717910767,0.4887639582157135,0.07956081628799438,79.5608139038086,0.0,0.0,0.0,0.026461482048034668,0.5579908490180969,0,0,0,0.03,800,200,1.3952832221984863,1902.8433837890625,0.11509811133146286,0.28154706954956055,0.5187059044837952,0.2952967882156372,0.5579908490180969,1.079384446144104,0.026461482048034668,0.09329227358102798,0.10974232107400894,0.37397506833076477,0.4795014262199402
main,0.7,35,random,67.220703125,67.12677764892578,0.09392215311527252,0.618069052696228,0.4900919497013092,0.08193093538284302,81.93093872070312,9.194016456604004e-05,0.09194016456604004,9.194016456604004e-05,0.0496927835047245,0.6694430708885193,0,0,0,0.03,800,200,1.3952832221984863,3028.951171875,0.4368431568145752,0.2800326347351074,0.5143789649009705,0.25183358788490295,0.433810293674469,1.2409448623657227,0.08031493425369263,0.09149079024791718,0.0496927835047245,0.38347214460372925,0.6694430708885193
main,0.7,36,random,78.29130554199219,78.1448745727539,0.14643006026744843,0.611600399017334,0.49011480808258057,0.08839958906173706,88.39958953857422,0.00011479854583740234,0.11479854583740234,0.00011479854583740234,0.18617130815982819,0.912920355796814,0,0,0,0.03,800,200,1.3952832221984863,2302.618408203125,0.22931954264640808,0.3456648886203766,0.7018997073173523,0.41952210664749146,0.912920355796814,1.7501277923583984,0.2500426173210144,0.09558514505624771,0.18617130815982819,0.37959668040275574,0.5919336676597595
main,0.7,37,random,8.903943061828613,8.890846252441406,0.013096723705530167,0.670182466506958,0.4900343418121338,0.029817521572113037,29.817522048950195,3.4332275390625e-05,0.034332275390625,3.4332275390625e-05,0.0009842760628089309,0.9963330030441284,2,2,4,0.03,800,200,1.3952832221984863,2337.513427734375,0.2392895668745041,0.2944342792034149,0.5555264949798584,0.44871655106544495,0.9963330030441284,1.0029528141021729,0.0009842760628089309,0.11948259174823761,0.9827531576156616,0.35098087787628174,0.01961766555905342
main,0.7,38,random,9.63185977935791,9.60273265838623,0.029127556830644608,0.6690117120742798,0.4900512099266052,0.03098827600479126,30.9882755279541,5.120038986206055e-05,0.05120038986206055,5.120038986206055e-05,0.0008024394628591835,0.9919825196266174,1,1,2,0.03,800,200,1.3952832221984863,2334.152099609375,0.2383291870355606,0.2932715117931366,0.5522043108940125,0.44719386100769043,0.9919825196266174,1.0024073123931885,0.0008024394628591835,0.11889901012182236,0.963300347328186,0.35157349705696106,0.031470220535993576
main,0.7,39,random,181.45521545410156,181.38937377929688,0.06584253162145615,0.5653191208839417,0.4900769889354706,0.1346808671951294,134.6808624267578,7.697939872741699e-05,0.07697939872741699,7.697939872741699e-05,0.03965836763381958,0.9182198643684387,0,0,0,0.03,800,200,1.3952832221984863,1638.8043212890625,0.03965836763381958,0.3062402009963989,0.5892577171325684,0.4131285548210144,0.8946530818939209,3.754659652709961,0.9182198643684387,0.09694279730319977,0.23142662644386292,0.3581526577472687,0.16305343806743622
main,0.7,40,random,19.566160202026367,19.553691864013672,0.01246781274676323,0.6557804346084595,0.49003350734710693,0.04421955347061157,44.21955490112305,3.349781036376953e-05,0.03349781036376953,3.349781036376953e-05,0.027133315801620483,0.9899916648864746,0,1,1,0.03,800,200,1.3952832221984863,3351.6279296875,0.5290365219116211,0.2731871008872986,0.49482032656669617,0.1307971328496933,0.08799181878566742,1.081399917602539,0.027133315801620483,0.11969974637031555,0.9899916648864746,0.35476404428482056,0.09528106451034546
main,0.7,41,random,142.7803192138672,142.66346740722656,0.11684954911470413,0.580558180809021,0.4901025593280792,0.11944180727005005,119.44181060791016,0.00010254979133605957,0.10254979133605957,0.00010254979133605957,0.0891878604888916,0.8382784724235535,0,0,0,0.03,800,200,1.3952832221984863,1812.157470703125,0.0891878604888916,0.3355296850204468,0.6729419231414795,0.3933974504470825,0.8382784724235535,3.5093135833740234,0.8364378809928894,0.09813079237937927,0.2710263431072235,0.36690554022789,0.338111013174057
main,0.7,42,random,54.44585037231445,54.371490478515625,0.07436051964759827,0.6262629628181458,0.4900818169116974,0.07373702526092529,73.73702239990234,8.180737495422363e-05,0.08180737495422363,8.180737495422363e-05,0.02039949782192707,0.5322002172470093,0,0,0,0.03,800,200,1.3952832221984863,2348.4755859375,0.24242161214351654,0.2862700819969177,0.5322002172470093,0.2216116189956665,0.3474617600440979,1.0611984729766846,0.02039949782192707,0.09585907310247421,0.19530244171619415,0.37590330839157104,0.5180661082267761
main,0.7,43,random,104.37060546875,104.32666778564453,0.04393621161580086,0.5978595614433289,0.4900628924369812,0.10214042663574219,102.14042663574219,6.288290023803711e-05,0.06288290023803711,6.288290023803711e-05,0.052880216389894485,0.6204429268836975,0,0,0,0.03,800,200,1.3952832221984863,3671.55029296875,0.6204429268836975,0.11850807815790176,0.052880216389894485,0.22232957184314728,0.34951305389404297,1.9451721906661987,0.3150573968887329,0.09988203644752502,0.32940104603767395,0.3629608750343323,0.2592172622680664
main,0.7,44,random,69.22991180419922,69.12034606933594,0.10956393927335739,0.6168613433837891,0.49009931087493896,0.08313864469528198,83.13864135742188,9.930133819580078e-05,0.09930133819580078,9.930133819580078e-05,0.27760130167007446,0.876992404460907,0,0,0,0.03,800,200,1.3952832221984863,2483.920166015625,0.28112003207206726,0.3578808605670929,0.7368025183677673,0.4069473445415497,0.876992404460907,1.8328039646148682,0.27760130167007446,0.10012447088956833,0.33748239278793335,0.3754335641860962,0.5086713433265686
main,0.7,45,random,48.634700775146484,48.53123092651367,0.10346928238868713,0.6303356289863586,0.4900965094566345,0.0696643590927124,69.66436004638672,9.649991989135742e-05,0.09649991989135742,9.649991989135742e-05,0.1564577966928482,0.805867075920105,0,0,0,0.03,800,200,1.3952832221984863,2634.49755859375,0.32414212822914124,0.3820534646511078,0.805867075920105,0.35897770524024963,0.7399362921714783,1.4693734645843506,0.1564577966928482,0.10863965004682541,0.6213216781616211,0.3675462007522583,0.35092419385910034
main,0.7,46,random,76.76358795166016,76.76358795166016,0.0,0.6123851537704468,0.48859864473342896,0.08761483430862427,87.61483764648438,0.0,0.0,0.0,0.11319290846586227,0.35786789655685425,0,0,0,0.03,800,200,1.3952832221984863,2164.716796875,0.18991908431053162,0.13961751759052277,0.11319290846586227,0.18368498980998993,0.23909996449947357,1.6524574756622314,0.21748580038547516,0.10073603689670563,0.35786789655685425,0.3583930432796478,0.16786114871501923
main,0.7,47,random,59.98758316040039,59.92481231689453,0.06276939064264297,0.6225888729095459,0.49007517099380493,0.07741111516952515,77.41111755371094,7.516145706176758e-05,0.07516145706176758,7.516145706176758e-05,0.2590489089488983,0.7379367351531982,0,0,0,0.03,800,200,1.3952832221984863,3983.223876953125,0.7094925045967102,0.3582778573036194,0.7379367351531982,0.22834527492523193,0.36670082807540894,1.7771466970443726,0.2590489089488983,0.11113628000020981,0.7045427560806274,0.3678671717643738,0.3573437035083771
main,0.7,48,random,184.36053466796875,184.33160400390625,0.02892446145415306,0.5642312169075012,0.4900510311126709,0.13576877117156982,135.76876831054688,5.1021575927734375e-05,0.051021575927734375,5.1021575927734375e-05,0.06506805866956711,0.8748418092727661,0,0,0,0.03,800,200,1.3952832221984863,1727.7381591796875,0.06506805866956711,0.30149632692337036,0.5757037997245789,0.35519999265670776,0.7291429042816162,3.624525547027588,0.8748418092727661,0.0971725732088089,0.2390858232975006,0.3562547266483307,0.12509456276893616
main,0.7,49,random,67.53550720214844,67.4549560546875,0.08055233955383301,0.6178690195083618,0.4900851547718048,0.08213096857070923,82.13096618652344,8.514523506164551e-05,0.08514523506164551,8.514523506164551e-05,0.10649707913398743,0.6417024731636047,0,0,0,0.03,800,200,1.3952832221984863,3409.29296875,0.5455122590065002,0.22497160732746124,0.3570617437362671,0.2040485143661499,0.2972814738750458,1.507002353668213,0.1690008044242859,0.09319491684436798,0.10649707913398743,0.3820851147174835,0.6417024731636047
main,0.7,50,random,69.90957641601562,69.82789611816406,0.08168408274650574,0.6164368987083435,0.49008575081825256,0.08356308937072754,83.5630874633789,8.574128150939941e-05,0.08574128150939941,8.574128150939941e-05,0.09229601919651031,0.5726147294044495,0,0,0,0.03,800,200,1.3952832221984863,2668.724365234375,0.33392125368118286,0.14214839041233063,0.12042396515607834,0.20847487449645996,0.3099282383918762,1.390876054763794,0.13029201328754425,0.09276888519525528,0.09229601919651031,0.37863072752952576,0.5726147294044495
main,0.7,51,random,98.70987701416016,98.70606994628906,0.0038057558704167604,0.6006490588188171,0.4900185167789459,0.0993509292602539,99.3509292602539,1.850724220275879e-05,0.01850724220275879,1.850724220275879e-05,0.025477416813373566,0.9407133460044861,0,0,0,0.03,800,200,1.3952832221984863,4792.4970703125,0.9407133460044861,0.22989395260810852,0.37112560868263245,0.3587401509284973,0.7392576336860657,1.8478103876113892,0.2826034724712372,0.09076432883739471,0.025477416813373566,0.38595712184906006,0.7191420793533325
main,0.7,52,random,9.137362480163574,9.099605560302734,0.037756823003292084,0.6698344349861145,0.4900583028793335,0.030165553092956543,30.16555404663086,5.829334259033203e-05,0.05829334259033203,5.829334259033203e-05,0.0057562063448131084,0.9988272786140442,2,1,3,0.03,800,200,1.3952832221984863,2388.30810546875,0.2538023293018341,0.19224737584590912,0.26356393098831177,0.4495895504951477,0.9988272786140442,1.0172686576843262,0.0057562063448131084,0.11675631254911423,0.8918771743774414,0.35067474842071533,0.013495216146111488
main,0.7,53,random,109.5418930053711,109.54183959960938,5.7001318054972216e-05,0.5953377485275269,0.49000227451324463,0.10466223955154419,104.66223907470703,2.2649765014648438e-06,0.0022649765014648438,2.2649765014648438e-06,0.21431918442249298,0.8329367637634277,0,0,0,0.03,800,200,1.3952832221984863,4415.2783203125,0.8329367637634277,0.17501172423362732,0.21431918442249298,0.32464441657066345,0.6418412327766418,2.1535232067108154,0.3845077157020569,0.10054293274879456,0.3514311611652374,0.36252763867378235,0.25055280327796936
main,0.7,54,random,17.486328125,17.46494483947754,0.02138322964310646,0.6582089066505432,0.49004387855529785,0.04179108142852783,41.791080474853516,4.38690185546875e-05,0.0438690185546875,4.38690185546875e-05,0.022336164489388466,0.9884711503982544,0,1,1,0.03,800,200,1.3952832221984863,2830.756103515625,0.3802160322666168,0.29084983468055725,0.5452852845191956,0.27007412910461426,0.48592609167099,1.0670084953308105,0.022336164489388466,0.11965413391590118,0.9884711503982544,0.35315635800361633,0.0631273090839386
main,0.7,55,random,9.342084884643555,9.322687149047852,0.019397856667637825,0.6694669127464294,0.4900417923927307,0.0305330753326416,30.5330753326416,4.178285598754883e-05,0.04178285598754883,4.178285598754883e-05,0.006331075448542833,0.9929071664810181,1,1,2,0.03,800,200,1.3952832221984863,2354.13671875,0.24403904378414154,0.28729453682899475,0.5351272821426392,0.4475174844264984,0.9929071664810181,1.0189932584762573,0.006331075448542833,0.11914713680744171,0.9715713262557983,0.35111159086227417,0.022231947630643845
main,0.7,56,random,10.464179992675781,10.435322761535645,0.0288569163531065,0.6676962375640869,0.4900509715080261,0.03230375051498413,32.303749084472656,5.0961971282958984e-05,0.050961971282958984,5.0961971282958984e-05,0.01605241745710373,0.990373969078064,1,2,3,0.03,800,200,1.3952832221984863,2556.18212890625,0.3017663359642029,0.26933589577674866,0.48381683230400085,0.4466308653354645,0.990373969078064,1.254514455795288,0.0848381370306015,0.11969265341758728,0.9897550940513611,0.35080260038375854,0.01605241745710373
main,0.7,57,random,70.88379669189453,70.88379669189453,0.0,0.6158074736595154,0.48512279987335205,0.08419251441955566,84.19251251220703,0.0,0.0,0.0,0.016131464391946793,0.9031673073768616,1,0,1,0.03,800,200,1.3952832221984863,4233.96875,0.7811338901519775,0.3224540948867798,0.6355831623077393,0.17312456667423248,0.20892733335494995,2.127892017364502,0.3759639859199524,0.11709501594305038,0.9031673073768616,0.3508065640926361,0.016131464391946793
main,0.7,58,random,19.17315673828125,19.16685676574707,0.0063001555390655994,0.656220018863678,0.49002382159233093,0.043779969215393066,43.77996826171875,2.3812055587768555e-05,0.023812055587768555,2.3812055587768555e-05,0.0020064436830580235,0.9833908081054688,1,1,2,0.03,800,200,1.3952832221984863,3280.608642578125,0.5087453126907349,0.27381694316864014,0.4966198205947876,0.1274692714214325,0.07848364859819412,1.0060193538665771,0.0020064436830580235,0.11950172483921051,0.9833908081054688,0.35470831394195557,0.0941663458943367
main,0.7,59,random,9.10391902923584,9.075061798095703,0.0288569163531065,0.6698751449584961,0.4900509715080261,0.03012484312057495,30.12484359741211,5.0961971282958984e-05,0.050961971282958984,5.0961971282958984e-05,0.005500938277691603,0.9953916072845459,1,2,3,0.03,800,200,1.3952832221984863,2348.498046875,0.2424280196428299,0.29463669657707214,0.556104838848114,0.4483870565891266,0.9953916072845459,1.016502857208252,0.005500938277691603,0.11943089962005615,0.9810301065444946,0.35112646222114563,0.022529184818267822
main,0.7,60,random,98.62506103515625,98.61975860595703,0.0053023165091872215,0.6006925106048584,0.49002185463905334,0.09930747747421265,99.30747985839844,2.1845102310180664e-05,0.021845102310180664,2.1845102310180664e-05,0.23433588445186615,0.875880777835846,0,0,0,0.03,800,200,1.3952832221984863,4565.5830078125,0.875880777835846,0.18201756477355957,0.23433588445186615,0.3968116343021393,0.8480333089828491,2.068161964416504,0.3560539782047272,0.10285833477973938,0.42861104011535645,0.36320000886917114,0.2640000879764557
main,0.7,61,random,33.22893524169922,33.15565490722656,0.07328088581562042,0.6424190402030945,0.49008122086524963,0.05758094787597656,57.58094787597656,8.121132850646973e-05,0.08121132850646973,8.121132850646973e-05,0.13118591904640198,0.8800337910652161,0,0,0,0.03,800,200,1.3952832221984863,3150.56640625,0.47159042954444885,0.24823054671287537,0.42351585626602173,0.4080118238925934,0.8800337910652161,1.3935577869415283,0.13118591904640198,0.11104565858840942,0.7015220522880554,0.36352232098579407,0.27044621109962463
main,0.7,62,random,174.97964477539062,174.97964477539062,0.0,0.5677201151847839,0.48522791266441345,0.1322798728942871,132.27987670898438,0.0,0.0,0.0,0.01260380633175373,0.9588040113449097,1,0,1,0.03,800,200,1.3952832221984863,4454.34765625,0.8440993428230286,0.25325873494148254,0.43788209557533264,0.43558138608932495,0.9588040113449097,2.588107109069824,0.5293689966201782,0.09037812054157257,0.01260380633175373,0.36736059188842773,0.3472119867801666
main,0.7,63,random,98.24430084228516,98.23478698730469,0.009516575373709202,0.6008865237236023,0.4900292754173279,0.09911346435546875,99.11346435546875,2.9265880584716797e-05,0.029265880584716797,2.9265880584716797e-05,0.12154970318078995,0.867530882358551,0,0,0,0.03,800,200,1.3952832221984863,4212.603515625,0.7750295400619507,0.15849091112613678,0.1671168953180313,0.40363579988479614,0.867530882358551,2.1005358695983887,0.3668453097343445,0.10536595433950424,0.5121984481811523,0.35607749223709106,0.12154970318078995
main,0.7,64,random,78.3111801147461,78.2817153930664,0.0294676274061203,0.6115230321884155,0.4900515079498291,0.08847695589065552,88.47695922851562,5.14984130859375e-05,0.0514984130859375,5.14984130859375e-05,0.12289753556251526,0.8972000479698181,0,0,0,0.03,800,200,1.3952832221984863,4640.2001953125,0.8972000479698181,0.19610631465911865,0.2745894491672516,0.14301413297653198,0.12289753556251526,1.7195355892181396,0.23984520137310028,0.09753718227148056,0.25123944878578186,0.37889236211776733,0.5778474807739258
main,0.7,65,random,42.64208984375,42.601741790771484,0.04034781455993652,0.6347299814224243,0.4900602698326111,0.06527000665664673,65.27000427246094,6.026029586791992e-05,0.06026029586791992,6.026029586791992e-05,0.20249249041080475,0.9422256946563721,0,0,0,0.03,800,200,1.3952832221984863,4797.7900390625,0.9422256946563721,0.26829203963279724,0.48083439469337463,0.3515722453594208,0.7187778949737549,1.6074774265289307,0.20249249041080475,0.11329667270183563,0.7765558362007141,0.3651689291000366,0.30337876081466675
main,0.7,66,random,61.487815856933594,61.358848571777344,0.12896573543548584,0.6216681003570557,0.4901077449321747,0.07833188772201538,78.3318862915039,0.00010773539543151855,0.10773539543151855,0.00010773539543151855,0.24630969762802124,0.964123010635376,0,0,0,0.03,800,200,1.3952832221984863,2871.7373046875,0.3919249176979065,0.4374430477619171,0.964123010635376,0.3964686095714569,0.8470531702041626,1.738929033279419,0.24630969762802124,0.10648582875728607,0.5495275855064392,0.3727699816226959,0.45539945363998413
main,0.7,67,random,97.95767211914062,97.95767211914062,0.0,0.6010264158248901,0.484142005443573,0.09897357225418091,98.97357177734375,0.0,0.0,0.0,0.0325784869492054,0.5969560742378235,0,0,0,0.03,800,200,1.3952832221984863,1614.024658203125,0.0325784869492054,0.30893462896347046,0.5969560742378235,0.2731782793998718,0.4947950541973114,1.4944649934768677,0.16482166945934296,0.09152453392744064,0.0508175790309906,0.3708476424217224,0.41695311665534973
main,0.7,68,random,33.36920928955078,33.307186126708984,0.06202494725584984,0.6422876119613647,0.4900747239589691,0.0577123761177063,57.71237564086914,7.471442222595215e-05,0.07471442222595215,7.471442222595215e-05,0.00730667170137167,0.6879873871803284,1,0,1,0.03,800,200,1.3952832221984863,3028.1806640625,0.4366230368614197,0.30160775780677795,0.5760221481323242,0.2888505458831787,0.5395730137825012,1.0219199657440186,0.00730667170137167,0.11063961684703827,0.6879873871803284,0.3643254339694977,0.2865090072154999
main,0.7,69,random,51.23698806762695,51.16121292114258,0.07577584683895111,0.6284729242324829,0.49008259177207947,0.07152706384658813,71.52706146240234,8.258223533630371e-05,0.08258223533630371,8.258223533630371e-05,0.12717467546463013,0.6996645331382751,0,0,0,0.03,800,200,1.3952832221984863,3948.825927734375,0.6996645331382751,0.22523364424705505,0.357810378074646,0.2504653036594391,0.4299008846282959,1.3815240859985352,0.12717467546463013,0.09974738955497742,0.32491299510002136,0.37760916352272034,0.5521830320358276
main,0.7,70,random,70.06907653808594,70.06907653808594,0.0,0.6162927150726318,0.48771288990974426,0.08370727300643921,83.707275390625,0.0,0.0,0.0,0.23231187462806702,0.5469676852226257,0,0,0,0.03,800,200,1.3952832221984863,3381.723876953125,0.5376353859901428,0.2549757957458496,0.4427880048751831,0.2914386987686157,0.5469676852226257,1.874155044555664,0.2913849949836731,0.10575765371322632,0.5252552628517151,0.3616155982017517,0.23231187462806702
main,0.7,71,random,58.26459503173828,58.161380767822266,0.10321378707885742,0.6237363815307617,0.49009639024734497,0.07626360654830933,76.26360321044922,9.638071060180664e-05,0.09638071060180664,9.638071060180664e-05,0.21638675034046173,0.9757562875747681,0,0,0,0.03,800,200,1.3952832221984863,4207.4453125,0.7735558152198792,0.3078850209712982,0.593957245349884,0.4415147006511688,0.9757562875747681,1.6491602659225464,0.21638675034046173,0.10532154887914658,0.5107183456420898,0.37300920486450195,0.4601838290691376
main,0.7,72,random,198.90110778808594,198.2279510498047,0.6731511950492859,0.5592065453529358,0.49024614691734314,0.14079344272613525,140.79344177246094,0.0002461373805999756,0.24613738059997559,0.0002461373805999756,0.016248319298028946,0.9973639845848083,1,1,2,0.03,800,200,1.3952832221984863,1556.869140625,0.016248319298028946,0.2889287769794464,0.5397965312004089,0.40641140937805176,0.875461220741272,3.9920918941497803,0.9973639845848083,0.09636204689741135,0.21206818521022797,0.35375523567199707,0.0751047283411026
main,0.7,73,random,66.92996215820312,66.74544525146484,0.1845139116048813,0.6183021068572998,0.49012887477874756,0.08169788122177124,81.69788360595703,0.00012886524200439453,0.12886524200439453,0.00012886524200439453,0.30215340852737427,0.9798370003700256,0,0,0,0.03,800,200,1.3952832221984863,4929.4296875,0.9798370003700256,0.35956788063049316,0.7416225671768188,0.4301088750362396,0.9431682229042053,1.9064602851867676,0.30215340852737427,0.111151784658432,0.7050595879554749,0.3692769706249237,0.38553938269615173
main,0.7,74,random,9.229399681091309,9.207046508789062,0.022352736443281174,0.6696568727493286,0.49004486203193665,0.03034311532974243,30.343114852905273,4.4852495193481445e-05,0.044852495193481445,4.4852495193481445e-05,0.016876736655831337,0.9921520352363586,2,2,4,0.03,800,200,1.3952832221984863,2385.868896484375,0.25310540199279785,0.2870621085166931,0.5344631671905518,0.44725319743156433,0.9921520352363586,1.0506302118301392,0.016876736655831337,0.11948326975107193,0.9827757477760315,0.35091733932495117,0.018347064033150673
main,0.7,75,random,105.67223358154297,105.65931701660156,0.012915457598865032,0.5972092747688293,0.4900341033935547,0.1027907133102417,102.79071044921875,3.409385681152344e-05,0.03409385681152344,3.409385681152344e-05,0.04946509376168251,0.3060031533241272,0,0,0,0.03,800,200,1.3952832221984863,2399.3623046875,0.2569606304168701,0.11731278151273727,0.04946509376168251,0.20710110664367676,0.3060031533241272,1.8063322305679321,0.26877740025520325,0.09596239775419235,0.19874657690525055,0.36079540848731995,0.2159084975719452
main,0.7,76,random,14.13601303100586,14.09360408782959,0.04240883141756058,0.6624585390090942,0.49006178975105286,0.03754144906997681,37.54145050048828,6.178021430969238e-05,0.06178021430969238,6.178021430969238e-05,0.07687965780496597,0.9966423511505127,0,1,1,0.03,800,200,1.3952832221984863,2579.994140625,0.3085697591304779,0.2691650390625,0.4833286702632904,0.44882482290267944,0.9966423511505127,1.2306389808654785,0.07687965780496597,0.11708664894104004,0.9028884768486023,0.35416263341903687,0.08325298875570297
main,0.7,77,random,19.520652770996094,19.493328094482422,0.02732526697218418,0.6558487415313721,0.4900496006011963,0.044151246547698975,44.1512451171875,4.9591064453125e-05,0.049591064453125,4.9591064453125e-05,0.005972039420157671,0.9755489826202393,1,0,1,0.03,800,200,1.3952832221984863,3286.05322265625,0.510300874710083,0.2735835313796997,0.4959529638290405,0.12959173321723938,0.08454782515764236,1.0179160833358765,0.005972039420157671,0.11926646530628204,0.9755489826202393,0.3549805283546448,0.09961089491844177
main,0.7,78,random,9.088891983032227,9.076066970825195,0.012825297191739082,0.6698734760284424,0.49003398418426514,0.030126512050628662,30.12651252746582,3.3974647521972656e-05,0.033974647521972656,3.3974647521972656e-05,0.0148779833689332,0.9908367395401001,2,2,4,0.03,800,200,1.3952832221984863,2392.605224609375,0.2550300657749176,0.2871083915233612,0.5345954298973083,0.4467928409576416,0.9908367395401001,1.0581727027893066,0.019390912726521492,0.11965808272361755,0.988602876663208,0.3507438898086548,0.0148779833689332
main,0.7,79,random,54.377037048339844,54.27177047729492,0.10526645928621292,0.6263306140899658,0.4900973439216614,0.07366937398910522,73.66937255859375,9.733438491821289e-05,0.09733438491821289,9.733438491821289e-05,0.07778072357177734,0.8134200572967529,0,0,0,0.03,800,200,1.3952832221984863,2422.421142578125,0.263548880815506,0.3846970200538635,0.8134200572967529,0.31175366044044495,0.605010449886322,1.233342170715332,0.07778072357177734,0.10518353432416916,0.5061178207397461,0.37025368213653564,0.40507376194000244
main,0.7,80,random,186.8182373046875,186.70689392089844,0.1113467812538147,0.563359260559082,0.49010011553764343,0.136640727519989,136.64073181152344,0.00010010600090026855,0.10010600090026855,0.00010010600090026855,0.1045985296368599,0.9851135015487671,0,1,1,0.03,800,200,1.3952832221984863,1866.0948486328125,0.1045985296368599,0.3062048852443695,0.5891568064689636,0.2591608762741089,0.4547453224658966,3.9553403854370117,0.9851135015487671,0.09620485454797745,0.20682848989963531,0.3595215976238251,0.19043178856372833
main,0.7,81,random,65.04753112792969,64.93251037597656,0.11502301692962646,0.619419276714325,0.49010175466537476,0.0805807113647461,80.5807113647461,0.0001017451286315918,0.1017451286315918,0.0001017451286315918,0.06743151694536209,0.9588079452514648,0,0,0,0.03,800,200,1.3952832221984863,4717.0205078125,0.9191486239433289,0.4355827569961548,0.9588079452514648,0.39252969622612,0.8357991576194763,1.2022945880889893,0.06743151694536209,0.10634166747331619,0.5447221994400024,0.3776889443397522,0.553779125213623
main,0.7,82,random,41.008750915527344,40.95429611206055,0.05445324257016182,0.6360044479370117,0.49007001519203186,0.06399554014205933,63.995540618896484,7.000565528869629e-05,0.07000565528869629,7.000565528869629e-05,0.2196676880121231,0.8979814052581787,0,0,0,0.03,800,200,1.3952832221984863,2933.751953125,0.4096434414386749,0.41429346799850464,0.8979814052581787,0.4049743115901947,0.8713551759719849,1.85878586769104,0.2862619459629059,0.11653068661689758,0.8843561410903931,0.36098337173461914,0.2196676880121231
main,0.7,83,random,19.39662742614746,19.38201141357422,0.014616346918046474,0.6559749841690063,0.490036278963089,0.0440250039100647,44.02500534057617,3.6269426345825195e-05,0.036269426345825195,3.6269426345825195e-05,0.006595898885279894,0.9798738360404968,1,0,1,0.03,800,200,1.3952832221984863,3293.540283203125,0.5124400854110718,0.2734742760658264,0.49564075469970703,0.12883581221103668,0.08238804340362549,1.0197876691818237,0.006595898885279894,0.11939620971679688,0.9798738360404968,0.3548696041107178,0.09739205241203308
main,0.7,84,random,68.29685974121094,68.20092010498047,0.09594225883483887,0.6174161434173584,0.490092933177948,0.08258384466171265,82.58384704589844,9.292364120483398e-05,0.09292364120483398,9.292364120483398e-05,0.16952981054782867,0.8616614937782288,0,0,0,0.03,800,200,1.3952832221984863,2900.0126953125,0.400003582239151,0.4015815258026123,0.8616614937782288,0.2195364534854889,0.34153273701667786,1.508589506149292,0.16952981054782867,0.10313284397125244,0.4377613067626953,0.37624090909957886,0.524817943572998
main,0.7,85,random,8.682661056518555,8.658180236816406,0.024480415508151054,0.6705752015113831,0.4900469481945038,0.02942478656768799,29.424785614013672,4.693865776062012e-05,0.04693865776062012,4.693865776062012e-05,0.010509411804378033,0.9951987862586975,2,2,4,0.03,800,200,1.3952832221984863,2369.85205078125,0.24852916598320007,0.28869935870170593,0.5391409993171692,0.44831955432891846,0.9951987862586975,1.0339386463165283,0.011312895454466343,0.1198098286986351,0.9936610460281372,0.35052546858787537,0.010509411804378033
main,0.7,86,random,191.55526733398438,191.48757934570312,0.0676906555891037,0.5616209506988525,0.49007806181907654,0.1383790373802185,138.37904357910156,7.805228233337402e-05,0.07805228233337402,7.805228233337402e-05,0.06022651493549347,0.9069220423698425,0,0,0,0.03,800,200,1.3952832221984863,1922.04833984375,0.12058523297309875,0.3040466010570526,0.582990288734436,0.2787318527698517,0.5106624364852905,3.720766067504883,0.9069220423698425,0.0918067991733551,0.06022651493549347,0.3642129600048065,0.28425899147987366
main,0.7,87,random,35.231075286865234,35.1854133605957,0.04566027596592903,0.6406826972961426,0.4900641143321991,0.05931729078292847,59.317291259765625,6.410479545593262e-05,0.06410479545593262,6.410479545593262e-05,0.04403266683220863,0.9830837249755859,0,1,1,0.03,800,200,1.3952832221984863,3292.63330078125,0.5121809840202332,0.44407927989959717,0.9830837249755859,0.4238094389438629,0.9251698851585388,1.1320979595184326,0.04403266683220863,0.11800536513328552,0.9335122108459473,0.3612275719642639,0.22455164790153503
main,0.7,88,random,9.423093795776367,9.385798454284668,0.037294965237379074,0.6693637371063232,0.49005794525146484,0.030636250972747803,30.63625144958496,5.793571472167969e-05,0.05793571472167969,5.793571472167969e-05,0.007629595696926117,0.9969056248664856,2,1,3,0.03,800,200,1.3952832221984863,2394.18310546875,0.25548088550567627,0.1919909119606018,0.2628311812877655,0.4489169716835022,0.9969056248664856,1.0228887796401978,0.007629595696926117,0.11658196151256561,0.8860654830932617,0.3509196639060974,0.018393242731690407
main,0.7,89,random,55.916072845458984,55.781044006347656,0.13502879440784454,0.6253132820129395,0.49011024832725525,0.07468670606613159,74.68670654296875,0.00011023879051208496,0.11023879051208496,0.00011023879051208496,0.07342393696308136,0.878497838973999,0,0,0,0.03,800,200,1.3952832221984863,4216.357421875,0.7761020660400391,0.40747421979904175,0.878497838973999,0.22513025999069214,0.35751503705978394,1.2202718257904053,0.07342393696308136,0.10935322940349579,0.6451077461242676,0.37263351678848267,0.4526703953742981
main,0.7,90,random,57.08713912963867,56.998558044433594,0.0885811597108841,0.6245025992393494,0.4900892972946167,0.07549738883972168,75.49739074707031,8.928775787353516e-05,0.08928775787353516,8.928775787353516e-05,0.14071175456047058,0.6247340440750122,0,0,0,0.03,800,200,1.3952832221984863,2087.1103515625,0.16774578392505646,0.26254406571388245,0.4644116461277008,0.31865692138671875,0.6247340440750122,1.4221352338790894,0.14071175456047058,0.09968501329421997,0.3228335976600647,0.36800137162208557,0.3600277006626129
main,0.7,91,random,9.250858306884766,9.214137077331543,0.036721646785736084,0.6696451902389526,0.49005749821662903,0.030354797840118408,30.35479736328125,5.748867988586426e-05,0.05748867988586426,5.748867988586426e-05,0.01185466255992651,0.9980019927024841,1,1,2,0.03,800,200,1.3952832221984863,2439.339111328125,0.26838260889053345,0.19646970927715302,0.2756277322769165,0.4493006765842438,0.9980019927024841,1.0631511211395264,0.02105036750435829,0.11732998490333557,0.9109996557235718,0.3505927324295044,0.01185466255992651
main,0.7,92,random,19.150772094726562,19.101520538330078,0.04925202205777168,0.6562947034835815,0.4900665879249573,0.0437052845954895,43.705284118652344,6.657838821411133e-05,0.06657838821411133,6.657838821411133e-05,0.08445082604885101,0.9840913414955139,0,1,1,0.03,800,200,1.3952832221984863,2588.811767578125,0.31108906865119934,0.3095419406890869,0.5986912250518799,0.44443196058273315,0.9840913414955139,1.253352403640747,0.08445082604885101,0.11587589234113693,0.8625298142433167,0.3571895360946655,0.1437910497188568
main,0.7,93,random,50.99856185913086,50.857852935791016,0.14070892333984375,0.6286852955818176,0.4901125431060791,0.07131469249725342,71.31468963623047,0.0001125335693359375,0.1125335693359375,0.0001125335693359375,0.12811397016048431,0.8066597580909729,0,0,0,0.03,800,200,1.3952832221984863,2644.753173828125,0.3270723223686218,0.38233089447021484,0.8066597580909729,0.3546088933944702,0.7274540066719055,1.3843419551849365,0.12811397016048431,0.10747049003839493,0.5823497176170349,0.36879661679267883,0.3759322464466095
main,0.7,94,random,85.63990783691406,85.5212173461914,0.11869048327207565,0.6075223088264465,0.4901033639907837,0.09247767925262451,92.47767639160156,0.00010335445404052734,0.10335445404052734,0.00010335445404052734,0.09197350591421127,0.9233052730560303,0,0,0,0.03,800,200,1.3952832221984863,4697.2666015625,0.9135046601295471,0.42315682768821716,0.9233052730560303,0.36465775966644287,0.7561650276184082,1.2759205102920532,0.09197350591421127,0.09652014076709747,0.21733789145946503,0.388414204120636,0.7682842016220093
main,0.7,95,random,29.784671783447266,29.73699378967285,0.047677457332611084,0.6454683542251587,0.4900655150413513,0.054531633853912354,54.53163528442383,6.55055046081543e-05,0.0655055046081543,6.55055046081543e-05,0.11979243159294128,0.8349058628082275,0,0,0,0.03,800,200,1.3952832221984863,3933.756591796875,0.6953590512275696,0.2635708451271057,0.4673452377319336,0.15414269268512726,0.15469340980052948,1.3593772649765015,0.11979243159294128,0.11504717171192169,0.8349058628082275,0.362257182598114,0.24514399468898773
main,0.7,96,random,34.71232223510742,34.71232223510742,0.0,0.6410828232765198,0.489379346370697,0.05891716480255127,58.91716384887695,0.0,0.0,0.0,0.16587378084659576,0.9575400352478027,0,0,0,0.03,800,200,1.3952832221984863,4851.39013671875,0.9575400352478027,0.2206849753856659,0.3448142409324646,0.21344947814941406,0.32414135336875916,1.592043399810791,0.19734780490398407,0.1180470660328865,0.9349023103713989,0.35829368233680725,0.16587378084659576
main,0.7,97,random,31.353376388549805,31.346643447875977,0.0067331427708268166,0.644011914730072,0.4900246262550354,0.05598807334899902,55.988075256347656,2.4616718292236328e-05,0.024616718292236328,2.4616718292236328e-05,0.149201899766922,0.9193546175956726,0,0,0,0.03,800,200,1.3952832221984863,2627.58203125,0.3221662640571594,0.3531278371810913,0.7232224345207214,0.3773576617240906,0.792450487613678,1.7181479930877686,0.23938268423080444,0.11758063733577728,0.9193546175956726,0.357460081577301,0.149201899766922
main,0.7,98,random,85.44332122802734,85.41254425048828,0.030777912586927414,0.6075810790061951,0.49005264043807983,0.09241890907287598,92.41890716552734,5.263090133666992e-05,0.05263090133666992,5.263090133666992e-05,0.15626160800457,0.8209315538406372,0,0,0,0.03,800,200,1.3952832221984863,4196.9501953125,0.770557165145874,0.15842536091804504,0.16692961752414703,0.38732603192329407,0.8209315538406372,1.7146811485290527,0.2382270246744156,0.09468784928321838,0.15626160800457,0.3798784911632538,0.5975698828697205
main,0.7,99,random,20.008569717407227,20.002031326293945,0.006538928020745516,0.655276358127594,0.49002426862716675,0.04472362995147705,44.723628997802734,2.4259090423583984e-05,0.024259090423583984,2.4259090423583984e-05,0.03512342646718025,0.9823647141456604,0,1,1,0.03,800,200,1.3952832221984863,3373.34912109375,0.5352426171302795,0.2731367349624634,0.4946763515472412,0.13342246413230896,0.09549277275800705,1.105370283126831,0.03512342646718025,0.11947093904018402,0.9823647141456604,0.35507261753082275,0.10145247727632523
main,0.7,100,random,55.44043731689453,55.385101318359375,0.05533769726753235,0.6255788207054138,0.4900705814361572,0.07442116737365723,74.4211654663086,7.05718994140625e-05,0.0705718994140625,7.05718994140625e-05,0.22875083982944489,0.9269014000892639,0,0,0,0.03,800,200,1.3952832221984863,4744.15478515625,0.9269014000892639,0.2776735723018646,0.5076387524604797,0.38629695773124695,0.8179913759231567,1.6862525939941406,0.22875083982944489,0.10668373107910156,0.5561243295669556,0.3718348443508148,0.4366970956325531
main,0.7,101,random,132.41802978515625,132.41802978515625,0.0,0.584926962852478,0.4879516661167145,0.11507302522659302,115.07302856445312,0.0,0.0,0.0,0.1475234180688858,0.8734272122383118,0,0,0,0.03,800,200,1.3952832221984863,4556.9951171875,0.8734272122383118,0.29105210304260254,0.545863151550293,0.2376447319984436,0.39327067136764526,2.2814385890960693,0.42714619636535645,0.09442570805549622,0.1475234180688858,0.3763093948364258,0.5261876583099365
main,0.7,102,random,8.691446304321289,8.665162086486816,0.026284396648406982,0.6705633401870728,0.4900486469268799,0.02943664789199829,29.436647415161133,4.863739013671875e-05,0.04863739013671875,4.863739013671875e-05,0.0017947126179933548,0.9954143762588501,2,1,3,0.03,800,200,1.3952832221984863,2546.834716796875,0.29909563064575195,0.10594506561756134,0.01698589138686657,0.4483950138092041,0.9954143762588501,1.005384087562561,0.0017947126179933548,0.11875660717487335,0.9585537910461426,0.3514327108860016,0.028654076159000397
main,0.7,103,random,41.50468063354492,41.394588470458984,0.1100907102227211,0.6356613636016846,0.49009954929351807,0.06433862447738647,64.338623046875,9.953975677490234e-05,0.09953975677490234,9.953975677490234e-05,0.07075413316488266,0.7662025094032288,0,0,0,0.03,800,200,1.3952832221984863,3920.08251953125,0.691452145576477,0.35879355669021606,0.7394102215766907,0.29768115282058716,0.5648033022880554,1.2122623920440674,0.07075413316488266,0.11298607289791107,0.7662025094032288,0.3666992485523224,0.33398517966270447
main,0.7,104,random,75.74755096435547,75.65538787841797,0.09216465801000595,0.6130198836326599,0.49009108543395996,0.08698010444641113,86.9801025390625,9.107589721679688e-05,0.09107589721679688,9.107589721679688e-05,0.19763590395450592,0.6501320004463196,0,0,0,0.03,800,200,1.3952832221984863,3569.8876953125,0.5913964509963989,0.31377214193344116,0.6107775568962097,0.2456546425819397,0.4161561131477356,1.5929076671600342,0.19763590395450592,0.09637679904699326,0.21255984902381897,0.3825066089630127,0.6501320004463196
main,0.7,105,random,202.9827880859375,202.9355926513672,0.04720144346356392,0.5575445294380188,0.49006518721580505,0.14245545864105225,142.45545959472656,6.517767906188965e-05,0.06517767906188965,6.517767906188965e-05,0.030353816226124763,0.9533886909484863,0,0,0,0.03,800,200,1.3952832221984863,1606.2384033203125,0.030353816226124763,0.2865028381347656,0.5328652262687683,0.4336860179901123,0.9533886909484863,3.7926909923553467,0.9308969974517822,0.09258496016263962,0.0861651822924614,0.3574393689632416,0.1487877070903778
main,0.7,106,random,31.044902801513672,30.990123748779297,0.054778262972831726,0.6443312168121338,0.4900702238082886,0.055668771266937256,55.66876983642578,7.021427154541016e-05,0.07021427154541016,7.021427154541016e-05,0.029402630403637886,0.7721657752990723,0,0,0,0.03,800,200,1.3952832221984863,3641.10009765625,0.6117428541183472,0.2863747179508209,0.5324991941452026,0.37025800347328186,0.7721657752990723,1.0882078409194946,0.029402630403637886,0.1128179281949997,0.7605975866317749,0.36421191692352295,0.28423821926116943
main,0.7,107,random,70.08175659179688,70.08175659179688,0.0,0.6162851452827454,0.48542773723602295,0.08371484279632568,83.71484375,0.0,0.0,0.0,0.26992806792259216,0.5860419273376465,0,0,0,0.03,800,200,1.3952832221984863,3023.556396484375,0.43530184030532837,0.3051146864891052,0.5860419273376465,0.23115888237953186,0.3747396469116211,1.809784173965454,0.26992806792259216,0.10435669869184494,0.4785565435886383,0.365824818611145,0.3164961636066437
main,0.7,108,random,192.0410919189453,192.0410919189453,0.0,0.5614210963249207,0.48912957310676575,0.1385788917541504,138.57888793945312,0.0,0.0,0.0,0.013655178248882294,0.8479726314544678,1,0,1,0.03,800,200,1.3952832221984863,4467.904296875,0.8479726314544678,0.14468735456466675,0.12767815589904785,0.1149609312415123,0.04274551570415497,2.599583625793457,0.5331945419311523,0.09040965884923935,0.013655178248882294,0.356918603181839,0.1383720487356186
main,0.7,109,random,58.602962493896484,58.40937805175781,0.19358383119106293,0.6235739588737488,0.49013200402259827,0.07642602920532227,76.426025390625,0.00013199448585510254,0.13199448585510254,0.00013199448585510254,0.05196233466267586,0.8524294495582581,0,0,0,0.03,800,200,1.3952832221984863,3583.4423828125,0.5952692627906799,0.3983502984046936,0.8524294495582581,0.22328610718250275,0.3522460162639618,1.1558870077133179,0.05196233466267586,0.10613271594047546,0.537757158279419,0.3740311861038208,0.4806235730648041
main,0.7,110,random,81.85212707519531,81.85212707519531,0.0,0.6095278263092041,0.48140668869018555,0.09047216176986694,90.47216033935547,0.0,0.0,0.0,0.016845807433128357,0.6126242876052856,1,0,1,0.03,800,200,1.3952832221984863,2033.2109375,0.15234600007534027,0.3144184947013855,0.6126242876052856,0.2472752034664154,0.4207862615585327,1.0505374670028687,0.016845807433128357,0.09284025430679321,0.09467513114213943,0.3704005479812622,0.40801098942756653
main,0.7,111,random,138.94273376464844,138.94273376464844,0.0,0.5821260213851929,0.48876944184303284,0.11787396669387817,117.87397003173828,0.0,0.0,0.0,0.139701247215271,0.9017184376716614,0,0,0,0.03,800,200,1.3952832221984863,4656.0146484375,0.9017184376716614,0.26562657952308655,0.4732188284397125,0.3687647879123688,0.7678993940353394,2.5854928493499756,0.5284976363182068,0.10275861620903015,0.4252871870994568,0.35698506236076355,0.139701247215271
main,0.7,112,random,65.05821990966797,65.05821990966797,0.0,0.6193413138389587,0.47908905148506165,0.0806586742401123,80.65867614746094,0.0,0.0,0.0,0.03809836134314537,0.6280785202980042,0,0,0,0.03,800,200,1.3952832221984863,2443.149658203125,0.26947134733200073,0.3048552870750427,0.585300862789154,0.12188983708620071,0.0625423938035965,1.5981899499893188,0.19939664006233215,0.10884235799312592,0.6280785202980042,0.35190489888191223,0.03809836134314537
main,0.7,113,random,9.034337997436523,9.005885124206543,0.02845332771539688,0.6699901819229126,0.49005061388015747,0.030009806156158447,30.00980567932129,5.060434341430664e-05,0.05060434341430664,5.060434341430664e-05,0.014685594476759434,0.9955086708068848,2,2,4,0.03,800,200,1.3952832221984863,2379.144287109375,0.2511840760707855,0.28635624051094055,0.5324463844299316,0.44842803478240967,0.9955086708068848,1.04405677318573,0.014685594476759434,0.11955155432224274,0.9850518703460693,0.3507665991783142,0.015332025475800037
main,0.7,114,random,86.78082275390625,86.78082275390625,0.0,0.6068437695503235,0.489932656288147,0.09315621852874756,93.15621948242188,0.0,0.0,0.0,0.06477590650320053,0.964585542678833,0,0,0,0.03,800,200,1.3952832221984863,2600.42236328125,0.3144063651561737,0.317920446395874,0.6226298809051514,0.4376049339771271,0.964585542678833,1.8678617477416992,0.289287269115448,0.09194327890872955,0.06477590650320053,0.38250550627708435,0.650110125541687
main,0.7,115,random,185.75326538085938,185.7163848876953,0.03687409684062004,0.5637221932411194,0.4900576174259186,0.13627779483795166,136.27780151367188,5.760788917541504e-05,0.05760788917541504,5.760788917541504e-05,0.16592766344547272,0.9920880198478699,0,1,1,0.03,800,200,1.3952832221984863,2080.746826171875,0.16592766344547272,0.3103898763656616,0.6011139154434204,0.26733943819999695,0.47811269760131836,3.976263999938965,0.9920880198478699,0.09633584320545197,0.21119461953639984,0.3602134585380554,0.20426933467388153
main,0.7,116,random,84.47374725341797,84.34513854980469,0.12860924005508423,0.6081603765487671,0.49010759592056274,0.09183961153030396,91.83961486816406,0.00010758638381958008,0.10758638381958008,0.00010758638381958008,0.2758621871471405,0.9778232574462891,0,0,0,0.03,800,200,1.3952832221984863,4922.38134765625,0.9778232574462891,0.3763580024242401,0.7895943522453308,0.3090604841709137,0.5973156690597534,1.8275865316390991,0.2758621871471405,0.10239261388778687,0.41308698058128357,0.3803814649581909,0.6076294779777527
main,0.7,117,random,20.31123924255371,20.30101203918457,0.010227118618786335,0.6549433469772339,0.49003034830093384,0.04505664110183716,45.056640625,3.0338764190673828e-05,0.030338764190673828,3.0338764190673828e-05,0.030474340543150902,0.9054069519042969,0,0,0,0.03,800,200,1.3952832221984863,2142.400390625,0.18354293704032898,0.3611626625061035,0.7461791038513184,0.3691113293170929,0.7688895463943481,1.0914230346679688,0.030474340543150902,0.11716220527887344,0.9054069519042969,0.35437676310539246,0.08753550052642822
main,0.7,118,random,34.81229782104492,34.72524642944336,0.08705036342144012,0.6410718560218811,0.4900885224342346,0.05892813205718994,58.928131103515625,8.851289749145508e-05,0.08851289749145508,8.851289749145508e-05,0.18385854363441467,0.8605536222457886,0,0,0,0.03,800,200,1.3952832221984863,2791.58984375,0.36902570724487305,0.39019542932510376,0.8291298151016235,0.3667437732219696,0.7621250748634338,1.5515756607055664,0.18385854363441467,0.11581660807132721,0.8605536222457886,0.3610345721244812,0.22069163620471954
main,0.7,119,random,77.65296173095703,77.54536437988281,0.1075998842716217,0.6119401454925537,0.49009841680526733,0.08805984258651733,88.05984497070312,9.840726852416992e-05,0.09840726852416992,9.840726852416992e-05,0.15536539256572723,0.916678249835968,0,0,0,0.03,800,200,1.3952832221984863,4708.3740234375,0.916678249835968,0.39937111735343933,0.8553460836410522,0.36899635195732117,0.768561065196991,1.4660961627960205,0.15536539256572723,0.10152766108512878,0.38425523042678833,0.38192588090896606,0.6385176777839661
main,0.7,120,random,9.694572448730469,9.668896675109863,0.025675946846604347,0.6689051389694214,0.4900480806827545,0.031094849109649658,31.0948486328125,4.807114601135254e-05,0.04807114601135254,4.807114601135254e-05,0.013191376812756062,0.9971054196357727,1,1,2,0.03,800,200,1.3952832221984863,2375.55908203125,0.25015977025032043,0.29292646050453186,0.5512184500694275,0.44898688793182373,0.9971054196357727,1.039574146270752,0.013191376812756062,0.11911487579345703,0.9704959392547607,0.351583331823349,0.031666625291109085
main,0.7,121,random,215.83724975585938,215.83724975585938,0.0,0.55308598279953,0.4892768859863281,0.14691400527954102,146.91400146484375,0.0,0.0,0.0,0.1668897569179535,0.9090942144393921,0,0,0,0.03,800,200,1.3952832221984863,4350.11767578125,0.8143193125724792,0.30860739946365356,0.5960211753845215,0.41818296909332275,0.9090942144393921,3.444164752960205,0.8147215843200684,0.09500669687986374,0.1668897569179535,0.3600803315639496,0.20160654187202454
main,0.7,122,random,76.43579864501953,76.30733489990234,0.12846675515174866,0.6126459240913391,0.49010753631591797,0.08735406398773193,87.35406494140625,0.00010752677917480469,0.10752677917480469,0.00010752677917480469,0.12085900455713272,0.7928847670555115,0,0,0,0.03,800,200,1.3952832221984863,4082.928466796875,0.737979531288147,0.3775096535682678,0.7928847670555115,0.1830759346485138,0.23735980689525604,1.362576961517334,0.12085900455713272,0.10018075257539749,0.33935827016830444,0.3813953399658203,0.6279070377349854
main,0.7,123,random,53.83123016357422,53.753639221191406,0.0775914266705513,0.6266831159591675,0.49008357524871826,0.07331687211990356,73.3168716430664,8.356571197509766e-05,0.08356571197509766,8.356571197509766e-05,0.09296523034572601,0.7172118425369263,0,0,0,0.03,800,200,1.3952832221984863,3421.57470703125,0.549021303653717,0.26855188608169556,0.4815768301486969,0.3510241210460663,0.7172118425369263,1.278895616531372,0.09296523034572601,0.0984465703368187,0.2815523147583008,0.37756016850471497,0.5512033104896545
main,0.7,124,random,10.011981010437012,9.998448371887207,0.013532297685742378,0.6683796644210815,0.49003490805625916,0.0316203236579895,31.620323181152344,3.489851951599121e-05,0.03489851951599121,3.489851951599121e-05,0.015220179222524166,0.9963083863258362,1,1,2,0.03,800,200,1.3952832221984863,2382.08837890625,0.25202521681785583,0.2928768992424011,0.5510768890380859,0.4487079381942749,0.9963083863258362,1.0456604957580566,0.015220179222524166,0.11891911923885345,0.9639708399772644,0.3518320620059967,0.03664153069257736
main,0.7,125,random,25.679628372192383,25.630199432373047,0.0494285486638546,0.6493737101554871,0.4900667071342468,0.050626277923583984,50.626277923583984,6.669759750366211e-05,0.06669759750366211,6.669759750366211e-05,0.009023413062095642,0.9524268507957458,1,0,1,0.03,800,200,1.3952832221984863,4833.494140625,0.9524268507957458,0.23669564723968506,0.39055901765823364,0.1148274838924408,0.04236424341797829,1.0270702838897705,0.009023413062095642,0.11578413099050522,0.8594710826873779,0.36392199993133545,0.2784402072429657
main,0.7,126,random,52.31827163696289,52.31827163696289,0.0,0.6276686191558838,0.47948509454727173,0.07233136892318726,72.33136749267578,0.0,0.0,0.0,0.021568672731518745,0.9417106509208679,0,0,0,0.03,800,200,1.3952832221984863,1852.219970703125,0.10063426196575165,0.26642265915870667,0.47549334168434143,0.42959871888160706,0.9417106509208679,1.0647059679031372,0.021568672731518745,0.10257768630981445,0.4192561209201813,0.3543059527873993,0.08611904084682465
main,0.7,127,random,51.12739944458008,51.031517028808594,0.09588072448968887,0.628563642501831,0.4900929033756256,0.07143634557723999,71.43634796142578,9.289383888244629e-05,0.09289383888244629,9.289383888244629e-05,0.19237802922725677,0.6186774969100952,0,0,0,0.03,800,200,1.3952832221984863,2573.302001953125,0.30665773153305054,0.31653711199760437,0.6186774969100952,0.2796739935874939,0.5133543014526367,1.577134132385254,0.19237802922725677,0.10609789192676544,0.5365965366363525,0.3683573007583618,0.3671458065509796
main,0.7,128,random,24.010786056518555,23.986024856567383,0.02476099133491516,0.6510244607925415,0.4900472164154053,0.04897552728652954,48.975528717041016,4.7206878662109375e-05,0.047206878662109375,4.7206878662109375e-05,0.07661460340023041,0.9490028023719788,0,0,0,0.03,800,200,1.3952832221984863,4162.1923828125,0.7606264352798462,0.25865665078163147,0.4533046782016754,0.12686282396316528,0.07675091922283173,1.2298438549041748,0.07661460340023041,0.11847008019685745,0.9490028023719788,0.3595505356788635,0.191010519862175
main,0.7,129,random,84.655517578125,84.54966735839844,0.10584741830825806,0.6080490946769714,0.49009761214256287,0.09195089340209961,91.95089721679688,9.760260581970215e-05,0.09760260581970215,9.760260581970215e-05,0.04338895156979561,0.9234698414802551,0,0,0,0.03,800,200,1.3952832221984863,2180.37451171875,0.19439272582530975,0.4232144355773926,0.9234698414802551,0.16755551099777222,0.19301576912403107,1.1301668882369995,0.04338895156979561,0.09541331231594086,0.18044355511665344,0.38177403807640076,0.6354809403419495
main,0.7,130,random,9.203054428100586,9.178168296813965,0.024886205792427063,0.6697044968605042,0.4900473356246948,0.030295491218566895,30.295490264892578,4.7326087951660156e-05,0.047326087951660156,4.7326087951660156e-05,0.013499679043889046,0.9925185441970825,2,1,3,0.03,800,200,1.3952832221984863,2351.022216796875,0.24314919114112854,0.285597026348114,0.5302771925926208,0.44738146662712097,0.9925185441970825,1.0404990911483765,0.013499679043889046,0.11931086331605911,0.9770289063453674,0.3507266640663147,0.01453328412026167
main,0.7,131,random,30.81088638305664,30.765098571777344,0.04578772932291031,0.6445336937904358,0.49006420373916626,0.055466294288635254,55.46629333496094,6.41942024230957e-05,0.0641942024230957,6.41942024230957e-05,0.07433583587408066,0.7480009198188782,0,0,0,0.03,800,200,1.3952832221984863,3574.513671875,0.5927181839942932,0.14390116930007935,0.12543191015720367,0.3616427779197693,0.7475507855415344,1.2230074405670166,0.07433583587408066,0.11244002729654312,0.7480009198188782,0.36743196845054626,0.3486396372318268
main,0.7,132,random,223.6715545654297,223.6615447998047,0.010007292963564396,0.5504468083381653,0.4900300204753876,0.14955317974090576,149.5531768798828,3.001093864440918e-05,0.03001093864440918,3.001093864440918e-05,0.04574373736977577,0.9757822751998901,0,0,0,0.03,800,200,1.3952832221984863,3827.956787109375,0.6651304960250854,0.28293198347091675,0.5226628184318542,0.44152379035949707,0.9757822751998901,3.3239006996154785,0.7746335864067078,0.09398632496595383,0.13287748396396637,0.3522871732711792,0.04574373736977577
main,0.7,133,random,8.86518383026123,8.836225509643555,0.028958259150385857,0.6702741980552673,0.4900510609149933,0.02972579002380371,29.72579002380371,5.105137825012207e-05,0.05105137825012207,5.105137825012207e-05,0.006844484247267246,0.9942721128463745,2,2,4,0.03,800,200,1.3952832221984863,2355.68896484375,0.24448257684707642,0.2874775826931,0.5356502532958984,0.44799521565437317,0.9942721128463745,1.0205334424972534,0.006844484247267246,0.11953708529472351,0.9845696091651917,0.35068702697753906,0.013740924187004566
main,0.7,134,random,41.49102783203125,41.422664642333984,0.06836431473493576,0.6356395483016968,0.4900784492492676,0.06436043977737427,64.36044311523438,7.843971252441406e-05,0.07843971252441406,7.843971252441406e-05,0.019994251430034637,0.49557846784591675,1,0,1,0.03,800,200,1.3952832221984863,2775.15380859375,0.3643296957015991,0.2734524607658386,0.49557846784591675,0.22177143394947052,0.34791839122772217,1.0599827766418457,0.019994251430034637,0.1038442999124527,0.461476594209671,0.3687532842159271,0.37506595253944397
main,0.7,135,random,48.64689254760742,48.57857894897461,0.0683123767375946,0.6303016543388367,0.4900784194469452,0.06969833374023438,69.69833374023438,7.840991020202637e-05,0.07840991020202637,7.840991020202637e-05,0.2967033386230469,0.956490159034729,0,0,0,0.03,800,200,1.3952832221984863,2948.52197265625,0.4138634502887726,0.3642658591270447,0.7550453543663025,0.4347715377807617,0.956490159034729,1.8901100158691406,0.2967033386230469,0.11093911528587341,0.697970449924469,0.3650997281074524,0.30199453234672546
main,0.7,136,random,13.586381912231445,13.575605392456055,0.010776812210679054,0.6631549000740051,0.4900311529636383,0.03684508800506592,36.845088958740234,3.11434268951416e-05,0.0311434268951416,3.11434268951416e-05,0.008696392178535461,0.971054196357727,2,0,2,0.03,800,200,1.3952832221984863,1964.041259765625,0.13258321583271027,0.3447391092777252,0.6992546319961548,0.4242437183856964,0.9264106750488281,1.0260891914367676,0.008696392178535461,0.11913162469863892,0.971054196357727,0.3508869409561157,0.017739124596118927
main,0.7,137,random,19.37391471862793,19.36480140686035,0.009113905020058155,0.6559945344924927,0.49002864956855774,0.04400545358657837,44.005455017089844,2.8640031814575195e-05,0.028640031814575195,2.8640031814575195e-05,0.005037721712142229,0.9793161749839783,1,0,1,0.03,800,200,1.3952832221984863,3289.478515625,0.5112795829772949,0.2736920416355133,0.49626296758651733,0.12860910594463348,0.08174029737710953,1.015113115310669,0.005037721712142229,0.11937948316335678,0.9793161749839783,0.35486871004104614,0.09737420082092285
main,0.7,138,random,46.777217864990234,46.726051330566406,0.051166269928216934,0.631643533706665,0.49006786942481995,0.068356454372406,68.35645294189453,6.785988807678223e-05,0.06785988807678223,6.785988807678223e-05,0.1795581430196762,0.6875858306884766,0,0,0,0.03,800,200,1.3952832221984863,2134.930908203125,0.1814088225364685,0.34065502882003784,0.6875858306884766,0.2484385371208191,0.42411014437675476,1.5386743545532227,0.1795581430196762,0.10953058302402496,0.6510193347930908,0.3629700541496277,0.2594011425971985
main,0.7,139,random,176.47918701171875,176.47918701171875,0.0,0.5671545267105103,0.4752970039844513,0.1328454613685608,132.845458984375,0.0,0.0,0.0,0.0921076238155365,0.5364353060722351,0,0,0,0.03,800,200,1.3952832221984863,2409.454833984375,0.25984424352645874,0.2877523601055145,0.5364353060722351,0.1608802080154419,0.17394347488880157,2.157320499420166,0.3857734501361847,0.09294165670871735,0.09805524349212646,0.35460537672042847,0.0921076238155365
main,0.7,140,random,19.595399856567383,19.583328247070312,0.012071685865521431,0.6557469367980957,0.49003297090530396,0.04425305128097534,44.2530517578125,3.2961368560791016e-05,0.032961368560791016,3.2961368560791016e-05,0.015327973291277885,0.980137050151825,1,1,2,0.03,800,200,1.3952832221984863,3317.371337890625,0.5192489624023438,0.2734408974647522,0.4955453872680664,0.13022786378860474,0.08636534214019775,1.045983910560608,0.015327973291277885,0.11940410733222961,0.980137050151825,0.3549451231956482,0.09890280663967133
main,0.7,141,random,83.17144775390625,83.0500717163086,0.12137500196695328,0.6088681817054749,0.4901045262813568,0.09113180637359619,91.13180541992188,0.00010451674461364746,0.10451674461364746,0.00010451674461364746,0.10789662599563599,0.9234485030174255,0,0,0,0.03,800,200,1.3952832221984863,4732.06982421875,0.9234485030174255,0.39351511001586914,0.8386146426200867,0.3676219880580902,0.7646342515945435,1.3236899375915527,0.10789662599563599,0.09637898206710815,0.21263273060321808,0.387942373752594,0.7588475942611694
main,0.7,142,random,36.70018005371094,36.70018005371094,0.0,0.6394193172454834,0.488540917634964,0.060580670833587646,60.58066940307617,0.0,0.0,0.0,0.04404004290699959,0.9479196071624756,0,0,0,0.03,800,200,1.3952832221984863,2519.972412109375,0.29142069816589355,0.3266499936580658,0.6475714445114136,0.16908791661262512,0.19739407300949097,1.6893174648284912,0.22977247834205627,0.11843758821487427,0.9479196071624756,0.35220199823379517,0.04404004290699959
main,0.7,143,random,19.703962326049805,19.687284469604492,0.016678018495440483,0.6556296348571777,0.49003875255584717,0.04437035322189331,44.37035369873047,3.8743019104003906e-05,0.038743019104003906,3.8743019104003906e-05,0.11054647713899612,0.9727367162704468,0,0,0,0.03,800,200,1.3952832221984863,2646.6484375,0.32761386036872864,0.3385954201221466,0.6817012429237366,0.43522319197654724,0.9577805399894714,1.4830881357192993,0.1610293835401535,0.11918209493160248,0.9727367162704468,0.3555273115634918,0.11054647713899612
main,0.7,144,random,9.568689346313477,9.536500930786133,0.03218793869018555,0.6691187620162964,0.49005383253097534,0.030881226062774658,30.8812255859375,5.3822994232177734e-05,0.053822994232177734,5.3822994232177734e-05,0.013851209543645382,0.9888837337493896,1,1,2,0.03,800,200,1.3952832221984863,2373.2958984375,0.2495131492614746,0.2881470024585724,0.537562906742096,0.4461092948913574,0.9888837337493896,1.0415536165237427,0.013851209543645382,0.11918073892593384,0.9726912379264832,0.3512361943721771,0.02472378872334957
main,0.7,145,random,26.43509292602539,26.40410614013672,0.03098740056157112,0.6486150622367859,0.49005281925201416,0.051384925842285156,51.384925842285156,5.2809715270996094e-05,0.052809715270996094,5.2809715270996094e-05,0.04870046675205231,0.8322986960411072,0,0,0,0.03,800,200,1.3952832221984863,3117.1318359375,0.4620376527309418,0.2759946882724762,0.5028420090675354,0.27231112122535706,0.49231746792793274,1.1461013555526733,0.04870046675205231,0.11496895551681519,0.8322986960411072,0.35892024636268616,0.17840491235256195
main,0.7,146,random,55.94116973876953,55.784690856933594,0.15648050606250763,0.6253108382225037,0.49011868238449097,0.07468914985656738,74.68914794921875,0.00011867284774780273,0.11867284774780273,0.00011867284774780273,0.039419665932655334,0.9639893174171448,0,0,0,0.03,800,200,1.3952832221984863,4873.962890625,0.9639893174171448,0.11574254184961319,0.04497869312763214,0.4166390895843506,0.9046831727027893,1.1182589530944824,0.039419665932655334,0.09582828730344772,0.19427615404129028,0.38924333453178406,0.7848668098449707
main,0.7,147,random,79.9014663696289,79.79510498046875,0.10636518895626068,0.610671877861023,0.49009785056114197,0.0893281102180481,89.32810974121094,9.784102439880371e-05,0.09784102439880371,9.784102439880371e-05,0.01147532369941473,0.8176549077033997,1,0,1,0.03,800,200,1.3952832221984863,2832.0078125,0.38057368993759155,0.38617920875549316,0.8176549077033997,0.26710599660873413,0.47744569182395935,1.034425973892212,0.01147532369941473,0.09358728677034378,0.11957614123821259,0.38405877351760864,0.6811752319335938
main,0.7,148,random,37.890846252441406,37.81621551513672,0.07463166117668152,0.6385051012039185,0.4900819659233093,0.06149488687515259,61.49488830566406,8.195638656616211e-05,0.08195638656616211,8.195638656616211e-05,0.04010365530848503,0.8279545903205872,0,0,0,0.03,800,200,1.3952832221984863,4397.8408203125,0.8279545903205872,0.25439387559890747,0.44112539291381836,0.13192026317119598,0.09120073914527893,1.1203110218048096,0.04010365530848503,0.10798047482967377,0.599349319934845,0.3709036409854889,0.41807276010513306
main,0.7,149,random,20.304357528686523,20.29166603088379,0.012690648436546326,0.6549537181854248,0.4900338053703308,0.04504626989364624,45.046268463134766,3.3795833587646484e-05,0.033795833587646484,3.3795833587646484e-05,0.04406050592660904,0.9824762344360352,0,1,1,0.03,800,200,1.3952832221984863,3159.84912109375,0.4742426574230194,0.278716504573822,0.5106185674667358,0.1649099588394165,0.1854570508003235,1.1321815252304077,0.04406050592660904,0.11947428435087204,0.9824762344360352,0.3541093170642853,0.0821862667798996
main,0.7,150,random,9.114291191101074,9.077683448791504,0.036607515066862106,0.6698707938194275,0.49005740880966187,0.030129194259643555,30.129194259643555,5.739927291870117e-05,0.05739927291870117,5.739927291870117e-05,0.017198272049427032,0.9953861832618713,2,2,4,0.03,800,200,1.3952832221984863,2386.960205078125,0.2534171938896179,0.2881042957305908,0.537440836429596,0.4483851492404938,0.9953861832618713,1.051594853401184,0.017198272049427032,0.11958707869052887,0.9862361550331116,0.3508758544921875,0.01751735247671604
main,0.7,151,random,8.962116241455078,8.928741455078125,0.03337499126791954,0.6701189875602722,0.49005481600761414,0.029881000518798828,29.881000518798828,5.480647087097168e-05,0.05480647087097168,5.480647087097168e-05,0.0020324073266237974,0.9940219521522522,2,1,3,0.03,800,200,1.3952832221984863,2371.747314453125,0.2490706592798233,0.19101500511169434,0.26004287600517273,0.4479076862335205,0.9940219521522522,1.0060971975326538,0.0020324073266237974,0.1167541965842247,0.8918066620826721,0.3504452407360077,0.008905060589313507
main,0.7,152,random,54.443939208984375,54.21751022338867,0.22642727196216583,0.626367449760437,0.4901427626609802,0.07363253831863403,73.63253784179688,0.00014275312423706055,0.14275312423706055,0.00014275312423706055,0.02678483910858631,0.9645774364471436,0,0,0,0.03,800,200,1.3952832221984863,4814.484375,0.9469954371452332,0.1261790692806244,0.07479734718799591,0.43760210275650024,0.9645774364471436,1.0803545713424683,0.02678483910858631,0.09598110616207123,0.1993701010942459,0.3891749978065491,0.7835001945495605
main,0.7,153,random,78.08482360839844,77.95298767089844,0.13183555006980896,0.6117089986801147,0.4901089370250702,0.0882909893989563,88.2909927368164,0.00010892748832702637,0.10892748832702637,0.00010892748832702637,0.05035440996289253,0.8745284676551819,0,0,0,0.03,800,200,1.3952832221984863,4560.849609375,0.8745284676551819,0.37683817744255066,0.7909662127494812,0.11943358927965164,0.055524542927742004,1.1510632038116455,0.05035440996289253,0.09743641316890717,0.2478804588317871,0.3845703601837158,0.6914071440696716
main,0.7,154,random,81.23374938964844,81.13884735107422,0.09489891678094864,0.6099228858947754,0.4900924265384674,0.09007710218429565,90.07710266113281,9.241700172424316e-05,0.09241700172424316,9.241700172424316e-05,0.3252963423728943,0.8213779330253601,0,0,0,0.03,800,200,1.3952832221984863,4374.82275390625,0.8213779330253601,0.2826707065105438,0.5219163298606873,0.27648183703422546,0.5042338371276855,2.0630528926849365,0.3543509542942047,0.10624956339597702,0.5416520833969116,0.36626482009887695,0.3252963423728943
main,0.7,155,random,8.958602905273438,8.930914878845215,0.02768772467970848,0.6701153516769409,0.49004992842674255,0.029884636402130127,29.88463592529297,4.991888999938965e-05,0.04991888999938965,4.991888999938965e-05,0.012993494048714638,0.9956639409065247,2,2,4,0.03,800,200,1.3952832221984863,2384.887939453125,0.2528251111507416,0.286029189825058,0.5315119624137878,0.44848236441612244,0.9956639409065247,1.0525124073028564,0.017504118382930756,0.11966036260128021,0.9886787533760071,0.3506496548652649,0.012993494048714638
main,0.7,156,random,41.42648696899414,41.32819366455078,0.09829505532979965,0.6357129812240601,0.49009406566619873,0.06428700685501099,64.2870101928711,9.40561294555664e-05,0.0940561294555664,9.40561294555664e-05,0.11937226355075836,0.8110021352767944,0,0,0,0.03,800,200,1.3952832221984863,3829.663330078125,0.6656181216239929,0.1477159559726715,0.13633130490779877,0.38385072350502014,0.8110021352767944,1.358116865158081,0.11937226355075836,0.10829558968544006,0.6098529696464539,0.3716704249382019,0.4334087371826172
main,0.7,157,random,59.968727111816406,59.864105224609375,0.10462284833192825,0.6226280927658081,0.4900970458984375,0.07737189531326294,77.37189483642578,9.703636169433594e-05,0.09703636169433594,9.703636169433594e-05,0.2245258241891861,0.8273234963417053,0,0,0,0.03,800,200,1.3952832221984863,2510.76123046875,0.28878888487815857,0.3895632028579712,0.8273234963417053,0.36102813482284546,0.7457947134971619,1.6735775470733643,0.2245258241891861,0.10496433824300766,0.4988112151622772,0.3715549409389496,0.4310987889766693
main,0.7,158,random,47.30143356323242,47.19987106323242,0.10156087577342987,0.6312978267669678,0.4900956153869629,0.06870216131210327,68.70216369628906,9.560585021972656e-05,0.09560585021972656,9.560585021972656e-05,0.10669000446796417,0.8359958529472351,0,0,0,0.03,800,200,1.3952832221984863,4425.9853515625,0.8359958529472351,0.29103320837020874,0.5458091497421265,0.39212316274642944,0.8346376419067383,1.3200700283050537,0.10669000446796417,0.10620954632759094,0.5403180718421936,0.37345096468925476,0.4690195620059967
main,0.7,159,random,24.28300666809082,24.18364906311035,0.09935684502124786,0.6508231163024902,0.4900945723056793,0.04917687177658081,49.17687225341797,9.456276893615723e-05,0.09456276893615723,9.456276893615723e-05,0.06392727047204971,0.963866114616394,0,0,0,0.03,800,200,1.3952832221984863,2720.1865234375,0.34862470626831055,0.2754390835762024,0.5012545585632324,0.43735313415527344,0.963866114616394,1.191781759262085,0.06392727047204971,0.11251294612884521,0.7504315972328186,0.36076492071151733,0.21529839932918549
main,0.7,160,random,72.33893585205078,72.25047302246094,0.08846292644739151,0.6149997115135193,0.4900892376899719,0.08500027656555176,85.00027465820312,8.922815322875977e-05,0.08922815322875977,8.922815322875977e-05,0.34220999479293823,0.8468417525291443,0,0,0,0.03,800,200,1.3952832221984863,3235.854248046875,0.4959583580493927,0.38537007570266724,0.8153431415557861,0.39639461040496826,0.8468417525291443,2.02662992477417,0.34220999479293823,0.10271120816469193,0.4237067997455597,0.3755318820476532,0.5106377005577087
main,0.7,161,random,49.05281066894531,48.94501495361328,0.10779549181461334,0.6300392746925354,0.4900985062122345,0.06996071338653564,69.9607162475586,9.849667549133301e-05,0.09849667549133301,9.849667549133301e-05,0.1461583524942398,0.9747846722602844,0,0,0,0.03,800,200,1.3952832221984863,2891.701904296875,0.39762911200523376,0.24170085787773132,0.4048595726490021,0.44117462635040283,0.9747846722602844,1.4384751319885254,0.1461583524942398,0.10004137456417084,0.33471229672431946,0.3733682930469513,0.46736565232276917
main,0.7,162,random,112.28205108642578,112.10920715332031,0.17284172773361206,0.5941183567047119,0.49012473225593567,0.10588163137435913,105.88162994384766,0.00012472271919250488,0.12472271919250488,0.00012472271919250488,0.1786816269159317,0.6994642615318298,0,0,0,0.03,800,200,1.3952832221984863,2125.3857421875,0.1786816269159317,0.3448124825954437,0.6994642615318298,0.2455107569694519,0.41574499011039734,2.7476491928100586,0.5825496912002563,0.10020516067743301,0.34017208218574524,0.36684930324554443,0.33698609471321106
main,0.7,163,random,74.44728088378906,74.42086791992188,0.02641339600086212,0.6137324571609497,0.49004876613616943,0.08626753091812134,86.26753234863281,4.875659942626953e-05,0.04875659942626953,4.875659942626953e-05,0.2598468065261841,0.422134131193161,0,0,0,0.03,800,200,1.3952832221984863,2527.098876953125,0.2934568226337433,0.24774694442749023,0.422134131193161,0.24435901641845703,0.4124543070793152,1.7795404195785522,0.2598468065261841,0.09884627908468246,0.29487597942352295,0.3682717978954315,0.36543598771095276
main,0.7,164,random,9.208206176757812,9.195403099060059,0.012802805751562119,0.6696760654449463,0.49003395438194275,0.030323922634124756,30.323923110961914,3.394484519958496e-05,0.03394484519958496,3.394484519958496e-05,0.017355607822537422,0.9946156144142151,1,2,3,0.03,800,200,1.3952832221984863,2398.328125,0.2566651999950409,0.28584951162338257,0.5309985876083374,0.4481154680252075,0.9946156144142151,1.0607781410217285,0.020259398967027664,0.11954253911972046,0.9847515225410461,0.35086777806282043,0.017355607822537422
main,0.7,165,random,9.22555160522461,9.19749927520752,0.02805258333683014,0.6696726083755493,0.4900502562522888,0.03032737970352173,30.32737922668457,5.02467155456543e-05,0.0502467155456543,5.02467155456543e-05,0.012109183706343174,0.9897368550300598,2,1,3,0.03,800,200,1.3952832221984863,2368.956787109375,0.2482733428478241,0.286551296710968,0.5330037474632263,0.44640788435935974,0.9897368550300598,1.036327600479126,0.012109183706343174,0.11937156319618225,0.9790521860122681,0.35090142488479614,0.018028875812888145
main,0.7,166,random,7.739978313446045,7.709270000457764,0.03070823661983013,0.6722344160079956,0.49005258083343506,0.02776557207107544,27.76557159423828,5.257129669189453e-05,0.05257129669189453,5.257129669189453e-05,0.00058805535081774,0.995367169380188,3,1,4,0.03,800,200,1.3952832221984863,2498.97802734375,0.28542232513427734,0.10098951309919357,0.00282716634683311,0.4483785033226013,0.995367169380188,1.001764178276062,0.00058805535081774,0.11923525482416153,0.9745085835456848,0.3502747118473053,0.005494365934282541
main,0.7,167,random,87.0429458618164,86.9867172241211,0.05622928589582443,0.6067333221435547,0.4900711476802826,0.09326666593551636,93.26666259765625,7.113814353942871e-05,0.07113814353942871,7.113814353942871e-05,0.021480446681380272,0.5323866009712219,0,0,0,0.03,800,200,1.3952832221984863,1814.055419921875,0.08973010629415512,0.278479665517807,0.5099419355392456,0.276967853307724,0.5056224465370178,1.6242963075637817,0.20809876918792725,0.09064441919326782,0.021480446681380272,0.3766193389892578,0.5323866009712219
main,0.7,168,random,138.81741333007812,138.7318878173828,0.08553291857242584,0.5822154879570007,0.49008774757385254,0.11778450012207031,117.78450012207031,8.7738037109375e-05,0.087738037109375,8.7738037109375e-05,0.08701778948307037,0.8890392184257507,0,0,0,0.03,800,200,1.3952832221984863,2340.7900390625,0.240225687623024,0.3354679346084595,0.6727654933929443,0.3043198585510254,0.5837710499763489,3.6671175956726074,0.8890392184257507,0.10703535377979279,0.5678452253341675,0.35435089468955994,0.08701778948307037
main,0.7,169,random,56.74561309814453,56.6546516418457,0.09096226096153259,0.6247307062149048,0.4900904893875122,0.07526928186416626,75.26927947998047,9.047985076904297e-05,0.09047985076904297,9.047985076904297e-05,0.20346617698669434,0.6678632497787476,0,0,0,0.03,800,200,1.3952832221984863,3837.521484375,0.6678632497787476,0.2433801293373108,0.4096575379371643,0.17232750356197357,0.2066500037908554,1.610398530960083,0.20346617698669434,0.10242517292499542,0.41417235136032104,0.37352240085601807,0.470447838306427
main,0.7,170,random,132.71861267089844,132.4718017578125,0.24681492149829865,0.5849035978317261,0.49014905095100403,0.11509639024734497,115.09638977050781,0.00014904141426086426,0.14904141426086426,0.00014904141426086426,0.12276121973991394,0.7523994445800781,0,0,0,0.03,800,200,1.3952832221984863,1929.664306640625,0.12276121973991394,0.3402356207370758,0.6863874793052673,0.25229889154434204,0.4351396858692169,3.2571983337402344,0.7523994445800781,0.09681692719459534,0.22723083198070526,0.3701731860637665,0.40346381068229675
main,0.7,171,random,8.659590721130371,8.632593154907227,0.026997819542884827,0.6706187129020691,0.4900493025779724,0.029381275177001953,29.381275177001953,4.929304122924805e-05,0.04929304122924805,4.929304122924805e-05,0.00502963550388813,0.9966433048248291,2,2,4,0.03,800,200,1.3952832221984863,2349.80322265625,0.24280095100402832,0.2880752384662628,0.5373578071594238,0.4488251507282257,0.9966433048248291,1.0150889158248901,0.00502963550388813,0.11965581029653549,0.9885271787643433,0.35054099559783936,0.010819745250046253
main,0.7,172,random,72.04328918457031,71.99180603027344,0.051481347531080246,0.6151520013809204,0.49006807804107666,0.08484798669815063,84.84798431396484,6.80685043334961e-05,0.0680685043334961,6.80685043334961e-05,0.18582086265087128,0.7232303619384766,0,0,0,0.03,800,200,1.3952832221984863,4031.30615234375,0.7232303619384766,0.3091222047805786,0.5974920392036438,0.16503730416297913,0.18582086265087128,1.7930525541305542,0.26435086131095886,0.10430639982223511,0.47687992453575134,0.37318748235702515,0.4637497663497925
main,0.7,173,random,98.05078125,98.04158782958984,0.009189932607114315,0.6009840369224548,0.4900287687778473,0.09901595115661621,99.01595306396484,2.8759241104125977e-05,0.028759241104125977,2.8759241104125977e-05,0.07015453279018402,0.6688991189002991,0,0,0,0.03,800,200,1.3952832221984863,1750.6534423828125,0.07161525636911392,0.3341147005558014,0.6688991189002991,0.2146526575088501,0.3275790512561798,2.4554548263549805,0.4851515591144562,0.10750196129083633,0.5833987593650818,0.35350772738456726,0.07015453279018402
main,0.7,174,random,9.576606750488281,9.554990768432617,0.021616289392113686,0.6690888404846191,0.49004411697387695,0.030911147594451904,30.911148071289062,4.410743713378906e-05,0.04410743713378906,4.410743713378906e-05,0.012700757943093777,0.9892515540122986,1,1,2,0.03,800,200,1.3952832221984863,2370.621826171875,0.24874910712242126,0.28865161538124084,0.5390046238899231,0.44623804092407227,0.9892515540122986,1.0381022691726685,0.012700757943093777,0.11915662884712219,0.9718878269195557,0.35126739740371704,0.025348134338855743
main,0.7,175,random,151.45713806152344,151.45713806152344,0.0,0.5769320726394653,0.48940902948379517,0.12306791543960571,123.06791687011719,0.0,0.0,0.0,0.05448072403669357,0.7145330309867859,0,0,0,0.03,800,200,1.3952832221984863,3880.5888671875,0.6801682710647583,0.1901916116476059,0.25769031047821045,0.3500865399837494,0.7145330309867859,2.4097561836242676,0.46991875767707825,0.09817731380462646,0.27257710695266724,0.3527240455150604,0.05448072403669357
main,0.7,176,random,49.81053161621094,49.70991897583008,0.10061334073543549,0.6294947266578674,0.4900951683521271,0.07050526142120361,70.50526428222656,9.515881538391113e-05,0.09515881538391113,9.515881538391113e-05,0.020019076764583588,0.6733458042144775,0,0,0,0.03,800,200,1.3952832221984863,2694.1865234375,0.3411961793899536,0.25208842754364014,0.4345383942127228,0.3356710374355316,0.6733458042144775,1.060057282447815,0.020019076764583588,0.09757184982299805,0.25239497423171997,0.3746770918369293,0.4935416579246521
main,0.7,177,random,20.27208709716797,20.259618759155273,0.01246781274676323,0.6549893021583557,0.49003350734710693,0.04501068592071533,45.010684967041016,3.349781036376953e-05,0.03349781036376953,3.349781036376953e-05,0.03945927321910858,0.9798067808151245,0,0,0,0.03,800,200,1.3952832221984863,3186.429931640625,0.48183712363243103,0.280091792345047,0.5145479440689087,0.17301079630851746,0.20860227942466736,1.1183778047561646,0.03945927321910858,0.1193941980600357,0.9798067808151245,0.35443708300590515,0.0887414813041687
main,0.7,178,random,46.3262825012207,46.23508071899414,0.09120210260152817,0.6320036053657532,0.49009060859680176,0.06799638271331787,67.99638366699219,9.059906005859375e-05,0.09059906005859375,9.059906005859375e-05,0.14750850200653076,0.8463556170463562,0,0,0,0.03,800,200,1.3952832221984863,4071.87158203125,0.7348204255104065,0.3852115571498871,0.8148902058601379,0.1603269875049591,0.1723628044128418,1.4425255060195923,0.14750850200653076,0.11539066582918167,0.8463556170463562,0.36571311950683594,0.31426262855529785
main,0.7,179,random,72.26911163330078,72.15849304199219,0.1106187105178833,0.6150538325309753,0.49009978771209717,0.0849461555480957,84.94615173339844,9.97781753540039e-05,0.0997781753540039,9.97781753540039e-05,0.1965092271566391,0.5565291047096252,0,0,0,0.03,800,200,1.3952832221984863,2882.39013671875,0.3949686586856842,0.26852014660835266,0.48148617148399353,0.16877824068069458,0.1965092271566391,1.6594123840332031,0.21980412304401398,0.0963776484131813,0.21258816123008728,0.377826452255249,0.5565291047096252
main,0.7,180,random,9.894363403320312,9.835898399353027,0.0584653876721859,0.668637752532959,0.4900725483894348,0.03136223554611206,31.36223602294922,7.253885269165039e-05,0.07253885269165039,7.253885269165039e-05,0.0122640710324049,0.9920439720153809,2,1,3,0.03,800,200,1.3952832221984863,2416.640625,0.26189732551574707,0.2227485477924347,0.3507101535797119,0.44721537828445435,0.9920439720153809,1.0486963987350464,0.01623213104903698,0.11807652562856674,0.9358841776847839,0.35061320662498474,0.0122640710324049
main,0.7,181,random,34.24376678466797,34.15683364868164,0.08693316578865051,0.6415561437606812,0.49008846282958984,0.05844384431838989,58.443843841552734,8.845329284667969e-05,0.08845329284667969,8.845329284667969e-05,0.14772243797779083,0.9777215123176575,0,0,0,0.03,800,200,1.3952832221984863,2981.425048828125,0.4232642948627472,0.3150935173034668,0.614552915096283,0.44220250844955444,0.9777215123176575,1.4431673288345337,0.14772243797779083,0.11118128895759583,0.7060431241989136,0.3648049831390381,0.2960996925830841
main,0.7,182,random,197.40362548828125,197.3647003173828,0.03892388939857483,0.5595134496688843,0.4900591969490051,0.14048653841018677,140.48654174804688,5.918741226196289e-05,0.05918741226196289,5.918741226196289e-05,0.07785016298294067,0.9876571893692017,0,1,1,0.03,800,200,1.3952832221984863,1830.87744140625,0.09453640133142471,0.29092827439308167,0.545509397983551,0.44567999243736267,0.9876571893692017,3.668093681335449,0.8893646001815796,0.09544200450181961,0.18140004575252533,0.3538925051689148,0.07785016298294067
main,0.7,183,random,56.852684020996094,56.73651123046875,0.11617137491703033,0.6246763467788696,0.49010226130485535,0.07532364130020142,75.32363891601562,0.00010225176811218262,0.10225176811218262,0.00010225176811218262,0.1459873467683792,0.9194198250770569,0,0,0,0.03,800,200,1.3952832221984863,3454.365234375,0.5583900213241577,0.42179691791534424,0.9194198250770569,0.2519761621952057,0.4342176020145416,1.4379620552062988,0.1459873467683792,0.1090036928653717,0.633456289768219,0.37206363677978516,0.44127264618873596
main,0.7,184,random,19.059844970703125,19.056739807128906,0.0031058713793754578,0.6563459634780884,0.49001672863960266,0.043654024600982666,43.65402603149414,1.671910285949707e-05,0.01671910285949707,1.671910285949707e-05,0.010844958946108818,0.9937252402305603,1,1,2,0.03,800,200,1.3952832221984863,3304.9970703125,0.5157134532928467,0.2735019624233246,0.49571990966796875,0.1269921362400055,0.07712040841579437,1.0325348377227783,0.010844958946108818,0.1198117583990097,0.9937252402305603,0.35445764660835266,0.08915304392576218
main,0.7,185,random,7.869394779205322,7.845439910888672,0.023954804986715317,0.6719902753829956,0.4900464415550232,0.02800971269607544,28.00971221923828,4.64320182800293e-05,0.0464320182800293,4.64320182800293e-05,0.0002266345836687833,0.990143895149231,3,1,4,0.03,800,200,1.3952832221984863,2498.580078125,0.2853086292743683,0.10290990769863129,0.008314017206430435,0.4465503394603729,0.990143895149231,1.000679850578308,0.0002266345836687833,0.1192035973072052,0.9734534025192261,0.35027822852134705,0.005564806051552296
main,0.7,186,random,73.25413513183594,73.16602325439453,0.08810871839523315,0.6144628524780273,0.4900890588760376,0.0855371356010437,85.5371322631836,8.90493392944336e-05,0.0890493392944336,8.90493392944336e-05,0.24644716084003448,0.8923683762550354,0,0,0,0.03,800,200,1.3952832221984863,4623.2890625,0.8923683762550354,0.28877708315849304,0.5393630862236023,0.3998127579689026,0.8566079139709473,1.7393414974212646,0.24644716084003448,0.09860286116600037,0.2867618799209595,0.3809991478919983,0.619982898235321
main,0.7,187,random,74.19759368896484,74.1389389038086,0.05865770950913429,0.6138960123062134,0.49007266759872437,0.08610397577285767,86.10397338867188,7.265806198120117e-05,0.07265806198120117,7.265806198120117e-05,0.15192581713199615,0.6127495765686035,0,0,0,0.03,800,200,1.3952832221984863,3200.34033203125,0.4858115017414093,0.1531740427017212,0.15192581713199615,0.3144623637199402,0.6127495765686035,1.7506957054138184,0.25023189187049866,0.10002900660037994,0.33430030941963196,0.36687806248664856,0.33756130933761597
main,0.7,188,random,147.2478790283203,147.1176300048828,0.13025322556495667,0.5787079334259033,0.49010828137397766,0.12129205465316772,121.29205322265625,0.00010827183723449707,0.10827183723449707,0.00010827183723449707,0.025340614840388298,0.7686845064163208,0,0,0,0.03,800,200,1.3952832221984863,1986.3958740234375,0.1389702409505844,0.3424898386001587,0.6928281188011169,0.23127329349517822,0.3750665485858917,3.306053638458252,0.7686845064163208,0.09076022356748581,0.025340614840388298,0.3770735561847687,0.5414712429046631
main,0.7,189,random,8.891697883605957,8.865413665771484,0.026284396648406982,0.6702251434326172,0.4900486469268799,0.029774844646453857,29.774845123291016,4.863739013671875e-05,0.04863739013671875,4.863739013671875e-05,0.0033864760771393776,0.9947056174278259,2,2,4,0.03,800,200,1.3952832221984863,2340.844482421875,0.24024128913879395,0.29578790068626404,0.5593940019607544,0.4481469690799713,0.9947056174278259,1.0101593732833862,0.0033864760771393776,0.11957681179046631,0.985893726348877,0.350961834192276,0.019236890599131584
main,0.7,190,random,41.989158630371094,41.843868255615234,0.14529186487197876,0.6353131532669067,0.49011436104774475,0.0646868348121643,64.68683624267578,0.00011435151100158691,0.11435151100158691,0.00011435151100158691,0.04804183915257454,0.9235495328903198,0,0,0,0.03,800,200,1.3952832221984863,4732.42333984375,0.9235495328903198,0.12799599766731262,0.07998857647180557,0.38404205441474915,0.8115487694740295,1.1441254615783691,0.04804183915257454,0.10614877939224243,0.538292646408081,0.37798869609832764,0.5597741007804871
main,0.7,191,random,20.630828857421875,20.611513137817383,0.019314929842948914,0.6546000838279724,0.49004170298576355,0.04539990425109863,45.39990234375,4.169344902038574e-05,0.04169344902038574,4.169344902038574e-05,0.022042684257030487,0.9656842947006226,0,0,0,0.03,800,200,1.3952832221984863,3531.727294921875,0.5804935097694397,0.2621600925922394,0.46331459283828735,0.13563650846481323,0.10181860625743866,1.0661280155181885,0.022042684257030487,0.11897052824497223,0.9656842947006226,0.3563518524169922,0.12703688442707062
main,0.7,192,random,133.89320373535156,133.89320373535156,0.0,0.5842877626419067,0.4789605140686035,0.1157122254371643,115.71222686767578,0.0,0.0,0.0,0.2333528697490692,0.8939815759658813,0,0,0,0.03,800,200,1.3952832221984863,4628.935546875,0.8939815759658813,0.3050246238708496,0.5857846736907959,0.29876935482025146,0.5679124593734741,2.366046905517578,0.4553489685058594,0.09990516304969788,0.3301719129085541,0.3616676330566406,0.2333528697490692
main,0.7,193,random,162.46144104003906,162.46144104003906,0.0,0.5725396275520325,0.4897124171257019,0.12746036052703857,127.46035766601562,0.0,0.0,0.0,0.03516605868935585,0.9082854390144348,0,0,0,0.03,800,200,1.3952832221984863,4678.9990234375,0.9082854390144348,0.16125628352165222,0.17501795291900635,0.28624436259269714,0.5321267247200012,2.581432342529297,0.5271440744400024,0.09795375168323517,0.2651248872280121,0.35175830125808716,0.03516605868935585
main,0.7,194,random,49.82966995239258,49.74085235595703,0.08881784230470657,0.6294727921485901,0.49008941650390625,0.07052719593048096,70.5271987915039,8.940696716308594e-05,0.08940696716308594,8.940696716308594e-05,0.018589654937386513,0.5075436234474182,1,0,1,0.03,800,200,1.3952832221984863,2889.45458984375,0.39698705077171326,0.2572556138038635,0.44930171966552734,0.2341592013835907,0.38331204652786255,1.0557689666748047,0.018589654937386513,0.09758441150188446,0.2528136968612671,0.37537717819213867,0.5075436234474182
main,0.7,195,random,18.803255081176758,18.78662872314453,0.016626738011837006,0.6566564440727234,0.4900386929512024,0.043343544006347656,43.343544006347656,3.8683414459228516e-05,0.038683414459228516,3.8683414459228516e-05,0.004401284735649824,0.9969280362129211,1,1,2,0.03,800,200,1.3952832221984863,3259.02001953125,0.5025771260261536,0.27274081110954285,0.49354520440101624,0.12246648222208023,0.06418994814157486,1.0132038593292236,0.004401284735649824,0.11990784108638763,0.9969280362129211,0.35414794087409973,0.08295906335115433
main,0.7,196,random,89.60957336425781,89.5233383178711,0.08623161911964417,0.6053832173347473,0.4900881052017212,0.09461677074432373,94.61676788330078,8.809566497802734e-05,0.08809566497802734,8.809566497802734e-05,0.1020684763789177,0.8556953072547913,0,0,0,0.03,800,200,1.3952832221984863,2760.3671875,0.3601049482822418,0.3893917500972748,0.8268336057662964,0.39949333667755127,0.8556953072547913,1.8805978298187256,0.2935326099395752,0.09306205809116364,0.1020684763789177,0.38498353958129883,0.6996710300445557
main,0.7,197,random,39.5651741027832,39.5080451965332,0.05712798982858658,0.6371445655822754,0.49007171392440796,0.06285542249679565,62.85542297363281,7.170438766479492e-05,0.07170438766479492,7.170438766479492e-05,0.20864510536193848,0.9055683016777039,0,0,0,0.03,800,200,1.3952832221984863,4669.4892578125,0.9055683016777039,0.26755496859550476,0.4787284731864929,0.25420302152633667,0.4405800998210907,1.6259353160858154,0.20864510536193848,0.11471769213676453,0.8239229917526245,0.36354610323905945,0.2709222733974457
main,0.7,198,random,54.53875732421875,54.4048957824707,0.133863165974617,0.6262403130531311,0.49010977149009705,0.07375967502593994,73.75967407226562,0.00010976195335388184,0.10976195335388184,0.00010976195335388184,0.052117619663476944,0.8345654010772705,0,0,0,0.03,800,200,1.3952832221984863,4420.97900390625,0.8345654010772705,0.3608848452568054,0.7453852891921997,0.20630335807800293,0.30372387170791626,1.1563528776168823,0.052117619663476944,0.10810700803995132,0.6035670042037964,0.372367799282074,0.447356253862381
main,0.7,199,random,21.53286361694336,21.504175186157227,0.02868840843439102,0.6536273956298828,0.4900508224964142,0.04637259244918823,46.37259292602539,5.081295967102051e-05,0.05081295967102051,5.081295967102051e-05,0.0054704914800822735,0.9773101806640625,1,0,1,0.03,800,200,1.3952832221984863,4480.21875,0.8514909744262695,0.251630961894989,0.43323132395744324,0.10996244847774506,0.02846413478255272,1.0164114236831665,0.0054704914800822735,0.11931930482387543,0.9773101806640625,0.3595312237739563,0.1906246691942215
main,0.75,0,random,87.13809967041016,87.08313751220703,0.05496443063020706,0.6566816568374634,0.4900703430175781,0.09331834316253662,93.31834411621094,7.033348083496094e-05,0.07033348083496094,7.033348083496094e-05,0.0005427092546597123,0.9940872192382812,1,1,2,0.03,800,200,1.4045283794403076,3271.74169921875,0.5062118768692017,0.27350544929504395,0.49572986364364624,0.12493614107370377,0.07124610990285873,1.0016281604766846,0.0005427092546597123,0.11982261389493942,0.9940872192382812,0.35438281297683716,0.0876564234495163
main,0.75,1,random,192.18516540527344,191.80311584472656,0.3820478320121765,0.611506998538971,0.4901854395866394,0.13849300146102905,138.4929962158203,0.00018543004989624023,0.18543004989624023,0.00018543004989624023,0.23401255905628204,0.8356274366378784,0,0,0,0.03,800,200,1.4045283794403076,2592.31884765625,0.3120911419391632,0.392469584941864,0.8356274366378784,0.3445121943950653,0.6986063122749329,1.7020376920700073,0.23401255905628204,0.09711846709251404,0.23728227615356445,0.38008904457092285,0.6017807126045227
main,0.75,2,random,99.44776153564453,99.31280517578125,0.1349557787179947,0.65034419298172,0.49011021852493286,0.09965580701828003,99.65580749511719,0.00011020898818969727,0.11020898818969727,0.00011020898818969727,0.0046004727482795715,0.835837721824646,1,0,1,0.03,800,200,1.4045283794403076,3447.5673828125,0.5564478039741516,0.2546966075897217,0.44199034571647644,0.13410021364688873,0.09742917865514755,1.0138014554977417,0.0046004727482795715,0.11507512629032135,0.835837721824646,0.3600647747516632,0.20129571855068207
main,0.75,3,random,165.4525604248047,165.18190002441406,0.2706592082977295,0.6214768886566162,0.4901560842990875,0.1285231113433838,128.5231170654297,0.00015607476234436035,0.15607476234436035,0.00015607476234436035,0.18408413231372833,0.677352249622345,0,0,0,0.03,800,200,1.4045283794403076,3670.08251953125,0.6200235486030579,0.33707329630851746,0.677352249622345,0.1644294559955597,0.18408413231372833,1.573931097984314,0.19131037592887878,0.10547920316457748,0.5159734487533569,0.37423163652420044,0.48463279008865356
main,0.75,4,random,74.75592041015625,74.4004135131836,0.3555082380771637,0.663744330406189,0.4901788830757141,0.08625566959381104,86.25566864013672,0.00017887353897094727,0.17887353897094727,0.00017887353897094727,0.012347067706286907,0.9875656962394714,1,2,3,0.03,800,200,1.4045283794403076,2893.63330078125,0.39818093180656433,0.29998090863227844,0.5713740587234497,0.4452967047691345,0.9865620732307434,1.037041187286377,0.012347067706286907,0.1196269690990448,0.9875656962394714,0.35488593578338623,0.09771861881017685
main,0.75,5,random,63.164878845214844,62.967342376708984,0.19753757119178772,0.6706480383872986,0.4901333451271057,0.07935196161270142,79.35195922851562,0.00013333559036254883,0.13333559036254883,0.00013333559036254883,0.011239462532103062,0.9990857839584351,2,2,4,0.03,800,200,1.4045283794403076,2365.97314453125,0.24742090702056885,0.2867520749568939,0.5335773825645447,0.44968000054359436,0.9990857839584351,1.0358580350875854,0.01195268239825964,0.11972931027412415,0.9909771680831909,0.3505619764328003,0.011239462532103062
main,0.75,6,random,274.66925048828125,274.66925048828125,0.0,0.5842685103416443,0.48987457156181335,0.1657314896583557,165.7314910888672,0.0,0.0,0.0,0.11176427453756332,0.8933416604995728,0,0,0,0.03,800,200,1.4045283794403076,4626.69580078125,0.8933416604995728,0.20569157600402832,0.30197590589523315,0.16905434429645538,0.19729812443256378,2.3845725059509277,0.4615241289138794,0.10306551307439804,0.4355171024799347,0.3555881977081299,0.11176427453756332
main,0.75,7,random,215.24290466308594,215.24290466308594,0.0,0.6032884120941162,0.48938867449760437,0.1467115879058838,146.7115936279297,0.0,0.0,0.0,0.1466653048992157,0.9609097838401794,0,0,0,0.03,800,200,1.4045283794403076,2347.81787109375,0.24223366379737854,0.20022837817668915,0.2863667905330658,0.43631842732429504,0.9609097838401794,1.8810254335403442,0.29367515444755554,0.09709760546684265,0.2365868240594864,0.3573332726955414,0.1466653048992157
main,0.75,8,random,63.983306884765625,63.714195251464844,0.2691109776496887,0.6701788306236267,0.4901556372642517,0.07982116937637329,79.8211669921875,0.00015562772750854492,0.15562772750854492,0.00015562772750854492,0.003561349818482995,0.9993234872817993,2,1,3,0.03,800,200,1.4045283794403076,2411.387939453125,0.2603965699672699,0.19325196743011475,0.2664341926574707,0.4497632086277008,0.9993234872817993,1.0106840133666992,0.003561349818482995,0.11717182397842407,0.9057276844978333,0.3506541848182678,0.013083887286484241
main,0.75,9,random,85.068359375,84.91046142578125,0.15789839625358582,0.6578531265258789,0.49011921882629395,0.0921468734741211,92.1468734741211,0.00011920928955078125,0.11920928955078125,0.00011920928955078125,0.0335797481238842,0.8924745321273804,0,0,0,0.03,800,200,1.4045283794403076,2349.277099609375,0.2426505982875824,0.3401731252670288,0.686208963394165,0.4123660624027252,0.8924745321273804,1.1007392406463623,0.0335797481238842,0.11669015884399414,0.889672040939331,0.3557072877883911,0.11414572596549988
main,0.75,10,random,128.12745666503906,127.85420227050781,0.2732495069503784,0.6369273662567139,0.4901568293571472,0.11307263374328613,113.0726318359375,0.00015681982040405273,0.15681982040405273,0.00015681982040405273,0.03815038129687309,0.8474591970443726,0,0,0,0.03,800,200,1.4045283794403076,4466.107421875,0.8474591970443726,0.23339229822158813,0.381120890378952,0.15379898250102997,0.15371136367321014,1.1144511699676514,0.03815038129687309,0.10617059469223022,0.5390197038650513,0.37316638231277466,0.46332794427871704
main,0.75,11,random,158.73960876464844,158.4640655517578,0.2755391597747803,0.6241174936294556,0.49015748500823975,0.12588250637054443,125.88250732421875,0.00015747547149658203,0.15747547149658203,0.00015747547149658203,0.030032992362976074,0.9271559715270996,0,0,0,0.03,800,200,1.4045283794403076,2369.021484375,0.24829186499118805,0.4245045781135559,0.9271559715270996,0.2843220829963684,0.5266345143318176,1.0900989770889282,0.030032992362976074,0.10532794147729874,0.5109313130378723,0.37124866247177124,0.42497336864471436
main,0.75,12,random,134.1748046875,133.88243103027344,0.29237106442451477,0.6342924237251282,0.4901622235774994,0.11570757627487183,115.70757293701172,0.00016221404075622559,0.16221404075622559,0.00016221404075622559,0.1416017711162567,0.9370676279067993,0,0,0,0.03,800,200,1.4045283794403076,2808.61181640625,0.37388908863067627,0.41718828678131104,0.9062522649765015,0.4279736578464508,0.9370676279067993,1.4248052835464478,0.1416017711162567,0.11292148381471634,0.7640495300292969,0.36435019969940186,0.2870039641857147
main,0.75,13,random,61.267578125,61.081268310546875,0.18631048500537872,0.6718454957008362,0.4901295006275177,0.07815450429916382,78.15450286865234,0.00012949109077453613,0.12949109077453613,0.00012949109077453613,0.002137147355824709,0.9961628913879395,3,1,4,0.03,800,200,1.4045283794403076,2501.265869140625,0.28607597947120667,0.10224156826734543,0.006404470652341843,0.44865700602531433,0.9961628913879395,1.0064114332199097,0.002137147355824709,0.1190653145313263,0.9688438177108765,0.35056695342063904,0.011339262127876282
main,0.75,14,random,120.64689636230469,120.64689636230469,0.0,0.6401606202125549,0.4857245981693268,0.10983937978744507,109.8393783569336,0.0,0.0,0.0,0.03588930517435074,0.8416902422904968,0,0,0,0.03,800,200,1.4045283794403076,1734.765625,0.06707588583230972,0.2833402752876282,0.5238294005393982,0.3945915699005127,0.8416902422904968,1.1076679229736328,0.03588930517435074,0.10748191177845001,0.5827303528785706,0.35414519906044006,0.08290410041809082
main,0.75,15,random,63.2966194152832,63.13800811767578,0.15860974788665771,0.6705405712127686,0.49011948704719543,0.07945942878723145,79.45942687988281,0.00011947751045227051,0.11947751045227051,0.00011947751045227051,0.00898098386824131,0.9939834475517273,2,2,4,0.03,800,200,1.4045283794403076,2341.248046875,0.24035657942295074,0.28647947311401367,0.5327985286712646,0.4478941857814789,0.9939834475517273,1.0289496183395386,0.00964988861232996,0.11960160732269287,0.9867203235626221,0.3504490554332733,0.00898098386824131
main,0.75,16,random,116.10670471191406,115.81551361083984,0.291190505027771,0.6423823833465576,0.4901618957519531,0.10761761665344238,107.61761474609375,0.00016188621520996094,0.16188621520996094,0.00016188621520996094,0.1843489557504654,0.9125140905380249,0,0,0,0.03,800,200,1.4045283794403076,3314.52001953125,0.5184342861175537,0.3197294771671295,0.6277984976768494,0.41937991976737976,0.9125140905380249,1.7689416408538818,0.25631389021873474,0.11684548854827881,0.8948497772216797,0.35921743512153625,0.1843489557504654
main,0.75,17,random,419.58062744140625,419.58062744140625,0.0,0.5451633334159851,0.4892705976963043,0.2048366665840149,204.836669921875,0.0,0.0,0.0,0.044347167015075684,0.9747251272201538,0,0,0,0.03,800,200,1.4045283794403076,4911.5380859375,0.9747251272201538,0.2592972218990326,0.45513495802879333,0.11800314486026764,0.051437560468912125,3.1641440391540527,0.7213813662528992,0.09372535347938538,0.12417824566364288,0.35221734642982483,0.044347167015075684
main,0.75,18,random,63.58003616333008,63.28605270385742,0.2939847409725189,0.6704474687576294,0.4901626706123352,0.0795525312423706,79.55252838134766,0.00016266107559204102,0.16266107559204102,0.00016266107559204102,0.008327988907694817,0.9989412426948547,2,1,3,0.03,800,200,1.4045283794403076,2463.328125,0.2752366065979004,0.19651329517364502,0.2757522463798523,0.44962942600250244,0.9989412426948547,1.0327180624008179,0.010906009934842587,0.11794872581958771,0.9316244125366211,0.3504163920879364,0.008327988907694817
main,0.75,19,random,180.21652221679688,180.21652221679688,0.0,0.6157552599906921,0.47388210892677307,0.13424474000930786,134.24473571777344,0.0,0.0,0.0,0.01981235109269619,0.7028530836105347,1,0,1,0.03,800,200,1.4045283794403076,2033.609375,0.15245980024337769,0.2857036590576172,0.5305818915367126,0.3459985852241516,0.7028530836105347,1.1192610263824463,0.03975369408726692,0.10256416350603104,0.4188055098056793,0.3509906232357025,0.01981235109269619
main,0.75,20,random,332.99420166015625,332.9013671875,0.09282933175563812,0.567544162273407,0.4900914132595062,0.18245583772659302,182.45584106445312,9.140372276306152e-05,0.09140372276306152,9.140372276306152e-05,0.13785696029663086,0.966229259967804,0,0,0,0.03,800,200,1.4045283794403076,2271.13232421875,0.22032351791858673,0.3143410086631775,0.6124029159545898,0.21961116790771484,0.3417462110519409,3.8986878395080566,0.966229259967804,0.09986996650695801,0.3289988338947296,0.356892853975296,0.13785696029663086
main,0.75,21,random,128.29977416992188,128.09735107421875,0.20242415368556976,0.6368198990821838,0.49013498425483704,0.11318010091781616,113.18009948730469,0.00013497471809387207,0.13497471809387207,0.00013497471809387207,0.06923569738864899,0.7236933708190918,0,0,0,0.03,800,200,1.4045283794403076,3343.80859375,0.5268024206161499,0.24925649166107178,0.42644715309143066,0.35329267382621765,0.7236933708190918,1.2077070474624634,0.06923569738864899,0.10563894361257553,0.5212980508804321,0.36976370215415955,0.3952738344669342
main,0.75,22,random,153.9714813232422,153.6248016357422,0.3466790020465851,0.6260545253753662,0.49017664790153503,0.12394547462463379,123.94547271728516,0.00017663836479187012,0.17663836479187012,0.00017663836479187012,0.23481129109859467,0.8592542409896851,0,0,0,0.03,800,200,1.4045283794403076,2563.953369140625,0.30398666858673096,0.39697226881980896,0.8484922647476196,0.40073898434638977,0.8592542409896851,1.7044339179992676,0.23481129109859467,0.10763175040483475,0.587725043296814,0.36904895305633545,0.3809792995452881
main,0.75,23,random,365.2516174316406,365.1453857421875,0.10623561590909958,0.5589122176170349,0.4900977909564972,0.1910877823829651,191.08778381347656,9.778141975402832e-05,0.09778141975402832,9.778141975402832e-05,0.030529258772730827,0.9219440817832947,0,0,0,0.03,800,200,1.4045283794403076,1626.991943359375,0.03628341108560562,0.2853059470653534,0.5294455885887146,0.40542200207710266,0.8726342916488647,3.7658321857452393,0.9219440817832947,0.09652800112962723,0.21759988367557526,0.3515264689922333,0.030529258772730827
main,0.75,24,random,60.56856155395508,60.385154724121094,0.18340608477592468,0.6722921133041382,0.4901284873485565,0.07770788669586182,77.7078857421875,0.0001284778118133545,0.1284778118133545,0.0001284778118133545,0.0012878536945208907,0.998113751411438,3,2,5,0.03,800,200,1.4045283794403076,2534.451171875,0.2955574691295624,0.10133808106184006,0.0038230870850384235,0.4493398070335388,0.998113751411438,1.0038635730743408,0.0012878536945208907,0.11957166343927383,0.9857221841812134,0.3504621684551239,0.00924344826489687
main,0.75,25,random,127.6889419555664,127.56175231933594,0.12718813121318817,0.6370567679405212,0.490106999874115,0.11294323205947876,112.94322967529297,0.00010699033737182617,0.10699033737182617,0.00010699033737182617,0.19245660305023193,0.729790210723877,0,0,0,0.03,800,200,1.4045283794403076,2528.4052734375,0.2938300371170044,0.30111759901046753,0.5746216773986816,0.2684023678302765,0.4811495840549469,1.5773698091506958,0.19245660305023193,0.11189370602369308,0.729790210723877,0.36048728227615356,0.20974557101726532
main,0.75,26,random,126.04296112060547,125.84445190429688,0.19851011037826538,0.6378195881843567,0.490133672952652,0.11218041181564331,112.18041229248047,0.00013366341590881348,0.13366341590881348,0.00013366341590881348,0.11887776106595993,0.96705162525177,0,0,0,0.03,800,200,1.4045283794403076,2856.594482421875,0.3875984251499176,0.3783029019832611,0.7951511740684509,0.4384680688381195,0.96705162525177,1.3566333055496216,0.11887776106595993,0.1128583699464798,0.7619458436965942,0.36345046758651733,0.269009530544281
main,0.75,27,random,105.79676818847656,105.5578842163086,0.23888447880744934,0.6472586393356323,0.4901466369628906,0.10274136066436768,102.74136352539062,0.00014662742614746094,0.14662742614746094,0.00014662742614746094,0.15694640576839447,0.9020243287086487,0,0,0,0.03,800,200,1.4045283794403076,2779.11962890625,0.3654627501964569,0.29569482803344727,0.5591280460357666,0.4157085120677948,0.9020243287086487,1.470839262008667,0.15694640576839447,0.11355867981910706,0.7852895259857178,0.36068397760391235,0.21367941796779633
main,0.75,28,random,90.05606842041016,89.8861083984375,0.1699628233909607,0.6551917195320129,0.4901236891746521,0.09480828046798706,94.80828094482422,0.00012367963790893555,0.12367963790893555,0.00012367963790893555,0.13676345348358154,0.9806122183799744,0,1,1,0.03,800,200,1.4045283794403076,2826.8076171875,0.379087895154953,0.3117864429950714,0.6051040887832642,0.4432142674922943,0.9806122183799744,1.507490873336792,0.16916364431381226,0.11791442334651947,0.9304807782173157,0.3568381667137146,0.13676345348358154
main,0.75,29,random,70.80519104003906,70.44588470458984,0.35930919647216797,0.6660679578781128,0.4901798367500305,0.08393204212188721,83.93204498291016,0.00017982721328735352,0.17982721328735352,0.00017982721328735352,0.008006046526134014,0.9931154847145081,1,1,2,0.03,800,200,1.4045283794403076,2394.39306640625,0.2555409073829651,0.29369232058525085,0.5534065961837769,0.4475904107093811,0.9931154847145081,1.0240181684494019,0.008006046526134014,0.1177845299243927,0.9261510968208313,0.35339635610580444,0.06792692840099335
main,0.75,30,random,87.15471649169922,87.10850524902344,0.04621385782957077,0.6566680669784546,0.49006450176239014,0.09333193302154541,93.3319320678711,6.449222564697266e-05,0.06449222564697266,6.449222564697266e-05,0.0014523648424074054,0.9944007992744446,1,1,2,0.03,800,200,1.4045283794403076,3252.72607421875,0.5007789134979248,0.2731296718120575,0.4946562349796295,0.12281408905982971,0.06518310308456421,1.004357099533081,0.0014523648424074054,0.11983202397823334,0.9944007992744446,0.3542497456073761,0.08499491214752197
main,0.75,31,random,87.65685272216797,87.6194839477539,0.03737174719572067,0.6563947200775146,0.4900580048561096,0.09360527992248535,93.60527801513672,5.799531936645508e-05,0.05799531936645508,5.799531936645508e-05,0.00835964735597372,0.9922531247138977,1,1,2,0.03,800,200,1.4045283794403076,3289.2470703125,0.511213481426239,0.2734643220901489,0.49561235308647156,0.12607452273368835,0.07449864596128464,1.0250788927078247,0.00835964735597372,0.11976759135723114,0.9922531247138977,0.3544729948043823,0.08945976942777634
main,0.75,32,random,92.69361877441406,92.62156677246094,0.07204907387495041,0.6537598967552185,0.4900805354118347,0.0962401032447815,96.24010467529297,8.052587509155273e-05,0.08052587509155273,8.052587509155273e-05,0.009563413448631763,0.9195563793182373,1,0,1,0.03,800,200,1.4045283794403076,3282.868896484375,0.5093911290168762,0.2732706069946289,0.4950588643550873,0.1387646645307541,0.11075618863105774,1.028690218925476,0.009563413448631763,0.11758668720722198,0.9195563793182373,0.356713205575943,0.13426442444324493
main,0.75,33,random,180.3677215576172,180.09747314453125,0.2702459394931793,0.615799605846405,0.490155965089798,0.13420039415359497,134.2003936767578,0.00015595555305480957,0.15595555305480957,0.00015595555305480957,0.2643793821334839,0.9495603442192078,0,0,0,0.03,800,200,1.4045283794403076,2881.01611328125,0.39457598328590393,0.4323461055755615,0.9495603442192078,0.40996071696281433,0.8856020569801331,1.7931381464004517,0.2643793821334839,0.10211898386478424,0.4039662182331085,0.3775159418582916,0.5503190755844116
main,0.75,34,random,93.18169403076172,92.78376770019531,0.3979286253452301,0.6536756753921509,0.49018925428390503,0.09632432460784912,96.32432556152344,0.00018924474716186523,0.18924474716186523,0.00018924474716186523,0.08945073932409286,0.9821884036064148,0,1,1,0.03,800,200,1.4045283794403076,2736.53173828125,0.3532947301864624,0.27732545137405396,0.5066441297531128,0.44376593828201294,0.9821884036064148,1.2683522701263428,0.08945073932409286,0.11413782835006714,0.8045942783355713,0.359247624874115,0.18495266139507294
main,0.75,35,random,102.31909942626953,101.98413848876953,0.33496442437171936,0.6490128040313721,0.4901736378669739,0.10098719596862793,100.98719787597656,0.0001736283302307129,0.1736283302307129,0.0001736283302307129,0.004307589493691921,0.9913139939308167,1,1,2,0.03,800,200,1.4045283794403076,2322.924560546875,0.23512127995491028,0.20295146107673645,0.2941470444202423,0.44695988297462463,0.9913139939308167,1.012922763824463,0.004307589493691921,0.1061769500374794,0.5392315983772278,0.36283913254737854,0.2567826211452484
main,0.75,36,random,127.26541900634766,127.06138610839844,0.20403635501861572,0.6372784972190857,0.49013552069664,0.1127215027809143,112.72150421142578,0.00013551115989685059,0.13551115989685059,0.00013551115989685059,0.18418586254119873,0.7687135338783264,0,0,0,0.03,800,200,1.4045283794403076,4190.4970703125,0.7687135338783264,0.25898849964141846,0.45425286889076233,0.2715132534503937,0.49003785848617554,1.5525575876235962,0.18418586254119873,0.11200886219739914,0.7336287498474121,0.36536532640457153,0.30730685591697693
main,0.75,37,random,143.40216064453125,143.17977905273438,0.22238025069236755,0.6303422451019287,0.49014148116111755,0.11965775489807129,119.65775299072266,0.00014147162437438965,0.14147162437438965,0.00014147162437438965,0.012126988731324673,0.7930942177772522,1,0,1,0.03,800,200,1.4045283794403076,2603.162109375,0.3151891827583313,0.37758296728134155,0.7930942177772522,0.20196032524108887,0.2913152277469635,1.0363810062408447,0.012126988731324673,0.10757559537887573,0.5858532190322876,0.3688316345214844,0.37663277983665466
main,0.75,38,random,186.9669189453125,186.78427124023438,0.18264110386371613,0.6133309602737427,0.49012821912765503,0.13666903972625732,136.66903686523438,0.00012820959091186523,0.12820959091186523,0.00012820959091186523,0.0218167956918478,0.6880675554275513,0,0,0,0.03,800,200,1.4045283794403076,1576.3587646484375,0.0218167956918478,0.3408236503601074,0.6880675554275513,0.2522578835487366,0.4350225627422333,1.6189208030700684,0.20630693435668945,0.09914524108171463,0.30484136939048767,0.36953163146972656,0.3906325101852417
main,0.75,39,random,190.20960998535156,190.06431579589844,0.14529186487197876,0.61213618516922,0.49011436104774475,0.13786381483078003,137.8638153076172,0.00011435151100158691,0.11435151100158691,0.00011435151100158691,0.24537035822868347,0.867624819278717,0,0,0,0.03,800,200,1.4045283794403076,4536.6865234375,0.867624819278717,0.2990475594997406,0.568707287311554,0.18587961792945862,0.24537035822868347,1.9684882164001465,0.3228294253349304,0.10591542720794678,0.5305142998695374,0.36979353427886963,0.3958708941936493
main,0.75,40,random,135.99868774414062,135.7340850830078,0.264595091342926,0.633495032787323,0.49015432596206665,0.116504967212677,116.50496673583984,0.00015431642532348633,0.15431642532348633,0.00015431642532348633,0.24453112483024597,0.8865718245506287,0,0,0,0.03,800,200,1.4045283794403076,2457.111328125,0.27346035838127136,0.4103001356124878,0.8865718245506287,0.3580581247806549,0.7373089790344238,1.7335933446884155,0.24453112483024597,0.11293894797563553,0.7646315693855286,0.36439183354377747,0.2878369688987732
main,0.75,41,random,372.775146484375,372.7220764160156,0.05307123810052872,0.5569398999214172,0.49006912112236023,0.19306010007858276,193.0601043701172,6.911158561706543e-05,0.06911158561706543,6.911158561706543e-05,0.039050664752721786,0.9498723745346069,0,0,0,0.03,800,200,1.4045283794403076,1687.949462890625,0.05369984358549118,0.2857349216938019,0.530671238899231,0.29419952630996704,0.5548557639122009,3.8496170043945312,0.9498723745346069,0.09711164236068726,0.23705464601516724,0.35195252299308777,0.039050664752721786
main,0.75,42,random,132.27584838867188,132.02557373046875,0.2502817213535309,0.6350976228713989,0.4901500940322876,0.11490237712860107,114.90237426757812,0.0001500844955444336,0.1500844955444336,0.0001500844955444336,0.23233619332313538,0.7866194844245911,0,0,0,0.03,800,200,1.4045283794403076,2881.456787109375,0.39470192790031433,0.3108590841293335,0.6024545431137085,0.3753167986869812,0.7866194844245911,1.6970086097717285,0.23233619332313538,0.1103673130273819,0.6789104342460632,0.3647851347923279,0.29570257663726807
main,0.75,43,random,87.84867095947266,87.79655456542969,0.05211440101265907,0.6563001871109009,0.4900684952735901,0.09369981288909912,93.69981384277344,6.848573684692383e-05,0.06848573684692383,6.848573684692383e-05,0.003098998684436083,0.9855104684829712,1,1,2,0.03,800,200,1.4045283794403076,3275.9990234375,0.5074282884597778,0.273989737033844,0.49711352586746216,0.1269894242286682,0.07711265981197357,1.0092970132827759,0.003098998684436083,0.11956530809402466,0.9855104684829712,0.35466814041137695,0.09336310625076294
main,0.75,44,random,61.66060256958008,61.47291564941406,0.18768513202667236,0.6715953350067139,0.4901299774646759,0.07840466499328613,78.4046630859375,0.00012996792793273926,0.12996792793273926,0.00012996792793273926,0.0007362355245277286,0.9958038926124573,3,1,4,0.03,800,200,1.4045283794403076,2501.072998046875,0.28602084517478943,0.10390140116214752,0.01114686205983162,0.4485313594341278,0.9958038926124573,1.0022087097167969,0.0007362355245277286,0.11891020834445953,0.9636738300323486,0.35073283314704895,0.014656533487141132
main,0.75,45,random,74.53633880615234,74.36175537109375,0.17458069324493408,0.6637667417526245,0.4901253581047058,0.08623325824737549,86.23326110839844,0.00012534856796264648,0.12534856796264648,0.00012534856796264648,0.0545162558555603,0.9532480835914612,0,0,0,0.03,800,200,1.4045283794403076,2453.7080078125,0.2724880278110504,0.30693888664245605,0.591253936290741,0.4308965504169464,0.9454187750816345,1.1635487079620361,0.0545162558555603,0.11859744042158127,0.9532480835914612,0.3533206582069397,0.06641298532485962
main,0.75,46,random,273.6734619140625,273.6734619140625,0.0,0.5845692157745361,0.4883647859096527,0.16543078422546387,165.4307861328125,0.0,0.0,0.0,0.11307232826948166,0.7911835312843323,0,0,0,0.03,800,200,1.4045283794403076,4269.142578125,0.7911835312843323,0.22709587216377258,0.363131046295166,0.28594735264778137,0.5312781929969788,2.3857321739196777,0.4619107246398926,0.10128418356180191,0.37613949179649353,0.3556536138057709,0.11307232826948166
main,0.75,47,random,63.9055290222168,63.714385986328125,0.19114390015602112,0.6701787114143372,0.4901311695575714,0.07982128858566284,79.8212890625,0.00013116002082824707,0.13116002082824707,0.00013116002082824707,0.014652379788458347,0.9960373640060425,2,2,4,0.03,800,200,1.4045283794403076,2377.298583984375,0.25065675377845764,0.2862946093082428,0.5322703123092651,0.44861307740211487,0.9960373640060425,1.0439571142196655,0.014652379788458347,0.11958853155374527,0.9862844944000244,0.35078153014183044,0.015630928799510002
main,0.75,48,random,227.600830078125,227.5016632080078,0.0991690531373024,0.5991684198379517,0.49009448289871216,0.15083158016204834,150.83157348632812,9.447336196899414e-05,0.09447336196899414,9.447336196899414e-05,0.22130316495895386,0.6963666081428528,0,0,0,0.03,800,200,1.4045283794403076,3937.283203125,0.6963666081428528,0.1774561107158661,0.22130316495895386,0.24589943885803223,0.4168555736541748,2.0199198722839355,0.3399732708930969,0.10027187317609787,0.34239572286605835,0.3639101982116699,0.27820420265197754
main,0.75,49,random,143.45700073242188,143.1889190673828,0.26808130741119385,0.6303384304046631,0.49015533924102783,0.11966156959533691,119.66156768798828,0.00015532970428466797,0.15532970428466797,0.00015532970428466797,0.26669618487358093,0.9873437881469727,0,1,1,0.03,800,200,1.4045283794403076,3048.4365234375,0.4424104392528534,0.3855902850627899,0.8159722685813904,0.44557031989097595,0.9873437881469727,1.8000885248184204,0.26669618487358093,0.11083520948886871,0.6945071220397949,0.36631298065185547,0.3262594938278198
main,0.75,50,random,138.93536376953125,138.72979736328125,0.20556491613388062,0.6322163939476013,0.4901360273361206,0.11778360605239868,117.78360748291016,0.0001360177993774414,0.1360177993774414,0.0001360177993774414,0.23349334299564362,0.6982042193412781,0,0,0,0.03,800,200,1.4045283794403076,2342.6943359375,0.24076980352401733,0.30865392088890076,0.5961540937423706,0.3443714678287506,0.6982042193412781,1.7102088928222656,0.23673628270626068,0.1094517707824707,0.6483924984931946,0.3616746664047241,0.23349334299564362
main,0.75,51,random,108.13978576660156,107.92030334472656,0.21948523819446564,0.6461153030395508,0.49014055728912354,0.10388469696044922,103.88469696044922,0.0001405477523803711,0.1405477523803711,0.0001405477523803711,0.05152754858136177,0.8914992809295654,0,0,0,0.03,800,200,1.4045283794403076,4529.5654296875,0.8655900359153748,0.28649017214775085,0.5328290462493896,0.32091382145881653,0.6311823725700378,1.1545826196670532,0.05152754858136177,0.1167449802160263,0.8914992809295654,0.3624531924724579,0.2490639090538025
main,0.75,52,random,154.70889282226562,154.25564575195312,0.4532446563243866,0.6258003115653992,0.4902019798755646,0.12419968843460083,124.19969177246094,0.00020197033882141113,0.20197033882141113,0.00020197033882141113,0.2064892053604126,0.8697302341461182,0,0,0,0.03,800,200,1.4045283794403076,4452.3359375,0.8435245752334595,0.4044055640697479,0.8697302341461182,0.2801916003227234,0.5148331522941589,1.6194676160812378,0.2064892053604126,0.11347291618585587,0.7824305891990662,0.36863118410110474,0.3726237714290619
main,0.75,53,random,194.52745056152344,194.3125,0.21494793891906738,0.6106039881706238,0.49013909697532654,0.13939601182937622,139.39601135253906,0.00013908743858337402,0.13908743858337402,0.00013908743858337402,0.16597460210323334,0.7371448278427124,0,0,0,0.03,800,200,1.4045283794403076,2080.9111328125,0.16597460210323334,0.35800066590309143,0.7371448278427124,0.34958335757255554,0.7130953073501587,1.7782483100891113,0.2594161033630371,0.09684430807828903,0.22814351320266724,0.37714263796806335,0.5428528785705566
main,0.75,54,random,128.197021484375,127.8431625366211,0.35385170578956604,0.6369322538375854,0.4901784658432007,0.11306774616241455,113.0677490234375,0.00017845630645751953,0.17845630645751953,0.00017845630645751953,0.18482327461242676,0.7146636843681335,0,0,0,0.03,800,200,1.4045283794403076,2612.06494140625,0.31773287057876587,0.27233269810676575,0.4923791289329529,0.29217663407325745,0.5490760803222656,1.6565196514129639,0.2188398838043213,0.11143991351127625,0.7146636843681335,0.35924115777015686,0.18482327461242676
main,0.75,55,random,84.15177154541016,83.9299545288086,0.22181843221187592,0.6583867073059082,0.4901413023471832,0.0916132926940918,91.61329650878906,0.00014129281044006348,0.14129281044006348,0.00014129281044006348,0.04366757720708847,0.9956562519073486,0,1,1,0.03,800,200,1.4045283794403076,2790.65966796875,0.3687599003314972,0.21449415385723114,0.327126145362854,0.44847968220710754,0.9956562519073486,1.5484250783920288,0.18280836939811707,0.11747768521308899,0.9159227609634399,0.35218337178230286,0.04366757720708847
main,0.75,56,random,143.40696716308594,143.40696716308594,0.0,0.6302473545074463,0.48830515146255493,0.11975264549255371,119.75264739990234,0.0,0.0,0.0,0.07843024283647537,0.7948938012123108,0,0,0,0.03,800,200,1.4045283794403076,1774.505859375,0.07843024283647537,0.2922961711883545,0.5494176149368286,0.3782128095626831,0.7948938012123108,1.444655179977417,0.14821837842464447,0.10653514415025711,0.5511714816093445,0.35750389099121094,0.1500777155160904
main,0.75,57,random,190.76612854003906,190.46998596191406,0.29614320397377014,0.6119891405105591,0.49016326665878296,0.13801085948944092,138.0108642578125,0.00016325712203979492,0.16325712203979492,0.00016325712203979492,0.2329254299402237,0.8284814357757568,0,0,0,0.03,800,200,1.4045283794403076,2526.775390625,0.29336437582969666,0.38996848464012146,0.8284814357757568,0.37148869037628174,0.7756819725036621,1.6987762451171875,0.2329254299402237,0.09713227301836014,0.23774246871471405,0.37977805733680725,0.5955612659454346
main,0.75,58,random,178.9094696044922,178.6665802001953,0.24288246035575867,0.6163337826728821,0.4901478588581085,0.13366621732711792,133.6662139892578,0.00014784932136535645,0.14784932136535645,0.00014784932136535645,0.14605766534805298,0.8562742471694946,0,0,0,0.03,800,200,1.4045283794403076,2011.201904296875,0.14605766534805298,0.3188590109348297,0.6253114342689514,0.3996959626674652,0.8562742471694946,1.6445462703704834,0.21484875679016113,0.0985913947224617,0.28637975454330444,0.3724132776260376,0.44826552271842957
main,0.75,59,random,87.40833282470703,87.35667419433594,0.05166183039546013,0.6565352082252502,0.4900681972503662,0.09346479177474976,93.46479034423828,6.818771362304688e-05,0.06818771362304688,6.818771362304688e-05,0.0027769713196903467,0.991803765296936,1,1,2,0.03,800,200,1.4045283794403076,3272.34521484375,0.5063843727111816,0.27366289496421814,0.4961796700954437,0.12500832974910736,0.07145237922668457,1.0083309412002563,0.0027769713196903467,0.11975410580635071,0.991803765296936,0.3544476628303528,0.08895336836576462
main,0.75,60,random,210.57383728027344,210.57383728027344,0.0,0.604888379573822,0.4893993139266968,0.14511162042617798,145.1116180419922,0.0,0.0,0.0,0.05046922713518143,0.6465601921081543,0,0,0,0.03,800,200,1.4045283794403076,2528.0556640625,0.2937301695346832,0.3081786036491394,0.5947960019111633,0.2842128574848175,0.5263224244117737,1.8233929872512817,0.27446433901786804,0.09151408076286316,0.05046922713518143,0.38232800364494324,0.6465601921081543
main,0.75,61,random,71.61293029785156,71.32044982910156,0.2924784719944,0.66554856300354,0.4901622533798218,0.08445143699645996,84.4514389038086,0.00016224384307861328,0.16224384307861328,0.00016224384307861328,0.030505476519465446,0.989969789981842,0,1,1,0.03,800,200,1.4045283794403076,2704.394287109375,0.34411266446113586,0.19266022741794586,0.26474350690841675,0.4464894235134125,0.989969789981842,1.3533834218978882,0.117794468998909,0.11881572008132935,0.9605240225791931,0.35152527689933777,0.030505476519465446
main,0.75,62,random,135.99607849121094,135.80213928222656,0.1939336359500885,0.6334658265113831,0.4901321232318878,0.11653417348861694,116.53417205810547,0.00013211369514465332,0.13211369514465332,0.00013211369514465332,0.14816716313362122,0.982864499092102,0,1,1,0.03,800,200,1.4045283794403076,4940.025390625,0.982864499092102,0.3019692301750183,0.5770549774169922,0.4254923164844513,0.92997807264328,1.444501519203186,0.14816716313362122,0.11050555109977722,0.6835184097290039,0.37013474106788635,0.4026947319507599
main,0.75,63,random,103.52408599853516,103.13078308105469,0.3933047950267792,0.6484466791152954,0.4901881515979767,0.10155332088470459,101.5533218383789,0.0001881420612335205,0.1881420612335205,0.0001881420612335205,0.002354065887629986,0.9402450919151306,1,0,1,0.03,800,200,1.4045283794403076,2980.58935546875,0.423025518655777,0.14496265351772308,0.1284647136926651,0.42908576130867004,0.9402450919151306,1.0070621967315674,0.002354065887629986,0.11017514765262604,0.6725050806999207,0.3668486475944519,0.33697280287742615
main,0.75,64,random,361.7641296386719,361.6995544433594,0.06457416713237762,0.5598160028457642,0.4900762438774109,0.19018399715423584,190.18399047851562,7.623434066772461e-05,0.07623434066772461,7.623434066772461e-05,0.023447677493095398,0.9712753295898438,0,0,0,0.03,800,200,1.4045283794403076,1882.3629150390625,0.10924654453992844,0.29635751247406006,0.5610214471817017,0.2892233729362488,0.5406382083892822,3.9138259887695312,0.9712753295898438,0.09960781037807465,0.32026025652885437,0.35117238759994507,0.023447677493095398
main,0.75,65,random,63.28441619873047,63.11811828613281,0.16629686951637268,0.6705530881881714,0.49012234807014465,0.07944691181182861,79.44691467285156,0.00012233853340148926,0.12233853340148926,0.00012233853340148926,0.0003541858750395477,0.9968763589859009,2,2,4,0.03,800,200,1.4045283794403076,2333.335693359375,0.23809589445590973,0.29252496361732483,0.5500712990760803,0.44890671968460083,0.9968763589859009,1.0010625123977661,0.0003541858750395477,0.11955665796995163,0.9852220416069031,0.3508533537387848,0.017066925764083862
main,0.75,66,random,84.91880798339844,84.6424331665039,0.27637413144111633,0.6579986810684204,0.49015772342681885,0.09200131893157959,92.0013198852539,0.0001577138900756836,0.1577138900756836,0.0001577138900756836,0.10207966715097427,0.9815861582756042,0,1,1,0.03,800,200,1.4045283794403076,3080.3515625,0.45152896642684937,0.15074209868907928,0.1449774205684662,0.44355514645576477,0.9815861582756042,1.3062390089035034,0.10207966715097427,0.1184268444776535,0.9475614428520203,0.35649725794792175,0.12994548678398132
main,0.75,67,random,62.261077880859375,62.09575271606445,0.16532601416110992,0.6711991429328918,0.490121990442276,0.07880085706710815,78.80085754394531,0.00012198090553283691,0.12198090553283691,0.00012198090553283691,0.001662933616898954,0.9975213408470154,2,2,4,0.03,800,200,1.4045283794403076,2338.308349609375,0.23951667547225952,0.2865425646305084,0.5329787731170654,0.4491324722766876,0.9975213408470154,1.0296530723571777,0.009884352795779705,0.11990034580230713,0.9966782331466675,0.3500831425189972,0.001662933616898954
main,0.75,68,random,116.207763671875,116.0251235961914,0.18264110386371613,0.6422850489616394,0.49012821912765503,0.1077149510383606,107.71495056152344,0.00012820959091186523,0.12820959091186523,0.00012820959091186523,0.09734979271888733,0.9512505531311035,0,0,0,0.03,800,200,1.4045283794403076,3286.47021484375,0.510420024394989,0.35226213932037354,0.720749020576477,0.14670228958129883,0.13343510031700134,1.2920494079589844,0.09734979271888733,0.11853751540184021,0.9512505531311035,0.36024603247642517,0.20492048561573029
main,0.75,69,random,63.719505310058594,63.45857620239258,0.2609286904335022,0.6703391075134277,0.4901532530784607,0.07966089248657227,79.660888671875,0.0001532435417175293,0.1532435417175293,0.0001532435417175293,0.0007374612614512444,0.9965924620628357,2,1,3,0.03,800,200,1.4045283794403076,2385.064208984375,0.25287550687789917,0.19152677059173584,0.26150503754615784,0.44880735874176025,0.9965924620628357,1.002212405204773,0.0007374612614512444,0.1169639527797699,0.898798406124115,0.35052168369293213,0.010434062220156193
main,0.75,70,random,132.7438201904297,132.4840087890625,0.259813517332077,0.63489830493927,0.49015292525291443,0.11510169506072998,115.10169219970703,0.00015291571617126465,0.15291571617126465,0.00015291571617126465,0.07856626063585281,0.5588683485984802,0,0,0,0.03,800,200,1.4045283794403076,3364.66015625,0.5327600240707397,0.2930271625518799,0.5515061616897583,0.2679605484008789,0.4798872768878937,1.2356988191604614,0.07856626063585281,0.10676605254411697,0.5588683485984802,0.36974912881851196,0.39498263597488403
main,0.75,71,random,88.0802993774414,87.99951934814453,0.08077806234359741,0.6561919450759888,0.49008527398109436,0.09380805492401123,93.80805206298828,8.526444435119629e-05,0.08526444435119629,8.526444435119629e-05,0.01691882312297821,0.992630124092102,1,1,2,0.03,800,200,1.4045283794403076,3305.02880859375,0.5157225131988525,0.2736644148826599,0.49618402123451233,0.12784673273563385,0.07956207543611526,1.0507564544677734,0.01691882312297821,0.11977890133857727,0.992630124092102,0.3545439541339874,0.09087945520877838
main,0.75,72,random,98.32606506347656,98.17052459716797,0.15553879737854004,0.6509189605712891,0.4901183247566223,0.09908103942871094,99.08103942871094,0.00011831521987915039,0.11831521987915039,0.00011831521987915039,0.02516299858689308,0.8558789491653442,0,0,0,0.03,800,200,1.4045283794403076,3337.510498046875,0.5250030159950256,0.2695319652557373,0.48437702655792236,0.1501660943031311,0.14333167672157288,1.0754890441894531,0.02516299858689308,0.11567636579275131,0.8558789491653442,0.35890528559684753,0.1781059205532074
main,0.75,73,random,185.20677185058594,184.9503936767578,0.25638166069984436,0.6140035390853882,0.49015191197395325,0.13599646091461182,135.9964599609375,0.000151902437210083,0.151902437210083,0.000151902437210083,0.06414735317230225,0.8078997135162354,0,0,0,0.03,800,200,1.4045283794403076,2353.684326171875,0.2439098209142685,0.38276487588882446,0.8078997135162354,0.31903350353240967,0.6258100271224976,1.1924420595169067,0.06414735317230225,0.09595806896686554,0.19860222935676575,0.37937337160110474,0.5874676704406738
main,0.75,74,random,191.56289672851562,191.28390502929688,0.27899155020713806,0.6116945743560791,0.49015846848487854,0.1383054256439209,138.305419921875,0.00015845894813537598,0.15845894813537598,0.00015845894813537598,0.20766788721084595,0.8089062571525574,0,0,0,0.03,800,200,1.4045283794403076,2258.3125,0.21666069328784943,0.35790836811065674,0.7368810772895813,0.3831171691417694,0.8089062571525574,1.6856344938278198,0.22854483127593994,0.09623003751039505,0.20766788721084595,0.3784855902194977,0.5697120428085327
main,0.75,75,random,64.89556121826172,64.56961822509766,0.325941801071167,0.6696447730064392,0.49017128348350525,0.08035522699356079,80.355224609375,0.00017127394676208496,0.17127394676208496,0.00017127394676208496,0.007653445936739445,0.9991973042488098,2,1,3,0.03,800,200,1.4045283794403076,2397.4296875,0.2564084529876709,0.22299817204475403,0.35142332315444946,0.44971904158592224,0.9991973042488098,1.0229603052139282,0.007653445936739445,0.11829633265733719,0.9432111978530884,0.35040998458862305,0.00820000097155571
main,0.75,76,random,222.02098083496094,222.02098083496094,0.0,0.6009963154792786,0.48986345529556274,0.14900368452072144,149.00367736816406,0.0,0.0,0.0,0.027907967567443848,0.9158222079277039,0,0,0,0.03,800,200,1.4045283794403076,2928.08984375,0.40802568197250366,0.33293282985687256,0.6655223369598389,0.4205377697944641,0.9158222079277039,2.075080394744873,0.3583601117134094,0.09083724021911621,0.027907967567443848,0.38394895195961,0.6789788007736206
main,0.75,77,random,171.84571838378906,171.6693115234375,0.17641182243824005,0.6189773678779602,0.49012601375579834,0.1310226321220398,131.0226287841797,0.00012600421905517578,0.12600421905517578,0.00012600421905517578,0.028617940843105316,0.8256407976150513,0,0,0,0.03,800,200,1.4045283794403076,3044.80908203125,0.4413739740848541,0.15355771780014038,0.15302205085754395,0.38897427916526794,0.8256407976150513,1.2094392776489258,0.0698130875825882,0.09085854142904282,0.028617940843105316,0.3847777247428894,0.6955541372299194
main,0.75,78,random,214.02806091308594,214.02806091308594,0.0,0.6037030220031738,0.48664185404777527,0.14629697799682617,146.29698181152344,0.0,0.0,0.0,0.269427090883255,0.9182592630386353,0,0,0,0.03,800,200,1.4045283794403076,4713.9072265625,0.9182592630386353,0.319046288728714,0.6258465647697449,0.32039210200309753,0.6296917200088501,2.23768949508667,0.41256311535835266,0.1073443591594696,0.578145444393158,0.3634713590145111,0.269427090883255
main,0.75,79,random,64.2936019897461,63.92951583862305,0.3640887439250946,0.6700440645217896,0.490181028842926,0.07995593547821045,79.9559326171875,0.00018101930618286133,0.18101930618286133,0.00018101930618286133,0.0010890159755945206,0.9967441558837891,2,1,3,0.03,800,200,1.4045283794403076,2393.957763671875,0.25541648268699646,0.22304034233093262,0.3515438437461853,0.44886043667793274,0.9967441558837891,1.0032670497894287,0.0010890159755945206,0.11846761405467987,0.948920488357544,0.35030317306518555,0.006063281092792749
main,0.75,80,random,61.7108154296875,61.570255279541016,0.14055991172790527,0.6715332865715027,0.4901124835014343,0.07846671342849731,78.46671295166016,0.00011247396469116211,0.11247396469116211,0.00011247396469116211,0.001199343940243125,0.9995337724685669,2,2,4,0.03,800,200,1.4045283794403076,2338.55029296875,0.23958580195903778,0.28855785727500916,0.5387367010116577,0.44910523295402527,0.9974435567855835,1.0035979747772217,0.001199343940243125,0.11998601257801056,0.9995337724685669,0.3501737117767334,0.003474452532827854
main,0.75,81,random,88.33704376220703,88.26653289794922,0.07051079720258713,0.6560497283935547,0.4900796711444855,0.09395027160644531,93.95027160644531,7.966160774230957e-05,0.07966160774230957,7.966160774230957e-05,0.017113879323005676,0.9888302683830261,1,1,2,0.03,800,200,1.4045283794403076,3317.39794921875,0.5192565321922302,0.27324724197387695,0.49499213695526123,0.12893609702587128,0.08267456293106079,1.0513416528701782,0.017113879323005676,0.11966490745544434,0.9888302683830261,0.354711651802063,0.09423328936100006
main,0.75,82,random,230.96441650390625,230.96412658691406,0.0002885691646952182,0.5980249643325806,0.49000510573387146,0.15197503566741943,151.97503662109375,5.0961971282958984e-06,0.0050961971282958984,5.0961971282958984e-06,0.11141445487737656,0.9111053347587585,0,0,0,0.03,800,200,1.4045283794403076,4097.4521484375,0.7421292662620544,0.19911065697669983,0.2831732928752899,0.41888687014579773,0.9111053347587585,2.223601818084717,0.40786728262901306,0.10401538759469986,0.46717962622642517,0.3555707037448883,0.11141445487737656
main,0.75,83,random,207.82875061035156,207.73336791992188,0.09538918733596802,0.6058704257011414,0.4900926649570465,0.14412957429885864,144.12957763671875,9.265542030334473e-05,0.09265542030334473,9.265542030334473e-05,0.19297313690185547,0.888790488243103,0,0,0,0.03,800,200,1.4045283794403076,3405.5205078125,0.5444344282150269,0.251277357339859,0.43222102522850037,0.4110766649246216,0.888790488243103,1.96979558467865,0.3232651948928833,0.09578919410705566,0.19297313690185547,0.37414008378982544,0.4828015863895416
main,0.75,84,random,63.82342529296875,63.58551025390625,0.23791435360908508,0.6702594757080078,0.49014633893966675,0.07974052429199219,79.74052429199219,0.00014632940292358398,0.14632940292358398,0.00014632940292358398,0.009272848255932331,0.9963286519050598,2,1,3,0.03,800,200,1.4045283794403076,2494.489990234375,0.284140020608902,0.1977151334285736,0.27918606996536255,0.4487150311470032,0.9963286519050598,1.0383100509643555,0.012770021334290504,0.11823932826519012,0.9413111209869385,0.3504636287689209,0.009272848255932331
main,0.75,85,random,160.43505859375,160.24789428710938,0.18716904520988464,0.6234109401702881,0.4901297986507416,0.12658905982971191,126.58905792236328,0.00012978911399841309,0.12978911399841309,0.00012978911399841309,0.1433783918619156,0.5397419333457947,0,0,0,0.03,800,200,1.4045283794403076,2001.8243408203125,0.1433783918619156,0.2889096736907959,0.5397419333457947,0.1716451644897461,0.20470045506954193,1.5839180946350098,0.19463936984539032,0.10322992503643036,0.44099757075309753,0.36476102471351624,0.29522040486335754
main,0.75,86,random,122.91108703613281,122.65409851074219,0.2569856345653534,0.6392506957054138,0.4901520907878876,0.11074930429458618,110.74930572509766,0.00015208125114440918,0.15208125114440918,0.00015208125114440918,0.20333458483219147,0.8414995670318604,0,0,0,0.03,800,200,1.4045283794403076,3067.24609375,0.44778457283973694,0.3574589192867279,0.7355969548225403,0.3396226465702057,0.684636116027832,1.6100037097930908,0.20333458483219147,0.11524498462677002,0.8414995670318604,0.36240890622138977,0.24817797541618347
main,0.75,87,random,110.93072509765625,110.76773071289062,0.16299153864383698,0.6447537541389465,0.49012112617492676,0.10524624586105347,105.24624633789062,0.00012111663818359375,0.12111663818359375,0.00012111663818359375,0.09128846973180771,0.7825673818588257,0,0,0,0.03,800,200,1.4045283794403076,3906.53125,0.6875803470611572,0.2524753212928772,0.4356437623500824,0.18485362827777863,0.2424389272928238,1.2738654613494873,0.09128846973180771,0.11347702145576477,0.7825673818588257,0.3634251654148102,0.26850321888923645
main,0.75,88,random,175.37506103515625,175.37506103515625,0.0,0.6175707578659058,0.4830893874168396,0.13242924213409424,132.4292449951172,0.0,0.0,0.0,0.07220687717199326,0.9739298820495605,0,0,0,0.03,800,200,1.4045283794403076,4018.450439453125,0.7195572853088379,0.2557598054409027,0.4450279772281647,0.44087544083595276,0.9739298820495605,1.9280569553375244,0.309352308511734,0.11017022281885147,0.6723408699035645,0.3536103367805481,0.07220687717199326
main,0.75,89,random,122.15192413330078,121.91864013671875,0.23328541219234467,0.6395832300186157,0.49014490842819214,0.11041676998138428,110.4167709350586,0.0001448988914489746,0.1448988914489746,0.0001448988914489746,0.1105969175696373,0.9105828404426575,0,0,0,0.03,800,200,1.4045283794403076,3560.3076171875,0.5886593461036682,0.4042205214500427,0.8692014813423157,0.32079192996025085,0.6308341026306152,1.3317906856536865,0.1105969175696373,0.11731748282909393,0.9105828404426575,0.36272644996643066,0.25452932715415955
main,0.75,90,random,63.66672897338867,63.51708984375,0.14964064955711365,0.6703023910522461,0.49011605978012085,0.0796976089477539,79.6976089477539,0.00011605024337768555,0.11605024337768555,0.00011605024337768555,0.006153158377856016,0.9887933135032654,2,2,4,0.03,800,200,1.4045283794403076,2343.211181640625,0.24091748893260956,0.2952559292316437,0.5578740835189819,0.445914089679718,0.9883260130882263,1.018459439277649,0.006153158377856016,0.1196637973189354,0.9887933135032654,0.35089972615242004,0.017994916066527367
main,0.75,91,random,118.80613708496094,118.49076843261719,0.31536659598350525,0.6411465406417847,0.4901684820652008,0.10885345935821533,108.85346221923828,0.0001684725284576416,0.1684725284576416,0.0001684725284576416,0.14681340754032135,0.8550271987915039,0,0,0,0.03,800,200,1.4045283794403076,2637.39404296875,0.32496973872184753,0.3986460566520691,0.8532744646072388,0.3612287938594818,0.7463680505752563,1.4404401779174805,0.14681340754032135,0.11565081775188446,0.8550271987915039,0.3607332706451416,0.21466560661792755
main,0.75,92,random,109.03180694580078,108.85136413574219,0.18044012784957886,0.6456681489944458,0.49012744426727295,0.1043318510055542,104.33184814453125,0.00012743473052978516,0.12743473052978516,0.00012743473052978516,0.053695399314165115,0.8448509573936462,0,0,0,0.03,800,200,1.4045283794403076,4240.9091796875,0.7831169962882996,0.2854459583759308,0.5298455953598022,0.36479493975639343,0.7565569877624512,1.1610862016677856,0.053695399314165115,0.11534552276134491,0.8448509573936462,0.36304065585136414,0.2608131766319275
main,0.75,93,random,193.7907257080078,193.7907257080078,0.0,0.6107912659645081,0.4886285960674286,0.13920873403549194,139.208740234375,0.0,0.0,0.0,0.017216946929693222,0.5978809595108032,1,0,1,0.03,800,200,1.4045283794403076,3178.7265625,0.47963616251945496,0.2613121569156647,0.46089187264442444,0.10602593421936035,0.017216946929693222,1.9835978746414185,0.32786595821380615,0.10793642699718475,0.5978809595108032,0.3560875654220581,0.12175124138593674
main,0.75,94,random,61.0705680847168,60.88502883911133,0.18553945422172546,0.6719711422920227,0.4901292324066162,0.0780288577079773,78.02885437011719,0.00012922286987304688,0.12922286987304688,0.00012922286987304688,0.001058956258930266,0.9955682158470154,3,1,4,0.03,800,200,1.4045283794403076,2509.544189453125,0.2884412109851837,0.10177454352378845,0.005070124287158251,0.44844886660575867,0.9955682158470154,1.0031769275665283,0.001058956258930266,0.11920242756605148,0.973414421081543,0.35054969787597656,0.010994167998433113
main,0.75,95,random,105.2783432006836,105.09468078613281,0.18366144597530365,0.647484302520752,0.4901285767555237,0.10251569747924805,102.51570129394531,0.00012856721878051758,0.12856721878051758,0.00012856721878051758,0.03984079882502556,0.9573382139205933,0,0,0,0.03,800,200,1.4045283794403076,4850.68359375,0.9573382139205933,0.12993156909942627,0.08551876991987228,0.11394427716732025,0.03984079882502556,1.2373892068862915,0.07912972569465637,0.11640748381614685,0.8802494406700134,0.3683590590953827,0.3671814501285553
main,0.75,96,random,65.63663482666016,65.44339752197266,0.19323430955410004,0.6691029071807861,0.4901318848133087,0.08089709281921387,80.8970947265625,0.00013187527656555176,0.13187527656555176,0.00013187527656555176,0.004013759084045887,0.9955576062202454,1,1,2,0.03,800,200,1.4045283794403076,2343.391357421875,0.2409689724445343,0.29456356167793274,0.5558959245681763,0.4484451413154602,0.9955576062202454,1.0120413303375244,0.004013759084045887,0.1189744621515274,0.9658154845237732,0.35168254375457764,0.0336511954665184
main,0.75,97,random,63.48592758178711,63.198265075683594,0.28766322135925293,0.6705026626586914,0.49016091227531433,0.0794973373413086,79.4973373413086,0.000160902738571167,0.160902738571167,0.000160902738571167,0.006316037382930517,0.9992944002151489,2,1,3,0.03,800,200,1.4045283794403076,2431.07763671875,0.2660221457481384,0.19502434134483337,0.2714981138706207,0.4497530162334442,0.9992944002151489,1.0189480781555176,0.006316037382930517,0.11760275810956955,0.9200920462608337,0.3504266142845154,0.008532539941370487
main,0.75,98,random,109.29258728027344,109.023681640625,0.2689048945903778,0.6455855965614319,0.49015557765960693,0.10441440343856812,104.4144058227539,0.00015556812286376953,0.15556812286376953,0.00015556812286376953,0.09882573783397675,0.8174502849578857,0,0,0,0.03,800,200,1.4045283794403076,3973.569580078125,0.7067341804504395,0.2545590102672577,0.4415971636772156,0.18442346155643463,0.24120987951755524,1.296477198600769,0.09882573783397675,0.1145235076546669,0.8174502849578857,0.36278435587882996,0.2556869685649872
main,0.75,99,random,151.65846252441406,151.3377227783203,0.32074493169784546,0.6269806027412415,0.4901699125766754,0.12301939725875854,123.01939392089844,0.00016990303993225098,0.16990303993225098,0.00016990303993225098,0.14293190836906433,0.8169167637825012,0,0,0,0.03,800,200,1.4045283794403076,2588.7314453125,0.3110661208629608,0.37785544991493225,0.7938727736473083,0.38592085242271423,0.8169167637825012,1.4287956953048706,0.14293190836906433,0.10635073482990265,0.545024573802948,0.36934173107147217,0.38683468103408813
main,0.75,100,random,221.26107788085938,221.18338012695312,0.07770214229822159,0.6012776494026184,0.49008363485336304,0.1487223505973816,148.72235107421875,8.362531661987305e-05,0.08362531661987305,8.362531661987305e-05,0.0456586517393589,0.9505215287208557,0,0,0,0.03,800,200,1.4045283794403076,4826.8251953125,0.9505215287208557,0.11598052829504013,0.0456586517393589,0.354671448469162,0.7276327013969421,1.8101310729980469,0.2700437009334564,0.09547248482704163,0.18241596221923828,0.3790441155433655,0.5808821320533752
main,0.75,101,random,105.58489990234375,105.38194274902344,0.20296084880828857,0.6473442912101746,0.49013516306877136,0.10265570878982544,102.65570831298828,0.00013515353202819824,0.13515353202819824,0.00013515353202819824,0.10277878493070602,0.9224303364753723,0,0,0,0.03,800,200,1.4045283794403076,4338.833984375,0.8110954761505127,0.17007440328598022,0.20021255314350128,0.3123025596141815,0.6065787076950073,1.3083363771438599,0.10277878493070602,0.11767290532588959,0.9224303364753723,0.36271393299102783,0.25427889823913574
main,0.75,102,random,62.61549758911133,62.443809509277344,0.1716872751712799,0.6709786057472229,0.49012431502342224,0.0790213942527771,79.02139282226562,0.00012430548667907715,0.12430548667907715,0.00012430548667907715,0.004276145249605179,0.997681736946106,2,2,4,0.03,800,200,1.4045283794403076,2344.8857421875,0.2413959503173828,0.28809669613838196,0.5374191403388977,0.44918859004974365,0.997681736946106,1.0128284692764282,0.004276145249605179,0.11975682526826859,0.9918941855430603,0.3504573404788971,0.009146892465651035
main,0.75,103,random,74.72640991210938,74.51109313964844,0.2153165638446808,0.6636801958084106,0.4901392161846161,0.08631980419158936,86.3198013305664,0.0001392066478729248,0.1392066478729248,0.0001392066478729248,0.061591971665620804,0.9947373270988464,0,1,1,0.03,800,200,1.4045283794403076,2526.435546875,0.29326730966567993,0.2840462625026703,0.5258464813232422,0.44815805554389954,0.9947373270988464,1.184775948524475,0.061591971665620804,0.11767317354679108,0.9224390387535095,0.3539024293422699,0.07804873585700989
main,0.75,104,random,113.66921997070312,113.46751403808594,0.20170965790748596,0.6434788703918457,0.49013474583625793,0.1065211296081543,106.52113342285156,0.0001347362995147705,0.1347362995147705,0.0001347362995147705,0.04098966717720032,0.6833990812301636,0,0,0,0.03,800,200,1.4045283794403076,3549.21484375,0.5854899883270264,0.2565002739429474,0.4471436142921448,0.1618167757987976,0.17661936581134796,1.1229690313339233,0.04098966717720032,0.1105019748210907,0.6833990812301636,0.3651213049888611,0.30242612957954407
main,0.75,105,random,116.9942398071289,116.63623809814453,0.35800033807754517,0.642001748085022,0.49017950892448425,0.10799825191497803,107.99825286865234,0.00017949938774108887,0.17949938774108887,0.00017949938774108887,0.12743717432022095,0.9048774838447571,0,0,0,0.03,800,200,1.4045283794403076,2663.2490234375,0.33235689997673035,0.3407750129699707,0.6879286170005798,0.4167070984840393,0.9048774838447571,1.3823115825653076,0.12743717432022095,0.11189243197441101,0.7297478914260864,0.3630253076553345,0.2605060040950775
main,0.75,106,random,80.51715850830078,80.18575286865234,0.331409215927124,0.6604534983634949,0.49017271399497986,0.08954650163650513,89.54650115966797,0.00017270445823669434,0.17270445823669434,0.00017270445823669434,0.05717548727989197,0.9833455085754395,0,1,1,0.03,800,200,1.4045283794403076,2692.6552734375,0.34075868129730225,0.2820523977279663,0.5201497077941895,0.44417092204093933,0.9833455085754395,1.1715264320373535,0.05717548727989197,0.11680616438388824,0.8935389518737793,0.3562562167644501,0.12512445449829102
main,0.75,107,random,146.6792755126953,146.43638610839844,0.24288246035575867,0.6289891004562378,0.4901478588581085,0.12101089954376221,121.01090240478516,0.00014784932136535645,0.14784932136535645,0.00014784932136535645,0.22541464865207672,0.9952232241630554,0,1,1,0.03,800,200,1.4045283794403076,3424.9140625,0.5499754548072815,0.25270119309425354,0.43628913164138794,0.4483281075954437,0.9952232241630554,1.6762440204620361,0.22541464865207672,0.10442862659692764,0.4809541404247284,0.3699781894683838,0.39956390857696533
main,0.75,108,random,176.24771118164062,175.9911346435547,0.25658291578292847,0.6173383593559265,0.490151971578598,0.1326616406440735,132.66163635253906,0.0001519620418548584,0.1519620418548584,0.0001519620418548584,0.23721565306186676,0.8085697293281555,0,0,0,0.03,800,200,1.4045283794403076,2521.2216796875,0.291777640581131,0.38299939036369324,0.8085697293281555,0.36475273966789246,0.7564364671707153,1.7116470336914062,0.23721565306186676,0.10077029466629028,0.35900968313217163,0.37574613094329834,0.514922559261322
main,0.75,109,random,99.56767272949219,99.37886810302734,0.18880577385425568,0.6503110527992249,0.49013036489486694,0.09968894720077515,99.68894958496094,0.0001303553581237793,0.1303553581237793,0.0001303553581237793,0.03700363636016846,0.9060908555984497,0,0,0,0.03,800,200,1.4045283794403076,3726.95556640625,0.6362730264663696,0.14278113842010498,0.12223182618618011,0.3505541980266571,0.7158691883087158,1.1110109090805054,0.03700363636016846,0.11718272417783737,0.9060908555984497,0.363308310508728,0.2661660611629486
main,0.75,110,random,193.5946044921875,193.321044921875,0.27356117963790894,0.610960066318512,0.4901569187641144,0.13903993368148804,139.03993225097656,0.00015690922737121582,0.15690922737121582,0.00015690922737121582,0.10179920494556427,0.7550127506256104,0,0,0,0.03,800,200,1.4045283794403076,2314.62255859375,0.2327493280172348,0.3642544448375702,0.7550127506256104,0.30238762497901917,0.5782503485679626,1.315561056137085,0.10518703609704971,0.09305398166179657,0.10179920494556427,0.3819349706172943,0.6386993527412415
main,0.75,111,random,101.11701965332031,100.77185821533203,0.3451599180698395,0.6496148109436035,0.490176260471344,0.10038518905639648,100.38519287109375,0.00017625093460083008,0.17625093460083008,0.00017625093460083008,0.0240168534219265,0.990408182144165,0,1,1,0.03,800,200,1.4045283794403076,2421.85791015625,0.2633880078792572,0.3355924189090729,0.6731212139129639,0.44664284586906433,0.990408182144165,1.0720505714416504,0.0240168534219265,0.11217683553695679,0.7392279505729675,0.3608725368976593,0.2174508422613144
main,0.75,112,random,62.7025032043457,62.52239990234375,0.18010269105434418,0.6709288954734802,0.4901273250579834,0.07907110452651978,79.07110595703125,0.00012731552124023438,0.12731552124023438,0.00012731552124023438,0.0007576317875646055,0.9960824251174927,2,2,4,0.03,800,200,1.4045283794403076,2335.09814453125,0.2385995090007782,0.290344774723053,0.5438422560691833,0.44862884283065796,0.9960824251174927,1.0022728443145752,0.0007576317875646055,0.11970727145671844,0.9902425408363342,0.35057640075683594,0.01152824703603983
main,0.75,113,random,131.52845764160156,131.15980529785156,0.3686586320400238,0.6354749798774719,0.49018216133117676,0.11452502012252808,114.52501678466797,0.00018215179443359375,0.18215179443359375,0.00018215179443359375,0.09210402518510818,0.9608626961708069,0,0,0,0.03,800,200,1.4045283794403076,4863.01953125,0.9608626961708069,0.13223640620708466,0.09210402518510818,0.421698659658432,0.91913902759552,1.2780616283416748,0.0926872193813324,0.1077694296836853,0.5923144817352295,0.3760225474834442,0.5204508304595947
main,0.75,114,random,63.21074295043945,63.00319290161133,0.20755144953727722,0.6706254482269287,0.49013668298721313,0.07937455177307129,79.37454986572266,0.0001366734504699707,0.1366734504699707,0.0001366734504699707,0.007537403609603643,0.9974517226219177,2,2,4,0.03,800,200,1.4045283794403076,2358.89892578125,0.24539966881275177,0.2875238060951233,0.5357822775840759,0.4491080939769745,0.9974517226219177,1.02261221408844,0.007537403609603643,0.11966226994991302,0.988742470741272,0.3506574332714081,0.013148528523743153
main,0.75,115,random,63.65040588378906,63.459434509277344,0.19097022712230682,0.6703385710716248,0.49013110995292664,0.07966142892837524,79.66143035888672,0.00013110041618347168,0.13110041618347168,0.00013110041618347168,0.0038329202216118574,0.997017502784729,2,2,4,0.03,800,200,1.4045283794403076,2342.2216796875,0.2406347692012787,0.2934338450431824,0.5526681542396545,0.44895610213279724,0.997017502784729,1.0114988088607788,0.0038329202216118574,0.11954498291015625,0.9848329424858093,0.35097697377204895,0.019539495930075645
main,0.75,116,random,79.0191650390625,78.79706573486328,0.22209924459457397,0.6612322926521301,0.4901413917541504,0.08876770734786987,88.76770782470703,0.00014138221740722656,0.14138221740722656,0.00014138221740722656,0.04437454789876938,0.9662964344024658,0,0,0,0.03,800,200,1.4045283794403076,2528.579833984375,0.2938799560070038,0.25823771953582764,0.4521077573299408,0.43820375204086304,0.9662964344024658,1.3967677354812622,0.1322559118270874,0.11739121377468109,0.9130403995513916,0.35221871733665466,0.04437454789876938
main,0.75,117,random,64.32292175292969,63.98090362548828,0.34201550483703613,0.6700119376182556,0.4901754558086395,0.07998806238174438,79.9880599975586,0.0001754462718963623,0.1754462718963623,0.0001754462718963623,0.0015536952996626496,0.9958658218383789,2,1,3,0.03,800,200,1.4045283794403076,2374.253173828125,0.2497866451740265,0.2243749499320984,0.35535702109336853,0.44855302572250366,0.9958658218383789,1.0046610832214355,0.0015536952996626496,0.11833348125219345,0.9444494843482971,0.35028278827667236,0.005656133871525526
main,0.75,118,random,206.38577270507812,206.38577270507812,0.0,0.6063386797904968,0.48666706681251526,0.14366132020950317,143.66131591796875,0.0,0.0,0.0,0.036707889288663864,0.6515011787414551,0,0,0,0.03,800,200,1.4045283794403076,1835.189697265625,0.09576846659183502,0.3280254006385803,0.6515011787414551,0.17010360956192017,0.2002960443496704,2.046076774597168,0.3486922085285187,0.10789584368467331,0.596528172492981,0.3518353998661041,0.036707889288663864
main,0.75,119,random,71.30696868896484,71.08627319335938,0.22069695591926575,0.6656873226165771,0.4901409447193146,0.08431267738342285,84.31267547607422,0.00014093518257141113,0.14093518257141113,0.00014093518257141113,0.04968806728720665,0.9906141757965088,0,1,1,0.03,800,200,1.4045283794403076,2517.060546875,0.29058870673179626,0.2816683053970337,0.5190523266792297,0.44671493768692017,0.9906141757965088,1.1490641832351685,0.04968806728720665,0.11836491525173187,0.9454972147941589,0.3530065715312958,0.0601312518119812
main,0.75,120,random,152.8525848388672,152.8525848388672,0.0,0.6263664364814758,0.4866843819618225,0.12363356351852417,123.63356018066406,0.0,0.0,0.0,0.07435745000839233,0.9782230257987976,0,0,0,0.03,800,200,1.4045283794403076,4095.79052734375,0.7416544556617737,0.2806454598903656,0.5161299109458923,0.44237804412841797,0.9782230257987976,1.9750075340270996,0.3250024914741516,0.11502034962177277,0.8340118527412415,0.3537178635597229,0.07435745000839233
main,0.75,121,random,160.56800842285156,160.26632690429688,0.3016830384731293,0.6234036684036255,0.49016478657722473,0.1265963315963745,126.59632873535156,0.00016477704048156738,0.16477704048156738,0.00016477704048156738,0.03910471871495247,0.6234012246131897,0,0,0,0.03,800,200,1.4045283794403076,2760.673095703125,0.36019229888916016,0.11368665099143982,0.03910471871495247,0.31819042563438416,0.6234012246131897,1.1365141868591309,0.045504726469516754,0.0961470901966095,0.20490293204784393,0.3779982030391693,0.5599641799926758
main,0.75,122,random,126.7466049194336,126.394287109375,0.3523169457912445,0.6375747919082642,0.49017807841300964,0.11242520809173584,112.42520904541016,0.0001780688762664795,0.1780688762664795,0.0001780688762664795,0.11490900069475174,0.8184142708778381,0,0,0,0.03,800,200,1.4045283794403076,2530.28369140625,0.2943667471408844,0.38644498586654663,0.8184142708778381,0.35125458240509033,0.7178702354431152,1.3447270393371582,0.11490900069475174,0.11246879398822784,0.7489597201347351,0.3631303012371063,0.26260605454444885
main,0.75,123,random,62.5862922668457,62.37345886230469,0.21283453702926636,0.6710231304168701,0.4901384115219116,0.07897686958312988,78.97686767578125,0.00013840198516845703,0.13840198516845703,0.00013840198516845703,0.0023484532721340656,0.9996970891952515,2,1,3,0.03,800,200,1.4045283794403076,2519.3984375,0.29125669598579407,0.1989799439907074,0.2827998697757721,0.449893981218338,0.9996970891952515,1.0218406915664673,0.007280249614268541,0.1188969612121582,0.9632319808006287,0.35011741518974304,0.0023484532721340656
main,0.75,124,random,336.8608703613281,336.6323547363281,0.2285119593143463,0.5665245652198792,0.49014341831207275,0.18347543478012085,183.47543334960938,0.00014340877532958984,0.14340877532958984,0.00014340877532958984,0.04666340723633766,0.8859868049621582,0,0,0,0.03,800,200,1.4045283794403076,1718.0362548828125,0.0622960589826107,0.3031657040119171,0.5804734230041504,0.31547895073890686,0.6156541705131531,3.6579604148864746,0.8859868049621582,0.10077083110809326,0.35902756452560425,0.3523331582546234,0.04666340723633766
main,0.75,125,random,127.049560546875,126.5078353881836,0.5417225956916809,0.6375243067741394,0.4902208149433136,0.1124756932258606,112.47569274902344,0.00022080540657043457,0.22080540657043457,0.00022080540657043457,0.04155639931559563,0.5651025772094727,0,0,0,0.03,800,200,1.4045283794403076,2964.330078125,0.4183800518512726,0.2723034620285034,0.49229562282562256,0.2977859079837799,0.5651025772094727,1.1246691942214966,0.04155639931559563,0.10560834407806396,0.5202781558036804,0.36826127767562866,0.36522549390792847
main,0.75,126,random,87.3051986694336,87.25208282470703,0.053117018193006516,0.6565911769866943,0.4900691509246826,0.09340882301330566,93.40882110595703,6.914138793945312e-05,0.06914138793945312,6.914138793945312e-05,0.0002972701040562242,0.9914113283157349,1,1,2,0.03,800,200,1.4045283794403076,3261.24853515625,0.5032138228416443,0.27377063035964966,0.496487557888031,0.12492096424102783,0.07120274007320404,1.0008918046951294,0.0002972701040562242,0.11974233388900757,0.9914113283157349,0.354416161775589,0.08832336217164993
main,0.75,127,random,64.02162170410156,63.838809967041016,0.1828109472990036,0.6701008081436157,0.4901282787322998,0.07989919185638428,79.8991928100586,0.00012826919555664062,0.12826919555664062,0.00012826919555664062,0.011576871387660503,0.9888094067573547,2,2,4,0.03,800,200,1.4045283794403076,2344.935791015625,0.2414102405309677,0.28605812788009644,0.5315946340560913,0.44608327746391296,0.9888094067573547,1.0347306728363037,0.011576871387660503,0.11944545805454254,0.9815152287483215,0.3506253957748413,0.012507797218859196
main,0.75,128,random,312.387451171875,312.10382080078125,0.2836281359195709,0.5733354091644287,0.4901597797870636,0.1766645908355713,176.6645965576172,0.00015977025032043457,0.15977025032043457,0.00015977025032043457,0.048251233994960785,0.9322325587272644,0,0,0,0.03,800,200,1.4045283794403076,1668.8792724609375,0.048251233994960785,0.32634350657463074,0.6466957330703735,0.23404988646507263,0.3829996585845947,3.7966976165771484,0.9322325587272644,0.09509116411209106,0.16970539093017578,0.36792662739753723,0.35853269696235657
main,0.75,129,random,62.18441390991211,62.0152702331543,0.16914470493793488,0.6712502241134644,0.4901233911514282,0.07874977588653564,78.7497787475586,0.0001233816146850586,0.1233816146850586,0.0001233816146850586,0.0037781333085149527,0.9970965385437012,2,2,4,0.03,800,200,1.4045283794403076,2342.723876953125,0.24077823758125305,0.288269579410553,0.5379130840301514,0.4489837884902954,0.9970965385437012,1.0113344192504883,0.0037781333085149527,0.11988481879234314,0.9961607456207275,0.350299596786499,0.005992318037897348
main,0.75,130,random,171.61981201171875,171.58155822753906,0.038260363042354584,0.619010865688324,0.49005869030952454,0.13098913431167603,130.9891357421875,5.868077278137207e-05,0.05868077278137207,5.868077278137207e-05,0.252707302570343,0.7911404967308044,0,0,0,0.03,800,200,1.4045283794403076,2384.4755859375,0.252707302570343,0.3655850887298584,0.7588145732879639,0.3768991529941559,0.7911404967308044,1.8221404552459717,0.27404680848121643,0.1023167222738266,0.410557359457016,0.3730868995189667,0.46173787117004395
main,0.75,131,random,62.993438720703125,62.70577621459961,0.28766322135925293,0.6708130240440369,0.49016091227531433,0.07918697595596313,79.18697357177734,0.000160902738571167,0.160902738571167,0.000160902738571167,0.002335022669285536,0.997808039188385,2,1,3,0.03,800,200,1.4045283794403076,2482.8056640625,0.2808016538619995,0.19832152128219604,0.2809186279773712,0.449232816696167,0.997808039188385,1.0441969633102417,0.014732337556779385,0.11841495335102081,0.9471650719642639,0.3501167595386505,0.002335022669285536
main,0.75,132,random,164.7050323486328,164.4488525390625,0.2561805248260498,0.6217623949050903,0.49015185236930847,0.12823760509490967,128.23760986328125,0.00015184283256530762,0.15184283256530762,0.00015184283256530762,0.06356700509786606,0.954511284828186,0,0,0,0.03,800,200,1.4045283794403076,2943.14697265625,0.41232767701148987,0.4054966866970062,0.8728477358818054,0.4340789318084717,0.954511284828186,1.1907010078430176,0.06356700509786606,0.10404563695192337,0.4681878089904785,0.3740110397338867,0.4802207946777344
main,0.75,133,random,193.4615478515625,193.2030487060547,0.2584986388683319,0.611002504825592,0.4901525378227234,0.13899749517440796,138.99749755859375,0.0001525282859802246,0.1525282859802246,0.0001525282859802246,0.057721782475709915,0.9777445197105408,0,0,0,0.03,800,200,1.4045283794403076,4922.10546875,0.9777445197105408,0.41612881422042847,0.9032252430915833,0.3521943986415863,0.7205554246902466,1.1731653213500977,0.057721782475709915,0.09899857640266418,0.2999524772167206,0.3857381045818329,0.7147620916366577
main,0.75,134,random,205.61756896972656,205.50234985351562,0.11522525548934937,0.6066464781761169,0.4901018440723419,0.14335352182388306,143.353515625,0.00010183453559875488,0.10183453559875488,0.00010183453559875488,0.22333915531635284,0.8360358476638794,0,0,0,0.03,800,200,1.4045283794403076,2744.82275390625,0.35566362738609314,0.3926125466823578,0.8360358476638794,0.39083465933799744,0.830956220626831,2.193974494934082,0.39799150824546814,0.09670017659664154,0.22333915531635284,0.3810405135154724,0.620810329914093
main,0.75,135,random,63.67186737060547,63.4935302734375,0.17833636701107025,0.6703171730041504,0.49012669920921326,0.07968282699584961,79.68283081054688,0.00012668967247009277,0.12668967247009277,0.00012668967247009277,0.008474751375615597,0.9987266659736633,2,2,4,0.03,800,200,1.4045283794403076,2361.26123046875,0.2460746467113495,0.2896372675895691,0.541820764541626,0.44955432415008545,0.9987266659736633,1.0254242420196533,0.008474751375615597,0.11957454681396484,0.9858184456825256,0.35087722539901733,0.017544660717248917
main,0.75,136,random,91.05290222167969,90.68363952636719,0.36926203966140747,0.6547720432281494,0.4901823103427887,0.09522795677185059,95.22795867919922,0.00018230080604553223,0.18230080604553223,0.00018230080604553223,0.0542607307434082,0.9987238049507141,0,1,1,0.03,800,200,1.4045283794403076,2611.65625,0.3176160752773285,0.2744583487510681,0.49845245480537415,0.44955331087112427,0.9987238049507141,1.1627821922302246,0.0542607307434082,0.11331295222043991,0.7770984172821045,0.35920584201812744,0.18411698937416077
main,0.75,137,random,329.97503662109375,329.65911865234375,0.3159247040748596,0.5684348344802856,0.49016863107681274,0.18156516551971436,181.56517028808594,0.00016862154006958008,0.16862154006958008,0.00016862154006958008,0.07450798898935318,0.9933813810348511,0,1,1,0.03,800,200,1.4045283794403076,1760.7779541015625,0.07450798898935318,0.3115144968032837,0.6043271422386169,0.22992488741874695,0.3712139427661896,3.9801440238952637,0.9933813810348511,0.10018444806337357,0.33948156237602234,0.3562878370285034,0.1257568746805191
main,0.75,138,random,65.14274597167969,64.8359146118164,0.30683380365371704,0.669479250907898,0.49016618728637695,0.08052074909210205,80.520751953125,0.00016617774963378906,0.16617774963378906,0.00016617774963378906,0.0019378334982320666,0.9991484880447388,2,1,3,0.03,800,200,1.4045283794403076,2369.563720703125,0.2484467625617981,0.22441637516021729,0.3554753363132477,0.4497019648551941,0.9991484880447388,1.005813479423523,0.0019378334982320666,0.1179901659488678,0.9330057501792908,0.3506149351596832,0.012298932299017906
main,0.75,139,random,156.87405395507812,156.61798095703125,0.25607994198799133,0.6248528957366943,0.4901518225669861,0.12514710426330566,125.14710235595703,0.00015181303024291992,0.15181303024291992,0.00015181303024291992,0.14527171850204468,0.6349726915359497,0,0,0,0.03,800,200,1.4045283794403076,3722.404541015625,0.6349726915359497,0.3106802701950073,0.6019436120986938,0.2025810331106186,0.2930886745452881,1.4358150959014893,0.14527171850204468,0.10419975966215134,0.47332534193992615,0.3749770224094391,0.49954038858413696
main,0.75,140,random,164.38916015625,164.17347717285156,0.21568550169467926,0.6218698024749756,0.49013933539390564,0.12813019752502441,128.1302032470703,0.00013932585716247559,0.13932585716247559,0.00013932585716247559,0.06328973174095154,0.553331732749939,0,0,0,0.03,800,200,1.4045283794403076,3049.75732421875,0.4427878260612488,0.12215140461921692,0.06328973174095154,0.2936660945415497,0.553331732749939,1.66544508934021,0.22181503474712372,0.10616771876811981,0.5389240980148315,0.3603241443634033,0.20648282766342163
main,0.75,141,random,227.18763732910156,226.9740753173828,0.21356844902038574,0.5993434190750122,0.4901386499404907,0.1506565809249878,150.65658569335938,0.0001386404037475586,0.1386404037475586,0.0001386404037475586,0.16143910586833954,0.9072392582893372,0,0,0,0.03,800,200,1.4045283794403076,4675.33740234375,0.9072392582893372,0.3336281478404999,0.6675090193748474,0.3458206355571747,0.7023446559906006,2.00754976272583,0.33584997057914734,0.09484317898750305,0.16143910586833954,0.3857695460319519,0.7153909206390381
main,0.75,142,random,170.03378295898438,169.95254516601562,0.08123043924570084,0.6196341514587402,0.49008551239967346,0.13036584854125977,130.3658447265625,8.550286293029785e-05,0.08550286293029785,8.550286293029785e-05,0.2627081871032715,0.7149550318717957,0,0,0,0.03,800,200,1.4045283794403076,4002.342529296875,0.7149550318717957,0.19672776758670807,0.2763650417327881,0.3308643102645874,0.6596123576164246,1.7881245613098145,0.2627081871032715,0.10610117018222809,0.5367056131362915,0.3648371994495392,0.2967441976070404
main,0.75,143,random,63.917537689208984,63.7437858581543,0.17375153303146362,0.6701602935791016,0.49012506008148193,0.07983970642089844,79.83970642089844,0.00012505054473876953,0.12505054473876953,0.00012505054473876953,0.009067869745194912,0.9944191575050354,2,2,4,0.03,800,200,1.4045283794403076,2356.249267578125,0.24464263021945953,0.2868592441082001,0.5338835716247559,0.4480466842651367,0.9944191575050354,1.0272035598754883,0.009067869745194912,0.11946099996566772,0.9820335507392883,0.35079777240753174,0.015955736860632896
main,0.75,144,random,87.66598510742188,87.57598114013672,0.0900060310959816,0.656417965888977,0.490090012550354,0.09358203411102295,93.58203125,9.000301361083984e-05,0.09000301361083984,9.000301361083984e-05,0.008975226432085037,0.992652416229248,1,1,2,0.03,800,200,1.4045283794403076,3284.4130859375,0.5098323225975037,0.27296552062034607,0.4941871762275696,0.12543578445911407,0.07267366349697113,1.0269256830215454,0.008975226432085037,0.119779571890831,0.992652416229248,0.3544541895389557,0.08908405154943466
main,0.75,145,random,73.54505920410156,73.26343536376953,0.2816212475299835,0.6644059419631958,0.49015921354293823,0.0855940580368042,85.59405517578125,0.00015920400619506836,0.15920400619506836,0.00015920400619506836,0.01400136761367321,0.9875636696815491,1,1,2,0.03,800,200,1.4045283794403076,2382.14794921875,0.2520422637462616,0.28694599866867065,0.5341314673423767,0.445647269487381,0.9875636696815491,1.042004108428955,0.01400136761367321,0.11687290668487549,0.895763635635376,0.3540070056915283,0.08014030009508133
main,0.75,146,random,208.70408630371094,208.61585998535156,0.08822671324014664,0.6055645942687988,0.4900891184806824,0.14443540573120117,144.43540954589844,8.910894393920898e-05,0.08910894393920898,8.910894393920898e-05,0.22293871641159058,0.8784633278846741,0,0,0,0.03,800,200,1.4045283794403076,3149.6943359375,0.47134119272232056,0.17802855372428894,0.22293871641159058,0.40746214985847473,0.8784633278846741,1.9162503480911255,0.3054167926311493,0.09978245943784714,0.32608187198638916,0.361983984708786,0.23967956006526947
main,0.75,147,random,77.73328399658203,77.48784637451172,0.24543496966362,0.6619728207588196,0.4901486337184906,0.08802717924118042,88.02717590332031,0.00014862418174743652,0.14862418174743652,0.00014862418174743652,0.09076075255870819,0.9964800477027893,0,1,1,0.03,800,200,1.4045283794403076,2657.4248046875,0.3306928277015686,0.27744537591934204,0.5069867968559265,0.4487680196762085,0.9964800477027893,1.2722822427749634,0.09076075255870819,0.11759310960769653,0.9197703003883362,0.35467997193336487,0.09359978884458542
main,0.75,148,random,278.91729736328125,278.916259765625,0.0010359713342040777,0.5829921364784241,0.4900096654891968,0.16700786352157593,167.0078582763672,9.655952453613281e-06,0.009655952453613281,9.655952453613281e-06,0.1129714623093605,0.870757520198822,0,0,0,0.03,800,200,1.4045283794403076,4547.6513671875,0.870757520198822,0.15576747059822083,0.1593356430530548,0.2521788775920868,0.4347967803478241,2.3444626331329346,0.4481542110443115,0.10046042501926422,0.348680704832077,0.35564857721328735,0.1129714623093605
main,0.75,149,random,68.84351348876953,68.60287475585938,0.24063558876514435,0.6671731472015381,0.4901471734046936,0.08282685279846191,82.82685089111328,0.00014716386795043945,0.14716386795043945,0.00014716386795043945,0.006700510624796152,0.9834412336349487,1,1,2,0.03,800,200,1.4045283794403076,2344.219970703125,0.24120572209358215,0.2903609275817871,0.5438883900642395,0.4442044198513031,0.9834412336349487,1.020101547241211,0.006700510624796152,0.11808225512504578,0.9360753297805786,0.3525000810623169,0.05000177025794983
main,0.75,150,random,212.4445343017578,212.19105529785156,0.25347253680229187,0.6043322086334229,0.490151047706604,0.14566779136657715,145.66778564453125,0.00015103816986083984,0.15103816986083984,0.00015103816986083984,0.06227971985936165,0.8799912333488464,0,0,0,0.03,800,200,1.4045283794403076,2577.197021484375,0.30777058005332947,0.40076571702957153,0.8593306541442871,0.40799692273139954,0.8799912333488464,1.5594569444656372,0.1864856481552124,0.09186839312314987,0.06227971985936165,0.3856636881828308,0.7132736444473267
main,0.75,151,random,122.3743667602539,122.3743667602539,0.0,0.6393770575523376,0.48785221576690674,0.11062294244766235,110.62294006347656,0.0,0.0,0.0,0.08577349781990051,0.8403279185295105,0,0,0,0.03,800,200,1.4045283794403076,1825.7410888671875,0.09306887537240982,0.34278860688209534,0.6936817169189453,0.39411476254463196,0.8403279185295105,1.328479528427124,0.10949316620826721,0.11264562606811523,0.7548542022705078,0.35428866744041443,0.08577349781990051
main,0.75,152,random,120.3869400024414,120.29531860351562,0.09162260591983795,0.6403207778930664,0.49009081721305847,0.1096792221069336,109.6792221069336,9.080767631530762e-05,0.09080767631530762,9.080767631530762e-05,0.13592439889907837,0.9254260659217834,0,0,0,0.03,800,200,1.4045283794403076,4738.9912109375,0.9254260659217834,0.30071163177490234,0.5734617710113525,0.41343778371810913,0.8955365419387817,1.4077732563018799,0.13592439889907837,0.11468818038702011,0.822939395904541,0.36488860845565796,0.29777196049690247
main,0.75,153,random,63.983375549316406,63.801666259765625,0.18170830607414246,0.6701240539550781,0.49012789130210876,0.07987594604492188,79.87594604492188,0.00012788176536560059,0.12788176536560059,0.00012788176536560059,0.004610351286828518,0.9963905215263367,1,2,3,0.03,800,200,1.4045283794403076,2345.810302734375,0.24166010320186615,0.29292675852775574,0.5512192845344543,0.44873666763305664,0.9963905215263367,1.0138310194015503,0.004610351286828518,0.11945811659097672,0.9819372296333313,0.3510741889476776,0.02148383855819702
main,0.75,154,random,194.14373779296875,194.1363983154297,0.00733284093439579,0.6106671690940857,0.49002569913864136,0.1393328309059143,139.33282470703125,2.568960189819336e-05,0.02568960189819336,2.568960189819336e-05,0.06480975449085236,0.9168360829353333,0,0,0,0.03,800,200,1.4045283794403076,4319.84765625,0.8056707978248596,0.21162813901901245,0.3189375102519989,0.4208926260471344,0.9168360829353333,2.083211898803711,0.3610706031322479,0.11144353449344635,0.7147844433784485,0.3532404899597168,0.06480975449085236
main,0.75,155,random,65.05653381347656,64.7435073852539,0.31302788853645325,0.6695366501808167,0.49016785621643066,0.08046334981918335,80.46334838867188,0.0001678466796875,0.1678466796875,0.0001678466796875,0.00281844031997025,0.9974713325500488,1,1,2,0.03,800,200,1.4045283794403076,2346.20068359375,0.2417716532945633,0.29790204763412476,0.565434455871582,0.44911494851112366,0.9974713325500488,1.0084552764892578,0.00281844031997025,0.11922307312488556,0.9741024374961853,0.35159897804260254,0.031979672610759735
main,0.75,156,random,62.86565017700195,62.718990325927734,0.14665824174880981,0.6708046793937683,0.49011489748954773,0.07919532060623169,79.19532012939453,0.00011488795280456543,0.11488795280456543,0.00011488795280456543,0.00844507198780775,0.9988359808921814,2,2,4,0.03,800,200,1.4045283794403076,2355.420654296875,0.24440591037273407,0.2874926030635834,0.5356931686401367,0.44959259033203125,0.9988359808921814,1.0253351926803589,0.00844507198780775,0.11974909901618958,0.9916368126869202,0.35048961639404297,0.009792638942599297
main,0.75,157,random,87.30815124511719,87.23138427734375,0.07676349580287933,0.6566022634506226,0.49008312821388245,0.09339773654937744,93.39773559570312,8.311867713928223e-05,0.08311867713928223,8.311867713928223e-05,0.00047276451368816197,0.9915258288383484,1,1,2,0.03,800,200,1.4045283794403076,3261.98095703125,0.5034231543540955,0.273533433675766,0.4958098530769348,0.12515348196029663,0.07186708599328995,1.0014183521270752,0.00047276451368816197,0.11974577605724335,0.9915258288383484,0.3544217646121979,0.08843514323234558
main,0.75,158,random,63.13888168334961,62.86625671386719,0.27262672781944275,0.6707117557525635,0.4901566505432129,0.07928824424743652,79.28824615478516,0.00015664100646972656,0.15664100646972656,0.00015664100646972656,0.00474029965698719,0.9981366395950317,2,1,3,0.03,800,200,1.4045283794403076,2429.3203125,0.2655201256275177,0.19506049156188965,0.2716013789176941,0.4493478238582611,0.9981366395950317,1.0247254371643066,0.008241817355155945,0.11770827323198318,0.9236091375350952,0.35023701190948486,0.00474029965698719
main,0.75,159,random,61.50998306274414,61.322898864746094,0.18708311021327972,0.6716910600662231,0.4901297688484192,0.07830893993377686,78.3089370727539,0.0001297593116760254,0.1297593116760254,0.0001297593116760254,0.0013862717896699905,0.9941450953483582,3,1,4,0.03,800,200,1.4045283794403076,2506.841552734375,0.28766900300979614,0.102301225066185,0.00657493295148015,0.4479507803916931,0.9941450953483582,1.004158854484558,0.0013862717896699905,0.11904037743806839,0.9680127501487732,0.3506973087787628,0.013946343213319778
main,0.75,160,random,62.869625091552734,62.69793701171875,0.1716872751712799,0.6708179712295532,0.49012431502342224,0.07918202877044678,79.1820297241211,0.00012430548667907715,0.12430548667907715,0.00012430548667907715,0.007448425516486168,0.9949316382408142,2,2,4,0.03,800,200,1.4045283794403076,2358.177001953125,0.24519343674182892,0.2867836654186249,0.5336676239967346,0.44822606444358826,0.9949316382408142,1.0349560976028442,0.011652038432657719,0.11981505155563354,0.9938352108001709,0.35037240386009216,0.007448425516486168
main,0.75,161,random,134.16603088378906,133.9001007080078,0.2659253776073456,0.6342847943305969,0.4901547133922577,0.11571520566940308,115.71520233154297,0.00015470385551452637,0.15470385551452637,0.00015470385551452637,0.13941049575805664,0.8035679459571838,0,0,0,0.03,800,200,1.4045283794403076,4312.48779296875,0.8035679459571838,0.227084219455719,0.36309775710105896,0.24272945523262024,0.4077984094619751,1.41823148727417,0.13941049575805664,0.10580745339393616,0.5269151926040649,0.3728165924549103,0.4563320577144623
main,0.75,162,random,143.10023498535156,142.78765869140625,0.31258338689804077,0.6305062174797058,0.4901677370071411,0.11949378252029419,119.49378204345703,0.00016772747039794922,0.16772747039794922,0.00016772747039794922,0.009848066605627537,0.9795081615447998,1,0,1,0.03,800,200,1.4045283794403076,3636.26318359375,0.6103609204292297,0.3973890244960785,0.8496829271316528,0.44282785058021545,0.9795081615447998,1.0295442342758179,0.009848066605627537,0.10901611298322678,0.6338704228401184,0.3708381652832031,0.4167633652687073
main,0.75,163,random,387.7784423828125,387.7353210449219,0.04310724884271622,0.5530900359153748,0.49006229639053345,0.19690996408462524,196.9099578857422,6.22868537902832e-05,0.0622868537902832,6.22868537902832e-05,0.05401055887341499,0.9672557711601257,0,0,0,0.03,800,200,1.4045283794403076,1689.0369873046875,0.05401055887341499,0.2802960276603699,0.5151315331459045,0.35242363810539246,0.7212104201316833,3.9017672538757324,0.9672557711601257,0.09234052896499634,0.07801743596792221,0.35639113187789917,0.12782242894172668
main,0.75,164,random,93.39326477050781,93.31616973876953,0.07709413766860962,0.6533997058868408,0.4900833070278168,0.09660029411315918,96.60029602050781,8.32974910736084e-05,0.0832974910736084,8.32974910736084e-05,0.0011901719262823462,0.9064621925354004,1,0,1,0.03,800,200,1.4045283794403076,3312.44677734375,0.5178419351577759,0.26803115010261536,0.4800890386104584,0.13744595646858215,0.10698844492435455,1.003570556640625,0.0011901719262823462,0.11719386279582977,0.9064621925354004,0.35725218057632446,0.14504341781139374
main,0.75,165,random,288.6636047363281,288.36669921875,0.29690054059028625,0.5801863670349121,0.4901634752750397,0.1698136329650879,169.81362915039062,0.0001634657382965088,0.1634657382965088,0.0001634657382965088,0.2632007300853729,0.9811830520629883,0,1,1,0.03,800,200,1.4045283794403076,2421.20263671875,0.2632007300853729,0.35190293192863464,0.7197226881980896,0.4340353310108185,0.9543866515159607,3.943549156188965,0.9811830520629883,0.09962674230337143,0.3208913505077362,0.36917543411254883,0.3835085332393646
main,0.75,166,random,62.7853889465332,62.60688400268555,0.17850419878959656,0.6708754897117615,0.49012675881385803,0.07912451028823853,79.12451171875,0.00012674927711486816,0.12674927711486816,0.00012674927711486816,0.004050250165164471,0.994978129863739,2,2,4,0.03,800,200,1.4045283794403076,2340.1513671875,0.2400432825088501,0.28798773884773254,0.5371078252792358,0.44824233651161194,0.994978129863739,1.012150764465332,0.004050250165164471,0.11970220506191254,0.9900734424591064,0.3504676818847656,0.009353610686957836
main,0.75,167,random,201.39486694335938,201.09840393066406,0.296467661857605,0.6081908345222473,0.4901633560657501,0.14180916547775269,141.8091583251953,0.000163346529006958,0.163346529006958,0.000163346529006958,0.15390212833881378,0.8373661041259766,0,0,0,0.03,800,200,1.4045283794403076,2603.84228515625,0.31538352370262146,0.38919174671173096,0.8262621760368347,0.39307811856269836,0.8373661041259766,1.6971805095672607,0.23239350318908691,0.09461706876754761,0.15390212833881378,0.3827327489852905,0.6546550989151001
main,0.75,168,random,65.128662109375,64.76528930664062,0.36336979269981384,0.6695231199264526,0.4901808500289917,0.08047688007354736,80.47688293457031,0.00018084049224853516,0.18084049224853516,0.00018084049224853516,0.0086028091609478,0.9954227805137634,2,1,3,0.03,800,200,1.4045283794403076,2383.596435546875,0.2524561285972595,0.2237756848335266,0.35364481806755066,0.4483979642391205,0.9954227805137634,1.0258084535598755,0.0086028091609478,0.11817532777786255,0.9391775727272034,0.3504306674003601,0.00861356034874916
main,0.75,169,random,208.3473663330078,207.7395477294922,0.607820987701416,0.6058682799339294,0.4902338981628418,0.14413172006607056,144.1317138671875,0.0002338886260986328,0.2338886260986328,0.0002338886260986328,0.1952821910381317,0.9757134914398193,0,0,0,0.03,800,200,1.4045283794403076,4052.318359375,0.7292338013648987,0.34800928831100464,0.7085979580879211,0.4414997100830078,0.9757134914398193,1.8315272331237793,0.2771757245063782,0.09585846960544586,0.1952821910381317,0.38406944274902344,0.6813890337944031
main,0.75,170,random,61.636634826660156,61.44955062866211,0.18708311021327972,0.6716102361679077,0.4901297688484192,0.07838976383209229,78.38976287841797,0.0001297593116760254,0.1297593116760254,0.0001297593116760254,0.007089355960488319,0.9934598207473755,3,1,4,0.03,800,200,1.4045283794403076,2524.225830078125,0.2926359474658966,0.10248127579689026,0.007089355960488319,0.44771093130111694,0.9934598207473755,1.0275856256484985,0.009195227175951004,0.11924465745687485,0.9748220443725586,0.3505936861038208,0.011874104849994183
main,0.75,171,random,162.7861785888672,162.50096130371094,0.2852175235748291,0.6225241422653198,0.4901602268218994,0.12747585773468018,127.47586059570312,0.00016021728515625,0.16021728515625,0.00016021728515625,0.1805567890405655,0.8778913021087646,0,0,0,0.03,800,200,1.4045283794403076,4572.61962890625,0.8778913021087646,0.23649391531944275,0.38998258113861084,0.27016690373420715,0.48619115352630615,1.541670322418213,0.1805567890405655,0.09930131584405899,0.3100438714027405,0.379774808883667,0.5954963564872742
main,0.75,172,random,159.1657257080078,158.9770965576172,0.18863315880298615,0.6239138841629028,0.49013030529022217,0.12608611583709717,126.08611297607422,0.0001302957534790039,0.1302957534790039,0.0001302957534790039,0.3049432337284088,0.7682592868804932,0,0,0,0.03,800,200,1.4045283794403076,2657.59814453125,0.33074232935905457,0.3688907325267792,0.7682592868804932,0.3522607684135437,0.7207450866699219,1.9148297309875488,0.3049432337284088,0.10790182650089264,0.5967274904251099,0.3683803677558899,0.36760762333869934
main,0.75,173,random,68.32057189941406,68.0943374633789,0.22623823583126068,0.6674807071685791,0.49014270305633545,0.0825192928314209,82.51929473876953,0.00014269351959228516,0.14269351959228516,0.00014269351959228516,0.0066775125451385975,0.9921229481697083,1,1,2,0.03,800,200,1.4045283794403076,2322.322265625,0.2349492609500885,0.19146628677845,0.261332243680954,0.4472430348396301,0.9921229481697083,1.1952744722366333,0.06509148329496384,0.11589830368757248,0.8632768392562866,0.3503338694572449,0.0066775125451385975
main,0.75,174,random,63.092628479003906,62.91721725463867,0.17541185021400452,0.6706796288490295,0.4901256561279297,0.07932037115097046,79.32037353515625,0.00012564659118652344,0.12564659118652344,0.00012564659118652344,0.007836367934942245,0.993557870388031,2,2,4,0.03,800,200,1.4045283794403076,2347.53955078125,0.24215412139892578,0.28703799843788147,0.5343943238258362,0.4477452337741852,0.993557870388031,1.02350914478302,0.007836367934942245,0.11967482417821884,0.98916095495224,0.35048142075538635,0.009628331288695335
main,0.75,175,random,63.33634567260742,63.16842269897461,0.16792123019695282,0.6705214381217957,0.4901229441165924,0.07947856187820435,79.47856140136719,0.00012293457984924316,0.12293457984924316,0.00012293457984924316,0.00583870941773057,0.9927858710289001,2,2,4,0.03,800,200,1.4045283794403076,2322.08935546875,0.23488269746303558,0.28574228286743164,0.5306922197341919,0.44747504591941833,0.9927858710289001,1.0305941104888916,0.01019805483520031,0.11953452229499817,0.9844841361045837,0.3502919375896454,0.00583870941773057
main,0.75,176,random,64.10884857177734,63.733036041259766,0.3758104145526886,0.6701670289039612,0.49018391966819763,0.07983297109603882,79.83296966552734,0.00018391013145446777,0.18391013145446777,0.00018391013145446777,0.0015601743943989277,0.9968552589416504,2,1,3,0.03,800,200,1.4045283794403076,2417.06396484375,0.26201826333999634,0.2226836234331131,0.3505246341228485,0.4488993287086487,0.9968552589416504,1.0046805143356323,0.0015601743943989277,0.11872075498104095,0.9573585391044617,0.3502368927001953,0.004737927112728357
main,0.75,177,random,181.21652221679688,181.0905303955078,0.12598641216754913,0.6154301166534424,0.4901064932346344,0.13456988334655762,134.56988525390625,0.00010648369789123535,0.10648369789123535,0.00010648369789123535,0.04024551063776016,0.9344210624694824,0,0,0,0.03,800,200,1.4045283794403076,4770.4736328125,0.9344210624694824,0.2855773866176605,0.5302211046218872,0.3697858154773712,0.7708166241645813,1.1207364797592163,0.04024551063776016,0.09413713961839676,0.1379045695066452,0.3872843384742737,0.7456866502761841
main,0.75,178,random,131.6970672607422,131.61880493164062,0.07825697213411331,0.6352747678756714,0.4900839328765869,0.11472523212432861,114.72523498535156,8.392333984375e-05,0.08392333984375,8.392333984375e-05,0.22851505875587463,0.8768032193183899,0,0,0,0.03,800,200,1.4045283794403076,4568.8115234375,0.8768032193183899,0.2789060175418854,0.5111600756645203,0.21343308687210083,0.3240945637226105,1.7120602130889893,0.2373533844947815,0.1157144159078598,0.8571471571922302,0.3614257574081421,0.22851505875587463
main,0.75,179,random,183.98497009277344,183.64988708496094,0.3350794315338135,0.6144825220108032,0.49017366766929626,0.13551747798919678,135.51747131347656,0.00017365813255310059,0.17365813255310059,0.00017365813255310059,0.25020480155944824,0.9077112674713135,0,0,0,0.03,800,200,1.4045283794403076,2481.255126953125,0.28035858273506165,0.3444449007511139,0.6984139680862427,0.4176989197731018,0.9077112674713135,1.7735594511032104,0.2578531503677368,0.09750614315271378,0.25020480155944824,0.3779318928718567,0.5586375594139099
main,0.75,180,random,64.21530151367188,64.00865173339844,0.20664732158184052,0.669994592666626,0.49013638496398926,0.08000540733337402,80.00540924072266,0.00013637542724609375,0.13637542724609375,0.00013637542724609375,0.01073000393807888,0.9938655495643616,2,2,4,0.03,800,200,1.4045283794403076,2365.466796875,0.2472762018442154,0.28663432598114014,0.5332409739494324,0.4478529393672943,0.9938655495643616,1.032189965248108,0.01073000393807888,0.11942729353904724,0.9809100031852722,0.35091155767440796,0.018231462687253952
main,0.75,181,random,182.8780059814453,182.61146545410156,0.2665404677391052,0.6148661971092224,0.490154892206192,0.1351338028907776,135.13380432128906,0.00015488266944885254,0.15488266944885254,0.00015488266944885254,0.2632852792739868,0.8023834824562073,0,0,0,0.03,800,200,1.4045283794403076,4308.34228515625,0.8023834824562073,0.34625884890556335,0.7035967111587524,0.30396339297294617,0.582752525806427,1.7898558378219604,0.2632852792739868,0.1049279272556305,0.49759742617607117,0.3748853802680969,0.49770790338516235
main,0.75,182,random,101.90564727783203,101.62149047851562,0.2841574251651764,0.6491925120353699,0.49015992879867554,0.10080748796463013,100.80748748779297,0.00015991926193237305,0.15991926193237305,0.00015991926193237305,0.14942005276679993,0.9689901471138,0,0,0,0.03,800,200,1.4045283794403076,2777.29833984375,0.36494237184524536,0.2905023694038391,0.5442924499511719,0.4391465485095978,0.9689901471138,1.4482601881027222,0.14942005276679993,0.1135639101266861,0.7854638695716858,0.36052948236465454,0.2105896919965744
main,0.75,183,random,90.32098388671875,89.94930267333984,0.3716806471347809,0.6551584005355835,0.49018290638923645,0.0948415994644165,94.84159851074219,0.00018289685249328613,0.18289685249328613,0.00018289685249328613,0.029410498216748238,0.9565144777297974,0,0,0,0.03,800,200,1.4045283794403076,2493.24658203125,0.28378474712371826,0.3183017075061798,0.6237191557884216,0.4347800612449646,0.9565144777297974,1.0882314443588257,0.029410498216748238,0.11448000371456146,0.81600022315979,0.358333557844162,0.16667138040065765
main,0.75,184,random,162.72035217285156,162.42344665527344,0.29690054059028625,0.6225545406341553,0.4901634752750397,0.12744545936584473,127.4454574584961,0.0001634657382965088,0.1634657382965088,0.0001634657382965088,0.2157675176858902,0.9365440011024475,0,0,0,0.03,800,200,1.4045283794403076,2347.615234375,0.24217581748962402,0.42779040336608887,0.9365440011024475,0.3523571193218231,0.7210204005241394,1.6473026275634766,0.2157675176858902,0.10580980777740479,0.5269936323165894,0.3713441789150238,0.42688336968421936
main,0.75,185,random,174.3213348388672,174.200439453125,0.12089094519615173,0.6180149912834167,0.4901043176651001,0.13198500871658325,131.98501586914062,0.0001043081283569336,0.1043081283569336,0.0001043081283569336,0.26058289408683777,0.7255805134773254,0,0,0,0.03,800,200,1.4045283794403076,4027.4794921875,0.7221369743347168,0.2970847487449646,0.5630993247032166,0.35395318269729614,0.7255805134773254,1.781748652458191,0.26058289408683777,0.10325055569410324,0.44168519973754883,0.3739263713359833,0.47852760553359985
main,0.75,186,random,66.7162094116211,66.49411010742188,0.22209924459457397,0.6684560775756836,0.4901413917541504,0.0815439224243164,81.5439224243164,0.00014138221740722656,0.14138221740722656,0.00014138221740722656,0.009351246990263462,0.9932993650436401,1,1,2,0.03,800,200,1.4045283794403076,2358.281005859375,0.24522316455841064,0.2933124303817749,0.5523212552070618,0.44765475392341614,0.9932993650436401,1.0280537605285645,0.009351246990263462,0.1187717616558075,0.9590587615966797,0.35195720195770264,0.03914405778050423
main,0.75,187,random,72.05255126953125,71.84815216064453,0.20439553260803223,0.6652367115020752,0.49013563990592957,0.0847632884979248,84.76329040527344,0.00013563036918640137,0.13563036918640137,0.00013563036918640137,0.04778386279940605,0.9970712661743164,0,1,1,0.03,800,200,1.4045283794403076,2570.322998046875,0.30580657720565796,0.2680927515029907,0.4802649915218353,0.44897493720054626,0.9970712661743164,1.2615180015563965,0.08717268705368042,0.1184583455324173,0.9486116766929626,0.3523891866207123,0.04778386279940605
main,0.75,188,random,63.898677825927734,63.70943832397461,0.18923765420913696,0.6701818108558655,0.4901305139064789,0.07981818914413452,79.81819152832031,0.00013050436973571777,0.13050436973571777,0.00013050436973571777,0.006374153774231672,0.9957090616226196,2,2,4,0.03,800,200,1.4045283794403076,2353.24169921875,0.2437833696603775,0.287354052066803,0.5352972745895386,0.4484981596469879,0.9957090616226196,1.0191224813461304,0.006374153774231672,0.11942464113235474,0.9808213710784912,0.3508722484111786,0.017445042729377747
main,0.75,189,random,76.05612182617188,75.72539520263672,0.33072328567504883,0.6629796624183655,0.49017253518104553,0.08702033758163452,87.02033996582031,0.00017252564430236816,0.17252564430236816,0.00017252564430236816,0.0023023798130452633,0.9881914258003235,1,1,2,0.03,800,200,1.4045283794403076,2727.880859375,0.35082313418388367,0.27512794733047485,0.5003655552864075,0.3719659149646759,0.777045488357544,1.0069071054458618,0.0023023798130452633,0.11964574456214905,0.9881914258003235,0.3531482219696045,0.06296467036008835
main,0.75,190,random,207.75076293945312,207.4286651611328,0.32209664583206177,0.6059761643409729,0.49017027020454407,0.1440238356590271,144.02383422851562,0.00017026066780090332,0.17026066780090332,0.00017026066780090332,0.01953899674117565,0.750213086605072,1,0,1,0.03,800,200,1.4045283794403076,1667.656005859375,0.04790171608328819,0.3476274013519287,0.7075068950653076,0.34570959210395813,0.7020273804664612,2.804173469543457,0.6013911962509155,0.11250638961791992,0.750213086605072,0.35097694396972656,0.01953899674117565
main,0.75,191,random,87.62842559814453,87.58356475830078,0.044857196509838104,0.6564139127731323,0.49006354808807373,0.09358608722686768,93.58609008789062,6.35385513305664e-05,0.0635385513305664,6.35385513305664e-05,0.006167194340378046,0.9910640716552734,1,1,2,0.03,800,200,1.4045283794403076,3285.65673828125,0.5101876258850098,0.27327439188957214,0.495069682598114,0.1261010468006134,0.07457439601421356,1.01850163936615,0.006167194340378046,0.11973191797733307,0.9910640716552734,0.3545048236846924,0.09009649604558945
main,0.75,192,random,283.6365051269531,283.3102111816406,0.32628220319747925,0.5816817879676819,0.4901713728904724,0.16831821203231812,168.31820678710938,0.00017136335372924805,0.17136335372924805,0.00017136335372924805,0.1451115906238556,0.9481837153434753,0,0,0,0.03,800,200,1.4045283794403076,2007.890625,0.1451115906238556,0.34574803709983826,0.702137291431427,0.24084627628326416,0.402417927980423,3.8445510864257812,0.9481837153434753,0.10132529586553574,0.37750983238220215,0.3661481738090515,0.322963684797287
main,0.75,193,random,395.842529296875,395.8058166503906,0.036721646785736084,0.5510513186454773,0.49005749821662903,0.1989486813545227,198.9486846923828,5.748867988586426e-05,0.05748867988586426,5.748867988586426e-05,0.0409732460975647,0.981214165687561,0,1,1,0.03,800,200,1.4045283794403076,1788.8409423828125,0.08252597600221634,0.2754403352737427,0.5012580752372742,0.2910711169242859,0.5459175109863281,3.9436426162719727,0.981214165687561,0.09466440230607986,0.15547996759414673,0.3520486652851105,0.0409732460975647
main,0.75,194,random,156.24212646484375,156.09463500976562,0.14749638736248016,0.6250621676445007,0.490115225315094,0.12493783235549927,124.93783569335938,0.00011521577835083008,0.11521577835083008,0.00011521577835083008,0.17731037735939026,0.9317108392715454,0,0,0,0.03,800,200,1.4045283794403076,4760.98828125,0.9317108392715454,0.28696122765541077,0.534174919128418,0.41135475039482117,0.889585018157959,1.5319311618804932,0.17731037735939026,0.10374905914068222,0.4583018720149994,0.3763449490070343,0.5268991589546204
main,0.75,195,random,64.97627258300781,64.6280746459961,0.3482014536857605,0.6696084141731262,0.4901770353317261,0.08039158582687378,80.39158630371094,0.00017702579498291016,0.17702579498291016,0.00017702579498291016,0.0016358724096789956,0.9944334626197815,2,1,3,0.03,800,200,1.4045283794403076,2372.6279296875,0.24932223558425903,0.22420355677604675,0.35486727952957153,0.44805169105529785,0.9944334626197815,1.0049076080322266,0.0016358724096789956,0.1181194931268692,0.9373165369033813,0.35051465034484863,0.010293245315551758
main,0.75,196,random,230.52464294433594,230.52464294433594,0.0,0.5981696248054504,0.48566582798957825,0.15183037519454956,151.8303680419922,0.0,0.0,0.0,0.2605293393135071,0.4783780574798584,0,0,0,0.03,800,200,1.4045283794403076,3067.96484375,0.4479900002479553,0.2674323320388794,0.4783780574798584,0.2159961760044098,0.33141764998435974,2.054401397705078,0.35146716237068176,0.0995800793170929,0.3193359375,0.3630264699459076,0.2605293393135071
main,0.75,197,random,166.671875,166.48770141601562,0.18417267501354218,0.6209698915481567,0.490128755569458,0.12903010845184326,129.0301055908203,0.00012874603271484375,0.12874603271484375,0.00012874603271484375,0.1190553531050682,0.949870228767395,0,0,0,0.03,800,200,1.4045283794403076,4824.5458984375,0.949870228767395,0.20620816946029663,0.30345189571380615,0.1416693776845932,0.1190553531050682,1.6656131744384766,0.22187107801437378,0.10280633717775345,0.4268778860569,0.37487173080444336,0.4974346160888672
main,0.75,198,random,87.62610626220703,87.5748519897461,0.051256198436021805,0.6564185619354248,0.4900679290294647,0.0935814380645752,93.58143615722656,6.791949272155762e-05,0.06791949272155762,6.791949272155762e-05,0.0028836491983383894,0.9885727167129517,1,1,2,0.03,800,200,1.4045283794403076,3275.49951171875,0.5072855949401855,0.2737414240837097,0.49640411138534546,0.12639069557189941,0.07540199905633926,1.0086508989334106,0.0028836491983383894,0.11965718120336533,0.9885727167129517,0.3545624315738678,0.09124895930290222
main,0.75,199,random,135.91458129882812,135.68435668945312,0.23022472858428955,0.6335163712501526,0.49014395475387573,0.11648362874984741,116.48362731933594,0.00014394521713256836,0.14394521713256836,0.00014394521713256836,0.12535914778709412,0.7798431515693665,0,0,0,0.03,800,200,1.4045283794403076,4229.451171875,0.7798431515693665,0.2328459620475769,0.3795599043369293,0.2250155210494995,0.3571872413158417,1.37607741355896,0.12535914778709412,0.10488387197256088,0.4961290657520294,0.3735990822315216,0.47198179364204407
