case,time,dxb,dxr,xb,xr,y,dxb_measured,dxr_measured,xb_measured,xr_measured,y_measured,u,tracking_error_m,tracking_error_mm,measurement_noise_dxb,measurement_noise_dxr,measurement_noise_xb,measurement_noise_xr,disturbance_applied,n_failures_so_far
nominal,0.0,0.0,0.0,0.0,0.455427,0.455427,0.0,0.0,0.0,0.455427,0.455427,0.455427,-0.13735199999999992,-137.35199999999992,0.0,0.0,0.0,0.0,0,0
nominal,0.02,-0.021825376376706174,0.13429642931660535,-0.00023821195684369575,0.4568789014217104,0.4566406894648667,-0.021825376376706174,0.13429642931660535,-0.00023821195684369575,0.4568789014217104,0.4566406894648667,0.47542709591052584,-0.13613831053513326,-136.13831053513326,0.0,0.0,0.0,0.0,0,0
nominal,0.04,-0.05414554754914891,0.34063300449872447,-0.001035383516904703,0.46183399767613964,0.46079861415923495,-0.05414554754914891,0.34063300449872447,-0.001035383516904703,0.46183399767613964,0.46079861415923495,0.4954271873899006,-0.131980385840765,-131.980385840765,0.0,0.0,0.0,0.0,0,0
nominal,0.06,-0.08765187170972383,0.5671066253774417,-0.002504202991092035,0.47119251729334505,0.468688314302253,-0.08765187170972383,0.5671066253774417,-0.002504202991092035,0.47119251729334505,0.468688314302253,0.5154273006973124,-0.12409068569774695,-124.09068569774695,0.0,0.0,0.0,0.0,0,0
nominal,0.08,-0.11571400644499119,0.7759737654585468,-0.004597413459882036,0.48495482385116273,0.4803574103912807,-0.11571400644499119,0.7759737654585468,-0.004597413459882036,0.48495482385116273,0.4803574103912807,0.5354273080876076,-0.11242158960871923,-112.42158960871923,0.0,0.0,0.0,0.0,0,0
nominal,0.1,-0.13445308014281648,0.9442567800339678,-0.007162937483929918,0.5025152344202002,0.49535229693627025,-0.13445308014281648,0.9442567800339678,-0.007162937483929918,0.5025152344202002,0.49535229693627025,0.5554273104773224,-0.09742670306372969,-97.42670306372969,0.0,0.0,0.0,0.0,0,0
nominal,0.12,-0.14241056660942852,1.062105342904366,-0.009996115335666687,0.5229438639124364,0.5129477485767697,-0.14241056660942852,1.062105342904366,-0.009996115335666687,0.5229438639124364,0.5129477485767697,0.5754273110772536,-0.07983125142323022,-79.83125142323021,0.0,0.0,0.0,0.0,0,0
nominal,0.14,-0.13999066395636006,1.1298750947686478,-0.012882777228706566,0.5452213558407234,0.5323385786120168,-0.13999066395636006,1.1298750947686478,-0.012882777228706566,0.5452213558407234,0.5323385786120168,0.5954273111825561,-0.06044042138798311,-60.440421387983115,0.0,0.0,0.0,0.0,0,0
nominal,0.16,-0.12882676928905246,1.1547459241224223,-0.015630182876259596,0.5684093680354964,0.5527791851592367,-0.12882676928905246,1.1547459241224223,-0.015630182876259596,0.5684093680354964,0.5527791851592367,0.6154273111928169,-0.039999814840763204,-39.99981484076321,0.0,0.0,0.0,0.0,0,0
nominal,0.18,-0.08357545143119449,0.9776158996615982,-0.017784166887021,0.5899175334061028,0.5721333665190818,-0.08357545143119449,0.9776158996615982,-0.017784166887021,0.5899175334061028,0.5721333665190818,0.6101275586270118,-0.02064563348091819,-20.645633480918193,0.0,0.0,0.0,0.0,0,0
nominal,0.2,-0.004934381666149568,0.590239685762135,-0.018658494169576528,0.6055588790423545,0.586900384872778,-0.004934381666149568,0.590239685762135,-0.018658494169576528,0.6055588790423545,0.586900384872778,0.5901275586303812,-0.005878615127221987,-5.878615127221987,0.0,0.0,0.0,0.0,0,0
nominal,0.22,0.08479633502557582,0.11474563174691488,-0.017815953150188156,0.6123887469295648,0.5945727937793767,0.08479633502557582,0.11474563174691488,-0.017815953150188156,0.6123887469295648,0.5945727937793767,0.5701275586302179,0.0017937937793767178,1.7937937793767178,0.0,0.0,0.0,0.0,0,0
nominal,0.24,0.14462475601600144,-0.20683537774258287,-0.01547634981648394,0.6112363759584418,0.5957600261419579,0.14462475601600144,-0.20683537774258287,-0.01547634981648394,0.6112363759584418,0.5957600261419579,0.5721064369010174,0.002981026141957943,2.981026141957943,0.0,0.0,0.0,0.0,0,0
nominal,0.26,0.15629695410022248,-0.2592863531021381,-0.012445404159625677,0.6064699223730973,0.5940245182134716,0.15629695410022248,-0.2592863531021381,-0.012445404159625677,0.6064699223730973,0.5940245182134716,0.5920922058575607,0.0012455182134716303,1.2455182134716303,0.0,0.0,0.0,0.0,0,0
nominal,0.28,0.14530656033962197,-0.18790409731734758,-0.009423506818863583,0.6019783426587856,0.592554835839922,0.14530656033962197,-0.18790409731734758,-0.009423506818863583,0.6019783426587856,0.592554835839922,0.6024175595226389,-0.00022416416007797757,-0.22416416007797757,0.0,0.0,0.0,0.0,0,0
nominal,0.3,0.13434387130356662,-0.1255233648353009,-0.006623603576748128,0.5988377068086642,0.592214103231916,0.13434387130356662,-0.1255233648353009,-0.006623603576748128,0.5988377068086642,0.592214103231916,0.6004436549664992,-0.0005648967680839112,-0.5648967680839112,0.0,0.0,0.0,0.0,0,0
nominal,0.32,0.1294565401729263,-0.10848140026687059,-0.003978824458861485,0.5964725771821946,0.5924937527233332,0.1294565401729263,-0.10848140026687059,-0.003978824458861485,0.5964725771821946,0.5924937527233332,0.5939171891379333,-0.00028524727666678906,-0.28524727666678906,0.0,0.0,0.0,0.0,0,0
nominal,0.34,0.12702130895673758,-0.11567905058486927,-0.0014047489706774654,0.594191325175938,0.5927865762052605,0.12702130895673758,-0.11567905058486927,-0.0014047489706774654,0.594191325175938,0.5927865762052605,0.58869943915855,7.576205260595437e-06,0.007576205260595437,0.0,0.0,0.0,0.0,0,0
nominal,0.36,0.1228463726103336,-0.12177743039452071,0.0011031825673212415,0.5917761913220103,0.5928793738893315,0.1228463726103336,-0.12177743039452071,0.0011031825673212415,0.5917761913220103,0.5928793738893315,0.58594868016491,0.0001003738893315953,0.1003738893315953,0.0,0.0,0.0,0.0,0,0
nominal,0.38,0.11562141615785138,-0.11793664508773327,0.0034956731623101865,0.5893450758879502,0.5928407490502603,0.11562141615785138,-0.11793664508773327,0.0034956731623101865,0.5893450758879502,0.5928407490502603,0.5844613252211789,6.174905026035127e-05,0.06174905026035127,0.0,0.0,0.0,0.0,0,0
nominal,0.4,0.10606042208695299,-0.10718389120231109,0.005718783566024219,0.5870669043833012,0.5927856879493254,0.10606042208695299,-0.10718389120231109,0.005718783566024219,0.5870669043833012,0.5927856879493254,0.58310494765959,6.687949325456799e-06,0.006687949325456799,0.0,0.0,0.0,0.0,0,0
nominal,0.42,0.0952029808889987,-0.0945456986737856,0.007736569314333344,0.5850275682447686,0.592764137559102,0.0952029808889987,-0.0945456986737856,0.007736569314333344,0.5850275682447686,0.592764137559102,0.5815784583459778,-1.486244089798916e-05,-0.01486244089798916,0.0,0.0,0.0,0.0,0,0
nominal,0.44,0.08362278043895233,-0.0823468058038963,0.009529079430282734,0.5832401916503802,0.5927692710806629,0.08362278043895233,-0.0823468058038963,0.009529079430282734,0.5832401916503802,0.5927692710806629,0.5800800815693327,-9.728919337037567e-06,-0.009728919337037567,0.0,0.0,0.0,0.0,0,0
nominal,0.46,0.07149221839404785,-0.07053300844777599,0.011083593791608622,0.5816964520193666,0.5927800458109752,0.07149221839404785,-0.07053300844777599,0.011083593791608622,0.5816964520193666,0.5927800458109752,0.5788427553701656,1.0458109752642386e-06,0.0010458109752642386,0.0,0.0,0.0,0.0,0,0
nominal,0.48,0.05888578217976792,-0.05844729729255871,0.01238977360667515,0.5803956385281149,0.5927854121347901,0.05888578217976792,-0.05844729729255871,0.01238977360667515,0.5803956385281149,0.5927854121347901,0.5779510100365722,6.412134790134694e-06,0.006412134790134694,0.0,0.0,0.0,0.0,0,0
nominal,0.5,0.04594822088340844,-0.04584500268834946,0.013439505059515161,0.5793459060218439,0.5927854110813591,0.04594822088340844,-0.04584500268834946,0.013439505059515161,0.5793459060218439,0.5927854110813591,0.5773805839389268,6.411081359125603e-06,0.006411081359125603,0.0,0.0,0.0,0.0,0,0
nominal,0.52,0.032897248719226946,-0.03294028601404175,0.014228359335735005,0.5785554076311392,0.5927837669668742,0.032897248719226946,-0.03294028601404175,0.014228359335735005,0.5785554076311392,0.5927837669668742,0.5770849863861235,4.766966874236722e-06,0.004766966874236722,0.0,0.0,0.0,0.0,0,0
nominal,0.54,0.019966829579621925,-0.020093691552191206,0.014756461343721886,0.5780263650110965,0.5927828263548184,0.019966829579621925,-0.020093691552191206,0.014756461343721886,0.5780263650110965,0.5927828263548184,0.5770372832807523,3.826354818436961e-06,0.003826354818436961,0.0,0.0,0.0,0.0,0,0
nominal,0.56,0.00736840194483479,-0.0075966830947469255,0.015028401905630186,0.5777544286543339,0.5927828305599641,0.00736840194483479,-0.0075966830947469255,0.015028401905630186,0.5777544286543339,0.5927828305599641,0.5772278249500878,3.830559964113078e-06,0.0038305599641130783,0.0,0.0,0.0,0.0,0,0
nominal,0.58,-0.004716412422601124,0.004361991802514176,0.015052705297880869,0.5777304434588549,0.5927831487567358,-0.004716412422601124,0.004361991802514176,0.015052705297880869,0.5777304434588549,0.5927831487567358,0.5776490719973514,4.148756735822268e-06,0.004148756735822268,0.0,0.0,0.0,0.0,0,0
nominal,0.6,-0.016128913124734745,0.015646944441456423,0.014841303453270477,0.5779419993929195,0.59278330284619,-0.016128913124734745,0.015646944441456423,0.014841303453270477,0.5779419993929195,0.59278330284619,0.5782870163744346,4.302846190018528e-06,0.004302846190018528,0.0,0.0,0.0,0.0,0,0
nominal,0.62,-0.026727722458716796,0.026134812585182132,0.014409136423457621,0.5783740676339403,0.5927832040573979,-0.026727722458716796,0.026134812585182132,0.014409136423457621,0.5783740676339403,0.5927832040573979,0.5791211183050546,4.204057397982908e-06,0.004204057397982908,0.0,0.0,0.0,0.0,0,0
nominal,0.64,-0.03638849842963621,0.03570553892493322,0.013773808949354822,0.5790091507883954,0.5927829597377503,-0.03638849842963621,0.03570553892493322,0.013773808949354822,0.5790091507883954,0.5927829597377503,0.5801274442349906,3.959737750358627e-06,0.003959737750358627,0.0,0.0,0.0,0.0,0,0
nominal,0.66,-0.04500631869826366,0.04425137039510574,0.012955223867812733,0.5798274477705717,0.5927826716383845,-0.04500631869826366,0.04425137039510574,0.012955223867812733,0.5798274477705717,0.5927826716383845,0.5812809896300575,3.671638384550313e-06,0.003671638384550313,0.0,0.0,0.0,0.0,0,0
nominal,0.68,-0.05249772018235743,0.051685914870520655,0.011975170820797808,0.5808072018609568,0.5927823726817546,-0.05249772018235743,0.051685914870520655,0.011975170820797808,0.5808072018609568,0.5927823726817546,0.5825564155056744,3.3726817546542165e-06,0.0033726817546542165,0.0,0.0,0.0,0.0,0,0
nominal,0.7000000000000001,-0.05880137357036974,0.057947052355798334,0.01085688829098884,0.5819251660370612,0.5927820543280501,-0.05880137357036974,0.057947052355798334,0.01085688829098884,0.5819251660370612,0.5927820543280501,0.5839280494262648,3.054328050144939e-06,0.003054328050144939,0.0,0.0,0.0,0.0,0,0
nominal,0.72,-0.06387776492357689,0.06299569212734824,0.009624622569400875,0.5831570824274191,0.59278170499682,-0.06387776492357689,0.06299569212734824,0.009624622569400875,0.5831570824274191,0.59278170499682,0.5853699434952737,2.7049968200909547e-06,0.0027049968200909547,0.0,0.0,0.0,0.0,0,0
nominal,0.74,-0.06770847486851717,0.06681372687082288,0.008303197328202052,0.5844781278400829,0.592781325168285,-0.06770847486851717,0.06681372687082288,0.008303197328202052,0.5844781278400829,0.592781325168285,0.5868562024209725,2.325168285022272e-06,0.002325168285022272,0.0,0.0,0.0,0.0,0,0
nominal,0.76,-0.07029532091207369,0.06940265634692722,0.00691759901882228,0.5858633249900708,0.592780924008893,-0.07029532091207369,0.06940265634692722,0.00691759901882228,0.5858633249900708,0.592780924008893,0.5883614474584171,1.924008893094964e-06,0.001924008893094964,0.0,0.0,0.0,0.0,0,0
nominal,0.78,-0.07165935195442752,0.07078271016826454,0.005492580937922366,0.5872879311611174,0.5927805120990398,-0.07165935195442752,0.07078271016826454,0.005492580937922366,0.5872879311611174,0.5927805120990398,0.5898612563665573,1.5120990398687084e-06,0.0015120990398687084,0.0,0.0,0.0,0.0,0,0
nominal,0.8,-0.07183961980819875,0.07099188909934329,0.0040522897340072046,0.5887278081460863,0.5927800978800934,-0.07183961980819875,0.07099188909934329,0.0040522897340072046,0.5887278081460863,0.5927800978800934,0.5913325199873626,1.0978800935035338e-06,0.0010978800935035338,0.0,0.0,0.0,0.0,0,0
nominal,0.8200000000000001,-0.07089170606035955,0.0700846360377696,0.002619919081451094,0.5901597686872294,0.5927796877686805,-0.07089170606035955,0.0700846360377696,0.002619919081451094,0.5901597686872294,0.5927796877686805,0.5927537288106103,6.877686805628613e-07,0.0006877686805628613,0.0,0.0,0.0,0.0,0,0
nominal,0.84,-0.06888603932562443,0.06813017128497867,0.0012173950805749838,0.5915618922757095,0.5927792873562845,-0.06888603932562443,0.06813017128497867,0.0012173950805749838,0.5915618922757095,0.5927792873562845,0.5941052158786982,2.8735628454512607e-07,0.00028735628454512607,0.0,0.0,0.0,0.0,0,0
nominal,0.86,-0.06590605680802541,0.06521063487022483,-0.00013490296600882253,0.5929138050421059,0.5927789020760971,-0.06590605680802541,0.06521063487022483,-0.00013490296600882253,0.5929138050421059,0.5927789020760971,0.5953693667855036,-9.792390287532982e-08,-9.792390287532982e-05,0.0,0.0,0.0,0.0,0,0
nominal,0.88,-0.06204625748561832,0.061419139387759,-0.0014183837651987512,0.5941969209417735,0.5927785371765747,-0.06204625748561832,0.061419139387759,-0.0014183837651987512,0.5941969209417735,0.5927785371765747,0.596530793808584,-4.6282342525127973e-07,-0.00046282342525127973,0.0,0.0,0.0,0.0,0,0
nominal,0.9,-0.0574101837510681,0.05685777572470929,-0.0026164454362572007,0.5953946428782185,0.5927781974419614,-0.0574101837510681,0.05685777572470929,-0.0026164454362572007,0.5953946428782185,0.5927781974419614,0.5975764682540018,-8.025580385817577e-07,-0.0008025580385817577,0.0,0.0,0.0,0.0,0,0
nominal,0.92,-0.05210836353668791,0.0516355881498769,-0.0037146359953084225,0.59649252298803,0.5927778869927216,-0.05210836353668791,0.0516355881498769,-0.0037146359953084225,0.59649252298803,0.5927778869927216,0.5984958082987094,-1.1130072783416267e-06,-0.0011130072783416267,0.0,0.0,0.0,0.0,0,0
nominal,0.9400000000000001,-0.04625624468150458,0.045866538545941804,-0.004700772451982893,0.5974783816815649,0.592777609229582,-0.04625624468150458,0.045866538545941804,-0.004700772451982893,0.5974783816815649,0.592777609229582,0.5992807231032218,-1.3907704179416669e-06,-0.001390770417941667,0.0,0.0,0.0,0.0,0,0
nominal,0.96,-0.03997215366448437,0.039667489290203584,-0.005565018690635999,0.5983423855406773,0.5927773668500413,-0.03997215366448437,0.039667489290203584,-0.005565018690635999,0.5983423855406773,0.5927773668500413,0.5999256155390604,-1.633149958601976e-06,-0.001633149958601976,0.0,0.0,0.0,0.0,0,0
nominal,0.98,-0.033375309779975604,0.03315623799418477,-0.006299922943210719,0.5990770848139878,0.5927771618707771,-0.033375309779975604,0.03315623799418477,-0.006299922943210719,0.5990770848139878,0.5927771618707771,0.6004273461024225,-1.8381292228308865e-06,-0.0018381292228308865,0.0,0.0,0.0,0.0,0,0
nominal,1.0,-0.026583923408470933,0.02644963479576301,-0.006900416259932045,0.5996774118972155,0.5927769956372834,-0.026583923408470933,0.02644963479576301,-0.006900416259932045,0.5996774118972155,0.5927769956372834,0.600785160561087,-2.004362716578889e-06,-0.002004362716578889,0.0,0.0,0.0,0.0,0,0
nominal,1.02,-0.019713403988744105,0.019661808227750655,-0.007363773927908317,0.6001406427587065,0.5927768688307982,-0.019713403988744105,0.019661808227750655,-0.007363773927908317,0.6001406427587065,0.5927768688307982,0.601000584103812,-2.1311692017800254e-06,-0.0021311692017800254,0.0,0.0,0.0,0.0,0,0
nominal,1.04,-0.012874700128865824,0.012902521550433477,-0.007689542269203406,0.6004663237538537,0.5927767814846503,-0.012874700128865824,0.012902521550433477,-0.007689542269203406,0.6004663237538537,0.5927767814846503,0.6010772851773091,-2.2185153496501187e-06,-0.0022185153496501187,0.0,0.0,0.0,0.0,0,0
nominal,1.06,-0.006172791111786147,0.00627567821289432,-0.007879433667768544,0.6006561666815403,0.5927767330137718,-0.006172791111786147,0.00627567821289432,-0.007879433667768544,0.6006561666815403,0.5927767330137718,0.601020912603023,-2.266986228183221e-06,-0.002266986228183221,0.0,0.0,0.0,0.0,0,0
nominal,1.08,0.00029465420208785176,-0.00012200781720483889,-0.007937193027892295,0.6007139152829336,0.5927767222550413,0.00029465420208785176,-0.00012200781720483889,-0.007937193027892295,0.6007139152829336,0.5927767222550413,0.6008389098531778,-2.2777449586453002e-06,-0.0022777449586453002,0.0,0.0,0.0,0.0,0,0
nominal,1.1,0.0064384384299758235,-0.0062021642222642726,-0.007868439153733944,0.6006451866687613,0.5927767475150274,0.0064384384299758235,-0.0062021642222642726,-0.007868439153733944,0.6006451866687613,0.5927767475150274,0.6005403105296347,-2.25248497254249e-06,-0.00225248497254249,0.0,0.0,0.0,0.0,0,0
nominal,1.12,0.012178807455917373,-0.01188572571249491,-0.007680484758349513,0.6004572913813431,0.5927768066229936,0.012178807455917373,-0.01188572571249491,-0.007680484758349513,0.6004572913813431,0.5927768066229936,0.6001355191662591,-2.193377006354247e-06,-0.002193377006354247,0.0,0.0,0.0,0.0,0,0
nominal,1.1400000000000001,0.01744622714349109,-0.017103706743980318,-0.007382138960857334,0.6001590359490449,0.5927768969881875,0.01744622714349109,-0.017103706743980318,-0.007382138960857334,0.6001590359490449,0.5927768969881875,0.599636081490551,-2.1030118124709674e-06,-0.0021030118124709674,0.0,0.0,0.0,0.0,0,0
nominal,1.16,0.02218196249556481,-0.02179777904696678,-0.006983496212923174,0.5997605118736469,0.5927770156607237,0.02218196249556481,-0.02179777904696678,-0.006983496212923174,0.5997605118736469,0.5927770156607237,0.5990544482395358,-1.9843392762286527e-06,-0.0019843392762286527,0.0,0.0,0.0,0.0,0,0
nominal,1.18,0.026338459986841478,-0.025920654613342364,-0.006495715612701983,0.5992728750078615,0.5927771593951595,0.026338459986841478,-0.025920654613342364,-0.006495715612701983,0.5992728750078615,0.5927771593951595,0.5984037365260325,-1.840604840430693e-06,-0.001840604840430693,0.0,0.0,0.0,0.0,0,0
nominal,1.2,0.02987953682437272,-0.029436277783294607,-0.005930794518819872,0.5987081192344635,0.5927773247156437,0.02987953682437272,-0.029436277783294607,-0.005930794518819872,0.5987081192344635,0.5927773247156437,0.5976974925945837,-1.675284356239537e-06,-0.001675284356239537,0.0,0.0,0.0,0.0,0,0
nominal,1.22,0.03278038371250769,-0.03231983285673934,-0.00530134027274514,0.5980788482542198,0.5927775079814747,0.03278038371250769,-0.03231983285673934,-0.00530134027274514,0.5980788482542198,0.5927775079814747,0.5969494595956308,-1.4920185252842444e-06,-0.0014920185252842444,0.0,0.0,0.0,0.0,0,0
nominal,1.24,0.03502739027939605,-0.03455757620890765,-0.004620343679490264,0.5973980491314692,0.5927777054519789,0.03502739027939605,-0.03455757620890765,-0.004620343679490264,0.5973980491314692,0.5927777054519789,0.5961733537489019,-1.294548021002484e-06,-0.001294548021002484,0.0,0.0,0.0,0.0,0,0
nominal,1.26,0.03661780463357511,-0.03614650418187182,-0.003900957689130857,0.5966788710388564,0.5927779133497255,0.03661780463357511,-0.03614650418187182,-0.003900957689130857,0.5966788710388564,0.5927779133497255,0.5953826519695208,-1.0866502744288908e-06,-0.0010866502744288908,0.0,0.0,0.0,0.0,0,0
nominal,1.28,0.037559240537967886,-0.03709387002804165,-0.0031562844707665842,0.5959344123919529,0.5927781279211863,0.037559240537967886,-0.03709387002804165,-0.0031562844707665842,0.5959344123919529,0.5927781279211863,0.5945903937000292,-8.72078813607402e-07,-0.000872078813607402,0.0,0.0,0.0,0.0,0,0
nominal,1.3,0.03786904739751695,-0.037416564879297454,-0.002399173782333573,0.5951775192763671,0.5927783454940335,0.03786904739751695,-0.037416564879297454,-0.002399173782333573,0.5951775192763671,0.5927783454940335,0.5938089993348992,-6.545059664242459e-07,-0.0006545059664242459,0.0,0.0,0.0,0.0,0,0
nominal,1.32,0.03757355964436393,-0.03714037909516277,-0.0016420352204444605,0.5944205977507933,0.5927785625303488,0.03757355964436393,-0.03714037909516277,-0.0016420352204444605,0.5944205977507933,0.5927785625303488,0.5930501072479395,-4.3746965117108516e-07,-0.00043746965117108516,0.0,0.0,0.0,0.0,0,0
nominal,1.34,0.03670724316526175,-0.03629916139986511,-0.0008966665906869273,0.5936754422658018,0.5927787756751149,0.03670724316526175,-0.03629916139986511,-0.0008966665906869273,0.5936754422658018,0.5927787756751149,0.5923244310440257,-2.2432488500090386e-07,-0.00022432488500090386,0.0,0.0,0.0,0.0,0,0
nominal,1.36,0.035311757149527834,-0.03493389395177937,-0.00017410027711905248,0.5929530820765843,0.5927789817994652,0.035311757149527834,-0.03493389395177937,-0.00017410027711905248,0.5929530820765843,0.5927789817994652,0.5916416382614437,-1.820053474599348e-08,-1.820053474599348e-05,0.0,0.0,0.0,0.0,0,0
nominal,1.3800000000000001,0.033434950146899345,-0.033091701903247284,0.0005155308834197342,0.5922636471548558,0.5927791780382755,0.033434950146899345,-0.033091701903247284,0.0005155308834197342,0.5922636471548558,0.5927791780382755,0.5910102513564546,1.7803827556672758e-07,0.00017803827556672758,0.0,0.0,0.0,0.0,0,0
nominal,1.4000000000000001,0.031129809222726013,-0.03082481611398391,0.0011631070947330019,0.5916162547270589,0.5927793618217919,0.031129809222726013,-0.03082481611398391,0.0011631070947330019,0.5916162547270589,0.5927793618217919,0.5904375714134709,3.618217919720834e-07,0.0003618217919720834,0.0,0.0,0.0,0.0,0,0
nominal,1.42,0.02845338089690308,-0.02818950749050453,0.0017606137120567732,0.591018917189039,0.5927795309010958,0.02845338089690308,-0.02818950749050453,0.0017606137120567732,0.591018917189039,0.5927795309010958,0.5899296246482885,5.309010958631788e-07,0.0005309010958631788,0.0,0.0,0.0,0.0,0,0
nominal,1.44,0.02546568207065314,-0.025245010954643377,0.002301211590010885,0.5904784717773031,0.5927796833673139,0.02546568207065314,-0.025245010954643377,0.002301211590010885,0.5904784717773031,0.5927796833673139,0.5894911314133844,6.833673139583496e-07,0.0006833673139583496,0.0,0.0,0.0,0.0,0,0
nominal,1.46,0.022228618403175693,-0.022052456317709357,0.0027792856453372414,0.5900005320192467,0.592779817664584,0.022228618403175693,-0.022052456317709357,0.0027792856453372414,0.5900005320192467,0.592779817664584,0.5891254970780481,8.176645840407559e-07,0.0008176645840407559,0.0,0.0,0.0,0.0,0,0
nominal,1.48,0.018804926622629226,-0.018673822376934268,0.0031904719525737814,0.5895894606443048,0.5927799325968787,0.018804926622629226,-0.018673822376934268,0.0031904719525737814,0.5895894606443048,0.5927799325968787,0.5888348238462365,9.325968787221584e-07,0.0009325968787221584,0.0,0.0,0.0,0.0,0,0
nominal,1.5,0.015257156069717448,-0.015170929383865328,0.0035316640095798086,0.5892483633193083,0.5927800273288881,0.015257156069717448,-0.015170929383865328,0.0035316640095798086,0.5892483633193083,0.5927800273288881,0.5886199422950948,1.0273288881812448e-06,0.0010273288881812448,0.0,0.0,0.0,0.0,0,0
nominal,1.52,0.011646703406207548,-0.011604483689413136,0.0038009991029458205,0.5889791022782933,0.5927801013812392,0.011646703406207548,-0.011604483689413136,0.0038009991029458205,0.5889791022782933,0.5927801013812392,0.5884804611698132,1.1013812392102196e-06,0.0011013812392102196,0.0,0.0,0.0,0.0,0,0
nominal,1.54,0.008032912904994305,-0.008033186876049925,0.003997825967487434,0.5887823286529154,0.5927801546204028,0.008032912904994305,-0.008033186876049925,0.003997825967487434,0.5887823286529154,0.5927801546204028,0.5884148337583545,1.1546204028434204e-06,0.0011546204028434204,0.0,0.0,0.0,0.0,0,0
nominal,1.56,0.004472253103983248,-0.004512920075610438,0.00412265516655051,0.5886575320771623,0.5927801872437128,0.004472253103983248,-0.004512920075610438,0.00412265516655051,0.5886575320771623,0.5927801872437128,0.5884204389939479,1.1872437128968016e-06,0.0011872437128968016,0.0,0.0,0.0,0.0,0,0
nominal,1.58,0.0010175788843738154,-0.001096012472098895,0.00417709381868204,0.5886031059412865,0.5927801997599685,0.0010175788843738154,-0.001096012472098895,0.00417709381868204,0.5886031059412865,0.5927801997599685,0.5884936752951425,1.1997599685953375e-06,0.0011997599685953375,0.0,0.0,0.0,0.0,0,0
nominal,1.6,-0.00228251374403865,0.002169398766911357,0.004163766459912825,0.5886164265062284,0.5927801929661412,-0.00228251374403865,0.002169398766911357,0.004163766459912825,0.5886164265062284,0.5927801929661412,0.5886300650529777,1.1929661412057868e-06,0.0011929661412057868,0.0,0.0,0.0,0.0,0,0
nominal,1.62,-0.0053842346715946565,0.005239911668378117,0.004086223958636954,0.5886939439621032,0.5927801679207402,-0.0053842346715946565,0.005239911668378117,0.004086223958636954,0.5886939439621032,0.5927801679207402,0.5888243676120446,1.1679207402304215e-06,0.0011679207402304215,0.0,0.0,0.0,0.0,0,0
nominal,1.6400000000000001,-0.008249044852669418,0.00807730205866486,0.003948842491642772,0.5888312834227752,0.592780125914418,-0.008249044852669418,0.00807730205866486,0.003948842491642772,0.5888312834227752,0.592780125914418,0.5890706985661289,1.1259144180320035e-06,0.0011259144180320035,0.0,0.0,0.0,0.0,0,0
nominal,1.6600000000000001,-0.010843997694444218,0.010648863661026464,0.0037567146456083528,0.5890233537928009,0.5927800684384092,-0.010843997694444218,0.010648863661026464,0.0037567146456083528,0.5890233537928009,0.5927800684384092,0.5893626531982408,1.0684384093018195e-06,0.0010684384093018195,0.0,0.0,0.0,0.0,0,0
nominal,1.68,-0.013141976471339745,0.012927645444042568,0.003515534729219492,0.589264462422181,0.5927799971514005,-0.013141976471339745,0.012927645444042568,0.003515534729219492,0.589264462422181,0.5927799971514005,0.5896934319373347,9.971514005613358e-07,0.0009971514005613358,0.0,0.0,0.0,0.0,0,0
nominal,1.7,-0.01512182919569205,0.01489258759220169,0.0032314803683974064,0.5895484334770287,0.592779913845426,-0.01512182919569205,0.01489258759220169,0.0032314803683974064,0.5895484334770287,0.592779913845426,0.5900559657775872,9.138454261092832e-07,0.0009138454261092832,0.0,0.0,0.0,0.0,0,0
nominal,1.72,-0.016768403902322704,0.016528558981612207,0.0029110924127876935,0.5898687279985826,0.5927798204113702,-0.016768403902322704,0.016528558981612207,0.0029110924127876935,0.5898687279985826,0.5927798204113702,0.5904430397080023,8.20411370283658e-07,0.000820411370283658,0.0,0.0,0.0,0.0,0,0
nominal,1.74,-0.01807248871031386,0.017826300436122544,0.0025611551079147803,0.5902185636967142,0.592779718804629,-0.01807248871031386,0.017826300436122544,0.0025611551079147803,0.5902185636967142,0.592779718804629,0.5908474123274327,7.188046290407257e-07,0.0007188046290407257,0.0,0.0,0.0,0.0,0,0
nominal,1.76,-0.019030662293664125,0.01878227929637033,0.0021885783868465696,0.5905910326246151,0.5927796110114617,-0.019030662293664125,0.01878227929637033,0.0021885783868465696,0.5905910326246151,0.5927796110114617,0.5912619299695945,6.110114617596807e-07,0.0006110114617596807,0.0,0.0,0.0,0.0,0,0
nominal,1.78,-0.019645061510479955,0.01939846194290018,0.001800284010732324,0.5909792150057901,0.5927794990165224,-0.019645061510479955,0.01939846194290018,0.001800284010732324,0.5909792150057901,0.5927794990165224,0.5916796338308027,4.990165224372234e-07,0.0004990165224372234,0.0,0.0,0.0,0.0,0,0
nominal,1.8,-0.01992307389807635,0.019682011865206128,0.0014030971422926012,0.5913762876297246,0.5927793847720172,-0.01992307389807635,0.019682011865206128,0.0014030971422926012,0.5913762876297246,0.5927793847720172,0.5920938587765627,3.847720172478475e-07,0.0003847720172478475,0.0,0.0,0.0,0.0,0,0
nominal,1.82,-0.019876963531734626,0.019644921654124126,0.0010036447735427998,0.5917756253953463,0.5927792701688891,-0.019876963531734626,0.019644921654124126,0.0010036447735427998,0.5917756253953463,0.5927792701688891,0.5924983226981153,2.701688891493248e-07,0.0002701688891493248,0.0,0.0,0.0,0.0,0,0
nominal,1.84,-0.01952343936381784,0.019303587910990405,0.0006082622521223942,0.5921708947582571,0.5927791570103795,-0.01952343936381784,0.019303587910990405,0.0006082622521223942,0.5921708947582571,0.5927791570103795,0.5928872054929307,1.5701037958670838e-07,0.00015701037958670838,0.0,0.0,0.0,0.0,0,0
nominal,1.86,-0.018883175606387637,0.018678338512957193,0.00022290896303243848,0.5925561380252276,0.59277904698826,-0.018883175606387637,0.018678338512957193,0.00022290896303243848,0.5925561380252276,0.59277904698826,0.5932552169505455,4.6988260060665255e-08,4.6988260060665255e-05,0.0,0.0,0.0,0.0,0,0
nominal,1.8800000000000001,-0.01798029399578649,0.017792921950094076,-0.00014690597219697236,0.5929258476341694,0.5927789416619724,-0.01798029399578649,0.017792921950094076,-0.00014690597219697236,0.5929258476341694,0.5927789416619724,0.5935976530333725,-5.8338027519866387e-08,-5.833802751986639e-05,0.0,0.0,0.0,0.0,0,0
nominal,1.9000000000000001,-0.016841817886248056,0.01667396856204384,-0.0004961873154898525,0.5932750297563518,0.592778842440862,-0.016841817886248056,0.01667396856204384,-0.0004961873154898525,0.5932750297563518,0.592778842440862,0.593910440248207,-1.5755913795878485e-07,-0.00015755913795878485,0.0,0.0,0.0,0.0,0,0
nominal,1.92,-0.015497108067650589,0.015350433454234036,-0.0008205061870787461,0.5935992567567019,0.5927787505696231,-0.015497108067650589,0.015350433454234036,-0.0008205061870787461,0.5935992567567019,0.5927787505696231,0.5941901680045671,-2.4943037679747704e-07,-0.00024943037679747704,0.0,0.0,0.0,0.0,0,0
nominal,1.94,-0.013977289999231979,0.013853030677401623,-0.0011160411275005083,0.5938947082445316,0.5927786671170311,-0.013977289999231979,0.013853030677401623,-0.0011160411275005083,0.5938947082445316,0.5927786671170311,0.594434109048476,-3.3288296885647384e-07,-0.00033288296885647384,0.0,0.0,0.0,0.0,0,0
nominal,1.96,-0.012314681806564698,0.012213667916757487,-0.001379607670027442,0.5941582006379953,0.5927785929679679,-0.012314681806564698,0.012213667916757487,-0.001379607670027442,0.5941582006379953,0.5927785929679679,0.5946402282415355,-4.0703203207925753e-07,-0.00040703203207925753,0.0,0.0,0.0,0.0,0,0
nominal,1.98,-0.010542231916146116,0.010464890473639077,-0.0016086765296227865,0.5943872053483316,0.5927785288187087,-0.010542231916146116,0.010464890473639077,-0.0016086765296227865,0.5943872053483316,0.5927785288187087,0.5948071801235633,-4.711812912061575e-07,-0.0004711812912061575,0.0,0.0,0.0,0.0,0,0
nominal,2.0,-0.008692974613911053,0.0086393427439031,-0.0018013806866333457,0.5945798558620117,0.5927784751753783,-0.008692974613911053,0.0086393427439031,-0.0018013806866333457,0.5945798558620117,0.5927784751753783,0.5949342958500747,-5.248246216504882e-07,-0.0005248246216504882,0.0,0.0,0.0,0.0,0,0
nominal,2.02,-0.006799511125967439,0.006769254720340623,-0.001956511802729575,0.5947349441581763,0.5927784323554467,-0.006799511125967439,0.006769254720340623,-0.001956511802729575,0.5947349441581763,0.5927784323554467,0.5950215602323555,-5.676445532509788e-07,-0.0005676445532509788,0.0,0.0,0.0,0.0,0,0
nominal,2.04,-0.004893523047301951,0.004885960284823021,-0.0020735065512254326,0.5948519070433154,0.59277840049209,-0.004893523047301951,0.004885960284823021,-0.0020735065512254326,0.5948519070433154,0.59277840049209,0.5950695797261013,-5.995079099818668e-07,-0.0005995079099818668,0.0,0.0,0.0,0.0,0,0
nominal,2.06,-0.003005324103522833,0.0030194532271852204,-0.002152423572327815,0.594930803113535,0.5927783795412072,-0.003005324103522833,0.0030194532271852204,-0.002152423572327815,0.594930803113535,0.5927783795412072,0.5950795423139598,-6.204587927882699e-07,-0.0006204587927882699,0.0,0.0,0.0,0.0,0,0
nominal,2.08,-0.0011634553381383306,0.0011979860467961068,-0.0021939118748767507,0.5949722811657306,0.5927783692908539,-0.0011634553381383306,0.0011979860467961068,-0.0021939118748767507,0.5949722811657306,0.5927783692908539,0.5950531703068924,-6.307091460211467e-07,-0.0006307091460211467,0.0,0.0,0.0,0.0,0,0
nominal,2.1,0.0006056721099154672,-0.0005522843230174601,-0.0021991715988719136,0.5949775409716969,0.5927783693728249,0.0006056721099154672,-0.0005522843230174601,-0.0021991715988719136,0.5949775409716969,0.5927783693728249,0.594992667149094,-6.306271750355918e-07,-0.0006306271750355918,0.0,0.0,0.0,0.0,0,0
nominal,2.12,0.002278083420732324,-0.0022076006629343503,-0.002169908126995545,0.5949482874030952,0.5927783792760997,0.002278083420732324,-0.0022076006629343503,-0.002169908126995545,0.5949482874030952,0.5927783792760997,0.5949006593510895,-6.207239002797849e-07,-0.0006207239002797849,0.0,0.0,0.0,0.0,0,0
nominal,2.14,0.003832493432448736,-0.0037468572222456586,-0.0021082805882132174,0.5948866789500632,0.59277839836185,0.003832493432448736,-0.0037468572222456586,-0.0021082805882132174,0.5948866789500632,0.59277839836185,0.5947801346960668,-6.016381499662771e-07,-0.0006016381499662771,0.0,0.0,0.0,0.0,0,0
nominal,2.16,0.005250505576209319,-0.0051517977426525086,-0.002016845832446601,0.5947952717121453,0.5927784258796986,0.005250505576209319,-0.0051517977426525086,-0.002016845832446601,0.5947952717121453,0.5927784258796986,0.5946343778660468,-5.741203012998852e-07,-0.0005741203012998852,0.0,0.0,0.0,0.0,0,0
nominal,2.18,0.006516755991610168,-0.006407159316619726,-0.0018984989726423636,0.5946769599575561,0.5927784609849137,0.006516755991610168,-0.006407159316619726,-0.0018984989726423636,0.5946769599575561,0.5927784609849137,0.594466904618176,-5.390150862316645e-07,-0.0005390150862316645,0.0,0.0,0.0,0.0,0,0
nominal,2.2,0.007619003281793435,-0.007500762511308157,-0.0017564115899553591,0.5945349143461802,0.5927785027562249,0.007619003281793435,-0.007500762511308157,-0.0017564115899553591,0.5945349143461802,0.5927785027562249,0.5942813956081907,-4.972437750438985e-07,-0.0004972437750438985,0.0,0.0,0.0,0.0,0,0
nominal,2.22,0.008548165191636259,-0.008423549004863862,-0.001593968680116407,0.5943725188940692,0.5927785502139528,0.008548165191636259,-0.008423549004863862,-0.001593968680116407,0.5943725188940692,0.5927785502139528,0.5940816309095287,-4.4978604718526327e-07,-0.00044978604718526327,0.0,0.0,0.0,0.0,0,0
nominal,2.24,0.00929830425611633,-0.009169568738153,-0.0014147053854813062,0.5941933077236354,0.5927786023381542,0.00929830425611633,-0.009169568738153,-0.0014147053854813062,0.5941933077236354,0.5927786023381542,0.5938714262139708,-3.9766184578571284e-07,-0.00039766184578571284,0.0,0.0,0.0,0.0,0,0
nominal,2.2600000000000002,0.009866565159991736,-0.009735919272681137,-0.001222244509066937,0.5940009025955668,0.5927786580864999,0.009866565159991736,-0.009735919272681137,-0.001222244509066937,0.5940009025955668,0.5927786580864999,0.5936545716248814,-3.4191350006818055e-07,-0.00034191350006818055,0.0,0.0,0.0,0.0,0,0
nominal,2.2800000000000002,0.010253067167095953,-0.010122640657631798,-0.0010202357455439508,0.5937989521571624,0.5927787164116184,0.010253067167095953,-0.010122640657631798,-0.0010202357455439508,0.5937989521571624,0.5927787164116184,0.5934347738687243,-2.835883815555107e-07,-0.0002835883815555107,0.0,0.0,0.0,0.0,0,0
nominal,2.3000000000000003,0.01046075551182124,-0.010332569638708655,-0.0008122974912784285,0.593591073768942,0.5927787762776636,0.01046075551182124,-0.010332569638708655,-0.0008122974912784285,0.593591073768942,0.5927787762776636,0.5932156026566264,-2.237223363232843e-07,-0.0002237223363232843,0.0,0.0,0.0,0.0,0,0
nominal,2.32,0.010495216092781479,-0.010371157486351645,-0.000601962012801399,0.5933807986886859,0.5927788366758845,0.010495216092781479,-0.010371157486351645,-0.000601962012801399,0.5933807986886859,0.5927788366758845,0.5930004418268982,-1.6332411545416647e-07,-0.00016332411545416647,0.0,0.0,0.0,0.0,0,0
nominal,2.34,0.01036445816623588,-0.010246256076274829,-0.0003926246623093014,0.5931715213013142,0.592778896639005,0.01036445816623588,-0.010246256076274829,-0.0003926246623093014,0.5931715213013142,0.592778896639005,0.5927924457938952,-1.0336099498520213e-07,-0.00010336099498520213,0.0,0.0,0.0,0.0,0,0
nominal,2.36,0.01007867000370466,-0.009967877121593638,-0.00018749773177259392,0.5929664529860209,0.5927789552542483,0.01007867000370466,-0.009967877121593638,-0.00018749773177259392,0.5929664529860209,0.5927789552542483,0.5925945017199528,-4.474575165946959e-08,-4.474575165946959e-05,0.0,0.0,0.0,0.0,0,0
nominal,2.38,0.00964995265451174,-0.009547929632335084,1.0430564226565284e-05,0.5927685811106436,0.5927790116748701,0.00964995265451174,-0.009547929632335084,1.0430564226565284e-05,0.5927685811106436,0.5927790116748701,0.5924091977174192,1.167487018172153e-08,1.167487018172153e-05,0.0,0.0,0.0,0.0,0,0
nominal,2.4,0.009092037041493528,-0.008999940766934333,0.00019843159089372262,0.592580633539199,0.5927790651300927,0.009092037041493528,-0.008999940766934333,0.00019843159089372262,0.592580633539199,0.5927790651300927,0.5922387972787202,6.51300927634324e-08,6.51300927634324e-05,0.0,0.0,0.0,0.0,0,0
nominal,2.42,0.008419989619854018,-0.008338765244243262,0.00037406599979115506,0.5924050489335748,0.592779114933366,0.008419989619854018,-0.008338765244243262,0.00037406599979115506,0.5924050489335748,0.592779114933366,0.5920852200255843,1.1493336604662119e-07,0.00011493336604662119,0.0,0.0,0.0,0.0,0,0
nominal,2.44,0.0076499117493189495,-0.007580288407881053,0.0005352074626761103,0.5922439530262334,0.5927791604889096,0.0076499117493189495,-0.007580288407881053,0.0005352074626761103,0.5922439530262334,0.5927791604889096,0.5919500287656017,1.6048890960629336e-07,0.00016048890960629336,0.0,0.0,0.0,0.0,0,0
nominal,2.46,0.006798637773620442,-0.006741127882468945,0.000680060357492099,0.592099140939024,0.5927792012965162,0.006798637773620442,-0.006741127882468945,0.000680060357492099,0.592099140939024,0.5927792012965162,0.591834422746605,2.0129651623346234e-07,0.00020129651623346234,0.0,0.0,0.0,0.0,0,0
nominal,2.48,0.005883436575070955,-0.005838338539414956,0.0008071714293300652,0.5919720655253005,0.5927792369546305,0.005883436575070955,-0.005838338539414956,0.0008071714293300652,0.5919720655253005,0.5927792369546305,0.5917392369082153,2.3695463058359678e-07,0.00023695463058359678,0.0,0.0,0.0,0.0,0,0
nominal,2.5,0.00492172108266653,-0.0048891252057607915,0.0009154355419221409,0.5918638316198164,0.5927792671617386,0.00492172108266653,-0.0048891252057607915,0.0009154355419221409,0.5918638316198164,0.5927792671617386,0.5916649468463289,2.671617386207359e-07,0.0002671617386207359,0.0,0.0,0.0,0.0,0,0
nominal,2.52,0.003930769867268147,-0.003910567210150706,0.0010040957216007652,0.5917751959945289,0.5927792917161296,0.003930769867268147,-0.003910567210150706,0.0010040957216007652,0.5917751959945289,0.5927792917161296,0.5916116791313594,2.9171612969669525e-07,0.00029171612969669525,0.0,0.0,0.0,0.0,0,0
nominal,2.54,0.0029274645651703457,-0.002919358473535194,0.0010727377746184126,0.591706572739497,0.5927793105141154,0.0029274645651703457,-0.002919358473535194,0.0010727377746184126,0.591706572739497,0.5927793105141154,0.5915792265553513,3.105141154202684e-07,0.0003105141154202684,0.0,0.0,0.0,0.0,0,0
nominal,2.56,0.0019280464401881803,-0.0019315664272503419,0.0011212798294139457,0.5916580437173949,0.5927793235468088,0.0019280464401881803,-0.0019315664272503419,0.0011212798294139457,0.5916580437173949,0.5927793235468088,0.5915670678272326,3.2354680890023246e-07,0.00032354680890023246,0.0,0.0,0.0,0.0,0,0
nominal,2.58,0.0009478949328877162,-0.0009624125856761978,0.0011499572171368528,0.59162937367845,0.5927793308955869,0.0009478949328877162,-0.0009624125856761978,0.0011499572171368528,0.59162937367845,0.5927793308955869,0.5915743911899157,3.3089558693077947e-07,0.00033089558693077947,0.0,0.0,0.0,0.0,0,0
nominal,2.6,1.3305625107262742e-06,-2.6077123998380358e-05,0.0011593031559813194,0.5916200295703873,0.5927793327263686,1.3305625107262742e-06,-2.6077123998380358e-05,0.0011593031559813194,0.5916200295703873,0.5927793327263686,0.591600121397783,3.327263686792037e-07,0.0003327263686792037,0.0,0.0,0.0,0.0,0,0
nominal,2.62,-0.0008985559490204409,0.0008644706786102851,0.0011501257472919715,0.5916292035355674,0.5927793292828594,-0.0008985559490204409,0.0008644706786102851,0.0011501257472919715,0.5916292035355674,0.5927793292828594,0.5916429494684798,3.292828594236852e-07,0.0003292828594236852,0.0,0.0,0.0,0.0,0,0
nominal,2.64,-0.001740046962377395,0.0016976147646743378,0.0011234818238063252,0.5916558390551097,0.5927793208789159,-0.001740046962377395,0.0016976147646743378,0.0011234818238063252,0.5916558390551097,0.5927793208789159,0.5917013646085918,3.208789159936387e-07,0.0003208789159936387,0.0,0.0,0.0,0.0,0,0
nominal,2.66,-0.002512912744126128,0.002463206518849681,0.0010806482127850604,0.5916986596774112,0.5927793078901963,-0.002512912744126128,0.002463206518849681,0.0010806482127850604,0.5916986596774112,0.5927793078901963,0.5917736877085336,3.078901963382563e-07,0.0003078901963382563,0.0,0.0,0.0,0.0,0,0
nominal,2.68,-0.003208497443250913,0.003152650490175546,0.0010230909892946427,0.5917561997559627,0.5927792907452574,-0.003208497443250913,0.003152650490175546,0.0010230909892946427,0.5917561997559627,0.5927792907452574,0.5918581058073968,2.9074525742522894e-07,0.00029074525742522894,0.0,0.0,0.0,0.0,0,0
nominal,2.7,-0.003819776304523126,0.0037589616865401076,0.0009524332978402055,0.5918268366184286,0.5927792699162688,-0.003819776304523126,0.0037589616865401076,0.0009524332978402055,0.5918268366184286,0.5927792699162688,0.5919527069429262,2.699162688912793e-07,0.0002699162688912793,0.0,0.0,0.0,0.0,0,0
nominal,2.72,-0.0043413846463140615,0.0042767949510538195,0.000870422314326838,0.591908823595177,0.5927792459095039,-0.0043413846463140615,0.0042767949510538195,0.000870422314326838,0.591908823595177,0.5927792459095039,0.5920555148246291,2.459095039819559e-07,0.0002459095039819559,0.0,0.0,0.0,0.0,0,0
nominal,2.74,-0.004769619544401693,0.004702447340162674,0.0007788959055029,0.592000323350267,0.5927792192557699,-0.004769619544401693,0.004702447340162674,0.0007788959055029,0.592000323350267,0.5927792192557699,0.5921645227985699,2.1925576998427232e-07,0.00021925576998427232,0.0,0.0,0.0,0.0,0,0
nominal,2.7600000000000002,-0.005102415542040828,0.00503383479817332,0.0006797495202652305,0.5920994409806618,0.5927791905009271,-0.005102415542040828,0.00503383479817332,0.0006797495202652305,0.5920994409806618,0.5927791905009271,0.5922777266095606,1.905009271441216e-07,0.0001905009271441216,0.0,0.0,0.0,0.0,0,0
nominal,2.7800000000000002,-0.005339296046188213,0.0052704447599070114,0.0005749038172301593,0.5922042563794117,0.5927791601966418,-0.005339296046188213,0.0052704447599070114,0.0005749038172301593,0.5922042563794117,0.5927791601966418,0.5923931555096852,1.6019664184074855e-07,0.00016019664184074855,0.0,0.0,0.0,0.0,0,0
nominal,2.8000000000000003,-0.00548130236664035,0.005413266607400047,0.00046627349661814473,0.5923128553948864,0.5927791288915045,-0.00548130236664035,0.005413266607400047,0.00046627349661814473,0.5923128553948864,0.5927791288915045,0.5925089013100258,1.2889150458050835e-07,0.00012889150458050835,0.0,0.0,0.0,0.0,0,0
nominal,2.82,-0.0055309026066566735,0.005464702156718015,0.0003557377626455223,0.5924233593599898,0.5927790971226353,-0.0055309026066566735,0.005464702156718015,0.0003557377626455223,0.5924233593599898,0.5927790971226353,0.5926231450244359,9.712263537853261e-08,9.712263537853261e-05,0.0,0.0,0.0,0.0,0,0
nominal,2.84,-0.005491882818616345,0.005428458554828541,0.00024511279618669515,0.5925339526116931,0.5927790654078797,-0.005491882818616345,0.005428458554828541,0.00024511279618669515,0.5925339526116931,0.5927790654078797,0.5927341808090586,6.540787977904472e-08,6.540787977904472e-05,0.0,0.0,0.0,0.0,0,0
nominal,2.86,-0.005369222995472711,0.005309426122939609,0.00013612656741404314,0.5926429076712791,0.5927790342386932,-0.005369222995472711,0.005309426122939609,0.00013612656741404314,0.5926429076712791,0.5927790342386932,0.5928404369579906,3.4238693213950455e-08,3.4238693213950455e-05,0.0,0.0,0.0,0.0,0,0
nominal,2.88,-0.005168960578214032,0.005113543792205633,3.0396265399299134e-05,0.5927486078083852,0.5927790040737845,-0.005168960578214032,0.005113543792205633,3.0396265399299134e-05,0.5927486078083852,0.5927790040737845,0.5929404937732247,4.073784531932745e-09,4.073784531932745e-06,0.0,0.0,0.0,0.0,0,0
nominal,2.9,-0.004898044221835041,0.004847654840561155,-7.059143277783446e-05,0.5928495667663637,0.5927789753335858,-0.004898044221835041,0.004847654840561155,-7.059143277783446e-05,0.5928495667663637,0.5927789753335858,0.5930330981846643,-2.466641413345627e-08,-2.466641413345627e-05,0.0,0.0,0.0,0.0,0,0
nominal,2.92,-0.004564180578760402,0.004519355656719348,-0.0001654970860876636,0.5929444454816772,0.5927789483955895,-0.004564180578760402,0.004519355656719348,-0.0001654970860876636,0.5929444454816772,0.5927789483955895,0.5931171750527414,-5.1604410411520973e-08,-5.1604410411520973e-05,0.0,0.0,0.0,0.0,0,0
nominal,2.94,-0.004175676831377317,0.004136840231752981,-0.0002531420945511599,0.593032065685137,0.5927789235905858,-0.004175676831377317,0.004136840231752981,-0.0002531420945511599,0.593032065685137,0.5927789235905858,0.5931918351412246,-7.640941412923041e-08,-7.640941412923041e-05,0.0,0.0,0.0,0.0,0,0
nominal,2.96,-0.003741281636766569,0.003708743011787252,-0.0003325191270917207,0.5931114203269044,0.5927789011998127,-0.003741281636766569,0.003708743011787252,-0.0003325191270917207,0.5931114203269044,0.5927789011998127,0.5932563798002545,-9.880018725372253e-08,-9.880018725372253e-05,0.0,0.0,0.0,0.0,0,0
nominal,2.98,-0.003270027040103707,0.0032439826411545525,-0.00040279936651328816,0.5931816808195323,0.5927788814530189,-0.003270027040103707,0.0032439826411545525,-0.00040279936651328816,0.5931816808195323,0.5927788814530189,0.5933103024489612,-1.185469810094375e-07,-0.0001185469810094375,0.0,0.0,0.0,0.0,0,0
nominal,3.0,-0.0027710737719663925,0.002751608986546028,-0.00046333661575256174,0.5932422011431776,0.592778864527425,-0.0027710737719663925,0.002751608986546028,-0.00046333661575256174,0.5932422011431776,0.592778864527425,0.5933532869924439,-1.3547257493584652e-07,-0.00013547257493584652,0.0,0.0,0.0,0.0,0,0
nominal,3.02,-0.002253562172920498,0.0022406556637344366,-0.0005136683562772543,0.5932925189038302,0.5927788505475529,-0.002253562172920498,0.0022406556637344366,-0.0005136683562772543,0.5932925189038302,0.5927788505475529,0.5933852033490276,-1.4945244708464145e-07,-0.00014945244708464145,0.0,0.0,0.0,0.0,0,0
nominal,3.04,-0.00172647079039423,0.001720000093039964,-0.0005535138925055871,0.5933323534783919,0.5927788395858863,-0.00172647079039423,0.001720000093039964,-0.0005535138925055871,0.5933323534783919,0.5927788395858863,0.593406100300038,-1.6041411365907976e-07,-0.00016041411365907976,0.0,0.0,0.0,0.0,0,0
nominal,3.06,-0.0011984844724384214,0.0011982328925270735,-0.0005827697549181162,0.5933616014192264,0.5927788316643083,-0.0011984844724384214,0.0011982328925270735,-0.0005827697549181162,0.5933616014192264,0.5927788316643083,0.5934161959056042,-1.6833569160823458e-07,-0.00016833569160823458,0.0,0.0,0.0,0.0,0,0
nominal,3.08,-0.000677873544972174,0.0006835381831065135,-0.0006015025687246787,0.593380329324982,0.5927788267562573,-0.000677873544972174,0.0006835381831065135,-0.0006015025687246787,0.593380329324982,0.5927788267562573,0.593415865755877,-1.7324374268490317e-07,-0.00017324374268490317,0.0,0.0,0.0,0.0,0,0
nominal,3.1,-0.00017238540817021697,0.0001835861321066723,-0.0006099396242309485,0.5933887644137609,0.5927788247895299,-0.00017238540817021697,0.0001835861321066723,-0.0006099396242309485,0.5933887644137609,0.5927788247895299,0.5934056293475134,-1.752104700214474e-07,-0.0001752104700214474,0.0,0.0,0.0,0.0,0,0
nominal,3.12,0.0003108503717426103,-0.000294561194245091,-0.0006084574092072642,0.5933872830588662,0.592778825649659,0.0003108503717426103,-0.000294561194245091,-0.0006084574092072642,0.5933872830588662,0.592778825649659,0.5933861348901747,-1.7435034094237523e-07,-0.00017435034094237523,0.0,0.0,0.0,0.0,0,0
nominal,3.14,0.0007654026624019927,-0.0007445298592632099,-0.0005975683824728092,0.5933763975662534,0.5927788291837806,0.0007654026624019927,-0.0007445298592632099,-0.0005975683824728092,0.5933763975662534,0.5927788291837806,0.5933581428571972,-1.70816219391412e-07,-0.000170816219391412,0.0,0.0,0.0,0.0,0,0
nominal,3.16,0.00118560450702343,-0.0011606994147244087,-0.0005779062815357925,0.5933567414864471,0.5927788352049114,0.00118560450702343,-0.0011606994147244087,-0.0005779062815357925,0.5933567414864471,0.5927788352049114,0.5933225085987058,-1.647950885752536e-07,-0.0001647950885752536,0.0,0.0,0.0,0.0,0,0
nominal,3.18,0.0015666037167090252,-0.0015382532958376771,-0.0005502102655227745,0.593329053762067,0.5927788434965442,0.0015666037167090252,-0.0015382532958376771,-0.0005502102655227745,0.593329053762067,0.5927788434965442,0.593280164334281,-1.5650345575046742e-07,-0.00015650345575046742,0.0,0.0,0.0,0.0,0,0
nominal,3.2,0.0019043982724707975,-0.0018732142051955947,-0.000515308197915545,0.5932941620153941,0.5927788538174785,0.0019043982724707975,-0.0018732142051955947,-0.000515308197915545,0.5932941620153941,0.5927788538174785,0.5932321008363822,-1.461825214210677e-07,-0.0001461825214210677,0.0,0.0,0.0,0.0,0,0
nominal,3.22,0.0021958567348225877,-0.0021624646750879606,-0.0004740993719926159,0.5932529652787887,0.5927788659067961,0.0021958567348225877,-0.0021624646750879606,-0.0004740993719926159,0.5932529652787887,0.5927788659067961,0.5931793491051355,-1.3409320387403056e-07,-0.00013409320387403056,0.0,0.0,0.0,0.0,0,0
nominal,3.24,0.0024387240825916034,-0.0024037532189553623,-0.0004275369756118813,0.5932064164645107,0.5927788794888987,0.0024387240825916034,-0.0024037532189553623,-0.0004275369756118813,0.5932064164645107,0.5927788794888987,0.5931229623204414,-1.20511101209253e-07,-0.00012051110120925301,0.0,0.0,0.0,0.0,0,0
nominal,3.2600000000000002,0.0026316136088309072,-0.002595686687139942,-0.00037661058139759965,0.5931555048599249,0.5927788942785273,0.0026316136088309072,-0.002595686687139942,-0.00037661058139759965,0.5931555048599249,0.5927788942785273,0.5930639983389031,-1.0572147268739229e-07,-0.00010572147268739229,0.0,0.0,0.0,0.0,0,0
nominal,3.2800000000000002,0.0027739856879731573,-0.002737709626666973,-0.0003223289338861318,0.5931012389195681,0.592778909985682,0.0027739856879731573,-0.002737709626666973,-0.0003223289338861318,0.5931012389195681,0.592778909985682,0.5930035029813958,-9.00143179993762e-08,-9.00143179993762e-05,0.0,0.0,0.0,0.0,0,0
nominal,3.3000000000000003,0.002866114392733099,-0.002830071607724971,-0.0002657032871610865,0.5930446296075363,0.5927789263203752,0.002866114392733099,-0.002830071607724971,-0.0002657032871610865,0.5930446296075363,0.5927789263203752,0.5929424943326702,-7.367962473470158e-08,-7.367962473470158e-05,0.0,0.0,0.0,0.0,0,0
nominal,3.3200000000000003,0.0029090430803156986,-0.0028737836196257582,-0.0002077315254239015,0.5929866745225725,0.5927789429971486,0.0029090430803156986,-0.0028737836196257582,-0.0002077315254239015,0.5929866745225725,0.5927789429971486,0.5928819482476609,-5.7002851328036286e-08,-5.7002851328036286e-05,0.0,0.0,0.0,0.0,0,0
nominal,3.34,0.002904530184101084,-0.0028705647548230573,-0.0001493832752798227,0.5929283430145763,0.5927789597392965,0.002904530184101084,-0.0028705647548230573,-0.0001493832752798227,0.5929283430145763,0.5927789597392965,0.5928227852307967,-4.0260703437766665e-08,-4.0260703437766665e-05,0.0,0.0,0.0,0.0,0,0
nominal,3.36,0.0028549865385965045,-0.0028227804907920984,-9.158619276799455e-05,0.5928705624755144,0.5927789762827465,0.0028549865385965045,-0.0028227804907920984,-9.158619276799455e-05,0.5928705624755144,0.5927789762827465,0.5927658588249951,-2.3717253494481838e-08,-2.3717253494481838e-05,0.0,0.0,0.0,0.0,0,0
nominal,3.38,0.0027634056318732725,-0.0027333739459951545,-3.5213580831638946e-05,0.5928142059603811,0.5927789923795495,0.0027634056318732725,-0.0027333739459951545,-3.5213580831638946e-05,0.5928142059603811,0.5927789923795495,0.5927119456167496,-7.620450492851205e-09,-7.620450492851205e-06,0.0,0.0,0.0,0.0,0,0
nominal,3.4,0.002633288221064678,-0.002605791527402257,1.892653548535468e-05,0.5927600812654631,0.5927790078009485,0.002633288221064678,-0.002605791527402257,1.892653548535468e-05,0.5927600812654631,0.5927790078009485,0.5926617369333389,7.800948553793319e-09,7.800948553793319e-06,0.0,0.0,0.0,0.0,0,0
nominal,3.42,0.0024685627635655516,-0.0024439044048878422,7.010077782062304e-05,0.5927089215621738,0.5927790223399945,0.0024685627635655516,-0.0024439044048878422,7.010077782062304e-05,0.5927089215621738,0.5927790223399945,0.5926158322779943,2.2339994520947926e-08,2.2339994520947926e-05,0.0,0.0,0.0,0.0,0,0
nominal,3.44,0.0022735031100477032,-0.0022519272417151903,0.00011765815805215348,0.5926613776556438,0.592779035813696,0.0022735031100477032,-0.0022519272417151903,0.00011765815805215348,0.5926613776556438,0.592779035813696,0.5925747345195982,3.58136960088018e-08,3.58136960088018e-05,0.0,0.0,0.0,0.0,0,0
nominal,3.46,0.0020526448767538286,-0.002034335582705271,0.00016103615616695505,0.59261801190852,0.592779048064687,0.0020526448767538286,-0.002034335582705271,0.00016103615616695505,0.59261801190852,0.592779048064687,0.5925388468252867,4.80646870082424e-08,4.80646870082424e-05,0.0,0.0,0.0,0.0,0,0
nominal,3.48,0.0018107018651665197,-0.0017957832534407636,0.00019976511992124586,0.592579293842495,0.5927790589624162,0.0018107018651665197,-0.0017957832534407636,0.00019976511992124586,0.592579293842495,0.5927790589624162,0.5925084712977616,5.896241628278176e-08,5.896241628278176e-05,0.0,0.0,0.0,0.0,0,0
nominal,3.5,0.001552483828929918,-0.0015410210569370975,0.0002334710005383791,0.5925455974033187,0.5927790684038571,0.001552483828929918,-0.0015410210569370975,0.0002334710005383791,0.5925455974033187,0.5927790684038571,0.5924838092544383,6.84038571341361e-08,6.84038571341361e-05,0.0,0.0,0.0,0.0,0,0
nominal,3.52,0.0012828168027603226,-0.0012748179704402673,0.0002618764639128728,0.592517199849842,0.5927790763137548,0.0012828168027603226,-0.0012748179704402673,0.0002618764639128728,0.592517199849842,0.5927790763137548,0.5924649630630908,7.631375487093806e-08,7.631375487093806e-05,0.0,0.0,0.0,0.0,0,0
nominal,3.54,0.0010064671082482546,-0.001001885946780412,0.0002848004401517475,0.5924942822042778,0.5927790826444296,0.0010064671082482546,-0.001001885946780412,0.0002848004401517475,0.5924942822042778,0.5927790826444296,0.5924519394285991,8.264442963312746e-08,8.264442963312746e-05,0.0,0.0,0.0,0.0,0,0
nominal,3.56,0.0007280700391749662,-0.0007268093141341581,0.0003021561955157898,0.5924769311796425,0.5927790873751583,0.0007280700391749662,-0.0007268093141341581,0.0003021561955157898,0.5924769311796425,0.5927790873751583,0.5924446540079948,8.737515833079357e-08,8.737515833079357e-05,0.0,0.0,0.0,0.0,0,0
nominal,3.58,0.0004520641065742792,-0.00045397964725735207,0.000313948029697665,0.5924651424814703,0.592779090511168,0.0004520641065742792,-0.00045397964725735207,0.000313948029697665,0.5924651424814703,0.592779090511168,0.5924429372163776,9.051116800495862e-08,9.051116800495862e-05,0.0,0.0,0.0,0.0,0,0
nominal,3.6,0.0001826315937302203,-0.00018753685495864758,0.00032026671771287745,0.5924588253645608,0.5927790920822738,0.0001826315937302203,-0.00018753685495864758,0.00032026671771287745,0.5924588253645608,0.5927790920822738,0.5924465410744948,9.208227380597123e-08,9.208227380597123e-05,0.0,0.0,0.0,0.0,0,0
nominal,3.62,-7.635396401306505e-05,6.868290493011742e-05,0.0003212838293545593,0.5924578083118472,0.5927790921412018,-7.635396401306505e-05,6.868290493011742e-05,0.0003212838293545593,0.5924578083118472,0.5927790921412018,0.5924551469398959,9.214120189060537e-08,9.214120189060537e-05,0.0,0.0,0.0,0.0,0,0
nominal,3.64,-0.0003213728979859498,0.00031119200844997863,0.0003172450700917734,0.5924618456915453,0.592779090761637,-0.0003213728979859498,0.00031119200844997863,0.0003172450700917734,0.5924618456915453,0.592779090761637,0.5924683739576273,9.076163709487162e-08,9.076163709487162e-05,0.0,0.0,0.0,0.0,0,0
nominal,3.66,-0.0005492967856673969,0.0005368885088339326,0.0003084627954388873,0.5924706252406021,0.592779088036041,-0.0005492967856673969,0.0005368885088339326,0.0003084627954388873,0.5924706252406021,0.592779088036041,0.5924857880633054,8.803604101270679e-08,8.803604101270679e-05,0.0,0.0,0.0,0.0,0,0
nominal,3.68,-0.0007574178903209106,0.0007430854383811969,0.00029530785620087135,0.5924837762170849,0.5927790840732858,-0.0007574178903209106,0.0007430854383811969,0.00029530785620087135,0.5924837762170849,0.5927790840732858,0.5925069113710367,8.407328588866392e-08,8.407328588866392e-05,0.0,0.0,0.0,0.0,0,0
nominal,3.7,-0.0009434705938261567,0.0009275321992272545,0.00027820093465906557,0.592500878061488,0.592779078996147,-0.0009434705938261567,0.0009275321992272545,0.00027820093465906557,0.592500878061488,0.592779078996147,0.5925312317809387,7.89961470681888e-08,7.89961470681888e-05,0.0,0.0,0.0,0.0,0,0
nominal,3.72,-0.0011056448838043798,0.0010884281000991258,0.0002576035317963469,0.5925214694069098,0.5927790729387061,-0.0011056448838043798,0.0010884281000991258,0.0002576035317963469,0.5925214694069098,0.5927790729387061,0.592558212645747,7.293870618596543e-08,7.293870618596543e-05,0.0,0.0,0.0,0.0,0,0
nominal,3.74,-0.0012425920768777132,0.001224428215471196,0.00023400876319923814,0.5925450572805032,0.5927790660437025,-0.0012425920768777132,0.001224428215471196,0.00023400876319923814,0.5925450572805032,0.5927790660437025,0.5925873023429601,6.60437025068461e-08,6.60437025068461e-05,0.0,0.0,0.0,0.0,0,0
nominal,3.7600000000000002,-0.001353423071954074,0.001334641854800367,0.00020793211647822298,0.592571126343405,0.5927790584598832,-0.001353423071954074,0.001334641854800367,0.00020793211647822298,0.592571126343405,0.5927790584598832,0.5926179436080831,5.845988326758089e-08,5.845988326758089e-05,0.0,0.0,0.0,0.0,0,0
nominal,3.7800000000000002,-0.001437699529256431,0.001418624030117055,0.00017990231610671373,0.5925991480232826,0.5927790503393894,-0.001437699529256431,0.001418624030117055,0.00017990231610671373,0.5925991480232826,0.5927790503393894,0.5926495824953062,5.033938943466154e-08,5.033938943466154e-05,0.0,0.0,0.0,0.0,0,0
nominal,3.8000000000000003,-0.001495418461540221,0.0014763604003595887,0.00015045243270766194,0.5926285894025091,0.5927790418352167,-0.001495418461540221,0.0014763604003595887,0.00015045243270766194,0.5926285894025091,0.5927790418352167,0.5926816768444031,4.183521673528645e-08,4.183521673528645e-05,0.0,0.0,0.0,0.0,0,0
nominal,3.8200000000000003,-0.001526990802608874,0.0015082462490125792,0.00012011136324766893,0.5926589217355438,0.5927790330987914,-0.001526990802608874,0.0015082462490125792,0.00012011136324766893,0.5926589217355438,0.5927790330987914,0.5927137041463157,3.3098791485386414e-08,3.3098791485386414e-05,0.0,0.0,0.0,0.0,0,0
nominal,3.84,-0.0015332145841157052,0.0015150601166551425,8.939579658094263e-05,0.5926896284811071,0.592779024277688,-0.0015332145841157052,0.0015150601166551425,8.939579658094263e-05,0.5926896284811071,0.592779024277688,0.5927451687144871,2.4277688082108284e-08,2.4277688082108284e-05,0.0,0.0,0.0,0.0,0,0
nominal,3.86,-0.0015152434046004082,0.0014979327631508,5.8802765577693414e-05,0.5927202127479414,0.5927790155135191,-0.0015152434046004082,0.0014979327631508,5.8802765577693414e-05,0.5927202127479414,0.5927790155135191,0.5927756080845178,1.551351913597898e-08,1.551351913597898e-05,0.0,0.0,0.0,0.0,0,0
nominal,3.88,-0.0014745509142786162,0.001458312173459042,2.8802872937640223e-05,0.5927502040670862,0.5927790069400238,-0.0014745509142786162,0.001458312173459042,2.8802872937640223e-05,0.5927502040670862,0.5927790069400238,0.5928045985804881,6.940023888901692e-09,6.940023888901692e-06,0.0,0.0,0.0,0.0,0,0
nominal,3.9,-0.0014128920654625787,0.0013979253473643816,-1.657370037677977e-07,0.5927791644183769,0.5927789986813731,-0.0014128920654625787,0.0013979253473643816,-1.657370037677977e-07,0.5927791644183769,0.5927789986813731,0.5928317600023179,-1.3186268743581309e-09,-1.3186268743581309e-06,0.0,0.0,0.0,0.0,0,0
nominal,3.92,-0.0013322618919207052,0.0013187376271748263,-2.7702603358785785e-05,0.5928066934540647,0.5927789908507058,-0.0013322618919207052,0.0013187376271748263,-2.7702603358785785e-05,0.5928066934540647,0.5927789908507058,0.5928567594045171,-9.14929410011922e-09,-9.14929410011922e-06,0.0,0.0,0.0,0.0,0,0
nominal,3.94,-0.001234852581319723,0.0012229103185683599,-5.344932887358343e-05,0.5928324328777855,0.5927789835489119,-0.001234852581319723,0.0012229103185683599,-5.344932887358343e-05,0.5928324328777855,0.5927789835489119,0.5928793139522759,-1.6451088047375606e-08,-1.6451088047375606e-05,0.0,0.0,0.0,0.0,0,0
nominal,3.96,-0.001123009593771429,0.0011127573490097298,-7.709308865554154e-05,0.5928560699523189,0.5927789768636633,-0.001123009593771429,0.0011127573490097298,-7.709308865554154e-05,0.5928560699523189,0.5927789768636633,0.5928991928559044,-2.3136336624318687e-08,-2.3136336624318687e-05,0.0,0.0,0.0,0.0,0,0
nominal,3.98,-0.0009991875572421538,0.000990701686561568,-9.836925576797197e-05,0.5928773401244688,0.5927789708687008,-0.0009991875572421538,0.000990701686561568,-9.836925576797197e-05,0.5928773401244688,0.5927789708687008,0.5929162183989675,-2.913129915071977e-08,-2.913129915071977e-05,0.0,0.0,0.0,0.0,0,0
nominal,4.0,-0.0008659066379856917,0.0008592322098697203,-0.00011706314635399027,0.5928960287697266,0.5927789656233726,-0.0008659066379856917,0.0008592322098697203,-0.00011706314635399027,0.5928960287697266,0.5927789656233726,0.5929302660887956,-3.4376627322529885e-08,-3.4376627322529885e-05,0.0,0.0,0.0,0.0,0,0
nominal,4.0200000000000005,-0.0007257100423239127,0.0007208616790195244,-0.00013301090053779562,0.592911972072957,0.5927789611724192,-0.0007257100423239127,0.0007208616790195244,-0.00013301090053779562,0.592911972072957,0.5927789611724192,0.5929412639703258,-3.8827580706168874e-08,-3.8827580706168874e-05,0.0,0.0,0.0,0.0,0,0
nominal,4.04,-0.0005811232561085955,0.0005780864078785974,-0.0001460995280150295,0.5929250570740122,0.5927789575459972,-0.0005811232561085955,0.0005780864078785974,-0.0001460995280150295,0.5929250570740122,0.5927789575459972,0.592949191155255,-4.2454002757708054e-08,-4.2454002757708054e-05,0.0,0.0,0.0,0.0,0,0
nominal,4.0600000000000005,-0.00043461557118096295,0.00043334818219076254,-0.00015626615883182742,0.5929352209187613,0.5927789547599295,-0.00043461557118096295,0.00043334818219076254,-0.00015626615883182742,0.5929352209187613,0.5927789547599295,0.5929540756281119,-4.5240070467578164e-08,-4.5240070467578164e-05,0.0,0.0,0.0,0.0,0,0
nominal,4.08,-0.00028856438543378715,0.0002889989059924325,-0.0001634965502374441,0.5929424493664023,0.5927789528161649,-0.00028856438543378715,0.0002889989059924325,-0.0001634965502374441,0.5929424493664023,0.5927789528161649,0.5929559913991164,-4.718383506130408e-08,-4.718383506130408e-05,0.0,0.0,0.0,0.0,0,0
nominal,4.1,-0.00014522269586259018,0.00014726839260692515,-0.00016782290957563853,0.5929467746130085,0.5927789517034329,-0.00014522269586259018,0.00014726839260692515,-0.00016782290957563853,0.5929467746130085,0.5927789517034329,0.5929550550804132,-4.829656707894259e-08,-4.829656707894259e-05,0.0,0.0,0.0,0.0,0,0
nominal,4.12,-6.6901335374902615e-06,1.0235646842993162e-05,-0.00016932110087788423,0.5929482724989492,0.5927789513980714,-6.6901335374902615e-06,1.0235646842993162e-05,-0.00016932110087788423,0.5929482724989492,0.5927789513980714,0.5929514219674614,-4.860192859279522e-08,-4.860192859279522e-05,0.0,0.0,0.0,0.0,0,0
nominal,4.14,0.00012511218295463422,-0.00012019608637281465,-0.00016810730908540638,0.592947059174092,0.5927789518650065,0.00012511218295463422,-0.00012019608637281465,-0.00016810730908540638,0.592947059174092,0.5927789518650065,0.5929452817110528,-4.8134993435589024e-08,-4.8134993435589024e-05,0.0,0.0,0.0,0.0,0,0
nominal,4.16,0.0002484627721891508,-0.0002423203039789712,-0.00016433424063022443,0.5929432872994924,0.5927789530588622,0.0002484627721891508,-0.0002423203039789712,-0.00016433424063022443,0.5929432872994924,0.5927789530588622,0.5929368536675891,-4.6941137754608064e-08,-4.6941137754608064e-05,0.0,0.0,0.0,0.0,0,0
nominal,4.18,0.0003618567620031765,-0.00035464412636532217,-0.00015818694244484725,0.5929371418676201,0.5927789549251753,0.0003618567620031765,-0.00035464412636532217,-0.00015818694244484725,0.5929371418676201,0.5927789549251753,0.5929263820159217,-4.507482465054835e-08,-4.507482465054835e-05,0.0,0.0,0.0,0.0,0,0
nominal,4.2,0.00046401864944600746,-0.0004559010177889178,-0.00014987832336630855,0.5929288357250588,0.5927789574016925,0.00046401864944600746,-0.0004559010177889178,-0.00014987832336630855,0.5929288357250588,0.5927789574016925,0.5929141307283666,-4.2598307437025085e-08,-4.2598307437025085e-05,0.0,0.0,0.0,0.0,0,0
nominal,4.22,0.0005539108575771667,-0.0005450593526923342,-0.00013964446239474355,0.5929186048821193,0.5927789604197246,0.0005539108575771667,-0.0005450593526923342,-0.00013964446239474355,0.5929186048821193,0.5927789604197246,0.5929003784814388,-3.958027539052722e-08,-3.958027539052722e-05,0.0,0.0,0.0,0.0,0,0
nominal,4.24,0.0006307381631691644,-0.0006213268994827992,-0.0001277397874205853,0.5929067036929551,0.5927789639055345,0.0006307381631691644,-0.0006213268994827992,-0.0001277397874205853,0.5929067036929551,0.5927789639055345,0.5928854135885604,-3.609446541652517e-08,-3.609446541652517e-05,0.0,0.0,0.0,0.0,0,0
nominal,4.26,0.0006939481300302086,-0.0006841513532700461,-0.00011443220592755824,0.5928933999876618,0.5927789677817342,0.0006939481300302086,-0.0006841513532700461,-0.00011443220592755824,0.5928933999876618,0.5927789677817342,0.5928695290326229,-3.221826572197273e-08,-3.221826572197273e-05,0.0,0.0,0.0,0.0,0,0
nominal,4.28,0.0007432277382535268,-0.0007332171041571911,-9.999826590581257e-05,0.5928789702345778,0.592778971968672,0.0007432277382535268,-0.0007332171041571911,-9.999826590581257e-05,0.5928789702345778,0.592778971968672,0.5928530176708683,-2.8031327925504e-08,-2.8031327925504e-05,0.0,0.0,0.0,0.0,0,0
nominal,4.3,0.0007784964496000413,-0.0007684384772606023,-8.471842087902966e-05,0.592863694806663,0.592778976385784,0.0007784964496000413,-0.0007684384772606023,-8.471842087902966e-05,0.592863694806663,0.592778976385784,0.5928361676782835,-2.3614215916012427e-08,-2.3614215916012427e-05,0.0,0.0,0.0,0.0,0,0
nominal,4.32,0.0007998959928595673,-0.0007899497237207065,-6.8872467681288e-05,0.5928478534205758,0.5927789809528945,0.0007998959928595673,-0.0007899497237207065,-6.8872467681288e-05,0.5928478534205758,0.5927789809528945,0.5928192582887576,-1.904710544842203e-08,-1.904710544842203e-05,0.0,0.0,0.0,0.0,0,0
nominal,4.34,0.0008077771901738862,-0.0007980920790351398,-5.273521954184037e-05,0.5928317208109886,0.5927789855914467,0.0008077771901738862,-0.0007980920790351398,-5.273521954184037e-05,0.5928317208109886,0.5927789855914467,0.5928025558856431,-1.440855323942003e-08,-1.440855323942003e-05,0.0,0.0,0.0,0.0,0,0
nominal,4.36,0.0008026841755418568,-0.0007933982349563884,-3.6572470283463554e-05,0.5928155626959294,0.592778990225646,0.0008026841755418568,-0.0007933982349563884,-3.6572470283463554e-05,0.5928155626959294,0.592778990225646,0.5927863104854127,-9.77435399285298e-09,-9.77435399285298e-06,0.0,0.0,0.0,0.0,0,0
nominal,4.38,0.0007853363800556235,-0.0007765745945604863,-2.06372981512706e-05,0.5927996320816562,0.5927789947835049,0.0007853363800556235,-0.0007765745945604863,-2.06372981512706e-05,0.5927996320816562,0.5927789947835049,0.5927707526497848,-5.216495013726785e-09,-5.216495013726785e-06,0.0,0.0,0.0,0.0,0,0
nominal,4.4,0.0007566086747117229,-0.0007484816962746166,-5.166750103703134e-06,0.5927841659478811,0.5927789991977773,0.0007566086747117229,-0.0007484816962746166,-5.166750103703134e-06,0.5927841659478811,0.5927789991977773,0.5927560908533064,-8.022226216652939e-10,-8.022226216652939e-07,0.0,0.0,0.0,0.0,0,0
nominal,4.42,0.0007175100710745674,-0.0007101132022011569,9.621060544606243e-06,0.5927693823462266,0.5927790034067711,0.0007175100710745674,-0.0007101132022011569,9.621060544606243e-06,0.5927693823462266,0.5927790034067711,0.5927425093249286,3.406771198477543e-09,3.406771198477543e-06,0.0,0.0,0.0,0.0,0,0
nominal,4.44,0.0006691613827890519,-0.0006625738489294264,2.3529418301183186e-05,0.5927554779367353,0.5927790073550365,0.0006691613827890519,-0.0006625738489294264,2.3529418301183186e-05,0.5927554779367353,0.5927790073550365,0.5927301663738227,7.3550365797814266e-09,7.3550365797814266e-06,0.0,0.0,0.0,0.0,0,0
nominal,4.46,0.0006127722472609731,-0.0006070567556317741,3.6385014720223194e-05,0.5927426259792012,0.5927790109939215,0.0006127722472609731,-0.0006070567556317741,3.6385014720223194e-05,0.5927426259792012,0.5927790109939215,0.5927191932016203,1.0993921550905839e-08,1.0993921550905839e-05,0.0,0.0,0.0,0.0,0,0
nominal,4.48,0.0005496178970598731,-0.0005448204745719387,4.803949381406401e-05,0.5927309747881802,0.5927790142819942,0.0005496178970598731,-0.0005448204745719387,4.803949381406401e-05,0.5927309747881802,0.5927790142819942,0.5927096931956063,1.4281994253906305e-08,1.4281994253906305e-05,0.0,0.0,0.0,0.0,0,0
nominal,4.5,0.0004810160553099241,-0.0004771661543601091,5.837053245571176e-05,0.5927206466528772,0.5927790171853329,0.0004810160553099241,-0.0004771661543601091,5.837053245571176e-05,0.5927206466528772,0.5927790171853329,0.5927017416901336,1.718533293448843e-08,1.718533293448843e-05,0.0,0.0,0.0,0.0,0,0
nominal,4.5200000000000005,0.00040830430893668,-0.00040541516624514884,6.72824618806753e-05,0.592711737215803,0.5927790196776836,0.00040830430893668,-0.00040541516624514884,6.72824618806753e-05,0.592711737215803,0.5927790196776836,0.5926953861768725,1.967768370469969e-08,1.967768370469969e-05,0.0,0.0,0.0,0.0,0,0
nominal,4.54,0.0003328182887092357,-0.0003308875190839444,7.470644324472381e-05,0.5927043152972462,0.5927790217404909,0.0003328182887092357,-0.0003308875190839444,7.470644324472381e-05,0.5927043152972462,0.5927790217404909,0.5926906469384968,2.1740490963040315e-08,2.1740490963040315e-05,0.0,0.0,0.0,0.0,0,0
nominal,4.5600000000000005,0.0002558709562454631,-0.00025488136044682363,8.060021650284788e-05,0.5926984231463042,0.592779023362807,0.0002558709562454631,-0.00025488136044682363,8.060021650284788e-05,0.5926984231463042,0.592779023362807,0.5926875180750241,2.3362807022309084e-08,2.3362807022309084e-05,0.0,0.0,0.0,0.0,0,0
nominal,4.58,0.00017873326608253137,-0.00017865382964199483,8.494744757210973e-05,0.5926940770935155,0.5927790245410877,0.00017873326608253137,-0.00017865382964199483,8.494744757210973e-05,0.5926940770935155,0.5927790245410877,0.5926859688874545,2.4541087717544485e-08,2.4541087717544485e-05,0.0,0.0,0.0,0.0,0,0
nominal,4.6000000000000005,0.00010261643626285899,-0.00010340349427551132,8.775670376838952e-05,0.5926912685751125,0.5927790252788808,0.00010261643626285899,-0.00010340349427551132,8.775670376838952e-05,0.5926912685751125,0.5927790252788808,0.5926859455795251,2.527888087744401e-08,2.527888087744401e-05,0.0,0.0,0.0,0.0,0,0
nominal,4.62,2.8656024304019034e-05,-3.0254565831722147e-05,8.906009181898229e-05,0.5926899654946041,0.592779025586423,2.8656024304019034e-05,-3.0254565831722147e-05,8.906009181898229e-05,0.5926899654946041,0.592779025586423,0.592687373235374,2.558642309136161e-08,2.558642309136161e-05,0.0,0.0,0.0,0.0,0,0
nominal,4.64,-4.210203240173627e-05,3.9756947481706106e-05,8.891159631802242e-05,0.5926901138838311,0.5927790254801492,-4.210203240173627e-05,3.9756947481706106e-05,8.891159631802242e-05,0.5926901138838311,0.5927790254801492,0.5926901580286762,2.5480149212775416e-08,2.5480149212775416e-05,0.0,0.0,0.0,0.0,0,0
nominal,4.66,-0.00010871329119344075,0.00010569503055446461,8.738515929063335e-05,0.5926916398228397,0.5927790249821303,-0.00010871329119344075,0.00010569503055446461,8.738515929063335e-05,0.5926916398228397,0.5927790249821303,0.5926941896174331,2.4982130364392674e-08,2.4982130364392674e-05,0.0,0.0,0.0,0.0,0,0
nominal,4.68,-0.00017034451159303465,0.00016673331158356675,8.457254355913064e-05,0.5926944515758935,0.5927790241194526,-0.00017034451159303465,0.00016673331158356675,8.457254355913064e-05,0.5926944515758935,0.5927790241194526,0.5926993436779248,2.4119452657345164e-08,2.4119452657345164e-05,0.0,0.0,0.0,0.0,0,0
nominal,4.7,-0.0002262811512905305,0.00022216252797946368,8.058102386664621e-05,0.5926984418996805,0.5927790229235471,-0.0002262811512905305,0.00022216252797946368,8.058102386664621e-05,0.5926984418996805,0.5927790229235471,0.5927054845315011,2.292354717159384e-08,2.292354717159384e-05,0.0,0.0,0.0,0.0,0,0
nominal,4.72,-0.00027593264295566744,0.00027139579928903146,7.553095022869681e-05,0.5927034904792576,0.5927790214294864,-0.00027593264295566744,0.00027139579928903146,7.553095022869681e-05,0.5927034904792576,0.5927790214294864,0.59271246781868,2.142948640759812e-08,2.142948640759812e-05,0.0,0.0,0.0,0.0,0,0
nominal,4.74,-0.0003188354791571202,0.0003139717332518721,6.955322778001965e-05,0.5927094664474772,0.5927790196752573,-0.0003188354791571202,0.0003139717332518721,6.955322778001965e-05,0.5927094664474772,0.5927790196752573,0.5927201431765783,1.967525731227937e-08,1.967525731227937e-05,0.0,0.0,0.0,0.0,0,0
nominal,4.76,-0.0003546541654623203,0.0003495554235009024,6.278675650099683e-05,0.5927162309445259,0.5927790177010268,-0.0003546541654623203,0.0003495554235009024,6.278675650099683e-05,0.5927162309445259,0.5927790177010268,0.5927283568777852,1.770102686649011e-08,1.770102686649011e-05,0.0,0.0,0.0,0.0,0,0
nominal,4.78,-0.0003831801320353101,0.00037793742733427393,5.5375872692784225e-05,0.592723639675715,0.5927790155484077,-0.0003831801320353101,0.00037793742733427393,5.5375872692784225e-05,0.592723639675715,0.5927790155484077,0.5927369543914672,1.5548407783505525e-08,1.5548407783505525e-05,0.0,0.0,0.0,0.0,0,0
nominal,4.8,-0.0004043287214087199,0.0003990308391532693,4.746783197744249e-05,0.5927315454277616,0.592779013259739,-0.0004043287214087199,0.0003990308391532693,4.746783197744249e-05,0.5927315454277616,0.592779013259739,0.5927457828306352,1.3259739084503508e-08,1.3259739084503508e-05,0.0,0.0,0.0,0.0,0,0
nominal,4.82,-0.00041813439427496046,0.00041286659912920243,3.921037098999613e-05,0.5927398005064012,0.5927790108773912,-0.00041813439427496046,0.00041286659912920243,3.921037098999613e-05,0.5927398005064012,0.5927790108773912,0.5927546932530694,1.0877391209973553e-08,1.0877391209973553e-05,0.0,0.0,0.0,0.0,0,0
nominal,4.84,-0.0004247443159046682,0.00041958719724188853,3.074938186969044e-05,0.5927482590612335,0.5927790084431032,-0.0004247443159046682,0.00041958719724188853,3.074938186969044e-05,0.5927482590612335,0.5927790084431032,0.5927635427872663,8.443103216571046e-09,8.443103216571046e-06,0.0,0.0,0.0,0.0,0,0
nominal,4.86,-0.0004244105030144496,0.00041943894998341946,2.2226730217535934e-05,0.592756779267147,0.5927790059973645,-0.0004244105030144496,0.00041943894998341946,2.2226730217535934e-05,0.592756779267147,0.5927790059973645,0.592772196558922,5.997364604937161e-09,5.997364604937161e-06,0.0,0.0,0.0,0.0,0,0
nominal,4.88,-0.00041748072444225404,0.0004127630403782945,1.3778243439156734e-05,0.5927652253354062,0.5927790035788454,-0.00041748072444225404,0.0004127630403782945,1.3778243439156734e-05,0.5927652253354062,0.5927790035788454,0.5927805293977639,3.578845442220313e-09,3.578845442220313e-06,0.0,0.0,0.0,0.0,0,0
nominal,4.9,-0.00040438835890077574,0.00039998552205755544,5.5318924091643865e-06,0.5927734693314749,0.592779001223884,-0.00040438835890077574,0.00039998552205755544,5.5318924091643865e-06,0.5927734693314749,0.592779001223884,0.5927884273089993,1.2238841051726013e-09,1.2238841051726013e-06,0.0,0.0,0.0,0.0,0,0
nominal,4.92,-0.00038564141926700213,0.00038160649413976344,-2.3938147502454085e-06,0.5927813927807861,0.5927789989660359,-0.00038564141926700213,0.00038160649413976344,-2.3938147502454085e-06,0.5927813927807861,0.5927789989660359,0.5927957886980413,-1.0339640255097038e-09,-1.0339640255097038e-06,0.0,0.0,0.0,0.0,0,0
nominal,4.94,-0.00036181095553511344,0.0003581886565227066,-9.891212215718675e-06,0.5927888880479033,0.5927789968356876,-0.00036181095553511344,0.0003581886565227066,-9.891212215718675e-06,0.5927888880479033,0.5927789968356876,0.5928025253416199,-3.1643123676872165e-09,-3.1643123676872165e-06,0.0,0.0,0.0,0.0,0,0
nominal,4.96,-0.0003335190477750105,0.000330345454478298,-1.6864619023442863e-05,0.592795859478764,0.5927789948597406,-0.0003335190477750105,0.000330345454478298,-1.6864619023442863e-05,0.592795859478764,0.5927789948597406,0.5928085631026558,-5.1402593292948495e-09,-5.1402593292948495e-06,0.0,0.0,0.0,0.0,0,0
nominal,4.98,-0.0003014265963856566,0.000298729017452537,-2.3231238534316724e-05,0.5928022242998975,0.5927789930613632,-0.0003014265963856566,0.000298729017452537,-2.3231238534316724e-05,0.5928022242998975,0.5927789930613632,0.5928138423903908,-6.938636776254725e-09,-6.938636776254725e-06,0.0,0.0,0.0,0.0,0,0
nominal,5.0,-0.00026622110989460435,0.0002640180902750977,-2.8921812782809267e-05,0.5928079132725973,0.5927789914598145,-0.00026622110989460435,0.0002640180902750977,-2.8921812782809267e-05,0.5928079132725973,0.5927789914598145,0.5928183183711973,-8.540185447714066e-09,-8.540185447714066e-06,0.0,0.0,0.0,0.0,0,0
disturbance_only,0.0,0.0,0.0,0.0,0.455427,0.455427,0.0,0.0,0.0,0.455427,0.455427,0.455427,-0.13735199999999992,-137.35199999999992,0.0,0.0,0.0,0.0,0,0
disturbance_only,0.02,-0.021825376376706174,0.13429642931660535,-0.00023821195684369575,0.4568789014217104,0.4566406894648667,-0.021825376376706174,0.13429642931660535,-0.00023821195684369575,0.4568789014217104,0.4566406894648667,0.47542709591052584,-0.13613831053513326,-136.13831053513326,0.0,0.0,0.0,0.0,0,0
disturbance_only,0.04,-0.05414554754914891,0.34063300449872447,-0.001035383516904703,0.46183399767613964,0.46079861415923495,-0.05414554754914891,0.34063300449872447,-0.001035383516904703,0.46183399767613964,0.46079861415923495,0.4954271873899006,-0.131980385840765,-131.980385840765,0.0,0.0,0.0,0.0,0,0
disturbance_only,0.06,-0.08765187170972383,0.5671066253774417,-0.002504202991092035,0.47119251729334505,0.468688314302253,-0.08765187170972383,0.5671066253774417,-0.002504202991092035,0.47119251729334505,0.468688314302253,0.5154273006973124,-0.12409068569774695,-124.09068569774695,0.0,0.0,0.0,0.0,0,0
disturbance_only,0.08,-0.11571400644499119,0.7759737654585468,-0.004597413459882036,0.48495482385116273,0.4803574103912807,-0.11571400644499119,0.7759737654585468,-0.004597413459882036,0.48495482385116273,0.4803574103912807,0.5354273080876076,-0.11242158960871923,-112.42158960871923,0.0,0.0,0.0,0.0,0,0
disturbance_only,0.1,-0.13445308014281648,0.9442567800339678,-0.007162937483929918,0.5025152344202002,0.49535229693627025,-0.13445308014281648,0.9442567800339678,-0.007162937483929918,0.5025152344202002,0.49535229693627025,0.5554273104773224,-0.09742670306372969,-97.42670306372969,0.0,0.0,0.0,0.0,0,0
disturbance_only,0.12,-0.14241056660942852,1.062105342904366,-0.009996115335666687,0.5229438639124364,0.5129477485767697,-0.14241056660942852,1.062105342904366,-0.009996115335666687,0.5229438639124364,0.5129477485767697,0.5754273110772536,-0.07983125142323022,-79.83125142323021,0.0,0.0,0.0,0.0,0,0
disturbance_only,0.14,-0.13999066395636006,1.1298750947686478,-0.012882777228706566,0.5452213558407234,0.5323385786120168,-0.13999066395636006,1.1298750947686478,-0.012882777228706566,0.5452213558407234,0.5323385786120168,0.5954273111825561,-0.06044042138798311,-60.440421387983115,0.0,0.0,0.0,0.0,0,0
disturbance_only,0.16,-0.12882676928905246,1.1547459241224223,-0.015630182876259596,0.5684093680354964,0.5527791851592367,-0.12882676928905246,1.1547459241224223,-0.015630182876259596,0.5684093680354964,0.5527791851592367,0.6154273111928169,-0.039999814840763204,-39.99981484076321,0.0,0.0,0.0,0.0,0,0
disturbance_only,0.18,-0.08357545143119449,0.9776158996615982,-0.017784166887021,0.5899175334061028,0.5721333665190818,-0.08357545143119449,0.9776158996615982,-0.017784166887021,0.5899175334061028,0.5721333665190818,0.6101275586270118,-0.02064563348091819,-20.645633480918193,0.0,0.0,0.0,0.0,0,0
disturbance_only,0.2,-0.004934381666149568,0.590239685762135,-0.018658494169576528,0.6055588790423545,0.586900384872778,-0.004934381666149568,0.590239685762135,-0.018658494169576528,0.6055588790423545,0.586900384872778,0.5901275586303812,-0.005878615127221987,-5.878615127221987,0.0,0.0,0.0,0.0,0,0
disturbance_only,0.22,0.08479633502557582,0.11474563174691488,-0.017815953150188156,0.6123887469295648,0.5945727937793767,0.08479633502557582,0.11474563174691488,-0.017815953150188156,0.6123887469295648,0.5945727937793767,0.5701275586302179,0.0017937937793767178,1.7937937793767178,0.0,0.0,0.0,0.0,0,0
disturbance_only,0.24,0.14462475601600144,-0.20683537774258287,-0.01547634981648394,0.6112363759584418,0.5957600261419579,0.14462475601600144,-0.20683537774258287,-0.01547634981648394,0.6112363759584418,0.5957600261419579,0.5721064369010174,0.002981026141957943,2.981026141957943,0.0,0.0,0.0,0.0,0,0
disturbance_only,0.26,0.15629695410022248,-0.2592863531021381,-0.012445404159625677,0.6064699223730973,0.5940245182134716,0.15629695410022248,-0.2592863531021381,-0.012445404159625677,0.6064699223730973,0.5940245182134716,0.5920922058575607,0.0012455182134716303,1.2455182134716303,0.0,0.0,0.0,0.0,0,0
disturbance_only,0.28,0.14530656033962197,-0.18790409731734758,-0.009423506818863583,0.6019783426587856,0.592554835839922,0.14530656033962197,-0.18790409731734758,-0.009423506818863583,0.6019783426587856,0.592554835839922,0.6024175595226389,-0.00022416416007797757,-0.22416416007797757,0.0,0.0,0.0,0.0,0,0
disturbance_only,0.3,0.13434387130356662,-0.1255233648353009,-0.006623603576748128,0.5988377068086642,0.592214103231916,0.13434387130356662,-0.1255233648353009,-0.006623603576748128,0.5988377068086642,0.592214103231916,0.6004436549664992,-0.0005648967680839112,-0.5648967680839112,0.0,0.0,0.0,0.0,0,0
disturbance_only,0.32,0.1294565401729263,-0.10848140026687059,-0.003978824458861485,0.5964725771821946,0.5924937527233332,0.1294565401729263,-0.10848140026687059,-0.003978824458861485,0.5964725771821946,0.5924937527233332,0.5939171891379333,-0.00028524727666678906,-0.28524727666678906,0.0,0.0,0.0,0.0,0,0
disturbance_only,0.34,0.12702130895673758,-0.11567905058486927,-0.0014047489706774654,0.594191325175938,0.5927865762052605,0.12702130895673758,-0.11567905058486927,-0.0014047489706774654,0.594191325175938,0.5927865762052605,0.58869943915855,7.576205260595437e-06,0.007576205260595437,0.0,0.0,0.0,0.0,0,0
disturbance_only,0.36,0.1228463726103336,-0.12177743039452071,0.0011031825673212415,0.5917761913220103,0.5928793738893315,0.1228463726103336,-0.12177743039452071,0.0011031825673212415,0.5917761913220103,0.5928793738893315,0.58594868016491,0.0001003738893315953,0.1003738893315953,0.0,0.0,0.0,0.0,0,0
disturbance_only,0.38,0.11562141615785138,-0.11793664508773327,0.0034956731623101865,0.5893450758879502,0.5928407490502603,0.11562141615785138,-0.11793664508773327,0.0034956731623101865,0.5893450758879502,0.5928407490502603,0.5844613252211789,6.174905026035127e-05,0.06174905026035127,0.0,0.0,0.0,0.0,0,0
disturbance_only,0.4,0.10606042208695299,-0.10718389120231109,0.005718783566024219,0.5870669043833012,0.5927856879493254,0.10606042208695299,-0.10718389120231109,0.005718783566024219,0.5870669043833012,0.5927856879493254,0.58310494765959,6.687949325456799e-06,0.006687949325456799,0.0,0.0,0.0,0.0,0,0
disturbance_only,0.42,0.0952029808889987,-0.0945456986737856,0.007736569314333344,0.5850275682447686,0.592764137559102,0.0952029808889987,-0.0945456986737856,0.007736569314333344,0.5850275682447686,0.592764137559102,0.5815784583459778,-1.486244089798916e-05,-0.01486244089798916,0.0,0.0,0.0,0.0,0,0
disturbance_only,0.44,0.08362278043895233,-0.0823468058038963,0.009529079430282734,0.5832401916503802,0.5927692710806629,0.08362278043895233,-0.0823468058038963,0.009529079430282734,0.5832401916503802,0.5927692710806629,0.5800800815693327,-9.728919337037567e-06,-0.009728919337037567,0.0,0.0,0.0,0.0,0,0
disturbance_only,0.46,0.07149221839404785,-0.07053300844777599,0.011083593791608622,0.5816964520193666,0.5927800458109752,0.07149221839404785,-0.07053300844777599,0.011083593791608622,0.5816964520193666,0.5927800458109752,0.5788427553701656,1.0458109752642386e-06,0.0010458109752642386,0.0,0.0,0.0,0.0,0,0
disturbance_only,0.48,0.05888578217976792,-0.05844729729255871,0.01238977360667515,0.5803956385281149,0.5927854121347901,0.05888578217976792,-0.05844729729255871,0.01238977360667515,0.5803956385281149,0.5927854121347901,0.5779510100365722,6.412134790134694e-06,0.006412134790134694,0.0,0.0,0.0,0.0,0,0
disturbance_only,0.5,0.04594822088340844,-0.04584500268834946,0.013439505059515161,0.5793459060218439,0.5927854110813591,0.04594822088340844,-0.04584500268834946,0.013439505059515161,0.5793459060218439,0.5927854110813591,0.5773805839389268,6.411081359125603e-06,0.006411081359125603,0.0,0.0,0.0,0.0,0,0
disturbance_only,0.52,0.032897248719226946,-0.03294028601404175,0.014228359335735005,0.5785554076311392,0.5927837669668742,0.032897248719226946,-0.03294028601404175,0.014228359335735005,0.5785554076311392,0.5927837669668742,0.5770849863861235,4.766966874236722e-06,0.004766966874236722,0.0,0.0,0.0,0.0,0,0
disturbance_only,0.54,0.019966829579621925,-0.020093691552191206,0.014756461343721886,0.5780263650110965,0.5927828263548184,0.019966829579621925,-0.020093691552191206,0.014756461343721886,0.5780263650110965,0.5927828263548184,0.5770372832807523,3.826354818436961e-06,0.003826354818436961,0.0,0.0,0.0,0.0,0,0
disturbance_only,0.56,0.00736840194483479,-0.0075966830947469255,0.015028401905630186,0.5777544286543339,0.5927828305599641,0.00736840194483479,-0.0075966830947469255,0.015028401905630186,0.5777544286543339,0.5927828305599641,0.5772278249500878,3.830559964113078e-06,0.0038305599641130783,0.0,0.0,0.0,0.0,0,0
disturbance_only,0.58,-0.004716412422601124,0.004361991802514176,0.015052705297880869,0.5777304434588549,0.5927831487567358,-0.004716412422601124,0.004361991802514176,0.015052705297880869,0.5777304434588549,0.5927831487567358,0.5776490719973514,4.148756735822268e-06,0.004148756735822268,0.0,0.0,0.0,0.0,0,0
disturbance_only,0.6,-0.016128913124734745,0.015646944441456423,0.014841303453270477,0.5779419993929195,0.59278330284619,-0.016128913124734745,0.015646944441456423,0.014841303453270477,0.5779419993929195,0.59278330284619,0.5782870163744346,4.302846190018528e-06,0.004302846190018528,0.0,0.0,0.0,0.0,0,0
disturbance_only,0.62,-0.026727722458716796,0.026134812585182132,0.014409136423457621,0.5783740676339403,0.5927832040573979,-0.026727722458716796,0.026134812585182132,0.014409136423457621,0.5783740676339403,0.5927832040573979,0.5791211183050546,4.204057397982908e-06,0.004204057397982908,0.0,0.0,0.0,0.0,0,0
disturbance_only,0.64,-0.03638849842963621,0.03570553892493322,0.013773808949354822,0.5790091507883954,0.5927829597377503,-0.03638849842963621,0.03570553892493322,0.013773808949354822,0.5790091507883954,0.5927829597377503,0.5801274442349906,3.959737750358627e-06,0.003959737750358627,0.0,0.0,0.0,0.0,0,0
disturbance_only,0.66,-0.04500631869826366,0.04425137039510574,0.012955223867812733,0.5798274477705717,0.5927826716383845,-0.04500631869826366,0.04425137039510574,0.012955223867812733,0.5798274477705717,0.5927826716383845,0.5812809896300575,3.671638384550313e-06,0.003671638384550313,0.0,0.0,0.0,0.0,0,0
disturbance_only,0.68,-0.05249772018235743,0.051685914870520655,0.011975170820797808,0.5808072018609568,0.5927823726817546,-0.05249772018235743,0.051685914870520655,0.011975170820797808,0.5808072018609568,0.5927823726817546,0.5825564155056744,3.3726817546542165e-06,0.0033726817546542165,0.0,0.0,0.0,0.0,0,0
disturbance_only,0.7000000000000001,-0.05880137357036974,0.057947052355798334,0.01085688829098884,0.5819251660370612,0.5927820543280501,-0.05880137357036974,0.057947052355798334,0.01085688829098884,0.5819251660370612,0.5927820543280501,0.5839280494262648,3.054328050144939e-06,0.003054328050144939,0.0,0.0,0.0,0.0,0,0
disturbance_only,0.72,-0.06387776492357689,0.06299569212734824,0.009624622569400875,0.5831570824274191,0.59278170499682,-0.06387776492357689,0.06299569212734824,0.009624622569400875,0.5831570824274191,0.59278170499682,0.5853699434952737,2.7049968200909547e-06,0.0027049968200909547,0.0,0.0,0.0,0.0,0,0
disturbance_only,0.74,-0.06770847486851717,0.06681372687082288,0.008303197328202052,0.5844781278400829,0.592781325168285,-0.06770847486851717,0.06681372687082288,0.008303197328202052,0.5844781278400829,0.592781325168285,0.5868562024209725,2.325168285022272e-06,0.002325168285022272,0.0,0.0,0.0,0.0,0,0
disturbance_only,0.76,-0.07029532091207369,0.06940265634692722,0.00691759901882228,0.5858633249900708,0.592780924008893,-0.07029532091207369,0.06940265634692722,0.00691759901882228,0.5858633249900708,0.592780924008893,0.5883614474584171,1.924008893094964e-06,0.001924008893094964,0.0,0.0,0.0,0.0,0,0
disturbance_only,0.78,-0.07165935195442752,0.07078271016826454,0.005492580937922366,0.5872879311611174,0.5927805120990398,-0.07165935195442752,0.07078271016826454,0.005492580937922366,0.5872879311611174,0.5927805120990398,0.5898612563665573,1.5120990398687084e-06,0.0015120990398687084,0.0,0.0,0.0,0.0,0,0
disturbance_only,0.8,-0.07183961980819875,0.07099188909934329,0.0040522897340072046,0.5887278081460863,0.5927800978800934,-0.07183961980819875,0.07099188909934329,0.0040522897340072046,0.5887278081460863,0.5927800978800934,0.5913325199873626,1.0978800935035338e-06,0.0010978800935035338,0.0,0.0,0.0,0.0,0,0
disturbance_only,0.8200000000000001,-0.07089170606035955,0.0700846360377696,0.002619919081451094,0.5901597686872294,0.5927796877686805,-0.07089170606035955,0.0700846360377696,0.002619919081451094,0.5901597686872294,0.5927796877686805,0.5927537288106103,6.877686805628613e-07,0.0006877686805628613,0.0,0.0,0.0,0.0,0,0
disturbance_only,0.84,-0.06888603932562443,0.06813017128497867,0.0012173950805749838,0.5915618922757095,0.5927792873562845,-0.06888603932562443,0.06813017128497867,0.0012173950805749838,0.5915618922757095,0.5927792873562845,0.5941052158786982,2.8735628454512607e-07,0.00028735628454512607,0.0,0.0,0.0,0.0,0,0
disturbance_only,0.86,-0.06590605680802541,0.06521063487022483,-0.00013490296600882253,0.5929138050421059,0.5927789020760971,-0.06590605680802541,0.06521063487022483,-0.00013490296600882253,0.5929138050421059,0.5927789020760971,0.5953693667855036,-9.792390287532982e-08,-9.792390287532982e-05,0.0,0.0,0.0,0.0,0,0
disturbance_only,0.88,-0.06204625748561832,0.061419139387759,-0.0014183837651987512,0.5941969209417735,0.5927785371765747,-0.06204625748561832,0.061419139387759,-0.0014183837651987512,0.5941969209417735,0.5927785371765747,0.596530793808584,-4.6282342525127973e-07,-0.00046282342525127973,0.0,0.0,0.0,0.0,0,0
disturbance_only,0.9,-0.0574101837510681,0.05685777572470929,-0.0026164454362572007,0.5953946428782185,0.5927781974419614,-0.0574101837510681,0.05685777572470929,-0.0026164454362572007,0.5953946428782185,0.5927781974419614,0.5975764682540018,-8.025580385817577e-07,-0.0008025580385817577,0.0,0.0,0.0,0.0,0,0
disturbance_only,0.92,-0.05210836353668791,0.0516355881498769,-0.0037146359953084225,0.59649252298803,0.5927778869927216,-0.05210836353668791,0.0516355881498769,-0.0037146359953084225,0.59649252298803,0.5927778869927216,0.5984958082987094,-1.1130072783416267e-06,-0.0011130072783416267,0.0,0.0,0.0,0.0,0,0
disturbance_only,0.9400000000000001,-0.04625624468150458,0.045866538545941804,-0.004700772451982893,0.5974783816815649,0.592777609229582,-0.04625624468150458,0.045866538545941804,-0.004700772451982893,0.5974783816815649,0.592777609229582,0.5992807231032218,-1.3907704179416669e-06,-0.001390770417941667,0.0,0.0,0.0,0.0,0,0
disturbance_only,0.96,-0.03997215366448437,0.039667489290203584,-0.005565018690635999,0.5983423855406773,0.5927773668500413,-0.03997215366448437,0.039667489290203584,-0.005565018690635999,0.5983423855406773,0.5927773668500413,0.5999256155390604,-1.633149958601976e-06,-0.001633149958601976,0.0,0.0,0.0,0.0,0,0
disturbance_only,0.98,-0.033375309779975604,0.03315623799418477,-0.006299922943210719,0.5990770848139878,0.5927771618707771,-0.033375309779975604,0.03315623799418477,-0.006299922943210719,0.5990770848139878,0.5927771618707771,0.6004273461024225,-1.8381292228308865e-06,-0.0018381292228308865,0.0,0.0,0.0,0.0,0,0
disturbance_only,1.0,-0.026583923408470933,0.02644963479576301,-0.006900416259932045,0.5996774118972155,0.5927769956372834,-0.026583923408470933,0.02644963479576301,-0.006900416259932045,0.5996774118972155,0.5927769956372834,0.600785160561087,-2.004362716578889e-06,-0.002004362716578889,0.0,0.0,0.0,0.0,0,0
disturbance_only,1.02,-0.019713403988744105,0.019661808227750655,-0.007363773927908317,0.6001406427587065,0.5927768688307982,-0.019713403988744105,0.019661808227750655,-0.007363773927908317,0.6001406427587065,0.5927768688307982,0.601000584103812,-2.1311692017800254e-06,-0.0021311692017800254,0.0,0.0,0.0,0.0,0,0
disturbance_only,1.04,-0.012874700128865824,0.012902521550433477,-0.007689542269203406,0.6004663237538537,0.5927767814846503,-0.012874700128865824,0.012902521550433477,-0.007689542269203406,0.6004663237538537,0.5927767814846503,0.6010772851773091,-2.2185153496501187e-06,-0.0022185153496501187,0.0,0.0,0.0,0.0,0,0
disturbance_only,1.06,-0.006172791111786147,0.00627567821289432,-0.007879433667768544,0.6006561666815403,0.5927767330137718,-0.006172791111786147,0.00627567821289432,-0.007879433667768544,0.6006561666815403,0.5927767330137718,0.601020912603023,-2.266986228183221e-06,-0.002266986228183221,0.0,0.0,0.0,0.0,0,0
disturbance_only,1.08,0.00029465420208785176,-0.00012200781720483889,-0.007937193027892295,0.6007139152829336,0.5927767222550413,0.00029465420208785176,-0.00012200781720483889,-0.007937193027892295,0.6007139152829336,0.5927767222550413,0.6008389098531778,-2.2777449586453002e-06,-0.0022777449586453002,0.0,0.0,0.0,0.0,0,0
disturbance_only,1.1,0.0064384384299758235,-0.0062021642222642726,-0.007868439153733944,0.6006451866687613,0.5927767475150274,0.0064384384299758235,-0.0062021642222642726,-0.007868439153733944,0.6006451866687613,0.5927767475150274,0.6005403105296347,-2.25248497254249e-06,-0.00225248497254249,0.0,0.0,0.0,0.0,0,0
disturbance_only,1.12,0.012178807455917373,-0.01188572571249491,-0.007680484758349513,0.6004572913813431,0.5927768066229936,0.012178807455917373,-0.01188572571249491,-0.007680484758349513,0.6004572913813431,0.5927768066229936,0.6001355191662591,-2.193377006354247e-06,-0.002193377006354247,0.0,0.0,0.0,0.0,0,0
disturbance_only,1.1400000000000001,0.01744622714349109,-0.017103706743980318,-0.007382138960857334,0.6001590359490449,0.5927768969881875,0.01744622714349109,-0.017103706743980318,-0.007382138960857334,0.6001590359490449,0.5927768969881875,0.599636081490551,-2.1030118124709674e-06,-0.0021030118124709674,0.0,0.0,0.0,0.0,0,0
disturbance_only,1.16,0.02218196249556481,-0.02179777904696678,-0.006983496212923174,0.5997605118736469,0.5927770156607237,0.02218196249556481,-0.02179777904696678,-0.006983496212923174,0.5997605118736469,0.5927770156607237,0.5990544482395358,-1.9843392762286527e-06,-0.0019843392762286527,0.0,0.0,0.0,0.0,0,0
disturbance_only,1.18,0.026338459986841478,-0.025920654613342364,-0.006495715612701983,0.5992728750078615,0.5927771593951595,0.026338459986841478,-0.025920654613342364,-0.006495715612701983,0.5992728750078615,0.5927771593951595,0.5984037365260325,-1.840604840430693e-06,-0.001840604840430693,0.0,0.0,0.0,0.0,0,0
disturbance_only,1.2,0.02987953682437272,-0.029436277783294607,-0.005930794518819872,0.5987081192344635,0.5927773247156437,0.02987953682437272,-0.029436277783294607,-0.005930794518819872,0.5987081192344635,0.5927773247156437,0.5976974925945837,-1.675284356239537e-06,-0.001675284356239537,0.0,0.0,0.0,0.0,0,0
disturbance_only,1.22,0.03278038371250769,-0.03231983285673934,-0.00530134027274514,0.5980788482542198,0.5927775079814747,0.03278038371250769,-0.03231983285673934,-0.00530134027274514,0.5980788482542198,0.5927775079814747,0.5969494595956308,-1.4920185252842444e-06,-0.0014920185252842444,0.0,0.0,0.0,0.0,0,0
disturbance_only,1.24,0.03502739027939605,-0.03455757620890765,-0.004620343679490264,0.5973980491314692,0.5927777054519789,0.03502739027939605,-0.03455757620890765,-0.004620343679490264,0.5973980491314692,0.5927777054519789,0.5961733537489019,-1.294548021002484e-06,-0.001294548021002484,0.0,0.0,0.0,0.0,0,0
disturbance_only,1.26,0.03661780463357511,-0.03614650418187182,-0.003900957689130857,0.5966788710388564,0.5927779133497255,0.03661780463357511,-0.03614650418187182,-0.003900957689130857,0.5966788710388564,0.5927779133497255,0.5953826519695208,-1.0866502744288908e-06,-0.0010866502744288908,0.0,0.0,0.0,0.0,0,0
disturbance_only,1.28,0.037559240537967886,-0.03709387002804165,-0.0031562844707665842,0.5959344123919529,0.5927781279211863,0.037559240537967886,-0.03709387002804165,-0.0031562844707665842,0.5959344123919529,0.5927781279211863,0.5945903937000292,-8.72078813607402e-07,-0.000872078813607402,0.0,0.0,0.0,0.0,0,0
disturbance_only,1.3,0.03786904739751695,-0.037416564879297454,-0.002399173782333573,0.5951775192763671,0.5927783454940335,0.03786904739751695,-0.037416564879297454,-0.002399173782333573,0.5951775192763671,0.5927783454940335,0.5938089993348992,-6.545059664242459e-07,-0.0006545059664242459,0.0,0.0,0.0,0.0,0,0
disturbance_only,1.32,0.03757355964436393,-0.03714037909516277,-0.0016420352204444605,0.5944205977507933,0.5927785625303488,0.03757355964436393,-0.03714037909516277,-0.0016420352204444605,0.5944205977507933,0.5927785625303488,0.5930501072479395,-4.3746965117108516e-07,-0.00043746965117108516,0.0,0.0,0.0,0.0,0,0
disturbance_only,1.34,0.03670724316526175,-0.03629916139986511,-0.0008966665906869273,0.5936754422658018,0.5927787756751149,0.03670724316526175,-0.03629916139986511,-0.0008966665906869273,0.5936754422658018,0.5927787756751149,0.5923244310440257,-2.2432488500090386e-07,-0.00022432488500090386,0.0,0.0,0.0,0.0,0,0
disturbance_only,1.36,0.035311757149527834,-0.03493389395177937,-0.00017410027711905248,0.5929530820765843,0.5927789817994652,0.035311757149527834,-0.03493389395177937,-0.00017410027711905248,0.5929530820765843,0.5927789817994652,0.5916416382614437,-1.820053474599348e-08,-1.820053474599348e-05,0.0,0.0,0.0,0.0,0,0
disturbance_only,1.3800000000000001,0.033434950146899345,-0.033091701903247284,0.0005155308834197342,0.5922636471548558,0.5927791780382755,0.033434950146899345,-0.033091701903247284,0.0005155308834197342,0.5922636471548558,0.5927791780382755,0.5910102513564546,1.7803827556672758e-07,0.00017803827556672758,0.0,0.0,0.0,0.0,0,0
disturbance_only,1.4000000000000001,0.031129809222726013,-0.03082481611398391,0.0011631070947330019,0.5916162547270589,0.5927793618217919,0.031129809222726013,-0.03082481611398391,0.0011631070947330019,0.5916162547270589,0.5927793618217919,0.5904375714134709,3.618217919720834e-07,0.0003618217919720834,0.0,0.0,0.0,0.0,0,0
disturbance_only,1.42,0.02845338089690308,-0.02818950749050453,0.0017606137120567732,0.591018917189039,0.5927795309010958,0.02845338089690308,-0.02818950749050453,0.0017606137120567732,0.591018917189039,0.5927795309010958,0.5899296246482885,5.309010958631788e-07,0.0005309010958631788,0.0,0.0,0.0,0.0,0,0
disturbance_only,1.44,0.02546568207065314,-0.025245010954643377,0.002301211590010885,0.5904784717773031,0.5927796833673139,0.02546568207065314,-0.025245010954643377,0.002301211590010885,0.5904784717773031,0.5927796833673139,0.5894911314133844,6.833673139583496e-07,0.0006833673139583496,0.0,0.0,0.0,0.0,0,0
disturbance_only,1.46,0.022228618403175693,-0.022052456317709357,0.0027792856453372414,0.5900005320192467,0.592779817664584,0.022228618403175693,-0.022052456317709357,0.0027792856453372414,0.5900005320192467,0.592779817664584,0.5891254970780481,8.176645840407559e-07,0.0008176645840407559,0.0,0.0,0.0,0.0,0,0
disturbance_only,1.48,0.018804926622629226,-0.018673822376934268,0.0031904719525737814,0.5895894606443048,0.5927799325968787,0.018804926622629226,-0.018673822376934268,0.0031904719525737814,0.5895894606443048,0.5927799325968787,0.5888348238462365,9.325968787221584e-07,0.0009325968787221584,0.0,0.0,0.0,0.0,0,0
disturbance_only,1.5,0.015257156069717448,-0.015170929383865328,0.0035316640095798086,0.5892483633193083,0.5927800273288881,0.015257156069717448,-0.015170929383865328,0.0035316640095798086,0.5892483633193083,0.5927800273288881,0.5886199422950948,1.0273288881812448e-06,0.0010273288881812448,0.0,0.0,0.0,0.0,0,0
disturbance_only,1.52,0.011646703406207548,-0.011604483689413136,0.0038009991029458205,0.5889791022782933,0.5927801013812392,0.011646703406207548,-0.011604483689413136,0.0038009991029458205,0.5889791022782933,0.5927801013812392,0.5884804611698132,1.1013812392102196e-06,0.0011013812392102196,0.0,0.0,0.0,0.0,0,0
disturbance_only,1.54,0.008032912904994305,-0.008033186876049925,0.003997825967487434,0.5887823286529154,0.5927801546204028,0.008032912904994305,-0.008033186876049925,0.003997825967487434,0.5887823286529154,0.5927801546204028,0.5884148337583545,1.1546204028434204e-06,0.0011546204028434204,0.0,0.0,0.0,0.0,0,0
disturbance_only,1.56,0.004472253103983248,-0.004512920075610438,0.00412265516655051,0.5886575320771623,0.5927801872437128,0.004472253103983248,-0.004512920075610438,0.00412265516655051,0.5886575320771623,0.5927801872437128,0.5884204389939479,1.1872437128968016e-06,0.0011872437128968016,0.0,0.0,0.0,0.0,0,0
disturbance_only,1.58,0.0010175788843738154,-0.001096012472098895,0.00417709381868204,0.5886031059412865,0.5927801997599685,0.0010175788843738154,-0.001096012472098895,0.00417709381868204,0.5886031059412865,0.5927801997599685,0.5884936752951425,1.1997599685953375e-06,0.0011997599685953375,0.0,0.0,0.0,0.0,0,0
disturbance_only,1.6,-0.00228251374403865,0.002169398766911357,0.004163766459912825,0.5886164265062284,0.5927801929661412,-0.00228251374403865,0.002169398766911357,0.004163766459912825,0.5886164265062284,0.5927801929661412,0.5886300650529777,1.1929661412057868e-06,0.0011929661412057868,0.0,0.0,0.0,0.0,0,0
disturbance_only,1.62,-0.0053842346715946565,0.005239911668378117,0.004086223958636954,0.5886939439621032,0.5927801679207402,-0.0053842346715946565,0.005239911668378117,0.004086223958636954,0.5886939439621032,0.5927801679207402,0.5888243676120446,1.1679207402304215e-06,0.0011679207402304215,0.0,0.0,0.0,0.0,0,0
disturbance_only,1.6400000000000001,-0.008249044852669418,0.00807730205866486,0.003948842491642772,0.5888312834227752,0.592780125914418,-0.008249044852669418,0.00807730205866486,0.003948842491642772,0.5888312834227752,0.592780125914418,0.5890706985661289,1.1259144180320035e-06,0.0011259144180320035,0.0,0.0,0.0,0.0,0,0
disturbance_only,1.6600000000000001,-0.010843997694444218,0.010648863661026464,0.0037567146456083528,0.5890233537928009,0.5927800684384092,-0.010843997694444218,0.010648863661026464,0.0037567146456083528,0.5890233537928009,0.5927800684384092,0.5893626531982408,1.0684384093018195e-06,0.0010684384093018195,0.0,0.0,0.0,0.0,0,0
disturbance_only,1.68,-0.013141976471339745,0.012927645444042568,0.003515534729219492,0.589264462422181,0.5927799971514005,-0.013141976471339745,0.012927645444042568,0.003515534729219492,0.589264462422181,0.5927799971514005,0.5896934319373347,9.971514005613358e-07,0.0009971514005613358,0.0,0.0,0.0,0.0,0,0
disturbance_only,1.7,-0.01512182919569205,0.01489258759220169,0.0032314803683974064,0.5895484334770287,0.592779913845426,-0.01512182919569205,0.01489258759220169,0.0032314803683974064,0.5895484334770287,0.592779913845426,0.5900559657775872,9.138454261092832e-07,0.0009138454261092832,0.0,0.0,0.0,0.0,0,0
disturbance_only,1.72,-0.016768403902322704,0.016528558981612207,0.0029110924127876935,0.5898687279985826,0.5927798204113702,-0.016768403902322704,0.016528558981612207,0.0029110924127876935,0.5898687279985826,0.5927798204113702,0.5904430397080023,8.20411370283658e-07,0.000820411370283658,0.0,0.0,0.0,0.0,0,0
disturbance_only,1.74,-0.01807248871031386,0.017826300436122544,0.0025611551079147803,0.5902185636967142,0.592779718804629,-0.01807248871031386,0.017826300436122544,0.0025611551079147803,0.5902185636967142,0.592779718804629,0.5908474123274327,7.188046290407257e-07,0.0007188046290407257,0.0,0.0,0.0,0.0,0,0
disturbance_only,1.76,-0.019030662293664125,0.01878227929637033,0.0021885783868465696,0.5905910326246151,0.5927796110114617,-0.019030662293664125,0.01878227929637033,0.0021885783868465696,0.5905910326246151,0.5927796110114617,0.5912619299695945,6.110114617596807e-07,0.0006110114617596807,0.0,0.0,0.0,0.0,0,0
disturbance_only,1.78,-0.019645061510479955,0.01939846194290018,0.001800284010732324,0.5909792150057901,0.5927794990165224,-0.019645061510479955,0.01939846194290018,0.001800284010732324,0.5909792150057901,0.5927794990165224,0.5916796338308027,4.990165224372234e-07,0.0004990165224372234,0.0,0.0,0.0,0.0,0,0
disturbance_only,1.8,-0.01992307389807635,0.019682011865206128,0.0014030971422926012,0.5913762876297246,0.5927793847720172,-0.01992307389807635,0.019682011865206128,0.0014030971422926012,0.5913762876297246,0.5927793847720172,0.5920938587765627,3.847720172478475e-07,0.0003847720172478475,0.0,0.0,0.0,0.0,0,0
disturbance_only,1.82,-0.019876963531734626,0.019644921654124126,0.0010036447735427998,0.5917756253953463,0.5927792701688891,-0.019876963531734626,0.019644921654124126,0.0010036447735427998,0.5917756253953463,0.5927792701688891,0.5924983226981153,2.701688891493248e-07,0.0002701688891493248,0.0,0.0,0.0,0.0,0,0
disturbance_only,1.84,-0.01952343936381784,0.019303587910990405,0.0006082622521223942,0.5921708947582571,0.5927791570103795,-0.01952343936381784,0.019303587910990405,0.0006082622521223942,0.5921708947582571,0.5927791570103795,0.5928872054929307,1.5701037958670838e-07,0.00015701037958670838,0.0,0.0,0.0,0.0,0,0
disturbance_only,1.86,-0.018883175606387637,0.018678338512957193,0.00022290896303243848,0.5925561380252276,0.59277904698826,-0.018883175606387637,0.018678338512957193,0.00022290896303243848,0.5925561380252276,0.59277904698826,0.5932552169505455,4.6988260060665255e-08,4.6988260060665255e-05,0.0,0.0,0.0,0.0,0,0
disturbance_only,1.8800000000000001,-0.01798029399578649,0.017792921950094076,-0.00014690597219697236,0.5929258476341694,0.5927789416619724,-0.01798029399578649,0.017792921950094076,-0.00014690597219697236,0.5929258476341694,0.5927789416619724,0.5935976530333725,-5.8338027519866387e-08,-5.833802751986639e-05,0.0,0.0,0.0,0.0,0,0
disturbance_only,1.9000000000000001,-0.016841817886248056,0.01667396856204384,-0.0004961873154898525,0.5932750297563518,0.592778842440862,-0.016841817886248056,0.01667396856204384,-0.0004961873154898525,0.5932750297563518,0.592778842440862,0.593910440248207,-1.5755913795878485e-07,-0.00015755913795878485,0.0,0.0,0.0,0.0,0,0
disturbance_only,1.92,-0.015497108067650589,0.015350433454234036,-0.0008205061870787461,0.5935992567567019,0.5927787505696231,-0.015497108067650589,0.015350433454234036,-0.0008205061870787461,0.5935992567567019,0.5927787505696231,0.5941901680045671,-2.4943037679747704e-07,-0.00024943037679747704,0.0,0.0,0.0,0.0,0,0
disturbance_only,1.94,-0.013977289999231979,0.013853030677401623,-0.0011160411275005083,0.5938947082445316,0.5927786671170311,-0.013977289999231979,0.013853030677401623,-0.0011160411275005083,0.5938947082445316,0.5927786671170311,0.594434109048476,-3.3288296885647384e-07,-0.00033288296885647384,0.0,0.0,0.0,0.0,0,0
disturbance_only,1.96,-0.012314681806564698,0.012213667916757487,-0.001379607670027442,0.5941582006379953,0.5927785929679679,-0.012314681806564698,0.012213667916757487,-0.001379607670027442,0.5941582006379953,0.5927785929679679,0.5946402282415355,-4.0703203207925753e-07,-0.00040703203207925753,0.0,0.0,0.0,0.0,0,0
disturbance_only,1.98,-0.010542231916146116,0.010464890473639077,-0.0016086765296227865,0.5943872053483316,0.5927785288187087,-0.010542231916146116,0.010464890473639077,-0.0016086765296227865,0.5943872053483316,0.5927785288187087,0.5948071801235633,-4.711812912061575e-07,-0.0004711812912061575,0.0,0.0,0.0,0.0,0,0
disturbance_only,2.0,-0.008692974613911053,0.0086393427439031,-0.0018013806866333457,0.5945798558620117,0.5927784751753783,-0.008692974613911053,0.0086393427439031,-0.0018013806866333457,0.5945798558620117,0.5927784751753783,0.5949342958500747,-5.248246216504882e-07,-0.0005248246216504882,0.0,0.0,0.0,0.0,0,0
disturbance_only,2.02,-0.006799511125967439,0.006769254720340623,-0.001956511802729575,0.6447349441581763,0.6427784323554467,-0.006799511125967439,0.006769254720340623,-0.001956511802729575,0.6447349441581763,0.6427784323554467,0.5950215602323555,0.04999943235544679,49.99943235544679,0.0,0.0,0.0,0.0,1,0
disturbance_only,2.04,0.07154732996463309,-0.4654717296001869,-0.0012391967613512665,0.6397667904685,0.6385275937071487,0.07154732996463309,-0.4654717296001869,-0.0012391967613512665,0.6397667904685,0.6385275937071487,0.5750215601486343,0.04574859370714879,45.748593707148785,0.0,0.0,0.0,0.0,1,0
disturbance_only,2.06,0.13202849267380257,-0.8540132903306898,0.0008779071501026229,0.6261235335485986,0.6270014406987012,0.13202849267380257,-0.8540132903306898,0.0008779071501026229,0.6261235335485986,0.6270014406987012,0.5550215601398502,0.034222440698701284,34.222440698701284,0.0,0.0,0.0,0.0,1,0
disturbance_only,2.08,0.1277545051025245,-0.8706344756218822,0.003521328378338927,0.6086193128328602,0.6121406412111992,0.1277545051025245,-0.8706344756218822,0.003521328378338927,0.6086193128328602,0.6121406412111992,0.5740282813668034,0.01936164121119921,19.36164121119921,0.0,0.0,0.0,0.0,1,0
disturbance_only,2.1,0.0797643981888887,-0.6276100751626847,0.005604042272912132,0.5935853097340129,0.599189352006925,0.0797643981888887,-0.6276100751626847,0.005604042272912132,0.5935853097340129,0.599189352006925,0.5940282813635049,0.00641035200692508,6.41035200692508,0.0,0.0,0.0,0.0,1,0
disturbance_only,2.12,0.009756346021936091,-0.2431763686541677,0.006473109331440804,0.585010486870884,0.5914835962023248,0.009756346021936091,-0.2431763686541677,0.006473109331440804,0.585010486870884,0.5914835962023248,0.614028281363655,-0.001295403797675121,-1.295403797675121,0.0,0.0,0.0,0.0,1,0
disturbance_only,2.14,-0.04895169157818058,0.0890879754500471,0.006043043261904488,0.583670598122969,0.5897136413848735,-0.04895169157818058,0.0890879754500471,0.006043043261904488,0.583670598122969,0.5897136413848735,0.6199757293518822,-0.003065358615126468,-3.065358615126468,0.0,0.0,0.0,0.0,1,0
disturbance_only,2.16,-0.06341354978626523,0.16830670679727477,0.004901950837946244,0.5863354680798917,0.5912374189178379,-0.06341354978626523,0.16830670679727477,0.004901950837946244,0.5863354680798917,0.5912374189178379,0.6003153446697785,-0.001541581082162069,-1.541581082162069,0.0,0.0,0.0,0.0,1,0
disturbance_only,2.18,-0.053561829520285875,0.10679775041120232,0.003731689845906349,0.5890859204263145,0.5928176102722208,-0.053561829520285875,0.10679775041120232,0.003731689845906349,0.5890859204263145,0.5928176102722208,0.5867393573904649,3.861027222085145e-05,0.03861027222085145,0.0,0.0,0.0,0.0,1,0
disturbance_only,2.2,-0.042763894466898766,0.041218154299606624,0.0027717224596994607,0.5905445052981031,0.5933162277578026,-0.042763894466898766,0.041218154299606624,0.0027717224596994607,0.5905445052981031,0.5933162277578026,0.5854225562630094,0.0005372277578026274,0.5372277578026274,0.0,0.0,0.0,0.0,1,0
disturbance_only,2.22,-0.03907169955736356,0.019989628415210348,0.0019534566974183662,0.5911521472008632,0.5931056038982816,-0.03907169955736356,0.019989628415210348,0.0019534566974183662,0.5911521472008632,0.5931056038982816,0.5897671460934893,0.00032660389828165215,0.32660389828165215,0.0,0.0,0.0,0.0,1,0
disturbance_only,2.24,-0.03975690289027156,0.027875625324339293,0.0011620686662821237,0.5916438453995718,0.5928059140658539,-0.03975690289027156,0.027875625324339293,0.0011620686662821237,0.5916438453995718,0.5928059140658539,0.5935528217423962,2.691406585397793e-05,0.02691406585397793,0.0,0.0,0.0,0.0,1,0
disturbance_only,2.2600000000000002,-0.04041536235090315,0.03897566184692458,0.0003564300115081456,0.5923302039446189,0.592686633956127,-0.04041536235090315,0.03897566184692458,0.0003564300115081456,0.5923302039446189,0.592686633956127,0.5950507800198699,-9.23660438729712e-05,-0.0923660438729712,0.0,0.0,0.0,0.0,1,0
disturbance_only,2.2800000000000002,-0.039202435588875484,0.04199072166165996,-0.00044294880674872455,0.5931542549096753,0.5927113061029265,-0.039202435588875484,0.04199072166165996,-0.00044294880674872455,0.5931542549096753,0.5927113061029265,0.5952448321121969,-6.769389707339535e-05,-0.06769389707339535,0.0,0.0,0.0,0.0,1,0
disturbance_only,2.3000000000000003,-0.036463228078910226,0.03846353432328886,-0.0012018983036378638,0.5939686510339004,0.5927667527302626,-0.036463228078910226,0.03846353432328886,-0.0012018983036378638,0.5939686510339004,0.5927667527302626,0.5953324632763587,-1.2247269737364341e-05,-0.012247269737364341,0.0,0.0,0.0,0.0,1,0
disturbance_only,2.32,-0.03307798664776129,0.03319524207853952,-0.0018990692943485548,0.5946925728376378,0.5927935035432892,-0.03307798664776129,0.03319524207853952,-0.0018990692943485548,0.5946925728376378,0.5927935035432892,0.5957386216202961,1.4503543289245968e-05,0.014503543289245968,0.0,0.0,0.0,0.0,1,0
disturbance_only,2.34,-0.029535931355635592,0.02875742350984556,-0.002526723068612174,0.5953184974778232,0.592791774409211,-0.029535931355635592,0.02875742350984556,-0.002526723068612174,0.5953184974778232,0.592791774409211,0.5963279080332163,1.2774409211102622e-05,0.012774409211102622,0.0,0.0,0.0,0.0,1,0
disturbance_only,2.36,-0.025901165660056402,0.02522039209872018,-0.0030824149633882914,0.5958640303117574,0.5927816153483692,-0.025901165660056402,0.02522039209872018,-0.0030824149633882914,0.5958640303117574,0.5927816153483692,0.596869378204503,2.615348369205961e-06,0.002615348369205961,0.0,0.0,0.0,0.0,1,0
disturbance_only,2.38,-0.022100188916761798,0.021816846489000508,-0.003563486750016043,0.5963391488332578,0.5927756620832417,-0.022100188916761798,0.021816846489000508,-0.003563486750016043,0.5963391488332578,0.5927756620832417,0.597260114615098,-3.337916758217041e-06,-0.003337916758217041,0.0,0.0,0.0,0.0,1,0
disturbance_only,2.4,-0.018114660538331995,0.01808610652903697,-0.003966369728483015,0.5967415811120377,0.5927752113835547,-0.018114660538331995,0.01808610652903697,-0.003966369728483015,0.5967415811120377,0.5927752113835547,0.5975113143711893,-3.788616445232762e-06,-0.003788616445232762,0.0,0.0,0.0,0.0,1,0
disturbance_only,2.42,-0.014006525259260383,0.014041492400421518,-0.004287979787559206,0.5970648357326931,0.5927768559451339,-0.014006525259260383,0.014041492400421518,-0.004287979787559206,0.5970648357326931,0.5927768559451339,0.5976646067097499,-2.14405486609337e-06,-0.00214405486609337,0.0,0.0,0.0,0.0,1,0
disturbance_only,2.44,-0.00986867952031778,0.00989263423871023,-0.00452681259495649,0.5973048153714672,0.5927780027765107,-0.00986867952031778,0.00989263423871023,-0.00452681259495649,0.5973048153714672,0.5927780027765107,0.5977436349914045,-9.972234892297038e-07,-0.0009972234892297038,0.0,0.0,0.0,0.0,1,0
disturbance_only,2.46,-0.005784630322292261,0.005812809724973,-0.0046831344807562155,0.5974612837144816,0.5927781492337254,-0.005784630322292261,0.005812809724973,-0.0046831344807562155,0.5974612837144816,0.5927781492337254,0.5977513262279953,-8.507662745405042e-07,-0.0008507662745405042,0.0,0.0,0.0,0.0,1,0
disturbance_only,2.48,-0.0018188434718930946,0.0018838659284030612,-0.004758687911462284,0.5975365323507944,0.5927778444393321,-0.0018188434718930946,0.0018838659284030612,-0.004758687911462284,0.5975365323507944,0.5927778444393321,0.5976842964451187,-1.15556066782041e-06,-0.00115556066782041,0.0,0.0,0.0,0.0,1,0
disturbance_only,2.5,0.0019763985789883476,-0.0018613273162824129,-0.004756380728428197,0.5975339847690763,0.592777604040648,0.0019763985789883476,-0.0018613273162824129,-0.004756380728428197,0.5975339847690763,0.592777604040648,0.5975428122283345,-1.395959351890852e-06,-0.001395959351890852,0.0,0.0,0.0,0.0,1,0
disturbance_only,2.52,0.0055538730329623975,-0.005393988320157028,-0.004680117736377707,0.5974576879265396,0.592777570190162,0.0055538730329623975,-0.005393988320157028,-0.004680117736377707,0.5974576879265396,0.592777570190162,0.5973321930465008,-1.4298098379716961e-06,-0.0014298098379716961,0.0,0.0,0.0,0.0,1,0
disturbance_only,2.54,0.008869570779411307,-0.008675559365835639,-0.004534719662225893,0.597312379040983,0.5927776593787571,0.008869570779411307,-0.008675559365835639,-0.004534719662225893,0.597312379040983,0.5927776593787571,0.5970602718306992,-1.3406212427957698e-06,-0.0013406212427957698,0.0,0.0,0.0,0.0,1,0
disturbance_only,2.56,0.011884201776047543,-0.011664236702434216,-0.0043258431884785975,0.5971036131463927,0.5927777699579141,0.011884201776047543,-0.011664236702434216,-0.0043258431884785975,0.5971036131463927,0.5927777699579141,0.5967352191483822,-1.2300420858535333e-06,-0.0012300420858535333,0.0,0.0,0.0,0.0,1,0
disturbance_only,2.58,0.014564974931422392,-0.014323957125468745,-0.004059867432925711,0.5968377316160802,0.5927778641831545,0.014564974931422392,-0.014323957125468745,-0.004059867432925711,0.5968377316160802,0.5927778641831545,0.596364915235757,-1.1358168454655981e-06,-0.0011358168454655981,0.0,0.0,0.0,0.0,1,0
disturbance_only,2.6,0.016886348415305785,-0.016628033756346028,-0.0037437554658876215,0.5965217062303617,0.5927779507644741,0.016886348415305785,-0.016628033756346028,-0.0037437554658876215,0.5965217062303617,0.5927779507644741,0.595957180812447,-1.049235525796277e-06,-0.001049235525796277,0.0,0.0,0.0,0.0,1,0
disturbance_only,2.62,0.018829956035314455,-0.01855850005528925,-0.003384909519276761,0.5961629558922942,0.5927780463730175,0.018829956035314455,-0.01855850005528925,-0.003384909519276761,0.5961629558922942,0.5927780463730175,0.5955200351739321,-9.536269824916843e-07,-0.0009536269824916843,0.0,0.0,0.0,0.0,1,0
disturbance_only,2.64,0.02038427971466683,-0.020104449733389984,-0.002991030398139971,0.5957691875150743,0.5927781571169344,0.02038427971466683,-0.020104449733389984,-0.002991030398139971,0.5957691875150743,0.5927781571169344,0.595061686786908,-8.428830655660136e-07,-0.0008428830655660136,0.0,0.0,0.0,0.0,1,0
disturbance_only,2.66,0.02154436468962062,-0.021261105552627058,-0.0025699830016047316,0.5953482627166703,0.5927782797150656,0.02154436468962062,-0.021261105552627058,-0.0025699830016047316,0.5953482627166703,0.5927782797150656,0.5945903492901992,-7.20284934363491e-07,-0.000720284934363491,0.0,0.0,0.0,0.0,1,0
disturbance_only,2.68,0.022311579724287323,-0.022029619729609262,-0.0021296670397587215,0.5949080755072099,0.5927784084674512,0.022311579724287323,-0.022029619729609262,-0.0021296670397587215,0.5949080755072099,0.5927784084674512,0.594114041673068,-5.915325487215739e-07,-0.0005915325487215739,0.0,0.0,0.0,0.0,1,0
disturbance_only,2.7,0.022693330448648852,-0.022417033413446585,-0.0016778930143254408,0.5944564323186546,0.5927785393043292,0.022693330448648852,-0.022417033413446585,-0.0016778930143254408,0.5944564323186546,0.5927785393043292,0.5936404432290654,-4.6069567072315465e-07,-0.00046069567072315465,0.0,0.0,0.0,0.0,1,0
disturbance_only,2.72,0.022702673417768993,-0.022436038031311334,-0.0012222649709770312,0.5940009350128398,0.5927786700418628,0.022702673417768993,-0.022436038031311334,-0.0012222649709770312,0.5940009350128398,0.5927786700418628,0.593176795807917,-3.299581371463134e-07,-0.0003299581371463134,0.0,0.0,0.0,0.0,1,0
disturbance_only,2.74,0.02235783556908566,-0.02210451082029996,-0.0007700719773058419,0.5935488711875753,0.5927787992102694,0.02235783556908566,-0.02210451082029996,-0.0007700719773058419,0.5935488711875753,0.5927787992102694,0.5927298257683843,-2.0078973050896565e-07,-0.00020078973050896565,0.0,0.0,0.0,0.0,1,0
disturbance_only,2.7600000000000002,0.02168166709169328,-0.021444933986326742,-0.0003281899342672343,0.5931071151792668,0.5927789252449996,0.02168166709169328,-0.021444933986326742,-0.0003281899342672343,0.5931071151792668,0.5927789252449996,0.5923056712569624,-7.47550003010744e-08,-7.47550003010744e-05,0.0,0.0,0.0,0.0,1,0
disturbance_only,2.7800000000000002,0.020701051654038793,-0.020483783769406738,9.700519313613366e-05,0.5926820411904454,0.5927790463835816,0.020701051654038793,-0.020483783769406738,9.700519313613366e-05,0.5926820411904454,0.5927790463835816,0.5919098153852304,4.6383581642217564e-08,4.6383581642217564e-05,0.0,0.0,0.0,0.0,1,0
disturbance_only,2.8000000000000003,0.019446287664545148,-0.01925091523648037,0.0004997120120483738,0.5922794488736377,0.592779160885686,0.019446287664545148,-0.01925091523648037,0.0004997120120483738,0.5922794488736377,0.592779160885686,0.5915470307611632,1.608856861068375e-07,0.0001608856861068375,0.0,0.0,0.0,0.0,1,0
disturbance_only,2.82,0.0179504490811212,-0.017778938057670945,0.0008747657098800033,0.5919045015093862,0.5927792672192662,0.0179504490811212,-0.017778938057670945,0.0008747657098800033,0.5919045015093862,0.5927792672192662,0.591221338759598,2.672192662700468e-07,0.0002672192662700468,0.0,0.0,0.0,0.0,1,0
disturbance_only,2.84,0.016248734321983926,-0.01610257926246117,0.0012176871101901975,0.5915616770042221,0.5927793641144123,0.016248734321983926,-0.01610257926246117,0.0012176871101901975,0.5915616770042221,0.5927793641144123,0.5909359838167279,3.641144123989193e-07,0.0003641144123989193,0.0,0.0,0.0,0.0,1,0
disturbance_only,2.86,0.01437781333312349,-0.01425803943202908,0.0015247186398216414,0.5912547319022964,0.592779450542118,0.01437781333312349,-0.01425803943202908,0.0015247186398216414,0.5912547319022964,0.592779450542118,0.5906934216157094,4.505421180578395e-07,0.0004505421180578395,0.0,0.0,0.0,0.0,1,0
disturbance_only,2.88,0.01237518345641686,-0.01228235481929607,0.0017928472792033369,0.5909866784079503,0.5927795256871536,0.01237518345641686,-0.01228235481929607,0.0017928472792033369,0.5909866784079503,0.5927795256871536,0.590495320033825,5.256871536962748e-07,0.0005256871536962748,0.0,0.0,0.0,0.0,1,0
disturbance_only,2.9,0.010278544167157011,-0.010212777774360138,0.0020198147756669785,0.5907597741641378,0.5927795889398048,0.010278544167157011,-0.010212777774360138,0.0020198147756669785,0.5907597741641378,0.5927795889398048,0.5903425720738297,5.889398048131156e-07,0.0005889398048131156,0.0,0.0,0.0,0.0,1,0
disturbance_only,2.92,0.008125199660611648,-0.008086185240945287,0.0022041155905060447,0.5905755243085954,0.5927796398991014,0.008125199660611648,-0.008086185240945287,0.0022041155905060447,0.5905755243085954,0.5927796398991014,0.590235320112838,6.398991014844313e-07,0.0006398991014844313,0.0,0.0,0.0,0.0,1,0
disturbance_only,2.94,0.005951497172094089,-0.0059385228838571,0.002344983219448647,0.590434695155255,0.5927796783747037,0.005951497172094089,-0.0059385228838571,0.002344983219448647,0.590434695155255,0.5927796783747037,0.5901729906570099,6.783747037442112e-07,0.0006783747037442112,0.0,0.0,0.0,0.0,1,0
disturbance_only,2.96,0.0037923079309786223,-0.00380429123881898,0.0024423656743802315,0.5903373387075641,0.5927797043819444,0.0037923079309786223,-0.00380429123881898,0.0024423656743802315,0.5903373387075641,0.5927797043819444,0.5901543385788475,7.043819444385591e-07,0.0007043819444385591,0.0,0.0,0.0,0.0,1,0
disturbance_only,2.98,0.0016805566930635507,-0.0017160795837081189,0.0024968910429011264,0.5902828270881185,0.5927797181310196,0.0016805566930635507,-0.0017160795837081189,0.0024968910429011264,0.5902828270881185,0.5927797181310196,0.5901774996616691,7.181310196502366e-07,0.0007181310196502366,0.0,0.0,0.0,0.0,1,0
disturbance_only,3.0,-0.00035319521063992276,0.00029584753716882517,0.002509824151356057,0.5902698958616498,0.5927797200130058,-0.00035319521063992276,0.00029584753716882517,0.002509824151356057,0.5902698958616498,0.5927797200130058,0.59024005019877,7.200130058837573e-07,0.0007200130058837573,0.0,0.0,0.0,0.0,1,0
disturbance_only,3.02,-0.00228110943672466,0.002203907198666588,0.0024830154452014103,0.5902966951390892,0.5927797105842907,-0.00228110943672466,0.002203907198666588,0.0024830154452014103,0.5902966951390892,0.5927797105842907,0.5903390723617159,7.105842907417781e-07,0.0007105842907417781,0.0,0.0,0.0,0.0,1,0
disturbance_only,3.04,-0.004078370024340083,0.003983495570491158,0.0024188432671243933,0.5903608472826412,0.5927796905497655,-0.004078370024340083,0.003983495570491158,0.0024188432671243933,0.5903608472826412,0.5927796905497655,0.5904712240369568,6.905497655917969e-07,0.0006905497655917969,0.0,0.0,0.0,0.0,1,0
disturbance_only,3.06,-0.005723420925918377,0.005613224278039564,0.002320150758039689,0.5904595099866733,0.592779660744713,-0.005723420925918377,0.005613224278039564,0.002320150758039689,0.5904595099866733,0.592779660744713,0.5906328118267503,6.607447130546618e-07,0.0006607447130546618,0.0,0.0,0.0,0.0,1,0
disturbance_only,3.08,-0.007198141027747296,0.007075094997106568,0.002190178629395156,0.5905894434860819,0.5927796221154771,-0.007198141027747296,0.007075094997106568,0.002190178629395156,0.5905894434860819,0.5927796221154771,0.5908198659229472,6.221154771335335e-07,0.0006221154771335335,0.0,0.0,0.0,0.0,1,0
disturbance_only,3.1,-0.008487957019284398,0.008354612620305346,0.002032495057906594,0.590747080641343,0.5927795756992496,-0.008487957019284398,0.008354612620305346,0.002032495057906594,0.590747080641343,0.5927795756992496,0.5910282155945235,5.756992496053215e-07,0.0005756992496053215,0.0,0.0,0.0,0.0,1,0
disturbance_only,3.12,-0.00958189541909471,0.009440838263879758,0.0018509239369317613,0.5909285986664635,0.5927795226033953,-0.00958189541909471,0.009440838263879758,0.0018509239369317613,0.5909285986664635,0.5927795226033953,0.5912535640816287,5.226033953364961e-07,0.0005226033953364961,0.0,0.0,0.0,0.0,1,0
disturbance_only,3.14,-0.010472575948056617,0.010326384254297327,0.0016494726834115668,0.5911299913013003,0.5927794639847118,-0.010472575948056617,0.010326384254297327,0.0016494726834115668,0.5911299913013003,0.5927794639847118,0.5914915617581229,4.639847118736995e-07,0.0004639847118736995,0.0,0.0,0.0,0.0,1,0
disturbance_only,3.16,-0.011156149246334013,0.011007354032955607,0.0014322607470904029,0.591347140281874,0.5927794010289643,-0.011156149246334013,0.011007354032955607,0.0014322607470904029,0.591347140281874,0.5927794010289643,0.5917378765081116,4.010289643696652e-07,0.0004010289643696652,0.0,0.0,0.0,0.0,1,0
disturbance_only,3.18,-0.011632182650211265,0.011483230632256536,0.0012034499012174085,0.591575885029769,0.5927793349309864,-0.011632182650211265,0.011483230632256536,0.0012034499012174085,0.591575885029769,0.5927793349309864,0.5919882603575837,3.349309865008365e-07,0.0003349309865008365,0.0,0.0,0.0,0.0,1,0
disturbance_only,3.2,-0.011903498370968935,0.01175671799837863,0.0009671773129320254,0.5918120895626899,0.592779266875622,-0.011903498370968935,0.01175671799837863,0.0009671773129320254,0.5918120895626899,0.592779266875622,0.5922386115078714,2.66875622045859e-07,0.000266875622045859,0.0,0.0,0.0,0.0,1,0
disturbance_only,3.22,-0.011975968945308946,0.011833539959579475,0.0007274922989813229,0.5920517057207783,0.5927791980197595,-0.011975968945308946,0.011833539959579475,0.0007274922989813229,0.5920517057207783,0.5927791980197595,0.5924850310312741,1.9801975958966267e-07,0.00019801975958966267,0.0,0.0,0.0,0.0,1,0
disturbance_only,3.24,-0.011858275252310646,0.011722202061969611,0.0004882975703171472,0.5922908319053685,0.5927791294756856,-0.011858275252310646,0.011722202061969611,0.0004882975703171472,0.5922908319053685,0.5927791294756856,0.5927238736088574,1.294756856173862e-07,0.0001294756856173862,0.0,0.0,0.0,0.0,1,0
disturbance_only,3.2600000000000002,-0.011561632713824266,0.011433721815165221,0.00025329565954018696,0.592525766636414,0.5927790622959541,-0.011561632713824266,0.011433721815165221,0.00025329565954018696,0.592525766636414,0.5927790622959541,0.5929517918137981,6.229595417295286e-08,6.229595417295286e-05,0.0,0.0,0.0,0.0,1,0
disturbance_only,3.2800000000000002,-0.011099491513844706,0.01098133310918481,2.59411101713675e-05,0.5927530563497636,0.592778997459935,-0.011099491513844706,0.01098133310918481,2.59411101713675e-05,0.5927530563497636,0.592778997459935,0.5931657735687821,-2.540064936162878e-09,-2.540064936162878e-06,0.0,0.0,0.0,0.0,1,0
disturbance_only,3.3000000000000003,-0.01048721678927833,0.010380170681980605,-0.00019060111160361295,0.5929695369737683,0.5927789358621647,-0.01048721678927833,0.010380170681980605,-0.00019060111160361295,0.5929695369737683,0.5927789358621647,0.5933631725305921,-6.413783526504346e-08,-6.413783526504346e-05,0.0,0.0,0.0,0.0,1,0
disturbance_only,3.3200000000000003,-0.009741754762948918,0.009646940538015514,-0.0003934906417445575,0.5931723689443396,0.592778878302595,-0.009741754762948918,0.009646940538015514,-0.0003934906417445575,0.5931723689443396,0.592778878302595,0.5935417312774527,-1.2169740493117587e-07,-0.00012169740493117587,0.0,0.0,0.0,0.0,1,0
disturbance_only,3.34,-0.008881290714106815,0.008799582145876172,-0.0005802399578319489,0.5933590654366282,0.5927788254787962,-0.008881290714106815,0.008799582145876172,-0.0005802399578319489,0.5933590654366282,0.5927788254787962,0.5936995972929164,-1.7452120371075353e-07,-0.00017452120371075353,0.0,0.0,0.0,0.0,1,0
disturbance_only,3.36,-0.007924904518054388,0.007856928083558312,-0.0007487357279813232,0.593527513708121,0.5927787779801397,-0.007924904518054388,0.007856928083558312,-0.0007487357279813232,0.593527513708121,0.5927787779801397,0.5938353318526497,-2.2201986027425846e-07,-0.00022201986027425846,0.0,0.0,0.0,0.0,1,0
disturbance_only,3.38,-0.006892229241618142,0.006838366560268039,-0.0008972532765195189,0.5936759895604722,0.5927787362839526,-0.006892229241618142,0.006838366560268039,-0.0008972532765195189,0.5936759895604722,0.5927787362839526,0.593947912025805,-2.637160473328848e-07,-0.0002637160473328848,0.0,0.0,0.0,0.0,1,0
disturbance_only,3.4,-0.005803117962869031,0.005763511930721776,-0.0010244642806268882,0.5938031650342365,0.5927787007536096,-0.005803117962869031,0.005763511930721776,-0.0010244642806268882,0.5938031650342365,0.5927787007536096,0.5940367260994655,-2.992463903339626e-07,-0.0002992463903339626,0.0,0.0,0.0,0.0,1,0
disturbance_only,3.42,-0.004677323600404515,0.004651887941198307,-0.0011294379119787673,0.5939081095504711,0.5927786716384924,-0.004677323600404515,0.004651887941198307,-0.0011294379119787673,0.5939081095504711,0.5927786716384924,0.5941015628219432,-3.2836150754000926e-07,-0.00032836150754000926,0.0,0.0,0.0,0.0,1,0
disturbance_only,3.44,-0.0035341960986959853,0.0035226280142079958,-0.0012116357289888658,0.5939902848047172,0.5927786490757283,-0.0035341960986959853,0.0035226280142079958,-0.0012116357289888658,0.5939902848047172,0.5927786490757283,0.5941425949374435,-3.509242716415173e-07,-0.0003509242716415173,0.0,0.0,0.0,0.0,1,0
disturbance_only,3.46,-0.0023924008312137257,0.0023941964010423256,-0.0012709007075478859,0.5940495338011405,0.5927786330935926,-0.0023924008312137257,0.0023941964010423256,-0.0012709007075478859,0.5940495338011405,0.5927786330935926,0.5941603575503048,-3.6690640736747326e-07,-0.00036690640736747326,0.0,0.0,0.0,0.0,1,0
disturbance_only,3.48,-0.0012696615618729146,0.0012841335169664347,-0.001307440870337846,0.5940860644867751,0.5927786236164373,-0.0012696615618729146,0.0012841335169664347,-0.001307440870337846,0.5940860644867751,0.5927786236164373,0.5941557219109362,-3.7638356265023987e-07,-0.00037638356265023987,0.0,0.0,0.0,0.0,1,0
disturbance_only,3.5,-0.00018253075798535523,0.00020882823395984573,-0.001321808036260229,0.5941004285072571,0.5927786204709968,-0.00018253075798535523,0.00020882823395984573,-0.001321808036260229,0.5941004285072571,0.5927786204709968,0.5941298652577915,-3.795290031138876e-07,-0.0003795290031138876,0.0,0.0,0.0,0.0,1,0
disturbance_only,3.52,0.0008538105160909026,-0.0008166806512881486,-0.0013148722618162821,0.5940934956557204,0.5927786233939042,0.0008538105160909026,-0.0008166806512881486,-0.0013148722618162821,0.5940934956557204,0.5927786233939042,0.5940842373797982,-3.7660609575329573e-07,-0.00037660609575329573,0.0,0.0,0.0,0.0,1,0
disturbance_only,3.54,0.0018257214662541488,-0.001778872120321573,-0.0012877925851866104,0.5940664246254252,0.5927786320402386,0.0018257214662541488,-0.001778872120321573,-0.0012877925851866104,0.5940664246254252,0.5927786320402386,0.5940205245820067,-3.6795976132708574e-07,-0.00036795976132708574,0.0,0.0,0.0,0.0,1,0
disturbance_only,3.56,0.002721238107078694,-0.002665878714845249,-0.001241984711231144,0.5940206307041548,0.5927786459929236,0.002721238107078694,-0.002665878714845249,-0.001241984711231144,0.5940206307041548,0.5927786459929236,0.5939406117440045,-3.5400707631971784e-07,-0.00035400707631971784,0.0,0.0,0.0,0.0,1,0
disturbance_only,3.58,0.0035301769389821658,-0.0034675898569132,-0.0011790862918054715,0.5939577510645899,0.5927786647727844,0.0035301769389821658,-0.0034675898569132,-0.0011790862918054715,0.5939577510645899,0.5927786647727844,0.5938465431563293,-3.352272155421332e-07,-0.0003352272155421332,0.0,0.0,0.0,0.0,1,0
disturbance_only,3.6,0.004244205770039922,-0.004175722699197415,-0.0011009204609705031,0.5938796083100485,0.592778687849078,0.004244205770039922,-0.004175722699197415,-0.0011009204609705031,0.5938796083100485,0.592778687849078,0.5937404828053332,-3.121509219994323e-07,-0.0003121509219994323,0.0,0.0,0.0,0.0,1,0
disturbance_only,3.62,0.004856882199920198,-0.004783861003286205,-0.0010094582793216088,0.5937881729296268,0.5927787146503052,0.004856882199920198,-0.004783861003286205,-0.0010094582793216088,0.5937881729296268,0.5927787146503052,0.5936246747525012,-2.8534969476190497e-07,-0.00028534969476190497,0.0,0.0,0.0,0.0,1,0
disturbance_only,3.64,0.005363660761735889,-0.005287463017610072,-0.0009067807263835968,0.59368552530151,0.5927787445751264,0.005363660761735889,-0.005287463017610072,-0.0009067807263835968,0.59368552530151,0.5927787445751264,0.5935014042208577,-2.554248735853193e-07,-0.0002554248735853193,0.0,0.0,0.0,0.0,1,0
disturbance_only,3.66,0.005761870156815951,-0.005683839761777776,-0.0007950408555365898,0.5935738178587393,0.5927787770032027,0.005761870156815951,-0.005683839761777776,-0.0007950408555365898,0.5935738178587393,0.5927787770032027,0.5933729599598431,-2.2299679725001909e-07,-0.00022299679725001909,0.0,0.0,0.0,0.0,1,0
disturbance_only,3.68,0.006050662412512509,-0.005972105515444248,-0.0006764266930912822,0.5934552379988891,0.5927788113057978,0.006050662412512509,-0.005972105515444248,-0.0006764266930912822,0.5934552379988891,0.5927788113057978,0.5932415984119966,-1.8869420215228416e-07,-0.00018869420215228416,0.0,0.0,0.0,0.0,1,0
disturbance_only,3.7,0.006230936140381393,-0.006153102654582465,-0.0005531254228438882,0.5933319722788328,0.5927788468559889,0.006230936140381393,-0.006153102654582465,-0.0005531254228438882,0.5933319722788328,0.5927788468559889,0.593109510150797,-1.531440110280613e-07,-0.0001531440110280613,0.0,0.0,0.0,0.0,1,0
disturbance_only,3.72,0.006305236368135847,-0.006229303271707565,-0.0004272893507064456,0.5932061723890505,0.592778883038344,0.006305236368135847,-0.006229303271707565,-0.0004272893507064456,0.5932061723890505,0.592778883038344,0.5929787890005557,-1.169616559160147e-07,-0.0001169616559160147,0.0,0.0,0.0,0.0,1,0
disturbance_only,3.74,0.006277633661742166,-0.006204690258175827,-0.00030100409187339226,0.5930799233498177,0.5927789192579443,0.006277633661742166,-0.006204690258175827,-0.00030100409187339226,0.5930799233498177,0.5927789192579443,0.5928514041871557,-8.07420555970495e-08,-8.07420555970495e-05,0.0,0.0,0.0,0.0,1,0
disturbance_only,3.7600000000000002,0.0061535854427015035,-0.006084620714641442,-0.00017625936652881924,0.5929552143151693,0.5927789549486404,0.0061535854427015035,-0.006084620714641442,-0.00017625936652881924,0.5929552143151693,0.5927789549486404,0.5927291758039995,-4.5051359531811386e-08,-4.5051359531811386e-05,0.0,0.0,0.0,0.0,1,0
disturbance_only,3.7800000000000002,0.00593978253961569,-0.005875674689528321,-5.492273041352979e-05,0.5928339123108687,0.5927789895804552,0.00593978253961569,-0.005875674689528321,-5.492273041352979e-05,0.5928339123108687,0.5927789895804552,0.592613753811875,-1.041954478253615e-08,-1.041954478253615e-05,0.0,0.0,0.0,0.0,1,0
disturbance_only,3.8000000000000003,0.005643984093288812,-0.005585492326167785,6.128349525384366e-05,0.592717739170801,0.5927790226660548,0.005643984093288812,-0.005585492326167785,6.128349525384366e-05,0.592717739170801,0.5927790226660548,0.5925066007255597,2.2666054810827063e-08,2.2666054810827063e-05,0.0,0.0,0.0,0.0,1,0
disturbance_only,3.8200000000000003,0.005274843962141396,-0.0052226025275960986,0.00017080189290292255,0.5926082518733357,0.5927790537662386,0.005274843962141396,-0.0052226025275960986,0.00017080189290292255,0.5926082518733357,0.5927790537662386,0.5924089780750569,5.376623868347252e-08,5.376623868347252e-05,0.0,0.0,0.0,0.0,1,0
disturbance_only,3.84,0.004841731751934586,-0.0047962462270332296,0.00027225607811971666,0.5925068264162875,0.5927790824944073,0.004841731751934586,-0.0047962462270332296,0.00027225607811971666,0.5925068264162875,0.5927790824944073,0.5923219366661543,8.249440730523361e-08,8.249440730523361e-05,0.0,0.0,0.0,0.0,1,0
disturbance_only,3.86,0.004354551523434336,-0.004316197283748657,0.00036446321286116596,0.5924146453071294,0.5927791085199906,0.004354551523434336,-0.004316197283748657,0.00036446321286116596,0.5924146453071294,0.5927791085199906,0.5922463106046071,1.0851999066030515e-07,0.00010851999066030515,0.0,0.0,0.0,0.0,1,0
disturbance_only,3.88,0.0038235611171150152,-0.0037925839116956794,0.00044644288582580856,0.5923326886850087,0.5927791315708345,0.0038235611171150152,-0.0037925839116956794,0.00044644288582580856,0.5923326886850087,0.5927791315708345,0.5921827149914145,1.3157083456061258e-07,0.00013157083456061258,0.0,0.0,0.0,0.0,1,0
disturbance_only,3.9,0.003259194879487559,-0.0032357133971396834,0.0005174224008476251,0.592261729033711,0.5927791514345586,0.003259194879487559,-0.0032357133971396834,0.0005174224008476251,0.592261729033711,0.5927791514345586,0.5921315471439202,1.5143455867061562e-07,0.00015143455867061562,0.0,0.0,0.0,0.0,1,0
disturbance_only,3.92,0.0026718923851686283,-0.002655902673756927,0.0005768385681281258,0.5922023293907885,0.5927791679589167,0.0026718923851686283,-0.002655902673756927,0.0005768385681281258,0.5922023293907885,0.5927791679589167,0.5920929911498202,1.6795891677467978e-07,0.00016795891677467978,0.0,0.0,0.0,0.0,1,0
disturbance_only,3.94,0.0020719355274546603,-0.0020633171059269984,0.0006243361429304492,0.5921548449082711,0.5927791810512015,0.0020719355274546603,-0.0020633171059269984,0.0006243361429304492,0.5921548449082711,0.5927791810512015,0.5920670255186797,1.810512015865129e-07,0.0001810512015865129,0.0,0.0,0.0,0.0,1,0
disturbance_only,3.96,0.0014692961027387152,-0.0014678195872028788,0.0006597631014580389,0.5921194275752945,0.5927791906767524,0.0014692961027387152,-0.0014678195872028788,0.0006597631014580389,0.5921194275752945,0.5927791906767524,0.5920534336589113,1.9067675249839766e-07,0.00019067675249839766,0.0,0.0,0.0,0.0,1,0
disturbance_only,3.98,0.0008734957457076087,-0.0008788317959984582,0.0006831629835580052,0.5920960338730734,0.5927791968566314,0.0008734957457076087,-0.0008788317959984582,0.0006831629835580052,0.5920960338730734,0.5927791968566314,0.5920518168776207,1.9685663144031196e-07,0.00019685663144031196,0.0,0.0,0.0,0.0,1,0
disturbance_only,4.0,0.0002934797882604423,-0.00030520917046406026,0.0006947645662595866,0.592084435098286,0.5927791996645456,0.0002934797882604423,-0.00030520917046406026,0.0006947645662595866,0.592084435098286,0.5927791996645456,0.5920616095762903,1.9966454567477143e-07,0.00019966454567477143,0.0,0.0,0.0,0.0,1,0
disturbance_only,4.0200000000000005,-0.0002624936794621835,0.0002448691263312597,0.0006949691607197502,0.5920842300623828,0.5927791992231025,-0.0002624936794621835,0.0002448691263312597,0.0006949691607197502,0.5920842300623828,0.5927791992231025,0.592082096297218,1.9922310257047826e-07,0.00019922310257047826,0.0,0.0,0.0,0.0,1,0
disturbance_only,4.04,-0.0007869485674755206,0.0007639942761157315,0.0006843358477418909,0.5920948598517445,0.5927791956994863,-0.0007869485674755206,0.0007639942761157315,0.0006843358477418909,0.5920948598517445,0.5927791956994863,0.5921124302638251,1.9569948639386325e-07,0.00019569948639386325,0.0,0.0,0.0,0.0,1,0
disturbance_only,4.0600000000000005,-0.0012732686856846698,0.0012456052320808375,0.0006635649836024228,0.5921156243170522,0.5927791893006547,-0.0012732686856846698,0.0012456052320808375,0.0006635649836024228,0.5921156243170522,0.5927791893006547,0.5921516530522717,1.893006547071252e-07,0.0001893006547071252,0.0,0.0,0.0,0.0,1,0
disturbance_only,4.08,-0.001715758402963452,0.001684049117156139,0.0006334803185031827,0.5921456999496477,0.5927791802681509,-0.001715758402963452,0.001684049117156139,0.0006334803185031827,0.5921456999496477,0.5927791802681509,0.5921987150320621,1.8026815096217064e-07,0.00018026815096217064,0.0,0.0,0.0,0.0,1,0
disturbance_only,4.1,-0.002109685971061648,0.0020746244930234248,0.0005950100746950201,0.592184158797941,0.5927791688726359,-0.002109685971061648,0.0020746244930234248,0.0005950100746950201,0.592184158797941,0.5927791688726359,0.5922524962192478,1.688726359860837e-07,0.0001688726359860837,0.0,0.0,0.0,0.0,1,0
disturbance_only,4.12,-0.0024513096935681045,0.0024136076707526044,0.0005491673304052046,0.5922299880778288,0.592779155408234,-0.0024513096935681045,0.0024136076707526044,0.0005491673304052046,0.5922299880778288,0.592779155408234,0.5923118271969624,1.55408234059351e-07,0.000155408234059351,0.0,0.0,0.0,0.0,1,0
disturbance_only,4.14,-0.0027378873785536273,0.002698262489837955,0.0004970300494405271,0.5922821101373515,0.5927791401867921,-0.0027378873785536273,0.002698262489837955,0.0004970300494405271,0.5922821101373515,0.5927791401867921,0.5923755097740325,1.401867921746458e-07,0.0001401867921746458,0.0,0.0,0.0,0.0,1,0
disturbance_only,4.16,-0.0029676697523053353,0.002926834228790476,0.000439721085091006,0.5923394024470571,0.5927791235321481,-0.0029676697523053353,0.002926834228790476,0.000439721085091006,0.5923394024470571,0.5927791235321481,0.592442337072703,1.2353214817739655e-07,0.00012353214817739655,0.0,0.0,0.0,0.0,1,0
disturbance_only,4.18,-0.0031398787280523255,0.003098528525065092,0.0003783884711468571,0.5924007173033459,0.5927791057744928,-0.0031398787280523255,0.003098528525065092,0.0003783884711468571,0.5924007173033459,0.5927791057744928,0.5925111127606826,1.057744928312232e-07,0.0001057744928312232,0.0,0.0,0.0,0.0,1,0
disturbance_only,4.2,-0.0032546716154367994,0.0032134763723208337,0.0003141862929354738,0.5924649009519766,0.592779087244912,-0.0032546716154367994,0.0032134763723208337,0.0003141862929354738,0.5924649009519766,0.592779087244912,0.5925806691700772,8.724491207257046e-08,8.724491207257046e-05,0.0,0.0,0.0,0.0,1,0
disturbance_only,4.22,-0.0033130925219641005,0.003272686427204352,0.0002482564077978507,0.592530811862387,0.5927790682701848,-0.0033130925219641005,0.003272686427204352,0.0002482564077978507,0.592530811862387,0.5927790682701848,0.5926498840758277,6.82701848386813e-08,6.82701848386813e-05,0.0,0.0,0.0,0.0,1,0
disturbance_only,4.24,-0.003317012335497971,0.0032779859948508516,0.00018171125789759324,0.5925973379100063,0.5927790491679039,-0.003317012335497971,0.0032779859948508516,0.00018171125789759324,0.5925973379100063,0.5927790491679039,0.5927176959383768,4.916790397047066e-08,4.916790397047066e-05,0.0,0.0,0.0,0.0,1,0
disturbance_only,4.26,-0.003269058786237733,0.0032319521710739707,0.00011561798925370168,0.5926634122527275,0.5927790302419812,-0.003269058786237733,0.0032319521710739707,0.00011561798925370168,0.5926634122527275,0.5927790302419812,0.5927831174488423,3.024198125256561e-08,3.024198125256561e-05,0.0,0.0,0.0,0.0,1,0
disturbance_only,4.28,-0.0031725381672599307,0.00313783469968687,5.0984059984749384e-05,0.5927280277186022,0.5927790117785869,-0.0031725381672599307,0.00313783469968687,5.0984059984749384e-05,0.5927280277186022,0.5927790117785869,0.5928452472494069,1.1778586994637408e-08,1.1778586994637408e-05,0.0,0.0,0.0,0.0,1,0
disturbance_only,4.3,-0.0030313503447706447,0.002999472155645222,-1.1255511478025677e-05,0.5927902495540455,0.5927789940425674,-0.0030313503447706447,0.002999472155645222,-1.1255511478025677e-05,0.5927902495540455,0.5927789940425674,0.5929032797363495,-5.957432547276653e-09,-5.957432547276653e-06,0.0,0.0,0.0,0.0,1,0
disturbance_only,4.32,-0.0028498987132671294,0.002821203089060642,-7.02491404398261e-05,0.5928492264148096,0.5927789772743698,-0.0028498987132671294,0.002821203089060642,-7.02491404398261e-05,0.5928492264148096,0.5927789772743698,0.5929565128875569,-2.2725630155484566e-08,-2.2725630155484566e-05,0.0,0.0,0.0,0.0,1,0
disturbance_only,4.34,-0.0026329967479449268,0.0026077737632217435,-0.0001252378276809787,0.592904199515181,0.5927789616875001,-0.0026329967479449268,0.0026077737632217435,-0.0001252378276809787,0.592904199515181,0.5927789616875001,0.5930043540900523,-3.831249983932139e-08,-3.831249983932139e-05,0.0,0.0,0.0,0.0,1,0
disturbance_only,4.36,-0.0023857727781407823,0.002364244091982659,-0.00017556241718854823,0.5929545098837138,0.5927789474665253,-0.0023857727781407823,0.002364244091982659,-0.00017556241718854823,0.5929545098837138,0.5927789474665253,0.5930463239753798,-5.253347468148206e-08,-5.253347468148206e-05,0.0,0.0,0.0,0.0,1,0
disturbance_only,4.38,-0.0021135745532603334,0.002095893331036436,-0.00022066894024396367,0.59299960370587,0.592778934765626,-0.0021135745532603334,0.002095893331036436,-0.00022066894024396367,0.59299960370587,0.592778934765626,0.5930820583014115,-6.52343739027117e-08,-6.52343739027117e-05,0.0,0.0,0.0,0.0,1,0
disturbance_only,4.4,-0.0018218750982926801,0.0018081270044190134,-0.0002601120570135543,0.5930390357647068,0.5927789237076933,-0.0018218750982926801,0.0018081270044190134,-0.0002601120570135543,0.5930390357647068,0.5927789237076933,0.5931113079475956,-7.629230669436993e-08,-7.629230669436993e-05,0.0,0.0,0.0,0.0,1,0
disturbance_only,4.42,-0.001516181262104288,0.0015063864555240336,-0.00029355663588043895,0.5930724710198375,0.592778914383957,-0.001516181262104288,0.0015063864555240336,-0.00029355663588043895,0.5930724710198375,0.592778914383957,0.593133937116827,-8.561604292189884e-08,-8.561604292189884e-05,0.0,0.0,0.0,0.0,1,0
disturbance_only,4.44,-0.0012019462504953005,0.001196062302287082,-0.0003207775377854919,0.5930996843919133,0.5927789068541278,-0.0012019462504953005,0.001196062302287082,-0.0003207775377854919,0.5930996843919133,0.5927789068541278,0.5931499198604059,-9.314587212649883e-08,-9.314587212649883e-05,0.0,0.0,0.0,0.0,1,0
disturbance_only,4.46,-0.000884487310203852,0.0008824129524058755,-0.000341657697493016,0.5931205588445131,0.59277890114702,-0.000884487310203852,0.0008824129524058755,-0.000341657697493016,0.5931205588445131,0.59277890114702,0.5931593350629796,-9.885297991285569e-08,-9.885297991285569e-05,0.0,0.0,0.0,0.0,1,0
disturbance_only,4.48,-0.0005689095922293275,0.0005704891984286142,-0.00035618461569647195,0.5931350818773251,0.5927788972616287,-0.0005689095922293275,0.0005704891984286142,-0.00035618461569647195,0.5931350818773251,0.5927788972616287,0.5931623600415576,-1.027383712548513e-07,-0.0001027383712548513,0.0,0.0,0.0,0.0,1,0
disturbance_only,4.5,-0.0002600370758619741,0.00026506576766927026,-0.00036444539501914903,0.5931433405636338,0.5927788951686147,-0.0002600370758619741,0.00026506576766927026,-0.00036444539501914903,0.5931433405636338,0.5927788951686147,0.5931592629267238,-1.0483138523920132e-07,-0.00010483138523920132,0.0,0.0,0.0,0.0,1,0
disturbance_only,4.5200000000000005,3.7648718705596274e-05,-2.9419449749656934e-05,-0.00036662046908700514,0.5931455152812486,0.5927788948121616,3.7648718705596274e-05,-2.9419449749656934e-05,-0.00036662046908700514,0.5931455152812486,0.5927788948121616,0.5931503940048128,-1.0518783832846879e-07,-0.00010518783832846879,0.0,0.0,0.0,0.0,1,0
disturbance_only,4.54,0.00032006165856002244,-0.00030891792668752416,-0.00036297618685344514,0.5931418722990035,0.5927788961121501,0.00032006165856002244,-0.00030891792668752416,-0.00036297618685344514,0.5931418722990035,0.5927788961121501,0.5931361762072086,-1.0388784987824806e-07,-0.00010388784987824806,0.0,0.0,0.0,0.0,1,0
disturbance_only,4.5600000000000005,0.000583555154792359,-0.0005698143669858879,-0.00035385642419034566,0.5931327553907959,0.5927788989666055,0.000583555154792359,-0.0005698143669858879,-0.00035385642419034566,0.5931327553907959,0.5927788989666055,0.5931170949370298,-1.0103339442846249e-07,-0.00010103339442846249,0.0,0.0,0.0,0.0,1,0
disturbance_only,4.58,0.0008249572925477233,-0.0008089616594326721,-0.00033967340142874395,0.5931185766557943,0.5927789032543656,0.0008249572925477233,-0.0008089616594326721,-0.00033967340142874395,0.5931185766557943,0.5927789032543656,0.5930936874243772,-9.674563439254769e-08,-9.674563439254769e-05,0.0,0.0,0.0,0.0,1,0
disturbance_only,4.6000000000000005,0.0010415968323795877,-0.0010237068127900706,-0.0003208978890887979,0.5930998067270025,0.5927789088379136,0.0010415968323795877,-0.0010237068127900706,-0.0003208978890887979,0.5930998067270025,0.5927789088379136,0.5930665317992672,-9.116208632420353e-08,-9.116208632420353e-05,0.0,0.0,0.0,0.0,1,0
disturbance_only,4.62,0.0012313201281792807,-0.001211907912853416,-0.00029804898458002296,0.5930769645509091,0.5927789155663291,0.0012313201281792807,-0.001211907912853416,-0.00029804898458002296,0.5930769645509091,0.5927789155663291,0.5930362360664074,-8.443367083277309e-08,-8.443367083277309e-05,0.0,0.0,0.0,0.0,1,0
disturbance_only,4.64,0.0013924991461988778,-0.0013719422801350412,-0.00027168364031980585,0.5930506069186194,0.5927789232782996,0.0013924991461988778,-0.0013719422801350412,-0.00027168364031980585,0.5930506069186194,0.5927789232782996,0.5930034271584599,-7.672170032613224e-08,-7.672170032613224e-05,0.0,0.0,0.0,0.0,1,0
disturbance_only,4.66,0.0015240308992857665,-0.001502706135356302,-0.0002423861186887765,0.5930213179238356,0.5927789318051468,0.0015240308992857665,-0.001502706135356302,-0.0002423861186887765,0.5930213179238356,0.5927789318051468,0.5929687402344372,-6.819485309783602e-08,-6.819485309783602e-05,0.0,0.0,0.0,0.0,1,0
disturbance_only,4.68,0.001625328728638964,-0.001603606196733498,-0.00021075754172727394,0.5929896985155457,0.5927789409738184,0.001625328728638964,-0.001603606196733498,-0.00021075754172727394,0.5929896985155457,0.5927789409738184,0.5929328083779133,-5.9026181498111896e-08,-5.9026181498111896e-05,0.0,0.0,0.0,0.0,1,0
disturbance_only,4.7,0.0016963059711530004,-0.0016745437382028605,-0.00017740569371754375,0.5929563563035173,0.5927789506097998,0.0016963059711530004,-0.0016745437382028605,-0.00017740569371754375,0.5929563563035173,0.5927789506097998,0.5928962528357865,-4.939020015193307e-08,-4.939020015193307e-05,0.0,0.0,0.0,0.0,1,0
disturbance_only,4.72,0.001737352642452672,-0.0017158917287773967,-0.00014293522305413447,0.5929218957629588,0.5927789605399048,0.001737352642452672,-0.0017158917287773967,-0.00014293522305413447,0.5929218957629588,0.5927789605399048,0.5928596739230426,-3.946009519140148e-08,-3.946009519140148e-05,0.0,0.0,0.0,0.0,1,0
disturbance_only,4.74,0.0017493058434751019,-0.0017284657505798329,-0.00010793837636134587,0.5928869089712704,0.592778970594909,0.0017493058434751019,-0.0017284657505798329,-0.00010793837636134587,0.5928869089712704,0.592778970594909,0.5928236427023535,-2.9405090917755672e-08,-2.9405090917755672e-05,0.0,0.0,0.0,0.0,1,0
disturbance_only,4.76,0.0017334146613262602,-0.0017134894555987934,-7.298638296446714e-05,0.5928519669949553,0.5927789806119909,0.0017334146613262602,-0.0017134894555987934,-7.298638296446714e-05,0.5928519669949553,0.5927789806119909,0.5927886935299187,-1.93880090870735e-08,-1.93880090870735e-05,0.0,0.0,0.0,0.0,1,0
disturbance_only,4.78,0.0016913003828900042,-0.0016725553688003991,-3.862159186203331e-05,0.5928176120288143,0.5927789904369523,0.0016913003828900042,-0.0016725553688003991,-3.862159186203331e-05,0.5928176120288143,0.5927789904369523,0.5927553175409517,-9.563047687066728e-09,-9.563047687066728e-06,0.0,0.0,0.0,0.0,1,0
disturbance_only,4.8,0.0016249128723149209,-0.0016075818778711337,-5.350446582698225e-06,0.5927843503727785,0.5927789999261959,0.0016249128723149209,-0.0016075818778711337,-5.350446582698225e-06,0.5927843503727785,0.5927789999261959,0.5927239571299557,-7.38040739634016e-11,-7.38040739634016e-08,0.0,0.0,0.0,0.0,1,0
disturbance_only,4.82,0.0015364839812812559,-0.0015207672678068107,2.6362633956377238e-05,0.5927526463144829,0.5927790089484393,0.0015364839812812559,-0.0015207672678068107,2.6362633956377238e-05,0.5927526463144829,0.5927790089484393,0.592695001462711,8.948439322864488e-09,8.948439322864488e-06,0.0,0.0,0.0,0.0,1,0
disturbance_only,4.84,0.0014284788643227353,-0.0014145416623381202,5.6100417949156954e-05,0.5927229169682036,0.5927790173861527,0.0014284788643227353,-0.0014145416623381202,5.6100417949156954e-05,0.5927229169682036,0.5927790173861527,0.5926687830389908,1.7386152739717886e-08,1.7386152739717886e-05,0.0,0.0,0.0,0.0,1,0
disturbance_only,4.86,0.0013035460610728578,-0.0012915177241934472,8.349703332094418e-05,0.592695528103391,0.5927790251367119,0.0013035460610728578,-0.0012915177241934472,8.349703332094418e-05,0.592695528103391,0.5927790251367119,0.5926455753077309,2.513671193415945e-08,2.513671193415945e-05,0.0,0.0,0.0,0.0,1,0
disturbance_only,4.88,0.0011644671840045362,-0.0011544409435542136,0.0001082411342941186,0.5926707909789675,0.5927790321132616,0.0011644671840045362,-0.0011544409435542136,0.0001082411342941186,0.5926707909789675,0.5927790321132616,0.5926255913198809,3.21132616054598e-08,3.21132616054598e-05,0.0,0.0,0.0,0.0,1,0
disturbance_only,4.9,0.0010141070150038178,-0.0010061403095220633,0.00013007806219693299,0.5926489601830939,0.5927790382452908,0.0010141070150038178,-0.0010061403095220633,0.00013007806219693299,0.5926489601830939,0.5927790382452908,0.5926089833887366,3.824529082319117e-08,3.824529082319117e-05,0.0,0.0,0.0,0.0,1,0
disturbance_only,4.92,0.0008553647681255327,-0.0008494801143159592,0.00014881101646829677,0.5926302324624568,0.5927790434789251,0.0008553647681255327,-0.0008494801143159592,0.00014881101646829677,0.5926302324624568,0.5927790434789251,0.5925958437133312,4.347892512690521e-08,4.347892512690521e-05,0.0,0.0,0.0,0.0,1,0
disturbance_only,4.94,0.0006911272203125041,-0.0006873135850637979,0.00016430126644565064,0.5926147465104995,0.5927790477769451,0.0006911272203125041,-0.0006873135850637979,0.00016430126644565064,0.5926147465104995,0.5927790477769451,0.5925862059076875,4.777694517787978e-08,4.777694517787978e-05,0.0,0.0,0.0,0.0,1,0
disturbance_only,4.96,0.0005242243481946574,-0.0005224389756701697,0.0001764674479590722,0.5926025836705859,0.592779051118545,0.0005242243481946574,-0.0005224389756701697,0.0001764674479590722,0.5926025836705859,0.592779051118545,0.5925800473673709,5.11185450635665e-08,5.11185450635665e-05,0.0,0.0,0.0,0.0,1,0
disturbance_only,4.98,0.0003573880384915018,-0.0003575586813067133,0.00018528400084181443,0.5925937694980046,0.5927790534988464,0.0003573880384915018,-0.0003575586813067133,0.00018528400084181443,0.5925937694980046,0.5927790534988464,0.5925772923952092,5.3498846463995164e-08,5.3498846463995164e-05,0.0,0.0,0.0,0.0,1,0
disturbance_only,5.0,0.00019321436370201006,-0.00019524186351560502,0.00019077881408399895,0.5925882761141048,0.5927790549281888,0.00019321436370201006,-0.00019524186351560502,0.00019077881408399895,0.5925882761141048,0.5927790549281888,0.5925778159999936,5.492818888619411e-08,5.492818888619411e-05,0.0,0.0,0.0,0.0,1,0
disturbance_plus_noise,0.0,0.0,0.0,0.0,0.455427,0.455427,0.0028919254657885592,0.00020461027928056355,0.0003267527777640876,0.4565634623946425,0.4568902151724066,0.455427,-0.13735199999999992,-137.35199999999992,0.0028919254657885592,0.00020461027928056355,0.0003267527777640876,0.0011364623946424639,0,0
disturbance_plus_noise,0.02,-0.021413239346730725,0.1345858148914053,-0.00025717032163530366,0.4568279567421847,0.4565707864205494,-0.020660901554344187,0.1335618958723076,0.000570064543863771,0.45703921119023544,0.4576092757340992,0.4754270821080938,-0.13620821357945057,-136.20821357945056,0.0007523377923865361,-0.001023919019097703,0.0008272348654990747,0.00021125444805077527,0,0
disturbance_plus_noise,0.04,-0.054152142948987944,0.341294861405547,-0.0010111397602320885,0.46180036770889826,0.46078922794866617,-0.0557172811448821,0.3418195194048932,-0.0006541380555107795,0.4626246550848747,0.4619705170293639,0.49542717066375214,-0.13198977205133378,-131.98977205133377,-0.0015651381958941585,0.0005246579993462065,0.000357001704721309,0.0008242873759764425,0,0
disturbance_plus_noise,0.06,-0.08731086838258649,0.5673021542171413,-0.0025051449791737663,0.4712024670079967,0.4686973220288229,-0.09070622558675501,0.568856611839106,-0.003344594867508764,0.4707806913641122,0.46743609649660345,0.5154273201164602,-0.12408167797117703,-124.08167797117703,-0.0033953572041685192,0.0015544576219647336,-0.0008394498883349977,-0.0004217756438844333,0,0
disturbance_plus_noise,0.08,-0.11464648259585536,0.7760108806023055,-0.00460656370945232,0.48498143831263757,0.48037487460318523,-0.114834372396834,0.7747590625603168,-0.004356706164082567,0.4871182681465676,0.48276156198248504,0.5354273276557341,-0.11240412539681471,-112.40412539681472,-0.00018788980097864534,-0.0012518180419887164,0.0002498575453697524,0.0021368298339300693,0,0
disturbance_plus_noise,0.1,-0.1329465774653225,0.9443639635201454,-0.007138036875599075,0.5025808570757586,0.49544282020015956,-0.1316984012017562,0.9426504923258842,-0.006630978899897465,0.5026330949972484,0.49600211609735095,0.5554273299813627,-0.09733617979984038,-97.33617979984038,0.0012481762635663314,-0.0017134711942611866,0.0005070579757016109,5.2237921489733614e-05,0,0
disturbance_plus_noise,0.12,-0.1400699758551869,1.0617111301585382,-0.009878649531483949,0.5229495645615756,0.5130709150300916,-0.13944415050533446,1.0602882486150134,-0.010756028338024515,0.5237348872863642,0.5129788589483397,0.5754273305723192,-0.07970808496990833,-79.70808496990833,0.0006258253498524582,-0.0014228815435247727,-0.0008773788065405666,0.00078532272478865,0,0
disturbance_plus_noise,0.14,-0.13837795021967286,1.1297068091783704,-0.012755942933960283,0.5452420012875278,0.5324860583535674,-0.13782271287794368,1.125377247003024,-0.012054655267088654,0.544632613091101,0.5325779578240124,0.5954273306778312,-0.06029294164643251,-60.29294164643251,0.000555237341729183,-0.0043295621753463055,0.0007012876668716293,-0.0006093881964267574,0,0
disturbance_plus_noise,0.16,-0.12638287399461817,1.1551000549094173,-0.015424965425116668,0.5683098128173447,0.5528848473922281,-0.1228754484046846,1.1552342211279074,-0.016725298172086032,0.568642046393375,0.551916748221289,0.615427330688004,-0.03989415260777185,-39.89415260777185,0.003507425589933568,0.00013416621849013206,-0.0013003327469693652,0.0003322335760302561,0,0
disturbance_plus_noise,0.18,-0.08219789553937451,0.9862152833294386,-0.01749508663067717,0.5899078881316308,0.5724128015009535,-0.08325997976712463,0.9854354440098042,-0.01828121714325038,0.5901272211357776,0.5718460039925273,0.6113548626108586,-0.020366198499046417,-20.36619849904642,-0.0010620842277501085,-0.0007798393196344132,-0.0007861305125732093,0.00021933300414694586,0,0
disturbance_plus_noise,0.2,-0.004531748671319013,0.6046228727746755,-0.01828456752145172,0.60576591764454,0.5874813501230883,-0.002383997604141158,0.6023933879274725,-0.017641729554752766,0.6047139557016088,0.5870722261468561,0.5913548626143674,-0.005297649876911614,-5.297649876911614,0.002147751067177855,-0.002229484847202991,0.000642837966698953,-0.0010519619429311695,0,0
disturbance_plus_noise,0.22,0.0844120219863167,0.13103851321028476,-0.01747521467055502,0.6129296870674852,0.5954544723969302,0.08160695083044436,0.1296865217056211,-0.01694031471494906,0.6144055956576665,0.5974652809427174,0.5713548626140332,0.002675472396930223,2.675472396930223,-0.0028050711558723295,-0.001351991504663679,0.000534899955605962,0.0014759085901813076,0,0
disturbance_plus_noise,0.24,0.15331918478799822,-0.250295326035928,-0.015025343149452794,0.6115640227910277,0.5965386796415749,0.1527521551987045,-0.251257294478811,-0.014699565977094329,0.610524055038626,0.5958244890615316,0.5645320685631909,0.0037596796415749756,3.7596796415749756,-0.0005670295892937326,-0.0009619684428829648,0.00032577717235846547,-0.0010399677524017595,0,0
disturbance_plus_noise,0.26,0.17013916285459563,-0.3384353807273052,-0.0116973855775333,0.605547409846291,0.5938500242687577,0.1677205968420938,-0.3409652146518187,-0.012620162850580596,0.6035523148396659,0.5909321519890853,0.5845320685646498,0.0010710242687577143,1.0710242687577143,-0.00241856601250181,-0.002529833924513515,-0.0009227772730472964,-0.0019950950066250817,0,0
disturbance_plus_noise,0.28,0.14853886934822846,-0.21425578132419149,-0.008538167004996279,0.6000729550745554,0.5915347880695591,0.14710914154533167,-0.21503060742197797,-0.01019613663151388,0.6013154773155657,0.5911193406840518,0.604532068565295,-0.001244211930440886,-1.244211930440886,-0.0014297278028967929,-0.000774826097786481,-0.0016579696265176017,0.001242522241010262,0,0
disturbance_plus_noise,0.3,0.12378998458888495,-0.07189513167494348,-0.005853948362906083,0.597317004130794,0.5914630557678879,0.12672139117674336,-0.07481739318943931,-0.005398842304662646,0.596315895277185,0.5909170529725223,0.6087218636598383,-0.0013159442321120096,-1.3159442321120096,0.0029314065878584053,-0.0029222615144958324,0.000455106058243437,-0.0010011088536090943,0,0
disturbance_plus_noise,0.32,0.11970158228932577,-0.06311083344887211,-0.003368075357219643,0.5960164880933105,0.5926484127360909,0.11904162496781322,-0.06115388674963163,-0.00281158883664018,0.596008904048964,0.5931973152123238,0.5942120326792648,-0.0001305872639090211,-0.1305872639090211,-0.0006599573215125595,0.0019569466992404817,0.0005564865205794628,-7.58404434650958e-06,0,0
disturbance_plus_noise,0.34,0.12648497135296272,-0.12941515530602493,-0.0007127126578551078,0.5939705323366712,0.5932578196788161,0.1261480009983691,-0.131177794390647,0.0006412819064788453,0.5957486310698762,0.596389912976355,0.5820315434330181,0.00047881967881613363,0.47881967881613363,-0.0003369703545936151,-0.0017626390846220692,0.0013539945643339531,0.0017780987332049485,0,0
disturbance_plus_noise,0.36,0.1351729139269646,-0.21225212602698637,0.0019146911278503588,0.5905191745089441,0.5924338656367945,0.13353394606591695,-0.2091925128813401,0.0033801892427480643,0.5898954503807565,0.5932756396235046,0.5733112518793069,-0.0003451343632054904,-0.3451343632054904,-0.0016389678610476295,0.0030596131456462716,0.0014654981148977053,-0.0006237241281875852,0,0
disturbance_plus_noise,0.38,0.11734159205361983,-0.14777406470545493,0.004368591176809642,0.586844759934612,0.5912133511114217,0.11513314774122918,-0.15005838804010796,0.004245425249352792,0.5885588733444159,0.5928042985937687,0.5870024489286529,-0.0015656488885782416,-1.5656488885782416,-0.0022084443123906498,-0.0022843233346530314,-0.00012316592745685055,0.0017141134098038972,0,0
disturbance_plus_noise,0.4,0.09851743127350508,-0.0853005500629196,0.0065614226146543725,0.5845120712794566,0.591073493894111,0.09866340025100888,-0.08455049180573815,0.006976652779911179,0.5838107078437499,0.5907873606236611,0.5865788576591063,-0.001705506105888932,-1.705506105888932,0.00014596897750379629,0.0007500582571814604,0.0004152301652568067,-0.0007013634357066935,0,0
disturbance_plus_noise,0.42,0.08071399317954589,-0.031427330958335976,0.008333206175550879,0.5833447093439986,0.5916779155195495,0.08128324194712937,-0.030628688226450814,0.007997316570356431,0.5838844877134346,0.591881804283791,0.5863164323858319,-0.0011010844804504316,-1.1010844804504316,0.0005692487675834771,0.0007986427318851614,-0.0003358896051944472,0.0005397783694359692,0,0
disturbance_plus_noise,0.44,0.0729837151057358,-0.04175229961327048,0.009905814971346561,0.5825571928647637,0.5924630078361103,0.07906126254435539,-0.04121067063850167,0.009607449345732799,0.5833896270424258,0.5929970763881586,0.5787799737546844,-0.0003159921638896668,-0.3159921638896668,0.006077547438619594,0.0005416289747688078,-0.000298365625613763,0.0008324341776621095,0,0
disturbance_plus_noise,0.46,0.06884435082048201,-0.07226634066547682,0.011338918492921818,0.5814241794896166,0.5927630979825383,0.07022692385192636,-0.07210867938375382,0.009817004557904586,0.5814367284600089,0.5912537330179135,0.5740943630218772,-1.5902017461599804e-05,-0.015902017461599804,0.0013825730314443408,0.00015766128172301514,-0.0015219139350172311,1.2548970392424973e-05,0,0
disturbance_plus_noise,0.48,0.048437677595717654,-0.020807909040165648,0.012588683840620321,0.5805272446496306,0.5931159284902509,0.048332262251888004,-0.022572391776836967,0.011724577815232817,0.5798326623651021,0.591557240180335,0.5835048156289937,0.00033692849025090954,0.33692849025090954,-0.0001054153438296515,-0.0017644827366713202,-0.0008641060253875043,-0.0006945822845284403,0,0
disturbance_plus_noise,0.5,0.03420968039172135,-0.003415882668578821,0.013471637233714957,0.5803873924138656,0.5938590296475805,0.0329107327440499,-0.0019061072027747672,0.012226994630772998,0.5807247633719561,0.5929517580027291,0.5805921564245032,0.0010800296475805826,1.0800296475805826,-0.001298947647671447,0.0015097754658040538,-0.001244642602941959,0.0003373709580905165,0,0
disturbance_plus_noise,0.52,0.02675632993306396,-0.0254579737951324,0.014093657437828444,0.5800106055085437,0.5941042629463721,0.027825082134392352,-0.022184911500963363,0.014084774955242978,0.579954933095396,0.594039708050639,0.5753492669946243,0.001325262946372141,1.325262946372141,0.0010687522013283915,0.0032730622941690374,-8.882482585466157e-06,-5.567241314768638e-05,0,0
disturbance_plus_noise,0.54,0.021353394793700027,-0.056536640974584586,0.014642046737693325,0.579221785129363,0.5938638318670563,0.017103900363903163,-0.05415022665053189,0.014423146916987064,0.5808736105851049,0.595296757502092,0.5724237859314627,0.001084831867056324,1.084831867056324,-0.0042494944297968625,0.0023864143240526978,-0.00021889982070626176,0.0016518254557419236,0,0
disturbance_plus_noise,0.56,0.012956181050634005,-0.06802119496312621,0.0149603932129452,0.5778784808790651,0.5928388740920103,0.013405269650123142,-0.0661228195692957,0.015681181200264117,0.5786459766411314,0.5943271578413954,0.5727073966974949,5.987409201035909e-05,0.05987409201035909,0.0004490885994891377,0.0018983753938305165,0.0007207879873189171,0.0007674957620662913,0,0
disturbance_plus_noise,0.58,-0.0019174503970687626,-0.03931645081093516,0.015025920013319673,0.576798015889748,0.5918239359030677,-0.005068901686316097,-0.03945980385786153,0.014697601923493024,0.5768336477429128,0.5915312496664058,0.5767420100908892,-0.0009550640969322455,-0.9550640969322455,-0.003151451289247334,-0.00014335304692636807,-0.0003283180898266492,3.5631853164751816e-05,0,0
disturbance_plus_noise,0.6,-0.026486852871819577,0.05536097247467181,0.014577219634401268,0.5770926563882569,0.5916698760226582,-0.026216206310960992,0.05688095169894099,0.013766187688682431,0.5779032484138651,0.5916694361025475,0.5872666784906356,-0.0011091239773417527,-1.1091239773417527,0.00027064656085858536,0.00151997922426918,-0.0008110319457188361,0.0008105920256081531,0,0
disturbance_plus_noise,0.62,-0.03738373269482304,0.07566471803858453,0.01398432473424628,0.5783976742923488,0.592381999026595,-0.0389623825967726,0.07563157297579548,0.016056574538692463,0.5765681420474894,0.5926247165861819,0.58221306586924,-0.00039700097340489293,-0.39700097340489293,-0.001578649901949555,-3.31450627890561e-05,0.0020722498044461837,-0.0018295322448594273,0,0
disturbance_plus_noise,0.64,-0.03926183509396096,0.04020227477587666,0.013252884136879691,0.5795439706183604,0.59279685475524,-0.03843737086733421,0.03809026922093992,0.014009500092481439,0.5805831777759,0.5945926778683814,0.5763761799264582,1.7854755240076514e-05,0.017854755240076514,0.0008244642266267498,-0.0021120055549367365,0.0007566159556017476,0.0010392071575395859,0,0
disturbance_plus_noise,0.66,-0.03980503700790765,-0.0018615947874596197,0.012489445231755263,0.5799265657655239,0.5924160109972791,-0.0387768011772034,-0.004347113267626685,0.012078533582300934,0.579417895475032,0.5914964290573329,0.5746634781674694,-0.0003629890027208038,-0.3629890027208038,0.0010282358307042538,-0.0024855184801670653,-0.00041091164945432915,-0.0005086702904919058,0,0
disturbance_plus_noise,0.68,-0.05811544941776563,0.07654378393345003,0.011464139165255655,0.5806924233343063,0.592156562499562,-0.05814327627703272,0.07891504358571112,0.009887126515120293,0.5807941243712195,0.5906812508863397,0.5906150344902172,-0.0006224375004380001,-0.6224375004380001,-2.782685926709051e-05,0.0023712596522610877,-0.001577012650135361,0.0001017010369131876,0,0
disturbance_plus_noise,0.7000000000000001,-0.07054443920280552,0.12674110550474754,0.010195694257248077,0.5828464074416676,0.5930421016989157,-0.07048262155585497,0.12391160830872253,0.008747861047771428,0.5821071677870686,0.5908550288348401,0.5917101624973405,0.0002631016989157464,0.2631016989157464,6.181764695056013e-05,-0.0028294971960250116,-0.0014478332094766493,-0.0007392396545989474,0,0
disturbance_plus_noise,0.72,-0.0734317966358899,0.12469246119563729,0.008723121887398608,0.5854892517972788,0.5942123736846775,-0.07829199447610534,0.12254547466864897,0.011120938220717504,0.5857847270228392,0.5969056652435567,0.5893167653736364,0.0014333736846775524,1.4333736846775524,-0.004860197840215432,-0.002146986526988321,0.0023978163333188965,0.0002954752255603579,0,0
disturbance_plus_noise,0.74,-0.050875674639810575,-0.030094059197977075,0.007538192323629617,0.5863878029655484,0.593925995289178,-0.04927191474827453,-0.03274130703982247,0.007658084368617413,0.5861491734972237,0.5938072578658411,0.569316765373182,0.0011469952891780544,1.1469952891780544,0.0016037598915360396,-0.002647247841845395,0.00011989204498779635,-0.00023862946832459603,0,0
disturbance_plus_noise,0.76,-0.05859283371487649,0.0026149594740600764,0.006465362366118681,0.5862182147632841,0.5926835771294028,-0.06138998021909567,0.0043502087811921695,0.00814053310114945,0.5870994436490469,0.5952399767501964,0.5893167653732491,-9.542287059716159e-05,-0.09542287059716159,-0.0027971465042191785,0.0017352493071320927,0.0016751707350307686,0.0008812288857628036,0,0
disturbance_plus_noise,0.78,-0.06060781279126659,0.0061990769771694135,0.005243977759709373,0.5863217328894894,0.5915657106491988,-0.06272909854720471,0.0062920773599308985,0.00438584520138894,0.5848471117951253,0.5892329569965142,0.5866940202379816,-0.0012132893508011167,-1.2132893508011167,-0.0021212857559381234,9.300038276148512e-05,-0.0008581325583204337,-0.0014746210943640814,0,0
disturbance_plus_noise,0.8,-0.08229512960129362,0.14015343836749725,0.003875430301525307,0.5877970215887875,0.5916724518903128,-0.08041005617043238,0.14052509160670384,0.0022337502524521205,0.5872790506005025,0.5895128008529545,0.6066940202384176,-0.0011065481096871332,-1.1065481096871332,0.0018850734308612422,0.00037165323920659285,-0.0016416800490731862,-0.000517970988285081,0,0
disturbance_plus_noise,0.8200000000000001,-0.08707841877595102,0.1746685276137661,0.002217448418289196,0.5909604168171466,0.5931778652354358,-0.09098418616673425,0.1769209298577174,0.0026088414945921556,0.5909591861756167,0.5935680276702089,0.6011970146028923,0.0003988652354358635,0.3988652354358635,-0.003905767390783229,0.002252402243951295,0.0003913930763029593,-1.2306415299453884e-06,0,0
disturbance_plus_noise,0.84,-0.0662135549366687,0.06256987574108303,0.0007110792440348067,0.5932835800329673,0.5939946592770021,-0.06741696530358005,0.06474990728461708,0.002183788479647121,0.5937585569894454,0.5959423454690925,0.5845545472617583,0.001215659277002179,1.215659277002179,-0.0012034103669113446,0.00218003154353405,0.0014727092356123142,0.0004749769564780335,0,0
disturbance_plus_noise,0.86,-0.04632565438327439,-0.033693453335957295,-0.00041021446892564874,0.5935893109170568,0.5931790964481312,-0.04572652325010706,-0.033160873149066815,-0.0007715602414860161,0.5940768634629431,0.593305303221457,0.582884941961708,0.00040009644813121525,0.40009644813121525,0.0005991311331673307,0.0005325801868904807,-0.00036134577256036735,0.00048755254588633487,0,0
disturbance_plus_noise,0.88,-0.05421773188617823,0.024484291254471685,-0.0014700370712137432,0.5934289800877044,0.5919589430164907,-0.05200161130858243,0.023812355110207822,-0.002364355983090996,0.5938144021776001,0.591450046194509,0.6007491174155773,-0.0008200569835092875,-0.8200569835092875,0.0022161205775958065,-0.0006719361442638629,-0.0008943189118772529,0.0003854220898956385,0,0
disturbance_plus_noise,0.9,-0.06277069936902918,0.09552462655067209,-0.0025748322539010954,0.5946171712650123,0.5920423390111113,-0.06035690021438434,0.09594200897324426,-0.0014220084576493186,0.5948199842766437,0.5933979758189944,0.6058473048969445,-0.0007366609888886932,-0.7366609888886932,0.0024137991546448415,0.00041738242257217256,0.0011528237962517768,0.00020281301163136743,0,0
disturbance_plus_noise,0.92,-0.050217659914235026,0.04367441643215852,-0.0037549539910095523,0.5959786643813728,0.5922237103903633,-0.04807249409534712,0.044969401795141535,-0.003445632467886874,0.5974710343327857,0.5940254018648988,0.593129597524983,-0.0005552896096366888,-0.5552896096366888,0.0021451658188879064,0.0012949853629830187,0.00030932152312267825,0.001492369951412877,0,0
disturbance_plus_noise,0.9400000000000001,-0.04090724507798318,0.009888617626904394,-0.004712803703787243,0.5965101368192971,0.5917973331155099,-0.04428163118679381,0.008709107845726729,-0.003321694846939909,0.5975285529148742,0.5942068580679343,0.594220485377156,-0.0009816668844900844,-0.9816668844900844,-0.0033743861088106355,-0.0011795097811776645,0.0013911088568473338,0.001018416095577032,0,0
disturbance_plus_noise,0.96,-0.034265931920581034,0.004506608375872514,-0.005524700318132691,0.596670207713104,0.5911455073949713,-0.03612594142414664,0.004340491493660223,-0.005653744411722166,0.5972214104915754,0.5915676660798532,0.5970371070196575,-0.0016334926050286525,-1.6334926050286525,-0.0018600095035656065,-0.00016611688221229132,-0.0001290440935894754,0.0005512027784714484,0,0
disturbance_plus_noise,0.98,-0.038635688656595786,0.06883984289811587,-0.006223084010635024,0.5974400599903863,0.5912169759797513,-0.03727010845107306,0.06809559829519289,-0.007135109511752415,0.5959093931970502,0.5887742836852977,0.6071549665992374,-0.0015620240202486313,-1.5620240202486313,0.0013655802055227264,-0.0007442446029229782,-0.0009120255011173911,-0.0015306667933361383,0,0
disturbance_plus_noise,1.0,-0.04412079225368397,0.1374510631779468,-0.007026085985957868,0.599578721772807,0.5925526357868491,-0.042904461451861685,0.13634330476608278,-0.005316479296622729,0.5997530060979167,0.594436526801294,0.6123867221145362,-0.00022636421315080923,-0.22636421315080923,0.0012163308018222853,-0.001107758411864037,0.0017096066893351393,0.00017428432510973538,0,0
disturbance_plus_noise,1.02,-0.020134987625755576,0.03050312886004091,-0.007664803068094532,0.6012254163443244,0.5935606132762298,-0.0170723225827017,0.028923106859421604,-0.007915624585962433,0.6010769271299254,0.593161302543963,0.5923867221141506,0.0007816132762298311,0.7816132762298311,0.003062665043053877,-0.001580022000619308,-0.00025082151786790034,-0.0001484892143989565,0,0
disturbance_plus_noise,1.04,-0.007176167912930589,-0.011340572856977621,-0.007885287449975338,0.6014495441212288,0.5935642566712535,-0.01225834085669398,-0.01022118014954777,-0.007545339728748988,0.6020571216860988,0.5945117819573499,0.597439476168675,0.0007852566712535092,0.7852566712535092,-0.00508217294376339,0.001119392707429851,0.0003399477212263495,0.0006075775648700279,0,0
disturbance_plus_noise,1.06,0.0032666785141457657,-0.0419420368974868,-0.00788016540576141,0.6008849296899715,0.5930047642842101,0.003384170745546588,-0.04302375505725386,-0.008023572468272797,0.6014823978658805,0.5934588253976077,0.5970774834642238,0.00022576428421017258,0.22576428421017258,0.00011749223140082255,-0.0010817181597670541,-0.00014340706251138666,0.0005974681759089467,0,0
disturbance_plus_noise,1.08,0.005718644066403568,-0.02369143055951417,-0.007787558592832844,0.6002236564335378,0.592436097840705,0.007639514851239711,-0.024450093517780942,-0.00802459912893907,0.6003900948720151,0.5923654957430761,0.6019258444551586,-0.0003429021592949999,-0.3429021592949999,0.001920870784836143,-0.0007586629582667701,-0.00023704053610622557,0.00016643843847733943,0,0
disturbance_plus_noise,1.1,0.005912450087368971,0.0036523173422206676,-0.007585700003213827,0.6000387177351213,0.5924530177319075,0.009005736593878816,0.005660685067315534,-0.007335469350890017,0.6008083815535736,0.5934729122026836,0.6036079284817643,-0.0003259822680924396,-0.3259822680924396,0.003093286506509845,0.0020083677250948666,0.0002502306523238091,0.0007696638184523115,0,0
disturbance_plus_noise,1.12,0.016397066168226546,-0.027881033307889932,-0.007325841491610088,0.5998419396650724,0.5925160981734623,0.015057406091032966,-0.02501407931055656,-0.006580274900077722,0.5991052690758347,0.592524994175757,0.5962760188823845,-0.0002629018265376537,-0.2629018265376537,-0.0013396600771935791,0.0028669539973333706,0.000745566591532366,-0.0007366705892376818,0,0
disturbance_plus_noise,1.1400000000000001,0.019494524563143927,-0.02142541021953978,-0.007026485593408735,0.5992802084599663,0.5922537228665576,0.020149664421107924,-0.022063253833757356,-0.007736108957614783,0.5987985594053568,0.591062450447742,0.5998868607791691,-0.0005252771334423034,-0.5252771334423034,0.000655139857963998,-0.0006378436142175761,-0.0007096233642060475,-0.0004816490546095816,0,0
disturbance_plus_noise,1.16,0.016053846783861306,0.021893259576309356,-0.006698491503697801,0.5993246724710497,0.5926261809673519,0.014209917660411825,0.020876465479970376,-0.005494273989154307,0.5997112578806615,0.5942169838915072,0.6050543312853717,-0.00015281903264807717,-0.15281903264807717,-0.001843929123449481,-0.0010167940963389805,0.0012042175145434942,0.0003865854096117926,0,0
disturbance_plus_noise,1.18,0.030685427331157564,-0.05068767202654091,-0.006252755140730937,0.5990596650108514,0.5928069098701204,0.030955988181054026,-0.04866700883486982,-0.008004885799453942,0.5983085987793932,0.5903037129799393,0.5901572401732416,2.7909870120468305e-05,0.027909870120468305,0.0002705608498964616,0.0020206631916710924,-0.0017521306587230045,-0.0007510662314581524,0,0
disturbance_plus_noise,1.2,0.02123000910542714,0.021305353784402417,-0.005776265904160192,0.5987807850612793,0.5930045191571192,0.02101175386383191,0.0200986786430272,-0.005915890177342395,0.599122063558717,0.5932061733813746,0.6073070918993678,0.0002255191571192139,0.2255191571192139,-0.00021825524159522933,-0.001206675141375217,-0.0001396242731822033,0.00034127849743767214,0,0
disturbance_plus_noise,1.22,0.03096390125011623,-0.027228072594582483,-0.005286884674565905,0.5986838707328997,0.5933969860583338,0.032189955712663705,-0.030024202755646462,-0.005672240760477111,0.5996061444473372,0.59393390368686,0.5931754237157154,0.0006179860583338526,0.6179860583338526,0.001226054462547475,-0.0027961301610639794,-0.00038535608591120567,0.0009222737144374226,0,0
disturbance_plus_noise,1.24,0.03941688216713498,-0.0642067837923042,-0.004535767702783149,0.597748551603619,0.5932127839008358,0.03953341530966411,-0.06520498269318342,-0.004260675416871866,0.5984303142710667,0.5941696388541948,0.5919448212638866,0.00043378390083581575,0.43378390083581575,0.00011653314252912773,-0.0009981989008792246,0.0002750922859112831,0.0006817626674477592,0,0
disturbance_plus_noise,1.26,0.042069779278648314,-0.07577871287439704,-0.003769099813781865,0.5962586477243815,0.5924895479105997,0.04316998631121137,-0.07621336592640296,-0.004575097294066008,0.5966075509609825,0.5920324536669165,0.592484964315782,-0.0002894520894002328,-0.2894520894002328,0.0011002070325630523,-0.00043465305200591787,-0.0008059974802841425,0.0003489032366009632,0,0
disturbance_plus_noise,1.28,0.03372279440126766,-0.019525040033055316,-0.0029449076984706672,0.5952943075314612,0.5923493998329905,0.03242791413719421,-0.017684339121583726,-0.0039422477147271545,0.596007209072283,0.5920649613575558,0.6003784395134951,-0.00042960016700943626,-0.42960016700943626,-0.0012948802640734463,0.0018407009114715903,-0.0009973400162564872,0.0007129015408217734,0,0
disturbance_plus_noise,1.3,0.030827866188610626,-0.005255948543446571,-0.002300329073191128,0.5950368033092724,0.5927364742360813,0.03386831042914012,-0.007154793131250328,-0.002331368198187315,0.5951937461126505,0.5928623779144632,0.5964225587813861,-4.2525763918610515e-05,-0.042525763918610515,0.003040444240529493,-0.0018988445878037577,-3.1039124996187e-05,0.00015694280337810143,0,0
disturbance_plus_noise,1.32,0.035412942712652565,-0.03307026410847561,-0.0016603062454871773,0.5945969460196686,0.5929366397741814,0.033455519929496004,-0.031321467507098376,-0.0013990597584426613,0.5948733980435652,0.5934743382851225,0.5905124322665769,0.0001576397741814839,0.1576397741814839,-0.0019574227831565603,0.001748796601377238,0.000261246487044516,0.00027645202389658664,0,0
disturbance_plus_noise,1.34,0.03835543840306918,-0.054841883971570235,-0.0008931850582948071,0.593711923706542,0.5928187386482472,0.04120516203127478,-0.05399093134455458,-0.0016634098329735584,0.5934170225691627,0.5917536127361892,0.5894634412012816,3.9738648247245045e-05,0.039738648247245045,0.002849723628205597,0.0008509526270156563,-0.0007702247746787512,-0.00029490113737929455,0,0
disturbance_plus_noise,1.36,0.031537789072352,-0.015716450005522343,-0.0002723839981711188,0.5930402962144401,0.592767912216269,0.03441321265946519,-0.015553443861068864,-0.0014179340273421282,0.5952159890254539,0.5937980549981118,0.5963218070323026,-1.108778373093422e-05,-0.01108778373093422,0.002875423587113188,0.0001630061444534794,-0.0011455500291710093,0.002175692811013825,0,0
disturbance_plus_noise,1.3800000000000001,0.03464770119182631,-0.044912102405272616,0.000471029483283616,0.5924060246064544,0.592877054089738,0.035867363505844976,-0.0419640167842559,-0.0007843194562284497,0.5931963766666374,0.5924120572104089,0.5875432185917093,9.80540897380644e-05,0.0980540897380644,0.0012196623140186703,0.0029480856210167116,-0.0012553489395120657,0.0007903520601829963,0,0
disturbance_plus_noise,1.4000000000000001,0.0298646041706827,-0.023320470181169513,0.001090088557221719,0.5917440654824199,0.5928341540396416,0.02875722853813842,-0.02447790751361696,0.0001809489438463701,0.5923770619756829,0.5925580109195292,0.592687115318669,5.515403964162502e-05,0.05515403964162502,-0.0011073756325442826,-0.0011574373324474492,-0.0009091396133753489,0.0006329964932629543,0,0
disturbance_plus_noise,1.42,0.02630745469404679,-0.013389470319161201,0.0015341495615083345,0.5913283914729685,0.5928625410344768,0.026985229396005644,-0.009929297640251272,0.0008449443225288947,0.5896000743526368,0.5904450186751657,0.5915022707235112,8.354103447683059e-05,0.08354103447683059,0.000677774701958853,0.0034601726789099297,-0.0006892052389794398,-0.001728317120331648,0,0
disturbance_plus_noise,1.44,0.01714023240415967,0.027397795316326315,0.002008180206310683,0.5915550000056164,0.5935631802119271,0.018620676476599374,0.02728480198643656,0.004114442406217748,0.5909120972022073,0.595026539608425,0.5963187185982238,0.0007841802119271657,0.7841802119271657,0.0014804440724397036,-0.00011299332988975505,0.0021062621999070647,-0.0006429028034091298,0,0
disturbance_plus_noise,1.46,0.03239813653082698,-0.07911793801796368,0.002495055242485714,0.5909464414925145,0.5934414967350002,0.03375873213558911,-0.08080653275376609,0.0023595268890626284,0.5908436449016975,0.5932031717907601,0.5768992916473565,0.0006624967350002953,0.6624967350002953,0.001360595604762127,-0.0016885947358024002,-0.0001355283534230859,-0.00010279659081700686,0,0
disturbance_plus_noise,1.48,0.025628351137925907,-0.04955433635257915,0.003033044368740391,0.5896965090933362,0.5927295534620766,0.02368452142384223,-0.04857600639551965,0.0014877427394666806,0.5904901657411299,0.5919779084805966,0.590322782767217,-4.944653792338105e-05,-0.04944653792338105,-0.0019438297140836778,0.000978329957059502,-0.0015453016292737104,0.0007936566477937147,0,0
disturbance_plus_noise,1.5,0.012666413100618069,0.009616582704996237,0.0034348950229115493,0.5893830979976485,0.59281799302056,0.013599071685849956,0.010132667121456966,0.0022320143682886574,0.5902626845963368,0.5924946989646255,0.595318005354059,3.899302056009635e-05,0.03899302056009635,0.0009326585852318867,0.0005160844164607291,-0.0012028806546228916,0.0008795865986882981,0,0
disturbance_plus_noise,1.52,0.009265104996035023,0.006541043678969089,0.003765655986329185,0.5894836386179847,0.5932492946043139,0.005937665905658845,0.004880561683564053,0.004211355491619307,0.5894762143879716,0.5936875698795909,0.5890995930700038,0.00047029460431391445,0.47029460431391445,-0.0033274390903761785,-0.0016604819954050363,0.00044569950529012195,-7.42423001313875e-06,0,0
disturbance_plus_noise,1.54,0.012447753232556263,-0.0275671002191205,0.003934353428460518,0.5892957062547974,0.5932300596832579,0.011477382731663186,-0.026125916097839118,0.005361612347569151,0.5898601107988337,0.5952217231464029,0.5843520693696089,0.0004510596832579816,0.4510596832579816,-0.0009703705008930777,0.0014411841212813835,0.0014272589191086334,0.0005644045440362916,0,0
disturbance_plus_noise,1.56,0.017738692951294332,-0.07599837487321554,0.004220914451345245,0.5882317817099132,0.5924526961612584,0.015593937634525339,-0.0732419634601829,0.005508983488155151,0.5887775873218917,0.5942865708100469,0.5801430183566864,-0.00032630383874154845,-0.32630383874154845,-0.002144755316768993,0.0027564114130326305,0.0012880690368099058,0.0005458056119785104,0,0
disturbance_plus_noise,1.58,0.010746285039127322,-0.05310359786072857,0.004455240833960248,0.5869123363938361,0.5913675772277963,0.010432197950585214,-0.05246948108025052,0.004417133977166392,0.5872791909864857,0.5916963249636521,0.5868003388336474,-0.0014114227722036299,-1.4114227722036299,-0.00031408708854210936,0.0006341167804780461,-3.8106856793855926e-05,0.0003668545926496257,0,0
disturbance_plus_noise,1.6,-0.006748576645637125,0.02949427260354576,0.004504369598661753,0.5867835235779941,0.5912878931766559,-0.009735166585854074,0.030340330592575824,0.005315443988695392,0.5868190483472164,0.5921344923359119,0.5957471830825904,-0.0014911068233440794,-1.4911068233440794,-0.002986589940216948,0.000846057989030064,0.0008110743900336383,3.552476922233309e-05,0,0
disturbance_plus_noise,1.62,-0.010568574111342996,0.03735174853555494,0.0043303572880238955,0.5874554616793538,0.5917858189673777,-0.013306162903014911,0.04019241690222537,0.004742149338762418,0.5870462085610657,0.5917883578998281,0.5892810471506255,-0.0009931810326222479,-0.9931810326222479,-0.002737588791671915,0.002840668366670437,0.0004117920507385222,-0.0004092531182881154,0,0
disturbance_plus_noise,1.6400000000000001,-0.012222946282504185,0.037510317615712975,0.004129514825151358,0.5881400159482595,0.5922695307734108,-0.013181526383547948,0.03982116081825567,0.005665909928660873,0.5900758590546293,0.5957417689832902,0.5892870800952329,-0.000509469226589121,-0.509469226589121,-0.0009585801010437623,0.0023108432025426996,0.0015363951035095155,0.0019358431063698001,0,0
disturbance_plus_noise,1.6600000000000001,0.0019522783654429298,-0.0570954088406477,0.004003137564051232,0.5878053763452461,0.5918085139092973,-0.0025296520071257773,-0.05667037146851704,0.003877727119849628,0.5894173712507927,0.5932950983706424,0.5757468708192562,-0.0009704860907026047,-0.9704860907026047,-0.004481930372568707,0.0004250373721306554,-0.00012541044420160422,0.0016119949055466336,0,0
disturbance_plus_noise,1.68,-0.008963784692491717,-0.006069485729693262,0.0038570797890942056,0.5872825929067541,0.5911396726958483,-0.00886963406936505,-0.0031313117557353587,0.004951212831680025,0.5865506932538034,0.5915019060854834,0.591638937098856,-0.0016393273041516165,-1.6393273041516165,9.415062312666825e-05,0.002938173973957903,0.0010941330425858196,-0.0007318996529507049,0,0
disturbance_plus_noise,1.7,-0.01903532211318548,0.045963975452699424,0.003614568677239279,0.5877606048828818,0.5913751735601211,-0.01793467657061065,0.04591062121490971,0.0035066612110994204,0.5879565630041902,0.5914632242152896,0.5944231573288694,-0.001403826439878797,-1.403826439878797,0.0011006455425748283,-5.3354237789715244e-05,-0.00010790746613985857,0.00019595812130838194,0,0
disturbance_plus_noise,1.72,-0.023921374437156244,0.060811139416050215,0.0031941741249003185,0.5888655929891082,0.5920597671140085,-0.025494391511820376,0.06168140391250188,0.002867706762784272,0.5905704529618996,0.5934381597246838,0.5923007775727374,-0.0007192328859914054,-0.7192328859914054,-0.001573017074664133,0.0008702644964516674,-0.00032646736211604634,0.0017048599727913475,0,0
disturbance_plus_noise,1.74,-0.018223593151081817,0.01681386627312605,0.0027488626866247743,0.5896412348047961,0.5923900974914209,-0.018473329822481524,0.015141026270456857,0.0008279150805021822,0.5905028994258,0.5913308145063022,0.5855411342122127,-0.0003889025085790365,-0.3889025085790365,-0.00024973667139970593,-0.001672840002669193,-0.0019209476061225921,0.0008616646210039296,0,0
disturbance_plus_noise,1.76,-0.02688577251445305,0.059406741943999614,0.002369125652530597,0.590517774583757,0.5928869002362875,-0.026074498220653167,0.0564099198082443,0.0023537544224353276,0.5907021449791929,0.5930558994016283,0.5968367229452446,0.00010790023628759471,0.10790023628759471,0.0008112742937998811,-0.002996822135755315,-1.537123009526939e-05,0.0001843703954358989,0,0
disturbance_plus_noise,1.78,-0.02174767022440638,0.024840394174330285,0.0019051884226233971,0.5913630936291275,0.593268282051751,-0.02174245667063903,0.022337351247685804,0.001083232026514789,0.5904933876483779,0.5915766196748927,0.5886096564481029,0.0004892820517510277,0.4892820517510277,5.2135537673473064e-06,-0.0025030429266444812,-0.0008219563961086083,-0.0008697059807496976,0,0
disturbance_plus_noise,1.8,-0.024915676147333757,0.04723063706370967,0.0014547117159360498,0.5921346910285895,0.5935894027445255,-0.023899559651733546,0.0507755732763347,0.0024077275275271644,0.592540897292396,0.5949486248199232,0.596073830859252,0.0008104027445255957,0.8104027445255957,0.0010161164956002096,0.003544936212625033,0.0009530158115911144,0.0004062062638064657,0,0
disturbance_plus_noise,1.82,-0.011132602249843847,-0.03447940753960971,0.0010178868717744855,0.5922737356556294,0.5932916225274039,-0.011955518983721276,-0.03328575332480495,0.0008569233014157451,0.5924162123256828,0.5932731356270985,0.5825754972687891,0.0005126225274039165,0.5126225274039165,-0.0008229167338774298,0.0011936542148047588,-0.0001609635703587403,0.00014247667005336668,0,0
disturbance_plus_noise,1.84,-0.015643817946349284,-0.009731990035524291,0.0006963376283041295,0.5918245170413919,0.5925208546696961,-0.018150404438028598,-0.01334112886984436,0.0012752235904913353,0.5908535375669005,0.5921287611573919,0.5942399126584497,-0.00025814533030388276,-0.25814533030388276,-0.0025065864916793148,-0.0036091388343200683,0.0005788859621872059,-0.0009709794744914801,0,0
disturbance_plus_noise,1.86,-0.022958464447211727,0.03817385295839305,0.0002507957132102103,0.5921318713297107,0.5923826670429209,-0.02060398113931612,0.03763119551893664,-8.794263486355824e-05,0.5900377749699366,0.589949832335073,0.59835560712327,-0.0003963329570790819,-0.3963329570790819,0.0023544833078956062,-0.0005426574394564051,-0.00033873834807376853,-0.002094096359774036,0,0
disturbance_plus_noise,1.8800000000000001,-0.029677714823511555,0.08940493048765095,-0.0003586427613518076,0.593504692578499,0.5931460498171472,-0.030502116913076874,0.08927377818549527,-0.0010093412406738636,0.594242418798453,0.5932330775577791,0.6020871423023912,0.00036704981714730245,0.36704981714730245,-0.0008244020895653197,-0.00013115230215568065,-0.0006506984793220561,0.0007377262199539647,0,0
disturbance_plus_noise,1.9000000000000001,-0.016709861706647948,0.02166848437655676,-0.0008196187179643821,0.5946663263069796,0.5938467075890151,-0.016399061733406956,0.020757750694046118,0.000584621761813757,0.5940191500455444,0.5946037718073581,0.5887808453028371,0.0010677075890151988,1.0677075890151988,0.00031079997324099046,-0.0009107336825106413,0.001404240479778139,-0.0006471762614352243,0,0
disturbance_plus_noise,1.92,-0.00436528720064068,-0.0464544036048432,-0.0010658718893531679,0.5943483993576802,0.5932825274683271,-0.0032606438107473643,-0.04437976766257328,-0.0015089909010420773,0.5950985198677047,0.5935895289666626,0.5860370126146326,0.0005035274683271584,0.5035274683271584,0.0011046433898933158,0.002074635942269922,-0.00044311901168890956,0.0007501205100244273,0,0
disturbance_plus_noise,1.94,-0.007577085612670803,-0.02110158644703116,-0.0012256484564797314,0.5936902333927911,0.5924645849363114,-0.007876639960153673,-0.02082529285098979,0.0012746055518540631,0.5939904397144957,0.5952650452663498,0.5955565626147209,-0.00031441506368856675,-0.31441506368856675,-0.0002995543474828696,0.0002762935960413695,0.0025002540083337945,0.0003002063217045528,0,0
disturbance_plus_noise,1.96,-0.0002169791254580792,-0.0543622104547799,-0.0013801768518095824,0.5929182185142406,0.5915380416624311,0.0019693075482408876,-0.057418122880000984,-0.002160526624555082,0.5963804409525001,0.594219914327945,0.5876211865411388,-0.001240958337568876,-1.240958337568876,0.002186286673698967,-0.003055912425221083,-0.0007803497727454995,0.003462222438259407,0,0
disturbance_plus_noise,1.98,-0.00465158859941803,-0.02134982368454284,-0.0014282922656538167,0.5921338325361267,0.590705540270473,-0.004363564646570852,-0.020825625645913455,-0.0016756784335416415,0.5935881573933811,0.5919124789598394,0.5948999673194755,-0.002073459729526994,-2.073459729526994,0.0002880239528471776,0.0005241980386293862,-0.0002473861678878248,0.001454324857254378,0,0
disturbance_plus_noise,2.0,-0.012605811220326968,0.040585028043515575,-0.0016543236932814527,0.5923405300948074,0.5906862064015259,-0.015215961719573722,0.04145024623213392,-0.0020906393203934553,0.5918180547666648,0.5897274154462714,0.6002270871389918,-0.00209279359847403,-2.09279359847403,-0.0026101504992467536,0.000865218188618346,-0.0004363156271120026,-0.000522475328142522,0,0
disturbance_plus_noise,2.02,-0.020633015062205107,0.09848368880774992,-0.0019848161526476384,0.6437323267701459,0.6417475106174982,-0.01752774766455154,0.09889079851654474,-0.0033179757202442175,0.644612860037509,0.6412948843172648,0.6034954463286338,0.048968510617498295,48.968510617498296,0.0031052673976535695,0.0004071097087948241,-0.0013331595675965789,0.0008805332673630913,1,0
disturbance_plus_noise,2.04,0.0534539389439418,-0.34492363576258644,-0.0015226531358660926,0.6409552834943869,0.6394326303585208,0.05820182405610719,-0.34663986722469264,-0.001181430596077463,0.6407276325260594,0.6395462019299819,0.5834954462042361,0.04665363035852088,46.65363035852088,0.004747885112165385,-0.0017162314621062163,0.0003412225397886295,-0.00022765096832752575,1,0
disturbance_plus_noise,2.06,0.11427193337527657,-0.7322766390911123,0.00029157518326680616,0.6297667152263166,0.6300582904095834,0.11242622893753317,-0.733265067957036,0.0034328840660407794,0.6298273745577723,0.6332602586238131,0.5634954461891796,0.03727929040958344,37.279290409583446,-0.0018457044377433996,-0.0009884288659237376,0.003141308882773973,6.06593314557199e-05,1,0
disturbance_plus_noise,2.08,0.13793121426644644,-0.9152870396100411,0.002942156730337834,0.6129300284385469,0.6158721851688848,0.1376087263894311,-0.9153725439070856,0.002442835079938542,0.6126957766631485,0.615138611743087,0.5600151868301165,0.02309318516888481,23.093185168884812,-0.00032248787701531854,-8.550429704450154e-05,-0.0004993216503992921,-0.00023425177539849,1,0
disturbance_plus_noise,2.1,0.10773395087138271,-0.7782211173384144,0.005414234939394108,0.5957015614781853,0.6011157964175794,0.10916791755302639,-0.775706181702283,0.004746972620340371,0.5961925216525921,0.6009394942729325,0.5800151868426525,0.00833679641757945,8.33679641757945,0.0014339666816436836,0.0025149356361314186,-0.0006672623190537367,0.0004909601744067656,1,0
disturbance_plus_noise,2.12,0.04401155791753251,-0.44316453182234183,0.006944618871970344,0.5834244456646117,0.5903690645365821,0.04621379295990273,-0.4405068538503459,0.006809198551744971,0.5823386736776547,0.5891478722293997,0.6000151868494198,-0.002409935463417834,-2.409935463417834,0.0022022350423702235,0.002657677971995968,-0.00013542032022537267,-0.0010857719869569885,1,0
disturbance_plus_noise,2.14,-0.031168248315534993,-0.021708958311068657,0.00707900426229597,0.5789902873345615,0.5860692915968575,-0.031402680413474895,-0.019673592641384824,0.007755357350829413,0.5791064448517418,0.5868618022025712,0.6200151868507137,-0.006709708403142445,-6.709708403142445,-0.00023443209793990268,0.0020353656696838335,0.0006763530885334433,0.00011615751718026619,1,0
disturbance_plus_noise,2.16,-0.07547223756917312,0.22926627696622925,0.005945925778720039,0.5812295386948215,0.5871754644735415,-0.07616302397560808,0.2316919642331532,0.005637331012162071,0.5810126587812382,0.5866499897934002,0.6147403440582624,-0.005603535526458425,-5.603535526458425,-0.0006907864064349558,0.002425687266923943,-0.00030859476655796867,-0.00021687991358331014,1,0
disturbance_plus_noise,2.18,-0.08140948108706017,0.25863420311210905,0.004353263343990444,0.5862272955432368,0.5905805588872273,-0.08032612893737162,0.25740596251675163,0.004888363833777432,0.5847781463099115,0.589666510143689,0.5985438175151476,-0.0021984411127726755,-2.1984411127726755,0.0010833521496885455,-0.0012282405953574342,0.0005351004897869878,-0.0014491492333252559,1,0
disturbance_plus_noise,2.2,-0.06259402482972552,0.14827957554162355,0.0028739519769513788,0.5902975585546899,0.5931715105316413,-0.06246689165269193,0.14677411160843723,0.0044058654168019785,0.5902122642892424,0.5946181297060444,0.5845602810662167,0.00039251053164135463,0.39251053164135463,0.00012713317703358915,-0.0015054639331863171,0.0015319134398506,-8.52942654474796e-05,1,0
disturbance_plus_noise,2.22,-0.035785761837391204,-0.006152484662372863,0.001827330841447677,0.5916230476436534,0.5934503784851011,-0.033873114175820875,-0.0062822881945713656,0.003039637885345798,0.5922915162872276,0.5953311541725734,0.5757484091447441,0.0006713784851011262,0.6713784851011262,0.0019126476615703284,-0.00012980353219850277,0.0012123070438981212,0.0006684686435743355,1,0
disturbance_plus_noise,2.24,-0.028380680474893144,-0.04747372106204081,0.0011510825463641537,0.5909725593003995,0.5921236418467637,-0.032013907865583585,-0.04688038535950931,0.00015587234467666074,0.5923491230027434,0.5925049953474201,0.5851582372792671,-0.0006553581532362518,-0.6553581532362518,-0.0036332273906904433,0.0005933357025315021,-0.000995210201687493,0.0013765637023439143,1,0
disturbance_plus_noise,2.2600000000000002,-0.04361281778074533,0.04536145382647161,0.0003235143712439305,0.5910946707944335,0.5914181851656773,-0.04349346294921037,0.046500055484527646,-0.0009165880538367325,0.5926567207381493,0.5917401326843126,0.6023145661711987,-0.001360814834322599,-1.360814834322599,0.00011935483153496268,0.0011386016580560367,-0.001240102425080663,0.0015620499437158494,1,0
disturbance_plus_noise,2.2800000000000002,-0.04933150941636579,0.08744092559460713,-0.000630446478225415,0.5925232239709158,0.5918927774926904,-0.05163947055250297,0.08659327632307001,-0.0009517569131226562,0.5924483286785709,0.5914965717654482,0.6002187343462518,-0.0008862225073095198,-0.8862225073095198,-0.0023079611361371743,-0.0008476492715371179,-0.00032131043489724116,-7.489529234490973e-05,1,0
disturbance_plus_noise,2.3000000000000003,-0.0462512712172182,0.08596713216759586,-0.001543463670453625,0.5942617204231017,0.592718256752648,-0.04653044458759157,0.08632543427843889,-0.0011378649647910159,0.5941693575875425,0.5930314926227515,0.5976280713050394,-6.074324735194647e-05,-0.06074324735194647,-0.000279173370373374,0.0003583021108430336,0.00040559870566260914,-9.236283555911652e-05,1,0
disturbance_plus_noise,2.32,-0.03400561542070607,0.03233224377019534,-0.0023041250298144016,0.5953942849271162,0.5930901598973018,-0.03353652500123646,0.03122489691575057,-0.004075054389319146,0.5947064583614589,0.5906314039721398,0.5916094501274295,0.00031115989730190474,0.31115989730190474,0.00046909041946961125,-0.0011073468544447712,-0.0017709293595047448,-0.0006878265656574051,1,0
disturbance_plus_noise,2.34,-0.03844227921736652,0.07919138100574666,-0.0030874568977055862,0.596594851173797,0.5935073942760913,-0.03594008496359397,0.08059218503606885,-0.0023713834863422585,0.5952879398860452,0.592916556399703,0.6047007971694508,0.0007283942760913931,0.7283942760913931,0.0025021942537725482,0.001400804030322196,0.0007160734113633276,-0.0013069112877517298,1,0
disturbance_plus_noise,2.36,-0.024995569007183034,0.022765371668057095,-0.003653283764453105,0.5975886186245205,0.5939353348600674,-0.02258115344196581,0.022339319709345704,-0.003958773073596153,0.59808997612905,0.5941312030554539,0.5931298895752662,0.0011563348600674983,1.1563348600674983,0.002414415565217223,-0.00042605195871139005,-0.0003054893091430481,0.0005013575045295437,1,0
disturbance_plus_noise,2.38,-0.013954910538238939,-0.02202109741134221,-0.00404777055467706,0.5976251671752907,0.5935773966206136,-0.014868019870699179,-0.021634645420081942,-0.003685693476035624,0.5986416913995651,0.5949559979235295,0.5927724815828562,0.0007983966206136506,0.7983966206136506,-0.0009131093324602403,0.0003864519912602669,0.0003620770786414364,0.00101652422427444,1,0
disturbance_plus_noise,2.4,-0.006874836889474338,-0.045227571375598484,-0.00418946204385181,0.5969041311375775,0.5927146690937256,-0.008083670360740298,-0.047959591736672295,-0.0034130378971022053,0.5964691346230383,0.5930560967259361,0.5933652637966326,-6.433090627433469e-05,-0.06433090627433469,-0.00120883347126596,-0.002732020361073814,0.0007764241467496045,-0.000434996514539152,1,0
disturbance_plus_noise,2.42,-0.011082699031074056,-0.003015084201328728,-0.0043911658965092686,0.5964058923976825,0.5920147265011733,-0.011651937663818147,-0.0036492988948140116,-0.0043372445822952525,0.5980532156499321,0.5937159710676368,0.6011852154347573,-0.0007642734988266842,-0.7642734988266842,-0.0005692386327440912,-0.0006342146934852837,5.3921314214016e-05,0.0016473232522496,1,0
disturbance_plus_noise,2.44,-0.008386570651778249,-0.002053866914704667,-0.004607258812295608,0.5963421232159877,0.591734864403692,-0.007992342874849987,-0.00022067709358775177,-0.0044568511712185345,0.5966033171860399,0.5921464660148213,0.5968681015131336,-0.0010441355963078935,-1.0441355963078935,0.0003942277769282619,0.0018331898211169154,0.00015040764107707367,0.00026119397005216983,1,0
disturbance_plus_noise,2.46,-0.008648880898280779,0.022773557323419926,-0.004802769215851144,0.5965704837692007,0.5917677145533496,-0.008247015383306711,0.019784589705826826,-0.003960796489275387,0.5968300386183862,0.5928692421291109,0.6003954691615667,-0.0010112854466503007,-1.0112854466503007,0.0004018655149740676,-0.002988967617593101,0.0008419727265757581,0.00025955484918545714,1,0
disturbance_plus_noise,2.48,-0.0022433849469805285,0.007761931585672018,-0.004970190799928468,0.5968408247290914,0.591870633929163,-0.002063885041575441,0.005564929375621383,-0.0036974857723724728,0.5957680310434862,0.5920705452711137,0.5961160804665082,-0.0009083660708369967,-0.9083660708369967,0.00017949990540508737,-0.002197002210050636,0.0012727050275559953,-0.0010727936856052213,1,0
disturbance_plus_noise,2.5,0.0013159446350807398,0.01192389917003178,-0.004955497655335484,0.5969881570219642,0.5920326593666286,0.0009710346583907143,0.011431068052160685,-0.003477771222172688,0.5990650313526017,0.595587260130429,0.5983531560232795,-0.0007463406333713118,-0.7463406333713118,-0.0003449099766900256,-0.0004928311178710948,0.0014777264331627964,0.0020768743306375003,1,0
disturbance_plus_noise,2.52,0.018614007983942513,-0.07028338969691142,-0.004743778466055128,0.5962991960746652,0.5915554176086101,0.0187847206254033,-0.07081640450561906,-0.006189803894691819,0.5953025788832128,0.589112774988521,0.5860445779194212,-0.0012235823913898658,-1.2235823913898658,0.00017071264146078597,-0.0005330148087076365,-0.0014460254286366905,-0.000996617191452439,1,0
disturbance_plus_noise,2.54,0.00654145779597614,0.019929889060793602,-0.004528046689478705,0.5958614367350465,0.5913333900455678,0.004778575978971463,0.021443781226008356,-0.0047242743629614765,0.5970460477785882,0.5923217734156266,0.6060445779199771,-0.0014456099544321033,-1.4456099544321033,-0.0017628818170046766,0.001513892165214756,-0.00019622767348277139,0.0011846110435416023,1,0
disturbance_plus_noise,2.56,0.008433726827247549,0.019297423379428805,-0.0043826270068100266,0.5961967390008645,0.5918141119940544,0.006836301308837328,0.01971988804361166,-0.003648063462160285,0.5959254871684773,0.592277423706317,0.5972432856476075,-0.0009648880059455189,-0.9648880059455189,-0.0015974255184102212,0.0004224646641828557,0.0007345635446497418,-0.0002712518323872148,1,0
disturbance_plus_noise,2.58,0.013849293908013966,0.0008170642672375155,-0.0041749657014856865,0.5964896639311746,0.592314698229689,0.015538848194918839,0.004147627399462454,-0.004409712645803922,0.5970309299920891,0.5926212173462851,0.5949175964237559,-0.00046430177031098196,-0.46430177031098196,0.0016895542869048718,0.0033305631322249384,-0.00023474694431823586,0.0005412660609143776,1,0
disturbance_plus_noise,2.6,0.018613630631818305,-0.015162733788743669,-0.0038272239816562136,0.5964122840682581,0.5925850600866018,0.019270650169065148,-0.015600016007169829,-0.004631714667490782,0.5959809475011754,0.5913492328336846,0.5943635307294323,-0.00019393991339811123,-0.19393991339811123,0.0006570195372468433,-0.00043728221842616,-0.0008044906858345681,-0.00043133656708266765,1,0
disturbance_plus_noise,2.62,0.015910938972194866,0.013857380677724077,-0.0034787109918863737,0.596463958780785,0.5929852477888986,0.018603669305451546,0.012009340627477718,-0.003626406452101008,0.5953695839829426,0.5917431775308416,0.6001249960590829,0.00020624778889866136,0.20624778889866136,0.0026927303332566796,-0.0018480400502463592,-0.00014769546021463432,-0.0010943747978423457,1,0
disturbance_plus_noise,2.64,0.01902725117269669,0.004772542587319524,-0.003115612220001147,0.5965891041657319,0.5934734919457307,0.018325753613322508,0.0016441447297504963,-0.0024458180417093554,0.5961609865686393,0.5937151685269298,0.5961117047198673,0.0006944919457307908,0.6944919457307908,-0.0007014975593741813,-0.0031283978575690277,0.0006697941782917913,-0.0004281175970925545,1,0
disturbance_plus_noise,2.66,0.028330630627897698,-0.04718115439099045,-0.002595669214887269,0.5960983355714446,0.5935026663565574,0.02848000940258234,-0.04655719667029179,-0.00285020220753808,0.5952238828465646,0.5923736806390265,0.5892579058172833,0.0007236663565574064,0.7236663565574064,0.00014937877468464123,0.0006239577206986598,-0.00025453299265081075,-0.0008744527248800643,1,0
disturbance_plus_noise,2.68,0.0251079213840046,-0.02692800796139043,-0.0020474770803316444,0.5953013493078793,0.5932538722275477,0.024174226342183157,-0.025624619376375855,-0.002036764844486719,0.5945349475301488,0.5924981826856621,0.5964193095239865,0.00047487222754771796,0.47487222754771796,-0.000933695041821445,0.0013033885850145758,1.0712235844925066e-05,-0.0007664017777305094,1,0
disturbance_plus_noise,2.7,0.023396588063852974,-0.01900202677097164,-0.0014764647682574852,0.5948304187544698,0.5933539539862124,0.021728358406819498,-0.020729387301493433,-0.0005503443683700381,0.5929028761722437,0.5923525318038736,0.5949540833755267,0.0005749539862124342,0.5749539862124342,-0.0016682296570334771,-0.001727360530521794,0.0009261203998874472,-0.0019275425822261748,1,0
disturbance_plus_noise,2.72,0.022866354825377327,-0.018374914295784736,-0.0010423531937342775,0.5945478199264035,0.5935054667326692,0.02316195204337253,-0.018202765893928143,-0.00010140880111482843,0.5944513806406978,0.5943499718395829,0.5938272278616548,0.0007264667326692953,0.7264667326692953,0.0002955972179952046,0.00017214840185659288,0.0009409443926194491,-9.643928570565834e-05,1,0
disturbance_plus_noise,2.74,0.029395747341506444,-0.06618610156893706,-0.0005286976374693224,0.5936264889108818,0.5930977912734124,0.031687793794316556,-0.0679502678408103,-0.0005479817464774979,0.5935809611351737,0.5930329793886961,0.5863068510083457,0.0003187912734124998,0.3187912734124998,0.0022920464528101135,-0.0017641662718732446,-1.928410900817553e-05,-4.552777570814892e-05,1,0
disturbance_plus_noise,2.7600000000000002,0.024052709527374195,-0.038165705305074564,-4.02138468918493e-05,0.5925711519338648,0.5925309380869729,0.02607412350928185,-0.03815043325191315,-0.0007677165563311075,0.5920814129982724,0.5913136964419413,0.5937326557089659,-0.0002480619130270645,-0.24806191302706448,0.0020214139819076564,1.5272053161417196e-05,-0.0007275027094392582,-0.0004897389355923149,1,0
disturbance_plus_noise,2.7800000000000002,0.014577028833911362,0.015844383618219347,0.00041504691627904805,0.5924723197158255,0.5928873666321045,0.014719664370463936,0.01653509579834278,0.0008422513445363867,0.5921476176248658,0.5929898689694022,0.5983719860581277,0.00010836663210456177,0.10836663210456177,0.00014263553655257397,0.000690712180123434,0.0004272044282573387,-0.000324702090959721,1,0
disturbance_plus_noise,2.8000000000000003,0.019196190940806674,-0.018525334020766913,0.0006751827055109105,0.5923875845817642,0.5930627672872751,0.01778278211718731,-0.017633700970084067,0.0008320000538562448,0.5931110683452634,0.5939430683991196,0.5882656945349987,0.00028376728727519396,0.28376728727519396,-0.0014134088236193642,0.0008916330506828458,0.00015681734834533428,0.000723483763499141,1,0
disturbance_plus_noise,2.82,0.02264258608211951,-0.04820066615734044,0.0011196275001221522,0.5916502741898383,0.5927699016899605,0.020879299625953657,-0.049439397880812294,-0.00025019889913479557,0.5911116697745433,0.5908614708754085,0.5867190722499349,-9.098310039479252e-06,-0.009098310039479252,-0.0017632864561658512,-0.0012387317234718502,-0.0013698263992569478,-0.0005386044152949507,1,0
disturbance_plus_noise,2.84,0.007993986227481278,0.029402805572747562,0.0013749324523470627,0.5914856256068659,0.592860558059213,0.01000071847060855,0.03182810745151888,0.0005530388464659323,0.5924499271931642,0.5930029660396302,0.6002791760534161,8.155805921306047e-05,0.08155805921306047,0.002006732243127272,0.0024253018787713156,-0.0008218936058811304,0.0009643015862983117,1,0
disturbance_plus_noise,2.86,0.01224755622299316,-0.005476262804748912,0.0015670530761485578,0.5916734887292846,0.5932405418054332,0.010682281180498668,-0.008253468697939269,0.0016159952197364864,0.5901122748961182,0.5917282701158546,0.5878580875842092,0.00046154180543322987,0.46154180543322987,-0.0015652750424944917,-0.0027772058931903564,4.8942143587928575e-05,-0.0015612138331664019,1,0
disturbance_plus_noise,2.88,0.007934207779772136,0.009181832776614546,0.0018483187090266558,0.5917070485804762,0.5935553672895029,0.007883702126293373,0.010335327458227395,0.001563117444243717,0.5928153660721351,0.5943784835163789,0.5932835814805838,0.0007763672895029217,0.7763672895029217,-5.05056534787626e-05,0.0011534946816128483,-0.0002852012647829387,0.0011083174916589069,1,0
disturbance_plus_noise,2.9,0.013872450598027164,-0.04400977242123313,0.002037641369843379,0.5913167935655849,0.5933544349354283,0.01601181870152293,-0.044255849469228344,0.0014695392825495588,0.5912384507698192,0.5927079900523687,0.5840677906609496,0.0005754349354283317,0.5754349354283317,0.002139368103495768,-0.0002460770479952153,-0.0005681020872938204,-7.834279576565117e-05,1,0
disturbance_plus_noise,2.92,0.007074933242543603,-0.016315311505903173,0.002221139026176607,0.5906793708804395,0.5929005099066161,0.004109557144837279,-0.015591128058636168,0.0017262377974643008,0.5892648932261476,0.5909911310236119,0.5926555806916513,0.00012150990661619065,0.12150990661619065,-0.002965376097706323,0.0007241834472670045,-0.0004949012287123061,-0.0014144776542919576,1,0
disturbance_plus_noise,2.94,-0.0048801349468804,0.04202857620729473,0.0021901588871312467,0.5909779186852403,0.5931680775723716,-0.003249639623814101,0.04757226336726669,0.0023111480415254496,0.592253887849022,0.5945650358905474,0.5981934750875494,0.00038907757237161,0.38907757237161,0.001630495323066299,0.005543687159971961,0.000120989154394203,0.001275969163781714,1,0
disturbance_plus_noise,2.96,0.005997525417369862,-0.037723048943917925,0.0022180262261682062,0.5909837555389001,0.5932017817650683,0.002699692189845591,-0.036167891189987096,0.002548059344083561,0.5911308305417179,0.5936788898858014,0.5813829148021309,0.0004227817650683807,0.4227817650683807,-0.0032978332275242707,0.0015551577539308315,0.0003300331179153552,0.0001470750028177519,1,0
disturbance_plus_noise,2.98,0.0035191833085589626,-0.032699210554271434,0.0023499680856921166,0.5902765045537195,0.5926264726394116,0.0024995789932393377,-0.03205757762192349,0.0011799520263586756,0.589704483203304,0.5908844352296627,0.5893848138749244,-0.00015252736058835037,-0.15252736058835037,-0.0010196043153196251,0.0006416329323479433,-0.001170016059333441,-0.0005720213504154998,1,0
disturbance_plus_noise,3.0,-0.011893849298966431,0.04988524159335819,0.0022327249515487605,0.5905065268664521,0.5927392518180009,-0.014760391564911261,0.047260679611321056,0.002478475491483528,0.590300188310183,0.5927786638016665,0.600467849871228,-3.974818199903307e-05,-0.03974818199903307,-0.002866542265944831,-0.0026245619820371353,0.0002457505399347673,-0.00020633855626904222,1,0
disturbance_plus_noise,3.02,-0.00886453193989464,0.023179237079093192,0.0020377083217422536,0.591268443784819,0.5933061521065612,-0.008367841777359839,0.021506987545316273,0.0019599902728169283,0.5921176634648664,0.5940776537376833,0.5892373576194618,0.0005271521065612905,0.5271521065612905,0.000496690162534801,-0.001672249533776918,-7.771804892532538e-05,0.0008492196800473324,1,0
disturbance_plus_noise,3.04,-0.001821091569332287,-0.02477642580358406,0.0019836560877850976,0.5911848241709662,0.5931684802587512,-0.0024302864927033445,-0.02840090281846124,0.001932942383060513,0.5913496000495813,0.5932825424326418,0.5853703206844182,0.00038948025875129577,0.38948025875129577,-0.0006091949233710578,-0.003624477014877177,-5.07137047245846e-05,0.0001647758786150263,1,0
disturbance_plus_noise,3.06,-0.005581108393604947,-0.010149320038157607,0.0018699683298189784,0.5908586962130079,0.5927286645428269,-0.006824599272800004,-0.00933908235802712,0.0021395166970507354,0.5908184817342771,0.5929579984313278,0.5917904291513909,-5.0335457173034115e-05,-0.050335457173034115,-0.0012434908791950573,0.0008102376801304859,0.0002695483672317572,-4.021447873081238e-05,1,0
disturbance_plus_noise,3.08,-0.008860711531102596,0.004851204536779252,0.0017106818012367676,0.5907399899041951,0.5924506717054319,-0.005977974729009508,0.008951034442591384,0.001916241082199915,0.5900058695760577,0.5919221106582576,0.5923660597196428,-0.000328328294568081,-0.328328294568081,0.002882736802093088,0.004099829905812131,0.00020555928096314746,-0.0007341203281373228,1,0
disturbance_plus_noise,3.1,-0.012701171074327998,0.024198343347032348,0.0015156637805985112,0.5911301028547008,0.5926457666352993,-0.01179059170401732,0.02521098840573005,-0.0002974663445489728,0.5908261012629744,0.5905286349184254,0.5938940379108066,-0.00013323336470061342,-0.13323336470061342,0.0009105793703106775,0.001012645058697701,-0.001813130125147484,-0.00030400159172642256,1,0
disturbance_plus_noise,3.12,-0.021483489874754527,0.07304282053011003,0.0011676586254164877,0.5921275825275258,0.5932952411529423,-0.020414362113759847,0.0750942672457723,0.0018018161217206383,0.5914896302969331,0.5932914464186537,0.5996108993212661,0.0005162411529423538,0.5162411529423538,0.0010691277609946803,0.0020514467156622575,0.0006341574963041504,-0.0006379522305927217,1,0
disturbance_plus_noise,3.14,-0.009590684461883395,0.0030351772847984925,0.0008502702791860295,0.5928861744135763,0.5937364446927623,-0.010827570938130408,0.004242078017738986,0.0019933477410170805,0.5933826777602337,0.5953760255012508,0.5858582199024146,0.000957444692762377,0.957444692762377,-0.0012368864762470136,0.0012069007329404936,0.0011430774618310512,0.0004965033466573596,1,0
disturbance_plus_noise,3.16,0.0011038072979107126,-0.06535314542020908,0.0008242794061317522,0.592244723857907,0.5930690032640388,-0.0004157391805392266,-0.06518889498181518,0.0010165147194160305,0.5952608336933142,0.5962773484127302,0.5828208716941231,0.0002900032640388295,0.2900032640388295,-0.0015195464784499393,0.0001642504383938923,0.00019223531328427834,0.003016109835407171,1,0
disturbance_plus_noise,3.18,0.0034945081518501396,-0.08133703791402302,0.0009343523268654877,0.5907440284290287,0.5916783807558942,0.00379712334473039,-0.07795076395671882,0.002314980205775955,0.5912131071089938,0.5935280873147697,0.5860642995009746,-0.0011006192441057605,-1.1006192441057605,0.0003026151928802505,0.0033862739573042,0.0013806278789104673,0.00046907867996500124,1,0
disturbance_plus_noise,3.2,-0.007576193746763798,-0.021041810135516373,0.0009048024828054722,0.5897236990865151,0.5906285015693206,-0.0052221466159998176,-0.01854945752371602,-0.00014594064460520537,0.5886359087291185,0.5884899680845134,0.5951792636924083,-0.0021504984306793817,-2.1504984306793817,0.00235404713076398,0.002492352611800353,-0.0010507431274106775,-0.001087790357396562,1,0
disturbance_plus_noise,3.22,-0.031416640085895335,0.12355259343077463,0.0005466281317022465,0.5908028528977101,0.5913494810294123,-0.035234406205873973,0.12312054048436749,0.00012108247353104804,0.5907332779640586,0.5908543604375897,0.6100094217550134,-0.0014295189705876288,-1.4295189705876288,-0.0038177661199786353,-0.00043205294640713613,-0.00042554565817119847,-6.957493365149757e-05,1,0
disturbance_plus_noise,3.24,-0.025153569575700703,0.09622433923920218,2.1664378894782256e-05,0.593007400865107,0.5930290652440018,-0.024178186817129067,0.09793035240270712,-5.739075789150391e-05,0.5914846496946298,0.5914272589367383,0.5939687103887128,0.00025006524400184027,0.25006524400184027,0.0009753827585716361,0.0017060131635049326,-7.905513678628616e-05,-0.0015227511704771633,1,0
disturbance_plus_noise,3.2600000000000002,-0.01563278356904852,0.04198764069985724,-0.00045183473737841183,0.5943084375363095,0.593856602798931,-0.01668670410606245,0.03999657674078531,0.00023365290607596403,0.5949650953600668,0.5951987482661427,0.5905936937426696,0.0010776027989310988,1.0776027989310988,-0.0010539205370139301,-0.001991063959071932,0.0006854876434543759,0.0006566578237573374,1,0
disturbance_plus_noise,3.2800000000000002,-0.0003474081761828743,-0.053001986429318006,-0.0006246542055118652,0.5941191316097036,0.5934944774041918,0.002288579114814814,-0.05277702134765565,-0.000906310908258311,0.5932795339686803,0.592373223060422,0.5826631720689376,0.0007154774041918666,0.7154774041918666,0.0026359872909976884,0.00022496508166236118,-0.0002816567027464458,-0.0008395976410233693,1,0
disturbance_plus_noise,3.3000000000000003,-0.007864834524541205,-0.003510349379944089,-0.0006715795731518318,0.5935533881951796,0.5928818086220278,-0.004027231933584683,-0.003640455293614668,0.0011178900042659924,0.5936936177500057,0.5948115077542717,0.598491679661031,0.00010280862202782792,0.10280862202782792,0.003837602590956522,-0.0001301059136705789,0.0017894695774178242,0.0001402295548261884,1,0
disturbance_plus_noise,3.3200000000000003,0.0005807454114580801,-0.04444605609398833,-0.0007822183112432421,0.5930267761246918,0.5922445578134485,0.0003865506444485654,-0.042872664084907454,-0.0015564978432536915,0.5919854604962413,0.5904289626529876,0.5872518886895453,-0.0005344421865514093,-0.5344421865514093,-0.00019419476700951465,0.0015733920090808765,-0.0007742795320104494,-0.0010413156284504606,1,0
disturbance_plus_noise,3.34,-0.013519171559640405,0.05496431439408432,-0.000876881741580545,0.593210970147728,0.5923340884061474,-0.012603926782107274,0.056693216718230896,-0.0004570885900669773,0.593124222108886,0.5926671335188191,0.6053090070552887,-0.000444911593852515,-0.444911593852515,0.0009152447775331309,0.0017289023241465744,0.00041979315151356765,-8.674803884192237e-05,1,0
disturbance_plus_noise,3.36,-0.006831046788315459,0.02159449476136701,-0.0011049767291774102,0.593996151935208,0.5928911752060306,-0.006403931159617593,0.02138830800489734,-0.00015713721928136554,0.5936870350555051,0.5935298978362238,0.591433924295211,0.00011217520603068465,0.11217520603068465,0.00042711562869786617,-0.0002061867564696684,0.0009478395098960447,-0.00030911687970290846,1,0
disturbance_plus_noise,3.38,0.00025734786336292326,-0.021160775285039818,-0.0011421587092332321,0.593989961590015,0.5928478028807818,0.0026276049594081375,-0.021186974667186546,0.00020828029574114916,0.5938087143548956,0.5940169946506367,0.5889374406948319,6.880288078181529e-05,0.06880288078181529,0.0023702570960452145,-2.6199382146727346e-05,0.0013504390049743813,-0.00018124723511942195,1,0
disturbance_plus_noise,3.4,0.005436446959782615,-0.04221979317896805,-0.0010915424796794355,0.5933259279668504,0.5922343854871709,0.002961664438513542,-0.04419765385526356,-0.0011104125050953701,0.5915690188777843,0.590458606372689,0.589838419446342,-0.0005446145128290558,-0.5446145128290558,-0.0024747825212690726,-0.0019778606762955084,-1.8870025415934562e-05,-0.0017569090890659825,1,0
disturbance_plus_noise,3.42,-0.009474224255770028,0.05236428491470338,-0.0012027356965284364,0.5934445109629323,0.5922417752664039,-0.012552800795888852,0.05121438646763326,-0.0014961518493032933,0.592515150184928,0.5910189983356247,0.6050224024975311,-0.0005372247335960756,-0.5372247335960756,-0.0030785765401188238,-0.0011498984470701195,-0.0002934161527748568,-0.0009293607780043328,1,0
disturbance_plus_noise,3.44,-0.010344966981739406,0.06279775038717447,-0.0013887127437927928,0.5945540422780348,0.593165329534242,-0.01161667107567539,0.06115539122154987,-0.003103081255717175,0.5943771421562275,0.5912740609005104,0.5981548872877381,0.00038632953424200256,0.38632953424200256,-0.0012717040939359847,-0.0016423591656245986,-0.0017143685119243822,-0.00017690012180727422,1,0
disturbance_plus_noise,3.46,-0.006548730364586744,0.049054203534281374,-0.001609152960056545,0.5957268068769808,0.5941176539169242,-0.0051382618212135,0.047449668337934146,-0.002047310599294284,0.596480834088467,0.5944335234891727,0.5962752326041559,0.0013386539169242262,1.3386539169242262,0.0014104685433732435,-0.0016045351963472245,-0.0004381576392377391,0.0007540272114862623,1,0
disturbance_plus_noise,3.48,0.009118582072673494,-0.04025884536833101,-0.0014995239491946918,0.5957426238079171,0.5942430998587224,0.009046404683040778,-0.04036124462546128,-0.00028941986959142726,0.5965104525889635,0.5962210327193721,0.5853386696517862,0.001464099858722423,1.464099858722423,-7.217738963271614e-05,-0.00010239925713026759,0.0012101040796032646,0.0007678287810463978,1,0
disturbance_plus_noise,3.5,0.019977035956102864,-0.1077984739344305,-0.0012259566897798789,0.5941827074784191,0.5929567507886392,0.017829118964795672,-0.10623289690029253,-0.001222434048154797,0.5949987821339957,0.5937763480858409,0.583574267222425,0.00017775078863924154,0.17775078863924154,-0.002147916991307192,0.0015655770341379694,3.5226416250817434e-06,0.0008160746555766155,1,0
disturbance_plus_noise,3.52,0.009695538404722424,-0.04324932143018065,-0.0008415637762734625,0.592774652238926,0.5919330884626526,0.00915736871860984,-0.045077134594500454,-0.0017189857465610475,0.593215015924065,0.591496030177504,0.5977056474364394,-0.0008459115373473658,-0.8459115373473658,-0.000538169686112583,-0.0018278131643198088,-0.0008774219702875851,0.00044036368513898595,1,0
disturbance_plus_noise,3.54,-0.00391473398473941,0.03924167250725831,-0.0007064665490367198,0.5927800405976704,0.5920735740486337,-0.0047585517866618144,0.03992967052735494,-0.0004822025857428358,0.5916921777301763,0.5912099751444335,0.6025922764226792,-0.0007054259513662453,-0.7054259513662453,-0.0008438178019224042,0.0006879980200966298,0.00022426396329388405,-0.001087862867494024,1,0
disturbance_plus_noise,3.56,-0.005498424610078282,0.04720692779254568,-0.0008199391770291821,0.5936341761111907,0.5928142369341616,-0.005620658119801946,0.047933560870652495,-0.001750695479212376,0.5942706655365101,0.5925199700572977,0.5963145938759832,3.5236934161630984e-05,0.035236934161630984,-0.00012223350972366353,0.0007266330781068171,-0.000930756302183194,0.0006364894253193498,1,0
disturbance_plus_noise,3.58,0.0004157102796374322,0.012777790274353959,-0.0008572951213062491,0.5942534596060578,0.5933961644847515,0.0027200352751636796,0.013491143973647474,-0.0009826552864692843,0.5945928152300936,0.5936101599436243,0.591328059245487,0.0006171644847515756,0.6171644847515756,0.0023043249955262473,0.000713353699293516,-0.0001253601651630352,0.0003393556240357677,1,0
disturbance_plus_noise,3.6,0.007985148004310693,-0.029840045360232183,-0.0007721274073014747,0.5940370058786896,0.5932648784713881,0.008417041921938533,-0.033266815750559904,-0.002239724181134061,0.5917961730675776,0.5895564488864435,0.5887637914783433,0.0004858784713881459,0.4858784713881459,0.0004318939176278388,-0.003426770390327719,-0.0014675967738325866,-0.0022408328111119353,1,0
disturbance_plus_noise,3.62,-0.007142649072379725,0.06595731076645983,-0.0007839872560672565,0.5943703314678055,0.5935863442117383,-0.00619398827804213,0.06629479195789102,0.0004729580771868785,0.5958058835541273,0.5962788416313142,0.606656706054494,0.0008073442117383367,0.8073442117383367,0.0009486607943375948,0.00033748119143118686,0.001256945333254135,0.001435552086321878,1,0
disturbance_plus_noise,3.64,0.006535882254470019,-0.01184416563462444,-0.0007698676643539486,0.5948593535602987,0.5940894858959448,0.005857614509050881,-0.011961074270450206,-0.00061688778217331,0.5940443447345386,0.5934274569523653,0.5866567060539014,0.0013104858959448462,1.3104858959448462,-0.0006782677454191376,-0.00011690863582576644,0.0001529798821806386,-0.0008150088257601728,1,0
disturbance_plus_noise,3.66,0.010538363993873342,-0.03559001144767053,-0.0006212368622356245,0.594329345950601,0.5937081090883655,0.01130955249220694,-0.03752773733041772,-0.001067028369963184,0.5928217083345878,0.5917546799646246,0.5905424710199195,0.0009291090883655206,0.9291090883655206,0.0007711884983335993,-0.0019377258827471882,-0.00044579150772755955,-0.0015076376160132665,1,0
disturbance_plus_noise,3.68,0.0031646204004075196,0.008210860567371374,-0.000594037371179606,0.5941018056197004,0.5935077682485208,0.004484359736601201,0.007618947015609243,0.0011792819219663677,0.5923307851715789,0.5935100670935453,0.5988856849378046,0.0007287682485208613,0.7287682485208613,0.0013197393361936817,-0.0005919135517621314,0.0017733192931459736,-0.0017710204481214736,1,0
disturbance_plus_noise,3.7,0.008765958330696627,-0.02977180396888879,-0.0004180054912712064,0.593846972746715,0.5934289672554438,0.007751486677071205,-0.03207297864040989,0.0013422669013575194,0.5932000651708462,0.5945423320722037,0.588945711774899,0.0006499672554438618,0.6499672554438618,-0.0010144716536254227,-0.0023011746715210935,0.0017602723926287258,-0.0006469075758688434,1,0
disturbance_plus_noise,3.72,0.01385003531014287,-0.06014997725503271,-0.0002635748501716331,0.5929523824198342,0.5926888075696626,0.012412815104283069,-0.05946369319838665,0.00020271685282529956,0.5926963418925302,0.5928990587453554,0.5875941571647506,-9.019243033736579e-05,-0.09019243033736579,-0.001437220205859801,0.0006862840566460604,0.00046629170299693266,-0.0002560405273039582,1,0
disturbance_plus_noise,3.74,0.007202335552341272,-0.016535103685355258,-7.08335913223894e-05,0.5922358591253661,0.5921650255340437,0.009645644441565092,-0.013012883199804332,-0.00041784815116921567,0.594263594904727,0.5938457467535578,0.595852297117498,-0.0006139744659562352,-0.6139744659562352,0.0024433088892238186,0.003522220485550925,-0.00034701455984682627,0.0020277357793609336,1,0
disturbance_plus_noise,3.7600000000000002,0.0077142053420025235,-0.025047822963857727,0.0001166146511358952,0.5917644440769247,0.5918810587280606,0.011070382792830201,-0.028934991276686726,6.836151783926877e-05,0.5923582544436794,0.5924266159615187,0.5900761460405788,-0.0008979412719393176,-0.8979412719393176,0.0033561774508276774,-0.0038871683128289983,-4.8253133296626416e-05,0.0005938103667546016,1,0
disturbance_plus_noise,3.7800000000000002,0.0014384308662074646,0.005969779817381395,0.00013767154724035117,0.5916002460286675,0.5917379175759078,0.0017720816078864545,0.006327195793672153,0.000932897524422628,0.5923728597594804,0.593305757283903,0.5948180703942408,-0.0010410824240921768,-1.0410824240921768,0.00033365074167898993,0.0003574159762907579,0.0007952259771822768,0.0007726137308129756,1,0
disturbance_plus_noise,3.8000000000000003,0.003266041432888567,-0.009457466558868833,0.00019310882410773227,0.5914730423784161,0.5916661512025239,0.005827089328943661,-0.009940947123554256,0.002503372297733621,0.5919902548566741,0.5944936271544078,0.5896939994338309,-0.0011128487974760848,-1.1128487974760848,0.0025610478960550937,-0.00048348056468542293,0.002310263473625889,0.0005172124782580333,1,0
disturbance_plus_noise,3.8200000000000003,0.009249952728807178,-0.05062684702146883,0.00039019747197560715,0.5906759224235502,0.5910661198955258,0.008247938362055146,-0.04647829930933995,0.0002679213844861755,0.5913070826599048,0.591575004044391,0.5848432949097561,-0.0017128801044741238,-1.7128801044741238,-0.001002014366752033,0.00414854771212888,-0.00012227608748943163,0.000631160236354679,1,0
disturbance_plus_noise,3.84,-0.0036905496337897585,0.024743669704899655,0.0003932890945962244,0.5904626198201541,0.5908559089147504,-0.001279120217330374,0.024638911967170687,0.0004780975953316556,0.5916469403384347,0.5921250379337664,0.5988795425638573,-0.001923091085249573,-1.923091085249573,0.0024114294164593844,-0.00010475773772896936,8.480850073543118e-05,0.0011843205182805545,1,0
disturbance_plus_noise,3.86,-0.0045699234211506535,0.032893233604764816,0.00026053786229005883,0.5909950152013576,0.5912555530636476,-0.004219108778398818,0.0328675371395268,0.001973771316091928,0.5941490521014149,0.5961228234175068,0.5930619982127702,-0.0015234469363523129,-1.5234469363523129,0.0003508146427518354,-2.56964652380157e-05,0.001713233453801869,0.003154036900057349,1,0
disturbance_plus_noise,3.88,0.013080552630220496,-0.07064567481178671,0.00033525443326040254,0.5904634042812003,0.5907986587144607,0.013572001526522772,-0.07017298661782853,0.0012531488195732495,0.5894837541110782,0.5907369029306515,0.5774949867768505,-0.0019803412855392555,-1.9803412855392555,0.0004914488963022751,0.00047268819395818537,0.000917894386312847,-0.0009796501701220595,1,0
disturbance_plus_noise,3.9,0.00017038141252341763,0.004377863564324255,0.0005065971772910566,0.5897673254572219,0.590273922634513,0.0027264380011998214,0.004355429571593862,0.00040691311404099525,0.5884837970036823,0.5888907101177232,0.5974949867772055,-0.0025050773654869962,-2.505077365486996,0.0025560565886764038,-2.243399273039289e-05,-9.968406325006137e-05,-0.0012835284535396166,1,0
disturbance_plus_noise,3.92,-0.016636244198764184,0.1050114780168715,0.0003114295549709186,0.5909484398892692,0.59125986944424,-0.019127345042193183,0.10482096925745282,-0.0007118165651294522,0.5889807925818172,0.5882689760166878,0.6049374752569796,-0.0015191305557599177,-1.5191305557599177,-0.002491100843428999,-0.00019050875941866599,-0.0010232461201003708,-0.001967647307451861,1,0
disturbance_plus_noise,3.94,-0.021837397430471146,0.13596908575079578,-6.153673915217236e-05,0.5934155630199553,0.5933540262808031,-0.019230609829821242,0.13651413147195507,-6.189845800918746e-05,0.5928415901994907,0.5927796917414815,0.6016516395340333,0.0005750262808031925,0.5750262808031925,0.002606787600649905,0.0005450457211592907,-3.617188570150969e-07,-0.0005739728204647166,1,0
disturbance_plus_noise,3.96,-2.9029099075287927e-05,0.009944228763945427,-0.0003686426458630632,0.5948061182045151,0.594437475558652,-0.0001993044600020259,0.00957417622005501,0.0023575819751711735,0.5953878716709077,0.5977454536460789,0.5825559380475761,0.0016584755586520616,1.6584755586520616,-0.00017027536092673796,-0.00037005254389041746,0.002726224621034237,0.0005817534663925181,1,0
disturbance_plus_noise,3.98,0.02608566880981758,-0.1464600573916072,-0.00011422449763451829,0.5933242142301649,0.5932099897325304,0.02654828765209151,-0.14594834274469423,-0.0008847340960426899,0.5936250397926113,0.5927403056965685,0.5720698283697979,0.00043098973253041795,0.43098973253041795,0.0004626188422739274,0.0005117146469129647,-0.0007705095984081717,0.00030082556244639605,1,0
disturbance_plus_noise,4.0,0.016798877762945832,-0.09837507780615486,0.00026262640597329314,0.5908565957364108,0.5911192221423841,0.016542404218989355,-0.10112225189003973,-0.0013799607671172924,0.5897870804448481,0.5884071196777307,0.5920698283701614,-0.0016597778576158406,-1.6597778576158406,-0.0002564735439564775,-0.002747174083884883,-0.0016425871730905855,-0.0010695152915627538,1,0
disturbance_plus_noise,4.0200000000000005,-0.01390752986057348,0.08335765681997102,0.000293709971445284,0.5907005127126937,0.590994222684139,-0.015128669661415527,0.08348971225506127,0.001280006572944613,0.5905209842481524,0.5918009908210969,0.6120698283707352,-0.0017847773158609082,-1.7847773158609082,-0.0012211398008420476,0.00013205543509024078,0.000986296601499329,-0.00017952846454133818,1,0
disturbance_plus_noise,4.04,-0.00879837138208514,0.05983418913313426,0.0001588047140170881,0.592121137085063,0.5922799417990801,-0.009031465760070193,0.060507625926849294,-0.00041503251742055006,0.5909803774746378,0.5905653449572172,0.5920698283706806,-0.0004990582009198885,-0.4990582009198885,-0.00023309437798505226,0.0006734367937150339,-0.0005738372314376382,-0.001140759610425143,1,0
disturbance_plus_noise,4.0600000000000005,-0.007698990418128854,0.056383566923482835,6.733482311150117e-05,0.5933392472654299,0.5934065820885414,-0.008984350146063223,0.05747043612819638,-0.0007768106454971287,0.5916469460691067,0.5908701354236096,0.5950456562237478,0.0006275820885414118,0.6275820885414118,-0.0012853597279343693,0.0010868692047135428,-0.0008441454686086299,-0.0016923011963230772,1,0
disturbance_plus_noise,4.08,-0.005958622288336696,0.04645080179001627,-0.00010826068826621821,0.5944229872507022,0.594314726562436,-0.006257814811998519,0.04436629514695621,-0.0007190559198365209,0.5945605882920224,0.5938415323721858,0.5951663870954124,0.0015357265624360572,1.5357265624360572,-0.0002991925236618229,-0.00208450664306006,-0.0006107952315703027,0.00013760104132019818,1,0
disturbance_plus_noise,4.1,0.004884373145187849,-0.02467488638532846,-9.483440941847692e-05,0.5946116675442841,0.5945168331348656,0.007294085025752432,-0.022353783457813615,-0.0006792474275748697,0.5956081998451266,0.5949289524175517,0.5865007899687,0.0017378331348656406,1.7378331348656406,0.0024097118805645836,0.0023211029275148447,-0.0005844130181563928,0.0009965323008425337,1,0
disturbance_plus_noise,4.12,0.011933606834388568,-0.06952389667786477,7.363163577939087e-05,0.5936196060296203,0.5936932376653996,0.012674197108334758,-0.07135170539309632,-0.0008699276312562593,0.5938279424909076,0.5929580148596514,0.5865998664903334,0.0009142376653996642,0.9142376653996642,0.0007405902739461894,-0.0018278087152315595,-0.0009435592670356502,0.0002083364612874189,1,0
disturbance_plus_noise,4.14,0.0021201060104374474,-0.015831086211135686,0.00017437791326742352,0.5928051617574641,0.5929795396707316,0.002331814648074182,-0.016917030321501915,-0.0028145160969666066,0.5933732311999825,0.5905587151030159,0.5976101693344202,0.00020053967073163648,0.20053967073163648,0.00021170863763673463,-0.0010859441103662298,-0.00298889401023403,0.0005680694425184095,1,0
disturbance_plus_noise,4.16,-0.012429683175194705,0.06913762469906162,3.3650475118137255e-05,0.5933047390867597,0.5933383895618779,-0.011631279170259136,0.06782760456506724,-0.00018674963232961128,0.5932880692426173,0.5931013196102878,0.604526009355364,0.0005593895618779543,0.5593895618779543,0.0007984040049355683,-0.0013100201339943857,-0.00022040010744774852,-1.6669844142446975e-05,1,0
disturbance_plus_noise,4.18,-0.000936748215459082,0.008388924412748725,-0.00012770536110593876,0.5940141085426107,0.5938864031815048,-0.0018031995731050449,0.00868308428269063,-0.0005246587683991451,0.5940540869778241,0.593529428209425,0.5883241875779152,0.001107403181504818,1.107403181504818,-0.0008664513576459628,0.00029415986994190513,-0.00039695340729320634,3.997843521338588e-05,1,0
disturbance_plus_noise,4.2,0.004712147755676771,-0.026201091550451486,-9.938431990821138e-05,0.5939293001978649,0.5938299158779567,0.0028859869584555147,-0.026368950574279525,-0.001168782907385071,0.5944868171907329,0.5933180342833478,0.5893771292633474,0.001050915877956804,1.050915877956804,-0.0018261607972212563,-0.00016785902382803868,-0.0010693985874768597,0.0005575169928679894,1,0
disturbance_plus_noise,4.22,0.0033030991827978575,-0.016919105974518237,-7.615674149782384e-05,0.5935308531010007,0.5934546963595029,0.005619495613330439,-0.02033881807847969,-0.0009538572883179963,0.593307081891758,0.59235322460344,0.593814396799074,0.0006756963595029308,0.6756963595029308,0.002316396430532582,-0.0034197121039614524,-0.0008777005468201725,-0.00022377120924276263,1,0
disturbance_plus_noise,4.24,-0.0011039703978894429,0.009073338533949772,-2.716029900853029e-05,0.5934490688290208,0.5934219085300123,-0.001343439533906349,0.010279567094068675,-0.00039452135668386544,0.5948676741394102,0.5944731527827264,0.5964269185087052,0.0006429085300123649,0.6429085300123649,-0.00023946913601690593,0.0012062285601189035,-0.0003673610576753351,0.0014186053103893584,1,0
disturbance_plus_noise,4.26,0.0063098861340023646,-0.0351469639359497,4.720212908437039e-05,0.5931915168881805,0.5932387190172649,0.006592835949279743,-0.03461528198286213,0.0006210861556297483,0.5928890246627893,0.593510110818419,0.5873144478475215,0.0004597190172649368,0.4597190172649368,0.0002829498152773789,0.0005316819530875726,0.000573884026545378,-0.0003024922253912446,1,0
disturbance_plus_noise,4.28,0.0062112994089803895,-0.03160501716075665,0.00023358666556508176,0.5925113356360752,0.5927449223016402,0.008372330520700414,-0.030245681626878733,0.0016762541998213486,0.5956359747964558,0.5973122289962771,0.5917089072395756,-3.407769835972463e-05,-0.03407769835972463,0.0021610311117200237,0.0013593355338779175,0.0014426675342562667,0.0031246391603806235,1,0
disturbance_plus_noise,4.3,0.020353764813301617,-0.11317507767163211,0.0005154238295920916,0.5909632267659063,0.5914786505954984,0.021226015684330597,-0.1152134416330552,0.0011280970228229087,0.5897306725257966,0.5908587695486195,0.5785116182410049,-0.0013003494045015218,-1.3003494045015218,0.0008722508710289787,-0.0020383639614230905,0.000612673193230817,-0.001232554240109714,1,0
disturbance_plus_noise,4.32,0.0044099558494604734,-0.01804397504800387,0.0006932867845619504,0.5896789436928344,0.5903722304773963,0.00493179042179646,-0.020059679117297644,0.0024352922220771166,0.5902037916723221,0.5926390838943992,0.5985116182414306,-0.002406769522603658,-2.406769522603658,0.0005218345723359863,-0.0020157040692937753,0.001742005437515166,0.0005248479794876833,1,0
disturbance_plus_noise,4.34,-0.0019888986482268557,0.015271123282005075,0.0007306481047752461,0.5897039131531229,0.5904345612578982,-0.0003568024443016944,0.015201564687487342,-8.188406124669235e-05,0.590591030569837,0.5905091465085903,0.5936036395546245,-0.002344438742101773,-2.344438742101773,0.0016320962039251612,-6.955859451773187e-05,-0.0008125321660219384,0.0008871174167140551,1,0
disturbance_plus_noise,4.36,-0.01139168110673994,0.07009234789444141,0.0005905473221441019,0.5906037138561524,0.5911942611782965,-0.012255122659388096,0.07156105147437819,-0.002013625617521768,0.5913746534803958,0.589361027862874,0.5987527617394615,-0.001584738821703402,-1.584738821703402,-0.0008634415526481552,0.0014687035799367755,-0.00260417293966587,0.0007709396242433455,1,0
disturbance_plus_noise,4.38,-0.018037146682255773,0.11043100131838643,0.000268775739276168,0.5924792816837142,0.5927480574229904,-0.020504000606845617,0.11018711607205722,0.0012393063279096386,0.5932404961972843,0.5944798025251938,0.6006648467733655,-3.0942577009529515e-05,-0.030942577009529515,-0.0024668539245898454,-0.000243885246329204,0.0009705305886334707,0.0007612145135700804,1,0
disturbance_plus_noise,4.4,0.001984696817555456,-0.012203420456786187,5.176075716154888e-05,0.5933259630463674,0.5933777238035289,0.0036198754636223426,-0.010384641470608504,-0.0012029869568273102,0.5951969932511295,0.5939940062943022,0.5806648467730535,0.0005987238035289888,0.5987238035289888,0.0016351786460668866,0.0018187789861776825,-0.001254747713988859,0.0018710302047620722,1,0
disturbance_plus_noise,4.42,0.007156358843103118,-0.040428463903648626,0.00011975250171254422,0.5927436500313972,0.5928634025331098,0.008768631161304215,-0.03935734151946531,-0.001357271627671043,0.5929735303538632,0.5916162587261922,0.5883658946967242,8.440253310981749e-05,0.08440253310981749,0.001612272318201097,0.0010711223841833204,-0.0014770241293835871,0.000229880322466092,1,0
disturbance_plus_noise,4.44,-0.003444218895225404,0.023520354010168856,0.0001059222770981094,0.5925906103454616,0.5926965326225597,-0.0038151127269613035,0.023137895479177786,-0.0004947932559485012,0.5939392581844377,0.5934444649284892,0.5998014147041192,-8.24673774402207e-05,-0.0824673774402207,-0.0003708938317358995,-0.00038245853099107014,-0.0006007155330466106,0.0013486478389761391,1,0
disturbance_plus_noise,4.46,0.00020868583721708847,-0.0013022828362238606,3.1597596221983455e-05,0.5927881151699353,0.5928197127661573,0.002289592948903278,-0.0009448061157575199,0.0007728328601510041,0.5933736624295823,0.5941464952897333,0.5902861853680814,4.071276615735808e-05,0.04071276615735808,0.0020809071116861897,0.0003574767204663408,0.0007412352639290207,0.0005855472596469383,1,0
disturbance_plus_noise,4.48,0.006260824452954451,-0.040198141164995906,0.00011264428748079286,0.5923488982338289,0.5924615425213097,0.005756893449315802,-0.04111993759248766,-0.00011544661892555931,0.5916328756442325,0.5915174290253069,0.587051669179851,-0.0003174574786902751,-0.3174574786902751,-0.000503931003638648,-0.00092179642749175,-0.00022809090640635218,-0.0007160225895963623,1,0
disturbance_plus_noise,4.5,-0.004933244422245127,0.023585233629977803,0.00013312279092914727,0.592311361170979,0.5924444839619082,-0.003691520124445239,0.019792074753382904,0.0002796053502823514,0.592837965670275,0.5931175710205574,0.5995532613404413,-0.0003345160380917589,-0.3345160380917589,0.0012417242977998877,-0.0037931588765948996,0.00014648255935320413,0.0005266044992959345,1,0
disturbance_plus_noise,4.5200000000000005,-0.0014567960084798676,0.005448949383898126,-1.1084827797296792e-05,0.5926392761408228,0.5926281913130255,-0.0023257069620894544,0.009186097483978948,-0.0011521697241923439,0.5946450218370098,0.5934928521128175,0.5910170745513496,-0.00015080868697447958,-0.15080868697447958,-0.0008689109536095867,0.0037371481000808226,-0.001141084896395047,0.0020057456961870227,1,0
disturbance_plus_noise,4.54,0.0007406394056239862,-0.010230154607702721,2.2766792315895234e-06,0.5926205605099137,0.5926228371891453,0.0020368037472840383,-0.007891944035415587,0.0004198987064105647,0.5935587924727875,0.5939786911791981,0.5904794887793958,-0.00015616281085462091,-0.15616281085462091,0.001296164341660052,0.002338210572287134,0.00041762202717897514,0.000938231962873824,1,0
disturbance_plus_noise,4.5600000000000005,0.0038138487013832613,-0.032579439825619144,-3.57238494742215e-07,0.5921733373378435,0.5921729800993487,0.004473833270041961,-0.03256756486444745,0.0011857594525055222,0.5931211645964876,0.5943069240489931,0.5887034597763955,-0.0006060199006512335,-0.6060199006512335,0.0006599845686586994,1.1874961171694689e-05,0.0011861166910002645,0.0009478272586440704,1,0
disturbance_plus_noise,4.58,0.005401489922878323,-0.04066934137915619,0.00017097785798306228,0.5913855285674319,0.5915565064254149,0.0048876346082657954,-0.04034068974515679,-0.0006887599558701172,0.5909867729458178,0.5902980129899477,0.5890071240220015,-0.0012224935745850374,-1.2224935745850374,-0.0005138553146125277,0.00032865163399940106,-0.0008597378138531795,-0.00039875562161407926,1,0
disturbance_plus_noise,4.6000000000000005,-0.012427126519936308,0.061708567292696505,0.00016665697088084805,0.5916643478763332,0.591831004847214,-0.0161109903370993,0.06231857680957579,-0.0001675287995116894,0.5897672792879814,0.5895997504884698,0.604346384558803,-0.0009479951527859853,-0.9479951527859853,-0.003683863817162992,0.0006100095168792844,-0.00033418577039253744,-0.0018970685883517207,1,0
disturbance_plus_noise,4.62,-0.018489032818806667,0.09964275789245983,-0.00013513847989938418,0.5932990425245064,0.593163904044607,-0.016189910979523475,0.09922255331768037,0.0022347645321988806,0.5943033700948388,0.5965381346270376,0.6009172764436852,0.000384904044607004,0.384904044607004,0.002299121839283194,-0.00042020457477945475,0.0023699030120982647,0.0010043275703323917,1,0
disturbance_plus_noise,4.64,0.003114074073052873,-0.021866195495485394,-0.0003424857360204237,0.5940658733893527,0.5937233876533322,0.008514442089975585,-0.018257498791005564,7.454656853051855e-05,0.5930859550960088,0.5931605016645394,0.580917276443064,0.0009443876533322682,0.9443876533322682,0.005400368016922712,0.003608696704479829,0.00041703230455094226,-0.000979918293343922,1,0
disturbance_plus_noise,4.66,0.006699551589719752,-0.04001207081065987,-0.00023031540086831882,0.5934770085687934,0.5932466931679251,0.009142919058723614,-0.04153077577994363,0.0007942760048649064,0.5940619599112161,0.594856235916081,0.5901594238899274,0.000467693167925165,0.467693167925165,0.0024433674690038615,-0.0015187049692837599,0.0010245914057332253,0.0005849513424227821,1,0
disturbance_plus_noise,4.68,0.009850051850344403,-0.0612634629666398,-3.612223650256412e-05,0.5925254745887237,0.5924893523522212,0.009208188213065056,-0.05932333980419355,-0.0008038962407669563,0.5920554942061438,0.5912515979653769,0.5880280624870222,-0.00028964764777872354,-0.28964764777872354,-0.0006418636372793474,0.0019401231624462513,-0.0007677740042643922,-0.00046998038257999714,1,0
disturbance_plus_noise,4.7,-0.005426866408942781,0.02996668828298055,-6.981535167269366e-06,0.592233911464453,0.5922269299292857,-0.006594674649345473,0.029198084404479928,0.0006855391569675999,0.5926166493665136,0.5933021885234812,0.6025641737580503,-0.0005520700707142279,-0.5520700707142279,-0.0011678082404026915,-0.0007686038785006229,0.0006925206921348693,0.0003827379020606001,1,0
disturbance_plus_noise,4.72,-0.0004424683371684867,0.004008429283485056,-6.918664247966867e-05,0.5925236500118847,0.592454463369405,-0.0018600491835649544,0.007306672380827847,0.0008395991001284363,0.5940731436252507,0.5949127427253791,0.5900251053040392,-0.0003245366305949515,-0.3245366305949515,-0.0014175808463964678,0.0032982430973427907,0.000908785742608105,0.0015494936133659965,1,0
disturbance_plus_noise,4.74,0.009535190616443088,-0.05335800888056242,5.163603848390858e-05,0.5919936259287201,0.592045261967204,0.014020663140235728,-0.052129156891553306,0.0016806666199654528,0.5921651259441425,0.593845792564108,0.5842257494029528,-0.0007337380327959719,-0.7337380327959719,0.004485472523792641,0.001228851989009117,0.0016290305814815442,0.0001715000154224086,1,0
disturbance_plus_noise,4.76,0.008524457598808315,-0.045828894219388405,0.0001990202342107349,0.5910597122912309,0.5912587325254416,0.007256444577512362,-0.046254745088518213,0.0010383318324561277,0.5915260039697493,0.5925643358022055,0.5899826351732301,-0.0015202674745583566,-1.5202674745583566,-0.0012680130212959528,-0.0004258508691298075,0.0008393115982453927,0.00046629167851838164,1,0
disturbance_plus_noise,4.78,-0.0005449104454872561,0.0056533744498441715,0.00034473895051361273,0.5906540996319605,0.590998838582474,-0.005499868665851636,0.007873111451054158,-0.0001103854683920509,0.5904017165339369,0.5902913310655449,0.5960308424284528,-0.001780161417525905,-1.780161417525905,-0.004954958220364379,0.0022197370012099872,-0.00045512441890566363,-0.0002523830980235457,1,0
disturbance_plus_noise,4.8,-0.011819126999307454,0.0761509481594752,0.00019739966581256365,0.5915919855993251,0.5917893852651377,-0.010438663700048088,0.07613294910123769,-0.0005874791051001222,0.5906747553513687,0.5900872762462686,0.6014756285492047,-0.0009896147348622542,-0.9896147348622542,0.001380463299259366,-1.7999058237513697e-05,-0.0007848787709126858,-0.000917230247956412,1,0
disturbance_plus_noise,4.82,-0.011808306463277761,0.08208197029834233,-9.41222198466898e-05,0.5932118188974583,0.5931176966776116,-0.01594724385378035,0.08346361688137531,0.0002130114494743022,0.5925019403745106,0.5927149518239849,0.5968287105854025,0.00033869667761166067,0.33869667761166067,-0.0041389373905025865,0.0013816465830329833,0.000307133669320992,-0.0007098785229477348,1,0
disturbance_plus_noise,4.84,0.0014216609673202414,0.008290173453532194,-0.00021290799437767368,0.5940603824384909,0.5938474744441132,0.0008485283898798659,0.009945685235614524,0.0004103166039423628,0.5936195277713731,0.5940298443753155,0.5869572217799202,0.0010684744441132876,1.0684744441132876,-0.0005731325774403755,0.0016555117820823305,0.0006232245983200364,-0.0004408546671178359,1,0
disturbance_plus_noise,4.86,0.009964714558438621,-0.04770574331543776,-6.685755558419485e-05,0.593582890168205,0.5935160326126208,0.008380993944964044,-0.048074101326214716,0.00022640991148192412,0.5942037841434908,0.5944301940549728,0.5862202253551957,0.0007370326126208138,0.7370326126208138,-0.0015837206134745774,-0.0003683580107769539,0.00029326746706611896,0.0006208939752858409,1,0
disturbance_plus_noise,4.88,0.010888887909923864,-0.05375214446181745,0.00018985614583770117,0.5925770101287078,0.5927668662745454,0.009748173016168626,-0.05215195508212434,-0.0018673714158057796,0.5906889629395465,0.5888215915237408,0.5900408983985052,-1.2133725454499533e-05,-0.012133725454499533,-0.0011407148937552373,0.0016001893796931043,-0.002057227561643481,-0.0018880471891612944,1,0
disturbance_plus_noise,4.9,-0.011291012360322481,0.08401284605475033,0.00016759363535104603,0.5929259287297459,0.5930935223650969,-0.012316853531414899,0.08186074592283571,0.0011325779119589732,0.5908582367266093,0.5919908146385683,0.6100408983989417,0.00031452236509699194,0.31452236509699194,-0.0010258411710924182,-0.0021521001319146174,0.0009649842766079273,-0.002067692003136662,1,0
disturbance_plus_noise,4.92,-0.0027969766276713195,0.03369397239053044,-2.596504495862955e-05,0.5941291758303535,0.5941032107853949,-0.004767117061822828,0.0333334102540369,0.0003808411053909767,0.5941456781837708,0.5945265192891618,0.5903584184235958,0.001324210785394908,1.324210785394908,-0.001970140434151508,-0.0003605621364935303,0.00040680615034960625,1.650235341728524e-05,1,0
disturbance_plus_noise,4.94,0.011317145328681388,-0.04988134714213043,7.711937103459966e-05,0.5938848737733256,0.5939619931443602,0.01108838352105032,-0.05082516690406778,0.0009977414530893272,0.593127511208673,0.5941252526617623,0.5835482727524854,0.0011829931443602115,1.1829931443602115,-0.00022876180763106924,-0.0009438197619373477,0.0009206220820547276,-0.0007573625646525851,1,0
disturbance_plus_noise,4.96,0.012095882983995295,-0.05712877236410482,0.0002756474085578176,0.5927116535511435,0.5929873009597013,0.01368586254835473,-0.057030073190432004,0.00012883738648287102,0.5926467999267024,0.5927756373131853,0.5898347140813215,0.00020830095970136853,0.20830095970136853,0.0015899795643594342,9.86991736728098e-05,-0.00014681002207494657,-6.485362444108842e-05,1,0
disturbance_plus_noise,4.98,0.0038956105398277982,-0.010800233031860161,0.0004235314526348034,0.5920178204893097,0.5924413519419446,0.004807157905096659,-0.009483346448548702,-0.0002660703610262264,0.5900457713804289,0.5897797010194027,0.5962235455529467,-0.000337648058055362,-0.337648058055362,0.0009115473652688611,0.0013168865833114605,-0.0006896018136610298,-0.0019720491088808315,1,0
disturbance_plus_noise,5.0,-0.009411270495361826,0.0717081133985046,0.0003884403718215904,0.5926620741172465,0.5930505144890681,-0.007155665981518906,0.07253424145825625,4.422017234116779e-05,0.5918945680915734,0.5919387882639146,0.603562424768085,0.00027151448906814757,0.27151448906814757,0.0022556045138429188,0.000826128059751651,-0.0003442201994804226,-0.0007675060256730554,1,0
