Kb,Kr,Mb,hb,hr,f0,f1,A,x_r_start,peak_y,max_xr,max_xb,extra_reach,constraint_violation
709.7568641823358,2695.51937739032,23.419491003180685,0.11776182328875183,0.22764738822436706,0.24769294487111748,1.0803832750098648,0.10243617128011014,0.3957650204532006,0.5972929751093102,0.5079317752410552,0.16331296295480122,0.09729297510931023,0.00793177524105515
1345.4801430758516,4413.674339011161,12.49387588497328,0.06507050514712197,0.3092919716046979,0.3614841442195298,2.7868502989770514,0.10560362963707373,0.3609806743176161,0.7793223262402886,0.4893965965729531,0.40059217306598865,0.27932232624028863,0.0
1445.6011664951732,3176.977370618359,12.944211109379573,0.11939731120078857,0.35520962310170956,0.4000767439596411,2.0340783100628577,0.11204925525416198,0.3546274055642591,0.6714304737914472,0.49187956762100415,0.25858866672791936,0.17143047379144716,0.0
1340.3623422290889,4912.974830464655,18.384361649856615,0.09235966903320278,0.38182893068686197,0.3314560833239375,1.3106693628463089,0.11056346240318143,0.37939351122580844,0.6731277407736607,0.5027148965281422,0.2595002470065322,0.17312774077366067,0.0027148965281421633
884.2706085957553,2439.9528733417446,10.317514052609063,0.1029051784235298,0.18862496602946968,0.2758264442607452,3.468810468001852,0.11856175181769482,0.352902197363652,0.750683708514686,0.555436954407412,0.36835389018049797,0.250683708514686,0.05543695440741203
1123.5830103249991,3745.7488988853916,12.724186201959835,0.11562538478512387,0.1143101510215845,0.3075921806449794,2.7537121874754527,0.10054984094453533,0.3949682443543487,0.6883482041384286,0.5456522503870017,0.26781636123195346,0.18834820413842857,0.045652250387001714
1185.8988358879506,4921.67409050085,23.729122441317287,0.05459474268733548,0.18267811771799342,0.19344357043506444,1.0425025662484848,0.1061620594839498,0.3690361592428061,0.7000891528605105,0.4887162372848685,0.32366429755497866,0.20008915286051054,0.0
744.7500795179236,2536.0224324075652,22.299444117802004,0.07899524240804706,0.3487195909320744,0.3362814338377437,3.3228233695991722,0.117575717929846,0.3687067404046684,0.6041494481518267,0.5176012586870509,0.223950539193497,0.1041494481518267,0.01760125868705087
1076.7885453600104,3841.6236916400344,20.548241233168106,0.07829302188635962,0.343477415516824,0.29848273718739693,1.9478508483978287,0.11083485989336388,0.3814995091638902,0.6613393725379926,0.5054889882347248,0.26483505148984365,0.16133937253799258,0.005488988234724768
1272.3246947064722,2456.2141401738418,24.262750299058528,0.05019782453870872,0.2517595204053971,0.2586955557470208,1.463405627106328,0.10130511158555368,0.3993885392457825,0.724779735574075,0.5252433151886549,0.3037464462214363,0.22477973557407505,0.025243315188654858
1004.2505171859818,1623.6734123446552,10.158617870574723,0.09220665126360951,0.11566968989556702,0.1790857835022926,3.2592423062349036,0.09320633635256059,0.3795684061035427,0.7701091855410815,0.6010047024107832,0.32141436622601943,0.27010918554108154,0.10100470241078319
1109.2929404511835,4862.571043550053,18.8892798436662,0.1131331636341514,0.3233228483642748,0.1365397936753548,3.371797450315837,0.10975344603251941,0.3828948499148258,0.606974720329467,0.5252332186432719,0.20302561627717605,0.10697472032946698,0.025233218643271882
1068.4158687818908,4789.130526194594,21.581496125664472,0.058715795516980876,0.4323578153556673,0.35303260416125715,1.798146744174162,0.09668357224562595,0.35869894652734846,0.6272766627605056,0.46303403208688604,0.27073547303981976,0.12727666276050564,0.0
1247.2737127997445,4960.627081888137,24.49262614286435,0.09142126873168957,0.3773496350574833,0.29618700258009445,3.2765587037575368,0.11519238511036253,0.39932124796237073,0.6206133031162431,0.5391189236006785,0.2013497050084286,0.12061330311624308,0.03911892360067848
719.3839415706003,3171.1220543884165,24.393198881170974,0.11262898588952319,0.3569560460324712,0.13986521096342827,1.7838562277328887,0.09858907908845681,0.37875375841175307,0.5563023635303205,0.49147055710249116,0.14999510788887238,0.056302363530320476,0.0
1129.7001427544478,4352.299701718492,18.07545957414521,0.09036567544726595,0.2363454389023701,0.1507982275782715,3.454598061418051,0.09925726421478898,0.37848794355021903,0.6114817475504118,0.5396347853498062,0.2285440637709926,0.11148174755041185,0.039634785349806245
746.4276785630278,3566.2560714057545,20.452614398584696,0.0598629143286249,0.2096442178520487,0.3477327385982093,2.1349235337515378,0.11493254131574344,0.3773617241650928,0.6796269891048341,0.5299154531686027,0.3168801729625476,0.1796269891048341,0.029915453168602668
1402.3130451570755,3870.3632234424276,17.55181299508441,0.11749561714483181,0.13312918608961177,0.1356284166906268,2.070270716945287,0.10934325471730405,0.35684169678885264,0.6270597661487584,0.49075723937237103,0.22807283539174056,0.12705976614875836,0.0
1398.2771344442156,1802.5856432478818,18.37204808274417,0.08152806415767339,0.342031741866589,0.41105482814956296,1.513801907230069,0.11497906081050385,0.36015474852452417,0.7065144022417362,0.5131928298258717,0.2686346176868253,0.20651440224173623,0.013192829825871666
1283.1297736038368,3993.996248760016,13.440154246216556,0.08420612146728954,0.27648224118559195,0.4087632518032327,3.8460900546145336,0.11301925593708792,0.35666988409210243,0.7074838659450764,0.5111305434412442,0.33146390645638496,0.2074838659450764,0.0111305434412442
1341.932162603438,1609.5557602575857,19.51145300392666,0.09547146835223613,0.3747013925732938,0.422725455446483,2.8836775122574942,0.10788431797814789,0.39375097142849025,0.6546566240362759,0.5280872909277121,0.20432028735519386,0.1546566240362759,0.028087290927712116
862.1325895578731,2524.0923461076777,24.126985031751556,0.10007449225586727,0.24299863544886693,0.22456012525020586,3.82393748213136,0.10524671805917496,0.3769100154984103,0.5684948905977437,0.557416026215464,0.16568613474440866,0.06849489059774372,0.057416026215464044
1361.1506805959698,1515.928797942346,20.880565651241604,0.09348988863230713,0.32025395374414234,0.21581608702126504,2.6834515700393036,0.10724114945486633,0.3604776641010519,0.6245719637911411,0.49907730594082583,0.204965359870254,0.1245719637911411,0.0
1356.19686082504,4055.034578397503,24.315733143865895,0.06067946239397758,0.10330459001036343,0.25378682742208336,1.521564132527626,0.11351323368429794,0.39797358020089085,0.7271167862945789,0.5311891026909966,0.31389011648144205,0.22711678629457888,0.031189102690996617
1238.473306552126,4360.039431651381,15.389015225065853,0.1036764322178495,0.1872612217696777,0.19740049957925768,2.686369306800874,0.09420071090548597,0.3538778031810943,0.6054054052400932,0.48217879889518955,0.2311590830707966,0.10540540524009323,0.0
1046.729800814906,2916.551560034499,21.669678507798807,0.09417682359512577,0.23334653147897366,0.15839198272345154,3.1801374511502107,0.11172448938852124,0.35110860464355376,0.587646202631908,0.5455437141135856,0.21731157994470776,0.08764620263190803,0.0455437141135856
1165.829841367211,2544.9802255994355,23.772305461793046,0.08446780460330594,0.3124451411793472,0.34221503418176474,3.3761626902357964,0.10610093999826108,0.38449764134867814,0.6080355820719829,0.5300355683807699,0.20112250459366157,0.10803558207198294,0.030035568380769928
1097.1918696833409,3861.6055794913555,10.21047795465438,0.06464973565033849,0.412629257844218,0.3162538098448544,1.2380461987282727,0.09632470643903897,0.38693702175899086,0.8462410820732161,0.5063830470802727,0.42213026434322914,0.34624108207321613,0.006383047080272708
1223.3479683962491,1769.3499223897065,17.161488296489168,0.11085832862646491,0.12927984646948518,0.2603079458477686,2.090553554841069,0.09001632931462544,0.39733721856233134,0.660861958514203,0.5478170945131464,0.20698249457690465,0.16086195851420304,0.04781709451314642
999.7202093389265,2146.142316726252,19.8885860305565,0.11076597848860159,0.37531015947468416,0.14821138693516733,3.0862446328151543,0.09535555074830587,0.39389722241921526,0.589474967243434,0.5026631826904767,0.16827999369394253,0.08947496724343396,0.0026631826904767175
1172.0742617449907,2281.2044435694556,14.723042712640638,0.11455103893143698,0.2067104483401487,0.41618378902019637,1.808628950948615,0.11974356380926787,0.36626929546126125,0.7189380586823177,0.5235619149227274,0.2865907382585967,0.21893805868231775,0.02356191492272741
1426.1033988512972,3513.082893583761,15.687688536484938,0.06096573524339398,0.32273804984480103,0.10519202511532602,2.6990932525322977,0.1119864715915222,0.3869103851305149,0.7760365713510193,0.5237060558137496,0.36825032757446097,0.27603657135101933,0.023706055813749627
1288.1614327984944,2616.072458632583,21.688900566714413,0.05607848344654827,0.2915598604813043,0.3078523289608356,2.381436772191535,0.09817802680057945,0.366225569646679,0.656673788428776,0.500344003456661,0.2757751787700686,0.156673788428776,0.00034400345666096843
1150.817655228155,3446.1803296405997,15.014080144620014,0.05160110143065635,0.32659370731966997,0.2846027499370126,1.0228413310727997,0.11128233607266522,0.37353818807684425,0.766114668445383,0.5138097490621218,0.2703088847180481,0.266114668445383,0.013809749062121845
922.1572560775202,2720.4552558962987,10.746164694747767,0.08853261279154126,0.17862827699382228,0.3782896521998731,3.7380750414371695,0.10218381099256638,0.3597582519725932,0.7146453465872873,0.5483043200422022,0.33769270615371644,0.2146453465872873,0.0483043200422022
1185.270165209351,3390.1304629480037,14.101782825398153,0.07593912665747107,0.2694177328554298,0.2472774608386266,2.43458291782761,0.09394546089343689,0.3720257795734105,0.6922087852090926,0.48672670020050557,0.30037116198373554,0.19220878520909257,0.0
1100.0560430968108,2780.356879236663,16.324974538776186,0.07836996844173846,0.36493219252956755,0.3821370347307431,1.2466009068430834,0.10969292081754194,0.35140306350182793,0.7066961858730492,0.4833942437131145,0.31274958562612154,0.20669618587304917,0.0
1469.718089950084,4530.358757785825,24.66027685992461,0.1020889009842614,0.24061806055322296,0.4308732628952081,1.8455043831285756,0.11653541932096416,0.35625169911508353,0.6026779401006734,0.4894835020858254,0.2040373741451461,0.10267794010067344,0.0
845.5749629857022,4719.419197052221,20.822822326522566,0.11927765587891999,0.3535537814598725,0.18970532798779066,2.0697407992733994,0.10077774934352386,0.37264479067833267,0.564477677249428,0.4853419461732639,0.16601272394912117,0.06447767724942799,0.0
1148.716440086234,2930.429656395337,21.416955683197962,0.0744952979846792,0.2745131861822544,0.14871398087114512,3.203779255707639,0.10125358713429759,0.3967720670789561,0.6360382001696689,0.5500316440995074,0.23018558963068242,0.13603820016966894,0.050031644099507444
748.7710613809968,2168.8084448811896,23.673223705280705,0.08963334056451275,0.43441576616520694,0.3577892129897473,1.0331176102526405,0.10732042142285059,0.36693833695634565,0.6079064008794094,0.4844741574725197,0.2067978722476296,0.10790640087940939,0.0
1499.0095699858302,1539.1264540498612,20.666768940123116,0.11858164268663646,0.14915791542598497,0.2660951427547351,1.2775978832940384,0.09770501370797856,0.36316613091979766,0.6397446490388745,0.5107225603867163,0.18962086301083605,0.1397446490388745,0.010722560386716262
1450.857742052469,4558.184215106983,24.50887119046918,0.08075250765507358,0.22446932258355712,0.413279985149406,3.364523586033992,0.09724661140275109,0.3970549585803862,0.6067045451040424,0.5674921285501435,0.19526269002266858,0.10670454510404237,0.06749212855014353
1481.1959245912913,3454.6464196339175,13.005315544646527,0.11426485119755253,0.3179487176329502,0.3750910217464938,2.920227885458855,0.10438353901234386,0.3660433159565875,0.6639748361509132,0.49386323235388496,0.25311028474733754,0.16397483615091324,0.0
1495.2947170992356,1857.1061475705762,10.35329888381139,0.052021742974341915,0.21703805795598063,0.24453305649822055,1.6680096222743073,0.09532120811344401,0.37626942315732015,0.9058449914958941,0.5625417486536922,0.39036322014277386,0.40584499149589415,0.06254174865369222
792.0540039817315,2323.2384862382896,19.805305603984927,0.06156158969496763,0.15909397063819425,0.15953179736691736,3.8724322576462793,0.11539544621532973,0.3654392065088739,0.641808643245457,0.6482506718788873,0.2896205166251831,0.14180864324545694,0.1482506718788873
1428.0686961671865,2223.1522650846746,17.334447680121762,0.06256444367417302,0.19426422689193934,0.24238110901829144,2.1433280524000287,0.10116870935164698,0.35579805010427157,0.7383024413237839,0.5002900549679776,0.32752605419024583,0.23830244132378386,0.00029005496797762653
1078.7642238274598,4198.682722402034,16.672515510620286,0.0875177834817261,0.16451368054696186,0.24648352902048934,1.9783429282312113,0.09973529977780606,0.36238274737658704,0.6460072957316139,0.48006584842963157,0.2687784950442084,0.14600729573161386,0.0
1333.7453203488535,3498.369839380755,12.436948672780932,0.11618380794535271,0.35898436781187726,0.2533389904471124,1.0863744226193235,0.11905464122651423,0.3706777477365389,0.664169169254498,0.5145016960918769,0.16394311447052418,0.16416916925449798,0.014501696091876903
993.7237296671897,1558.4391811520163,22.803677362364077,0.07803572885587559,0.2454599290105607,0.10241900655123654,2.2055992191749656,0.11048629810087776,0.36559549840539574,0.6394850927427143,0.5459525994058277,0.2374836809554182,0.13948509274271426,0.04595259940582774
821.8823909297837,4119.165579451299,23.045072514562065,0.09984238021427183,0.33196705554333683,0.40692488110662295,2.201986637385515,0.11325066725315272,0.358936345480626,0.580591536842779,0.4939512933456007,0.20021586851700474,0.08059153684277898,0.0
902.5426074296643,3962.6129039718844,20.38340219610298,0.11250765234526951,0.3359485307591777,0.28657312812247426,2.468134769617318,0.10171276057604804,0.37912888613359796,0.5818001201702564,0.5026507938477531,0.180298561786836,0.0818001201702564,0.00265079384775313
1273.784722509762,4924.753819993992,13.30746187277699,0.05150592671834699,0.18609272381527425,0.31856558918033095,3.1676077400188776,0.10295515760802809,0.3692214249737755,0.8040362657941367,0.5181369686880234,0.4404552718473757,0.3040362657941367,0.01813696868802339
1011.0114269545388,1508.9350527990275,10.97905703465464,0.05125583495502129,0.3446946508907579,0.20871477648390938,1.8781165013695817,0.0909218248674662,0.3686419384469455,0.7637239155311062,0.5019317226089088,0.32250472947440373,0.2637239155311062,0.0019317226089088368
816.0167656398468,2411.8243126116154,20.10926349867467,0.06972430278881797,0.4485762740833409,0.3257609262116861,3.289549930184255,0.1136005894236288,0.3860233589927836,0.6397969145291942,0.509251033884091,0.2535448750376156,0.13979691452919418,0.009251033884090987
851.2267468253557,2063.7538285286137,18.91992283280546,0.055368701581259575,0.3798627873574977,0.4185699371843653,3.764714762852719,0.117759936784288,0.3863442012922075,0.6871298657183793,0.5212344867048231,0.3080129228065969,0.1871298657183793,0.021234486704823086
721.0067834313412,4889.301106471507,10.240704222642448,0.06853152514608289,0.36867196407530944,0.26976614337639654,3.709432543855592,0.09571535138553026,0.39298865899736096,0.721587323896661,0.49720723039731857,0.3561373011252501,0.22158732389666103,0.0
1279.0862704635376,3149.933717049783,20.476406254430902,0.05094340036574984,0.1840090921795759,0.366070924260137,2.7330704005504245,0.11687670986643275,0.3832238424940034,0.7587318865601207,0.5899477362278203,0.3719877161002838,0.2587318865601207,0.08994773622782026
775.343778653183,3312.7789134734203,14.65099853125752,0.10933458373430746,0.41305398773324487,0.36720442283951793,1.1282623455183605,0.10777892507213269,0.3641143392994988,0.6523174822920081,0.4832106693031378,0.2559928688219658,0.15231748229200814,0.0
1049.69259126532,4052.5169376565696,16.169443553105445,0.08107744568773012,0.17923408756776638,0.3218889850050369,1.0967871741404223,0.10841805524868513,0.38755400145298136,0.7481853865492671,0.5157341017619868,0.33148688715286106,0.24818538654926714,0.015734101761986752
1296.8049055798715,4280.95407651667,13.380265812168146,0.07849977209321171,0.4052633280841441,0.40743339961898906,2.855565908845366,0.09562854197312733,0.35643684126314545,0.6669818697964527,0.4664566852412808,0.29502949688730923,0.1669818697964527,0.0
1327.1412662883854,3591.0339896242717,17.071498993767808,0.1026757409918593,0.2818734417718567,0.43377839940100993,3.2263035216845535,0.09264104543522331,0.38940913929001575,0.6194183824490314,0.5185728993737946,0.2063548214639128,0.11941838244903136,0.018572899373794582
834.5218848121235,3297.92907595396,22.601462098773194,0.05603286518922554,0.1466029404255393,0.3807538299486386,2.8873870165444324,0.10331971647663467,0.3632915148814196,0.6118370713227395,0.5895093815582229,0.26212383936519873,0.11183707132273946,0.08950938155822286
1140.2536788807233,2884.9214343384665,11.204944678804436,0.08573992806890575,0.4116837773122157,0.15382032796467698,2.412109062076512,0.10988201194983638,0.39688364473552085,0.7691094923016744,0.5294142475076211,0.3350786067430349,0.26910949230167436,0.029414247507621116
1122.63689857298,2118.116460447596,14.688379484941455,0.08023976979114572,0.44608745125910854,0.23977548112200772,2.812602351625005,0.11375809428925494,0.369434358927263,0.6909157573959996,0.5035792440876545,0.28520326798300116,0.19091575739599964,0.0035792440876545317
1293.8530370868675,2393.3804653955895,11.025519808431723,0.11059398725777198,0.10235090237159096,0.1227044947168669,2.391120721121763,0.11709519475976418,0.39873152572351006,0.8462123556822301,0.5757232428788046,0.36927714084944113,0.3462123556822301,0.07572324287880461
900.8811065473576,2321.8192453996294,10.7571009293457,0.09884256586464599,0.38281829734483874,0.18912473348945247,1.7348761635488763,0.11140197323976647,0.3962540681589271,0.7671985258101948,0.5321647540653082,0.32503897200458826,0.26719852581019476,0.032164754065308165
1019.6607451363434,3345.087570851606,15.273839216015396,0.08892588332959311,0.17777217804020057,0.3839505219273771,1.1433042554302575,0.11094344318039935,0.37840405694647855,0.746500636658226,0.5136755204721233,0.32784860915024827,0.24650063665822597,0.013675520472123281
1206.6583864304812,3230.5246530850936,12.414356524535222,0.09953403002910066,0.2812504653735888,0.17260648990971791,3.604873109092527,0.10497971127823487,0.3953655917982811,0.7112709949700292,0.5315674377584034,0.28908132516566587,0.2112709949700292,0.03156743775840343
986.9812323646579,1517.5424246622604,13.114015626871154,0.08489031132917621,0.33396544966993325,0.15300213867434653,3.5974957834367256,0.10008878596503562,0.3591005768739508,0.65527946533149,0.4876618834629968,0.25231773690511533,0.15527946533148995,0.0
984.3531092542764,3220.9881700753995,14.848516644465029,0.09078281261280799,0.17270402311909114,0.2816175211056786,2.452345894306032,0.10702149059228037,0.3525714964617603,0.6682890761931054,0.5054823901884172,0.2984389978445015,0.1682890761931054,0.00548239018841723
1310.7451599496953,1795.6042732300211,19.440169622374327,0.0706233303571367,0.407239705877392,0.2981123988677976,2.4586969772173535,0.09417732507274595,0.3631805758633688,0.6189669886881416,0.4785156669152534,0.21723284776313656,0.1189669886881416,0.0
793.5417784889471,1968.928149651463,10.936182262861116,0.050046400354521604,0.1650391940584552,0.19270858213309355,3.344490020115122,0.10302606664065,0.35557717984654785,0.8122727973152812,0.5641570683190648,0.42901009466018836,0.31227279731528124,0.06415706831906476
1253.1603772031526,4127.1829950931005,10.526360401386844,0.05781261098588995,0.19298198289103025,0.27765271447251605,3.059802457505034,0.11381098139774795,0.37760794328073405,0.9262860090697155,0.5315223923989226,0.5277167792665703,0.4262860090697155,0.03152239239892263
957.4208825307824,3578.6270140228226,13.18211238911599,0.07504132106038171,0.3732455258639725,0.33588805734070515,1.334417472328502,0.09359003919382262,0.389230326161827,0.7345564724966035,0.4988435768969282,0.32380196472472694,0.2345564724966035,0.0
1193.8534930114772,2284.333172592203,14.466931353537824,0.052357857898264394,0.17076310858645427,0.19908539931251013,2.2560509884903626,0.1150845223388482,0.3581278233177727,0.8723514268006922,0.5246916975888121,0.4646372481766392,0.3723514268006922,0.024691697588812067
1071.7576683680165,3358.4808651765748,15.594259616039803,0.08899777361283422,0.4263235229048665,0.1829024890973165,2.6942096990364766,0.11357126542585834,0.35487732706457376,0.6535228052909772,0.4817739937371701,0.2821704835410356,0.15352280529097717,0.0
1358.031786175494,2901.426565763695,10.064633017938974,0.06181888502410711,0.3664207516256116,0.41025920569407925,3.7260357106142243,0.10382370717915325,0.35889602031670825,0.7854598012788228,0.4947220893121452,0.3812488559892267,0.28545980127882276,0.0
1447.3976077200982,4395.476228794094,20.943826616241097,0.10912892700199303,0.43017216708863915,0.4195590791492019,2.2433286744257,0.10163008268246973,0.3503449033649146,0.5662908160581706,0.4613390661197647,0.18093029805128744,0.06629081605817055,0.0
1158.295688270731,4590.373893752274,14.521832927182377,0.07791126395320089,0.17142030994505614,0.12327833737351485,2.5977252576702243,0.11610057774760793,0.37650641067219426,0.750060060827775,0.5290236463772022,0.3639652795004975,0.250060060827775,0.029023646377202228
1317.9168215210238,3505.294763382067,20.785275522325325,0.07969018449863739,0.33626751160054924,0.10057455973175627,2.7384432675186843,0.11467984259628819,0.3670224742120935,0.6438437085654041,0.5110416416659793,0.2584512753398304,0.14384370856540407,0.011041641665979318
1015.0010765981294,1629.883859132209,18.110777829547445,0.10091897040013928,0.2730806853710971,0.3794931621772907,2.2828656177185547,0.10143212315454579,0.35310040622374284,0.6156672311039583,0.4947491903222556,0.21510847637945194,0.11566723110395827,0.0
1493.7003432160718,3948.1417827158957,23.199407800339053,0.10961568863749518,0.11467035155297557,0.1693285561618353,2.9319877720555865,0.09877046341740325,0.3666478871980226,0.5717943988053913,0.5630456827865852,0.17288743662139155,0.07179439880539129,0.06304568278658518
1104.7392200107868,4688.389032268074,23.637432301583395,0.05666668075028119,0.3269656832195827,0.38519950080587295,3.692854586505872,0.09453527315341032,0.3722676792439422,0.5864531137332364,0.5007164517635277,0.22165076371808787,0.08645311373323639,0.0007164517635277479
1092.8722028035086,3270.5035506780705,19.457335581870765,0.059259224418352366,0.3019829957018335,0.3954986299022637,1.9272933841482016,0.10323639279650001,0.36351857540967486,0.6869606721285605,0.483631682416351,0.31572654584193044,0.1869606721285605,0.0
1256.1782799348894,2478.2375779684407,24.037556062994703,0.11380446269754671,0.2516014927351172,0.42541563323276643,2.251850473222471,0.10791068679798599,0.3779892341271997,0.6002456210757005,0.5355864890203882,0.17542684963126903,0.10024562107570045,0.03558648902038819
968.0034188010277,3813.769112272416,13.402666383893084,0.05875004566054082,0.15025938199643066,0.44452812709724454,1.1148791828142257,0.09027460141657163,0.35954267138947277,0.8003189461396664,0.4742869756325425,0.4162544734894044,0.30031894613966637,0.0
849.3286422118526,3507.4328610295925,15.046345398212122,0.10767684937275326,0.20543019965190515,0.2835083293281817,3.0376505642864076,0.11122061681598988,0.3738733733873323,0.6460258744113337,0.555538689860304,0.2584503042670385,0.14602587441133374,0.05553868986030397
735.5140809717676,4270.597303129967,14.29683488520786,0.11887720105287894,0.4018131563008741,0.394776841206923,2.419598114866109,0.11738751016555207,0.358480427469688,0.6312750282969786,0.4838799736755056,0.25832809122602224,0.13127502829697857,0.0
1041.580491802071,4342.234490970004,13.056208962152295,0.09550327800227087,0.10938242007865259,0.42162428963078735,1.3974557802717007,0.09595911729808529,0.3594541947837474,0.6892521220316248,0.4749385476954085,0.30275989696295724,0.18925212203162478,0.0
885.6431750057207,4211.44900263915,16.4121748588471,0.07047691267952771,0.13121728713088934,0.35403028974166506,1.1819300484051403,0.09716972909361261,0.38875395119702305,0.7270917090933766,0.5010652888131459,0.32710523558934024,0.22709170909337661,0.001065288813145937
1083.707268825967,3068.327148026426,12.806764494144392,0.09722159398845828,0.2293363733148578,0.422478663434966,2.8626123609505774,0.10662952542449518,0.3736687360660019,0.7091862291153078,0.5252734212304934,0.3064590221279172,0.20918622911530782,0.025273421230493365
1217.7664210757978,4617.4215763905095,21.860566429836158,0.09745008293605595,0.2902324755804536,0.4085154591160579,3.416322225877784,0.09994379934981909,0.38254180080669387,0.5879046652381513,0.5274498019957472,0.18812647915061412,0.08790466523815132,0.027449801995747203
1331.7114696749259,4670.102700410194,21.470093499883202,0.06125799862451575,0.34789851971713304,0.35593938492234567,3.391323025456197,0.10632401551894291,0.3967087387270935,0.6664416670274887,0.5314064361437509,0.2705478329316263,0.16644166702748875,0.03140643614375094
759.1513485420126,2745.269346872868,22.793423325793817,0.09434617001733488,0.11906732232347941,0.2802393653528554,1.5390524874062108,0.10272954643971753,0.3849991866133245,0.6103891729400049,0.5114810860807385,0.20183264104275306,0.11038917294000494,0.0114810860807385
1039.2723942524185,4119.439222452367,12.311007387375486,0.10305917549468971,0.3647958973722978,0.3516846670621342,3.476572756730608,0.09341792203985799,0.38561937630148885,0.6451937462059664,0.4905776456841289,0.25071122992382794,0.14519374620596637,0.0
1116.842797766642,1958.5678976321233,13.753440088696497,0.0741443604312497,0.12432568454180601,0.32091577353665024,3.940093101750997,0.11482491138676959,0.39423489867555994,0.8025923404594943,0.6939483048834443,0.3657511779386309,0.30259234045949435,0.19394830488344428
977.5360568084432,4496.153145394419,22.915373969783325,0.05031066506223247,0.33732901759133493,0.35057280089627196,1.6872539409206437,0.1174773581677046,0.3640515572543451,0.7015821258568102,0.4919534419709809,0.35064991782987975,0.20158212585681023,0.0
779.6937408967741,3909.990900473406,19.17842420432229,0.11211768289596923,0.20866907001217389,0.10296859507363514,3.7891977084712374,0.10064363239507462,0.3991501382006832,0.5881903073060474,0.5910108014535698,0.1813561257381218,0.08819030730604738,0.09101080145356977
917.8781723662594,3465.4055004062643,13.68165428210223,0.1063441780081599,0.2784850360525397,0.25751966084335065,2.3432336287585276,0.11832203065226791,0.35362642341525213,0.6763054092531584,0.494656656721892,0.30238728268583537,0.1763054092531584,0.0
711.1370612439451,3372.8373324591503,14.261072275069896,0.11342902325777272,0.16180971741463135,0.1445404979184066,1.812897406883898,0.11240223149422034,0.3657845663508643,0.654207635926273,0.4980970825643715,0.2715251343462819,0.15420763592627296,0.0
1181.8212832631207,3135.425239596623,20.31142514712537,0.07748806629884362,0.32839774144407946,0.28510165978904356,2.2738057934779308,0.0952908729824715,0.3832583949572883,0.6292209850221286,0.4988592514889848,0.22829412713204328,0.12922098502212864,0.0
1020.422917649265,3886.5840863599406,16.040817071839978,0.06019948218546564,0.3399808234858298,0.43956147214067753,2.3056128386439445,0.09543698650267794,0.3677526198040247,0.6891028648777361,0.47667598423047575,0.32006638452294195,0.1891028648777361,0.0
850.1703585633877,3368.943594497676,22.875169209759584,0.08950249581733272,0.20987557215507308,0.12392348874683036,2.6468535366966437,0.11951711905464366,0.37276765327461764,0.6142816085472248,0.5699071963509643,0.22307514106618168,0.1142816085472248,0.06990719635096432
1420.2827862787212,3996.969909441818,10.108777173147793,0.11798737592462306,0.2154643115791253,0.2784534977622341,3.5751884949110755,0.11590883465862374,0.3785338852863063,0.7599615380768097,0.541443158385906,0.3390930417071633,0.25996153807680966,0.041443158385905954
1030.8000380182689,2457.4242271949497,19.36601059413946,0.05888889727010828,0.26088388560461195,0.33859276112271863,3.5084194039020264,0.11338602046822036,0.35640147366417213,0.6678334107679152,0.5324596394723193,0.30829265605909423,0.16783341076791525,0.032459639472319335
1363.259540480127,4067.2421936849746,11.68614314715806,0.10681211852744821,0.3863855518465058,0.15453100469327344,3.9605502804100268,0.09922083260836298,0.3696044644268442,0.6513307794284114,0.48454448589564697,0.2605600726611988,0.15133077942841144,0.0
1241.5510194104038,2292.5660644422424,17.639276153966634,0.08733288829058562,0.2356723464415091,0.230165900620953,3.59106265947694,0.09278327503886596,0.3780239264136216,0.6271403121520007,0.5269576071036538,0.22121366137773182,0.12714031215200072,0.026957607103653802
1143.0499478348856,3661.300006884023,10.9724032402321,0.06260861292857822,0.4496659947649043,0.34956259431925696,3.9866304254566174,0.1165614476044052,0.3730740458340929,0.7968522394923059,0.5072764529619831,0.4169844740708355,0.2968522394923059,0.007276452961983093
1254.1000138298855,1786.1270193260355,12.785315382347918,0.1181584368664893,0.34316165383814,0.396760864692577,1.1601843465193742,0.10404596066635596,0.35225882477690473,0.6631871549251253,0.4933946436534953,0.22523899666896907,0.16318715492512526,0.0
754.5819209269016,1899.0325305475226,23.34965502507574,0.07976139452097881,0.11018808788681553,0.21110321955877204,1.9330574728859402,0.11191513604152142,0.37477773833969447,0.6320355528206528,0.5808197608252453,0.24073141174715984,0.13203555282065282,0.08081976082524533
772.531094514771,2873.9744769267754,22.245262332838273,0.10756572362802674,0.14728555598582452,0.42824220779613953,2.4076976181140264,0.09249712174462138,0.36774289148548883,0.5496182935715545,0.5328054810998566,0.16141625049998942,0.04961829357155445,0.03280548109985659
1063.7340739192293,3001.3240433922183,13.893188742146197,0.06167252143524624,0.23159054912326998,0.21921920501300585,3.6721724699140887,0.11317514919493737,0.3628833595495441,0.7510905079707655,0.5446995823984345,0.38456764533631044,0.2510905079707655,0.04469958239843452
1278.0718110111866,3874.189902096516,16.947698099932676,0.08302061627252973,0.1471021667751197,0.248867805164473,2.318845326282373,0.09593042806626235,0.3546906229364891,0.6414821255386142,0.4817723582819418,0.2670815822894479,0.14148212553861417,0.0
1497.4340054985116,4664.95489272459,23.0597588722808,0.11785946357694153,0.2427944882695672,0.3240347982694233,2.24530475728859,0.09430119825315653,0.3755851481739303,0.5640086082149509,0.49140952075029837,0.1525083039160986,0.06400860821495091,0.0
1437.462761988967,3194.229238037312,22.092270198330432,0.0977876491853738,0.34132929986410354,0.27889805097255127,1.341168227294049,0.11330301103881524,0.3817858359727246,0.6510425032989172,0.5131379564644182,0.2200568426968717,0.15104250329891722,0.013137956464418177
841.7156626472524,3050.0678653849227,11.702624453725798,0.1158547645966845,0.4408636872005348,0.40224598987276783,3.2234188297911484,0.110190594756923,0.3827035713908689,0.6704738203709454,0.504646910649034,0.26737907742532374,0.17047382037094538,0.004646910649033997
930.9099438923698,3069.9931784002174,10.348746017213463,0.10870752885634549,0.16400609999126792,0.2621047651455225,3.62351579903669,0.10629391387258164,0.38596888252942946,0.7275804870360287,0.5892948110151457,0.3213323687216754,0.22758048703602873,0.08929481101514569
707.3535263941185,3402.11655171256,16.953127637028693,0.09669557160941558,0.27610956077103027,0.10557067533800081,1.8533464363341796,0.09175110468440237,0.37192376864801646,0.5926790906657042,0.47789695810224386,0.21220152154012548,0.09267909066570423,0.0
928.11484149436,3210.1094237151374,22.131267615010152,0.06298374461224625,0.2011926193009426,0.2320770043365145,2.422598696803125,0.11792470319180168,0.3716532461625786,0.667153293162746,0.5549383892641045,0.29316319372080474,0.16715329316274596,0.05493838926410455
1131.675694512247,3236.9673350612584,24.791476719564763,0.10454555392483351,0.21582473950673725,0.29021539006905767,2.4441797652239217,0.10682836107708348,0.3556458014948095,0.5664814951690037,0.5207842560019947,0.17762003793800782,0.0664814951690037,0.02078425600199474
726.7075514299872,3958.71576500571,17.885060675299354,0.1198878801847438,0.3941818731369193,0.37678458809769855,1.4231751353845559,0.11571127792520648,0.3963825841227925,0.6456727680168752,0.5196634024232117,0.2189666226916424,0.14567276801687523,0.01966340242321174
945.6573880996826,4648.830237265476,17.974407383164543,0.10059659731795212,0.1736640463929521,0.2738371767040864,2.5589772748911446,0.09700933032822151,0.3910331342770309,0.6138905907600269,0.5241879318574707,0.21127340867984307,0.11389059076002694,0.0241879318574707
1484.7034340055495,3215.4927087642072,21.486263306499133,0.0653354120408507,0.11631119353932509,0.2186362562557944,2.2761184994568673,0.11262082856354018,0.38851612756437065,0.7296252174118225,0.5587317171792279,0.3187451948504784,0.2296252174118225,0.05873171717922787
875.2150896124282,3712.576212883621,11.192953713104187,0.11881559747987479,0.33942032562577296,0.4029058697556529,2.0872591855921208,0.11559112004395927,0.3878494336184101,0.7238145647021177,0.5193297030864472,0.3066849804690308,0.2238145647021177,0.019329703086447214
1207.7652941568463,1812.5787627545094,20.753473306470216,0.1043428937699608,0.2211563645911398,0.11285883566824616,3.9175153521438535,0.10198684297173823,0.37541620982124463,0.6041121945142099,0.5503587551440973,0.1918827348013545,0.10411219451420994,0.05035875514409727
788.6570647917963,3437.437773299065,19.268608118534534,0.08516263593341705,0.2557222637163509,0.21316484689741175,3.897225797047112,0.11619447088632752,0.36216855652049806,0.6021310319078418,0.5483755333451058,0.2461767572030115,0.10213103190784178,0.0483755333451058
1215.1403894364946,2097.9614095136662,12.26403933101199,0.1082050462035316,0.24482967400963307,0.22835286318210385,2.4972139069892467,0.09132166220782391,0.36823332871873626,0.6632980709777326,0.49340702945543563,0.24057169870869868,0.16329807097773263,0.0
1167.7311645272123,1890.7180702703586,17.407280436379217,0.10100861281030411,0.2378968651617981,0.35544843299891893,1.3545377525627686,0.11863311841409566,0.3947773354977515,0.7423489915728484,0.5526820289048894,0.27499364647863384,0.2423489915728484,0.05268202890488938
914.918540713828,4424.552574547539,24.922858580137337,0.06360147610015783,0.3455172830092812,0.12835885735528735,3.6955079710191017,0.0925085833139519,0.36519733531146514,0.5459386317139223,0.48653420655360735,0.184226529051709,0.04593863171392232,0.0
847.7189077426774,2076.9048994202926,17.503776990283598,0.08505804060383193,0.4009519523061814,0.188154386957678,1.467282019164106,0.10735318895531072,0.38666356067914076,0.6757492675018552,0.5104509624841543,0.25942902155178754,0.17574926750185516,0.010450962484154336
1345.0214564393252,4770.5614797092985,10.47208390936214,0.06316236349471341,0.2875122981465473,0.3757329668114523,2.1276685398458968,0.11849404749472785,0.3881693891350739,0.9608664404515931,0.5390333087705484,0.5388054478142292,0.4608664404515931,0.03903330877054845
1200.6437203710025,3008.9117559987344,20.23732650089569,0.09087096139460794,0.15399372114212057,0.40652029685191104,3.647459404833019,0.09051695422235201,0.3569765330890356,0.5702929400420239,0.5805266122728304,0.19479514525367167,0.07029294004202391,0.08052661227283042
838.9767829144354,3719.947425316858,15.953668667620725,0.11109127888934478,0.22005049596347015,0.312173696424188,2.109581964070576,0.09906741627420093,0.38739666180080207,0.6275232628855836,0.5086362784148641,0.22207344788367728,0.12752326288558358,0.00863627841486414
766.1339176670892,1894.9498807885318,17.993521709187725,0.06634254053291855,0.10701314962934569,0.2868069793882948,2.4904138208835858,0.09738876304133683,0.3539992540173603,0.6425158887075302,0.6242843507142996,0.28153782805418437,0.14251588870753018,0.12428435071429955
1128.8897933821133,3353.9197945956303,19.94608584357781,0.08733489094487532,0.23930988276476559,0.29112303875907697,2.9998262570341687,0.11761498664799439,0.39312601697518873,0.6724963122935681,0.5842407110992771,0.25951256282742285,0.1724963122935681,0.08424071109927711
903.8318086145298,2665.0984166879134,15.24862855397968,0.09468605078175144,0.15232136091485737,0.1956299665201321,1.4256429889381934,0.09352266367528972,0.3789524744638374,0.6663601613861883,0.49369525675626186,0.2592368126191554,0.16636016138618825,0.0
1355.4886702630915,4488.6489836693545,14.01741162323379,0.10243090753445598,0.41602181428979357,0.4235020363578522,1.0538053670339345,0.1169539266809063,0.3803760838143201,0.6484683873343721,0.5143177048737032,0.14537375928372798,0.14846838733437207,0.014317704873703208
1403.2018656014175,1747.3160298276075,19.1029621174101,0.08774143432526818,0.1991925784325968,0.10944822102313752,2.0005525883291573,0.09822068704800131,0.38680845075526366,0.6854450588646543,0.5277642693432255,0.23663864642336377,0.18544505886465434,0.02776426934322551
1203.7723985363996,3321.887284014936,19.92382835048742,0.11094879331743479,0.3610822752247712,0.43355293400926576,2.7206275458906224,0.1180361979190793,0.3674906761388209,0.6192828399909787,0.507850478407669,0.2160842178507536,0.11928283999097866,0.007850478407668948
1164.9684722918164,1829.8649102347172,20.185876202697564,0.07602251428436191,0.27362481993942656,0.17068761105841573,3.296085735941258,0.11988424602816926,0.3961118826561571,0.703676220350458,0.570124186811294,0.27505783137964035,0.20367622035045796,0.07012418681129395
1468.4333291601083,1837.1796316178463,16.776665783133417,0.07297590496670966,0.24054727938696224,0.21459374082331548,1.7234336799699173,0.09382235824475235,0.3618086205645282,0.7019726178647643,0.5017972342233098,0.26782418770540334,0.20197261786476428,0.001797234223309796
897.4844446434793,4011.5154155071473,12.647179049204505,0.06420147297681367,0.12382299522048605,0.3409231719261002,3.9661760106126174,0.09038806223956711,0.36273279054256813,0.6682061838914632,0.6009706788489833,0.32147313884535844,0.16820618389146325,0.10097067884898325
1044.3870034181452,3432.0956600110844,18.2125419603953,0.07870902822220956,0.10383071129404774,0.3376519422145678,1.284688991262387,0.11037299655805606,0.38806425621255997,0.7340768451474993,0.5206693755845389,0.31790449146288197,0.23407684514749927,0.02066937558453885
1227.837599694804,1556.221215722046,15.660091624148414,0.06623465778451924,0.376305673598071,0.1568658768786245,3.3966608096464976,0.11789946158408345,0.3684529173246796,0.7169810725402601,0.5195185302594166,0.2940655085898709,0.2169810725402601,0.019518530259416633
1117.8622725852674,3476.793884044726,13.913855486881745,0.08926525179706808,0.19989835847697526,0.1348161831044119,3.3681824432885765,0.11774697895057949,0.3809794228454481,0.7301521730102991,0.5844431345004019,0.3340302549344062,0.2301521730102991,0.08444313450040186
877.7943760690289,4076.493800019636,14.335150405771834,0.06757447735685664,0.3790727701319434,0.20928667138484794,3.4579742572002603,0.11665572637168899,0.35924950484353013,0.700890228776272,0.48974456959026974,0.3579535503177229,0.20089022877627205,0.0
1411.8267584884516,2360.0977194332854,11.646035864670079,0.1025819328509224,0.4002771427608691,0.4016923223811669,3.2387178391303073,0.10377722524590037,0.36934443555540614,0.6761484488207534,0.49969549481986913,0.24982216227321613,0.17614844882075342,0.0
1376.7011177399686,2119.0343577385493,14.484665276912924,0.11010601136614928,0.3675225209103644,0.3522630109800462,3.974905741583149,0.10851606755669174,0.3639982387258881,0.6414229057184136,0.4981630086696336,0.2256633563349234,0.14142290571841365,0.0
844.3369767629459,2625.8733916216997,19.601077008344213,0.11595996133705257,0.1182088509384268,0.13953167624282342,1.9426904231945943,0.09696299309657003,0.35323909918531093,0.563600766344686,0.4919150951389572,0.18247000294116053,0.06360076634468603,0.0
1244.9469027335028,3651.493296380081,17.018537190752994,0.11415363043490463,0.13663012431750837,0.21047095208485753,3.950213307438915,0.09022270967159286,0.3965062215926693,0.6063830766165974,0.6321241630507528,0.18912272043131803,0.1063830766165974,0.1321241630507528
1008.8457516428432,3864.181861472662,10.041500074782075,0.09007363302931087,0.2988297954794089,0.10596895610682366,3.6136890441937375,0.10137649131892468,0.3645855892067122,0.7093063645445531,0.48705847764244803,0.3353282155759124,0.2093063645445531,0.0
743.3738998371444,1658.0265566176683,19.628881299287706,0.11574140570546837,0.31983827752394717,0.30580867790863897,2.147888412070945,0.0986781743178269,0.36385262027773174,0.571683548946323,0.49057709125417964,0.17401012352886316,0.071683548946323,0.0
1303.0071760714306,4147.862530896895,23.865813076849406,0.08546208863079091,0.39328391105075156,0.13794234605066216,1.8736632236466384,0.10764453252849089,0.3700262554512725,0.6067036807153852,0.48759795713064863,0.21289613201969812,0.10670368071538516,0.0
1466.539051795211,1669.6593035626147,13.984332656253681,0.06368595492886946,0.15567744054890112,0.10912276723047769,3.219848130614343,0.09873567599705249,0.39507834157577226,0.8192293371114002,0.5972837866728634,0.33144164799343107,0.3192293371114002,0.09728378667286341
817.638374891924,3673.324482980935,17.108125572421855,0.05573590715457835,0.1488275347984721,0.20157314025472622,2.6143751950451777,0.11542365358569001,0.35260188372148105,0.704710421469641,0.5354933216347385,0.3718194936608804,0.20471042146964102,0.035493321634738506
785.6802102472857,2312.811917476309,22.685871739687922,0.08660762606162109,0.30111090040233046,0.1478278986649008,3.772758716730912,0.09388673235773329,0.35589659872754686,0.5356772366322808,0.4890659202767882,0.1658290481220724,0.03567723663228084,0.0
1169.815293143274,3167.4183281327378,13.094087375499718,0.054929576774720726,0.28585173296227834,0.2098021184239886,3.7690975059991274,0.10478087109888216,0.3746981871956032,0.7637770174255953,0.5136752649860311,0.3824761990013207,0.26377701742559534,0.01367526498603111
1300.557306457788,2040.7732205601387,14.200189641962144,0.059987858048776835,0.39012745862633,0.14365259307898595,2.1041329240375224,0.09894931300665095,0.3813968682776479,0.7356563697406671,0.5106790274857262,0.2999609193740135,0.23565636974066706,0.010679027485726245
1434.4004812851394,4732.861986936652,18.620558487800693,0.10035674923427337,0.31120963934991114,0.3278598627348902,1.459210517703958,0.10665560068656302,0.3602364396003832,0.6325980444096869,0.48142653230561283,0.2348192129925719,0.13259804440968692,0.0
1258.741631994622,3775.304671951677,14.394785856518235,0.06595336076653692,0.2524362795912477,0.17855053134268326,1.7143250290418788,0.11767526054882964,0.3614161943802971,0.8186032114252226,0.5079497623224354,0.43017791149139095,0.31860321142522263,0.007949762322435383
869.0064458367203,2943.0556974846804,17.425610152000328,0.08639308795105446,0.33853030808804696,0.2513964411153802,1.3658880632504244,0.11229145409546833,0.3958687415846694,0.7069370057215676,0.5234506744523088,0.28614607081522714,0.2069370057215676,0.02345067445230875
1455.5531461747732,4985.599215181816,23.371321219940207,0.08910115370178244,0.43575513441499714,0.10173434364623482,2.506938230429666,0.09648712408500437,0.3653533077217809,0.5687214392484865,0.4692558234246427,0.18354719406183298,0.0687214392484865,0.0
1305.3175800250237,3930.0713380589063,23.25900979367846,0.05369572084698578,0.4042815882429527,0.2263557546200589,1.9165938038807842,0.11500352607889475,0.37050591260512267,0.6927735516398126,0.49857729526200406,0.31585424978121035,0.19277355163981258,0.0
1299.7064038549088,1922.6366618373895,15.51381797652764,0.07762362715369228,0.11185676608638803,0.4057544164132175,1.346536596581046,0.10518790410747947,0.3819280111499949,0.8320031059721111,0.5522253578428377,0.35824386850505313,0.33200310597211113,0.05222535784283766
1075.016857758986,4315.216409953345,18.534701323215707,0.06788234663334361,0.16199121230023228,0.31561044485311474,1.069433659348686,0.10526691553048537,0.3802042528834422,0.7360832863032771,0.5030271021979433,0.33687883064200524,0.23608328630327713,0.003027102197943332
1284.5618538658455,3449.3349348857873,16.50334629542932,0.07267927863135976,0.17948272041408167,0.3236009760020523,1.412476852032937,0.1000207152753971,0.3725379488735162,0.7344773374284603,0.4995179534659789,0.32756722917353687,0.23447733742846033,0.0
880.6603875772739,4087.8550608083046,18.182333077790595,0.0982904931160717,0.3237325897450307,0.21693208566645755,2.400799483377252,0.11162954904244132,0.37296214516132264,0.6244721745513142,0.5062885649916307,0.23940529954914855,0.12447217455131421,0.006288564991630663
893.9979273290421,4248.186734051901,20.08253020104202,0.1130589991764915,0.25442526466836035,0.3280947987260812,2.8281112734563147,0.1031822887271531,0.3757201711575928,0.580322717939844,0.5231416026747812,0.1835504588814894,0.08032271793984402,0.02314160267478116
942.4486370492612,3042.890800376568,21.846070771175853,0.11156932807172623,0.29556011951497946,0.2638334470372496,1.939755400571657,0.1018051521662196,0.3836528309847419,0.5913001717678453,0.5067587941814795,0.17647782285560654,0.09130017176784533,0.0067587941814795105
887.8590073401128,2214.1326376195593,17.787616663293235,0.06280192415383204,0.1577062133058386,0.12694962595177667,1.6618106202125587,0.11024277045339616,0.38080921635667264,0.7507555402155663,0.5191360868101096,0.35421847185266153,0.25075554021556634,0.019136086810109587
1312.2279809922632,3903.880310350485,11.46162529451173,0.07354468930887623,0.4365751456236402,0.36826223410782466,3.8257317575345358,0.11266302727776162,0.39489535750978144,0.7828185670274925,0.5260220700760858,0.3701411201859915,0.28281856702749253,0.026022070076085813
1387.3379643224448,2800.0068929130357,12.772227967791995,0.09024735162489061,0.1166209424867456,0.29266781278063,3.0846932382207894,0.11447971097151534,0.38961872032009504,0.8137922975579215,0.6249287347560701,0.37104554921870725,0.3137922975579215,0.12492873475607014
1023.4299063314697,4684.77148986342,20.616021872057715,0.057979121400276744,0.11387751137936213,0.17604474627863936,1.9726601102067594,0.11456660315633814,0.35829033952706435,0.6899796149793582,0.4978070526714567,0.34020742044315766,0.18997961497935822,0.0
1375.9770075291062,4813.386417762478,24.68340686415406,0.09934689693953343,0.2637245159124793,0.13371446595843947,3.3123733945952405,0.09227391129855046,0.39080318694488114,0.5677111596503588,0.5333701924328678,0.15531655120698276,0.06771115965035879,0.03337019243286776
1336.3980881698267,2002.4794717873458,19.692912734843794,0.07693861339550763,0.43366804515370005,0.1747603485876532,2.7185543878302703,0.10371993148000193,0.3874935143811224,0.6474931357715914,0.5097687863875116,0.22248162885943612,0.1474931357715914,0.009768786387511552
1348.0548793551563,3411.610697876675,21.06816463000763,0.07634156631023148,0.3926976457684499,0.21789193434064175,3.6686909015944478,0.09962850491942077,0.3800408889956154,0.6077755685912091,0.4933014380936128,0.21834556243489156,0.10777556859120907,0.0
1476.297653235123,2958.5274223008164,11.152418208440054,0.08015581598319267,0.13925722680936867,0.1949383568922161,2.9272583548719284,0.09449051021364449,0.3557403101439199,0.7691891564511071,0.5035446378534576,0.35667177888315077,0.2691891564511071,0.0035446378534575995
867.8972668292542,4137.844361128082,11.542314208734687,0.07882440670523318,0.2798361383543484,0.2139813780007378,1.4082873509040346,0.1091305100124679,0.3540154962695633,0.7784901418848182,0.48172630585632886,0.4097464987644615,0.27849014188481824,0.0
1263.2684700066438,2826.0394241926215,13.711803116204038,0.11802570552720938,0.3313122766356055,0.3923799151815375,3.936680693283662,0.10876215845974173,0.3989677074901993,0.6776020788767266,0.5288993002494882,0.23816017836746783,0.17760207887672663,0.02889930024948817
1339.5477135041392,2880.1111257388993,15.648752446322943,0.1183588372362136,0.35032476265887214,0.1899998867816025,2.530642496820215,0.09372645580815102,0.3855551287768028,0.6168918392289615,0.49665641044633685,0.19240751382748705,0.11689183922896151,0.0
1110.4089350026384,2590.7803635681353,13.474700376073901,0.05352039178852457,0.3998131656085473,0.143093713894444,2.055164645663628,0.10744523711680863,0.35149057711780746,0.7736858805128265,0.4841628917470106,0.3916863629293802,0.2736858805128265,0.0
1210.8453103812037,4289.169025604086,22.334145993689773,0.08832245464711017,0.40973615592554946,0.32980732838852367,2.779412827361935,0.10035797957047425,0.38978702118475367,0.6023228128513889,0.5027392492781612,0.19538545345283564,0.10232281285138889,0.00273924927816116
1329.6586336820083,4564.6987954698325,11.344326583166337,0.05937969827979293,0.11803671189787365,0.2631725774679544,2.2863182088434026,0.09798416196884961,0.35096761341191907,0.8405863538914748,0.4814787861733043,0.46688570616058234,0.34058635389147485,0.0
1155.5809323834965,3415.053195918691,19.475094766622504,0.0846717742516423,0.30998247605711804,0.33546598451280396,3.261589022051677,0.09477612077845765,0.39790759931197756,0.6223593122097488,0.5256631046106641,0.21406274152211563,0.12235931220974883,0.025663104610664123
1285.4276389547174,3080.1517482746144,19.959723107336064,0.0886230894198785,0.34079046718215006,0.14425276840052453,2.773840293703344,0.09266033517327565,0.3583512782910059,0.5791314789836575,0.47335722337809194,0.19976089710871975,0.07913147898365747,0.0
1292.0503722985247,2030.9614408349985,24.193584425243586,0.09325383034604995,0.30833240815099705,0.2795220536588446,1.900872266187561,0.10557132584910646,0.3571234200788076,0.5989654918650522,0.48998050689260325,0.19612877356414066,0.09896549186505221,0.0
1249.5269769350225,1578.3554631946477,10.280699690606893,0.10310137098100311,0.28885195719693013,0.14904264649040683,3.5579884973054434,0.10152975465235188,0.36442528718713435,0.7013161394578273,0.5126130080220008,0.2520461928377896,0.20131613945782734,0.012613008022000827
996.7947760227736,4321.896790247787,23.8084160204699,0.09634034536326133,0.3291789079777151,0.1332355871047138,1.8432798899502494,0.09331926553932274,0.36997947758556277,0.5584612561807367,0.47447447166622614,0.1682183433954112,0.05846125618073672,0.0
1373.178422586185,3681.320986939645,15.726595078729995,0.11904556602563739,0.21074231229665724,0.18089185680906317,1.0018747180204302,0.09310199714472836,0.3862516288218811,0.5852713697999948,0.49708303820577815,0.09719078726603897,0.08527136979999483,0.0
1119.0151791216895,4844.607892148485,17.66446199941508,0.08387521319626445,0.4201593509570253,0.43825278035526805,1.5277916182177012,0.1079895341517344,0.3674050604496362,0.6684368863765471,0.4858302130820819,0.2784225958839082,0.16843688637654708,0.0
948.505870508096,2046.6235673541955,18.2380728431431,0.057059010130549134,0.19614427415275684,0.20149972792205179,2.51389793994082,0.11417672668514982,0.388717777782673,0.7521410114380713,0.6020937964884089,0.3486069738200872,0.2521410114380713,0.10209379648840888
829.7854044459413,3881.673148894502,18.427248631387982,0.06490320925931184,0.30308941423483027,0.19949309372819485,3.1890927402734217,0.10717176415367757,0.3912832127708707,0.6590661429090022,0.5392882373459702,0.2836531220834531,0.15906614290900223,0.0392882373459702
1062.524535539187,1591.3664146733765,11.314726647829259,0.11739830891092289,0.1625943851345028,0.27141951097982875,3.1376509660632825,0.09754958894839316,0.36164222911165905,0.6940182918721327,0.5360311275157433,0.2643766938596037,0.1940182918721327,0.03603112751574333
1236.036794862586,2776.9687143149586,24.630790212689604,0.09626169620962927,0.31102639023303913,0.3148767576001926,1.6711409967058484,0.09429292991638862,0.3750955034025837,0.5809560172112715,0.4829886831070633,0.17060970268838088,0.08095601721127155,0.0
1107.6699242479272,4015.479517598716,14.248887394575922,0.11145143688664351,0.11134334527342797,0.1554961406003768,3.9911289029457007,0.11892916130856514,0.38710624012186673,0.6901563303614366,0.7328106006714016,0.2849884392393026,0.19015633036143664,0.23281060067140158
1016.6142798608143,2141.0325164006836,20.997936040373446,0.10538092546399558,0.1452764552745161,0.11116451032015039,2.3016001157798733,0.11646370664005859,0.3841678810184249,0.6503804053310263,0.612158985198506,0.22819186196129435,0.15038040533102626,0.11215898519850598
1195.9444829399224,1622.1914994429183,21.274056092807708,0.07021411837964675,0.3578573589733781,0.43890878831889946,3.9280464842127025,0.10310405179358366,0.3977304960508575,0.646714822754671,0.5225487012130229,0.21966202647008137,0.14671482275467096,0.02254870121302288
1268.6913570407282,3696.5041894266656,15.133141604018611,0.08140937065301979,0.23718577938756547,0.1730850590052552,3.7042619380369817,0.10099942466522374,0.38291747153016065,0.6790883090469538,0.5439991573965196,0.2805126892591346,0.17908830904695383,0.043999157396519606
1482.8996871330055,1763.9632218933828,13.60459435904168,0.06721296185041054,0.3669933440520785,0.2768348105311751,2.9673082327673184,0.10345191843252281,0.38239982889978746,0.7261648714689676,0.5250480189511272,0.27091707736193804,0.22616487146896758,0.025048018951127182
1415.4683396483592,4778.929097026614,22.394561724690618,0.06286632775587361,0.11292497768308997,0.10845296131464224,2.9836107458261196,0.11566148074494027,0.3551750936351058,0.6558488258669477,0.559613503486299,0.30134240685977404,0.1558488258669477,0.05961350348629901
705.3031560357019,3800.0749677114477,18.487906203397962,0.1041825161807026,0.3258327339589755,0.4155466130313338,2.0793198729935374,0.11622381498524909,0.3940438578198081,0.6464280393062405,0.528736108271662,0.23647670543992694,0.1464280393062405,0.028736108271661953
938.2514725815113,3837.1813347846155,16.190389634365292,0.09173308160472152,0.15176860227511546,0.432743882037361,1.592345443861615,0.10410322943756321,0.3783331024248328,0.6815131391905395,0.4986658786092234,0.2817126024161406,0.18151313919053946,0.0
967.6163811336787,1702.5060918339298,18.033270425088205,0.07303956715140608,0.3001822915724634,0.18026197711174033,3.886648951108938,0.10831452639834044,0.3620019133738739,0.6395377255226178,0.505192847169134,0.25556478591826265,0.13953772552261778,0.0051928471691340405
823.8257345555277,4598.981701854946,19.298380974114508,0.09659445555410126,0.163520759213785,0.2049639180558615,2.6569262730572683,0.10960774374617609,0.39982184185652786,0.6337801069954279,0.5606887199344535,0.22789391172481632,0.13378010699542786,0.06068871993445346
1084.3340405360736,2594.858707415493,23.14605360555108,0.10659330093044671,0.12189828082993595,0.2891826764453056,1.43693416370123,0.10202140215658996,0.35806795944315084,0.5879076150780361,0.4788614670817613,0.1875477058305002,0.08790761507803613,0.0
964.7739100692547,1996.9915352547675,14.043501417311603,0.07005705650219163,0.13693402217080536,0.38656101276004895,3.195855798269796,0.09271911704851547,0.37030853330609037,0.7044813657553138,0.6003009999400275,0.31054725593961124,0.20448136575531384,0.1003009999400275
714.4347258787394,3615.71642303572,10.924949107739446,0.10165360468896917,0.3161359494384629,0.2715964305692945,1.1537058688970188,0.1116944068527452,0.35239081854705034,0.7333992189619559,0.4802003810258282,0.3558553324728766,0.23339921896195592,0.0
898.9218050791105,4533.618417723403,23.723108875320154,0.11442527151713892,0.34939798584534865,0.44564938263645204,3.532448552465423,0.11806209491471127,0.3770902943001226,0.5790242828578379,0.5285438653685197,0.17520484128919772,0.07902428285783791,0.028543865368519716
950.4953567413406,2682.658262883173,13.23258087204825,0.11474931863658834,0.22676282505760878,0.14231522357270932,2.0377473824086008,0.1082129892411378,0.3626364981181938,0.6706593272517214,0.4939158070830005,0.27128129918949045,0.1706593272517214,0.0
802.4837213682084,2417.8646665631563,23.480427386890113,0.0572389059349868,0.20249758731629453,0.19409831918979936,3.446150310342911,0.10577708108281099,0.3795884361271967,0.6104397789677567,0.5955577449807264,0.24133038630955547,0.1104397789677567,0.09555774498072644
1369.64909411884,4165.034851090585,19.761083684719342,0.06604578521386555,0.41485788720894545,0.3880879630693439,1.4922951044738628,0.11285415700784773,0.39168637923023125,0.737468146744054,0.5198886604587946,0.32122424641040065,0.23746814674405403,0.01988866045879456
1409.1308558080034,2965.061635900358,23.919454416501512,0.09388803526589534,0.2622105010101862,0.22281748981549926,2.161478559669131,0.09042609235180166,0.3723812184069201,0.575595013060558,0.4922917786891348,0.17055686206758036,0.07559501306055805,0.0
1214.0331374916314,3732.202885266644,14.415834874434037,0.08194468087506349,0.1847894066014381,0.36309767361022005,2.154181974917859,0.10603046425264821,0.38730975609798624,0.7484360135777567,0.5179688906175811,0.3362943674976895,0.2484360135777567,0.017968890617581113
994.9692991926827,2985.3959269928505,11.949891964225213,0.06746344283164324,0.3622223900798185,0.3939074131752577,2.589131056945681,0.10259274007494235,0.36359536054516234,0.7478832577373067,0.48725202187848166,0.36401044333122606,0.24788325773730668,0.0
954.4194921775872,3480.3686171661634,21.79112046071437,0.10576828190802046,0.30724959311732614,0.1318029687541633,1.72545656058462,0.10588773671204457,0.3554133797830981,0.5759901990537801,0.4747355973114698,0.19205419382021763,0.07599019905378013,0.0
1126.3035530533352,1881.8174153388463,19.70082075289536,0.06815528690101236,0.13755338487122615,0.21343372943992756,3.4115514523177066,0.10212734818678292,0.38072708678308215,0.6750113687600405,0.6535871016042896,0.26984010911755557,0.17501136876004053,0.15358710160428957
1045.957482745355,4093.458336677102,21.524008584747925,0.08313889373702416,0.2143444793941242,0.3099056734777449,2.235418472373294,0.09405935460489277,0.36876814976535033,0.5895808031549492,0.49132165101915964,0.20913672764689228,0.0895808031549492,0.0
1301.745097077328,3707.051420542534,12.035270968969066,0.11437553398357861,0.4074241991619,0.2365697924027619,3.1248801452292465,0.09725099729197217,0.3790367751890756,0.647268606412561,0.4913556551403863,0.23708495011947897,0.147268606412561,0.0
1350.9777178164072,2294.269374409796,11.118077512217566,0.06387017353749319,0.12711360998695898,0.13701228905983948,2.838654075658247,0.09242720555259898,0.3957404562715639,0.8600090339269709,0.5604242219754358,0.38947653002559574,0.3600090339269709,0.06042422197543584
1052.270090060569,4819.474099050956,24.999947483748343,0.07166200964553673,0.17735352279788402,0.27548371598577637,3.1701097472514297,0.09803854345316443,0.3903536618021458,0.5907399505234228,0.5700030263679082,0.20022041098704327,0.09073995052342276,0.07000302636790823
1456.8435325554497,4809.291043502256,19.42282520960198,0.09908244171846946,0.3323618323785136,0.3915578522225375,2.6730081056998207,0.09625077798537805,0.3717832220067618,0.5961766470862971,0.4860467260498267,0.20000020659572887,0.09617664708629714,0.0
1333.192112980444,3098.0790510916163,15.61630706469562,0.06948972939640374,0.3916906190901037,0.3985328080594749,2.877547753811193,0.11426244536778404,0.39550547312535783,0.7525349737032392,0.5312196680576879,0.3333320035735919,0.2525349737032392,0.031219668057687944
1154.3794380751403,3130.5650505522676,17.537713652634846,0.05385476133632928,0.4427768459646392,0.41306203005086717,1.6128964453589776,0.1034389085167697,0.38763219873024546,0.7556328447886997,0.5080580888841535,0.34940838700074334,0.25563284478869974,0.008058088884153491
782.985571936714,4542.616244461928,19.797610708291003,0.07646756659812218,0.20583738791724554,0.36696312732481695,3.7470044204238646,0.10514285546461195,0.3743039493682774,0.5982444577382166,0.5787215036171995,0.22778340531826483,0.09824445773821655,0.07872150361719954
1098.7456054809386,1744.7423326696246,16.6803632783103,0.09750176242716324,0.4491009227454208,0.360291856575489,3.8017178294281635,0.11674338274184547,0.3837065618113577,0.651588953193641,0.5183802066821847,0.22772508914170678,0.15158895319364096,0.018380206682184652
1086.4604643622076,2135.481179529941,22.369226877079868,0.05973193536133832,0.39730684468693966,0.3022912255663319,3.7530986910502553,0.10899038657338914,0.36840384491702116,0.6221176100810307,0.4915704782306662,0.24183267811420067,0.12211761008103073,0.0
1187.5089190070348,1639.8542227733967,11.382641032587685,0.107445489815927,0.13986182448266127,0.17772344192254513,2.2687927165072868,0.09095844906759364,0.37555632752668505,0.7319453432882363,0.5249310031052009,0.2699390008833731,0.23194534328823635,0.02493100310520091
1006.2148104117134,3636.1605013775,17.682364638884774,0.1043948619300574,0.42337702031239133,0.2736131391170121,3.8673290790966215,0.1042746039867114,0.36106822983636244,0.5807575773749117,0.47359082404520286,0.20629153144115375,0.08075757737491174,0.0
819.0073707930297,2085.106242414331,11.290380631130073,0.10915760675075203,0.12252204307081986,0.2043328557649024,1.6800181638664948,0.118411640740271,0.3572017388539797,0.7729222953493324,0.5158813619686436,0.36413212003650114,0.27292229534933243,0.015881361968643648
1481.8541428447866,2093.1787911592223,20.735237850007024,0.10216410236284644,0.2567844165814308,0.196738702814011,1.7511015333259738,0.10856592167581446,0.36731609582117786,0.6461219857605482,0.5079641552381347,0.21661424201454127,0.14612198576054825,0.007964155238134651
1112.4346248317177,3607.46506437134,22.117963747027282,0.05556429362193771,0.43357880712959473,0.37267466596571663,1.2867580671918442,0.11182214214371039,0.3778935339467986,0.7217663278780153,0.502719650336065,0.33084468224088565,0.2217663278780153,0.002719650336065027
1127.344972542668,1649.7336350914231,19.7416030668492,0.06861508086941534,0.19542679700942006,0.11205682134856053,2.8229224016077987,0.09569582281654254,0.3864816688267719,0.6686260277264652,0.5711102367864834,0.251058612286236,0.16862602772646518,0.07111023678648343
1432.000195553108,4372.156221253357,23.588262759150453,0.0655139080041833,0.1891507274112249,0.4243093505444695,1.3785727226407234,0.1107178470820305,0.381120115707976,0.7050120666650057,0.5101660713911823,0.29921156607266886,0.2050120666650057,0.010166071391182308
1010.6396246756494,3059.8277893154195,14.574448756550371,0.07553144955186443,0.325652709545559,0.38241514414403943,3.4939568764405227,0.09115669670528068,0.38011824169768577,0.6485609110530934,0.49181565521989873,0.2593397079878497,0.14856091105309344,0.0
1248.438228382694,2651.7849134099974,19.659301336360368,0.09654131639927066,0.1901759417890413,0.43526365865606476,3.1013406828901404,0.10254621522752172,0.3969356309637039,0.6495344339511546,0.602153705820997,0.22087518638006354,0.14953443395115462,0.10215370582099703
1407.9010179495522,1993.7307234141504,24.612096354767836,0.05782736715899704,0.3707998289096909,0.20089067060902438,3.0957905301061106,0.09151291899889194,0.35765010056680996,0.5830769201097974,0.46677297662117284,0.2064712965469627,0.08307692010979739,0.0
1120.4122890818735,4576.615697313167,21.938983582366866,0.09376989905686378,0.4090048007505259,0.1279494874711384,3.8053742959353394,0.09230572985122153,0.37667926847116545,0.5554499144310144,0.4809185776734386,0.16896599738451762,0.055449914431014435,0.0
1003.5251359583681,3280.6628108484138,17.29718045876388,0.053036432120560605,0.37387936437537583,0.33463085418481536,3.131701609188129,0.11978603987885318,0.3851590599731384,0.7471654684952278,0.5236296161238696,0.37444763325431285,0.2471654684952278,0.0236296161238696
1189.784040144376,2952.0039681343474,10.412524451238362,0.10523971068661078,0.31338425965530836,0.2884209273838243,2.5708687353529385,0.10597896164797095,0.36591895209029385,0.7237427449037883,0.49994172108592144,0.3104589074431927,0.22374274490378832,0.0
767.5753522101013,4323.69043572293,12.748542488827628,0.1077929712837173,0.12752973506994697,0.2375860589627609,3.206734097910215,0.09603770808903639,0.3815470628841845,0.6326375690145182,0.5474521415725249,0.2526224562725393,0.13263756901451818,0.047452141572524864
1059.2811613441881,3125.4750226494734,21.032929349994234,0.10563509196257465,0.259024313512319,0.19778501196200904,1.497436908830687,0.10328276952691487,0.36720239938510224,0.5997407431575028,0.4844821651992609,0.19815217430653898,0.09974074315750281,0.0
1421.4594332885158,1734.3064285959533,22.927569322650434,0.07653680791591692,0.12035247241769095,0.20338711702437356,1.867416792627475,0.10957165806609956,0.39166423532355055,0.7280555517179748,0.5691720569282595,0.27278374973212544,0.22805555171797476,0.06917205692825945
913.8375151658004,1983.3430319776103,18.283163130460473,0.09430779676086702,0.35314097309190806,0.15648576119151353,2.177605588549179,0.10868280749099421,0.3826163601949155,0.6472650449257865,0.5102679118782736,0.2315840848001321,0.14726504492578651,0.010267911878273583
1163.5297709745587,3898.7866476570143,22.556101941660955,0.09497105348282149,0.31366269240071987,0.12011429359865802,1.2648010853146152,0.10294555818654708,0.3650638241308972,0.5994135898278263,0.4792481128587095,0.20269715700570354,0.09941358982782633,0.0
997.4527404481264,2569.859571126627,10.139597644837874,0.092241259443888,0.10637625125502058,0.2070575967429543,3.0539266068150344,0.11294893999508966,0.37682981573400726,0.8228702368858629,0.6046103808002348,0.40666153195541416,0.3228702368858629,0.10461038080023477
715.1594950540131,4174.195726977952,13.552900243653804,0.10862934871833926,0.23192128930014014,0.42970187385705105,3.347682989933802,0.09617245035995475,0.37405471211442165,0.6059447169016388,0.5203351857911279,0.2344900751121629,0.10594471690163876,0.02033518579112792
1048.30602969398,3829.8849851742843,16.633299450673967,0.061473818169232024,0.4171511293113671,0.12634782445967688,1.4514106950981778,0.11879101717279228,0.36003085522586215,0.7616696184358442,0.4943813106790071,0.39189785305175073,0.26166961843584424,0.0
939.0396001723202,4940.099182133702,23.022910874032398,0.06213284811566004,0.3848194745255884,0.4051898847424651,3.1413787934981925,0.09694434187533583,0.3854467532137029,0.5987633673825867,0.5014221279248173,0.2218608940318106,0.09876336738258673,0.001422127924817329
700.6158152895865,2270.9436543448983,12.841508290801164,0.07963250934080675,0.21125401945844252,0.10649647721670143,3.291258875339015,0.09487432877123674,0.381261323504873,0.6679029037481999,0.5427411635414195,0.2878043556978895,0.16790290374819994,0.04274116354141955
1394.4056269008297,4478.015113959272,17.92402569135611,0.0621871236732311,0.16655286623437246,0.2212069724783191,1.857748910922239,0.09403344633740648,0.3577634886421738,0.6858753404788831,0.4713406999535191,0.31666784944904086,0.1858753404788831,0.0
855.0716344459638,3527.186779169934,19.32152408100555,0.10721945236789422,0.24970151422518524,0.3932281844046108,2.378734791246747,0.11583851036363155,0.37036498708151044,0.6200110682420805,0.5259486449161844,0.22687126217060605,0.12001106824208052,0.025948644916184427
1043.3096625066828,3738.2527473927707,13.928085679266312,0.08462401139392331,0.29511499709641104,0.37425845864949003,1.677113360925179,0.0945510695663323,0.3505007884290424,0.6643061567246968,0.4618756680733576,0.2920078864994349,0.16430615672469684,0.0
934.5681480901868,4514.5202178683,24.71666082681454,0.08227230915566494,0.34616743601755384,0.32501213953747154,2.583728238191057,0.09480888469812825,0.39335780499512574,0.5821119678654105,0.5103367389239692,0.1785638908673085,0.08211196786541053,0.010336738923969246
1412.6617039557796,3378.8348068494306,16.39840436996655,0.061929033878554265,0.2572001058702428,0.4266274141321993,3.721012196576524,0.09345427751454032,0.35941131670625437,0.6627588229962802,0.5007987090856899,0.29326135131834835,0.1627588229962802,0.0007987090856899082
1069.7767126853298,4696.005085752844,22.271822697924087,0.06673763783952255,0.16007456908273754,0.3291997420661461,2.5214989041904254,0.10058149827602138,0.35742106128586304,0.6053932015302815,0.5008844243333226,0.24711159906887126,0.10539320153028153,0.0008844243333225865
1156.439189059525,2820.898853061054,17.394641536980078,0.06655110643413413,0.3335502675515904,0.44911578041832734,3.2303916564409865,0.11928547988477547,0.35478116640563573,0.7027945176431696,0.5024360031401913,0.331890277430514,0.20279451764316958,0.002436003140191323
1088.6963748047222,3033.1390353974425,17.70030873572842,0.07375682633655535,0.10919167762772179,0.22759000858623585,1.8919010745660216,0.11472774274001926,0.36051645632621043,0.7242759905039351,0.5065102902590085,0.3427705234478056,0.2242759905039351,0.006510290259008511
932.949575829417,4046.447804540132,19.981713578657157,0.10365818695247375,0.2600465482814459,0.18564995348387398,3.9307846537845763,0.11343211588017206,0.3781199026504868,0.6003822282630678,0.5576313578878962,0.20934783024845288,0.10038222826306775,0.057631357887896195
703.4384771380692,2299.3229552615976,22.76158538994371,0.11241008086592483,0.426906875146424,0.42051586603339297,1.5721902873413933,0.11297651658321421,0.37318596382069247,0.5928722569188161,0.49478184382491047,0.18224024220977048,0.09287225691881607,0.0
1325.2159987756743,2482.983551700055,13.333121904737654,0.11128348724980922,0.14482831906418475,0.24370721714223892,2.4633651577598994,0.11596007970510287,0.3924837861025591,0.7694641656757852,0.56489057565263,0.31024193421492,0.26946416567578524,0.06489057565263001
1110.6862581306755,1752.3263101311366,24.543634949764098,0.060425409600101884,0.22413570518689785,0.174397531101317,3.1782820601755573,0.10546815673794775,0.37393060092518327,0.632739243832859,0.565944510459325,0.24174960607018806,0.13273924383285896,0.06594451045932503
814.3894653693148,1818.3119578824576,12.390441009547903,0.1093971431967484,0.42229160414011946,0.29700614115278046,1.835011794143505,0.10887983956027764,0.35548216962649654,0.6591724670424586,0.4843295406459277,0.25934452116350676,0.15917246704245858,0.0
1066.8894877600528,3119.2222325481844,14.361362747825016,0.05698143064404862,0.3867837158199603,0.18481382785246714,3.8391074837216133,0.11031901052686424,0.3946789122524836,0.7471169401070239,0.5214005713029909,0.3552790923473152,0.2471169401070239,0.02140057130299089
734.1599691646354,2566.269143314711,24.29881848781269,0.10796529813012448,0.35095256730264934,0.389754936279581,1.2545466620598344,0.11751146462343154,0.3987687041038654,0.6320298235570777,0.5262051757430861,0.19255877344397468,0.1320298235570777,0.026205175743086118
1032.803505112197,2209.792856083198,19.5743602444636,0.07736104333285494,0.2837221715662499,0.317588687756289,3.0335858448508346,0.10755648846681243,0.3951012907903418,0.6682491343768134,0.5488772022138843,0.24959131688783612,0.16824913437681344,0.04887720221388425
807.5365640688423,4709.206407257227,13.536788944833276,0.08617901792568874,0.41103636844557,0.3857057738178107,2.755392583872639,0.09713281837191984,0.36644090451545147,0.6410487096789317,0.471021900659803,0.277391125783711,0.14104870967893168,0.0
750.298705566721,3621.276397349065,16.29955523720682,0.0927544626986233,0.4189303076193316,0.20261220805699176,3.9048619648145064,0.11998609272827782,0.37636007033856156,0.6387280033970116,0.504680980333466,0.2645281670758092,0.13872800339701163,0.004680980333465978
768.2366128003326,3339.952658418391,21.9946295508363,0.08569979434308592,0.3522506740430096,0.4293406710061949,1.4427507883928912,0.0901077664760245,0.36249567926358367,0.570937578400166,0.4599660784929358,0.19269701293566982,0.07093757840016601,0.0
1037.12284525883,2978.0536798883377,16.77495231878025,0.0715269223303325,0.399179639996182,0.15149188187556245,3.879317072722285,0.10505941931427666,0.37920216609725993,0.6487885833590816,0.49656586967927213,0.2637547334420989,0.14878858335908163,0.0
1149.471426986652,4509.207833572174,18.868645126381814,0.10278509284596361,0.18795989058334284,0.17205676085195157,2.808751433990757,0.10207917401201191,0.3827774181798165,0.6133429551174598,0.5347678100776543,0.21317873783309993,0.11334295511745984,0.03476781007765428
981.9997083085859,4428.873448845066,22.43336986963439,0.09569655331149819,0.42447804734335604,0.1669160781876432,2.22511691953798,0.10654573818001886,0.3544636926891351,0.5697573227068761,0.4700417633175353,0.19662717838343874,0.06975732270687607,0.0
826.293349995849,4226.246142051027,23.829079688742745,0.06423751236324701,0.10558403481977727,0.16088811381038065,2.3953520813075047,0.10812306063273669,0.35173954529344587,0.5904866237107937,0.5145698522571153,0.2476806429846792,0.09048662371079375,0.014569852257115268
1201.614266389619,2124.218617242985,24.899979938872054,0.052732875480221215,0.4378640209356114,0.22385540688793332,2.5357830126059326,0.10266586249651204,0.3506419650272056,0.6040562748528812,0.46742967345514896,0.24191249694341646,0.10405627485288116,0.0
776.6928994008439,1593.941904485812,14.770883125364222,0.0872063567901106,0.2900189527759176,0.4314954866210703,2.5647194354248586,0.10366098197325231,0.3845027633180207,0.6861107439310887,0.5194784207234622,0.27252742659256907,0.18611074393108873,0.019478420723462175
1054.3496763680548,1705.1530277854683,16.88590737188439,0.0534698435218544,0.2506600764555521,0.4270775536121245,1.6206819982655913,0.11717744846299614,0.368944852543532,0.8436585644723709,0.5346166226076002,0.4146605682575964,0.34365856447237086,0.034616622607600234
1238.9464437665392,2012.1368891796692,16.598896235814507,0.11724530687099359,0.4030929572775701,0.36477242412918787,2.818880239204236,0.0966184708638115,0.3592907157897523,0.5841611139893946,0.47379142581860834,0.17937336853896335,0.08416111398939463,0.0
906.4660789312347,3667.1122944297717,15.880458073063945,0.08583786423450729,0.4202548648225991,0.4346692175205068,3.0934527001482097,0.0919696207443598,0.35107161375229434,0.5832716115882524,0.4513033438988937,0.23084905694976268,0.08327161158825236,0.0
1295.3596287089968,2250.878063072557,21.736302214634378,0.08350544248958539,0.24777131779094597,0.26112754037924735,2.44757461545155,0.11186199122482413,0.38210308012335814,0.6665503651389603,0.5561537484646811,0.24692240328963225,0.16655036513896027,0.05615374846468113
1297.991600613263,4758.815741781198,23.390271407846875,0.06476169181135805,0.43967699210557554,0.16498215774201597,2.9862181420448533,0.09680075876562234,0.3608679016545132,0.5830237453756048,0.4662068831940548,0.21786194955591998,0.08302374537560475,0.0
961.3713683766182,2854.1564294175714,18.155935548239377,0.1183881519883489,0.26328858393140286,0.3419526881921063,2.9511871435139807,0.10387003155810637,0.3534832199271653,0.5756016267351649,0.509217856287323,0.19534944221849174,0.0756016267351649,0.009217856287322967
878.9974345448312,4880.79900919648,19.217436432520202,0.08045442412435934,0.22152438924607168,0.2556472337247953,2.5489105245849197,0.11641196891454039,0.3852481626668864,0.6616673586407796,0.538899701229911,0.27629930445427264,0.16166735864077963,0.03889970122991104
724.2356489412166,2707.410749864037,21.139147223929562,0.10706658486137047,0.1440819325660309,0.27299590850425137,1.4827538667519393,0.1027858223968305,0.3622719547692215,0.5836737684624096,0.4847082858497484,0.19480862313764405,0.08367376846240959,0.0
1235.6558715302276,2434.6810016974755,23.951993088293264,0.07332584899154196,0.38582599647125604,0.23489614865894062,1.091189929936412,0.10658829241589723,0.3655558494403523,0.6458588302337499,0.49006274953420614,0.24003751971022835,0.1458588302337499,0.0
1095.71494170834,3552.395700199293,10.892256919320598,0.07530794849520543,0.20416900367285123,0.23546970923085134,3.6565105947201464,0.09808343377447645,0.3724712953906067,0.7466220148061629,0.5331202296427276,0.3630303189087647,0.24662201480616286,0.03312022964272765
1426.7868075623742,3036.101071180522,17.817116764296195,0.09137832321258892,0.28252788612883384,0.25843695205284056,1.6943730902666703,0.10309344179127591,0.3629917095609212,0.6580114370886132,0.4899386867180045,0.25036213267630353,0.1580114370886132,0.0
913.1219046383476,4875.5439216825,24.821644120817446,0.051350584679119585,0.4275302967016954,0.3131552627398,2.139748613173656,0.10919612706015992,0.36129767751992964,0.6238644632242561,0.4800764235427452,0.2780509102744137,0.12386446322425615,0.0
798.5364461032193,4171.266412797942,17.075061218025596,0.07668095418947166,0.15882500924775683,0.13864767603121023,1.12272127437708,0.09080206287692126,0.36190400071880124,0.6387636513557746,0.4637921346494222,0.2696724621627453,0.13876365135577462,0.0
838.4222465049089,2643.89936627303,24.35047380806244,0.09200511875775409,0.4191035590533565,0.22366405301605857,1.7562452920210307,0.09919656471372171,0.3810481914482631,0.5812051133757221,0.4892956402381866,0.17672682194369968,0.08120511337572212,0.0
1487.3885672257884,4992.542872251018,15.808420078211954,0.09874040370519763,0.32077636634520273,0.33254628308848366,1.4319188752071104,0.11637185469641467,0.371571723817325,0.7064878986312164,0.5063900566045955,0.29251231669926864,0.20648789863121642,0.006390056604595462
888.5703271941509,1913.226543666914,20.26460436928662,0.05949408760718094,0.3147853006997438,0.4157173166575998,1.48549851135084,0.10781565966446387,0.39055771165880093,0.7303701549736106,0.5214736073206745,0.31562965903143825,0.23037015497361057,0.021473607320674493
756.7652057190601,4834.1796117581625,22.015605338913133,0.09976463362422638,0.26113952437358845,0.291611155111299,2.600013306652583,0.11885672914257185,0.37445256583821135,0.6019443329353314,0.5323247577851092,0.21045817667095373,0.10194433293533145,0.03232475778510924
730.3950755670238,1544.4094570219654,12.17147974136804,0.0657242739750605,0.23662952876078513,0.38820972528901376,2.541438546119659,0.10774483308788259,0.3671223441575535,0.780773770877509,0.5269198600414828,0.38071002555904204,0.280773770877509,0.026919860041482835
736.171551865913,4275.593050004814,24.96879160908228,0.09445833908095214,0.27919343764569715,0.3007734917490431,3.192385474186315,0.11576988208416661,0.376010090905464,0.5765070594265724,0.5536104093949952,0.18501498070959224,0.07650705942657243,0.05361040939499517
1209.7150274686824,2232.728553512754,21.711294153386532,0.09504454204858655,0.255920664924381,0.38027632231017194,3.7193679706065437,0.11089406595568758,0.3585789970908688,0.6018737568546356,0.5324887189589501,0.21430171905488005,0.10187375685463562,0.032488718958950114
854.5418338697307,3953.678508982968,21.43872570236404,0.10342237303832807,0.1984488374643589,0.27473619435841856,1.0157084833808692,0.1090629374748508,0.3740864206053737,0.6197048632825366,0.49351907364699255,0.21152474781951036,0.1197048632825366,0.0
1423.2438973576525,2834.0412483187533,12.88043385733773,0.051902081202945524,0.14333913978379953,0.285760769559142,2.159507054197907,0.09943796216651332,0.3923368695514169,0.9158221660952628,0.5463659645261381,0.46120954870828323,0.4158221660952628,0.04636596452613806
1338.456591432897,3469.011637786931,10.672915853347487,0.060552497504170896,0.3348129035005158,0.25209170262489244,1.0477682411522888,0.10708850125637856,0.3920636209666811,0.6366342471422486,0.5228977905284926,0.11583670078722529,0.1366342471422486,0.022897790528492612
972.0323574222325,2603.675590108469,21.819306531787515,0.07472694103396908,0.35015557515838247,0.17756696441765552,3.0640654012520168,0.09468455917604185,0.35068733502588467,0.5621299232682753,0.46887929517666105,0.20109690476473518,0.06212992326827527,0.0
1359.2383958891155,4999.478511386793,23.676792699139057,0.08246554489677367,0.3015336241863813,0.11249703738837707,2.3318735177619963,0.11451972705706466,0.3550951439036173,0.6092823771341722,0.4924615063086858,0.23554498711863178,0.10928237713417221,0.0
1491.0605652617019,1694.2872141619891,21.308563899227607,0.10509967999245554,0.1325421451729493,0.2640595530625154,1.6328120277761173,0.11961433292067221,0.35116727499048,0.6933472114521015,0.5265219170390402,0.2511166130822238,0.19334721145210154,0.026521917039040166
990.8055994124222,1529.763868304383,14.437316368662486,0.08370304386790225,0.15011607280478617,0.22135145079305707,1.7620608035646164,0.09517337972124991,0.38886107177285906,0.7453228409375701,0.5316136082469097,0.2960075853060695,0.24532284093757006,0.03161360824690973
1103.4012179900947,3759.996355734374,15.205850995976402,0.11688902666810366,0.1926340868691488,0.15790051722666112,3.1158566950550557,0.11107693147433288,0.390297867193134,0.6621090575567814,0.5724381166821647,0.24726135193714688,0.1621090575567814,0.07243811668216471
702.0228125589651,1872.0434419106205,17.859660966570505,0.0985395430198854,0.38906384224023494,0.16151224028332412,3.3387667787262023,0.09952366542671698,0.35157696927010584,0.5618422382917581,0.4617691961905176,0.19491899756434503,0.061842238291758056,0.0
975.3327471199791,2718.3319825955327,13.222569158947524,0.07479573224203376,0.1548429727215762,0.26775001589974656,2.3746842392408993,0.11629743440076487,0.38409688240863654,0.8139516659317505,0.5520720652351636,0.4061927328772201,0.3139516659317505,0.05207206523516361
989.6487947028604,1915.5174968142937,22.07362331086702,0.07508703731732334,0.37169051157199706,0.2548681268174454,2.474513334841717,0.11439784101720168,0.3936840883442898,0.6636345402236721,0.528247742820383,0.24321008712077927,0.16363454022367208,0.028247742820383004
1343.8271263994188,2656.5972972194645,13.649419091697547,0.1065784926913484,0.4432682636582034,0.2056778368713006,2.2104463882124694,0.10550025788324875,0.386246405841773,0.6718840898551187,0.5110824999258141,0.23710838550537777,0.17188408985511872,0.011082499925814115
1416.1385564238408,2894.3312389225193,21.550720346833536,0.10998389950576956,0.2547677399299045,0.40088719609821843,3.3817038476725187,0.0944209355560594,0.3994191626614525,0.601080193918224,0.547983687369384,0.16730986955849517,0.10108019391822398,0.047983687369383965
1281.6467756667337,3601.4078827367266,20.06638415392269,0.09046063166781465,0.3305999725748374,0.16312540145036836,1.2953420057005813,0.10025606780906658,0.35431891811869975,0.6124628808604412,0.46928118862642865,0.22495640094880648,0.1124628808604412,0.0
1040.9609671698397,2082.570305162127,13.041391363818033,0.051719464058096465,0.24423217754656576,0.1915822667477217,3.5443972451119934,0.10543540999343089,0.3688393915215852,0.7811046522060525,0.5247616791070967,0.3805771629456503,0.2811046522060525,0.0247616791070967
1326.2380067827319,1601.902114344754,11.4308203058308,0.11295159484366372,0.3784288254704724,0.2266721269471612,2.767005766009619,0.09214277068340856,0.39183977735052034,0.651874909654788,0.514854211060624,0.1904325978461182,0.151874909654788,0.014854211060624012
976.6892976815208,3970.5774251990733,20.0148670517409,0.11986010341136967,0.44690038704892365,0.32707410185021074,3.8567755985163616,0.0974990640016101,0.3932457863050479,0.572778272479624,0.4963420876833236,0.1584754707290288,0.07277827247962398,0.0
1134.6460550468041,3534.4854567277116,18.98701410739693,0.10078570338374357,0.3186705578175648,0.2930975895813904,1.2597419316158909,0.10066017967255295,0.37692836085045694,0.6292435799990682,0.49141515638593614,0.21640511030929926,0.12924357999906821,0.0
1056.698803849448,4482.070550524875,20.703156467632073,0.0722889470876496,0.20465129535281457,0.12194952650605895,3.0099634813295215,0.11310148325438568,0.3865641002388787,0.6529622015335161,0.5684981307895792,0.27206308920594957,0.15296220153351614,0.06849813078957923
1460.299826866151,4080.530313628884,16.525896457660195,0.11656297064259155,0.20765477351269268,0.3974149628582806,1.7491517640604348,0.10945363601055005,0.3774560355337396,0.6631296968695135,0.5083394240018712,0.2384774465892782,0.1631296968695135,0.008339424001871154
858.6631236098559,4676.087287720322,14.302010784505978,0.09914700807902527,0.3908110759966499,0.2921398519036067,3.150397904434065,0.11913361203739029,0.36806122727071783,0.6655296707481755,0.49868750112227617,0.29080907387603416,0.16552967074817548,0.0
1000.4401791897925,3896.4519735431973,13.743465326071785,0.11048613495588108,0.18211172118281327,0.3845730886745553,3.682771241034886,0.11869695294370798,0.37492676690431487,0.6820319162483838,0.6002550976056726,0.293116358681137,0.18203191624838377,0.10025509760567264
988.3020715231057,4420.79761075372,21.21405299047054,0.0753948918430949,0.12905090606454028,0.18682594192621022,1.3640808565311546,0.10694518953933525,0.3704549145642161,0.6540786631851613,0.4898201435734176,0.2707915402702326,0.15407866318516128,0.0
1139.7097079319635,3855.3922714128685,17.129359847147054,0.10690567446266096,0.4423268610088199,0.17388808037358108,1.3152566812088704,0.11679728299825247,0.39449835973728453,0.6809332233406983,0.5234007987548196,0.24754789955054898,0.18093322334069828,0.023400798754819596
836.1883395801036,2445.7397717731333,19.16780554838563,0.06399250920159695,0.26488426543029303,0.32646485631280053,1.19732555516996,0.10537967902230433,0.3733416967221913,0.7158873354123034,0.49832651153946345,0.3235847106298233,0.21588733541230343,0.0
1101.8713001390936,1724.6859435932436,18.80538756029474,0.1152026490173238,0.38864741067383635,0.3908531242023794,2.1681340450405093,0.10927290966952746,0.39842115801263916,0.6449976161562929,0.5282952088831969,0.19333659701165315,0.14499761615629292,0.02829520888319692
1290.1078143193195,2106.640300826398,12.085087012776873,0.10621511066154957,0.314136817851421,0.359238810831506,3.496873952718006,0.09111907028585205,0.3675967595912882,0.6426328013702294,0.487419221225742,0.2237215203395342,0.14263280137022938,0.0
1309.1139220990626,3090.1760952790273,12.614293357344529,0.07703010832750927,0.20208154503806364,0.4043436770352493,1.0069393070460049,0.10047959169535192,0.357931326366044,0.5988817498919504,0.4859285686703696,0.11657382003541357,0.09888174989195042,0.0
728.3613100069508,2923.4774676459856,24.235208213188137,0.10474488321002035,0.1022262557909854,0.22830531326946346,2.1837661948623013,0.09968323935999823,0.3893280642589472,0.5749482214953807,0.5564964096191722,0.16378424100150113,0.07494822149538072,0.05649640961917224
794.8998150396202,3919.438753711845,24.85061623328607,0.05484466831832911,0.3217180432486324,0.36404380267764513,2.9570577980064767,0.10487186092999737,0.39146274965368716,0.6134140061424663,0.5359990140587437,0.23504678818734118,0.11341400614246633,0.03599901405874373
1479.178103148108,4186.874507680863,14.821570222851786,0.11708408382811306,0.23993459497312786,0.35710240155495965,2.899637763411839,0.10191493700560639,0.35220544755974925,0.6207187041931032,0.4872358855522176,0.23345829524723974,0.12071870419310315,0.0
760.4251668729066,4638.91910547738,20.840874475579547,0.06686782995414499,0.2501165682152923,0.36576262346409116,3.834409001510456,0.10225385764909314,0.38894097649521864,0.6059946549118367,0.5607213247136588,0.2321196957941604,0.10599465491183668,0.060721324713658764
1014.3049428336449,4627.143546345863,22.578786019977798,0.08183072343417266,0.2839162885817005,0.373762042875722,3.8135530844564345,0.11992956138053251,0.36932537665362336,0.6117289846983263,0.5505966832386214,0.2321355329989556,0.11172898469832626,0.05059668323862143
864.0810864974171,1781.797934305644,20.03789017669441,0.0906308721224649,0.20333501223941136,0.24467916034387702,1.9954298011233604,0.10922177439991525,0.37774202539537877,0.6511588382510527,0.5498859997863571,0.24245327992115215,0.1511588382510527,0.049885999786357105
1179.1512396099213,1854.8775305305185,18.712273788780728,0.09770329259679741,0.267697583573579,0.29931637310410075,1.304399679642619,0.09471423008148022,0.39863045921347895,0.6642132262686932,0.5219136532100684,0.21025475512275643,0.16421322626869317,0.02191365321006844
1064.6974383278832,2107.0039203334645,16.846526493249314,0.08803759883916153,0.10438408319953876,0.1340555725423449,2.668774599356682,0.0920669289203133,0.3637988359723655,0.6380316003085862,0.6070746541970006,0.24423816270245763,0.1380316003085862,0.10707465419700057
1489.5834009009668,3288.0141531287113,17.76747875911161,0.0683662248927852,0.22543916741045844,0.43893096958577904,1.637445258194036,0.11388203894332413,0.3788419253676304,0.7863830478627225,0.526138005131871,0.3616389539147695,0.2863830478627225,0.026138005131871034
1174.0671925158658,1775.9640317501571,23.43116353995717,0.07822597115199204,0.43167890270281917,0.3961748094017351,3.564889875900918,0.11029831262967177,0.3738089469940698,0.6082876788671142,0.49953101107118103,0.20261594457978874,0.10828767886711421,0.0
944.7228531648395,3943.83596662109,17.477974228187023,0.0693058143210738,0.3639494574310287,0.37734002146465684,3.9789939924124087,0.09507174889222793,0.3561806650405097,0.593270960193557,0.46906349347135157,0.24750078835215888,0.09327096019355696,0.0
1028.4377137717436,3185.7166227812827,16.22937623163233,0.10197119336165478,0.1423027178265789,0.3102734376438109,3.6199752079616245,0.09744422452454049,0.3773189407813942,0.6172816553582389,0.6229779625787338,0.22861381719719837,0.11728165535823887,0.12297796257873383
752.5798338192459,2147.785185673637,15.109915741819819,0.08214181273463794,0.10815075021863137,0.14973456414167263,2.640712209674459,0.11884071904580933,0.38486424638910727,0.7313090386858219,0.6780688213214303,0.3393521071471025,0.23130903868582187,0.17806882132143032
1051.1528344832411,3303.0587460398265,18.649709636778788,0.08133612425235504,0.3049996199214297,0.3306861448765994,1.1183008111497108,0.10580401133390349,0.3630196927980038,0.6736783243298204,0.48573046691469557,0.2779467772286956,0.17367832432982044,0.0
1142.4702448495343,2785.570582878543,19.539986010844437,0.10231422814121381,0.16850360287218388,0.4046426110961343,2.215488432448016,0.11546954756117112,0.35270746675418335,0.6362925577303067,0.5240642166146635,0.24446612743783816,0.13629255773030668,0.024064216614663514
1418.2815898380882,3595.2194341467125,12.100567522416123,0.05754543997185343,0.4451315987311566,0.17158585694479292,2.780076222238932,0.11714412692142426,0.38052707282148157,0.8391041899234409,0.5220228651484654,0.42760050897048285,0.33910418992344094,0.02202286514846541
992.5655690005985,1758.405998869674,24.207017181357614,0.08093994508512656,0.359173421574556,0.22530849978472847,3.3259955616232046,0.1109691737500086,0.38900400537397517,0.6166739328211975,0.5243296567256471,0.2027351866726556,0.11667393282119753,0.02432965672564713
718.4968984330316,3749.6627814001185,22.871861402761397,0.08235012177596363,0.17002967233013733,0.1921528739565705,2.8026763079426753,0.09296219496784841,0.376647188617506,0.5595026580105134,0.545310949887052,0.18093685825810546,0.059502658010513354,0.04531094988705198
1275.7001198705716,3703.8979030008463,15.945764305613686,0.09840344633444606,0.15322139695583858,0.3687500874325774,2.1179308257123557,0.09811434174697428,0.38228629876009346,0.6676199718798956,0.5031216334173563,0.25490650148595184,0.16761997187989564,0.003121633417356273
934.9801650844123,3938.309663375493,11.417742212809511,0.07436197094011054,0.21782382431677128,0.272346466777896,1.3249986784544214,0.09550102667014856,0.3597072373034112,0.770203839483553,0.4768543913708319,0.38797815449911055,0.270203839483553,0.0
926.4859210237421,2155.213452925474,22.63208783278005,0.07129393385877578,0.21802732371186506,0.4013577800438157,3.5670694934969536,0.11936013998471828,0.3974653549897317,0.6643031680867528,0.6200696072909628,0.2602462770417482,0.16430316808675283,0.12006960729096283
1135.5335335265381,1940.2711899796905,15.453117620581562,0.09253880012450563,0.3757109882109938,0.44294109752085464,3.554734410299077,0.09146808146188772,0.3552660176686107,0.5960140078231553,0.4659440859622474,0.2065472058709689,0.09601400782315528,0.0
1136.5184190113569,4336.703130949099,18.96424426811233,0.08782792508276877,0.2991690268490342,0.12970893602772793,3.5491839523511697,0.1128454836508785,0.3881623387797882,0.6463254391006075,0.5453750142559829,0.24525654683792847,0.14632543910060747,0.04537501425598289
874.1833601989592,4029.855628783024,10.399400051261813,0.07224200243239089,0.4107081926315872,0.31718400356221155,1.7447430056656457,0.10168585846884856,0.369674033884004,0.7882913424367461,0.4870128507503191,0.4075412521082087,0.28829134243674615,0.0
952.8987168543865,4965.5028599054685,17.84122489745633,0.05845037393689402,0.23511750383134655,0.34452387904821646,2.366503474442979,0.10355740346960293,0.37599948357955026,0.690628377159863,0.5036927800743015,0.3285007191535899,0.19062837715986303,0.003692780074301516
1125.0733386575357,2623.287144652592,12.65835899100066,0.10837772196490739,0.23248676463810614,0.3468735256117367,1.5835323869597882,0.1028181792102559,0.37126846123346274,0.7074030709805368,0.5048298599390422,0.28167196109638537,0.20740307098053679,0.004829859939042169
812.0958592853563,3681.9677138183197,19.871395327808017,0.11503392701641539,0.18007529320316545,0.14704055139980982,1.2711790515144503,0.09075126692864391,0.3616928314060594,0.557095187359486,0.46136657918991,0.1696303174319955,0.057095187359486044,0.0
1220.088512446956,3624.384534840053,20.22114146677897,0.11680792290069705,0.3080054708568618,0.3705545311620013,1.4466312017897016,0.10890196030087214,0.388490597496756,0.6300787135301168,0.5113592137381857,0.19629519911409266,0.1300787135301168,0.011359213738185714
1473.4695668782176,2641.1818321609417,12.36384993479355,0.10115971196433778,0.39347325122834353,0.41749571433979704,2.364607071261241,0.09047972089302002,0.36417955546465386,0.6405209717912532,0.4782480337843664,0.22398223575700832,0.14052097179125322,0.0
1221.773203217801,4956.906352823402,16.327623666697896,0.0758256864034847,0.13900120538426428,0.4247156309540151,3.4221096576274768,0.09172426200949425,0.3861127486303771,0.6530933681898953,0.5548069240456266,0.26690252420969307,0.15309336818989527,0.05480692404562659
955.5015487266498,3241.663089503792,13.825990472766463,0.05413555876304261,0.3893682118948657,0.1637028204898628,1.1480768226537594,0.09842349333167691,0.37093112790126664,0.796502487993247,0.48901713054762175,0.40553454554919793,0.29650248799324697,0.0
1306.7253741704058,2015.6473843529495,22.450927275860046,0.10809598285680708,0.4387319388547316,0.3189228660443497,3.409678079645179,0.11067035688237774,0.37872053136408934,0.5951485260944781,0.5039668248168152,0.17248385128741003,0.0951485260944781,0.0039668248168152065
943.0578564900728,4235.808203396568,17.24616351695519,0.06692366798286394,0.1914707722173276,0.4494935351137662,1.6041890216258943,0.1100286171401249,0.3872345431711857,0.7499657952369869,0.5130652780358573,0.35679817008240244,0.24996579523698692,0.01306527803585733
787.1157313298121,4609.8465156879165,22.221423814164154,0.07389477433738752,0.33039208777184276,0.2827396861590733,2.32801834701176,0.09839167868003845,0.35377066591679623,0.566723456710744,0.4712809116513081,0.21675074516854212,0.06672345671074398,0.0
800.355258982266,2577.8133049071375,12.872531444819927,0.05303000326219617,0.43667520702928264,0.25629748574486366,2.3567367204611456,0.11900488937467765,0.35354220253122004,0.796737557693971,0.4907493734241783,0.4418673363999138,0.29673755769397103,0.0
1354.0056088193924,4134.577058998979,16.99313969418223,0.09944978800111184,0.16732557553086402,0.24171055578235573,1.5895138639340287,0.10352552233821011,0.3956569081894268,0.6862189889917629,0.5193970432617125,0.25562841193038205,0.18621898899176292,0.019397043261712543
941.1326341970498,2550.5560778406316,10.252639981972756,0.05624630359786056,0.3175181714440799,0.1262254477089431,3.629685104468091,0.09283358452454743,0.39067974237625436,0.770161504417613,0.506651522818055,0.36106446248794516,0.270161504417613,0.006651522818055033
1443.5375436443871,4608.654048175936,10.822538150514115,0.08995179269841937,0.4025043442920694,0.11797823914564852,3.6507578385431714,0.09302334754625394,0.39616738207851165,0.7052939281115843,0.5049782923307851,0.28684166777796916,0.2052939281115843,0.004978292330785061
1310.2866480349037,3768.6564521017845,10.563491505028537,0.05962818664053918,0.21940830319999843,0.14545167745940965,1.357869952818465,0.0946030400379706,0.37970223703630457,0.895088117637307,0.5135955489665072,0.46319990361383645,0.395088117637307,0.013595548966507165
971.0465315913043,1718.3433315107382,16.602582621900737,0.0728190269218829,0.2691187931658031,0.3301079281276763,1.9053906301971528,0.11946400598851065,0.36670102586407666,0.7558365786680554,0.5228872866637376,0.3429246136937425,0.2558365786680554,0.022887286663737627
1367.7254640615267,2500.2718783116493,20.974598528249032,0.07190416959290208,0.36330507464487916,0.11980292281633079,3.250815846414733,0.10710661607590233,0.393997105838451,0.6609412193192301,0.5205151445623257,0.2409746520860483,0.1609412193192301,0.020515144562325727
1452.5453525567941,3159.685044786849,19.577463354233316,0.0689535054096252,0.23879188008863697,0.3093970321728744,2.576914602464093,0.09791833972901799,0.35077834039181494,0.6424862066532269,0.4927707309412348,0.26907112256649585,0.14248620665322687,0.0
1007.6340488453836,1711.039689384209,19.043112879081136,0.057117976989257274,0.10074338968939729,0.4476011482483999,2.4799836827995594,0.09948180179162915,0.37823068802771137,0.726999169221519,0.6964300180149943,0.3235957920478085,0.22699916922151897,0.19643001801499427
732.6794431508556,1614.6706825883014,14.960428161002223,0.10042483709315696,0.15289883695734047,0.4106458265915073,3.04481270636137,0.11177734081631518,0.38313644051238804,0.6883546671810207,0.6336997611211945,0.2795986619783368,0.18835466718102067,0.13369976112119453
951.268731327338,1552.2746425654018,20.445423347798872,0.06139389135947618,0.4415908540010738,0.10402621063101257,3.675550067677222,0.09862538083965329,0.373587320058912,0.6019719445381292,0.48571354440146525,0.21626521347036373,0.10197194453812919,0.0
1226.4011026964313,4699.385415420829,21.964217067486516,0.07950444435854959,0.37782634814476945,0.1458244887061907,1.2208396287085452,0.09757345804230047,0.39834617120909815,0.6448250798856853,0.5053358934511436,0.22546455004923033,0.14482507988568527,0.005335893451143603
870.9057103896276,4223.21447777799,14.1663246922524,0.09055529093434327,0.3959375704497686,0.1153590425990033,2.8488919357599842,0.11810581684917199,0.3665494053718128,0.677134782482391,0.4949324564455081,0.3132121510113764,0.177134782482391,0.0
883.0369251384626,3541.8592066064284,18.470861901944076,0.07031221391278583,0.4216887563416627,0.365045523182986,1.1731407569724928,0.10940586485539039,0.38475492669940126,0.7160451754518733,0.5059192860206426,0.3148313195834257,0.2160451754518733,0.005919286020642622
1431.062810488031,4584.929007504064,14.054740082252868,0.11866594445925989,0.22781883897122165,0.345827761681218,3.5278287242716426,0.09030638974169745,0.39278955358302137,0.6287334696518843,0.5275206542392172,0.21100387293633863,0.12873346965188426,0.027520654239217235
1022.4219794804008,3754.8740326879447,16.427743543236843,0.06710537412010578,0.1304820036824279,0.4420968844790505,3.438874248101495,0.10935329969928285,0.39777191130142997,0.7240457961356319,0.6625378951587257,0.3341080559843481,0.2240457961356319,0.16253789515872574
742.0404645747802,2363.3817351493294,23.875378036101736,0.055248261898980806,0.17542912284615075,0.2650996789403599,3.308618577135781,0.11693146121005812,0.3733014020833039,0.625296759370624,0.6473082967187932,0.2606063166422187,0.125296759370624,0.1473082967187932
1404.4788229645026,3790.2758362505165,24.83040362648503,0.06101867213641648,0.44057053810632896,0.4033616280045179,3.067344923784282,0.10803248799260168,0.3981170996462382,0.6494381350821408,0.5162632599495904,0.24547357969851338,0.14943813508214077,0.016263259949590436
1321.4783624220033,3519.6828046037954,22.18697466656833,0.07923075713726857,0.3355104791821826,0.12988026399307137,1.5572054829955402,0.10901739370960947,0.3533587267963945,0.6290712559087662,0.4776614450531162,0.2484107852476608,0.12907125590876622,0.0
820.1461299067728,1949.6844164561069,16.06185919477222,0.07137312745106233,0.2423144228939806,0.4460339463663867,3.608144005650348,0.11064561162208456,0.38530188770669516,0.6952176242367576,0.559569067623705,0.2997438522661913,0.1952176242367576,0.05956906762370495
919.0550362511608,4062.272725059044,21.392009104392223,0.07319321842640947,0.18551066315998394,0.43612130597928833,3.018979896038897,0.11393422895156825,0.3997306919893193,0.6609308153456118,0.6040750819409434,0.2575420387215683,0.16093081534561182,0.10407508194094339
1078.6334777904385,2672.800026655917,15.544087189273718,0.11916719708698745,0.29210566791159137,0.34794908865592356,1.0726262309181471,0.11348652045225549,0.38066298526201553,0.68462630634764,0.5176055971051504,0.2454876098170361,0.18462630634764,0.017605597105150417
771.000151837475,3785.7368945109615,12.51737666847325,0.09593477079910823,0.39495419776940577,0.24846343254488068,1.9890021411399217,0.09589417393243917,0.3599791211180644,0.6417482838411672,0.46575258632844485,0.27521848698381346,0.14174828384116722,0.0
712.7620876243748,2264.1713775028284,11.740432115375157,0.06658874968274464,0.20839368617671067,0.43763341047523074,2.8671427326705032,0.11784195804153114,0.37524813394900813,0.8183357768261271,0.569436365608765,0.4360415894453507,0.3183357768261271,0.06943636560876498
840.4319383769689,3262.7106062176663,11.074645883448902,0.05065836871964292,0.12655239239980837,0.11448695826610208,2.314337768513664,0.11661500776740885,0.3954222908869161,0.9579370642880343,0.5477514309951333,0.5649734812318252,0.45793706428803427,0.04775143099513335
1228.3905808538634,2343.8760718850863,23.220057931586258,0.09334770117340452,0.35413718443959996,0.320255765451431,1.1918391045595673,0.10466902971544154,0.37548307437668643,0.6253449702925457,0.4982723787776715,0.2009666195477565,0.12534497029254565,0.0
834.8139590378721,1907.5688649240712,14.088638735208246,0.07212085441429425,0.22629475250915018,0.16590403509950274,3.7822649121302234,0.09642380605465138,0.35281236257000653,0.6443078189472992,0.5079386728303833,0.2803235598014678,0.14430781894729916,0.007938672830383298
1267.3701407993085,4407.5479228758695,18.57855542256682,0.11665834272316722,0.1808807567265297,0.34516022920779216,2.021671093165941,0.10676087024275985,0.3932752956938188,0.6385850694010682,0.5195396493723242,0.21062603024362603,0.13858506940106818,0.01953964937232422
1197.0552293990927,3330.0321407608767,18.72722221603121,0.06457574215879035,0.36901630850206646,0.41985113130252016,3.02537818072626,0.10649822918815946,0.39464012855838415,0.6924013102728195,0.5195141450880603,0.28995171459397606,0.19240131027281948,0.019514145088060264
1212.1441136074036,2541.3330245479747,11.820777631772396,0.085485800421951,0.30450813556189266,0.4449929582084978,2.8744275487689857,0.0936096582799638,0.3603987577313288,0.6895836563927444,0.482347417789936,0.28794467859074413,0.18958365639274444,0.0
1496.8502901336549,4654.142702772195,11.552700082778008,0.05741859853713961,0.26654171423979234,0.29541734824353605,2.063536639164233,0.10825652638440302,0.3911761495050282,0.9235666264305624,0.5331432426384088,0.49510088010309383,0.4235666264305624,0.03314324263840884
1485.394586514366,1689.5777727883797,20.137245081320728,0.09533605403240777,0.3120644016092107,0.15717440428878,1.0141188772835104,0.11217172011640913,0.3642511003356216,0.6490692496450701,0.5162992543754522,0.14852197580929816,0.14906924964507007,0.01629925437545221
856.7975572412774,4705.8472194737715,10.485024854318743,0.05591455267726818,0.28813663759028096,0.37083931956194904,3.077666663070183,0.104735849337729,0.35185046219201566,0.7992086612464615,0.47786343425138045,0.4595452655843707,0.2992086612464615,0.0
1255.2398016218224,4752.761820866775,20.59356456638492,0.053331684903860706,0.2668506335357446,0.4117363784378183,1.4043243027367214,0.11369710786613774,0.3596432952566896,0.7548075978903839,0.4903939292521215,0.3859452878393259,0.2548075978903839,0.0
974.3064283481635,4556.047496596149,13.28272653523111,0.06406560681537282,0.38707031932121727,0.29508084193528594,3.2409091973461788,0.09787111976333723,0.3543926582165563,0.6796407508959823,0.4628921074616453,0.3364786981384242,0.1796407508959823,0.0
1362.3673994640712,2711.098597450104,10.684241776270444,0.05108498908083413,0.3841346181831652,0.2673638594250858,3.444188501746139,0.111356298708744,0.35615600437645384,0.8241106234433089,0.5024651422037191,0.4184210474229533,0.3241106234433089,0.002465142203719073
1384.9065196681981,2667.999051956497,11.499956210897343,0.06961426951199838,0.30001660617610154,0.4367464848227004,1.5623032059942084,0.11740709027332889,0.36488598652718185,0.886439092189318,0.5342145853872032,0.4325657982544226,0.38643909218931805,0.034214585387203234
1466.9790595361455,3574.1682035921685,18.752964542581765,0.08000347164795364,0.4350182011237147,0.25734014057917665,2.9166425816570896,0.11916417816549184,0.35495880004083724,0.6602090487853745,0.48947267469335465,0.27971762860145627,0.16020904878537445,0.0
1371.7342157830344,2919.6693696650327,24.01196666159627,0.10847356327065266,0.28651003470723957,0.1169651799757706,2.972972367647546,0.10754568451446096,0.36433417578747324,0.578026361421448,0.5217430336725526,0.17495787753779904,0.07802636142144803,0.021743033672552592
861.2023089663655,4022.1175157160424,16.096948921704044,0.06924788815344717,0.3330831013514651,0.22982383143686827,2.6302148989055465,0.10530866052342219,0.36193705916707813,0.6618655939883369,0.48800510509856027,0.30998337951514016,0.1618655939883369,0.0
824.2003406978137,4039.285116520133,20.362413109906413,0.08258293130862523,0.329772744977904,0.38734152057270377,1.9676924039646155,0.11822064060660623,0.3846193678260611,0.6628039968555404,0.5191921624053044,0.2668413304470491,0.16280399685554037,0.019192162405304414
806.188325448607,1863.6913468534703,21.226083068721216,0.054749369292663636,0.14114846002461057,0.11473746080370069,3.433429906307111,0.10336369528831334,0.38434245027698116,0.6388138758145675,0.6692857624099575,0.25934594073929035,0.1388138758145675,0.16928576240995752
1276.1754439408903,2164.4062338970093,17.189172639927396,0.08039318546631115,0.11971449720592225,0.31417273007415,3.4626123848129016,0.10019652673383582,0.38995252262111535,0.7010917513949371,0.6771075940825114,0.27805583114711774,0.20109175139493707,0.17710759408251142
1441.173937288485,2202.301668871398,12.062487891965175,0.07399639071887235,0.3985965110474128,0.23813367627658988,2.1246406350040328,0.1127045255767769,0.35163993810508304,0.747582281264152,0.5017820492143731,0.3200733991881581,0.24758228126415205,0.0017820492143730826
1066.173046112016,3690.530455588106,24.734812707045847,0.07085171303156566,0.2826891002630949,0.39010814499031066,3.5369735800410673,0.11397032221028242,0.3985144254659427,0.6334068403533228,0.5732317624037433,0.23297249942380616,0.13340684035332284,0.0732317624037433
843.4801352110107,4004.797418373055,22.72941096270374,0.10409567742803869,0.13526500581702547,0.28735960734740223,2.939008881520591,0.09760202339592626,0.36031457154616864,0.5428960513738601,0.5522255893628244,0.166826784908406,0.0428960513738601,0.0522255893628244
1388.612495133173,4871.20524561019,16.86792770450318,0.06730758239890927,0.3168374205064959,0.2309336324701509,2.2934784187415866,0.09689413374793035,0.37612080052088803,0.6869081095308218,0.48775250328496456,0.30115663079436994,0.18690810953082182,0.0
1458.033533254796,2261.2760101527274,24.453445461716456,0.08339953068887075,0.1659309339913302,0.239036132494825,2.3216570378880514,0.11075390153427682,0.392902080685368,0.6703008060766944,0.5998345539345478,0.2334408058026606,0.1703008060766944,0.09983455393454777
863.5071950938568,2583.8741582322036,10.833131415070884,0.10468985477733679,0.33790856798156543,0.3622213588641823,3.4709377191697897,0.11523054685378785,0.37420738400098524,0.7175082285852088,0.5101299404250512,0.3183487401755931,0.2175082285852088,0.01012994042505122
1346.8312637052613,4977.997229604849,12.149260068629829,0.08934660886210694,0.2806518299105033,0.21663344878951765,3.906708281340479,0.09100734669228679,0.3809153734006938,0.6707211984520367,0.5008779817393987,0.2807074200071212,0.1707211984520367,0.0008779817393986811
1224.7815431510976,4472.431254477077,19.0132925182479,0.08374870492830225,0.30695836638518836,0.31958775028546743,3.6380619395283147,0.1120754156732594,0.3879337773750247,0.6536624366158864,0.5408581164138921,0.25777415926905844,0.1536624366158864,0.04085811641389214
708.5123619334593,3256.3278539630537,10.578637607109128,0.09601336526395789,0.2723017148648779,0.2404684464570833,2.2209841068128924,0.11111180334464987,0.3775595509108139,0.7475050034013317,0.5055456786897659,0.360040989582159,0.24750500340133175,0.005545678689765854
1419.8632208980885,1573.7507438489777,16.470024738942882,0.10962954256290916,0.21623109890128206,0.12364371026902103,3.164293002711363,0.11044600102365505,0.3900986175534634,0.7052286622973339,0.5611956627879445,0.23701965572145733,0.20522866229733394,0.06119566278794453
1189.0381549549181,4516.861448872624,22.48861498394812,0.10353586487834487,0.4435919066234978,0.3889153425486631,2.7144506277117046,0.1041930752734006,0.37063891216630496,0.5762970665384499,0.48244286181476553,0.18045114250091604,0.07629706653844992,0.0
1322.8329718378159,2611.792551889719,16.023035063180107,0.07103868510460343,0.10683197032294849,0.12547489184119995,2.9066131556916157,0.11213451888487869,0.36533019633825015,0.7601714703215897,0.636319538415657,0.35680467692528794,0.2601714703215897,0.13631953841565703
785.2377672559478,1878.8939883914109,19.082622643473346,0.07863290389952261,0.37206022584502696,0.32158650876371114,2.8544249456742357,0.09292916753309255,0.3877619649475118,0.6068008242880683,0.4951845945094165,0.20716391090903324,0.10680082428806825,0.0
741.3046588033102,2809.3811328994025,19.22908722293961,0.06880456502754954,0.1359611325101204,0.4139933167185097,1.6510562188091296,0.10727834353318791,0.3915059019435147,0.7019687879082247,0.5238150438655259,0.3070560608758155,0.2019687879082247,0.02381504386552591
1033.5235670021084,2512.2596558248283,15.072421168421656,0.05316351997480079,0.2438148541807296,0.34078048372513814,2.264736811794591,0.10447530528861655,0.35421779208559745,0.7648171331050695,0.49245996016578153,0.3914207794255429,0.2648171331050695,0.0
1444.811214001602,4941.755652107233,15.306487676233065,0.07171320988875363,0.27882797269099735,0.3372753938245855,1.394840394233872,0.09490164881158217,0.3970865990402143,0.7480811546886006,0.5113401339803754,0.3236569655890614,0.2480811546886006,0.011340133980375366
751.0247374648767,3022.4214731555007,10.634305337875434,0.05909224915092235,0.27393837747159155,0.3380930001099349,3.581701455357389,0.10289726465860015,0.3859132566902148,0.7793534583690319,0.5230477383965566,0.40163307114339963,0.2793534583690319,0.023047738396556605
1378.185993453726,1681.710783496752,24.754916637715723,0.06340635213205581,0.2529995390266683,0.3033496483614217,1.1054463167087927,0.10013071692302922,0.38582851233114496,0.7035421422319137,0.5233704225535118,0.25635990804095127,0.2035421422319137,0.02337042255351185
1219.311059669897,3191.1590392927956,21.116443224169963,0.05258537919534319,0.4442191050990123,0.13073248504381652,3.8600087806002414,0.09007820406625884,0.3820773759683995,0.6034851552456053,0.4811056202347559,0.22957616699189898,0.10348515524560531,0.0
907.6143423758687,4368.604410321967,19.058735687876947,0.07198879963458979,0.19205088290278954,0.1553141213209508,2.7906945674334693,0.1046391811397923,0.3752773311404678,0.6329533281241858,0.5343086763548703,0.2678711785305626,0.1329533281241858,0.03430867635487034
1390.5305050906559,4596.228338407474,12.677122649102667,0.10003771671486768,0.27129079866263117,0.150416700460502,1.964874806205612,0.09521463237281082,0.39753592713761776,0.7047776972056381,0.511931794286391,0.27652565138133106,0.2047776972056381,0.011931794286391018
1132.3832386537235,1842.4076540870155,14.61238254145114,0.09584883425257465,0.11243324758644221,0.17577259844809828,1.5431307302276858,0.11014787064483365,0.36335891350673594,0.7635498454860361,0.5277361588343095,0.3234183563886267,0.2635498454860361,0.027736158834309466
1097.817542548696,3276.494472183642,15.484180936463435,0.08649679711537359,0.1758669061149324,0.3987633957746627,1.5464318654906788,0.09224357621031336,0.39524495289573386,0.6976462340214775,0.5089379548027736,0.2725881159768408,0.19764623402147752,0.008937954802773596
791.5147393002725,4500.876731029261,17.47331704597971,0.11200526945931119,0.40834207723462934,0.22572383744369667,2.8346826475480302,0.09886011162728094,0.3927128061290035,0.5968412428329425,0.5014729528420067,0.1909119935984812,0.09684124283294249,0.0014729528420066584
1280.703450386124,1663.5925173066225,24.33150222974889,0.09696591240791275,0.16951200858953286,0.12465462457164284,3.1475223511420434,0.10264776657737626,0.3565440832814271,0.5909538124944625,0.5857883911651574,0.19029943343647215,0.09095381249446255,0.08578839116515735
1328.0047314712303,2383.8616787910723,24.94645941143967,0.11036331740462797,0.44720125149216416,0.23157076947551364,1.5084172270344474,0.10860352924104238,0.38945055139368784,0.605168889343615,0.5109400043583593,0.1639390463247532,0.10516888934361501,0.01094000435835929
1454.6376640104543,3143.3488838145704,20.28465034869882,0.11553220316999194,0.22304334932213227,0.4359469845211873,1.7715949734500345,0.10032127579258228,0.36343676391887403,0.5994757433610511,0.4840812088450367,0.1879174992669488,0.09947574336105114,0.0
1181.3239246318576,2387.899090608995,22.16499880038997,0.06562293812753708,0.38378022838027426,0.3254242270983117,1.73523128516368,0.09850297047446527,0.38501857321635746,0.6553840179037005,0.5003137318376353,0.24540259099647924,0.1553840179037005,0.00031373183763527823
980.8288230501707,3654.537992544405,23.532159195142626,0.09799679611344167,0.13431268007837682,0.41824003962284473,1.2180717419287328,0.09495907260615279,0.36514859553216844,0.5783720446906081,0.47129463664133514,0.18208587648208496,0.0783720446906081,0.0
1058.108306786834,3723.477158636175,14.784781025981328,0.06520783819026782,0.3458238075496055,0.2220743771682815,2.0403777501899203,0.10980433415751507,0.3745962998007066,0.7567151677018817,0.5020977722138503,0.3710762107727735,0.25671516770188174,0.002097772213850324
738.6059761961004,4524.876501715547,17.257758830751204,0.05426928453458189,0.12985224496516115,0.36930377460652497,3.5038157911898193,0.1076730809761565,0.3909047246469687,0.6782459039710473,0.6306376244738867,0.31860296432303004,0.17824590397104734,0.13063762447388672
1027.4685290394305,3772.6032238391454,14.143921012453564,0.11357833232397858,0.10491686808924905,0.11615387287576608,3.3869384690728497,0.11561233333155195,0.37947326857777913,0.6771335993279514,0.6412458494900467,0.2761899996540634,0.17713359932795136,0.1412458494900467
1251.4632188762237,4545.688257277761,17.61819815205605,0.11031628947399189,0.3104279300592476,0.39435632481727845,3.779126264795572,0.09656027606519464,0.35591883646975936,0.569373641066232,0.48365365929385945,0.1934417643374481,0.069373641066232,0.0
1245.939689416268,4802.853086008972,23.998147771802824,0.08478674452924069,0.32133441850980415,0.2813236749042119,1.6269821643941398,0.11460719486061338,0.362797223755269,0.6230521789021085,0.48778642743585815,0.23262494894493857,0.12305217890210851,0.0
1271.857397695385,3397.004036395894,22.033483415443513,0.11273926958505265,0.3241760499113846,0.2803730158863651,1.6164897883770906,0.11486188275942895,0.3625378412968465,0.6072614581703745,0.4918762191532859,0.1983708356837672,0.10726145817037447,0.0
904.1402066802074,1945.9942484085554,13.592835897338151,0.06116766413927479,0.41552237225451216,0.18200971755144352,2.709377685475676,0.1067219484774837,0.370083724786479,0.7208274475681975,0.4978936522824419,0.33033618261252934,0.2208274475681975,0.0
1190.887276910296,4467.173425553416,20.17124760966665,0.07910339108295311,0.2933142512371615,0.1825224054495019,1.8856857598881,0.09833956802136486,0.3816684624583415,0.6350502448811441,0.49142544511213254,0.23892207654947165,0.13505024488114414,0.0
1315.2384169093532,3198.222353184896,22.51235342989143,0.08083955942877086,0.26607688948356767,0.44839479028704654,1.8032855464113657,0.09609505506899284,0.37589362321436476,0.6230576915154726,0.4884230478862096,0.21726332452767813,0.12305769151547263,0.0
1081.844442325164,4329.603701902544,14.88867625824643,0.05918417977724105,0.21328497069970023,0.44167995285048733,1.815891176699999,0.11531559363821926,0.37993352434246536,0.8406548925690067,0.5175209818359318,0.44957493714783947,0.3406548925690067,0.01752098183593176
809.8009824004636,2817.7242890290017,11.978389710180565,0.0884706633229477,0.4297271290356216,0.43038053827113854,1.2346397732164085,0.11050664160009516,0.39800758404385606,0.7808899823059109,0.526655857971456,0.34615174087662076,0.2808899823059109,0.026655857971455976
956.646937962199,2998.140872145632,20.868897886027145,0.055267499182213325,0.28701965459007084,0.11011183915903013,2.6095527622551424,0.09975412600813587,0.39048550224389666,0.6566911981249625,0.5320127605241098,0.2682058587139152,0.15669119812496246,0.03201276052410984
896.7842240902032,4745.284647592471,21.333236848951223,0.050408444693918204,0.3967180960850786,0.28833028210492173,2.4397009889520485,0.10590858589283488,0.3895086780245138,0.6700479189706141,0.5087515327219622,0.2967742156896942,0.1700479189706141,0.008751532721962163
1106.5223077905644,4897.448411036214,13.49050271245798,0.07014819397597193,0.1935824180621509,0.2506303432999854,2.5667580490116926,0.10176093952025385,0.3786035957821782,0.7418805322168534,0.5053868612266487,0.3639822991046605,0.24188053221685335,0.005386861226648665
731.0377553587867,4296.657287097185,13.506997877016502,0.05631548338447954,0.2753685419242855,0.29389194752725656,2.7047379585217857,0.10569531689400562,0.36754675721251023,0.7336559852485904,0.5000508029007614,0.3929982707051335,0.23365598524859044,5.080290076142635e-05
1448.4056918377378,4621.430355936067,24.5721829288186,0.10125157745764377,0.42917736686428276,0.350893601053913,3.4870414139287957,0.10431701600855739,0.3834134254869164,0.580157721380421,0.49842742625646314,0.16987973682777208,0.08015772138042099,0.0
1216.9305400897479,1583.5192051289116,21.532828038049857,0.05765733180535726,0.12310187313696584,0.15346200855802536,2.0268602214128046,0.10605271081046046,0.37218752681062933,0.7405530054588212,0.5877085384955808,0.3221568484382187,0.2405530054588212,0.0877085384955808
1074.1562352384622,1928.2239617510409,15.43857611787321,0.07706896557192924,0.10013467383587366,0.1682012020953926,1.7167740670293692,0.11405979591215862,0.375031463618666,0.8104311003476699,0.540257603200212,0.37500664911979964,0.31043110034766985,0.04025760320021199
908.261425734689,4200.903799028112,24.08088375086476,0.052167220026729966,0.40574794588103313,0.12115598674867092,1.2051103904327236,0.0973135199555848,0.380462409079625,0.6485403839873473,0.485169178484065,0.27349661501325123,0.14854038398734726,0.0
1138.279437110213,3423.213797521903,18.05375981478811,0.11190893069093859,0.2768350451551017,0.290059600688961,1.419353846165131,0.09203328987420063,0.3720853878300088,0.5969423911639586,0.4780524125503897,0.18967231311076316,0.09694239116395864,0.0
1258.3026197305462,2463.5435769965743,17.21602463547174,0.08301625409508631,0.23428758262262275,0.44024211109377764,1.0783740464450697,0.1080535884110395,0.3942829446959982,0.7614820323653209,0.5375645292509638,0.2996322219766728,0.26148203236532086,0.03756452925096376
1240.9061326181325,3252.4838303841357,21.644808610363672,0.06226588753889904,0.2719558258507882,0.18751080013820348,3.281554855263314,0.11921013513823724,0.38863558527314024,0.6932169580833833,0.5718996375283496,0.29708154984218316,0.19321695808338335,0.0718996375283496
1178.3142710393367,3427.4236116985635,16.360456821400202,0.1139817242271753,0.17305411279606284,0.44416257492431543,1.9817933678247002,0.11322918805213147,0.3537426429351038,0.6487518880400405,0.49014103089733074,0.2542614488800321,0.14875188804004047,0.0
1465.1344247887446,2892.8006032040503,13.356761467785617,0.11175065738163151,0.2941824754514476,0.38329696558385873,3.4037913645439537,0.11836841825401001,0.37491118199128226,0.7128391794077202,0.5242406042856599,0.28218678365922256,0.21283917940772024,0.024240604285659884
1381.32889051737,2471.062901279873,10.014856864770298,0.1147663324115457,0.12530772993393194,0.15897627734441197,2.5509393807775376,0.11221151328851267,0.36990586825973953,0.8145802563279412,0.5438874009373349,0.3559061230876757,0.3145802563279412,0.0438874009373349
1470.7066353349169,2370.924364836742,18.273247973897128,0.07244275957621746,0.22966536302379464,0.19286917838709605,1.4706014157525078,0.09238315742310368,0.39954819006161446,0.7193565296945192,0.5262667297986966,0.26772112552209887,0.21935652969451924,0.026266729798696598
1160.4182042793825,2245.731156398903,18.515079882217844,0.05810125932431597,0.4037384797880117,0.26953848732037156,1.9589438687839362,0.10220221002161711,0.3866707879827581,0.7070941575085706,0.5095394132388499,0.2964777192122003,0.20709415750857063,0.009539413238849881
764.3335704245011,3100.276976415069,24.060023867398854,0.05678855155646537,0.3957323872105224,0.17694162283350512,2.429089908061914,0.10188010568433703,0.3636973272081562,0.5889836538792572,0.4832846939847961,0.23316771094853928,0.08898365387925722,0.0
882.6242879467453,3026.3708646477567,10.78261994687412,0.08881532566950137,0.44771364549594084,0.2118672700115874,3.3324870553368235,0.09706848933253452,0.3707835063417281,0.667873939238759,0.48035126189564104,0.2875295261774925,0.16787393923875904,0.0
1368.9314752104451,4657.481901220938,15.34634361065614,0.09096082479868878,0.31530867128805606,0.1622401119736452,3.002227212552509,0.09504982968853622,0.35725953212742284,0.6202526863465517,0.472478064089761,0.24867613100351296,0.12025268634655173,0.0
1243.5476242071627,2701.3225653785616,16.56045862366691,0.09486397760990364,0.42825410042301293,0.34329624771330836,2.6198829781404336,0.10232013182440239,0.393013051193001,0.6546008377160211,0.5109740090297096,0.22800331061877446,0.15460083771602107,0.010974009029709575
1152.5417762954228,2905.863090493034,11.142911057516676,0.11369592671521951,0.14033604236688402,0.30601689207999877,3.7985019199432775,0.11151334169664914,0.36472538194271376,0.7224165159988994,0.610048351871412,0.31767650431042627,0.22241651599889944,0.11004835187141204
1081.1665239165688,1503.2866171298642,15.352465461710768,0.06003638860532474,0.11703635729224247,0.2500322480651016,1.6560209531220011,0.09512224524912663,0.39601939645575346,0.8367216626962446,0.5544540691415158,0.36364841377310064,0.3367216626962446,0.05445406914151585
1383.1421367129092,4799.871084229761,20.521940834643857,0.08983536768369127,0.3039584076746327,0.23605639445248575,2.6643680923269386,0.09016057315204738,0.3999621622002073,0.6105844182859821,0.5119408046091807,0.1937454040583132,0.11058441828598209,0.011940804609180677
1229.4002696883556,3317.6786108402803,17.596163513572094,0.10496495627462596,0.13155062108239196,0.4168042542538185,2.960092854402779,0.11726500446305817,0.35774483570314475,0.6527588884485213,0.5934138678283827,0.26408116839648366,0.15275888844852126,0.09341386782838268
1204.7214112556323,2729.7384958278867,16.11518543705994,0.06244390962017455,0.21191303143299578,0.11917234667138266,2.975181952671446,0.11930315600098715,0.3502291114717422,0.7544008208931905,0.5557877670891554,0.3854377748758826,0.2544008208931905,0.05578776708915545
1147.9964808169182,2685.5638209071176,11.789163195862018,0.10393823688360773,0.10156786452980454,0.14092045295832073,3.9231674451095815,0.10999804400680034,0.39097087200352854,0.7527281867815574,0.7139003852087645,0.32832950044797415,0.2527281867815574,0.21390038520876453
889.4650503050303,4264.92443175761,14.743271030417008,0.08757069174925333,0.14799854117761352,0.312605056727258,3.730086246690396,0.10155092549870337,0.35454679947650874,0.623343803365597,0.579396444349706,0.27464015468517505,0.12334380336559703,0.07939644434970605
798.9056620239957,4191.665854512217,20.636670598929832,0.0680762939712864,0.35460458593423216,0.3714065328494067,2.0190792249826126,0.10440963252444475,0.3657114288483859,0.6261929269417862,0.48335634700138913,0.26558877627286503,0.1261929269417862,0.0
1115.3390201564866,3537.5039684214507,22.708712902606493,0.09177876273960633,0.3726544579996349,0.10453768403158648,1.5332267598216636,0.09325368503289985,0.36611283605983896,0.573568179400624,0.46866502016443823,0.1827695987377507,0.07356817940062399,0.0
1413.7271573544226,4793.739849469752,23.098457999601095,0.06074139051980022,0.44555668074827337,0.16842294715340134,1.775130185048467,0.11116673434248614,0.3578811231038012,0.6553585254613965,0.47943398559597583,0.2874218354891249,0.1553585254613965,0.0
1320.687508929976,2561.2246065002664,11.897326133120572,0.09194864721125515,0.1214247906982576,0.24623263533614312,3.6336482461233044,0.11413450308994165,0.3614642889854596,0.7882731203105113,0.647875065078665,0.3708679876432678,0.28827312031051133,0.147875065078665
1305.4302543084068,4840.910536207506,11.861675123621518,0.09812982073095151,0.41653464856295164,0.3112486613650973,3.4845716418588273,0.0991446509198124,0.3811919269487602,0.6767897646790518,0.4931413345159764,0.27935098358636423,0.17678976467905183,0.0
924.6067851973303,2433.318602686739,18.668502898240803,0.09703476360375655,0.42899771212451476,0.30876171571929056,2.1864762067442673,0.11513379118734013,0.3911353555378987,0.6551113664620657,0.5192761202474164,0.2355642748960611,0.1551113664620657,0.01927612024741643
1425.2990352455558,4910.097166997228,14.93353324942899,0.07486613602427016,0.2124897824122824,0.16648416347273715,3.267940920909372,0.114203241672552,0.3934575124600552,0.7583592713832616,0.5607812261300413,0.35857407355712617,0.25835927138326165,0.06078122613004133
1313.8070976495635,2771.1598563963635,19.347421461395694,0.07675050426560656,0.30250365356576336,0.252351175699987,3.744506797279593,0.1125236052410174,0.36684127158409047,0.6507356898356668,0.5189434693949325,0.26740547098296624,0.15073568983566676,0.01894346939493252
1475.2154592226884,2225.398150285472,13.863010403503775,0.08595375708646492,0.21894871049062198,0.2824792984463899,2.172614826600511,0.10502990155547982,0.39232078252947183,0.7787178448997977,0.5467453728204409,0.31050534172085764,0.2787178448997977,0.04674537282044089
1405.807855250056,2489.934991064574,13.973302848767709,0.05179628213201535,0.23032488765591458,0.3223505186098167,1.2280144399989326,0.09339057867123775,0.39138276838544817,0.873363878678671,0.537010449040762,0.4031912799075996,0.37336387867867105,0.037010449040762006
1183.559348129776,3106.6078980976527,12.469799886031659,0.07365563174483415,0.29255206559492686,0.16426373642290695,3.9837272820957605,0.09584993639173602,0.3917939296509537,0.7155260083195929,0.513703265511709,0.30949213766052086,0.2155260083195929,0.013703265511708973
1441.5556948912931,3561.570505495787,18.68541736461332,0.0550951891795922,0.3627529622098006,0.14175360846465407,3.013160238443156,0.09120385279819755,0.3570433686057714,0.6376693636594385,0.46494194498815866,0.2729058018787036,0.1376693636594385,0.0
1089.643175890792,3365.1063513822187,14.987454600822666,0.11634789066286219,0.22055939544030603,0.4411512587303744,1.1307779778274145,0.0930827212956513,0.3709143450599889,0.6318446926730352,0.48242898440736465,0.2179338378537362,0.13184469267303522,0.0
790.5503276596323,4308.369415272346,11.595760765737928,0.05397613719014108,0.1543498881152942,0.1006530873297486,3.8525462801368757,0.11433625996890338,0.3745646709343898,0.792968525169598,0.6078168655634386,0.44859650069354634,0.29296852516959804,0.10781686556343861
723.1848432453504,4236.952395158751,15.723856134495325,0.07095139161720955,0.3615595761228322,0.4208689185290746,3.7929181596893584,0.09397237748071852,0.3925943054587059,0.6263083180633457,0.5037498292550971,0.2513121480807883,0.12630831806334575,0.003749829255097148
1055.522160557613,4399.443116790902,20.90881839142692,0.1032910770820937,0.21283808937152937,0.16274307498261525,1.159371561430303,0.1010937952768189,0.3697963969461734,0.6012526087696539,0.4816659190239453,0.20040310583555687,0.10125260876965392,0.0
1177.100397450169,2058.0681691426807,10.510340453206588,0.10485907813842654,0.42523634696001367,0.3137514127508858,2.799696277309397,0.11149969810428728,0.35296489841506307,0.687504563628141,0.4915823488421354,0.2726086245078289,0.18750456362814105,0.0
1352.2697356362478,4214.689594567351,12.20701596941381,0.1138397275528095,0.36596015831304374,0.2977242992125395,1.0253585994955987,0.0988232841170978,0.3919641463191175,0.5944348106639096,0.5052874209013173,0.09419439424496734,0.09443481066390957,0.005287420901317286
930.4726203357687,1975.6842955196175,22.842584430048962,0.11763737625850385,0.18356270680691503,0.21781442055733774,1.3825688376216947,0.106224194467897,0.3996213819416293,0.6267088075506857,0.5256612366356683,0.17967609283801048,0.1267088075506857,0.025661236635668327
1029.6480348923146,3847.667314596352,12.184066937402843,0.058182960415868346,0.18140526480831862,0.31656972824970064,3.2460901309029127,0.11854209779499222,0.3882935687376288,0.8656917405544459,0.5810064898597652,0.48270652710365575,0.36569174055444587,0.08100648985976522
1381.51991635145,4763.641699876443,11.607962521148028,0.08815979505557558,0.11090502553278588,0.43195499835475815,1.7005657338374323,0.10991422088496842,0.37137826550931,0.8203235870059713,0.5139798075016638,0.40658535155830505,0.3203235870059713,0.013979807501663832
1208.4941268519824,1644.3731894987363,15.924478250802807,0.07720852258166516,0.17191700863957216,0.30382710400609103,1.8326352308776779,0.11898779436856133,0.371243867209663,0.8188937426216472,0.5532052573483872,0.3622539394320195,0.31889374262164716,0.053205257348387214
872.1460521629452,2069.9390230791532,14.922734241151504,0.11605874744891545,0.35663503003120856,0.19845218060071934,2.5937982779163002,0.1081773096843634,0.3530675616219481,0.6132330425713437,0.47856296669573883,0.22878421003909213,0.1132330425713437,0.0
1114.097061837032,4440.009443446459,10.61161073849008,0.07558336004624347,0.2970527639101137,0.37325093409464694,3.9967005214451814,0.09194267578662016,0.39219964376704713,0.7287297147236693,0.506293303958285,0.33491116253680175,0.22872971472366932,0.006293303958284979
1270.0337869308726,4392.709965555246,17.928134320003977,0.11534308360127583,0.29621572460783996,0.12082901521157179,2.3365657046073287,0.11828455940931601,0.38028024076258155,0.6479474452258412,0.518966855942023,0.2327118642708937,0.14794744522584125,0.018966855942022964
1144.5307921700262,2379.5619650619897,15.57092209977479,0.08678225316921553,0.24876249196677777,0.24064881009065223,3.5243014085437916,0.11478199992835482,0.3921427661660461,0.719707214672862,0.5643195093279,0.2944270730980835,0.21970721467286203,0.06431950932789998
891.1964664749119,4181.714835511441,22.98526423822407,0.10593196562507892,0.3703644988169321,0.29436141710444674,1.5521373472256101,0.09995107201795848,0.39361049523040975,0.5935585057550613,0.49999580796280885,0.17139458011865802,0.0935585057550613,0.0
1012.2254748875897,3013.9522033891394,18.34809024045982,0.06580197286616865,0.24134079185617618,0.38165599181751464,2.8946265568837783,0.10846595163363189,0.3710348494982051,0.6796317680219952,0.5447156530014422,0.3057653179230667,0.1796317680219952,0.0447156530014422
1291.497573983906,4037.1673654468605,22.653247340607358,0.06319187957674297,0.2701514989162366,0.26848781039522635,3.4258531851132017,0.1113494828305823,0.3992017766207667,0.6658075346444412,0.5737324585409397,0.2705657625901721,0.1658075346444412,0.07373245854093968
852.927338125587,3113.8149869014883,10.19966432893226,0.05436458740446283,0.18976217882716748,0.4288054800545308,2.6245512936133415,0.09412919669826553,0.39761453664696705,0.8530029291698911,0.5246400128341949,0.450470619495912,0.35300292916989107,0.024640012834194924
1488.9423284936515,2741.3306507031857,16.49346298535591,0.11327265548142565,0.4012238154779155,0.16738085882918766,2.0973141140631757,0.09318464210558432,0.3959807492709444,0.6253823290747141,0.5065698965702824,0.18403961479424283,0.12538232907471414,0.006569896570282396
706.1350517123916,4742.08278389784,16.71341771577567,0.11527856563258318,0.19679070956518924,0.11634147764941524,2.049989543079472,0.10745907042370455,0.3524580179105643,0.5855047548330027,0.4797890022617992,0.2205436301723968,0.08550475483300268,0.0
739.4964525715211,4826.4807616184025,21.16294810758494,0.09850349238520073,0.24825828052124985,0.30049122350101154,2.639829132546475,0.1009169212906305,0.3834356546742281,0.5810451137096445,0.5195457841540371,0.18458839934277102,0.08104511370964451,0.01954578415403707
1395.0567670751934,2239.4489209636795,23.937663041716604,0.06906508915320868,0.15689065998270804,0.21973723275491733,3.9149239759728873,0.1039873693086687,0.372669804724357,0.627222103344439,0.6311392953891658,0.23683139208375348,0.12722210334443895,0.1311392953891658
755.9452674909227,3819.462600848149,17.046077755328966,0.08118570722951395,0.17479375207553682,0.2031125964444777,1.0613491811884435,0.09164547218273056,0.3839163059132846,0.6570801579795222,0.48684393980663093,0.26164781912368784,0.15708015797952224,0.0
1091.7322947695175,4851.494606367404,22.408478816872794,0.09299872085173297,0.24750612106599965,0.4482335839882843,1.176524659779224,0.0977819677431907,0.3734649915951822,0.6045912599136265,0.48063200186617905,0.2011383755872771,0.1045912599136265,0.0
1146.3340062151685,3794.6427876179932,23.519689914713176,0.10068657947463311,0.24600206417390647,0.35361645405505293,1.862372664434325,0.09671708731818798,0.3945165342291511,0.5987742716472901,0.5094153589300274,0.1758759031063961,0.09877427164729013,0.009415358930027429
832.1224686021292,4973.213069445938,13.810944156707642,0.06344170490879109,0.1867816489631356,0.37914474741490445,2.1936372150381427,0.09938849973474778,0.3853549167014091,0.7417625924212876,0.5020858985993646,0.37074477812658174,0.24176259242128761,0.0020858985993645884
1439.9641141153018,4151.440304730539,11.360593888869149,0.11222495529157536,0.3386808694983447,0.3427844159726248,3.819085011977914,0.11733606490576559,0.38835184640578324,0.7342045632359442,0.5279551067367483,0.31121628039891197,0.23420456323594419,0.02795510673674828
1174.676645859312,2402.9854643446206,18.30037510174887,0.05663028007622661,0.14286889308782694,0.16059534295592898,3.5862218386822615,0.11968984079435088,0.37171764024216997,0.7487504024477343,0.6837686069808714,0.368711557914925,0.24875040244773428,0.18376860698087139
1073.050094073875,4380.52011281059,15.197597975238295,0.09315584187727538,0.423765236072828,0.20511278442744607,1.911718632508675,0.10687197772945142,0.3983191220235924,0.691047101190735,0.5162155376476836,0.27404053677082585,0.19104710119073498,0.016215537647683576
1018.4813871836226,3245.0266359615034,23.553929900052346,0.0712017067477809,0.16923326724300375,0.26093798677555413,1.884218069602507,0.10407121334917042,0.3897335623680433,0.6450970979180802,0.5250492929678844,0.24384624654176237,0.14509709791808023,0.025049292967884385
979.7772072628516,2178.571422081777,22.303969543509194,0.05090724772056105,0.43754108280548054,0.11067292431903415,1.2687876526090327,0.09288350812999699,0.3612432903464277,0.6390115093740495,0.4679522320857872,0.26656787005376675,0.1390115093740495,0.0
777.940022514638,4720.291371455844,18.13875580420411,0.11699869041826227,0.42096918097751346,0.3397372578317335,3.8827978120040294,0.09189393016876378,0.35822694310806646,0.5312281426193699,0.4581748249248638,0.16023520671182728,0.031228142619369903,0.0
1192.1707223128763,4258.276008632738,12.228635909808528,0.10646375191393623,0.4258250495893241,0.18136502129342008,2.949877081313104,0.11370487965423016,0.39903287209008476,0.7161186222015868,0.5266949762488436,0.29569037086566186,0.21611862220158684,0.02669497624884365
781.9821072527789,3643.0689113011554,18.794616405675068,0.07617414186488342,0.23380317653923893,0.2203028901307571,3.511142837687029,0.09896901341578702,0.3695447336853426,0.5914547972688424,0.5410598229962966,0.22934789935469635,0.09145479726884242,0.041059822996296624
1397.1256507842097,1846.6560706715827,11.849917705448622,0.10146340570660345,0.29742118842741816,0.10739437349074475,1.0565535319791217,0.09088220250752257,0.3847078385761267,0.6194077747673232,0.514749149386352,0.10981377143446386,0.11940777476732323,0.014749149386351967
1087.5363983232733,2790.2653487391717,11.266093052813659,0.10143117201110727,0.41376122627609124,0.18582873326821156,3.515685135047783,0.10113217477709832,0.3533002799743631,0.6461312871827861,0.4716262947431615,0.26708117958228095,0.14613128718278612,0.0
859.0364476256799,4099.270002046257,21.91369232014918,0.10898043094709238,0.3481950656534799,0.1353695087779195,2.944025728539976,0.11817672006956016,0.36634616005088594,0.5849380587304507,0.5154577897214141,0.1973592698012324,0.08493805873045068,0.015457789721414095
1161.551701745234,2507.5933025147383,24.157814385468953,0.10025967134370331,0.13359373414238124,0.33290100328040284,2.38873703226484,0.11681360525009982,0.3821798381395417,0.6354252505093848,0.6159313274106073,0.21420260711642664,0.1354252505093848,0.1159313274106073
1478.0889615331803,3634.4524431536556,23.228969847986356,0.050568520454341556,0.20287272339347928,0.3597123192371009,1.6962130700368823,0.10146199336458774,0.366823778125821,0.704546136675914,0.49034049664891716,0.3241642537771849,0.20454613667591404,0.0
961.2997766389916,1964.8238682567126,19.38310938141408,0.08057677328592294,0.15657835489777644,0.30426424171365507,1.2927192919699424,0.10971713098160711,0.39821031864199796,0.735160071563564,0.5393602602273119,0.29337436207884166,0.235160071563564,0.03936026022731187
1266.3998861637256,3084.1851978127347,24.44714463178639,0.07253224840943272,0.17444990513381328,0.24936679532688516,2.233410341611035,0.10074248727000878,0.3900271825852012,0.6364162096591532,0.5426565898039949,0.22724927939345577,0.13641620965915324,0.04265658980399489
757.875011147578,2424.5658225538536,20.400472848301423,0.05282069783956317,0.15112577762296503,0.23417486858784464,3.358570876579324,0.11440232657207935,0.39436605047753237,0.6784280700520396,0.693202092109123,0.2977571338381911,0.17842807005203964,0.19320209210912298
965.5043691863657,2870.5699907272574,14.871292636903632,0.09458074913622026,0.19777586913204498,0.35631594864921023,3.686222225234715,0.09638294963332664,0.3935453968996706,0.6527345636588833,0.5715587113811978,0.2439030945201746,0.15273456365888327,0.07155871138119785
1025.2134355257745,4456.653453930012,21.181650745963214,0.08528487547634324,0.12571975230726457,0.20755413691041658,1.6472019059130891,0.09068288390507583,0.35193833073496544,0.5730812817070577,0.45483175452635294,0.20720957798755982,0.07308128170705774,0.0
982.929152915802,4887.812733088398,11.020353846685776,0.0870242582407604,0.12082762149043409,0.190739162693713,3.6404159233025073,0.10248781335958557,0.3743897897340208,0.7207690608257804,0.5563759877608924,0.3513128832274127,0.2207690608257804,0.056375987760892365
1435.7087382017985,3979.157515918776,11.509650434015398,0.1194756079905541,0.3808818829973337,0.13769347598007153,1.6432671170099211,0.09184058687966618,0.3998836262170416,0.6733592004452131,0.5095534364834645,0.23064443536245363,0.17335920044521314,0.009553436483464517
910.4920843085738,2189.9905211605305,11.09143777953786,0.10571254876959849,0.37672193619621275,0.17006768093310495,1.769772772564482,0.10361472461345292,0.3647575671409072,0.6908811790896819,0.4915542347979339,0.2815398188282463,0.19088117908968194,0.0
1159.1463207607833,3153.3824216627963,20.55865936527826,0.06615630998728794,0.1346011224611128,0.2542702605997912,2.348698361028635,0.09957647836347938,0.38405640406236224,0.6680102434847202,0.5409340904180076,0.2761607742668929,0.16801024348472016,0.04093409041800755
1390.8785796580137,3207.4272422976373,16.259930097933086,0.07933634466396378,0.25945719669558887,0.3317336014620551,2.9145099948189497,0.11155787628756875,0.3512912648707862,0.6919437215167195,0.5094073845686545,0.31223740992765003,0.19194372151671946,0.009407384568654531
866.4061571613979,4435.908026525547,21.081041113769142,0.05642750440256101,0.2850568166817925,0.3342526737403234,3.3031463084285457,0.11554105735860849,0.37780673134828224,0.6535947727994106,0.5482834560030219,0.29721650833377145,0.15359477279941058,0.04828345600302186
869.4293291971178,3295.922581478416,12.015274887463827,0.0840637984957935,0.21402538519978048,0.41495435963522975,1.1667038138632613,0.09126986985125633,0.3560136377788072,0.7168462882674619,0.4688342301685319,0.3306909358419378,0.21684628826746188,0.0
1232.412422974613,2339.4602029010025,15.850240511614693,0.09153794290540038,0.1380983832305161,0.35791332050019153,2.1148191919405113,0.10023491715650278,0.3610924406441366,0.689502613965692,0.503053507569711,0.28050793095520793,0.189502613965692,0.0030535075697110114
717.0697904775739,4458.262760659559,15.762830705229028,0.06441252987207731,0.1610363616920651,0.21538458130915855,3.3153517557922902,0.09765290469528141,0.3972870743702039,0.6608472603312808,0.5762609565396402,0.28476742519357107,0.16084726033128083,0.07626095653964016
1319.4942606195812,2761.0420206068657,23.31186944532932,0.10988147324402081,0.16024154840576915,0.24574209108357162,1.8957492189353484,0.11607277383661165,0.3682627721993267,0.6232660325657314,0.5233740154663353,0.20616587961295996,0.12326603256573143,0.02337401546633533
773.4610920418851,4111.2306384526,17.727807962046192,0.07783518591647316,0.35775751669037825,0.22933009054853906,1.9214873111405422,0.09256275119117446,0.39530585484615005,0.6355697213969879,0.49650146335313944,0.24179466660028737,0.13556972139698786,0.0
808.0464501391909,2734.9938608180364,14.530864757739923,0.07418638104144645,0.4183096128135353,0.20661447475817996,2.0511150192345533,0.11982014322871251,0.3502969918945988,0.7140715900708156,0.4855335352521973,0.35653969225405296,0.21407159007081555,0.0
923.5592372767411,4156.967281320294,16.20770615799516,0.0936844152093313,0.15791286221730905,0.19981328585174116,3.758197962401366,0.11309966824836891,0.3606868144895968,0.6313417987646084,0.6170425019217447,0.2718412473686303,0.1313417987646084,0.1170425019217447
877.2390173593683,4947.678486175251,15.786873205249663,0.08326774255343816,0.22868990147976367,0.11865081930902277,3.9456255675383374,0.11956342939722003,0.3718931537743504,0.6624130546549045,0.5738628455189738,0.29625028925621366,0.16241305465490452,0.07386284551897382
1093.6762526676916,2194.3106619908554,11.674917046251515,0.1088859984993428,0.34386598152134296,0.39780548545295946,2.084272732558998,0.10456585961380929,0.3941108001421028,0.7188097615632514,0.5272298763011369,0.26763794017673526,0.21880976156325138,0.027229876301136935
1401.2674760257032,4900.870969502605,23.119938852340873,0.07451656813423847,0.3600706443373227,0.2598173210776625,1.1371740002069837,0.10881201394525394,0.38991461816361794,0.6774302786457095,0.510730439710058,0.2594993265227337,0.17743027864570948,0.010730439710058048
1037.3492703760348,3484.218345932335,13.659089591483399,0.07334122625721654,0.2642274752085486,0.3777438591914615,3.712276986565664,0.11400848706061367,0.37285711225228846,0.7301023926262552,0.5366956088138062,0.3560330531813759,0.2301023926262552,0.03669560881380618
1393.2352294437592,4635.490715616698,12.982888411579015,0.09523113052570231,0.2577902616359879,0.14080584166824855,3.0723030784780136,0.11704479485700157,0.3839769994242022,0.7475333806006617,0.5329525882747983,0.33749936845362455,0.24753338060066166,0.0329525882747983
970.6378728218276,1729.8031826701738,21.023352067660184,0.08430457502363345,0.2980890291461697,0.30154051506763024,2.7448345697647936,0.10570268803579695,0.35906536047271004,0.6095520764521584,0.5042327307619088,0.221197607101415,0.10955207645215836,0.004232730761908776
1409.6208690578933,4356.303934500827,14.1874820781578,0.05253205209097938,0.2946200829583246,0.2121410387675129,3.1577328838276006,0.09849428825535382,0.3605921812950987,0.7469191883528545,0.48560295783054924,0.38184503429782707,0.24691918835285454,0.0
916.9556982368762,3555.8855382808906,18.83213779933777,0.10187440553474086,0.20061413116143464,0.32292683735142924,1.5971369405131384,0.0914261835774446,0.37577696192109483,0.5959505678760622,0.47865092372921175,0.19797958720996991,0.09595056787606215,0.0
763.5071843692518,2050.2345342713998,10.097530608758282,0.11968734874824716,0.41398580684052755,0.24299490080683847,2.9927912709263147,0.10493855406854918,0.36079052698517816,0.6536811003698976,0.48231810341858544,0.2633809161790507,0.15368110036989757,0.0
726.603507843305,1988.8255028982726,14.636017988396242,0.09617805907619412,0.4392330026935599,0.2706350881600706,1.9539204114293656,0.09167351764091025,0.3901802372129463,0.6321754257329834,0.4936794715365495,0.22035646122566555,0.13217542573298335,0.0
1462.3549840210317,2935.0428181165926,22.53828772480269,0.10169359579433801,0.41018180240107505,0.26625317225707723,1.337459761169072,0.09679540239351997,0.3818909774852558,0.6001877769018624,0.49247880717850223,0.17300569955911843,0.10018777690186242,0.0
1231.2704352716526,1653.154254587298,13.260185772438742,0.08797586703733976,0.2537072674627279,0.44687780000938826,1.9909097063564498,0.10870618323993464,0.36785188940964725,0.7621995353947832,0.5305950981184142,0.30353948909176254,0.26219953539478325,0.03059509811841421
1492.8244053269204,4104.185314448433,18.012013960841266,0.09965090311377423,0.43287486641763717,0.23272993390736454,1.185155064971628,0.10239721196424353,0.36454129624518133,0.6285528644155002,0.4804288465256229,0.21799466604203085,0.12855286441550018,0.0
761.4686499813063,2495.6923796163255,15.839136890121228,0.09119448583392473,0.30533436769052646,0.17968225617148476,1.3709950385089622,0.11634189468574185,0.3681200729953033,0.6981013536231876,0.5025300341695021,0.3042508419535944,0.1981013536231876,0.002530034169502149
811.2337235976294,2020.7041113519892,24.597897208604813,0.0968067141678256,0.40648362136744953,0.31084788982738104,2.9036126700934757,0.11239904004409741,0.38773647569382685,0.5950834570800869,0.515092342358349,0.17835247634065882,0.09508345708008692,0.015092342358348998
1398.7945507562463,4772.50732310549,23.289516818355228,0.08202977599028322,0.1947305833591087,0.3464543138899879,3.0499946539116216,0.11008627680742637,0.3856769664675365,0.6327604686552721,0.5662999759944135,0.23043145946099988,0.13276046865527213,0.06629997599441351
815.8750789953696,4931.659834806395,10.443032185588553,0.06987071828556604,0.3280643909963432,0.42600849916765593,2.013959436899231,0.10040004149593493,0.3815933076650339,0.8020666248510204,0.4955877115425285,0.42282838045967813,0.3020666248510204,0.0
911.1300482207516,3923.522385260964,10.702471747282088,0.11642542396701087,0.24676487263051772,0.10780896151211518,1.0354219426090705,0.11796110908590171,0.3685484977510553,0.7476779677428605,0.5080248053273989,0.2937776911063701,0.24767796774286055,0.00802480532739891
1234.0886301420355,2256.1308284476895,12.290717705761672,0.054518952484793104,0.18321509373574993,0.25633904756893194,3.1093269758567255,0.09578277970902276,0.3906023282447588,0.8268914898593563,0.5656049587930704,0.3846099606433501,0.32689148985935634,0.06560495879307038
1366.4574392304926,4304.77204733327,23.16089903001489,0.05230070211136409,0.2656547583394858,0.2624040129911793,2.748232646379898,0.11233318616396201,0.37113335552196014,0.6783121539855022,0.5282692842228314,0.311216444261452,0.17831215398550215,0.02826928422283137
1429.4460546489063,2971.036714293187,19.137989548824194,0.09725818976505807,0.22311194719983035,0.3065795921045062,3.6611794796264254,0.1042180904393938,0.35983694798265903,0.6137664171304715,0.5396837659858134,0.22474939053310447,0.11376641713047153,0.03968376598581336
1035.7625270209721,2518.3012196521895,21.89656301187217,0.1082356055455221,0.277468113971007,0.10219086307719294,1.3859233200106336,0.09137623439405748,0.361557298719577,0.5625949119406014,0.46676486670436884,0.16596150256014372,0.0625949119406014,0.0
927.5285386793546,1527.5790554630498,16.905698396046038,0.11123714142805124,0.12823534517278742,0.37609834668119524,1.501743100831522,0.10954040815107824,0.397246728917066,0.7178843808009655,0.5480004673842181,0.2547413791955125,0.2178843808009655,0.04800046738421815
962.7163822184989,3336.3963689583798,20.67723426302075,0.09898019044555931,0.3603429787607517,0.3608486340049827,1.4775758800974228,0.09056826831856199,0.3798447612851658,0.5868808909305278,0.4796835095818027,0.18162975056971,0.08688089093052775,0.0
1025.5034044978215,2346.641708755178,16.740129279707077,0.0756809276121879,0.1459160453561439,0.15242357868490206,1.6077490746510077,0.11245509167345044,0.35011748773841284,0.7301373281208281,0.49581228410883954,0.3419614057568183,0.2301373281208281,0.0
1473.2722159275327,2803.787893264056,13.172100161635239,0.0935527843672396,0.3977361774764805,0.41246286092532014,1.2022196526354127,0.09624214795429142,0.3792518803437213,0.6885401680939065,0.5019216573723891,0.21527298968356484,0.1885401680939065,0.0019216573723891406
1335.3098653408938,3987.9012778558654,12.593144594219723,0.09112337915986621,0.27039084038217015,0.14644703417221802,1.2127674409770335,0.09108384720861074,0.35047896327408,0.6802008267861683,0.4645631107599977,0.27128489634814607,0.18020082678616833,0.0
802.9019767637056,2597.389059256623,15.083500274809833,0.10380677979753102,0.12470165403761907,0.24189086460872258,2.354247252033174,0.0954830732081147,0.350030171863972,0.6063492524152675,0.5062588594703897,0.2359755105866217,0.10634925241526749,0.006258859470389733
1449.7396447432,3489.7244192176386,14.589279846350621,0.08665109261613968,0.34715031578186384,0.18444339090567935,1.7857166885150988,0.09902450921777584,0.3521443238417791,0.6692246102838431,0.4732347766144743,0.2773842436456057,0.16922461028384306,0.0
781.1367747687167,2757.5910775699363,17.31876168550373,0.0841824688665653,0.35159900968125446,0.34888959370797434,3.274366984064742,0.09784962104977248,0.39663004596169,0.6266026796960824,0.5144711086033704,0.22972938141684598,0.1266026796960824,0.01447110860337042
1459.590446753568,3983.085798246199,21.36459583404931,0.10978446611479875,0.38151631300813693,0.3027560002712677,3.8426545189909467,0.09436407305338433,0.3842807635224864,0.572585294957377,0.49368142906635687,0.16208400574056087,0.07258529495737698,0.0
895.4222388357423,4731.33186334848,23.608997215312193,0.07986696672258861,0.20695462889355792,0.23327650255703186,2.6775145715426243,0.09828455481079293,0.37643094723011483,0.5781482228466652,0.5199542811405781,0.1956331253740018,0.07814822284666523,0.019954281140578067
1260.6664326685354,3052.01980067587,18.935481076553895,0.08612576165789047,0.2891385040030543,0.27633574167415503,3.3531528460130517,0.09218718013378793,0.3824415319650597,0.6106614415331251,0.5118077606605362,0.21141690730994803,0.11066144153312507,0.011807760660536237
1264.2342846464599,3805.8553286872357,12.326037785628703,0.05858979230586178,0.22207536025728014,0.36967988516658123,1.1048803959628888,0.10636234889940456,0.3550766058841286,0.7375310793262468,0.49793553612258834,0.25231341043011185,0.23753107932624684,0.0
1437.1962742413116,2839.742855377672,24.10743436067751,0.06499214922575021,0.19884613693373032,0.3994973499375404,2.527685106918334,0.11277377181922947,0.3731182505377136,0.6765631657230835,0.567160234665407,0.2808780054403262,0.1765631657230835,0.06716023466540699
1002.090755932869,2331.2550788069666,17.363008167390074,0.08970158422088917,0.38783610597840557,0.358984771681927,1.3270835050953764,0.09931416055468785,0.35088867730517337,0.6282091647545904,0.46775270638720523,0.23800644347891511,0.12820916475459043,0.0
1317.1762369449584,2028.723126807543,21.76151276274139,0.058313437460025326,0.26170281291420616,0.13262916819942341,2.484135775323521,0.10698506326703429,0.38357119624758174,0.6989376699769649,0.5484768716002618,0.28779574120813467,0.19893766997696494,0.04847687160026182
831.5876118208737,1567.223051228397,18.404824205025108,0.05080404639378486,0.4050084966715317,0.3859391612202926,3.574941253537911,0.10087943346442808,0.35415710430209096,0.6207637291726384,0.4705216570256321,0.26275072547966416,0.12076372917263845,0.0
1171.0365766313193,2406.2456438714526,11.966689889127387,0.09266309434595799,0.2308983090494178,0.1959887229088777,3.957163142411172,0.09155799629808155,0.3649399796797883,0.6639325016219001,0.4997852943141458,0.26710917615170554,0.1639325016219001,0.0
1198.5685888609614,4572.360980397747,12.914283733087053,0.08287581520654405,0.37006426809381776,0.1869301730584792,2.8405745852759896,0.09559668215110158,0.3838216092488924,0.6883996886402195,0.49286748235793437,0.2934326670825931,0.1883996886402195,0.0
936.2550619476593,2354.280707285593,12.546002616832618,0.09784212114957543,0.16557789226850153,0.12915950935042353,3.1137927639972913,0.1039454210118631,0.3830636853693156,0.7087918826771843,0.5896625744754362,0.30108657697877,0.2087918826771843,0.08966257447543624
828.592138904947,4242.018786660878,20.338923211404214,0.09405089453003787,0.4174364304277859,0.36308108594494193,3.893105352361214,0.10120672996879497,0.3679672360044238,0.5632487620796816,0.4802103035523792,0.1848272684457029,0.06324876207968155,0.0
796.5169681151096,2633.0584353759414,15.290565518551796,0.08163939323354566,0.3678406797233884,0.20838415121069506,2.5049793176266846,0.10104489417530102,0.3770323531076045,0.6519105468485507,0.4916625537853021,0.2699119280856332,0.15191054684855065,0.0
1350.1061902780234,4384.316174408834,11.761519938271189,0.0777039211150096,0.3560067333380602,0.2649008970990643,2.518389196223264,0.116027951103844,0.3891633455801409,0.8169692946546843,0.52850684030516,0.4019757675523406,0.31696929465468426,0.02850684030516004
1287.3369788995353,2750.4250785355334,11.9039810895169,0.06870408948873308,0.3190893052714865,0.39200639443032936,2.7268917669790422,0.10481878393871219,0.37148272440516406,0.7830052012576362,0.5096253456354426,0.3634344335077727,0.2830052012576362,0.009625345635442595
1462.7244029021522,3586.5981824070172,13.784485247960747,0.07065382562320033,0.19056840694486799,0.4274757728253846,2.6296971206644115,0.11525202166962638,0.37620704711861197,0.8283269077473777,0.5307848114132886,0.4098783205311899,0.3283269077473777,0.030784811413288593
1168.2239375742565,4856.124017347574,10.851675661755857,0.11957822461962311,0.4310464381937966,0.3545155679044656,1.5198182246494034,0.09369902111938286,0.36214331436695946,0.6445202714137483,0.468012175325277,0.24927176162039485,0.14452027141374835,0.0
1261.9157653327484,2186.5328634379393,15.98515976843692,0.11283726995092445,0.17658564064225168,0.3496886556218244,2.1956675721225305,0.09070055205074773,0.352011650132192,0.6117916891309899,0.48319744976950924,0.21000939516615608,0.11179168913098991,0.0
1060.5762416836533,4287.631984251479,24.408264002125648,0.10694267324396699,0.3802135023253913,0.11370583674625195,1.8294801459348544,0.0998680272294577,0.39647436838948513,0.5869786439467658,0.5051270058642502,0.16034991481263963,0.0869786439467658,0.005127005864250189
1378.7640557580141,2989.120848593888,21.293529474065842,0.0868943381882527,0.22502216256610472,0.13146090626612553,2.0096310289275268,0.09983909749369282,0.37023523796333363,0.6246155635854865,0.4968173148350531,0.2224584884776875,0.12461556358548653,0.0
826.6893834954301,2849.285820995078,15.40340365401265,0.06945022123145035,0.16790103940569345,0.4431123464029253,1.7058248679023968,0.11872884362874159,0.35741088689074224,0.7759906636283871,0.5009057380384679,0.4029845835525417,0.2759906636283871,0.0009057380384679403
804.1347193314926,1677.8874776483356,19.82935253910442,0.06027296314730183,0.1419320025626381,0.16986099546181663,2.295760956980893,0.09377082156862601,0.3575088614175374,0.6331446684803036,0.5810156162838269,0.2666942702475506,0.1331446684803036,0.08101561628382692
769.8877261858414,3385.020942728433,12.968092218218123,0.1055170819554971,0.28439818989461685,0.2842170017993213,3.023792503294235,0.10642372145324558,0.3588274576045557,0.6401508251769066,0.49883476195848625,0.2735532426274595,0.14015082517690658,0.0
985.8274887915571,1826.1184418320618,15.161592032300543,0.10602082656473788,0.3834622251571814,0.30492694786815755,1.2410417200763824,0.10084922174769659,0.38700280873286486,0.6656961598960149,0.5106920491176231,0.22364788756624923,0.16569615989601494,0.010692049117623115
747.578378989733,3824.3265569761734,23.450251197679687,0.10728416454794387,0.25837888245040774,0.3335135315193443,2.4850836936301226,0.11258323253412741,0.36915936242902875,0.5742122536077713,0.5267972527025104,0.18284951962640264,0.07421225360777128,0.026797252702510432
1198.8392297201667,2532.479258530647,21.604084873944906,0.053743197817568505,0.1086158572401553,0.3720076792939768,1.565914315609966,0.09062862807657969,0.3988644226657859,0.7221629681951609,0.5168114651909093,0.30304121478554874,0.2221629681951609,0.01681146519090926
947.6543929571176,2175.728291709841,13.149920743253062,0.11164843675284528,0.19734686692374412,0.2383573836767721,3.127437270716604,0.10451047479818856,0.37722946045575717,0.674490522693759,0.5576625121232821,0.26206377584202606,0.17449052269375898,0.057662512123282106
722.5421404584459,2844.062210430675,12.552348869614192,0.11493522735380717,0.42278537933849514,0.18370519868614302,1.8217796551286436,0.11941005560004819,0.35682829797874804,0.6728622112638266,0.4891067362127295,0.29175773218155865,0.17286221126382662,0.0
920.3356188514267,2305.6199783799084,18.55543972939521,0.09282250254657977,0.30628074224515733,0.29981951490493175,1.576286940540994,0.09654035650088447,0.39256463790599694,0.6440457822029737,0.5057619176243277,0.22152976256741372,0.1440457822029737,0.00576191762432765
1364.7397171775965,1934.3155096826213,23.78221377332909,0.05567979639125402,0.3248835123935793,0.34423288858117657,3.2133181012052128,0.11589847382660069,0.3565994507803509,0.6622843242187627,0.5082356556104947,0.27698928560956576,0.1622843242187627,0.008235655610494663
1373.7963179938401,4448.074686967446,22.96368076133411,0.06765586776424047,0.39153447230284943,0.2339308298775719,2.654682790179196,0.10839800202033473,0.37983280451344975,0.6420986178638317,0.5045071127032547,0.2535977311674244,0.1420986178638317,0.0045071127032546565
892.7474058871937,2859.417509494147,16.822261778331352,0.06776893031952858,0.26852986378072075,0.33991566782570654,1.7902094769108854,0.1172182063155791,0.35182286957875003,0.7293034459939451,0.4897352473467586,0.36252623162176867,0.22930344599394514,0.0
1385.4704253580335,2956.316365879192,11.24266675079949,0.08277338677282388,0.29103873139507574,0.26896303023135415,1.3058493037474053,0.09614884243564921,0.35864373358874607,0.7565086802846871,0.4924223263160707,0.3309961246848876,0.2565086802846871,0.0
958.8316059229776,1807.1163113910934,16.130458049837603,0.06820954506412505,0.34234041456336134,0.4093085626847732,2.7618349006686347,0.11102897878062236,0.365913333611748,0.7033596231803688,0.502595500801652,0.3061297096500858,0.20335962318036882,0.002595500801652051
