split,y_true,gp_pred,rf_pred,gp_std,gp_error,rf_error
train,0.6232660325657314,0.6271366079073224,0.6259693477524524,,0.003870575341590965,0.002703315186720956
train,0.4022474058266987,0.40291140543189596,0.4052684586863335,,0.0006639996051972519,0.0030210528596347763
train,0.4802725686678635,0.478551988924607,0.4822132999140893,,-0.0017205797432565118,0.0019407312462257909
train,0.4738128439781364,0.4673832687303053,0.4754973454852395,,-0.00642957524783111,0.0016845015071030867
train,0.4616193754459667,0.459856839606118,0.4624928458168223,,-0.0017625358398487,0.0008734703708556113
train,0.580322717939844,0.5751722222085618,0.5845637703818817,,-0.005150495731282234,0.004241052442037652
train,0.4842676038926279,0.486250742689352,0.4897111672403066,,0.001983138796724071,0.005443563347678704
train,0.6733592004452131,0.6488809585822144,0.6693669241137422,,-0.02447824186299874,-0.003992276331470923
train,0.4948301226515759,0.4961196623644699,0.49796810532530106,,0.0012895397128940278,0.0031379826737251704
train,0.5314725814339359,0.5262623310354028,0.5284318863130928,,-0.005210250398533178,-0.003040695120843151
train,0.6053932015302815,0.6016294912553181,0.6145967270863019,,-0.003763710274963472,0.009203525556020331
train,0.464188902368464,0.47012487033316475,0.45513038603224937,,0.00593596796470075,-0.009058516336214628
train,0.6092823771341722,0.6117548037347564,0.6177399500375305,,0.002472426600584221,0.008457572903358246
train,0.6202423233992522,0.6196610079738311,0.6120216578786339,,-0.0005813154254211694,-0.008220665520618287
train,0.6326375690145182,0.6336656568941421,0.6501333633223524,,0.00102808787962394,0.01749579430783421
train,0.5824116184124011,0.584621670271319,0.5693229731797328,,0.002210051858917872,-0.013088645232668283
train,0.5335575236107927,0.5326126701797215,0.5224002904822138,,-0.000944853431071202,-0.011157233128578858
train,0.5955372001859768,0.5908513733755145,0.6197616867568897,,-0.004685826810462257,0.024224486570912918
train,0.5443154783597612,0.5478371052328511,0.5468485008319142,,0.003521626873089878,0.0025330224721529238
train,0.593270960193557,0.5925399372461917,0.6195660794328093,,-0.0007310229473652674,0.026295119239252318
train,0.6095520764521584,0.6052788813543601,0.6125948254973255,,-0.004273195097798221,0.0030427490451671035
train,0.5697573227068761,0.5716910999906536,0.5752672660339998,,0.0019337772837775269,0.005509943327123734
train,0.6678334107679152,0.6646750627915444,0.6671166411498383,,-0.0031583479763708233,-0.0007167696180769845
train,0.5465862617884943,0.5425180589879433,0.540322562957745,,-0.004068202800551091,-0.006263698830749398
train,0.563600766344686,0.5626244650561009,0.5735408282073752,,-0.0009763012885851685,0.009940061862689142
train,0.566723456710744,0.5708875871148603,0.5833890646642749,,0.00416413040411634,0.016665607953530892
train,0.62039510170469,0.6150743470244832,0.6085606425154573,,-0.005320754680206874,-0.01183445918923276
train,0.4614808003909813,0.46220978246110406,0.4634219408212944,,0.0007289820701227301,0.0019411404303130708
train,0.5326869759557148,0.536526548120531,0.5350422173166618,,0.0038395721648162295,0.0023552413609470024
train,0.6337801069954279,0.624961039591786,0.6344378191989521,,-0.008819067403641911,0.0006577122035242855
train,0.7168462882674619,0.7162305463787078,0.7081774406020488,,-0.0006157418887541288,-0.008668847665413093
train,0.572778272479624,0.5714607699361873,0.5737617644205181,,-0.001317502543436655,0.0009834919408940879
train,0.6230521789021085,0.6271457490677846,0.6204273156058254,,0.00409357016567613,-0.0026248632962830865
train,0.5272903527684591,0.5293560055481907,0.5277099806968553,,0.002065652779731586,0.00041962792839611573
train,0.4245627103482686,0.42687366556629186,0.4260578270593382,,0.0023109552180232695,0.0014951167110696106
train,0.6387636513557746,0.647460026721772,0.6628906016869615,,0.008696375365997433,0.024126950331186836
train,0.4758271639374736,0.47506636831931864,0.47641521023457484,,-0.0007607956181549524,0.0005880462971012412
train,0.5852713697999948,0.623129821385018,0.6029537263040524,,0.03785845158502321,0.017682356504057584
train,0.4100830858607937,0.4110153758551918,0.41879229564652687,,0.00093228999439815,0.008709209785733196
train,0.5303492136499344,0.5276499598881054,0.5276384592438486,,-0.0026992537618290013,-0.0027107544060858135
train,0.5807575773749117,0.5796919435765756,0.5986462877175595,,-0.0010656337983361297,0.017888710342647718
train,0.4734326159179545,0.4718646866449716,0.4709229701162296,,-0.001567929272982882,-0.0025096458017249135
train,0.9608664404515932,0.9205043005857907,0.9070957335600691,,-0.040362139865802504,-0.05377070689152408
train,0.4802835588058349,0.47941632010380153,0.4831083121689389,,-0.0008672387020333683,0.0028247533631040045
train,0.5251953970973491,0.5239688533696265,0.5304603027107438,,-0.0012265437277225733,0.005264905613394766
train,0.494449213301645,0.49263771933339984,0.4940330224154832,,-0.001811493968245148,-0.00041619088616179356
train,0.5765070594265724,0.5738595619483677,0.5792123508869639,,-0.0026474974782046967,0.0027052914603914457
train,0.6676199718798956,0.6755971315507431,0.6565789258280075,,0.007977159670847445,-0.01104104605188816
train,0.5120994916511858,0.5179222074005452,0.5099982915866612,,0.005822715749359331,-0.002101200064524633
train,0.8530029291698911,0.8505884928276728,0.8465295979855019,,-0.0024144363422182735,-0.006473331184389197
train,0.4972251123464387,0.49997487786028083,0.49583767380796895,,0.0027497655138421506,-0.0013874385384697319
train,0.6461219857605482,0.6461181760808492,0.6357152928210708,,-3.809679699040558e-06,-0.010406692939477491
train,0.5416805964380181,0.5360249685671614,0.5423802676107091,,-0.0056556278708567165,0.0006996711726909854
train,0.770161504417613,0.7645750979612698,0.7795180306978543,,-0.005586406456343229,0.009356526280241306
train,0.6940182918721327,0.6851801713051298,0.690028279931774,,-0.00883812056700295,-0.003990011940358751
train,0.726999169221519,0.7244010422134506,0.7035845703384648,,-0.002598127008068385,-0.023414598883054194
train,0.6624130546549045,0.6631374832117853,0.6752737400293338,,0.0007244285568808184,0.012860685374429304
train,0.690628377159863,0.6980912479462551,0.6963622543438611,,0.007462870786392073,0.005733877183998093
train,0.5756016267351649,0.5745276126318265,0.5902902641659582,,-0.0010740141033384054,0.014688637430793294
train,0.6511588382510527,0.6511659136044279,0.6426486466075383,,7.0753533751855e-06,-0.008510191643514409
train,0.5115383390304233,0.5104025067334564,0.5119544022907992,,-0.0011358322969668988,0.00041606326037590957
train,0.7968522394923059,0.7854852809657717,0.7977475648424777,,-0.011366958526534132,0.0008953253501717828
train,0.537714524028444,0.533779304443822,0.5358380833712547,,-0.003935219584621952,-0.0018764406571892822
train,0.4708281650226601,0.4931879296809038,0.46716875178325595,,0.022359764658243686,-0.0036594132394041634
train,0.5830769201097974,0.5816040751816749,0.5966977694897139,,-0.0014728449281224965,0.013620849379916478
train,0.6023228128513889,0.6042184952356408,0.5986277238030778,,0.0018956823842518622,-0.003695089048311062
train,0.5334760573281194,0.5340697681604833,0.5353142984899693,,0.0005937108323639251,0.0018382411618498296
train,0.4195842383302361,0.42227087575221045,0.42514599786395063,,0.002686637421974336,0.0055617595337145165
train,0.6331446684803036,0.6361751287028184,0.63377989495351,,0.0030304602225148525,0.0006352264732063517
train,0.7270917090933766,0.7288171108936552,0.7223668125242779,,0.001725401800278581,-0.004724896569098691
train,0.4608430294680707,0.4625388823033493,0.4617781456898745,,0.0016958528352785662,0.0009351162218038112
train,0.5668599763535319,0.5719328908619868,0.5532103775200782,,0.005072914508454929,-0.013649598833453735
train,0.7140715900708156,0.7235185578528983,0.7268404963776155,,0.00944696778208276,0.012768906306799943
train,0.509502758000477,0.509148639891112,0.5051525620938508,,-0.0003541181093649204,-0.004350195906626109
train,0.5117740050167126,0.5010308671353987,0.5197151525242929,,-0.010743137881313869,0.007941147507580348
train,0.5961766470862971,0.599870392680356,0.597634312890792,,0.0036937455940588837,0.001457665804494912
train,0.5308092581304138,0.5241576334384067,0.5370350794507455,,-0.006651624692007085,0.00622582132033167
train,0.6097961499777089,0.6109952964450803,0.5993557299847474,,0.0011991464673714036,-0.010440419992961525
train,0.4877866507208748,0.4891195969803566,0.4885202597627468,,0.0013329462594818264,0.0007336090418720298
train,0.4266151419650485,0.42724997844557155,0.43067934054245305,,0.0006348364805230378,0.004064198577404532
train,0.4408054648749204,0.43996660625999595,0.443276266136719,,-0.0008388586149244426,0.0024708012617986053
train,0.490090976999556,0.49037192548299446,0.49627854020113243,,0.000280948483438459,0.006187563201576429
train,0.7832880069101646,0.7660724873655907,0.7511562874208588,,-0.0172155195445739,-0.03213171948930582
train,0.7069370057215676,0.7060309963291086,0.7011117861523595,,-0.0009060093924589951,-0.005825219569208118
train,0.4485174990806179,0.45053802067976584,0.45692632601968236,,0.002020521599147951,0.008408826939064473
train,0.5749482214953807,0.5744440262935215,0.5870061949166095,,-0.0005041952018591811,0.01205797342122883
train,0.5613333658842986,0.5598961171653508,0.5584084056408246,,-0.0014372487189477923,-0.002924960243473995
train,0.5021401913155016,0.49840729112751986,0.4949374699009817,,-0.0037329001879817247,-0.007202721414519886
train,0.4267524665267291,0.4296513872332086,0.4304656791066662,,0.002898920706479513,0.0037132125799371196
train,0.6458588302337499,0.6411546878612144,0.6514694950636571,,-0.004704142372535469,0.0056106648299072415
train,0.580591536842779,0.5802106460294616,0.5851057063737726,,-0.0003808908133173805,0.004514169530993595
train,0.4593995498668458,0.4617450265191029,0.4645466589357438,,0.0023454766522570947,0.005147109068898037
train,0.5372984383449634,0.5430249078101834,0.5340729679387184,,0.005726469465220041,-0.00322547040624499
train,0.6003822282630678,0.5980392001207134,0.6044942869019653,,-0.0023430281423543198,0.00411205863889752
train,0.6461312871827861,0.6442453456390264,0.656710234199902,,-0.0018859415437597615,0.010578947017115925
train,0.4260001450214077,0.4265880230241143,0.4265065227886701,,0.0005878780027065988,0.000506377767262367
train,0.4606367996937688,0.4613644433370374,0.46202848727812335,,0.0007276436432686051,0.0013916875843545395
train,0.4526816599225465,0.44590894444983853,0.453038103313516,,-0.006772715472707969,0.0003564433909695186
train,0.6117916891309899,0.6140798396126426,0.6139274628061572,,0.002288150481652651,0.002135773675167263
train,0.5234027494719241,0.5212921833876595,0.5233185691317943,,-0.002110566084264631,-8.418034012980247e-05
train,0.546818949914307,0.5435441141964814,0.5501498328122183,,-0.0032748357178256082,0.0033308828979112803
train,0.6292209850221286,0.6312523684746801,0.6282319992367901,,0.002031383452551494,-0.0009889857853385697
train,0.6464280393062405,0.6529734039221229,0.6451992713280761,,0.006545364615882399,-0.0012287679781644023
train,0.5105310511455242,0.5212317725811834,0.5382954873722035,,0.010700721435659144,0.027764436226679234
train,0.4514091702437645,0.451829034230191,0.45333846709642295,,0.00041986398642651634,0.0019292968526584686
train,0.4805949657105732,0.4779115437717464,0.47746320289518057,,-0.0026834219388268132,-0.0031317628153926247
train,0.6041494481518267,0.6036421993222209,0.6150130405485307,,-0.0005072488296058442,0.01086359239670398
train,0.459998910595764,0.46094557753221377,0.46502934322903855,,0.0009466669364497915,0.005030432633274573
train,0.5652133230477204,0.5666198029503774,0.5663017136893096,,0.0014064799026569652,0.0010883906415891653
train,0.4714361498391632,0.4695500386236878,0.477049247750857,,-0.0018861112154753834,0.005613097911693787
train,0.7240457961356319,0.7274002086384733,0.7193961056588033,,0.0033544125028414085,-0.004649690476828616
train,0.4628147056798944,0.4621719260917798,0.4621614121737009,,-0.0006427795881145948,-0.0006532935061935308
train,0.3964814636604471,0.3973960726475937,0.4032030725045323,,0.0009146089871465701,0.006721608844085181
train,0.459581635429814,0.4612354258488932,0.4695986427415629,,0.001653790419079204,0.010017007311748871
train,0.5393804314527599,0.5375863392257823,0.5401070420155002,,-0.0017940922269776838,0.0007266105627402597
train,0.6200110682420805,0.6205873185543118,0.6173874320001265,,0.0005762503122312967,-0.0026236362419540527
train,0.4363954591179612,0.43615198068973615,0.44389713395676844,,-0.00024347842822503019,0.00750167483880726
train,0.4720513161219866,0.47179202818801624,0.4766357723371361,,-0.00025928793397034244,0.004584456215149524
train,0.7112709949700292,0.7110263568726963,0.7075256025426141,,-0.0002446380973328832,-0.0037453924274151174
train,0.6178219995870669,0.6190326141512592,0.6070235539516287,,0.0012106145641923582,-0.010798445635438192
train,0.5448220782584114,0.5471112884605321,0.5386951109818121,,0.002289210202120695,-0.006126967276599338
train,0.4782092959816212,0.4688196652176618,0.47832541232299364,,-0.009389630763959433,0.00011611634137242977
train,0.6553585254613965,0.654326479394574,0.642436935008226,,-0.0010320460668225007,-0.01292159045317054
train,0.5904866237107937,0.5927450698059651,0.614746584950569,,0.0022584460951713403,0.024259961239775252
train,0.4508443321837292,0.45325198646030235,0.45267285594147655,,0.0024076542765731346,0.0018285237577473357
train,0.5457346294458426,0.5469072907768878,0.5441025048669276,,0.0011726613310452105,-0.0016321245789150396
train,0.4028169659167165,0.4056091289435422,0.4116449103931104,,0.002792163026825667,0.0088279444763939
train,0.5140642860644697,0.5123953975794512,0.5160332181532955,,-0.0016688884850185604,0.001968932088825759
train,0.5959505678760622,0.5980572235300433,0.5984041771630935,,0.00210665565398116,0.002453609287031311
train,0.8040362657941367,0.7976545374581138,0.8006727117803666,,-0.006381728336022907,-0.003363554013770087
train,0.6198350214371547,0.6270274706581269,0.6104860335258007,,0.007192449220972175,-0.009348987911354079
train,0.6551113664620657,0.6603930684921167,0.6488938153707845,,0.005281702030050961,-0.006217551091281193
train,0.4681183930879438,0.46926215837262875,0.4684577796876362,,0.001143765284684961,0.0003393865996924039
train,0.5099077575537068,0.5112080797848967,0.507976926671814,,0.001300322231189921,-0.00193083088189272
train,0.5395247970198717,0.5362050204394061,0.5440295946616142,,-0.003319776580465561,0.004504797641742497
train,0.483266927335179,0.48327674080472977,0.48148264050613415,,9.813469550756793e-06,-0.0017842868290448566
train,0.5994757433610511,0.6037622910906009,0.6001839251473368,,0.004286547729549728,0.0007081817862856221
train,0.4675739160870393,0.4651130676632575,0.4652606786803437,,-0.002460848423781803,-0.0023132374066955896
train,0.6300787135301168,0.6303008461939463,0.6279884713912709,,0.0002221326638295329,-0.002090242138845899
train,0.5143642009956129,0.5126135105009713,0.5176793952312144,,-0.0017506904946416046,0.0033151942356015596
train,0.6796407508959823,0.6809804537198476,0.7058612835001418,,0.0013397028238653075,0.026220532604159463
train,0.4347203900345461,0.4334620060296346,0.44122881437403083,,-0.001258384004911517,0.006508424339484731
train,0.6796317680219952,0.6805262732796145,0.6853474373936179,,0.0008945052576192492,0.005715669371622711
train,0.6289626538775686,0.6288267067431191,0.613040777884311,,-0.0001359471344494212,-0.01592187599325756
train,0.5304799911551846,0.5330787983198002,0.5339490532027104,,0.0025988071646155797,0.0034690620475257283
train,0.5234727563016354,0.5260999289088625,0.5277146630597436,,0.002627172607227113,0.004241906758108205
train,0.5595921415848164,0.5642009600867944,0.5515655081937217,,0.004608818501978029,-0.008026633391094662
train,0.4985086550802258,0.501528014138474,0.49758196476564936,,0.003019359058248239,-0.0009266903145764283
train,0.651874909654788,0.6607848600424917,0.6602179749139936,,0.008909950387703702,0.008343065259205584
train,0.4690395509434995,0.46769070021045017,0.4724827057260483,,-0.0013488507330493005,0.0034431547825488074
train,0.6245719637911411,0.6200159677922705,0.622163679013579,,-0.004555995998870577,-0.002408284777562053
train,0.575595013060558,0.5778686355255658,0.5805152415346404,,0.0022736224650077297,0.004920228474082355
train,0.7759906636283871,0.7799723584436906,0.7741064160055523,,0.003981694815303527,-0.0018842476228347893
train,0.7507555402155663,0.7576533686814599,0.7407290824360454,,0.006897828465893596,-0.010026457779520936
train,0.5603084737880175,0.5714541942590989,0.5727948001271866,,0.011145720471081422,0.01248632633916913
train,0.6124628808604412,0.6104673804151466,0.6105501629025005,,-0.001995500445294618,-0.0019127179579406794
train,0.7830052012576362,0.78504682340967,0.7742302486607858,,0.0020416221520338507,-0.00877495259685035
train,0.5288864124988083,0.5222188970505631,0.5337258861237049,,-0.006667515448245176,0.004839473624896562
train,0.4569524691484593,0.46636754803270897,0.4767133066970768,,0.009415078884249695,0.019760837548617516
train,0.5841611139893946,0.5802714146313358,0.595945278943186,,-0.003889699358058829,0.01178416495379142
train,0.7616696184358442,0.7470563482224744,0.7519783284199948,,-0.014613270213369889,-0.009691290015849452
train,0.6059946549118367,0.6022114882166288,0.6107898077925917,,-0.00378316669520784,0.004795152880755049
train,0.511129423416405,0.5111491209725036,0.5040796924428297,,1.9697556098652313e-05,-0.007049730973575308
train,0.4686588161731007,0.4675752135498518,0.47202079515129086,,-0.0010836026232488583,0.003361978978190183
train,0.5603459092995304,0.5861957282541039,0.5929664913777651,,0.0258498189545735,0.032620582078234706
train,0.543264655161676,0.5380720399372455,0.5370960731037797,,-0.005192615224430486,-0.006168582057896277
train,0.7238145647021177,0.7268427606547881,0.7210066536072322,,0.003028195952670454,-0.00280791109488554
train,0.511687535891839,0.5118330217490965,0.5118564975880096,,0.00014548585725748797,0.00016896169617053314
train,0.6643061567246968,0.6721260126149032,0.669665139085433,,0.007819855890206395,0.005358982360736175
train,0.7487504024477343,0.7459354986310227,0.7315993895028028,,-0.002814903816711567,-0.017151012944931487
train,0.5494237988564832,0.5479091956739772,0.5436073135083884,,-0.001514603182505958,-0.005816485348094758
train,0.6513307794284114,0.6521888592559909,0.6534632425969603,,0.000858079827579461,0.0021324631685488704
train,0.6266026796960824,0.6245853633498715,0.6326305990906613,,-0.00201731634621094,0.006027919394578918
train,0.4524347012072673,0.46368824607364256,0.4501850711472272,,0.011253544866375254,-0.0022496300600400865
train,0.4938516247290592,0.4844396699812574,0.49720873887445,,-0.009411954747801765,0.003357114145390805
train,0.6776020788767266,0.6778392879812571,0.6742661186429901,,0.00023720910453051136,-0.0033359602337365013
train,0.6952176242367576,0.6954879193753684,0.7005303773939028,,0.0002702951386107655,0.005312753157145189
train,0.4711014050405102,0.4719091113901086,0.47479653817395384,,0.0008077063495984249,0.003695133133443662
train,0.6636345402236721,0.6628208189187539,0.6643993194581017,,-0.0008137213049181913,0.0007647792344296356
train,0.7193439884422916,0.7311400342134184,0.6988828750196526,,0.011796045771126806,-0.02046111342263901
train,0.5407801257434244,0.5446268476900323,0.5426474314413053,,0.003846721946607956,0.001867305697880961
train,0.6394850927427143,0.6355513593934472,0.644456318704775,,-0.0039337333492670545,0.004971225962060788
train,0.5465133859330931,0.5502984147235804,0.53549778516854,,0.003785028790487366,-0.011015600764553102
train,0.6143513809419598,0.6165963870464988,0.6162153549077481,,0.002245006104538927,0.0018639739657883014
train,0.4984524506189932,0.4934979139896388,0.5053453729585027,,-0.004954536629354356,0.0068929223395095
train,0.6172816553582389,0.6211249646265222,0.6200978947032383,,0.003843309268283357,0.002816239344999416
train,0.6015638849226289,0.607204802389934,0.5968521937685073,,0.005640917467305107,-0.004711691154121622
train,0.5637059844296219,0.5636089476239403,0.5471812592951811,,-9.703680568162731e-05,-0.01652472513444081
train,0.6194077747673232,0.6656278941426393,0.6415594091660839,,0.046220119375316115,0.022151634398760667
train,0.5271875120275373,0.5275635362591576,0.5168713598517855,,0.00037602423162030885,-0.01031615217575188
train,0.4296537474033426,0.4257234099067729,0.44174302757740497,,-0.003930337496569736,0.012089280174062356
train,0.6269903489608974,0.6296304563008115,0.6282147211370418,,0.002640107339914044,0.0012243721761443505
train,0.4746880471046349,0.4738906320484302,0.48271911314037746,,-0.0007974150562047311,0.008031066035742551
train,0.5236314324140213,0.5244611793623309,0.5270589094036869,,0.0008297469483096176,0.003427476989665612
train,0.6405209717912532,0.6429985534171069,0.6465853647121278,,0.002477581625853653,0.006064392920874573
train,0.4914422050310347,0.4899222488562798,0.4968423899998751,,-0.0015199561747549217,0.005400184968840427
train,0.6104397789677567,0.6118457705802712,0.6193075116933163,,0.0014059916125145344,0.00886773272555963
train,0.5309028872586131,0.535405150067087,0.5426399474627397,,0.004502262808473878,0.01173706020412657
train,0.4660092571666093,0.4660793586454599,0.4695496545400349,,7.01014788506149e-05,0.0035403973734255967
train,0.6261929269417862,0.6337935162582742,0.6313338554746797,,0.007600589316487993,0.005140928532893496
train,0.4759347767462241,0.4807058973195302,0.4724808188938832,,0.004771120573306087,-0.003453957852340872
train,0.687504563628141,0.6951831328556151,0.7033851406457916,,0.007678569227474008,0.015880577017650555
train,0.511308252113988,0.5059093144349233,0.5088885362159811,,-0.005398937679064741,-0.0024197158980069355
train,0.6728622112638266,0.6810590191972337,0.6784096292925259,,0.008196807933407046,0.005547418028699291
train,0.4909237594147909,0.4897683394311536,0.4980699917394948,,-0.0011554199836372736,0.007146232324703905
train,0.5701189021861233,0.5714342961410933,0.5635649731779659,,0.0013153939549700455,-0.006553929008157322
train,0.6767897646790518,0.6799555463501343,0.67102297366544,,0.0031657816710825015,-0.005766791013611883
train,0.5667708542581219,0.5681187912110219,0.5669379802705836,,0.0013479369529000307,0.00016712601246171577
train,0.4898618554795311,0.48817619880039964,0.49175198987020285,,-0.0016856566791314531,0.0018901343906717605
train,0.4396512208249658,0.4377666683503201,0.4431575159073767,,-0.001884552474645751,0.0035062950824108485
train,0.5014016920276919,0.5163738838611929,0.5362559842943576,,0.014972191833500959,0.0348542922666657
train,0.6321754257329834,0.637387210570315,0.6354863858732425,,0.0052117848373316455,0.0033109601402591116
train,0.493783875588949,0.49281398331213766,0.49730536406997106,,-0.0009698922768113238,0.0035214884810220726
train,0.5266153275007274,0.5167749728370099,0.5151881587951775,,-0.009840354663717465,-0.011427168705549828
train,0.8188937426216472,0.8098601785788083,0.7980235607213841,,-0.009033564042838838,-0.02087018190026302
train,0.5664814951690037,0.5642914330940023,0.5783687534899089,,-0.0021900620750013866,0.011887258320905203
train,0.6460072957316139,0.6522736706570045,0.6520446470057105,,0.0062663749253906165,0.006037351274096658
train,0.8104311003476699,0.8077618504582903,0.7977193812389366,,-0.0026692498893795547,-0.012711719108733255
train,0.5983013994211762,0.5992867998110492,0.6017821906273372,,0.0009854003898729369,0.0034807912061609603
train,0.513653293385878,0.5151205933546119,0.5155062260088352,,0.0014672999687339594,0.0018529326229572707
train,0.6206133031162431,0.6222677711016328,0.6158408624235959,,0.001654467985389707,-0.004772440692647151
train,0.4816396668627642,0.4826362643322477,0.4797595915430248,,0.0009965974694834956,-0.0018800753197394382
train,0.4156224025290635,0.4158493061230914,0.4194367677206257,,0.00022690359402788296,0.0038143651915621968
train,0.4858021907205533,0.48478092266047745,0.48696199849353655,,-0.0010212680600758528,0.0011598077729832457
train,0.5724356995846354,0.5780996801082898,0.5661296092507605,,0.005663980523654466,-0.006306090333874859
train,0.5133942026215987,0.5098788169397135,0.5128985702877542,,-0.0035153856818852525,-0.0004956323338445312
train,0.4915593030469927,0.4905048625055892,0.498668244200404,,-0.0010544405414034674,0.007108941153411319
train,0.5637542479515224,0.5676745224610442,0.5589231357758011,,0.003920274509521815,-0.004831112175721297
train,0.4444942248486347,0.44299527374182646,0.44390253566625476,,-0.001498951106808255,-0.0005916891823799508
train,0.4720888707048162,0.46899544162218665,0.4759438121820464,,-0.0030934290826295507,0.0038549414772302004
train,0.4387437731881705,0.4356264415373712,0.4512160682883992,,-0.0031173316507993043,0.012472295100228736
train,0.5107692025173195,0.5067163137976425,0.5095228940553712,,-0.004052888719677017,-0.0012463084619482867
train,0.7480811546886006,0.7366326433491539,0.7508911499730891,,-0.011448511339446688,0.0028099952844885534
train,0.5742122536077713,0.5698125089851188,0.5812915770708172,,-0.004399744622652468,0.007079323463045961
train,0.4915491999872589,0.4879809769028437,0.4873739210004127,,-0.0035682230844151785,-0.004175278986846165
train,0.5430888557731919,0.5401797037135216,0.5406012663507822,,-0.002909152059670239,-0.002487589422409675
train,0.7621995353947832,0.7664579836745108,0.7432148142868464,,0.004258448279727545,-0.01898472110793681
train,0.5538747150779304,0.5557215384013265,0.563214646537162,,0.0018468233233961406,0.00933993145923162
train,0.6981013536231876,0.7013333008492162,0.6922897301199546,,0.0032319472260285975,-0.005811623503232943
train,0.4175050275783478,0.42003286894864866,0.420303721151786,,0.002527841370300876,0.0027986935734382046
train,0.703676220350458,0.7016271034480491,0.6886045009468764,,-0.002049116902408832,-0.01507171940358154
train,0.563873783433967,0.5653524658320285,0.5641643500037101,,0.0014786823980614816,0.00029056656974313366
train,0.6449976161562929,0.6446497768830081,0.6404120527828124,,-0.00034783927328485564,-0.0045855633734804835
train,0.518762377314495,0.5131344349686162,0.5175415344635538,,-0.0056279423458788225,-0.0012208428509412617
train,0.5125478387202869,0.5031954864814213,0.526610878981062,,-0.009352352238865547,0.014063040260775095
train,0.46652209095179,0.4624531802156769,0.46816705775073275,,-0.004068910736113096,0.0016449667989427708
train,0.7313090386858219,0.7486177707307938,0.7280684979191232,,0.017308732044971964,-0.003240540766698663
train,0.4195901713580013,0.4106684607243279,0.42785975234097345,,-0.008921710633673419,0.008269580982972147
train,0.4654318976530355,0.4640106214262467,0.46654070598783465,,-0.0014212762267887813,0.0011088083347991495
train,0.6482017809019097,0.6456970658378125,0.6510300709218602,,-0.0025047150640972182,0.0028282900199504413
train,0.5987742716472901,0.6001557654999025,0.5961889210942306,,0.0013814938526123255,-0.002585350553059529
train,0.471947163297252,0.4821584424584295,0.4821006089219797,,0.010211279161177478,0.010153445624727697
train,0.5625949119406014,0.5642966800094092,0.5689285732814474,,0.0017017680688078407,0.0063336613408460085
train,0.5907775804143531,0.5970303120235939,0.5545994061433949,,0.00625273160924078,-0.03617817427095826
train,0.5662908160581706,0.5679440495992252,0.5739283990291947,,0.0016532335410546217,0.007637582971024126
train,0.4554430801148124,0.4545778796603186,0.456777520384677,,-0.0008652004544937864,0.001334440269864623
train,0.5356772366322808,0.5311786081530447,0.5522355141166014,,-0.0044986284792361,0.016558277484320594
train,0.5056755513673928,0.5057909539092934,0.5036075311486989,,0.00011540254190056665,-0.0020680202186939
train,0.5309348666390026,0.5254568455533623,0.5340043633157846,,-0.005478021085640328,0.003069496676782024
train,0.5114842178009702,0.509935294478769,0.5114619915716873,,-0.0015489233222012455,-2.2226229282940047e-05
train,0.625296759370624,0.6340399002321753,0.6300608449590074,,0.008743140861551257,0.004764085588383371
train,0.5765186823681675,0.588165653583772,0.5448045491964476,,0.01164697121560454,-0.031714133171719894
train,0.7074030709805368,0.7062072713229163,0.6936724746294542,,-0.001195799657620511,-0.013730596351082536
train,0.5143156371606251,0.517615268004463,0.5152388415025595,,0.0032996308438378863,0.0009232043419343805
train,0.770203839483553,0.7642430794195745,0.7711744796768151,,-0.0059607600639784986,0.0009706401932620956
train,0.4803059388201506,0.48016461380018816,0.4709067240476123,,-0.00014132501996244606,-0.0093992147725383
train,0.5192562972137699,0.5226103946577659,0.5297568174598004,,0.0033540974439960625,0.010500520246030542
train,0.5832716115882524,0.5852977539343052,0.6030635289312078,,0.002026142346052806,0.01979191734295549
train,0.7691094923016744,0.7663022824757839,0.7594002073381473,,-0.0028072098258904443,-0.009709284963527076
train,0.5401486858027094,0.5407091004530828,0.5440407136116724,,0.0005604146503734864,0.003892027808963028
train,0.5469922659802393,0.5457751827776648,0.5559095259728135,,-0.0012170832025745204,0.0089172599925742
train,0.4666602159931859,0.46403181048330744,0.46936277766244955,,-0.002628405509878473,0.0027025616692636367
train,0.4810727355543032,0.48544039532210853,0.49099120590583223,,0.004367659767805343,0.00991847035152904
train,0.4782708021542552,0.47474807172573674,0.4841332265929468,,-0.0035227304285184724,0.00586242443869156
train,0.5138617495937297,0.5164584326288993,0.5057627251413084,,0.002596683035169689,-0.008099024452421277
train,0.4775325700578529,0.48682197370820307,0.46894072170118384,,0.009289403650350192,-0.00859184835666904
train,0.4882478244705259,0.4915863329944205,0.4969977853735238,,0.003338508523894612,0.0087499609029979
train,0.6871298657183793,0.6871888580230313,0.6838837061753522,,5.899230465200578e-05,-0.003246159543027094
train,0.5133808339871724,0.5131209995512158,0.5180031791498899,,-0.00025983443595656297,0.004622345162717534
train,0.6485403839873473,0.650074942593265,0.6443947635543329,,0.0015345586059177796,-0.004145620433014363
train,0.6318446926730352,0.6295134894662854,0.627802034910828,,-0.0023312032067498434,-0.004042657762207247
train,0.4149077011386073,0.41442803579311155,0.42217969177735276,,-0.0004796653454957611,0.007271990638745451
train,0.4443881329418188,0.44225298861737883,0.44413782641498717,,-0.0021351443244399526,-0.0002503065268316118
train,0.419593725717146,0.41341337092399705,0.42090623336149796,,-0.006180354793148934,0.001312507644351979
train,0.7161186222015868,0.7182147471853817,0.7064187669824525,,0.002096124983794856,-0.009699855219134301
train,0.5363567427732928,0.5389440898614406,0.5247465694845055,,0.0025873470881477845,-0.011610173288787329
train,0.5460315241189038,0.5455974910855254,0.5471118088695743,,-0.0004340330333784115,0.0010802847506705682
train,0.4688275008372375,0.4689098276003058,0.4685917784833679,,8.232676306829667e-05,-0.00023572235386959406
train,0.7808899823059109,0.7639986428002778,0.7596440048708164,,-0.01689133950563304,-0.021245977435094487
train,0.7417625924212876,0.7512382444359827,0.7543133476733437,,0.009475652014695135,0.012550755252056067
train,0.5393636349071972,0.5401150472569992,0.5296453284560244,,0.0007514123498020275,-0.009718306451172776
train,0.5343554123706343,0.5329053214135198,0.543227722818046,,-0.0014500909571145693,0.008872310447411658
train,0.7637239155311062,0.7829068319259387,0.7799792869516816,,0.019182916394832494,0.016255371420575426
train,0.796737557693971,0.7904462715319436,0.796361635469874,,-0.006291286162027454,-0.0003759222240969917
train,0.4190144009753325,0.41747495029954984,0.41881074668974244,,-0.0015394506757826498,-0.00020365428559004917
train,0.5434959547759153,0.5433451431736022,0.5341383367595488,,-0.00015081160231311674,-0.009357618016366476
train,0.492449568936641,0.4934765183176795,0.49795657133361637,,0.0010269493810385333,0.00550700239697538
train,0.572585294957377,0.5712466138521636,0.5790326326230861,,-0.0013386811052134018,0.006447337665709152
train,0.6034851552456053,0.6058113557125292,0.6092648515423513,,0.002326200466923889,0.0057796962967460175
train,0.8320031059721111,0.8201325236460613,0.8041088022951559,,-0.011870582326049872,-0.027894303676955223
train,0.4627677075568035,0.46423784488036046,0.4644890829121506,,0.0014701373235569415,0.0017213753553470545
train,0.5909538124944625,0.5838142488165232,0.6006539144431577,,-0.007139563677939331,0.009700101948695194
train,0.6263083180633457,0.6299094466704854,0.6402972555216204,,0.003601128607139681,0.013988937458274675
train,0.5192842544176469,0.5177932781080876,0.5197445114338591,,-0.0014909763095592998,0.0004602570162122177
train,0.4228217571525193,0.4229378668404641,0.4245860285770975,,0.0001161096879447876,0.0017642714245781899
train,0.5365639679176204,0.5369244524546585,0.5378172321016211,,0.0003604845370380749,0.0012532641840007352
train,0.5573415018602379,0.5582003085972118,0.5565326080190288,,0.0008588067369739161,-0.0008088938412090796
train,0.7319453432882363,0.7267001972251673,0.7096687861867219,,-0.005245146063069028,-0.022276557101514438
train,0.6692246102838431,0.6616678261662405,0.6675146448921995,,-0.007556784117602522,-0.0017099653916435864
train,0.5380219258149261,0.53906326591219,0.5398293308340085,,0.0010413400972638653,0.0018074050190823865
train,0.4472014275096503,0.4470604124578963,0.44791475108587137,,-0.00014101505175401208,0.0007133235762210588
train,0.4978218142910872,0.500195121477027,0.5011766568232771,,0.0023733071859398658,0.0033548425321898723
train,0.4705424746418636,0.46806411802615155,0.47294501423667845,,-0.002478356615712052,0.0024025395948148454
train,0.5723999336429684,0.5707584519645346,0.542426015176073,,-0.0016414816784338093,-0.029973918466895344
train,0.5742123433130359,0.5706928817737803,0.5702092807947287,,-0.0035194615392556416,-0.004003062518307288
train,0.7217663278780153,0.7047687119273768,0.7023913486960919,,-0.016997615950638534,-0.019374979181923435
train,0.5352590856862419,0.5366850356642838,0.5390569970995444,,0.0014259499780419072,0.003797911413302435
train,0.3979830498040363,0.3982236874741131,0.40072542510267334,,0.00024063767007675985,0.002742375298637023
train,0.6456727680168752,0.6524125342779983,0.6456662837180036,,0.006739766261123048,-6.48429887162294e-06
train,0.5717706795333806,0.5729825352793843,0.567773374720281,,0.0012118557460036872,-0.003997304813099567
train,0.5390207483912575,0.5568429672316227,0.5884984505985162,,0.017822218840365278,0.04947770220725878
train,0.4966648525786978,0.5026171900973623,0.502322499861176,,0.0059523375186644745,0.005657647282478251
train,0.5028321355901565,0.5170022901082155,0.541210065179577,,0.01417015451805903,0.038377929589420545
train,0.886439092189318,0.8498809191904599,0.8559283692013515,,-0.03655817299885811,-0.030510722987966532
train,0.5914547972688424,0.5896742111786965,0.6046429213728219,,-0.0017805860901459747,0.013188124103979515
train,0.521593616641377,0.5232999501098746,0.5034359041620035,,0.0017063334684975784,-0.01815771247937359
train,0.5622802489875062,0.5636967875611104,0.559315864047225,,0.0014165385736042424,-0.002964384940281173
train,0.4863328866894419,0.4883303967049957,0.48463169815362983,,0.0019975100155537606,-0.0017011885358120815
train,0.4682712600802882,0.4673560449168781,0.46904232595033885,,-0.000915215163410088,0.0007710658700506579
train,0.7301023926262552,0.7334853740343776,0.7341399984862579,,0.003382981408122432,0.00403760586000268
train,0.4735316665892701,0.467916384944881,0.47751458689543175,,-0.00561528164438907,0.0039829203061616525
train,0.7091862291153078,0.714719607954452,0.7057606134124114,,0.005533378839144176,-0.0034256157028964562
train,0.4391274989229937,0.43469416239180503,0.4348536689547694,,-0.0044333365311886586,-0.004273829968224285
train,0.5702160558514232,0.5717927958747413,0.5662091107317563,,0.0015767400233180906,-0.004006945119666927
train,0.6401508251769066,0.6408332823689938,0.6548314798739651,,0.0006824571920872602,0.014680654697058482
train,0.4650059021760069,0.4653892391021366,0.4644272066491193,,0.00038333692612968484,-0.0005786955268876071
train,0.4505505881487475,0.4482020665951726,0.45630275986157853,,-0.0023485215535749004,0.0057521717128310446
train,0.4046290869133989,0.4060238194418145,0.406320616689043,,0.0013947325284155987,0.0016915297756441294
train,0.5231843347430877,0.5233016221432545,0.5252907047267426,,0.00011728740016681005,0.0021063699836548766
train,0.4501481007805354,0.45106956446149793,0.4547791986350438,,0.0009214636809625198,0.004631097854508381
train,0.6038364530446744,0.6063727382749349,0.5890535261860648,,0.0025362852302605043,-0.014782926858609602
train,0.6553840179037005,0.655361880876525,0.6494033736411495,,-2.2137027175461732e-05,-0.00598064426255096
train,0.6396335584240014,0.6352831258242266,0.630002663591421,,-0.004350432599774745,-0.009630894832580394
train,0.6977089126427221,0.6979586763595413,0.6929803063324212,,0.00024976371681928455,-0.004728606310300809
train,0.4926884920008856,0.49697713602830146,0.49739542120706903,,0.0042886440274158555,0.00470692920618343
train,0.4816416667001826,0.4819878241085486,0.48051024089100297,,0.00034615740836602127,-0.0011314258091796314
train,0.4865029063262219,0.4877616079936279,0.47321140858938926,,0.0012587016674059925,-0.013291497736832636
train,0.523483380846203,0.5256134105753404,0.5230325099299383,,0.0021300297291373393,-0.00045087091626472287
train,0.5500108806265726,0.5470792280667565,0.555402723007642,,-0.002931652559816089,0.005391842381069489
train,0.4421920141241574,0.4420606921127843,0.44392786084792735,,-0.00013132201137305843,0.0017358467237699737
train,0.5078919664244498,0.5039106299690255,0.5296113016101655,,-0.003981336455424311,0.02171933518571567
train,0.3984829958530662,0.40051076317949397,0.4071962390384493,,0.0020277673264277873,0.008713243185383135
train,0.528132727873728,0.5318942106683789,0.5302817787587306,,0.003761482794650939,0.0021490508850026124
train,0.50404332751886,0.5059520005159429,0.5041446687698314,,0.0019086729970828609,0.00010134125097138735
train,0.6703008060766944,0.6728960666867495,0.6637279781514789,,0.0025952606100551057,-0.006572827925215519
train,0.6591724670424586,0.6663782600096593,0.6705644323652216,,0.007205792967200697,0.011391965322762987
train,0.598022900162776,0.5988207426085612,0.5888803536793377,,0.0007978424457851796,-0.009142546483438374
train,0.4991457066993501,0.4969389522166224,0.5078965929402113,,-0.002206754482727724,0.008750886240861178
train,0.6484683873343721,0.6896767460876633,0.6654381270218813,,0.04120835875329121,0.016969739687509255
train,0.6275232628855836,0.6277967051933753,0.6277922735462974,,0.00027344230779169365,0.00026901066071383095
train,0.6133429551174598,0.6063783259632557,0.6139107430200309,,-0.006964629154204149,0.0005677879025710597
train,0.667873939238759,0.6674608536145381,0.6748797395057813,,-0.0004130856242209324,0.007005800267022244
train,0.5539683461615956,0.5606294062330905,0.5426117156072556,,0.0066610600714949175,-0.011356630554339997
train,0.6207637291726384,0.6221033983777423,0.6385081721279444,,0.0013396692051038661,0.017744442955305972
train,0.5102440373929461,0.5123586084566553,0.507283425551611,,0.0021145710637091586,-0.0029606118413351146
train,0.7614820323653209,0.7496792358806315,0.7446771772140112,,-0.011802796484689404,-0.016804855151309694
train,0.792968525169598,0.7898454900143124,0.8050062397076791,,-0.0031230351552856694,0.012037714538081112
train,0.498081090380309,0.4914469845772541,0.4973272794252571,,-0.006634105803054902,-0.0007538109550518923
train,0.5548698407507244,0.5588555636219363,0.5630381226964289,,0.003985722871211905,0.008168281945704514
train,0.6499809414459751,0.6563878495602917,0.6408355240090723,,0.006406908114316656,-0.00914541743690278
train,0.5684371974995609,0.5750864201391516,0.5662997365683226,,0.006649222639590668,-0.002137460931238344
train,0.6631296968695135,0.6642498469900828,0.6635763376065673,,0.0011201501205693187,0.000446640737053805
train,0.4349996665547623,0.43940612384571465,0.4291881834921532,,0.004406457290952348,-0.005811483062609091
train,0.6541943216804327,0.6436924592573486,0.6479800689966926,,-0.01050186242308404,-0.006214252683740096
train,0.6395377255226178,0.6357287326757984,0.6527740977441316,,-0.003808992846819348,0.013236372221513859
train,0.4283384660275032,0.43079416152957994,0.4310168546699559,,0.002455695502076749,0.002678388642452678
train,0.4886653648690983,0.495154782049242,0.4914654824431428,,0.006489417180143731,0.002800117574044525
train,0.4687067822624982,0.46943138916009036,0.47172928233168276,,0.0007246068975921838,0.003022500069184586
train,0.6616673586407796,0.6617586551513044,0.6641817126640277,,9.129651052475207e-05,0.0025143540232480666
train,0.7587318865601207,0.7536621507153284,0.7285364339401348,,-0.005069735844792311,-0.030195452619985907
train,0.7193565296945192,0.7223196412991109,0.7095123712858251,,0.0029631116045916173,-0.009844158408694126
train,0.6197048632825366,0.6134587322042794,0.6174822055973787,,-0.006246131078257222,-0.002222657685157947
train,0.4650551140696272,0.4666659545020206,0.46318919947050613,,0.0016108404323934011,-0.0018659145991210546
train,0.4677556871546777,0.46435149638511625,0.4578318687030835,,-0.0034041907695614437,-0.00992381845159418
train,0.5342502559225564,0.5337311435664103,0.5380971192866548,,-0.0005191123561461009,0.0038468633640984518
train,0.6440457822029737,0.6450815137812338,0.638249073249753,,0.0010357315782600907,-0.005796708953220708
train,0.6194183824490314,0.621080215166074,0.6153255106486631,,0.0016618327170426772,-0.004092871800368214
train,0.6320355528206528,0.6403038704706325,0.6439981487774264,,0.008268317649979706,0.011962595956773625
train,0.5463537590216186,0.5446557919239087,0.5454117215340368,,-0.0016979670977099737,-0.0009420374875818149
train,0.3931930859988514,0.3891244079704538,0.39950504465658626,,-0.00406867802839761,0.006311958657734873
train,0.4690268440797991,0.47779527085975443,0.47758575726007374,,0.008768426779955318,0.00855891318027463
train,0.4481268706491717,0.44805388407484614,0.45008112401291495,,-7.29865743255842e-05,0.001954253363743219
train,0.6560018637903252,0.6518878379994291,0.6562325003703262,,-0.0041140257908961475,0.00023063658000099796
train,0.7050120666650057,0.7051323400524931,0.6998211339161423,,0.0001202733874874351,-0.005190932748863397
train,0.746500636658226,0.7457120353242775,0.7267644690169048,,-0.0007886013339484244,-0.019736167641321134
train,0.5302949220494401,0.5295467491851843,0.531766185534282,,-0.0007481728642557695,0.0014712634848419448
train,0.4687535722754751,0.4724515335713444,0.4741912988513271,,0.003697961295869301,0.005437726575852009
train,0.4697855560982285,0.4680211970657399,0.4665347055661098,,-0.0017643590324885605,-0.0032508505321186543
train,0.4670274235953764,0.4719040663932972,0.47324381020299905,,0.004876642797920772,0.006216386607622637
train,0.6566911981249625,0.6580989126705118,0.6509558586242381,,0.0014077145455493323,-0.005735339500724357
train,0.5451664142929511,0.5456928777206927,0.5450801934787658,,0.0005264634277416524,-8.622081418530048e-05
train,0.7146453465872873,0.7155658055968543,0.711800492571825,,0.000920459009567054,-0.002844854015462306
train,0.4133644766425507,0.41074264839368857,0.41713501079213927,,-0.002621828248862146,0.003770534149588556
train,0.5187712856286357,0.5202679135506264,0.5206425622573112,,0.0014966279219906786,0.0018712766286754778
train,0.7418805322168534,0.7508080717914019,0.7461719351123328,,0.008927539574548504,0.004291402895479468
train,0.4970350806984551,0.49676785209053653,0.49802971511011357,,-0.00026722860791855707,0.0009946344116584793
train,0.6103891729400049,0.6086463476509837,0.6061027340593529,,-0.0017428252890212548,-0.004286438880652055
train,0.6479474452258412,0.6493016055317195,0.6461451840547864,,0.0013541603058782048,-0.0018022611710548642
train,0.6232121186761866,0.620642129167515,0.6227636109965423,,-0.0025699895086715996,-0.0004485076796443277
train,0.5512778451861605,0.5508707697540768,0.5553486130905942,,-0.00040707543208373664,0.004070767904433725
train,0.4733555896619335,0.4701495511365376,0.4837756543793243,,-0.00320603852539586,0.01042006471739082
train,0.456979192163213,0.44729891380654974,0.4553064226076129,,-0.009680278356663241,-0.0016727695556000843
train,0.4467000165411702,0.4427656227512293,0.44582823459990245,,-0.003934393789940871,-0.0008717819412677463
train,0.4926795406202562,0.4913729657594103,0.4875890063727765,,-0.0013065748608458994,-0.005090534247479683
train,0.4977562961962742,0.49968721396154225,0.5147380311338036,,0.0019309177652680476,0.016981734937529358
train,0.4237409524440575,0.42613944305537277,0.4247149744684976,,0.0023984906113152515,0.0009740220244400799
train,0.750060060827775,0.7556404413360612,0.7554822178590995,,0.005580380508286242,0.005422157031324537
train,0.458306705729579,0.45659885128536754,0.46880681460498397,,-0.001707854444211454,0.010500108875404979
train,0.4459819051797398,0.4450487888695066,0.45144094570608184,,-0.0009331163102331841,0.005459040526342052
train,0.4999546441225399,0.49847928175743084,0.5024470919772068,,-0.0014753623651090897,0.0024924478546669016
train,0.7087918826771843,0.7099228538771527,0.703796241075388,,0.0011309711999684113,-0.00499564160179633
train,0.5515927574243716,0.5478228475010009,0.5526854740415067,,-0.0037699099233707845,0.0010927166171350589
train,0.5944348106639096,0.6469591425894909,0.6206837829380816,,0.05252433192558137,0.026248972274172
train,0.5394925039949805,0.5396899737944485,0.5457409320693546,,0.00019746979946799748,0.0062484280743740905
train,0.700890228776272,0.7025596177126723,0.713848205505228,,0.001669388936400229,0.012957976728955933
train,0.5105570899089455,0.5097367568743885,0.510617373034208,,-0.0008203330345570858,6.028312526240587e-05
train,0.6527588884485213,0.6586016783442545,0.6498533022570085,,0.00584278989573328,-0.00290558619151271
train,0.5184194916656986,0.5199877108521619,0.5209252537697704,,0.0015682191864633266,0.002505762104071829
train,0.4648130478241144,0.4622277357518046,0.46283904008481774,,-0.002585312072309831,-0.0019740077392966793
train,0.7510905079707655,0.7500512482030589,0.752237135886364,,-0.0010392597677065796,0.001146627915598497
train,0.4747564347053752,0.47553277508625513,0.4828228400704378,,0.0007763403808799252,0.00806640536506259
train,0.4268748656395412,0.42243527783353274,0.4369712771179248,,-0.004439587806008449,0.010096411478383582
train,0.5085579145680018,0.5079044942226376,0.5055329158123686,,-0.0006534203453641974,-0.0030249987556332236
train,0.5241117447356076,0.5244782219927332,0.5239856990076258,,0.0003664772571255748,-0.00012604572798180502
train,0.5020645182696325,0.5043379342108631,0.5036607681076064,,0.00227341594123065,0.0015962498379739065
train,0.4943661284225906,0.49112423963179475,0.48624922085360656,,-0.003241888790795844,-0.008116907568984033
train,0.5542479363839528,0.5553313730183401,0.5505272849070576,,0.0010834366343873691,-0.0037206514768951537
train,0.5326454659539047,0.5283359303939534,0.529273491394185,,-0.004309535559951283,-0.003371974559719715
train,0.4560711341006285,0.45399170467078565,0.45683482833405414,,-0.0020794294298428495,0.0007636942334256491
train,0.5018484454958987,0.5017963283598487,0.4985420707962148,,-5.211713605002277e-05,-0.003306374699683867
train,0.5162278165033024,0.5178925314842406,0.5199563915844846,,0.0016647149809382311,0.003728575081182184
train,0.438650484713362,0.4335685280362398,0.44043332559413473,,-0.00508195667712219,0.0017828408807727403
train,0.5295634605037011,0.5451738539994299,0.5369067712375765,,0.015610393495728792,0.007343310733875397
train,0.707808748256866,0.7003064974086858,0.7242088721216997,,-0.007502250848180236,0.016400123864833693
train,0.4639312057944711,0.4603936151823509,0.4675053477137556,,-0.0035375906121202227,0.0035741419192845125
train,0.6034077021944936,0.6067183744035223,0.614493204834357,,0.0033106722090286977,0.01108550263986341
train,0.6815131391905395,0.6874344571962073,0.6780062007659963,,0.005921318005667864,-0.0035069384245431934
train,0.5508766287196128,0.5512394080505343,0.5499461301391396,,0.00036277933092143666,-0.0009304985804732269
train,0.5042662862437588,0.5061598807867426,0.5014749554548641,,0.0018935945429837675,-0.002791330788894708
train,0.6385850694010682,0.6343903258251383,0.6358415315326381,,-0.00419474357592986,-0.002743537868430068
train,0.4705451007254076,0.4728239593474447,0.47516376260855964,,0.0022788586220370832,0.00461866188315202
train,0.5053091612477997,0.5017601827415157,0.5008400027617093,,-0.003548978506283995,-0.004469158486090419
train,0.604562184077353,0.6018909077734902,0.5938794840830781,,-0.0026712763038627685,-0.010682699994274847
train,0.6463254391006075,0.6463500128732229,0.6438076835478457,,2.45737726154438e-05,-0.002517755552761791
train,0.4232134370429052,0.4296440571889394,0.42536145322442404,,0.006430620146034183,0.0021480161815188303
train,0.8406548925690067,0.8318802666090044,0.8242063002628689,,-0.008774625960002336,-0.01644859230613782
train,0.8462410820732161,0.7848911161441898,0.8159000080959701,,-0.06134996592902631,-0.030341073977246058
train,0.5566277733564591,0.5569339284250495,0.5573198156133886,,0.0003061550685904413,0.000692042256929537
train,0.5316462038314609,0.5198619356550633,0.5276575124033958,,-0.01178426817639755,-0.0039886914280651276
train,0.4485907044495112,0.44907691083852197,0.4505578273152508,,0.0004862063890107571,0.001967122865739579
train,0.5790242828578379,0.5773465065364125,0.5840920197140794,,-0.001677776321425406,0.0050677368562415115
train,0.411075350747119,0.41042980266972984,0.4147690199971538,,-0.0006455480773891464,0.0036936692500348367
train,0.4603615379124133,0.45839223201557805,0.4610948912828359,,-0.0019693058968352495,0.0007333533704225736
train,0.5052828742513873,0.5072850801505508,0.5026406539093041,,0.002002205899163556,-0.002642220342083168
train,0.7052939281115843,0.7062012055831193,0.6990066680411855,,0.0009072774715349619,-0.006287260070398815
train,0.7466220148061629,0.7445359175462842,0.7468407899715538,,-0.0020860972598786276,0.00021877516539092756
train,0.6390115093740495,0.6376071789471389,0.6391929332826605,,-0.0014043304269105716,0.00018142390861097812
train,0.5021781741736252,0.5019594644476377,0.4866998157236575,,-0.00021870972598747596,-0.0154783584499677
train,0.724779735574075,0.7215939011606332,0.7035672978177441,,-0.0031858344134418903,-0.02121243775633097
train,0.492186463838604,0.4987320489818317,0.4913054986370868,,0.006545585143227728,-0.0008809652015172031
train,0.4547075518547063,0.4616346050428866,0.46125063387034654,,0.006927053188180321,0.006543082015640245
train,0.4260792231791175,0.42472057842365707,0.42797746093027783,,-0.0013586447554604364,0.0018982377511603254
train,0.4448825013068798,0.4457926250273755,0.4485088445815766,,0.0009101237204957036,0.003626343274696797
train,0.48396641449241,0.4809133180755872,0.4816099357332944,,-0.0030530964168228314,-0.002356478759115599
train,0.5233578476653696,0.523971077370188,0.5193588704831111,,0.0006132297048183633,-0.003998977182258501
train,0.4564165820920178,0.4565585502034263,0.45776283274952445,,0.00014196811140848586,0.0013462506575066535
train,0.6126664042574125,0.6120918835049707,0.6001736249209747,,-0.0005745207524417983,-0.012492779336437776
train,0.4778950817959957,0.47820785713845515,0.47903615780963554,,0.00031277534245943706,0.0011410760136398301
train,0.632739243832859,0.6271523364961881,0.633491308649941,,-0.005586907336670888,0.0007520648170820099
train,0.5816356571191663,0.5807229761422852,0.5666416431494667,,-0.0009126809768811306,-0.014994013969699571
train,0.6892521220316248,0.7027554526379272,0.6911549633242641,,0.013503330606302377,0.0019028412926392901
train,0.6891028648777361,0.6923634757227942,0.6989256242206252,,0.0032606108450581317,0.00982275934288912
train,0.4543666194669314,0.4533500229615708,0.45593026307666784,,-0.001016596505360623,0.0015636436097364315
train,0.5077387519832113,0.50787361583138,0.5119677881166095,,0.00013486384816874253,0.004229036133398201
train,0.4698728600508076,0.47028891350395147,0.4709767417162383,,0.0004160534531438831,0.0011038816654307393
train,0.5240652647412242,0.5256776189762655,0.53144290560527,,0.0016123542350413578,0.007377640864045798
train,0.6498683311744949,0.6385445884149261,0.6350940406699171,,-0.011323742759568822,-0.014774290504577792
train,0.6053268796397149,0.5971675986187537,0.5893729236397534,,-0.008159281020961195,-0.015953955999961522
train,0.501071227143113,0.4996212221720868,0.5027670891202324,,-0.0014500049710262086,0.0016958619771193506
train,0.6000995122528534,0.5988487054250632,0.5934608348125516,,-0.0012508068277902185,-0.006638677440301777
train,0.6503804053310263,0.6487004477375251,0.6433915188998245,,-0.0016799575935011468,-0.0069888864312017684
train,0.4962941623441192,0.495009867692235,0.4970992339927678,,-0.0012842946518842324,0.0008050716486485698
train,0.4379118181747676,0.44113884007284254,0.4411559933666312,,0.0032270218980749443,0.0032441751918635964
train,0.8186032114252226,0.8121547611195562,0.7988175488945188,,-0.006448450305666431,-0.019785662530703796
train,0.7280555517179748,0.7251806046717515,0.707680425867149,,-0.002874947046223264,-0.020375125850825793
train,0.3988222286148947,0.39857009319301623,0.400664798635926,,-0.00025213542187846327,0.0018425700210313312
train,0.6041121945142099,0.5973346459107373,0.6031517023280908,,-0.006777548603472683,-0.0009604921861191551
train,0.6942555028924978,0.6923190797789814,0.6761141692502926,,-0.0019364231135163834,-0.01814133364220527
train,0.4918389971459354,0.4931885785602258,0.5040179599966491,,0.0013495814142904239,0.012178962850713737
train,0.7665785149232252,0.741222948310051,0.7180041898432822,,-0.025355566613174174,-0.04857432507994297
train,0.564594846022058,0.5610018993412019,0.5610002224313074,,-0.0035929466808560795,-0.0035946235907505786
train,0.4991014121945967,0.4988513042949136,0.5031423808096933,,-0.0002501078996831052,0.004040968615096618
train,0.7303701549736106,0.7227787677613405,0.7154308763826489,,-0.00759138721227004,-0.014939278590961669
train,0.6170540589717484,0.6195206451735449,0.6154037741316126,,0.0024665862017965168,-0.0016502848401357406
train,0.5554499144310144,0.5556862276944436,0.5628845569674272,,0.00023631326342921088,0.007434642536412794
train,0.5602930149794778,0.5655994496328703,0.5482230374626027,,0.005306434653392533,-0.012069977516875108
train,0.8600090339269709,0.8602380503748928,0.8321315007328268,,0.00022901644792183706,-0.0278775331941441
train,0.4994396603079338,0.4997074528057071,0.49682685724986153,,0.0002677924977733115,-0.002612803058072266
train,0.4986047518301365,0.5011874019513376,0.5048151428306997,,0.0025826501212011244,0.0062103910005632534
train,0.4196829894524971,0.41645102789269767,0.4211747871485181,,-0.0032319615597994344,0.00149179769602098
train,0.5726385115814285,0.5603287203861309,0.5648967220923141,,-0.012309791195297626,-0.0077417894891144146
train,0.5143876370478522,0.5172297146430164,0.5186712073575301,,0.002842077595164194,0.004283570309677964
train,0.4663904766192169,0.466624105740837,0.4686626758223468,,0.00023362912162011584,0.0022721992031298766
train,0.4811183665209581,0.48332312468972116,0.48153018116526697,,0.002204758168763088,0.00041181464430889436
train,0.4696742743815059,0.4672034198942915,0.4677197189477503,,-0.0024708544872144023,-0.0019545554337556115
train,0.5036414084407843,0.498713465728566,0.5126614883487067,,-0.004927942712218303,0.009020079907922418
train,0.5012445137130502,0.5026823986410166,0.5053371212936675,,0.0014378849279663708,0.004092607580617247
train,0.5632487620796816,0.5606229431142381,0.5688884973871041,,-0.0026258189654434494,0.0056397353074225665
train,0.4658107780682232,0.4666036892131344,0.47447719766901303,,0.0007929111449112014,0.008666419600789843
train,0.5972929751093102,0.5909192452301234,0.5967572485970395,,-0.006373729879186829,-0.00053572651227074
train,0.605168889343615,0.6052119618378654,0.5929249195773045,,4.307249425039572e-05,-0.01224396976631048
train,0.4842479259486927,0.48835296937035655,0.48350996342939095,,0.004105043421663845,-0.0007379625193017492
train,0.5881040340410286,0.5874234344276722,0.5811236125187209,,-0.0006805996133564252,-0.0069804215223077115
train,0.428176586719879,0.42894459128420814,0.42725362496224717,,0.0007680045643291278,-0.0009229617576318461
train,0.5719346171078283,0.588387693710107,0.5684570794215734,,0.016453076602278682,-0.0034775376862549168
train,0.6771335993279514,0.6843185421989935,0.679108208660086,,0.007184942871042099,0.001974609332134669
train,0.4745601639232401,0.4736617003931536,0.4755883924695434,,-0.0008984635300864907,0.0010282285463033003
train,0.689502613965692,0.6978717773585581,0.6787072235713929,,0.008369163392866086,-0.01079539039429911
train,0.4551032355149979,0.4552375289067518,0.45637071300087656,,0.00013429339175391464,0.0012674774858786875
train,0.6609308153456118,0.6576251897720367,0.6640850373069004,,-0.003305625573575166,0.0031542219612885614
train,0.5960140078231553,0.5932001600164133,0.6080863912479257,,-0.002813847806741987,0.012072383424770461
train,0.7453228409375701,0.7449939370363203,0.7243464205765372,,-0.000328903901249733,-0.020976420361032866
train,0.433235670399434,0.434394505808782,0.43854290560437703,,0.0011588354093480246,0.005307235204943028
train,0.4464770079054951,0.4462111777485356,0.44915067766029976,,-0.0002658301569595234,0.002673669754804653
train,0.5014900167348169,0.4982598037286654,0.5011126243277556,,-0.00323021300615145,-0.00037739240706125
train,0.4851495413359788,0.49839087886520445,0.4956687065375739,,0.013241337529225627,0.010519165201595071
train,0.4942916016087738,0.48840848035084405,0.4894717032447883,,-0.005883121257929724,-0.0048198983639854975
train,0.6207187041931032,0.6241161205965694,0.6236020103290199,,0.003397416403466247,0.0028833061359166967
train,0.5173104714966344,0.5178468361812835,0.5118791283641099,,0.0005363646846490155,-0.00543134313252458
train,0.6229987680917749,0.6376007810562413,0.6156876972141521,,0.014602012964466393,-0.007311070877622838
train,0.5149817904524996,0.5195953820623855,0.5236097513061175,,0.0046135916098859475,0.008627960853617944
train,0.569825796145382,0.5711326972902084,0.5640546547677928,,0.0013069011448264556,-0.005771141377589162
train,0.7064878986312164,0.6901310984807776,0.6970695891501089,,-0.016356800150438833,-0.009418309481107556
train,0.7635738936837583,0.7575534868967703,0.7172850922751843,,-0.0060204067869880085,-0.04628880140857394
train,0.5552771774232396,0.5623544168588995,0.5526584909452604,,0.0070772394356599655,-0.0026186864779791375
train,0.6325980444096869,0.6292996323377081,0.6321826795799677,,-0.0032984120719787846,-0.0004153648297192669
train,0.6134140061424663,0.6143087932185476,0.6147434962888525,,0.0008947870760812604,0.0013294901463861697
train,0.5062308396982972,0.5053022388127495,0.5047972114622183,,-0.0009286008855476924,-0.0014336282360788433
train,0.5281438860631534,0.5314474635914115,0.5266960762754526,,0.0033035775282580504,-0.001447809787700871
train,0.4580246723094499,0.45792401232098634,0.46593688218167034,,-0.00010065998846353619,0.007912209872220466
train,0.4471054117605803,0.44848231203385,0.44841699205321656,,0.0013769002732696989,0.001311580292636283
train,0.5054478232835328,0.5021768337310513,0.5075925570824001,,-0.003270989552481507,0.002144733798867371
train,0.6244721745513142,0.6294197860076718,0.6307535839846534,,0.004947611456357581,0.006281409433339213
train,0.4555976579378791,0.45549043448106696,0.45964836540068804,,-0.0001072234568121333,0.0040507074628089446
train,0.6617515206748259,0.6609471103237389,0.6714719920325978,,-0.000804410351087026,0.009720471357771876
train,0.5045459001186726,0.5029715979390996,0.511800172333569,,-0.001574302179572995,0.0072542722148963845
train,0.4883144590147557,0.4891782642443894,0.4959491745921399,,0.0008638052296337517,0.00763471557738421
train,0.7701091855410815,0.7603859380122726,0.7455827416301708,,-0.009723247528808932,-0.024526443910910745
train,0.6750113687600405,0.6704994798564549,0.6646374522498112,,-0.00451188890358567,-0.010373916510229342
train,0.521938634300843,0.5172915576424382,0.5154599139993117,,-0.004647076658404803,-0.006478720301531293
train,0.6529622015335161,0.653113321470586,0.6550653002646386,,0.0001511199370698435,0.002103098731122466
train,0.8025923404594943,0.7976759861762113,0.7841587147156347,,-0.004916354283283075,-0.01843362574385965
train,0.4874294002513593,0.49161827335330754,0.4886915758270714,,0.004188873101948265,0.0012621755757121211
train,0.52486290800069,0.525187264569924,0.546727626039209,,0.0003243565692340189,0.02186471803851897
train,0.6081169769462962,0.6037887718700564,0.5865041167388303,,-0.004328205076239766,-0.02161286020746589
train,0.4558828210592009,0.45794832059585505,0.46105664665495855,,0.002065499536654136,0.005173825595757631
train,0.456655578131755,0.4623861680318696,0.46130826574443223,,0.005730589900114602,0.004652687612677231
train,0.6922087852090926,0.7012141530887884,0.7026988361494512,,0.009005367879695858,0.010490050940358597
train,0.582846718530342,0.5774910499489196,0.5773959587995551,,-0.005355668581422335,-0.005450759730786903
train,0.7188097615632514,0.7184268142034496,0.7108102106062268,,-0.0003829473598018218,-0.007999550957024537
train,0.5913001717678453,0.5918043211756665,0.5895287945533649,,0.000504149407821175,-0.0017713772144803963
train,0.4924604151325321,0.49169113309814116,0.49488836654363705,,-0.0007692820343909168,0.002427951411104967
train,0.4967499908113197,0.49386413356268677,0.5028651159961515,,-0.0028858572486329392,0.00611512518483176
train,0.4827851354709845,0.4836307298249578,0.4905927503346417,,0.0008455943539733002,0.00780761486365722
train,0.6296303984553413,0.6310101467973617,0.620782244714974,,0.0013797483420203704,-0.008848153740367293
train,0.5326860683415928,0.5327992237856356,0.5319822020760694,,0.00011315544404277844,-0.000703866265523434
train,0.8268914898593563,0.8283685053162146,0.8275499239659105,,0.0014770154568582994,0.0006584341065541954
train,0.7189380586823177,0.721347897018774,0.7012085619091772,,0.0024098383364562492,-0.017729496773140507
train,0.6487885833590816,0.6503958984277383,0.661344214263664,,0.001607315068656634,0.012555630904582338
train,0.6684368863765471,0.6717808599848096,0.6784012241403423,,0.0033439736082625515,0.009964337763795239
train,0.4668928420140943,0.46596496803172427,0.4676788335813476,,-0.0009278739823700421,0.0007859915672532858
train,0.9235666264305624,0.8941392852661723,0.8812859776349012,,-0.029427341164390164,-0.04228064879566118
train,0.6397446490388745,0.6302861122132214,0.6228785829196415,,-0.009458536825653119,-0.016866066119233025
train,0.570937578400166,0.5761024515779157,0.5763545918647377,,0.005164873177749718,0.005417013464571685
train,0.6115014087762936,0.6101703087595645,0.5981312570917922,,-0.001331100016729092,-0.013370151684501397
train,0.4951266204264947,0.49776508829791904,0.5130606262942593,,0.002638467871424355,0.017934005867764613
train,0.549951541736912,0.5498767773816823,0.543681248403366,,-7.476435522968394e-05,-0.0062702933335460065
train,0.5539088054251795,0.5514674622367363,0.5419147021570709,,-0.0024413431884432457,-0.011994103268108569
train,0.7383024413237839,0.743732367203521,0.7322823886735627,,0.005429925879737119,-0.006020052650221208
train,0.5412028555628524,0.5312770216734373,0.5363760210070837,,-0.009925833889415148,-0.004826834555768711
train,0.5895808031549492,0.5885812354649808,0.5989462877676718,,-0.0009995676899684502,0.009365484612722574
train,0.6079064008794094,0.6089112893183602,0.6072799069342945,,0.0010048884389508572,-0.0006264939451149365
train,0.4658913177083694,0.4621438374434182,0.46645725381655656,,-0.0037474802649511973,0.0005659361081871706
train,0.5259799345965818,0.523764979401296,0.5352221774510222,,-0.002214955195285806,0.009242242854440419
train,0.5129768277602731,0.5107216852417693,0.5142603519387315,,-0.0022551425185037832,0.0012835241784584506
train,0.4730986195663567,0.47680681127349367,0.4736731445376384,,0.0037081917071369874,0.0005745249712817424
train,0.7044813657553138,0.706127280366551,0.7087224263096512,,0.001645914611237198,0.0042410605543373725
train,0.5544941591888909,0.5571632442786545,0.5581978734425249,,0.002669085089763601,0.0037037142536340273
train,0.5787846037771819,0.5777207795161764,0.5671450675094271,,-0.001063824261005486,-0.011639536267754824
train,0.4014201235754085,0.39977740319160215,0.40482081317873153,,-0.001642720383806362,0.003400689603323015
train,0.7287297147236693,0.7256146304421774,0.7325351169051781,,-0.0031150842814918756,0.0038054021815088213
train,0.4663900648770437,0.4687513547201869,0.4686705822012722,,0.0023612898431432106,0.002280517324228515
train,0.601080193918224,0.5998170804006185,0.5979779582029201,,-0.0012631135176054409,-0.0031022357153038804
train,0.4620652500204805,0.4617752228655487,0.45987207974184413,,-0.00029002715493181563,-0.0021931702786363583
train,0.6790883090469538,0.6804465169435581,0.6860594096703312,,0.0013582078966042355,0.006971100623377358
train,0.6861107439310887,0.6852553768692093,0.684621937372967,,-0.0008553670618793863,-0.0014888065581217802
train,0.485233135971047,0.4826462005965797,0.4878892454160213,,-0.002586935374467303,0.0026561094449742972
train,0.7475333806006617,0.7528784224003944,0.731561838871093,,0.005345041799732719,-0.015971541729568606
train,0.6238644632242561,0.6297878488092434,0.6283315239950519,,0.005923385584987284,0.004467060770795728
train,0.7155260083195929,0.7144062296814564,0.7168645071209642,,-0.0011197786381365038,0.0013384988013712684
train,0.476370770592492,0.4775682674816532,0.47626252698961313,,0.0011974968891612092,-0.00010824360287886581
train,0.5051265095445225,0.5058246354746794,0.5059985586958053,,0.0006981259301568343,0.0008720491512828055
train,0.6495344339511546,0.6476351569156695,0.6366667735218804,,-0.0018992770354850919,-0.01286766042927423
train,0.7000891528605105,0.6890159230496306,0.6872830229814377,,-0.011073229810879992,-0.012806129879072814
train,0.5313788721853816,0.5261374637799011,0.5357068343535095,,-0.0052414084054804855,0.004327962168127919
train,0.4711540683185655,0.4730077776633429,0.461848779846692,,0.00185370934477741,-0.009305288471873507
train,0.5134091158736873,0.5108312623889496,0.5273276351038666,,-0.0025778534847377133,0.013918519230179283
train,0.4786579155741975,0.4764937169991512,0.48429433337985206,,-0.0021641985750462944,0.005636417805654548
train,0.4971748388732844,0.4960594287221395,0.5009705876861592,,-0.0011154101511449133,0.0037957488128748107
train,0.6445202714137483,0.6382629003135005,0.6537452026873315,,-0.006257371100247822,0.009224931273583148
train,0.6665503651389603,0.6673312429808046,0.6604239607289408,,0.0007808778418443296,-0.006126404410019437
train,0.4821367544470459,0.4814905781479557,0.4819193409087625,,-0.0006461762990901954,-0.00021741353828341747
train,0.4632793337937114,0.46623512565568004,0.4669619915063915,,0.0029557918619686485,0.003682657712680115
train,0.5360775817120482,0.5405011578953502,0.5351752375929444,,0.004423576183302025,-0.0009023441191038373
train,0.6976462340214775,0.7093274929938367,0.6840406759828063,,0.011681258972359165,-0.01360555803867125
train,0.7093063645445531,0.7064675842907078,0.7092453798974263,,-0.002838780253845319,-6.0984647126782754e-05
train,0.4398636061635567,0.4408002774930452,0.43872871835336613,,0.0009366713294884921,-0.0011348878101905546
train,0.6995691528399766,0.6677354349630359,0.671347693021068,,-0.03183371787694067,-0.028221459818908556
train,0.6643031680867528,0.6659717834281933,0.6573185809454407,,0.0016686153414404714,-0.006984587141312115
train,0.7583592713832616,0.7647858269657384,0.7558713065527568,,0.006426555582476734,-0.0024879648305048407
train,0.4837369501411387,0.48798042388033486,0.4966863580085811,,0.004243473739196146,0.012949407867442364
train,0.4551805899342863,0.4598191084369465,0.4580227113086201,,0.004638518502660227,0.002842121374333817
train,0.5930803752587825,0.6082767986795228,0.6171990182767622,,0.015196423420740235,0.024118643017979613
train,0.7360832863032771,0.7314129099670926,0.7240165213882168,,-0.004670376336184501,-0.012066764915060313
train,0.4610835737284076,0.46088127376898197,0.4645433163712164,,-0.0002022999594256114,0.003459742642808794
train,0.873363878678671,0.8393615838250164,0.8455222568442441,,-0.03400229485365469,-0.027841621834426955
train,0.5711398836636282,0.5709713798030419,0.5833267152027136,,-0.00016850386058631095,0.012186831539085397
train,0.467708558513587,0.4698451747668035,0.47118672844654086,,0.0021366162532164834,0.0034781699329538562
train,0.4701182873874193,0.47007882525701244,0.471405734746394,,-3.94621304068421e-05,0.001287447358974736
train,0.6563651391724264,0.6496830919780258,0.6415754609723754,,-0.0066820471944006865,-0.01478967820005106
train,0.7469191883528545,0.7462816174608231,0.7552428600415839,,-0.0006375708920314249,0.008323671688729384
train,0.6430363924020883,0.6384243807875316,0.6420039663622673,,-0.00461201161455671,-0.0010324260398210106
train,0.8656917405544459,0.8559906321710107,0.8496344375065912,,-0.009701108383435186,-0.016057303047854687
train,0.5496182935715545,0.5448658744018258,0.5615937096322001,,-0.004752419169728683,0.011975416060645672
train,0.4854786038185698,0.4898439673405485,0.4845379292590897,,0.004365363521978749,-0.0009406745594801036
train,0.6080355820719829,0.6081536734806827,0.6130124120702076,,0.00011809140869978307,0.0049768299982246855
train,0.674490522693759,0.6733000941204524,0.6815982229604043,,-0.0011904285733065345,0.0071077002666453115
train,0.5819678350743414,0.5964694003030601,0.6013045868319734,,0.014501565228718705,0.019336751757632054
train,0.5021899638100381,0.5052895147116716,0.5098407227356102,,0.0030995509016334966,0.007650758925572099
train,0.4709193753004293,0.4766635269020192,0.46643014418722545,,0.005744151601589864,-0.004489231113203873
train,0.6485609110530934,0.6489054833257248,0.6651125698834592,,0.0003445722726314049,0.0165516588303658
train,0.7556328447886997,0.7380849194673083,0.7452664890520914,,-0.01754792532139149,-0.01036635573660838
train,0.469561021679013,0.47271581817609964,0.47892804389938537,,0.003154796497086665,0.00936702222037239
train,0.5312120651729082,0.5295914736685794,0.5317089202999359,,-0.0016205915043288055,0.0004968551270276844
train,0.4390147397857227,0.4407107298539318,0.4415044985447222,,0.0016959900682090856,0.002489758758999483
train,0.520112222775,0.5353878463708387,0.5372873331816785,,0.015275623595838672,0.017175110406678518
train,0.5276419154765761,0.5300421319104804,0.5290021701906688,,0.002400216433904312,0.0013602547140926236
train,0.7275804870360287,0.7261072548616043,0.7255406087149933,,-0.0014732321744244103,-0.002039878321035471
train,0.4275740990121324,0.4274830003063844,0.4278633462868225,,-9.109870574797174e-05,0.0002892472746900965
train,0.4730059041063394,0.4711370370826832,0.4738260170552045,,-0.00186886702365624,0.0008201129488650816
train,0.7525349737032392,0.7529503097636722,0.746655929450613,,0.0004153360604329803,-0.005879044252626198
train,0.5584612561807367,0.5599091666315926,0.5642370781597698,,0.0014479104508559049,0.005775821979033036
train,0.462776728785467,0.46274314694280166,0.46438208316382434,,-3.358184266533115e-05,0.0016053543783573487
train,0.7237427449037883,0.7229666829550772,0.7191227553565971,,-0.0007760619487111597,-0.004619989547191228
train,0.7158873354123034,0.7104174223358888,0.7033106496121758,,-0.005469913076414645,-0.012576685800127607
train,0.4324976751073066,0.42824534113378965,0.44039971601140776,,-0.004252333973516931,0.007902040904101182
train,0.8137922975579215,0.816241548334281,0.783821375441416,,0.0024492507763594906,-0.02997092211650554
train,0.4850628236849985,0.48175129091341623,0.48322230789233434,,-0.0033115327715822485,-0.0018405157926641436
train,0.5107437618109092,0.5144199634302508,0.5382627464222906,,0.003676201619341568,0.02751898461138136
train,0.5570613205359062,0.5625630088361312,0.5672578682042665,,0.005501688300225016,0.010196547668360312
train,0.6706593272517214,0.6730746260943754,0.6767838309015468,,0.0024152988426540123,0.006124503649825419
train,0.565076133379557,0.5653527206322253,0.560807501201535,,0.0002765872526683255,-0.0042686321780219805
train,0.6590661429090022,0.6615228971428662,0.6641044292950952,,0.0024567542338639337,0.005038286386092938
train,0.6354252505093848,0.6391400582586749,0.6341648218611374,,0.0037148077492901166,-0.0012604286482473803
train,0.6005856348260152,0.5980457635463716,0.5924948934235343,,-0.002539871279643613,-0.008090741402480894
train,0.452359089852341,0.4500119358898736,0.4565036124500981,,-0.00234715396246743,0.00414452259775705
train,0.5830237453756048,0.5852674333781807,0.5904918865750245,,0.0022436880025759054,0.007468141199419742
train,0.4763346963809949,0.48032673396482717,0.4796865460885126,,0.003992037583832264,0.0033518497075176734
train,0.7015821258568102,0.699222590387049,0.6840388879975515,,-0.002359535469761198,-0.01754323785925871
train,0.4891827294561783,0.49060624855277907,0.48970701504893777,,0.0014235190966007671,0.0005242855927594658
train,0.7558365786680554,0.7579568752748714,0.7515207743503268,,0.002120296606816008,-0.0043158043177286
train,0.9579370642880344,0.9355038345813105,0.9110573232460794,,-0.0224332297067239,-0.046879741041955025
train,0.4954575935370987,0.4974869562425946,0.5022495310333138,,0.0020293627054959185,0.00679193749621515
train,0.5369577025085175,0.5378085653619521,0.5371469835411321,,0.0008508628534346085,0.00018928103261461882
train,0.5467302967328445,0.5447812586369795,0.5522056554035595,,-0.0019490380958649967,0.005475358670715025
train,0.4803706486342256,0.4797386678923373,0.48059939833108567,,-0.000631980741888305,0.0002287496968600422
train,0.4271794867253011,0.4289377509594955,0.43064724133032684,,0.0017582642341943955,0.0034677546050257413
train,0.7565086802846871,0.7269342515715613,0.7420537859846307,,-0.029574428713125767,-0.01445489430005642
train,0.766114668445383,0.8022962939899025,0.7752991280250839,,0.036181625544519536,0.009184459579700932
train,0.5436177240130186,0.5387140099690758,0.5324865436201116,,-0.004903714043942742,-0.011131180392906947
train,0.7729222953493324,0.7724088944099416,0.7559911857898963,,-0.0005134009393907846,-0.01693110955943611
train,0.4539465818073638,0.4546365946588344,0.45580545975907116,,0.0006900128514705783,0.0018588779517073606
train,0.5023140686553016,0.500585808895934,0.5087149498523136,,-0.001728259759367634,0.006400881197011987
train,0.468481597744322,0.4695023566982045,0.46840178100114316,,0.0010207589538824835,-7.981674317886212e-05
train,0.7784901418848182,0.7660200549708078,0.7676660670682386,,-0.012470086914010414,-0.010824074816579654
train,0.4456629984235807,0.4474857535346858,0.4501613389471229,,0.0018227551111050788,0.004498340523542199
train,0.7499657952369869,0.7520016796903319,0.7463350495556613,,0.002035884453345016,-0.003630745681325598
train,0.5559554879501625,0.5502967042696607,0.5602225224854155,,-0.005658783680501767,0.0042670345352530115
train,0.4908840617307758,0.4832627934845492,0.4817665676010074,,-0.007621268246226609,-0.009117494129768422
train,0.5036580509807094,0.5113842877215659,0.5013334960043379,,0.007726236740856485,-0.002324554976371518
train,0.537267395134446,0.5314028316590078,0.540094979300232,,-0.005864563475438178,0.00282758416578599
train,0.6707211984520367,0.673823277412621,0.6752531308803413,,0.0031020789605843424,0.00453193242830463
train,0.6292546624695309,0.6347674863764629,0.644644103574021,,0.005512823906931974,0.015389441104490142
train,0.7047776972056381,0.7063788480753079,0.69085004581691,,0.0016011508696698318,-0.01392765138872809
train,0.5512768782538693,0.5449676045714895,0.5549048803891072,,-0.006309273682379768,0.003628002135237951
train,0.4545197276575247,0.45640650915656755,0.4569997809826177,,0.0018867814990428666,0.00248005332509299
train,0.6054054052400932,0.6073006931632066,0.6110952548517631,,0.0018952879231133313,0.0056898496116698505
train,0.4268463669142634,0.4256911389886133,0.4273630655660195,,-0.001155227925650093,0.0005166986517560757
train,0.4675672771889826,0.46881035138725585,0.472401904566196,,0.0012430741982732418,0.004834627377213407
train,0.5950834570800869,0.5916521730625535,0.5959573705136281,,-0.0034312840175334536,0.0008739134335411514
train,0.5399128200371539,0.5320449834295926,0.5398647142817101,,-0.007867836607561296,-4.810575544378359e-05
train,0.5907399505234228,0.5890262279491334,0.5945335239415431,,-0.001713722574289367,0.003793573418120366
train,0.5386393189987188,0.5411157908011737,0.5349521967518537,,0.002476471802454916,-0.003687122246865071
train,0.4996277261090096,0.4991119073381035,0.4999857287463391,,-0.0005158187709060624,0.0003580026373295464
train,0.6333619911279289,0.6378224838711133,0.6332128923224161,,0.0044604927431843855,-0.00014909880551283727
train,0.618656823151934,0.6151026682967463,0.6051589941921148,,-0.00355415485518773,-0.013497828959819214
train,0.581284524646636,0.5883957996377248,0.5944110572322397,,0.007111274991088767,0.0131265325856037
train,0.6001877769018624,0.594243096984658,0.596644511001203,,-0.005944679917204376,-0.0035432659006594536
train,0.5823813477193017,0.5841299813875802,0.5846781435822619,,0.0017486336682784875,0.002296795862960166
train,0.8723514268006922,0.858987126145806,0.8420373048024996,,-0.013364300654886252,-0.03031412199819261
train,0.691047101190735,0.6979806405042723,0.6833485019550237,,0.006933539313537351,-0.0076985992357112565
train,0.6063492524152675,0.6120316607199601,0.6217256387730147,,0.005682408304692577,0.015376386357747185
train,0.5067501273591513,0.5072548478093899,0.5081716655131081,,0.0005047204502386382,0.0014215381539568472
train,0.5215849352016996,0.5256702810912507,0.5085018908840828,,0.0040853458895511174,-0.013083044317616754
train,0.5292457344866381,0.5314628249230836,0.5303344794059688,,0.002217090436445468,0.001088744919330642
train,0.6523174822920081,0.6527591945568676,0.6542971412855123,,0.0004417122648594507,0.001979658993504163
train,0.8145802563279412,0.8032746041642821,0.7917035262745455,,-0.011305652163659086,-0.022876730053395633
train,0.5398145405580843,0.5391161857795699,0.5353800733707528,,-0.0006983547785144317,-0.004434467187331537
train,0.503662814383537,0.501396892936482,0.5040197395175953,,-0.0022659214470549527,0.0003569251340582724
train,0.4142894385915679,0.41565610673060316,0.42094877639984,,0.001366668139035243,0.006659337808272103
train,0.4200976855947459,0.422249382093695,0.42215721251867855,,0.002151696498949085,0.002059526923932631
train,0.5073843410728083,0.5079077385586361,0.5074797836852385,,0.0005233974858278589,9.544261243021879e-05
train,0.656673788428776,0.6583413672506104,0.6481889157908387,,0.0016675788218344367,-0.00848487263793729
train,0.5159542892707181,0.5180471671430804,0.5127776512268127,,0.002092877872362342,-0.0031766380439053332
train,0.4822380271680153,0.47843704887113053,0.4787791486685859,,-0.0038009782968847494,-0.0034588784994293853
train,0.4997807817245799,0.4990326807533426,0.5004643878366516,,-0.0007481009712372866,0.0006836061120716885
train,0.4850182006096312,0.49532970664680553,0.48905297566948186,,0.010311506037174345,0.00403477505985067
train,0.5700541323062395,0.5716105399651585,0.5640234667581555,,0.0015564076589190678,-0.006030665548083958
train,0.6899796149793582,0.6899953064667353,0.6858960457438138,,1.5691487377123003e-05,-0.004083569235544426
train,0.7793534583690319,0.7750931511560042,0.783806287319535,,-0.004260307213027725,0.00445282895050314
train,0.5829960349523775,0.5815259466286365,0.5754285479382696,,-0.001470088323740959,-0.007567487014107921
train,0.4874407520692772,0.4876937681971951,0.4896676454391355,,0.0002530161279179488,0.002226893369858318
train,0.4546912293421628,0.4505370338381383,0.455639494069448,,-0.0041541955040244605,0.0009482647272852085
train,0.4327464031787407,0.43499435224776173,0.43102084695299936,,0.002247949069021038,-0.0017255562257413315
train,0.4761401760031714,0.47989869804527446,0.4807683416898586,,0.003758522042103085,0.0046281656866872245
train,0.664169169254498,0.6800365039083345,0.6752368726992324,,0.015867334653836496,0.0110677034447344
train,0.6558488258669477,0.6609878207446088,0.6594582307374247,,0.005138994877661118,0.0036094048704770065
train,0.4842020247830457,0.48478441808966544,0.4868240853259314,,0.000582393306619744,0.002622060542885718
train,0.7882913424367461,0.7737468555819534,0.7838327026350773,,-0.014544486854792704,-0.004458639801668829
train,0.4204085892841278,0.41879365661811824,0.42386422868249957,,-0.0016149326660095387,0.0034556393983717903
train,0.4704578063856106,0.4662556268058219,0.4704032664697612,,-0.00420217957978869,-5.453991584936091e-05
train,0.4968742132328153,0.4962351655268407,0.49705524075569035,,-0.0006390477059745603,0.00018102752287507684
train,0.5250016954653266,0.52844242683384,0.5217826289432228,,0.0034407313685134167,-0.0032190665221037973
train,0.4901870589929674,0.48917393314747504,0.49509744367387004,,-0.0010131258454923464,0.0049103846809026575
train,0.5568974672884894,0.5551673085524806,0.5509122702781845,,-0.0017301587360087911,-0.005985197010304977
train,0.5434950130420003,0.5343559426003369,0.5438247780380546,,-0.0091390704416634,0.00032976499605430476
train,0.5742351154924779,0.5768495466730146,0.5678685556483061,,0.002614431180536725,-0.006366559844171782
train,0.5733511164484159,0.5717385753830592,0.5709764287486628,,-0.0016125410653566874,-0.0023746876997530197
train,0.6067045451040424,0.6052774547395054,0.607922538896392,,-0.0014270903645369204,0.0012179937923496587
train,0.6602090487853745,0.6608758904504662,0.6652231838145651,,0.0006668416650917885,0.0050141350291906805
train,0.5926790906657042,0.596789553948063,0.6083012852285652,,0.004110463282358756,0.015622194562860958
train,0.654207635926273,0.6583914057649001,0.6629033993427159,,0.004183769838627116,0.008695763416442959
train,0.5068076438107426,0.5038358608906384,0.4993761390258419,,-0.002971782920104249,-0.007431504784900733
train,0.4486382391053601,0.44742651500947195,0.4496233208709848,,-0.0012117240958881559,0.0009850817656246735
train,0.5721310032071256,0.5722303479279849,0.565967817576477,,9.934472085926238e-05,-0.00616318563064866
train,0.7521410114380713,0.752644567594657,0.7386856660756717,,0.000503556156585705,-0.013455345362399673
train,0.5855047548330027,0.5791820008109818,0.6079125703143348,,-0.006322754022020871,0.022407815481332083
train,0.5333317306193458,0.5312305191629855,0.5365901425499923,,-0.00210121145636033,0.0032584119306464654
train,0.5108479457539847,0.5063378582958316,0.5110420109705581,,-0.004510087458153178,0.00019406521657339137
train,0.492875794501053,0.48128124524113847,0.4963734910595797,,-0.011594549259914544,0.003497696558526664
train,0.7336559852485904,0.7417600235044501,0.7450246237088342,,0.008104038255859702,0.011368638460243718
train,0.6895836563927444,0.6962269310881863,0.6875437467134848,,0.006643274695441903,-0.0020399096792595994
train,0.5952395668314611,0.5986210238786434,0.5823427539435376,,0.0033814570471822902,-0.012896812887923437
train,0.4598521845745382,0.46595031389592745,0.4799535957218233,,0.006098129321389256,0.020101411147285086
train,0.4565131459480001,0.46216079267965654,0.46806898145782727,,0.005647646731656464,0.011555835509827195
train,0.4679027529994341,0.46711624998658596,0.4735950548969999,,-0.0007865030128481609,0.005692301897565755
train,0.5752840918605254,0.5771945860583511,0.5715669456686606,,0.0019104941978256296,-0.0037171461918648063
train,0.6234183397697937,0.6286365184609968,0.6127268589027424,,0.0052181786912031125,-0.010691480867051295
train,0.4917486992090694,0.5180454565534683,0.506870442176123,,0.026296757344398958,0.015121742967053597
train,0.580157721380421,0.5791195102251565,0.5846871061710474,,-0.001038211155264479,0.004529384790626367
train,0.4102198503191318,0.40975243574540543,0.4169041219660139,,-0.00046741457372634354,0.006684271646882123
train,0.5257645081353063,0.5279682901278268,0.5304423887793868,,0.0022037819925204705,0.004677880644080479
train,0.5881903073060474,0.5852703444749475,0.5914977315429127,,-0.0029199628310998538,0.003307424236865364
train,0.4889574292665349,0.4888721586810999,0.48788187405755673,,-8.527058543500443e-05,-0.001075555208978174
train,0.5456644587630306,0.5454157833865341,0.5466607732983292,,-0.00024867537649653215,0.0009963145352985814
train,0.4487637470096806,0.4485787921014341,0.45023585426372875,,-0.00018495490824649297,0.0014721072540481717
train,0.5077380177278054,0.5068368560803425,0.5126382051006462,,-0.0009011616474629003,0.004900187372840814
train,0.5730812817070577,0.5729142872502053,0.581380855232023,,-0.00016699445685242065,0.008299573524965242
train,0.5433852494982413,0.5371840198399698,0.5416182971897618,,-0.006201229658271523,-0.0017669523084794525
train,0.4693278178710654,0.4685994581006004,0.46996675225439527,,-0.0007283597704650369,0.0006389343833298478
train,0.8020666248510204,0.7966769307993258,0.7957325645366002,,-0.005389694051694649,-0.006334060314420187
train,0.4633105481894891,0.4577861567179207,0.46130470977541616,,-0.005524391471568357,-0.0020058384140729246
train,0.5557724161494094,0.5503850863897414,0.552058499415729,,-0.005387329759668047,-0.003713916733680378
train,0.6621090575567814,0.6605146546714216,0.6622689627305626,,-0.0015944028853598358,0.00015990517378117186
train,0.6919437215167195,0.6988577797697155,0.6976567895049317,,0.006914058252996069,0.00571306798821225
train,0.5073450808404818,0.511201835328858,0.5063137226341581,,0.0038567544883761906,-0.001031358206323718
train,0.4404636900872123,0.4427466594851714,0.43780776012160305,,0.002282969397959078,-0.0026559299656092605
train,0.4001740428115795,0.4000404306210827,0.40307562689248844,,-0.00013361219049679018,0.002901584080908959
train,0.4216885641015818,0.4230580356309097,0.4226737179894351,,0.0013694715293279258,0.0009851538878533073
train,0.4513788118504702,0.4556896745048014,0.45644664373244587,,0.004310862654331227,0.005067831881975682
train,0.7671985258101948,0.7588574353957926,0.7546182457947099,,-0.00834109041440212,-0.012580280015484835
train,0.4601488936360882,0.4616645408535301,0.46146318563500194,,0.0015156472174419067,0.0013142919989137525
train,0.7811046522060525,0.7769438453160713,0.7811194370808119,,-0.004160806889981217,1.4784874759365962e-05
train,0.6658075346444412,0.6688495417696633,0.6610251370475273,,0.003042007125222068,-0.004782397596913901
train,0.533955198484244,0.5364195153699745,0.5237560709653986,,0.0024643168857304554,-0.010199127518845441
train,0.4002548649415512,0.3999703100444548,0.40731495845473176,,-0.0002845548970963896,0.007060093513180543
train,0.5078443936985693,0.5071709001523519,0.49989951415076506,,-0.0006734935462173741,-0.007944879547804207
train,0.4685122263955404,0.47070000769504033,0.47593655970645876,,0.0021877812994999246,0.007424333310918352
train,0.6682491343768134,0.665909438813771,0.6654150999310017,,-0.0023396955630424765,-0.0028340344458117617
train,0.4860149236588981,0.4807096198851629,0.48685440996498713,,-0.0053053037737351705,0.0008394863060890434
train,0.4816895145751569,0.48373396084666737,0.4823156025341007,,0.0020444462715104583,0.0006260879589438106
train,0.6802008267861683,0.6632869902454305,0.6811830483919653,,-0.01691383654073786,0.0009822216057969735
train,0.6360382001696689,0.6354228884994165,0.6345889086194736,,-0.0006153116702524164,-0.001449291550195353
train,0.5242985840174058,0.5326382334941363,0.5204656501820558,,0.008339649476730493,-0.003832933835349994
train,0.6114817475504118,0.6104622917955799,0.616814776400254,,-0.0010194557548319771,0.005333028849842103
train,0.5253574133316901,0.5247330251484383,0.5284209556814574,,-0.0006243881832517229,0.0030635423497673564
train,0.7035421422319137,0.6971088991411183,0.6850747968294529,,-0.006433243090795404,-0.018467345402460755
train,0.5098924156882241,0.5129060276919913,0.5109656714063822,,0.003013612003767263,0.0010732557181580837
train,0.6862189889917629,0.6896146548737658,0.6769686460258747,,0.0033956658820029073,-0.009250342965888225
train,0.6246155635854865,0.6303878071857336,0.6164242101225696,,0.0057722436002470845,-0.008191353462916884
train,0.5687396981743957,0.5653646657928,0.574141468574372,,-0.003375032381595755,0.005401770399976247
train,0.4929976140677591,0.49410361640718903,0.49715345415682777,,0.0011060023394299234,0.004155840089068663
train,0.5718400900316134,0.5658704512175273,0.5699844991785017,,-0.005969638814086076,-0.0018555908531117105
train,0.5968412428329425,0.5951593813974893,0.6029160415104867,,-0.0016818614354532357,0.006074798677544235
train,0.4664387335591818,0.4705555863618091,0.467257295022107,,0.004116852802627302,0.0008185614629251936
train,0.5804013162090846,0.5794604628569813,0.5718228521780943,,-0.0009408533521033657,-0.008578464030990385
train,0.4519974932227235,0.4538927433715756,0.4526043301811156,,0.0018952501488521123,0.0006068369583921429
train,0.4762065387640297,0.4800984105562506,0.48504463069178066,,0.003891871792220891,0.00883809192775098
train,0.5287451045073817,0.5387682401930897,0.5486969858538763,,0.010023135685708007,0.019951881346494615
train,0.6068008242880683,0.6017030032515156,0.6130019722226127,,-0.005097821036552652,0.006201147934544404
train,0.606974720329467,0.6044970929210068,0.6163584188914863,,-0.002477627408460137,0.009383698562019371
train,0.6137664171304715,0.6120977951879579,0.6146995568021955,,-0.001668621942513604,0.000933139671723926
train,0.5084934741971548,0.5065510998744536,0.5143500642373686,,-0.001942374322701279,0.005856590040213772
train,0.6613393725379926,0.6659162748284254,0.6625556409337064,,0.004576902290432838,0.001216268395713871
train,0.6682890761931054,0.6753028968538077,0.6721396359672026,,0.00701382066070233,0.0038505597740972064
train,0.5879046652381513,0.5864265707030288,0.5913372181857657,,-0.0014780945351224872,0.0034325529476143535
train,0.5040994249675356,0.5004746656893496,0.5007274456042087,,-0.0036247592781859517,-0.0033719793633268935
train,0.569373641066232,0.5674231922147355,0.5822683950331384,,-0.0019504488514965335,0.012894753966906425
train,0.4891845582815838,0.48899977328311073,0.4867612147239531,,-0.0001847849984730754,-0.002423343557630686
train,0.5163733752770517,0.526286709072349,0.5061714561046542,,0.009913333795297241,-0.010201919172397544
train,0.6763054092531584,0.6854626351547302,0.672354320035286,,0.009157225901571753,-0.003951089217872461
train,0.6443078189472992,0.6432601934208974,0.6693631214353097,,-0.0010476255264018075,0.025055302488010578
train,0.7293034459939451,0.7349946868147844,0.734931221440384,,0.005691240820839272,0.005627775446438887
train,0.4631706475509391,0.4628715580180484,0.46833257121078536,,-0.00029908953289070617,0.005161923659846246
train,0.499643574856176,0.49697612544706526,0.5054751943795898,,-0.0026674494091107337,0.005831619523413767
train,0.4630439305464945,0.45975824131639864,0.48014584301432667,,-0.0032856892300958673,0.01710191246783216
train,0.5595026580105134,0.5510767003788671,0.5737497130875703,,-0.00842595763164622,0.014247055077056925
train,0.4107910986601305,0.40966446223427677,0.41280111030078415,,-0.0011266364258537553,0.0020100116406536195
train,0.4566683207473883,0.4649006862789295,0.46532359302948356,,0.00823236553154122,0.008655272282095283
train,0.7019726178647643,0.7082310099740117,0.7118581732816289,,0.00625839210924739,0.009885555416864644
train,0.667153293162746,0.6686811528884766,0.6659734977577692,,0.0015278597257306625,-0.0011797954049768133
train,0.4698007813068272,0.4709879864911669,0.46958008409966245,,0.0011872051843397347,-0.00022069720716472174
train,0.4532998420210147,0.45170477340549686,0.4562057606741809,,-0.0015950686155178362,0.002905918653166195
train,0.4427324910642229,0.4419149868028019,0.44422409116500794,,-0.0008175042614210204,0.0014916001007850288
train,0.719707214672862,0.7194325479533851,0.7094913359264803,,-0.000274666719476957,-0.010215878746381746
train,0.5783720446906081,0.5770714452131799,0.5779399193913624,,-0.0013005994774282215,-0.0004321252992457447
train,0.6063830766165974,0.6078399898063122,0.608629985174802,,0.001456913189714748,0.002246908558204641
train,0.4703105622038944,0.4713856689537502,0.47267181721124973,,0.0010751067498558364,0.002361255007355345
train,0.4942289255209448,0.49294083593240734,0.496775209443962,,-0.0012880895885374333,0.0025462839230172007
train,0.5978434584483062,0.5984484962967308,0.5851514425318498,,0.0006050378484245833,-0.012692015916456412
train,0.6156672311039583,0.6130384748541668,0.6151322380454045,,-0.0026287562497914196,-0.0005349930585537566
train,0.5199486340550126,0.5182173373874985,0.5162086434859215,,-0.0017312966675140373,-0.003739990569091023
train,0.4974141643951033,0.4970006825256038,0.49560583238964695,,-0.00041348186949946575,-0.0018083320054563257
train,0.5905534401431882,0.5877899718906924,0.5741650739141431,,-0.0027634682524958487,-0.01638836622904516
train,0.6364162096591532,0.639670936656626,0.6371207240358739,,0.0032547269974727566,0.0007045143767206996
train,0.5078754578763958,0.5060397527347297,0.5079407480663332,,-0.0018357051416660886,6.529018993739477e-05
train,0.5032016628911351,0.49639871617882136,0.4938085195405175,,-0.00680294671231374,-0.009393143350617583
train,0.4866490132633677,0.48754926421276346,0.4876252477507729,,0.0009002509493957755,0.0009762344874052475
train,0.4600476244496366,0.4643196252545395,0.46754702332742354,,0.00427200080490292,0.007499398877786945
train,0.7140796042931555,0.693955916099583,0.693631223586925,,-0.020123688193572575,-0.020448380706230562
train,0.5739254108927483,0.5733910930745132,0.5642426296671346,,-0.0005343178182350972,-0.009682781225613724
train,0.518735793157586,0.5139908570182524,0.5218142257474007,,-0.004744936139333578,0.0030784325898146614
train,0.5285332995540672,0.5261562417569102,0.5210712994563163,,-0.002377057797157023,-0.007462000097750998
train,0.6494381350821408,0.6480623728439441,0.6422791412704439,,-0.0013757622381966872,-0.007158993811696823
train,0.4363048534741333,0.4360004959812,0.4421417987720323,,-0.0003043574929332826,0.005836945297899021
train,0.5742534457965977,0.5702908297364777,0.5710663335113007,,-0.003962616060119939,-0.003187112285297
train,0.480539440935734,0.48047199417225284,0.4852224420740618,,-6.74467634811382e-05,0.004683001138327814
train,0.7033596231803688,0.7025109940517889,0.7119539019054006,,-0.0008486291285799696,0.008594278725031823
train,0.5984963877082008,0.6020874914758161,0.5795886167983977,,0.003591103767615289,-0.018907770909803112
train,0.6731277407736607,0.6624287395077962,0.6663420913289789,,-0.010699001265864427,-0.006785649444681741
train,0.6924013102728195,0.6912887112406008,0.6838160709676561,,-0.0011125990322187196,-0.008585239305163417
train,0.5790525013953486,0.5827924622864689,0.564489796029931,,0.0037399608911202753,-0.014562705365417594
train,0.5928722569188161,0.5953764364598556,0.5932215488773603,,0.0025041795410395418,0.0003492919585442733
train,0.8367216626962446,0.823888049085561,0.813212485175367,,-0.01283361361068358,-0.023509177520877556
train,0.4352747801923059,0.4311742594359542,0.43352087549351653,,-0.0041005207563517,-0.001753904698789388
train,0.6714304737914472,0.6652972718334396,0.6719395574080861,,-0.006133201958007595,0.0005090836166389279
train,0.7854598012788228,0.7861104689915626,0.7885923058341443,,0.0006506677127398053,0.003132504555321547
train,0.5457718254538191,0.5430027108140931,0.5477160158950588,,-0.002769114639725956,0.0019441904412397237
train,0.6700479189706141,0.6745611118599457,0.6663880718772938,,0.0045131928893316076,-0.0036598470933203453
train,0.4860676105051713,0.4839477968211901,0.4862276225588217,,-0.0021198136839811754,0.0001600120536504046
train,0.6679029037481999,0.6694486616118734,0.6826220017181732,,0.0015457578636735025,0.014719097969973283
train,0.4803047002500425,0.480965768939988,0.48124549833288777,,0.0006610686899454765,0.0009407980828452511
train,0.430641651611304,0.4287482713940961,0.43416378717707316,,-0.0018933802172079184,0.0035221355657691356
train,0.6414229057184136,0.6425075386851651,0.6501371958599395,,0.001084632966751431,0.008714290141525805
train,0.7484360135777567,0.7592090548989249,0.742357709999418,,0.010773041321168186,-0.006078303578338717
train,0.4805645279604102,0.48006863555823637,0.4894923817363736,,-0.0004958924021738476,0.00892785377596339
train,0.5398109351437776,0.5449825401942879,0.5427461870060937,,0.005171605050510286,0.002935251862316024
train,0.6059447169016388,0.6063174736896371,0.6212146725273119,,0.00037275678799830736,0.015269955625673126
train,0.4556541680280404,0.45590783982284266,0.45734259223981905,,0.0002536717948022904,0.0016884242117786719
train,0.5071420404880043,0.5054429019934169,0.512362821213738,,-0.00169913849458736,0.005220780725733731
train,0.6510425032989172,0.6470880956217457,0.6371164921822673,,-0.003954407677171479,-0.013926011116649928
train,0.7344773374284603,0.7431277304229492,0.7336629962865563,,0.008650392994488887,-0.0008143411419040403
train,0.4393614309700646,0.43724628528989107,0.4423646262332666,,-0.0021151456801735136,0.00300319526320203
train,0.4371466011431333,0.4389386641121369,0.44014067859491823,,0.0017920629690035828,0.0029940774517849267
train,0.5726125104599127,0.5761518568291916,0.5720094327798563,,0.003539346369278884,-0.0006030776800564075
train,0.4365006319284112,0.43798907250315483,0.4500745350408417,,0.0014884405747436213,0.013573903112430508
train,0.4633094712513438,0.459349091112067,0.4641112327925629,,-0.003960380139276798,0.0008017615412190815
train,0.5438390739232024,0.5422859791158167,0.5333366493130018,,-0.0015530948073857465,-0.010502424610200567
train,0.5151334714335599,0.5073403857590044,0.5132014567346792,,-0.0077930856745555,-0.001932014698880713
train,0.5291894387642626,0.5296964399388618,0.5241613595793003,,0.0005070011745992309,-0.005028079184962286
train,0.5759112170972044,0.5723599871042421,0.5686497287576951,,-0.0035512299929623126,-0.007261488339509237
train,0.4926859431534803,0.4907519624776935,0.49665348240706575,,-0.0019339806757868172,0.00396753925358545
train,0.4303501633713518,0.435177543657731,0.42626305547205245,,0.00482738028637919,-0.004087107899299336
train,0.7208274475681975,0.7259145262229458,0.7268980640672795,,0.005087078654748334,0.006070616499082027
train,0.5238520311224424,0.5180666872941423,0.514715129549479,,-0.0057853438283000935,-0.00913690157296343
train,0.5653313889992291,0.5660120240472339,0.5822375248276388,,0.0006806350480048629,0.01690613582840972
train,0.58997299859461,0.5920984468892632,0.57969713344247,,0.0021254482946531095,-0.010275865152140073
train,0.4654668897476939,0.472642436247399,0.46935218213764673,,0.007175546499705088,0.0038852923899528324
train,0.6118370713227395,0.6133689052795948,0.6188021225834821,,0.0015318339568552997,0.00696505126074265
train,0.7261648714689676,0.7484927275348754,0.7357667655738872,,0.022327856065907814,0.009601894104919628
train,0.5612343802575366,0.5682289292080241,0.557909030061412,,0.006994548950487567,-0.0033253501961245657
train,0.6632980709777326,0.6660914574252068,0.6611786613208642,,0.0027933864474741776,-0.0021194096568684095
train,0.6093666827491209,0.6061969791425983,0.5787650494770559,,-0.003169703606522578,-0.030601633272065
train,0.446772954418889,0.4465931270533945,0.44673158258785733,,-0.0001798273654944893,-4.137183103164466e-05
train,0.499193439981441,0.5026044980993298,0.5019604354221554,,0.003411058117888832,0.0027669954407144037
train,0.4916409500820688,0.4918430712391604,0.49536746490268047,,0.00020212115709156153,0.0037265148206116483
train,0.4158261747327357,0.41422520072843555,0.42434570310168856,,-0.0016009740043001486,0.008519528368952867
train,0.4609874574775761,0.46219722201158986,0.4626500392175863,,0.0012097645340137797,0.001662581740010216
train,0.4295981459844511,0.4304289051304739,0.43331349614899684,,0.0008307591460227637,0.0037153501645457165
train,0.4694374660237294,0.4684970409135826,0.47037248238059554,,-0.0009404251101468031,0.0009350163568661585
train,0.6784280700520396,0.6890701974777228,0.6768685157571208,,0.010642127425683157,-0.0015595542949188301
train,0.5093675757079476,0.5090878921593706,0.5160462828844452,,-0.0002796835485769922,0.006678707176497656
train,0.5294354305172704,0.5372250148516092,0.530533779319532,,0.0077895843343388504,0.0010983488022616728
train,0.6989376699769649,0.6984091633316419,0.6866890291335116,,-0.0005285066453230014,-0.01224864084345334
train,0.4845137362490289,0.4842543776607905,0.4886823896682184,,-0.00025935858823838975,0.004168653419189539
train,0.5839533739909846,0.5903754612322406,0.5861508819801329,,0.006422087241256036,0.0021975079891483063
train,0.6106614415331251,0.6095814984906923,0.6116106641550699,,-0.0010799430424327516,0.0009492226219448563
train,0.4631112984237163,0.46458218692780673,0.4669423417926419,,0.0014708885040904396,0.0038310433689255907
train,0.6192828399909787,0.6216688785992409,0.6197457658196524,,0.002386038608262253,0.00046292582867368814
train,0.4749688082005684,0.47591001365709473,0.4775880348846384,,0.0009412054565263173,0.0026192266840699974
train,0.6885401680939065,0.6598145235346736,0.6785584739399313,,-0.028725644559232877,-0.009981694153975207
train,0.7863830478627225,0.7855387628438288,0.7674442496027796,,-0.0008442850188936646,-0.018938798259942935
train,0.6528729077370039,0.6487262353409664,0.636334594134232,,-0.0041466723960374985,-0.016538313602771915
train,0.5233442041282782,0.5241599782041635,0.5235149218543178,,0.0008157740758852894,0.00017071772603960422
train,0.5910024624670007,0.592373567851849,0.5813178980443038,,0.0013711053848483035,-0.00968456442269694
train,0.5361356670451364,0.5363982199968084,0.5354975041126164,,0.00026255295167199044,-0.0006381629325199478
train,0.6290712559087662,0.6330291317016147,0.6390704486550361,,0.003957875792848453,0.009999192746269925
train,0.6736783243298204,0.6686003383215382,0.6753808868066804,,-0.0050779860082822426,0.001702562476859959
train,0.6820319162483838,0.6842581453935729,0.6803955334287705,,0.002226229145189107,-0.0016363828196133134
train,0.442902275790587,0.4439263649973633,0.44405024497946366,,0.001024089206776324,0.001147969188876663
train,0.65527946533149,0.655187968253931,0.6648962576742038,,-9.14970775589552e-05,0.009616792342713842
train,0.4659071148776154,0.4633904069234114,0.48794469308723826,,-0.0025167079542040005,0.022037578209622877
train,0.4888965523674544,0.491603519105972,0.4880292991350669,,0.0027069667385176133,-0.0008672532323875104
train,0.6472650449257865,0.6469532781878619,0.646931446925764,,-0.0003117667379246569,-0.00033359800002252804
train,0.6901563303614366,0.7001336752329942,0.6861432755615118,,0.009977344871557547,-0.0040130547999248645
train,0.5171226749936091,0.5220116710436066,0.5145885424091322,,0.004888996049997485,-0.002534132584476878
train,0.8122727973152812,0.8041214895018876,0.8162750284086918,,-0.008151307813393682,0.00400223109341058
train,0.6883996886402195,0.6931594348351621,0.6877662538879744,,0.004759746194942571,-0.0006334347522450878
train,0.5839786636386205,0.5863531662916294,0.5969600541536235,,0.0023745026530088698,0.012981390515003022
train,0.4666063042685577,0.46406554744472706,0.472605612954049,,-0.0025407568238306477,0.005999308685491311
train,0.8139516659317505,0.8172778713705657,0.7948273432696311,,0.003326205438815233,-0.019124322662119386
train,0.7074838659450764,0.7090899679390994,0.7057408458387251,,0.0016061019940230015,-0.0017430201063513007
train,0.6765631657230835,0.6789540136859387,0.6699920303111614,,0.002390847962855158,-0.006571135411922113
train,0.4588813085294711,0.4551186305965946,0.461578505494272,,-0.003762677932876546,0.002697196964800863
train,0.6570801579795222,0.6611167558286173,0.6618674863211137,,0.004036597849095047,0.004787328341591457
train,0.4988010012974054,0.5030876100802903,0.5003639270435578,,0.004286608782884949,0.0015629257461524104
train,0.4283400279136498,0.42691622301120624,0.42978957034161935,,-0.0014238049024435373,0.0014495424279695746
train,0.4116663011354474,0.4146387713505919,0.4128916298984528,,0.002972470215144518,0.0012253287630054066
train,0.5415741696514736,0.5397896975878634,0.5479355033307343,,-0.0017844720636102096,0.006361333679260617
train,0.6596275656791357,0.6611634555878496,0.649919998659448,,0.0015358899087138944,-0.009707567019687668
train,0.6783121539855022,0.6788130548792124,0.6703050245173869,,0.0005009008937102433,-0.008007129468115215
train,0.6446709191156329,0.6485651620809756,0.6412015390243984,,0.003894242965342687,-0.003469380091234542
train,0.6096279247143387,0.6119846183237055,0.6129920691098577,,0.0023566936093668556,0.0033641443955190198
train,0.5436044769064989,0.5451136467739336,0.5614955502641918,,0.0015091698674346565,0.01789107335769291
train,0.641808643245457,0.6495248549128172,0.6510888430412163,,0.007716211667360251,0.009280199795759336
train,0.5601243196958112,0.5546464718918268,0.5527272865719641,,-0.005477847803984415,-0.0073970331238470965
train,0.895088117637307,0.8572866161412831,0.8710123713776773,,-0.037801501496023904,-0.024075746259629716
train,0.6282091647545904,0.6273718379288897,0.635882788794481,,-0.0008373268257007016,0.007673624039890581
train,0.4799029190405774,0.4799004571271539,0.48277780928112735,,-2.4619134235126516e-06,0.002874890240549932
train,0.7882731203105113,0.7825971698282158,0.7766162879011151,,-0.005675950482295522,-0.01165683240939619
train,0.5661670781884586,0.5659479999936179,0.5933735785368095,,-0.0002190781948406828,0.027206500348350926
train,0.68462630634764,0.6698923971147457,0.674714141597411,,-0.014733909232894304,-0.009912164750228936
train,0.647268606412561,0.6457250506389719,0.6493409140059265,,-0.0015435557735891114,0.002072307593365519
train,0.7356563697406671,0.7390991484393589,0.7515142469397763,,0.0034427786986918063,0.01585787719910925
train,0.6380316003085862,0.6434130227632542,0.6441361027348655,,0.0053814224546679945,0.006104502426279357
train,0.6933472114521015,0.6889955275823788,0.667571160903557,,-0.004351683869722733,-0.025776050548544593
train,0.7070941575085706,0.7059515106368264,0.7012067577580283,,-0.0011426468717442573,-0.00588739975054231
train,0.5779293394946998,0.5860183906821691,0.5830902102578399,,0.008089051187469276,0.005160870763140091
train,0.4975075492563286,0.49784808363974886,0.5039174983790324,,0.00034053438342024345,0.0064099491227038174
train,0.4799827005723849,0.4793515630467955,0.4852428371315996,,-0.0006311375255894092,0.005260136559214701
train,0.5989654918650522,0.6028471133113686,0.6005084556213809,,0.00388162144631643,0.0015429637563286747
train,0.5435486513626949,0.5431055786761502,0.5443625772919517,,-0.0004430726865447543,0.0008139259292567758
train,0.796502487993247,0.7516781335706205,0.781038681726813,,-0.044824354422626445,-0.015463806266433955
train,0.5459967697999849,0.5562476711796949,0.534244261635154,,0.010250901379709965,-0.011752508164830866
train,0.5461112316111275,0.5432918734376324,0.5464029962547181,,-0.002819358173495101,0.0002917646435905974
train,0.4421436376743898,0.43892011090037353,0.4400494105147972,,-0.003223526774016272,-0.002094227159592621
train,0.7527281867815574,0.7560742999869211,0.7476691603068442,,0.00334611320536371,-0.005059026474713235
train,0.5446246365132927,0.5521915381382287,0.5668541549842082,,0.007566901624936007,0.022229518470915477
train,0.6724963122935681,0.6733743834858275,0.6590600021528503,,0.0008780711922593554,-0.013436310140717778
train,0.6858753404788831,0.7010520986561314,0.692509134654968,,0.015176758177248284,0.006633794176084895
train,0.8391041899234409,0.8236180623442654,0.8278723272785957,,-0.015486127579175557,-0.011231862644845214
train,0.6356427576054882,0.6390155352171771,0.6217958468251861,,0.0033727776116889707,-0.01384691078030209
train,0.4460168177236137,0.44621375813275743,0.4492946835385665,,0.00019694040914375321,0.0032778658149528184
train,0.7648171331050695,0.7672808702244748,0.7704008780025292,,0.002463737119405285,0.005583744897459719
train,0.7340768451474993,0.7403177625638552,0.7285825715060795,,0.006240917416355907,-0.005494273641419745
train,0.5205462827977494,0.5167756043946081,0.5197545115541746,,-0.00377067840314127,-0.0007917712435747681
train,0.5582840296434514,0.5562299003646539,0.552125033544924,,-0.0020541292787974452,-0.006158996098527325
train,0.4208825604194247,0.4263262400537592,0.43394773896129313,,0.005443679634334508,0.01306517854186845
train,0.6327604686552721,0.629472745241526,0.6387839449694032,,-0.0032877234137461686,0.006023476314131027
train,0.4783106621935348,0.4819363457172335,0.48028879053656676,,0.003625683523698686,0.0019781283430319596
train,0.5312281426193699,0.525605829255859,0.5505611084814328,,-0.0056223133635109335,0.0193329658620629
train,0.6138905907600269,0.6062522141706728,0.6160697412951476,,-0.007638376589354179,0.002179150535120633
train,0.5428960513738601,0.5387041048359325,0.5588406407614541,,-0.004191946537927649,0.01594458938759402
train,0.53580721607807,0.538545522201682,0.5372423640166832,,0.002738306123611922,0.0014351479386132127
train,0.5563023635303205,0.5537773624538801,0.5636621217793052,,-0.0025250010764403807,0.007359758248984716
train,0.6072614581703745,0.6103419208861817,0.6082183110659595,,0.0030804627158071973,0.0009568528955850031
train,0.6669818697964527,0.6716721560609806,0.6885626301067658,,0.004690286264527943,0.021580760310313085
train,0.6062505884185411,0.6063918377778489,0.5945695165403533,,0.00014124935930781568,-0.011681071878187788
train,0.5272062375646143,0.5249546512183795,0.5262266265810317,,-0.0022515863462347907,-0.0009796109835825684
train,0.6117289846983263,0.6097293057489668,0.620188063982714,,-0.0019996789493594846,0.008459079284387716
train,0.6771104283536653,0.6762159879534593,0.6623317793474262,,-0.0008944404002060313,-0.014778649006239153
train,0.8241106234433089,0.8247660351571915,0.8138302055220625,,0.0006554117138826143,-0.010280417921246343
train,0.4832528375674899,0.48254866773825006,0.47831269181728586,,-0.0007041698292398202,-0.004940145750204017
train,0.7342045632359442,0.7348466893568502,0.7271961291721216,,0.0006421261209059725,-0.007008434063822566
train,0.4377375016243336,0.43504223712916357,0.4454900209068801,,-0.0026952644951700466,0.0077525192825464995
train,0.5121219993657404,0.5096380735571323,0.5086723220060472,,-0.002483925808608123,-0.0034496773596932595
train,0.7160451754518733,0.7082071828510406,0.7117105800860734,,-0.007837992600832733,-0.0043345953657999425
train,0.4263631086252759,0.4195435883519333,0.42773921146743593,,-0.006819520273342594,0.001376102842160054
train,0.6426328013702294,0.644271336221575,0.6473403049063373,,0.0016385348513455744,0.004707503536107938
train,0.4844532421894281,0.4876605319700248,0.48782093839264484,,0.0032072897805967004,0.0033676962032167523
train,0.5511985701232077,0.5407758834312667,0.5417016569537345,,-0.010422686691941019,-0.009496913169473209
train,0.4819223187921992,0.48330798453383417,0.480812561465669,,0.001385665741634956,-0.0011097573265302363
train,0.5869786439467658,0.5872877757661165,0.5837473070950236,,0.0003091318193506609,-0.0032313368517421504
train,0.6045912599136265,0.6060958081295951,0.6019692475599286,,0.0015045482159685708,-0.0026220123536978557
train,0.6030658077613116,0.6014907279344843,0.5977651584342311,,-0.0015750798268272526,-0.00530064932708052
train,0.4906805201808023,0.4915935116325232,0.4929690727863238,,0.000912991451720857,0.0022885526055214656
train,0.5239602184916107,0.5233448667141145,0.5327109801512766,,-0.0006153517774961648,0.008750761659665929
train,0.5969423911639586,0.5974527576720052,0.6018674722419215,,0.0005103665080465891,0.004925081077962856
train,0.7828185670274925,0.7781684708592178,0.7714723540002181,,-0.00465009616827472,-0.011346213027274454
train,0.4271102284056428,0.42797169432008997,0.4314642001952479,,0.0008614659144471903,0.0043539717896051155
train,0.4873526731258187,0.4831691116226045,0.49269544245275476,,-0.004183561503214195,0.005342769326936059
train,0.4876291779716551,0.4925376179463718,0.48579791893410434,,0.004908439974716683,-0.0018312590375507698
train,0.6253823290747141,0.6172918441570461,0.6227578008698256,,-0.008090484917668062,-0.0026245282048885654
train,0.4990861426011512,0.5005345113122853,0.5035574895407561,,0.0014483687111341292,0.004471346939604881
train,0.4368032995880241,0.437492085336987,0.4397745492925531,,0.0006887857489629168,0.002971249704529
train,0.557095187359486,0.5505623036158122,0.5658653311337406,,-0.00653288374367389,0.008770143774254557
train,0.6246644170683787,0.6215052133635841,0.6323058106073274,,-0.003159203704794611,0.00764139353894866
train,0.6761484488207534,0.6828202647908007,0.6789782507107329,,0.00667181597004729,0.0028298018899794997
train,0.5982444577382166,0.5951889986499266,0.6086044450974982,,-0.003055459088289969,0.010359987359281675
train,0.4700115537220311,0.47011740817875525,0.4683278986691026,,0.00010585445672417482,-0.0016836550529284455
train,0.4450141507754449,0.44242059203342393,0.4449528372202132,,-0.002593558742020996,-6.131355523170123e-05
train,0.4635754642431528,0.4643970786011606,0.4686553373963136,,0.0008216143580077606,0.005079873153160774
train,0.4597328384900285,0.45823083067044945,0.4640458483819088,,-0.0015020078195790432,0.004313009891880326
train,0.7661751512189499,0.7616598198550564,0.7460715582074677,,-0.004515331363893482,-0.020103593011482124
train,0.6122798711122803,0.6225847343853654,0.6288067183355529,,0.010304863273085108,0.01652684722327258
train,0.4617491421284664,0.4611611638391228,0.4612493080394421,,-0.0005879782893435936,-0.0004998340890243202
train,0.4318986929853445,0.4340802688718135,0.43819028449974023,,0.0021815758864690005,0.0062915915143957335
train,0.5889836538792572,0.5921700492124171,0.601875031358251,,0.003186395333159897,0.012891377478993826
train,0.5496844511955027,0.5537772662084656,0.5623282291881483,,0.00409281501296288,0.0126437779926456
train,0.5302905625175262,0.5286478803126968,0.5206032640334178,,-0.0016426822048293266,-0.00968729848410832
train,0.7333992189619559,0.7168368813441889,0.7276844789385716,,-0.016562337617767042,-0.005714740023384346
train,0.4955963959949425,0.49809986575687676,0.49570109344781854,,0.002503469761934274,0.00010469745287605692
train,0.6516041027579493,0.6509119268512,0.642494083744729,,-0.0006921759067493038,-0.009110019013220283
train,0.4534568368039927,0.4511581777711191,0.4553862359296067,,-0.0022986590328735734,0.0019293991256140175
train,0.8169692946546843,0.8112664611009959,0.8007078095358974,,-0.005702833553688391,-0.01626148511878689
train,0.735160071563564,0.7344378516898307,0.7154850238960831,,-0.0007222198737333319,-0.01967504766748085
train,0.6067036807153852,0.6104964241299858,0.6081460349758979,,0.0037927434146006744,0.001442354260512757
train,0.4250681803735855,0.42342653720378143,0.42479757556191344,,-0.0016416431698040856,-0.0002706048116720705
train,0.6536624366158864,0.6554653033774276,0.6544835383366843,,0.0018028667615411775,0.0008211017207978566
train,0.4935480513255061,0.48824899282314904,0.49785202401079326,,-0.005299058502357068,0.00430397268528715
train,0.4653795029627155,0.4649573120756555,0.46729776977122406,,-0.0004221908870600255,0.0019182668085085397
train,0.421830737352758,0.41502898341692873,0.4272376059705455,,-0.006801753935829269,0.005406868617787497
train,0.4293034027322448,0.4332809373892144,0.43452063081200504,,0.003977534656969595,0.005217228079760217
train,0.4706624504884921,0.46896385068159263,0.47543847635568137,,-0.001698599806899459,0.004776025867189282
train,0.5203233027636783,0.5211333503265212,0.5260178703710758,,0.0008100475628428638,0.005694567607397505
train,0.6908811790896819,0.6874110546308223,0.6935443199546452,,-0.003470124458859636,0.0026631408649632204
train,0.4339767126699969,0.4317159528401522,0.43878831014349323,,-0.002260759829844694,0.004811597473496354
train,0.6334068403533228,0.6350834432042138,0.6329642347214511,,0.0016766028508909958,-0.00044260563187170643
train,0.6019443329353314,0.5968279283910818,0.5970583203724207,,-0.005116404544249664,-0.004886012562910769
train,0.7405530054588212,0.7320269205050688,0.7151959128440374,,-0.0085260849537524,-0.025357092614783805
train,0.4966506249598508,0.49528042467624145,0.5037340844896071,,-0.0013702002836093463,0.0070834595297563085
train,0.6663601613861883,0.6756537597385577,0.6615840194731327,,0.009293598352369425,-0.004776141913055532
train,0.7027945176431696,0.7015680544479455,0.7133436491821132,,-0.0012264631952241256,0.010549131538943657
train,0.6628039968555404,0.6695764667178269,0.6579368964847108,,0.006772469862286523,-0.004867100370829602
train,0.6037334903821938,0.5937785126100944,0.605190951996265,,-0.009954977772099416,0.0014574616140712315
train,0.7544008208931905,0.7548268468992713,0.7479149821287789,,0.0004260260060807708,-0.006485838764411556
train,0.7242759905039351,0.7360910329025128,0.7274206710068906,,0.011815042398577669,0.003144680502955466
train,0.6329533281241858,0.6330806628953498,0.6403276829248385,,0.0001273347711640005,0.007374354800652738
train,0.4351109238822608,0.43502511669129196,0.4382140202500714,,-8.580719096884515e-05,0.003103096367810587
train,0.4859201075860948,0.4806518143208598,0.48519344816293414,,-0.00526829326523498,-0.000726659423160636
train,0.5018984050664703,0.5036801142335156,0.5077100366331605,,0.0017817091670452312,0.0058116315666901786
train,0.6253449702925457,0.6247676457336477,0.6162547639890923,,-0.0005773245588979181,-0.009090206303453363
train,0.5836737684624096,0.5818887207915503,0.5914089340449662,,-0.0017850476708592966,0.007735165582556602
train,0.4706594085316788,0.46944561614562996,0.4702413450474459,,-0.0012137923860488509,-0.0004180634842329001
train,0.4366232523716463,0.43583508822901695,0.43923497861723665,,-0.0007881641426293329,0.0026117262455903623
train,0.5547819250304544,0.5564501657865327,0.5521218234954886,,0.0016682407560782986,-0.002660101534965875
train,0.6718840898551187,0.6708669576078358,0.6734247573133353,,-0.001017132247282948,0.0015406674582165714
train,0.747582281264152,0.7556412739438051,0.7670584062036443,,0.008058992679653043,0.019476124939492245
train,0.7475050034013317,0.7522041661717955,0.7450157908169974,,0.004699162770463783,-0.0024892125843343216
train,0.5987633673825867,0.6002167433584576,0.6023243326245765,,0.0014533759758709186,0.0035609652419897886
train,0.5868808909305278,0.5914712380037271,0.5871721922494997,,0.004590347073199386,0.000291301318971926
train,0.6627588229962802,0.6668293023092947,0.6723855054705706,,0.004070479313014519,0.009626682474290438
train,0.6287334696518843,0.6296142607253107,0.6329531069860801,,0.0008807910734264235,0.004219637334195836
train,0.5951485260944781,0.5945498985039346,0.595816601798849,,-0.0005986275905435212,0.0006680757043708851
train,0.6313417987646084,0.6314927005210299,0.6429334564842862,,0.0001509017564215176,0.01159165771967785
train,0.7787178448997977,0.7840142949605922,0.7511035037226662,,0.005296450060794489,-0.027614341177131463
train,0.5045418428628281,0.49859258540037293,0.5048597203822697,,-0.005949257462455171,0.0003178775194415673
train,0.5595727519366828,0.5431731386305269,0.5534538222534017,,-0.016399613306155914,-0.0061189296832810935
train,0.6272766627605056,0.6344811499643029,0.6299333957837208,,0.007204487203797294,0.0026567330232151187
train,0.4876102991842259,0.48867237743928915,0.492246002336272,,0.0010620782550632701,0.0046357031520461445
train,0.6273694675232164,0.6294818525734488,0.6169563575823952,,0.0021123850502323682,-0.01041310994082123
train,0.586087248609882,0.5805057228803965,0.5832964389874711,,-0.005581525729485559,-0.0027908096224109613
train,0.6631871549251253,0.6386701860570152,0.6645001936017064,,-0.024516968868110056,0.0013130386765811686
train,0.6410487096789317,0.6492712430698028,0.6512015807678705,,0.00822253339087109,0.010152871088938809
train,0.8405863538914748,0.8419838523105296,0.844881296575929,,0.0013974984190547879,0.004294942684454184
train,0.5192275850258108,0.5187638582595901,0.5089196225142651,,-0.00046372676622064013,-0.010307962511545643
train,0.7481853865492671,0.7447457691273018,0.739300138925899,,-0.003439617421965302,-0.008885247623368175
train,0.5060473588885416,0.5033607845098256,0.5072763525542371,,-0.002686574378716,0.0012289936656955103
train,0.5809560172112715,0.5863051851426611,0.5821032952679301,,0.005349167931389509,0.001147278056658596
train,0.5355876392000075,0.533424198491375,0.532908182551593,,-0.0021634407086325025,-0.0026794566484145133
train,0.6608472603312808,0.6642613648969933,0.6746500397166568,,0.0034141045657124502,0.013802779385375996
train,0.6782459039710473,0.6869492873270928,0.6951876277944647,,0.00870338335604548,0.01694172382341741
train,0.4710458244483635,0.4746599993654464,0.4779424399289483,,0.0036141749170828796,0.006896615480584789
train,0.4250563502529978,0.42529131454995805,0.4317362097896525,,0.00023496429696023835,0.006679859536654675
train,0.6546566240362759,0.6531402515056136,0.6439068254308917,,-0.00151637253066228,-0.010749798605384164
train,0.5771145168423748,0.5834591573248077,0.5753913525888478,,0.006344640482432884,-0.001723164253527032
train,0.6320298235570777,0.6326976889749713,0.6198054611485152,,0.0006678654178935428,-0.012224362408562506
train,0.4836334721085886,0.484992432258643,0.4847736562693341,,0.0013589601500544335,0.0011401841607455165
train,0.6052257003443925,0.604090889322276,0.5906981446935266,,-0.0011348110221165442,-0.014527555650865942
train,0.5034510857255755,0.5008628463883392,0.503598516637478,,-0.0025882393372362866,0.0001474309119025019
train,0.564477677249428,0.5643936169721998,0.567793437227141,,-8.406027722818177e-05,0.003315759977713051
train,0.5114592801802014,0.5076304851952199,0.5092793334322393,,-0.003828794984981454,-0.0021799467479620693
train,0.4675275970414128,0.4659339967814221,0.46656179335190817,,-0.0015936002599906685,-0.0009658036895046074
train,0.5158351317815294,0.5119019898902802,0.5219492624458709,,-0.003933141891249159,0.006114130664341522
train,0.547715735632283,0.5522498323884888,0.5575285897120978,,0.004534096756205752,0.009812854079814803
train,0.4531826534760762,0.4566172604938561,0.4512010657285608,,0.003434607017779867,-0.0019815877475154453
train,0.5772439615421596,0.5848209024678817,0.5578232282947213,,0.007576940925722031,-0.019420733247438315
train,0.573568179400624,0.5770256844907715,0.5756208131967886,,0.003457505090147528,0.0020526337961646046
train,0.5997407431575028,0.6033995580439752,0.5971269888609371,,0.00365881488647235,-0.00261375429656574
train,0.660861958514203,0.6579595146595144,0.6443219898083464,,-0.00290244385468863,-0.01653996870585661
train,0.4642928838276671,0.46334528510389783,0.46915108347564194,,-0.0009475987237692607,0.004858199647974848
train,0.572035561223262,0.5852474511824846,0.5778013778519263,,0.013211889959222511,0.0057658166286642665
train,0.5782364009132359,0.5793616216004837,0.575743680024662,,0.001125220687247741,-0.002492720888573885
train,0.4784742656088066,0.4778635569862436,0.4827388900702332,,-0.0006107086225630165,0.004264624461426558
train,0.5158775146131893,0.5168598579878722,0.5287407993067673,,0.000982343374682837,0.012863284693578003
train,0.3915522470480817,0.3924637684333912,0.39767616418043716,,0.0009115213853094772,0.006123917132355439
train,0.5465994727178043,0.5439390635024208,0.5452785165284207,,-0.0026604092153834635,-0.0013209561893835486
train,0.5357827695782658,0.5349847934102577,0.540321523187838,,-0.00079797616800803,0.0045387536095722325
train,0.4617854154623642,0.46329708837533423,0.4664733359840383,,0.0015116729129700524,0.004687920521674105
train,0.6189669886881416,0.6207128995539872,0.6234939916387814,,0.0017459108658456346,0.004527002950639791
train,0.721587323896661,0.7233574561596352,0.7342371468627039,,0.0017701322629741778,0.01264982296604289
train,0.6022152338639325,0.6046158384718447,0.5857130093910697,,0.002400604607912249,-0.01650222447286276
train,0.6483002044893621,0.642618069196188,0.6116005201794776,,-0.005682135293174073,-0.03669968430988446
train,0.4471542418209116,0.44402525580739416,0.4489055046439034,,-0.003128986013517465,0.0017512628229917615
train,0.4791485214186046,0.48127985456401673,0.47522681478836637,,0.00213133314541214,-0.00392170663023822
train,0.5818001201702564,0.580335833098147,0.58275589074078,,-0.001464287072109438,0.0009557705705236508
train,0.5567093570873194,0.5554704221131863,0.5623757676407706,,-0.0012389349741330768,0.005666410553451184
train,0.6270597661487584,0.6267779247730068,0.6325686620857506,,-0.0002818413757516014,0.00550889593699222
train,0.4692504967493867,0.4684200585905264,0.47077552058960354,,-0.0008304381588603027,0.0015250238402168548
train,0.4770878823295191,0.4715875575093327,0.49241097929813027,,-0.00550032482018642,0.015323096968611172
train,0.4997986859057609,0.4997045518131416,0.5028202755793781,,-9.413409261926908e-05,0.0030215896736172643
train,0.5897753711707288,0.5860355279820884,0.5869559854944199,,-0.0037398431886404016,-0.0028193856763089054
train,0.554021647339135,0.553327781471273,0.5619613496656705,,-0.0006938658678619092,0.007939702326535514
train,0.5389900931693428,0.5375143786641444,0.5297909559457696,,-0.0014757145051983445,-0.009199137223573128
train,0.5687214392484865,0.5694757629024536,0.5757695901646148,,0.0007543236539671039,0.007048150916128315
train,0.8003189461396664,0.7875524422716491,0.7956239186930546,,-0.012766503868017254,-0.004695027446611766
train,0.4808387235588269,0.4808157398657565,0.4873435569741941,,-2.2983693070410816e-05,0.006504833415367228
train,0.571683548946323,0.5685496244590448,0.5780583663665747,,-0.003133924487278228,0.006374817420251699
train,0.6019719445381292,0.6016580318566968,0.6096170503477932,,-0.0003139126814324378,0.007645105809664043
train,0.4706091461589266,0.47277485120918783,0.4754265504756907,,0.0021657050502612574,0.00481740431676414
train,0.5283580045394284,0.5294940156340899,0.5256023341187686,,0.0011360110946615487,-0.002755670420659828
train,0.4923111282769624,0.4913529173525437,0.49190224423856943,,-0.0009582109244186676,-0.00040888403839295373
train,0.6168918392289615,0.6129300392747419,0.6147208043119844,,-0.003961799954219636,-0.0021710349169771215
train,0.6909157573959996,0.6969969401990653,0.7017225406582809,,0.006081182803065688,0.010806783262281239
train,0.5442400204331979,0.5410739499412529,0.5418466843679375,,-0.00316607049194495,-0.0023933360652603763
train,0.5531453768989327,0.5543300809932734,0.5585604538124846,,0.0011847040943406828,0.0054150769135519194
train,0.5379945013079415,0.5367388571166469,0.5383523683909383,,-0.001255644191294536,0.0003578670829967878
train,0.548693508914135,0.5479538981764381,0.5464042530532633,,-0.0007396107376969052,-0.0022892558608716973
train,0.4483905983523432,0.44857055505042653,0.4465634817757958,,0.00017995669808335002,-0.001827116576547383
train,0.4737044890422173,0.47430705355558483,0.47795223525693564,,0.0006025645133675428,0.004247746214718351
train,0.6535228052909772,0.6571965566571922,0.6636983378250163,,0.003673751366215061,0.010175532534039133
train,0.540125950311498,0.5424413517375386,0.5315761477299538,,0.0023154014260405864,-0.008549802581544252
train,0.6941873092661699,0.68287094125894,0.6712855555061313,,-0.011316368007229904,-0.022901753760038557
train,0.4685963535433503,0.46806289317072847,0.46894024641276105,,-0.0005334603726218079,0.0003438928694107779
train,0.5360165439378272,0.5350230460235632,0.5362454766804348,,-0.0009934979142639522,0.00022893274260760155
train,0.6796269891048341,0.6853369683448478,0.6746578837408823,,0.005709979240013707,-0.004969105363951787
train,0.8436585644723709,0.8236449422172886,0.8112169761877408,,-0.020013622255082297,-0.03244158828463006
train,0.6267088075506857,0.6240819000909853,0.6221524991733455,,-0.0026269074597004005,-0.0045563083773402235
train,0.5187398477993735,0.5262671158617773,0.5221815855208155,,0.00752726806240378,0.003441737721441962
train,0.6420986178638317,0.6430568792732195,0.6444340209664999,,0.0009582614093878172,0.002335403102668221
train,0.519791650531817,0.519151191000021,0.5196306127456619,,-0.0006404595317959227,-0.00016103778615506048
train,0.5330343722121534,0.5300649915699066,0.5282633705689334,,-0.0029693806422468327,-0.004771001643220085
train,0.5078058298344293,0.5029058916274807,0.503990027119212,,-0.004899938206948673,-0.003815802715217309
train,0.4812079405574126,0.4850227073434104,0.49774946896893213,,0.003814766785997792,0.016541528411519513
train,0.5252559175823677,0.5173397594868717,0.5288834017993529,,-0.007916158095495951,0.0036274842169852217
train,0.4853914656723661,0.47752657762756173,0.48219193309453895,,-0.007864888044804341,-0.0031995325778271244
train,0.5181611527587476,0.5187170888202896,0.5179201924232343,,0.0005559360615419173,-0.0002409603355133516
train,0.4494149982392876,0.4488650753732864,0.4513289608814167,,-0.0005499228660011957,0.001913962642129119
train,0.627222103344439,0.6313545495420808,0.6318832900476259,,0.004132446197641859,0.004661186703186937
train,0.5459386317139223,0.5452184460741049,0.5641001352618517,,-0.0007201856398174611,0.018161503547929336
train,0.546390421771388,0.5548591661059196,0.5698084216641355,,0.008468744334531597,0.02341799989274751
train,0.7019687879082247,0.7069483775764215,0.6953230529531663,,0.004979589668196782,-0.00664573495505838
train,0.5684948905977437,0.5688596710271878,0.5775170124588277,,0.0003647804294441004,0.009022121861083976
train,0.587646202631908,0.5853944379177874,0.595003143557865,,-0.0022517647141205854,0.007356940925956956
train,0.7601714703215897,0.7651071023640683,0.7512425328726033,,0.004935632042478599,-0.008928937448986374
train,0.7599615380768097,0.7580649807507409,0.7505736011214824,,-0.0018965573260687485,-0.009387936955327247
train,0.4896887489873852,0.49117668262028963,0.4909574632366258,,0.001487933632904448,0.0012687142492406323
train,0.5063914220253605,0.5036348121093727,0.5046321324866586,,-0.0027566099159878066,-0.0017592895387018581
train,0.5357951013951792,0.5350242399926001,0.5261634485598266,,-0.0007708614025790927,-0.009631652835352611
train,0.4832974950323677,0.4809471581153957,0.48669098599388916,,-0.0023503369169720068,0.0033934909615214726
train,0.6487518880400405,0.6548988254881342,0.6484145600901227,,0.006146937448093692,-0.00033732794991780946
train,0.6376693636594385,0.6364642639670298,0.6433215462580149,,-0.0012050996924086732,0.005652182598576361
train,0.6639325016219001,0.6641213377565318,0.6707334828698478,,0.00018883613463172022,0.006800981247947702
train,0.7548075978903839,0.7397095243287931,0.7337805966700451,,-0.015098073561590764,-0.021027001220338737
train,0.5187619143659382,0.5194780501816638,0.5158654342331419,,0.0007161358157256048,-0.0028964801327963086
train,0.6609412193192301,0.658817501151134,0.6621704373322813,,-0.0021237181680960893,0.0012292180130512032
train,0.5243394592827599,0.5265405709287171,0.5199108245932631,,0.0022011116459571545,-0.004428634689496835
train,0.5214659400965268,0.5213140600154011,0.5345938027297518,,-0.00015188008112565488,0.013127862633224963
train,0.677134782482391,0.6856202571085918,0.6781486650981122,,0.00848547462620075,0.0010138826157212177
train,0.5954154279007537,0.59687875304511,0.5820048644613254,,0.001463325144356209,-0.013410563439428369
train,0.6910211718456907,0.6467881191926882,0.6668521697556627,,-0.04423305265300248,-0.024169002090027925
train,0.5192191528534623,0.5210493967633079,0.5136344488053247,,0.0018302439098455414,-0.005584704048137601
train,0.7624060786092106,0.7335454087275549,0.72268843172822,,-0.0288606698816557,-0.039717646880990665
train,0.4676249031406481,0.4686682697898797,0.4664625799655233,,0.001043366649231603,-0.0011623231751247687
train,0.5216807142366151,0.5218229370429659,0.521672369376893,,0.0001422228063507891,-8.34485972212029e-06
train,0.6366342471422486,0.8281885174766633,0.7147972949927371,,0.19155427033441474,0.07816304785048855
train,0.5027331838933525,0.5005432275498433,0.503636061191627,,-0.0021899563435092695,0.0009028772982744293
train,0.5095323953221274,0.5091505839030376,0.5093868976931618,,-0.00038181141908977256,-0.00014549762896554075
train,0.680919509333404,0.6821945708263771,0.6900155698435868,,0.001275061492973184,0.009096060510182857
train,0.4181214066471858,0.41689246323012824,0.42185613729006705,,-0.0012289434170575375,0.0037347306428812677
train,0.6450970979180802,0.6478023117387681,0.646295820034031,,0.0027052138206878906,0.0011987221159507344
train,0.8192293371114002,0.8132403569005984,0.7983345728411868,,-0.005988980210801853,-0.020894764270213417
train,0.6535947727994106,0.654362889521634,0.6577631066399249,,0.0007681167222234331,0.004168333840514293
train,0.4798755995077383,0.4818648677845556,0.48057396393004465,,0.0019892682768173353,0.0006983644223063634
train,0.6387280033970116,0.6397227586423037,0.6420350463667731,,0.0009947552452920227,0.0033070429697614756
train,0.4840259177114663,0.4817339296385566,0.48591414450913434,,-0.002291988072909701,0.0018882267976680356
train,0.7178843808009655,0.7112090211592486,0.7027130343196027,,-0.006675359641716949,-0.015171346481362757
train,0.4339911910693518,0.4329017957368496,0.4317959712049448,,-0.0010893953325021855,-0.0021952198644070164
train,0.6629693543917687,0.645999109598768,0.6382101861777463,,-0.01697024479300069,-0.024759168214022464
train,0.4947620664159832,0.4935849247397469,0.48340901546265563,,-0.0011771416762362819,-0.01135305095332756
train,0.6808179737053724,0.6823588918891432,0.6757324651655996,,0.0015409181837707786,-0.005085508539772854
train,0.5165078637657923,0.518197814547664,0.5104141043101804,,0.0016899507818717296,-0.006093759455611858
train,0.5810451137096445,0.5734664579890062,0.5826739238360044,,-0.0075786557206383165,0.0016288101263598476
train,0.4612788928133852,0.4583253966626007,0.46300300103166825,,-0.002953496150784496,0.0017241082182830603
train,0.5717943988053913,0.5713817516096681,0.5855793967713765,,-0.00041264719572320363,0.013784997965985202
train,0.5528783795269923,0.5511132737690781,0.5583777040858268,,-0.0017651057579141094,0.005499324558834506
train,0.505603768739368,0.5054851888097335,0.509173673008094,,-0.00011857992963448805,0.003569904268726054
train,0.5891774370414343,0.5761897932853242,0.5819089317597391,,-0.012987643756110168,-0.007268505281695203
train,0.4516408004036961,0.4519753325536995,0.46067559154369186,,0.0003345321500033971,0.00903479113999578
train,0.5388907060171968,0.5378546385758605,0.537226059874885,,-0.0010360674413363302,-0.0016646461423117653
train,0.6362925577303067,0.6400996486505746,0.633173720353702,,0.003807090920267875,-0.0031188373766046773
train,0.4955463631672178,0.49139049052822514,0.4982735742836986,,-0.0041558726389926415,0.002727211116480832
train,0.6223593122097488,0.6229566594040747,0.6178546202330069,,0.0005973471943259145,-0.00450469197674197
train,0.4763948025402736,0.47527137872030484,0.47775656336149935,,-0.0011234238199687718,0.0013617608212257437
train,0.549411584153893,0.5489271287737153,0.5415703163180905,,-0.0004844553801777174,-0.007841267835802523
train,0.5759901990537801,0.5784273140494245,0.579755003607008,,0.0024371149956443627,0.0037648045532279184
train,0.5432199261324892,0.5576577771129897,0.5525276055709547,,0.014437850980500544,0.009307679438465555
train,0.489219155536309,0.49371878094373267,0.49813027486941946,,0.0044996254074236575,0.008911119333110451
train,0.6230576915154726,0.6311957798825888,0.6275934390671675,,0.008138088367116159,0.004535747551694835
train,0.5849380587304507,0.5814876102052549,0.5883561431051292,,-0.003450448525195826,0.0034180843746784983
train,0.5390870084481186,0.5415448738254961,0.524894592243179,,0.002457865377377466,-0.014192416204939606
train,0.5622723332037136,0.563208468514742,0.5960073712386927,,0.0009361353110284298,0.033735038034979126
train,0.6082876788671142,0.6062463129155877,0.6180996954693898,,-0.002041365951526486,0.009812016602275597
train,0.5096689738613396,0.5112212357263135,0.51549131113196,,0.001552261864973925,0.005822337270620426
train,0.7047956741568163,0.7019755718155557,0.6769616918767929,,-0.002820102341260622,-0.027833982280023428
train,0.7296252174118225,0.7382066666606836,0.7115989373241137,,0.008581449248861062,-0.01802628008770879
train,0.6618655939883369,0.6688480001798447,0.6780732431622281,,0.006982406191507806,0.01620764917389117
train,0.558400668112645,0.5619615773847934,0.5663045270676438,,0.0035609092721483604,0.007903858954998788
train,0.6012526087696539,0.5979264386921659,0.5988056862959343,,-0.003326170077488033,-0.0024469224737195816
train,0.3951662615123422,0.3884608168120693,0.4024263573494876,,-0.0067054447002729,0.0072600958371454305
train,0.7471654684952278,0.7446127853218616,0.7418913159031066,,-0.0025526831733662103,-0.005274152592121162
train,0.5791527547789981,0.579663924478764,0.5776833171365395,,0.0005111696997659454,-0.0014694376424585487
train,0.4362739191912277,0.4358849713163767,0.4418337402589481,,-0.0003889478748509978,0.005559821067720405
train,0.905844991495894,0.9180640873678756,0.8855638250083332,,0.012219095871981556,-0.020281166487560842
train,0.6451937462059664,0.6460641748067688,0.6463148466200175,,0.000870428600802442,0.0011211004140511127
train,0.6757492675018552,0.6791277824138021,0.6793793324909607,,0.0033785149119469615,0.0036300649891055636
train,0.6018737568546356,0.6007637529586891,0.6056874533745423,,-0.0011100038959465097,0.0038136965199067063
train,0.5222564232211115,0.5238266794037061,0.5297013776486563,,0.0015702561825945427,0.007444954427544781
train,0.6546008377160211,0.6548018821273012,0.652141674538434,,0.00020104441128010464,-0.002459163177587098
train,0.6021310319078418,0.6047842618950042,0.608323368672344,,0.002653229987162442,0.00619233676450226
test,0.5335128407332748,0.5336954859272464,0.5348351341237013,0.021403132619246874,0.00018264519397159784,0.0013222933904265544
test,0.5079454962987657,0.5072109219297749,0.4947811497856267,0.013214548204427697,-0.0007345743689908257,-0.013164346513139025
test,0.5011068761184378,0.5035067280342905,0.5186707675127357,0.01259495650612568,0.00239985191585268,0.017563891394297815
test,0.4984059083017057,0.5265008786122081,0.5185222483051123,0.014981836274092435,0.028094970310502343,0.020116340003406563
test,0.5869043799358022,0.5969865751104834,0.5721491539675169,0.012643482674328042,0.010082195174681119,-0.01475522596828538
test,0.6536811003698976,0.646984486529968,0.6946349171752033,0.011837591070241987,-0.006696613839929588,0.04095381680530574
test,0.5821119678654105,0.5803859855081777,0.5959109731568218,0.011020416468220036,-0.0017259823572328692,0.013799005291411315
test,0.5222664105903206,0.5259721844142136,0.5312745213045201,0.015849011209446446,0.0037057738238929216,0.009008110714199491
test,0.5038574932554543,0.5058803153459916,0.481189096544066,0.01464077797202172,0.0020228220905373906,-0.02266839671138826
test,0.4963206319820705,0.5010908918058654,0.48293721045652444,0.01553875998294916,0.00477025982379492,-0.013383421525546058
test,0.4372451052919525,0.4387499221288368,0.44224809984300956,0.015248500132605647,0.001504816836884304,0.005002994551057072
test,0.6142816085472248,0.6111606197115061,0.6118826831734361,0.011024353621204802,-0.003120988835718652,-0.0023989253737887184
test,0.4712695145201895,0.46965108112831294,0.4726784162600405,0.014125473465383035,-0.0016184333918765614,0.0014089017398509762
test,0.7375310793262468,0.8486185101123978,0.8135695016501302,0.01149535674470115,0.11108743078615091,0.07603842232388336
test,0.5860420004573625,0.5817470111424863,0.5486344320133344,0.01383301960690789,-0.004294989314876263,-0.03740756844402815
test,0.5373466012859871,0.5416563619777578,0.5310257831567927,0.015245993181349003,0.004309760691770692,-0.006320818129194383
test,0.5976713657550364,0.598268690185565,0.5680373109155394,0.017193250000324956,0.0005973244305286229,-0.029634054839496993
test,0.4911693488169369,0.4808832429399675,0.5005841828683066,0.013853384747872167,-0.010286105876969431,0.009414834051369725
test,0.4744084176521007,0.4750170402128867,0.47732803263915785,0.014761244054128798,0.0006086225607860318,0.002919614987057173
test,0.6425158887075302,0.6526717425629271,0.6760570360320654,0.011400205983621525,0.010155853855396968,0.03354114732453517
test,0.8203235870059713,0.8218985581026497,0.7644148398583354,0.012802673877378202,0.001574971096678368,-0.05590874714763594
test,0.5267401948321301,0.5277303187816812,0.4974528732249406,0.013411776829375352,0.0009901239495511138,-0.029287321607189498
test,0.6285528644155002,0.6074573623091918,0.624530041899427,0.01163997163004704,-0.021095502106308395,-0.004022822516073221
test,0.5210673233059067,0.518053158393814,0.5087641786493293,0.01581136822348919,-0.0030141649120926095,-0.012303144656577336
test,0.530239250338268,0.5280914204904227,0.533782988652776,0.012570931344742632,-0.0021478298478453395,0.003543738314507938
test,0.6682061838914632,0.6776786216607641,0.7391133569403469,0.012115133022806307,0.009472437769300845,0.07090717304888361
test,0.5121107489137263,0.5131174326599076,0.5066691748965395,0.013674914999200054,0.0010066837461812916,-0.005441574017186812
test,0.623343803365597,0.6227088847921242,0.6644521323612527,0.011152930806903459,-0.0006349185734728646,0.04110832899565564
test,0.5889247198684506,0.5936163528773043,0.5751369369587057,0.024099019820816796,0.004691633008853668,-0.013787782909744917
test,0.4426292573414037,0.41431633897722797,0.4551886800532001,0.018973640050318454,-0.02831291836417571,0.012559422711796442
test,0.4452298478916322,0.44582470260001855,0.4428434625714617,0.01465200053118791,0.0005948547083863276,-0.0023863853201705476
test,0.4606781115006687,0.4687508224143498,0.4733758870881368,0.013287139067860285,0.008072710913681114,0.012697775587468152
test,0.3939654714634031,0.3960778748427489,0.40923240291721175,0.013641098494271035,0.0021124033793458175,0.015266931453808641
test,0.6680102434847202,0.67371445889338,0.6609235049609178,0.010942664288979958,0.005704215408659841,-0.007086738523802372
test,0.4957315939850188,0.49148412552489085,0.521130742990418,0.013828102695896991,-0.004247468460127968,0.025399149005399135
test,0.6460258744113337,0.6457369661810048,0.66253637453174,0.010926840013744787,-0.00028890823032889923,0.016510500120406224
test,0.6344630593215163,0.647068491413543,0.6092750494780985,0.01433045710375165,0.012605432092026692,-0.025188009843417736
test,0.4175991656011656,0.41713785174450047,0.44259818743598783,0.01630771770057752,-0.00046131385666514646,0.02499902183482222
test,0.4264731734313526,0.4202516819216702,0.426876799935135,0.014322445564228709,-0.006221491509682431,0.00040362650378239495
test,0.5192690443000078,0.524927414659487,0.5117952419641899,0.015938548311508042,0.005658370359479248,-0.007473802335817847
test,0.5605877695041984,0.5623954468427778,0.5612789670101668,0.015408491107793916,0.0018076773385793388,0.000691197505968355
test,0.5619303526791731,0.5628553023873648,0.5586611205123164,0.013246478489035594,0.0009249497081916802,-0.003269232166856706
test,0.6527345636588833,0.6522859449931575,0.6455962138271123,0.010955510849358448,-0.00044861866572576403,-0.007138349831770974
test,0.5718611761690138,0.5832320061793006,0.5885145807281579,0.013761079117514473,0.011370830010286825,0.016653404559144103
test,0.7207690608257804,0.7194534794462069,0.7289554143014741,0.011932445058480737,-0.0013155813795735494,0.008186353475693742
test,0.5750557967666842,0.5812936518886513,0.5454231934416838,0.014859757952511073,0.006237855121967173,-0.029632603325000395
test,0.4389210600706738,0.4403691856111279,0.42518763897775547,0.014239355094930977,0.0014481255404541482,-0.013733421092918308
test,0.5147632490145557,0.535245724632849,0.517371749435589,0.01783292263204303,0.020482475618293305,0.002608500421033222
test,0.4541984323543113,0.4569178190803924,0.4916061059715818,0.014823586839526852,0.00271938672608113,0.03740767361727049
test,0.7013161394578273,0.7097603141413266,0.7008019353068126,0.011448786496474888,0.008444174683499228,-0.0005142041510147743
test,0.6530933681898953,0.6559395634037432,0.6816533153647842,0.011527556750349353,0.0028461952138478797,0.028559947174888967
test,0.6474931357715914,0.6473358167141666,0.6407716100044385,0.011102249007581014,-0.00015731905742477625,-0.006721525767152903
test,0.4584581588383686,0.45963757049859677,0.46614655958658,0.016940126987842,0.001179411660228169,0.007688400748211421
test,0.5817857490734494,0.5745249262556246,0.5723203130860918,0.016064555561763113,-0.007260822817824808,-0.009465435987357607
test,0.578026361421448,0.5763040978146404,0.5998396162793286,0.011196314441165959,-0.0017222636068076058,0.02181325485788055
test,0.7128391794077202,0.7158688761507226,0.6945171940320428,0.011313785924321428,0.0030296967430023525,-0.01832198537567742
test,0.4863477698865034,0.4873626495547214,0.4949655798862423,0.019717087186618035,0.001014879668218005,0.008617809999738879
test,0.5429994040283052,0.54231714641681,0.5227195358616262,0.01618268614509989,-0.0006822576114952073,-0.020279868166678927
test,0.5166647452881206,0.5166617705271676,0.5224474515391564,0.01412541104714601,-2.974760953011746e-06,0.00578270625103583
test,0.5608796271755243,0.5713371041018667,0.5521465482551654,0.014040840591983213,0.010457476926342357,-0.008733078920358905
test,0.468801164623822,0.4496723236109387,0.47312542790034134,0.014024067445185194,-0.019128841012883313,0.004324263276519358
test,0.464018044608371,0.4634232769376394,0.4472471322076668,0.012363015018731762,-0.0005947676707315774,-0.016770912400704163
test,0.5935585057550613,0.5956144962997962,0.5852759067395991,0.010963515872057853,0.0020559905447349314,-0.008282599015462244
test,0.7066961858730492,0.6916291787184285,0.7236447860088369,0.01099066139618424,-0.015067007154620615,0.016948600135787695
test,0.4568316624336228,0.45812424440326877,0.46880624473474475,0.015352933570322752,0.0012925819696459895,0.011974582301121972
test,0.4612096167912071,0.4663380204662647,0.4446663706384914,0.015024828202036326,0.0051284036750576245,-0.016543246152715685
test,0.8143724832167054,0.7424710789959136,0.6886848003220158,0.026054821278553172,-0.07190140422079183,-0.12568768289468957
test,0.7065144022417362,0.7007996741395918,0.7040527734459722,0.011256484652190998,-0.005714728102144462,-0.0024616287957640592
test,0.4959659037311236,0.49754141581433414,0.4980559028806496,0.012714786574497289,0.0015755120832105507,0.0020899991495260117
test,0.4720207323969476,0.48732428582536486,0.5066562659776371,0.013485748602637565,0.015303553428417271,0.03463553358068955
test,0.780773770877509,0.7813807356048823,0.7704141833781233,0.011456923739444864,0.0006069647273733159,-0.010359587499385703
test,0.5107589294585304,0.5054642383143279,0.5093897596708985,0.017458428340393687,-0.005294691144202557,-0.0013691697876319076
test,0.7476779677428605,0.7251393232326176,0.7284266582910166,0.01250421311734546,-0.0225386445102429,-0.019251309451843945
test,0.4813928375567149,0.46156079338355904,0.528564887146239,0.02229755439240088,-0.01983204417315587,0.047172049589524034
test,0.4586166335079517,0.4612741166279028,0.46779812701566115,0.01577428750341771,0.0026574831199511206,0.00918149350770947
test,0.6639748361509132,0.6659117090878721,0.6712728053366173,0.011134598348757907,0.0019368729369588777,0.007297969185704023
test,0.5762970665384499,0.5764070165767853,0.5798786196529154,0.011148599667705001,0.00010995003833536021,0.0035815531144655077
test,0.9262860090697156,0.9019890355910343,0.8417153406735093,0.011338199541701883,-0.024296973478681316,-0.0845706683962063
test,0.6105844182859821,0.612393097436317,0.6004535704877109,0.011156307426536444,0.001808679150334891,-0.010130847798271225
test,0.7567151677018817,0.7541976013060767,0.7435554561102689,0.010912263322647072,-0.0025175663958050265,-0.013159711591612888
test,0.5879076150780361,0.5934470394541486,0.5961025011588263,0.011316324534873842,0.005539424376112434,0.00819488608079022
test,0.6271403121520007,0.6227674544271895,0.6288797721651347,0.0109556809192391,-0.004372857724811219,0.0017394600131339644
test,0.6388138758145675,0.6477829825779544,0.6449135613832941,0.011437235111390366,0.008969106763386914,0.006099685568726643
test,0.4799838078955133,0.48427451197915,0.48925212073242863,0.015544949404927975,0.004290704083636687,0.009268312836915316
test,0.5781482228466652,0.5699229031098311,0.6001534102092541,0.010980760542517402,-0.008225319736834158,0.02200518736258883
test,0.5618422382917581,0.5533958016044789,0.6008121074375818,0.011239328699623654,-0.00844643668727918,0.03896986914582379
test,0.5144796598081204,0.5098380343905159,0.5112871738377903,0.012935353524516776,-0.004641625417604489,-0.003192485970330061
test,0.4808556926999534,0.48095793879963367,0.4745245168461985,0.014084658065386453,0.00010224609968029208,-0.006331175853754867
test,0.5017814240880077,0.5009022481814623,0.5131420260870772,0.013179454489735773,-0.0008791759065454041,0.011360601999069408
test,0.6143376113026808,0.6211013016599433,0.5355952967986369,0.025540382664849825,0.006763690357262431,-0.0787423145040439
test,0.6869606721285605,0.6898470931852989,0.6612396753870116,0.010904527658072719,0.0028864210567384196,-0.02572099674154893
test,0.4919780184071607,0.48080842515010314,0.4919059760680169,0.015299740814954029,-0.011169593257057575,-7.204233914381852e-05
test,0.6580114370886132,0.6598170502080108,0.6491041457885512,0.010882196360117193,0.0018056131193976421,-0.008907291300061959
test,0.498591124456761,0.4944426127174974,0.5029278101806403,0.01360629542847992,-0.004148511739263616,0.004336685723879241
test,0.4718567834548925,0.4875154781575809,0.4932369739690883,0.014118723668124316,0.01565869470268838,0.021380190514195763
test,0.4046567781720766,0.40405400034855177,0.422762975583258,0.013639815913330309,-0.0006027778235248582,0.018106197411181357
test,0.6457029046121937,0.6468045059679378,0.5903471140314654,0.0126708123899009,0.0011016013557441084,-0.05535579058072826
test,0.6873721765308511,0.6938614372274773,0.6750625484693027,0.012693405283751224,0.006489260696626142,-0.01230962806154845
test,0.5640086082149509,0.5599747401237383,0.5874433417581371,0.011452566158320493,-0.0040338680912126446,0.023434733543186148
test,0.5560896755230488,0.5521379600568458,0.5250606400675063,0.014064875964412724,-0.003951715466202987,-0.031029035455542475
test,0.5378266715305072,0.5518696878756832,0.5691835316261569,0.01451754961309586,0.014043016345176018,0.03135686009564964
test,0.482537855193861,0.4780782296514404,0.4924332245554434,0.012863461705406984,-0.0044596255424205755,0.009895369361582418
test,0.4593915583562993,0.47229930145123855,0.457123952464913,0.019662013514304716,0.01290774309493925,-0.002267605891386304
test,0.4292558802903921,0.43040588035679683,0.4477369551911694,0.013381681174860254,0.001150000066404755,0.018481074900777328
test,0.5103936761158068,0.5224633465386218,0.46751859052628186,0.016017679907260093,0.012069670422815038,-0.04287508558952491
test,0.5751177510190514,0.5769847126778095,0.5762453985967549,0.012138371261220079,0.001866961658758104,0.001127647577703561
test,0.4275611771405927,0.4219654631095281,0.436905842373319,0.013315126540399522,-0.005595714031064625,0.009344665232726257
test,0.4672162499878237,0.4706973203906254,0.4734292527902378,0.01421183222432899,0.0034810704028017114,0.006213002802414103
test,0.425699744403918,0.4258669369151032,0.4364223081001024,0.012451971790565067,0.00016719251118518796,0.010722563696184406
test,0.7691891564511071,0.7798399103925299,0.7441534967843602,0.011572779604852534,0.010650753941422786,-0.025035659666746923
test,0.7175082285852088,0.7129265358893024,0.7366346274543769,0.011410987106136167,-0.004581692695906359,0.019126398869168115
test,0.4176715207828651,0.41359046609171846,0.4206375986286325,0.014392554502723262,-0.004081054691146668,0.0029660778457673564
test,0.6704738203709454,0.6666235825711901,0.7023936679544887,0.011486600854244626,-0.0038502377997552406,0.03191984758354327
test,0.6166739328211975,0.6145013390458269,0.6302580978583214,0.011127991892550893,-0.0021725937753706015,0.013584165037123896
test,0.4941501571736769,0.4746241450692884,0.489253517805591,0.015259536700108132,-0.01952601210438848,-0.0048966393680858755
test,0.6854450588646543,0.6827302884721459,0.629315678049267,0.011023259440245086,-0.0027147703925084476,-0.05612938081538732
test,0.5332303317702696,0.5357109516492702,0.5309076215540698,0.01222850035237896,0.0024806198790006118,-0.002322710216199786
test,0.6124202538833379,0.6398157023329079,0.5914754853826757,0.020017856261745706,0.02739544844956998,-0.02094476850066218
test,0.4151135306004814,0.4285030692070382,0.4209559664315536,0.01817518860167374,0.013389538606556783,0.00584243583107219
test,0.5108808802992038,0.5138712848013364,0.524361773593467,0.01361796650648237,0.0029904045021326153,0.013480893294263274
test,0.5831716563751257,0.5839146769033924,0.5611178566566497,0.014514347968417373,0.0007430205282666913,-0.022053799718475986
test,0.651588953193641,0.6548893458381976,0.6594627583436791,0.01147786866904456,0.0033003926445566156,0.007873805150038105
test,0.6055584745531629,0.5953752493387809,0.5874424444882649,0.015381613981411475,-0.010183225214381975,-0.018116030064898037
test,0.4985617598297133,0.49761060753841624,0.49377160468697384,0.012673858864239088,-0.0009511522912970527,-0.0047901551427394495
test,0.6424862066532269,0.6495958477770423,0.6348635893330113,0.011022836428542087,0.007109641123815402,-0.007622617320215519
test,0.5259817063053536,0.5289266169286876,0.5435293986985145,0.013733664038352977,0.0029449106233340183,0.017547692393160896
test,0.5338392001953449,0.5259894687208791,0.5166113425258765,0.013016395489903052,-0.007849731474465771,-0.017227857669468438
test,0.5940495994752188,0.5825605393610359,0.5918456282976804,0.024619425761089674,-0.011489060114182936,-0.002203971177538455
test,0.4719558320731201,0.4698571724369685,0.4842004080818528,0.014073605012647006,-0.0020986596361515786,0.012244576008732688
test,0.4782192469782557,0.48836415551137424,0.4864544832290201,0.014171069185861265,0.010144908533118557,0.008235236250764388
test,0.4054753936155693,0.40497333544117253,0.42161034117580043,0.016359184523898153,-0.0005020581743967467,0.01613494756023115
test,0.6132330425713437,0.6120124225830216,0.6432258678754883,0.011088712430853414,-0.0012206199883221247,0.0299928253041446
test,0.7224165159988994,0.7219213464972352,0.7415047515360196,0.01133735824484508,-0.0004951695016642832,0.019088235537120135
test,0.6414821255386142,0.6507263529045513,0.669394286134148,0.010953388921517263,0.009244227365937108,0.027912160595533808
test,0.4373358142988391,0.4427005780440839,0.43700521507509066,0.01588975901871945,0.005364763745244805,-0.0003305992237484512
test,0.5726441849991932,0.6311280613175315,0.6813501525425628,0.020721969782159,0.05848387631833829,0.10870596754336959
test,0.448629355015936,0.4421263300718482,0.4613358743231234,0.014531020730214868,-0.006503024944087776,0.012706519307187414
test,0.7052286622973339,0.6931465362799676,0.675669004471382,0.011446642710182038,-0.012082126017366357,-0.029559657825951935
test,0.4546114002296325,0.4547155434998924,0.46061034433524134,0.01289135011733455,0.00010414327025992653,0.005998944105608861
test,0.5519060402857334,0.5609030561650277,0.5638327388532236,0.025038687564362377,0.008997015879294246,0.01192669856749018
test,0.5994135898278263,0.6010982951832112,0.5978123789519829,0.010978379843514663,0.0016847053553848967,-0.0016012108758434174
test,0.4615665930381882,0.4642837625943319,0.4783750247339531,0.01875470276034564,0.002717169556143706,0.016808431695764903
test,0.4419694375561042,0.4322201164570376,0.45497281993197497,0.013741413327213788,-0.009749321099066566,0.013003382375870787
test,0.8251511618565655,0.79318678353434,0.6826868892534839,0.02088053092826933,-0.03196437832222543,-0.1424642726030816
test,0.5403352644400703,0.5404739336545323,0.5389108516910476,0.014253663068080008,0.0001386692144620394,-0.0014244127490227187
test,0.5171711480807802,0.5623777089867894,0.5970720969317294,0.015864277995250864,0.04520656090600916,0.07990094885094912
test,0.4824220537741115,0.4709662182759041,0.49427725281119916,0.014971645477175236,-0.01145583549820739,0.01185519903708765
test,0.7992086612464615,0.7888135949413174,0.8015715374045775,0.011523143277550562,-0.010395066305144085,0.002362876158116034
test,0.4353575944110812,0.43829255044102056,0.4342579188975159,0.013170971134927616,0.002934956029939373,-0.001099675513565268
test,0.422165882031245,0.4253123257408926,0.44228576106252804,0.016070930818043328,0.003146443709647617,0.02011987903128304
test,0.6167739882313183,0.6216099166293968,0.6079324955886518,0.01552624919933161,0.004835928398078448,-0.008841492642666537
test,0.6647090927148676,0.6606179251781418,0.628446627085898,0.01417858507588671,-0.004091167536725782,-0.03626246562896951
test,0.7793223262402886,0.7788063085397247,0.7690710586986882,0.011060083663075988,-0.0005160177005639754,-0.01025126754160044
test,0.4910068936409028,0.4935423920517803,0.4890105583362512,0.012126498956703159,0.0025354984108775236,-0.0019963353046515975
test,0.4504540681045136,0.45326045216417193,0.44298001339893794,0.018448443980996897,0.002806384059658329,-0.007474054705575661
test,0.6869081095308218,0.6942013116400284,0.7003455131381511,0.01113270040297716,0.007293202109206587,0.013437403607329257
test,0.7635498454860361,0.7596918509416395,0.7019384214499668,0.011302077958114819,-0.0038579945443966146,-0.06161142403606934
test,0.4533755723685512,0.45333403262014926,0.46285258393302686,0.015352161665980713,-4.1539748401930865e-05,0.009477011564475668
test,0.6202526863465517,0.6257515610457519,0.6353215909496909,0.011046221791193786,0.005498874699200185,0.015068904603139144
test,0.5065368329298401,0.508119656199607,0.4848119174701276,0.012417780503009006,0.0015828232697668865,-0.0217249154597125
test,0.6417482838411672,0.6533452641700555,0.6653156067136734,0.011121250898746248,0.011596980328888229,0.02356732287250618
test,0.5679881317846285,0.5796958399799828,0.579788744688235,0.014420363453475754,0.011707708195354272,0.011800612903606567
test,0.646714822754671,0.6439826974483874,0.6423746866105612,0.011353341892879228,-0.0027321253062835282,-0.004340136144109774
test,0.4978610756072451,0.4839733271142441,0.5026139359888824,0.014526890913033014,-0.013887748493000951,0.004752860381637303
test,0.7301521730102991,0.7349041285324567,0.7084037403096866,0.010916601125057261,0.004751955522157569,-0.021748432700612552
test,0.8183357768261271,0.8181001069174977,0.7986799481923904,0.01151289855905461,-0.00023566990862944337,-0.019655828633736716
test,0.4088713549084135,0.40501070164969266,0.42772504728877775,0.01377295252818041,-0.0038606532587208142,0.018853692380364273
test,0.6774302786457095,0.6656639629723032,0.6651523381362795,0.01175462203860105,-0.011766315673406247,-0.012277940509429985
test,0.4396598298223456,0.44822186927607344,0.4563206093124578,0.012965069245559976,0.008562039453727854,0.016660779490112243
test,0.4933087067329195,0.49464741078697366,0.4806592176035278,0.015531972150750556,0.001338704054054174,-0.012649489129391678
test,0.5362904633654998,0.5359943763913524,0.5488488188169924,0.012110709381535164,-0.0002960869741474026,0.012558355451492642
test,0.8462123556822301,0.8378350807215993,0.7633239225876493,0.01215680809694048,-0.008377274960630787,-0.08288843309458083
test,0.4938887160008621,0.4970850813270191,0.49905921287614086,0.013154376611637134,0.0031963653261570246,0.005170496875278763
test,0.5621299232682753,0.5583215690208191,0.6068538924183513,0.01097114431858718,-0.0038083542474561805,0.04472396915007604
test,0.4767104469579862,0.504956523744965,0.4835382108765187,0.01583359857988733,0.028246076786978824,0.0068277639185325145
test,0.4983132523849014,0.5197214216004692,0.5763333852533473,0.015200674683902399,0.02140816921556782,0.07802013286844595
test,0.6927735516398126,0.689142312878746,0.6601109731595804,0.011262841791604226,-0.003631238761066524,-0.03266257848023213
test,0.543365585769631,0.5350069916858341,0.5334508013335568,0.01651780275915378,-0.00835859408379691,-0.009914784436074187
test,0.4993432285107563,0.4855340674357909,0.49255377427474795,0.01258045497968262,-0.013809161074965381,-0.006789454236008352
test,0.5297429661141554,0.5355027335025575,0.5586281601413604,0.014532763821055662,0.005759767388402115,0.02888519402720502
test,0.5276034954068329,0.5269094298096445,0.5306436952661258,0.013815681661083642,-0.0006940655971884313,0.0030401998592928248
test,0.7016612310405259,0.6855587745245755,0.6734004470437878,0.017904293990359428,-0.016102456515950436,-0.028260783996738148
test,0.5791314789836575,0.577152426379444,0.5981861698335855,0.0109229169082613,-0.0019790526042134937,0.019054690849928058
test,0.4595351897039287,0.46232322387273156,0.4709735064881022,0.019342122600075843,0.0027880341688028554,0.011438316784173508
test,0.6312750282969786,0.6392971145699329,0.6447798987589174,0.011419963309129503,0.00802208627295431,0.013504870461938823
test,0.5148795929839367,0.523988280091208,0.4946843061321693,0.01312933042841215,0.009108687107271307,-0.020195286851767413
test,0.5330630228136557,0.5343998085160964,0.5332714999223251,0.015920036206173504,0.0013367857024406682,0.00020847710866944702
test,0.5158871456728914,0.517773487432872,0.5146341906068865,0.012754824827283337,0.001886341759980592,-0.0012529550660048683
test,0.5112925127758572,0.5146363965404719,0.5179681124417125,0.013597519472398586,0.003343883764614697,0.006675599665855292
test,0.5999462615221133,0.6035927252756342,0.6172757508002713,0.012951696771123088,0.0036464637535209565,0.017329489278158028
test,0.4538567115780582,0.44846982416395004,0.45934313510758296,0.012681201790099069,-0.0053868874141081435,0.005486423529524775
test,0.5870287753368607,0.5880257080406448,0.5391252822364462,0.014006776020965025,0.0009969327037840925,-0.04790349310041453
test,0.4637672220693704,0.46581399125935913,0.4656482208877587,0.013819523144776356,0.002046769189988751,0.0018809988183883242
test,0.5621581417334597,0.5609185220030868,0.5487853195616759,0.014790231667202416,-0.0012396197303728984,-0.013372822171783816
test,0.5346045432532744,0.5389507188797592,0.5103837937768159,0.015326956077483415,0.004346175626484761,-0.02422074947645858
test,0.4663152642246826,0.46641662274427187,0.47617832235424407,0.012838583142713475,0.00010135851958925635,0.009863058129561453
test,0.4726985206511539,0.47416239096872076,0.46109792170058495,0.014214004495832362,0.00146387031756684,-0.011600598950568974
test,0.6026779401006734,0.6053273659041984,0.6051146576666523,0.011602092236248028,0.0026494258035250073,0.002436717565978852
test,0.4765335086761789,0.4694590837387531,0.4797725323407798,0.01603791947162993,-0.007074424937425772,0.0032390236646009374
test,0.5285939450381771,0.4579698221846665,0.6166489837393945,0.025462041396701766,-0.07062412285351066,0.08805503870121734
test,0.445979783702604,0.47603199274877805,0.5434885074658824,0.016956814414137298,0.03005220904617406,0.0975087237632784
test,0.5621359835465364,0.559067587587779,0.5578610364148804,0.012854502461771508,-0.0030683959587574083,-0.004274947131655993
test,0.4714539636767336,0.4706266404964292,0.4662642019891865,0.012087807218248169,-0.0008273231803043735,-0.00518976168754709
test,0.4825914693326082,0.485355140778324,0.46881642862608236,0.013210346177010333,0.002763671445715765,-0.013775040706525854
test,0.6540786631851613,0.652830993851149,0.6781490638985944,0.011209787758314023,-0.0012476693340123246,0.024070400713433138
test,0.5137125440443653,0.5048997539522224,0.5201230679619635,0.013021834700442344,-0.008812790092142864,0.006410523917598221
test,0.737468146744054,0.7211076526571083,0.6976281013561038,0.011287490161479867,-0.01636049408694573,-0.039840045387950274
test,0.4880849226785646,0.48974985878552474,0.4887226280415555,0.01762415474845384,0.0016649361069601132,0.000637705362990848
test,0.7169810725402601,0.7272555924179515,0.7417415546328316,0.01124815912858801,0.010274519877691346,0.024760482092571534
test,0.6507356898356668,0.6523546996181745,0.6547340635872438,0.011008252436893521,0.0016190097825077299,0.003998373751577078
test,0.6397969145291942,0.6420561343412975,0.6333126233807992,0.011307557302738995,0.002259219812103308,-0.006484291148394994
test,0.6355697213969879,0.645152666167479,0.6656900088676707,0.011071150448183385,0.009582944770491153,0.03012028747068285
test,0.4546208123114654,0.45010377569956206,0.46258170485546385,0.012653564741968673,-0.004517036611903336,0.007960892543998455
test,0.4386975510089759,0.4390083384857284,0.43904696027011236,0.015284666770941471,0.0003107874767525054,0.00034940926113646853
test,0.4922186849730356,0.514491630987581,0.504912699879285,0.021274223319873078,0.02227294601454538,0.012694014906249385
test,0.5550836035269895,0.553241899213674,0.5490402623787479,0.014621953579666894,-0.0018417043133155397,-0.0060433411482415655
test,0.5869454618620552,0.5890204359278454,0.5916954305720777,0.016961827187529588,0.0020749740657901583,0.004749968710022534
test,0.5702929400420239,0.5703569803754303,0.6012173195976686,0.011272086979384692,6.404033340634552e-05,0.030924379555644643
test,0.5696938164756302,0.5748072844175274,0.5447240874468272,0.01291233584999302,0.005113467941897154,-0.02496972902880301
test,0.6448250798856853,0.6419705976650417,0.6354133812359143,0.011339958322904513,-0.0028544822206435505,-0.009411698649770983
test,0.7760365713510193,0.7735839833659527,0.7403118123207618,0.01109805338335601,-0.0024525879850666454,-0.035724759030257514
test,0.5698818807958885,0.5702988438612266,0.5604053272996685,0.014811110222754652,0.0004169630653381162,-0.009476553496220008
test,0.4424608798633906,0.4426781755260806,0.45301839687393325,0.014359067550159891,0.0002172956626899647,0.010557517010542639
test,0.5988817498919504,0.7826009822120932,0.7532436445659816,0.011466908996634002,0.18371923232014276,0.15436189467403116
test,0.5605833182032761,0.575880747289375,0.5514323131679719,0.015574519813346196,0.01529742908609888,-0.009151005035304194
test,0.8228702368858629,0.8182848620373998,0.7683506293701751,0.011530795219123258,-0.0045853748484631085,-0.05451960751568785
test,0.4975460829818095,0.4965655468841452,0.5084954342888569,0.013530748872588367,-0.0009805360976642974,0.010949351307047384
test,0.4499346652552504,0.4484434810112662,0.46435310426331644,0.014307938772276547,-0.0014911842439842005,0.014418439008066053
test,0.4172925844853989,0.41771666640840843,0.4274712083375701,0.013368720115630386,0.00042408192300952274,0.010178623852171165
test,0.4944015857815297,0.4840318541024646,0.5146283663953893,0.02123683713026423,-0.01036973167906513,0.02022678061385963
test,0.6642132262686932,0.659769857944489,0.6306375415934301,0.011076814252585797,-0.004443368324204222,-0.03357568467526306
test,0.591911676722158,0.5889022157704061,0.5638397025192211,0.012232256905153872,-0.003009460951751919,-0.028071974202936945
test,0.6221176100810307,0.620323913518681,0.6389085445869446,0.011226148019534199,-0.0017936965623497336,0.016790934505913846
test,0.7221629681951609,0.7316525080287691,0.6714418662973456,0.012079954332502967,0.00948953983360823,-0.05072110189781531
test,0.4735759195320107,0.4684608115845271,0.4753447509668929,0.013631519753649842,-0.005115107947483599,0.0017688314348821566
test,0.7423489915728484,0.7369315701855444,0.692723956021102,0.011169374653751552,-0.0054174213873039445,-0.049625035551746355
test,0.5281905496480923,0.5358914445331762,0.523829547600646,0.01316954947657884,0.007700894885083853,-0.004361002047446272
test,0.4660766420959978,0.46655057255650867,0.47954907880993913,0.015725379613028282,0.00047393046051086296,0.013472436713941327
test,0.6108790820665716,0.6440774774653514,0.6638524739901532,0.015322337101905678,0.03319839539877978,0.052973391923581636
test,0.6077755685912091,0.6097668725398027,0.6209387251454332,0.01101440387223054,0.0019913039485935924,0.013163156554224176
test,0.750683708514686,0.7457176053659011,0.738751240583498,0.011464647718302148,-0.004966103148784873,-0.011932467931188073
test,0.5864531137332364,0.5851729979489282,0.6069745120611221,0.011353989764697847,-0.0012801157843082,0.020521398327885687
test,0.4554206606739584,0.46477318010617646,0.4820701049668703,0.013430900955275741,0.009352519432218043,0.026649444292911884
test,0.6002456210757005,0.6028544703642112,0.6040859434308351,0.011100074325562708,0.002608849288510795,0.003840322355134651
test,0.4628570014836444,0.4614111677942557,0.4536839658023853,0.01303170249581039,-0.0014458336893886647,-0.0091730356812591
test,0.5748936998934403,0.5744630543373318,0.5629022002144816,0.012541774228331144,-0.00043064555610849986,-0.01199149967895874
test,0.528249962160934,0.5178992748160289,0.5120456838235462,0.013778259006513508,-0.010350687344905074,-0.0162042783373878
test,0.4662082911325936,0.4692448210007365,0.4822201437400276,0.013704828558239218,0.003036529868142901,0.016011852607433985
test,0.7637770174255953,0.7619296134648609,0.7689123063103043,0.01107278126475348,-0.0018474039607344617,0.005135288884708933
test,0.5720211570409218,0.5856426962062485,0.5014185110230066,0.01335088562400849,0.013621539165326713,-0.07060264601791522
test,0.589474967243434,0.5842687114067134,0.5932726492694903,0.011021571917707012,-0.005206255836720519,0.003797682026056348
test,0.4394045655429814,0.44223561465983335,0.45420249157379095,0.012993056823995413,0.002831049116851947,0.014797926030809538
test,0.7010917513949371,0.7022623493429724,0.6893787024774997,0.011232225573364583,0.0011705979480353124,-0.011713048917437408
test,0.4838276394842786,0.49360720450604545,0.5161037423849417,0.014834050864767424,0.009779565021766856,0.03227610290066313
test,0.5974786896396718,0.5955047231052711,0.5819066531093761,0.01645244755082393,-0.0019739665344006285,-0.015572036530295708
test,0.6490692496450701,0.655692470155786,0.6410434065789278,0.011865352639883874,0.006623220510715955,-0.00802584306614229
test,0.704710421469641,0.7112929327544086,0.7344475874076862,0.011128602327612586,0.0065825112847676115,0.029737165938045207
test,0.5095201982169288,0.5076748712974495,0.49868559527726736,0.0120121390144534,-0.001845326919479362,-0.010834602939661486
test,0.5096838421876481,0.5052682743062529,0.5156375917246095,0.01459350800722248,-0.004415567881395188,0.0059537495369614835
test,0.4904494490283443,0.48558347546713365,0.49123861699212523,0.014370818763363465,-0.004865973561210657,0.0007891679637809235
test,0.6438437085654041,0.6471903801877149,0.6490482120762568,0.010937378234316758,0.0033466716223108373,0.005204503510852776
test,0.7694641656757852,0.7697801891431344,0.7165065077069247,0.011245568139696778,0.000316023467349158,-0.05295765796886054
test,0.5277034237328654,0.5123194814141795,0.50925590982094,0.015057495405829952,-0.015383942318685895,-0.01844751391192534
test,0.6686260277264652,0.6599770068427518,0.6379889732777139,0.011057433588251531,-0.008649020883713332,-0.03063705444875131
test,0.6664416670274887,0.6670626422661398,0.6619150314222885,0.011178597107691807,0.0006209752386510115,-0.00452663560520028
test,0.4735347687760522,0.5177012899304403,0.4974265768301836,0.013076080863816543,0.04416652115438807,0.02389180805413138
test,0.482787667445878,0.48603641334350384,0.4781605410891962,0.012681120597963436,0.00324874589762586,-0.004627126356681777
test,0.7478832577373067,0.7458798993422507,0.7645464130603994,0.010971887202397447,-0.002003358395055943,0.016663155323092704
test,0.5050997904534382,0.5078821765557097,0.48674440375012107,0.01448805067463216,0.002782386102271439,-0.018355386703317156
test,0.4720916896769273,0.47257029943201256,0.46949962054943756,0.013082223670619923,0.0004786097550852908,-0.0025920691274897156
test,0.8283269077473777,0.8325043132710261,0.7787069326980893,0.011144886127409125,0.004177405523648425,-0.04961997504928839
test,0.6809332233406983,0.6750146316886302,0.6756142407833653,0.01135579930389759,-0.005918591652068095,-0.005318982557332985
test,0.6656961598960149,0.657126099730825,0.6427274277976076,0.011182256358375095,-0.008570060165189908,-0.02296873209840733
test,0.6622843242187627,0.6571955195008535,0.6470431035292133,0.01150787517571622,-0.005088804717909179,-0.015241220689549362
test,0.5781660433637156,0.5797313744581025,0.5763927842392629,0.0167141131206554,0.0015653310943869458,-0.0017732591244526974
test,0.7301373281208281,0.7385335323898237,0.7426856341869674,0.01099837573642871,0.008396204268995566,0.012548306066139325
test,0.4138891143648069,0.4157929650324664,0.4220694935948196,0.01392065980817284,0.001903850667659468,0.008180379230012691
test,0.6350502448811441,0.6425985908432695,0.6342635047510166,0.010915784835878531,0.007548345962125391,-0.0007867401301275834
test,0.4823730968378374,0.49250876624232465,0.46146189917264685,0.01574266189722961,0.010135669404487235,-0.020911197665190562
test,0.4871937974863394,0.48658044508600584,0.48897264148600483,0.012664840769531215,-0.0006133524003335555,0.001778843999665436
test,0.5379905951234638,0.5332306220299915,0.5358008182099258,0.01375227271139201,-0.004759973093472314,-0.002189776913538055
test,0.5874978794856681,0.5849342905347912,0.598685337618127,0.012069369211937315,-0.0025635889508769383,0.011187458132458916
test,0.5371319051069446,0.5389907206176996,0.5370121421924283,0.012831906749903513,0.001858815510754952,-0.00011976291451631926
test,0.704546136675914,0.7078805586555431,0.6734901181850629,0.011509885237212117,0.0033344219796290764,-0.031056018490851156
test,0.535964703596931,0.5446826240867217,0.5172605148666174,0.017096570017215065,0.008717920489790698,-0.018704188730313653
test,0.7736858805128265,0.7634148832646239,0.775196728123719,0.011141250719063134,-0.010270997248202574,0.001510847610892485
test,0.5540880291805597,0.5574491682670176,0.5387339638055276,0.014016216210021477,0.003361139086457965,-0.015354065375032033
test,0.4536029907132084,0.45641868935239904,0.49690731501254587,0.01722407017380565,0.0028156986391906225,0.04330432429933745
test,0.6883546671810207,0.6884123239741528,0.6820446535519262,0.01145455054439281,5.7656793132077055e-05,-0.006310013629094446
test,0.5133849572755859,0.5059378054574117,0.5083810610239251,0.014255087426174593,-0.007447151818174125,-0.0050038962516607555
test,0.456802872045749,0.4589026765672606,0.4721371196312947,0.013405134749975206,0.0020998045215115946,0.01533424758554569
test,0.9158221660952628,0.9042722103301349,0.8486270705128975,0.011460633676728569,-0.01154995576512785,-0.06719509558236525
test,0.4147597702038284,0.4168344031556301,0.42210108901069837,0.014043964177404845,0.002074632951801658,0.007341318806869945
test,0.6883482041384286,0.696016029058212,0.6737262669408355,0.011373792388020342,0.007667824919783461,-0.014621937197593082
test,0.5217624038161464,0.5268607220495786,0.5225901039413583,0.014184121213470614,0.005098318233432209,0.0008277001252119387
test,0.5858557457748826,0.577087062758389,0.550938155910712,0.015577870189701835,-0.008768683016493695,-0.034917589864170595
test,0.6932169580833833,0.6934264765022622,0.6703979112156938,0.010996854000414195,0.00020951841887884015,-0.02281904686768954
test,0.7471169401070239,0.7444895853434851,0.7598564149846959,0.011195086574429221,-0.002627354763538814,0.012739474877672019
test,0.5961387710567942,0.6077264125190937,0.6069412236441251,0.015884480440303585,0.011587641462299403,0.010802452587330813
test,0.4360264013623333,0.4381791800813727,0.44344490441476214,0.014085209997743146,0.0021527787190394054,0.00741850305242886
test,0.562038005665953,0.5601411261604946,0.5503783976028521,0.013164765860288554,-0.0018968795054583598,-0.011659608063100846
test,0.5573716770025815,0.552224569904045,0.5675674956430886,0.017099565951286616,-0.005147107098536496,0.010195818640507115
test,0.4333509851252989,0.43347379188928425,0.44547930763529653,0.01738855944841639,0.0001228067639853503,0.012128322509997624
test,0.7271167862945789,0.7267313653809422,0.6865579342066205,0.012550474763591786,-0.0003854209136366915,-0.0405588520879584
test,0.4952648426286719,0.4975673289550145,0.4957180509387344,0.014997771138540169,0.002302486326342612,0.00045320831006251394
test,0.6292435799990682,0.6271299052752245,0.6120721150810432,0.010868666066990402,-0.002113674723843717,-0.017171464918025015
test,0.5811541772845219,0.5854935098418413,0.5611949872649105,0.013601234876101953,0.004339332557319442,-0.01995919001961144
test,0.5167033899695009,0.5250574885694076,0.5192256144984961,0.014320895890718423,0.008354098599906656,0.0025222245289951983
test,0.5353902848163723,0.5356642344273429,0.5496151067069752,0.013492499426463163,0.000273949610970603,0.014224821890602923
test,0.4952278416202597,0.5037769170061468,0.500054921650003,0.01682743618671375,0.008549075385887117,0.0048270800297433025
test,0.6519105468485507,0.6561525244653352,0.6827229867421185,0.010925888994574362,0.004241977616784576,0.030812439893567856
test,0.6816983373909071,0.6946810202715218,0.6444618466747718,0.011870029613773635,0.01298268288061466,-0.03723649071613533
test,0.5812051133757221,0.5830677946487226,0.584832633611756,0.011094056998366363,0.0018626812730004882,0.0036275202360338543
test,0.5677111596503588,0.5631486976333544,0.5790996707833156,0.011376223362500616,-0.004562462017004387,0.011388511132956802
test,0.5846386647383062,0.6042222012994067,0.5750292829614714,0.014860727799061677,0.019583536561100567,-0.009609381776834791
test,0.7345564724966035,0.7201697455134519,0.7452888146003992,0.011081958425787117,-0.014386726983151576,0.0107323421037957
test,0.6655296707481755,0.668764447915824,0.6672969903250233,0.011207433121100799,0.003234777167648528,0.0017673195768478367
test,0.462479938752448,0.4622427532774454,0.4761496761357804,0.01524487873090896,-0.00023718547500262144,0.013669737383332381
test,0.6040562748528812,0.6042686816931849,0.605524131933038,0.011626452400717574,0.00021240684030376933,0.0014678570801568425
test,0.5134596059729899,0.5084572640621731,0.5227131305746519,0.01369584004141005,-0.005002341910816832,0.009253524601661955
