Kr,hr,f0,f1,A,x_r_start,u_Kr,u_hr,u_f0,u_f1,u_A,u_x_r_start,peak_y_true,target_error_m,target_error_mm,reachability_gap_m,reachability_gap_mm,max_abs_xr_true,constraint_violation_abs_m,constraint_violation_abs_mm,residual_margin_m,residual_margin_mm,feasible_abs,tracking_cost,constraint_cost,J_true,run_label,method,target,iteration,phase,kernel,acquisition,seed,total_budget,initial_points,simulation_time_s,gp_fit_time_s,acquisition_time_s,iteration_time_s,acquisition_score,candidate_pool_size,candidate_pool_global,candidate_pool_local,best_J_so_far,best_feasible_error_so_far_mm,best_feasible_margin_so_far_mm,is_current_best_J
3866.411279872965,0.1684272699284428,0.2815172038605918,2.543338135160027,0.10566008628710963,0.35093204983426285,0.676117508535133,0.19550648550983657,0.5186205824588338,0.5144460450533423,0.5220028762369877,0.0186409966852579,0.5845034368302275,0.034503436830227496,34.5034368302275,0.0,0.0,0.5104716051467207,0.010471605146720742,10.47160514672074,-0.010471605146720742,-10.47160514672074,False,11.904871530974992,43.86180573953133,55.76667727050632,main,BO,0.55,1,initial_lhs,matern,ei,13345,100,20,0.4616381999803707,0.0,0.0,0.4616850999882445,,0,0,0,55.76667727050632,,,True
2911.881225653967,0.3070994374605479,0.18115888878675718,1.2767488116985257,0.09475141998896991,0.37601601645058685,0.4033946359011333,0.5917126784587082,0.2318825393907348,0.09224960389950862,0.15838066629899714,0.5203203290117371,0.6035248920058293,0.05352489200582922,53.524892005829216,0.0,0.0,0.4839071383474671,0.0,0.0,0.016092861652532875,16.092861652532875,True,28.649140642356798,0.0,28.649140642356798,main,BO,0.55,2,initial_lhs,matern,ei,13345,100,20,0.3356280999723822,0.0,0.0,0.33567389997188,,0,0,0,28.649140642356798,53.524892005829216,16.092861652532875,True
4350.569080431715,0.1373512251571371,0.41736165148745275,3.946620581552402,0.11845321060219224,0.39365757983448935,0.8144483086947755,0.1067177861632489,0.9067475756784363,0.9822068605174673,0.9484403534064082,0.873151596689787,0.6378322715551248,0.08783227155512474,87.83227155512475,0.0,0.0,0.7241686251457579,0.22416862514575786,224.16862514575786,-0.22416862514575786,-224.16862514575786,False,77.14507926533174,20100.62899989572,20177.774079161052,main,BO,0.55,3,initial_lhs,matern,ei,13345,100,20,0.6564565000589937,0.0,0.0,0.6565026000607759,,0,0,0,28.649140642356798,53.524892005829216,16.092861652532875,False
4984.943503237031,0.19850250643323747,0.2732961166696066,1.6687863422466909,0.09840320677976902,0.36381587882440225,0.995698143782009,0.2814357326663927,0.4951317619131618,0.22292878074889694,0.2801068926589675,0.27631757648804467,0.5886961892047275,0.038696189204727505,38.6961892047275,0.0,0.0,0.4721850256492671,0.0,0.0,0.02781497435073288,27.81497435073288,True,14.973950589680694,0.0,14.973950589680694,main,BO,0.55,4,initial_lhs,matern,ei,13345,100,20,0.4584577999776229,0.0,0.0,0.4585014000767842,,0,0,0,14.973950589680694,38.6961892047275,27.81497435073288,True
4229.900383325821,0.11856609439528301,0.3263178421115909,1.4258103140890908,0.11496609312151918,0.37169607190481474,0.7799715380930916,0.05304598398652288,0.6466224060331168,0.14193677136303026,0.8322031040506394,0.43392143809629447,0.6477638956081619,0.0977638956081619,97.7638956081619,0.0,0.0,0.5004850154226657,0.0004850154226656578,0.4850154226656578,-0.0004850154226656578,-0.4850154226656578,False,95.57779284483577,0.09409598408941866,95.67188882892519,main,BO,0.55,5,initial_lhs,matern,ei,13345,100,20,0.43123250000644475,0.0,0.0,0.4312787000089884,,0,0,0,14.973950589680694,38.6961892047275,27.81497435073288,False
4548.693225954054,0.2496543793039194,0.3915266156716176,3.8436030678095454,0.10820832917499582,0.36089399976904324,0.8710552074154438,0.4275839408683411,0.8329331876331931,0.9478676892698484,0.6069443058331941,0.21787999538086494,0.5807668808432304,0.030766880843230315,30.766880843230314,0.0,0.0,0.5387662917921012,0.038766291792101226,38.76629179210123,-0.038766291792101226,-38.76629179210123,False,9.466009568215325,601.130151724134,610.5961612923493,main,BO,0.55,6,initial_lhs,matern,ei,13345,100,20,0.5163522000657395,0.0,0.0,0.5164004999678582,,0,0,0,14.973950589680694,38.6961892047275,27.81497435073288,False
2631.067747739461,0.2797759122662166,0.23718599940861235,2.696726708625149,0.10174593783941752,0.3554339928657716,0.3231622136398461,0.5136454636177618,0.39195999831032097,0.5655755695417164,0.39153126131391747,0.1086798573154328,0.5812947476525593,0.03129474765255924,31.29474765255924,0.0,0.0,0.5028331535977092,0.0028331535977091926,2.8331535977091926,-0.0028331535977091926,-2.8331535977091926,False,9.793612306373621,3.2107037232850164,13.004316029658638,main,BO,0.55,7,initial_lhs,matern,ei,13345,100,20,0.3793005000334233,0.0,0.0,0.37934389989823103,,0,0,0,13.004316029658638,38.6961892047275,27.81497435073288,True
1760.0303064667294,0.42203522644455005,0.37506564826731936,3.2698934945037816,0.10308054483879228,0.37778622546607604,0.07429437327620839,0.9201006469844287,0.7859018521923412,0.7566311648345939,0.43601816129307613,0.5557245093215213,0.5956932332491036,0.04569323324910357,45.69323324910357,0.0,0.0,0.4947379589244326,0.0,0.0,0.005262041075567381,5.262041075567381,True,20.87871564756984,0.0,20.87871564756984,main,BO,0.55,8,initial_lhs,matern,ei,13345,100,20,0.3061177000636235,0.0,0.0,0.30616099992766976,,0,0,0,13.004316029658638,38.6961892047275,27.81497435073288,False
2065.724860396467,0.26849783432023044,0.13853422931480625,2.273322897956478,0.09296060597934863,0.3957986257308023,0.16163567439899063,0.4814223837720869,0.11009779804230357,0.42444096598549264,0.09868686597828807,0.9159725146160465,0.6111843923902717,0.061184392390271625,61.184392390271626,0.0,0.0,0.5289310633390546,0.028931063339054597,28.931063339054596,-0.028931063339054597,-28.931063339054596,False,37.43529872166728,334.8025703713556,372.2378690930229,main,BO,0.55,9,initial_lhs,matern,ei,13345,100,20,0.332421200000681,0.0,0.0,0.3324659001082182,,0,0,0,13.004316029658638,38.6961892047275,27.81497435073288,False
4788.428133422093,0.3353991403701538,0.44093582296736766,3.5185066696648937,0.09333994259268502,0.39242737126139093,0.9395508952634553,0.6725689724861537,0.9741023513353362,0.8395022232216311,0.11133141975616742,0.8485474252278188,0.5813246633201453,0.031324663320145274,31.324663320145273,0.0,0.0,0.5128416027243224,0.012841602724322443,12.841602724322442,-0.012841602724322443,-12.841602724322442,False,9.812345321204548,65.96270421173023,75.77504953293477,main,BO,0.55,10,initial_lhs,matern,ei,13345,100,20,0.47684089990798384,0.0,0.0,0.476882699993439,,0,0,0,13.004316029658638,38.6961892047275,27.81497435073288,False
3435.1410819333746,0.17984408354612802,0.33354592778162495,2.9100278020237678,0.11146401255820332,0.3678684009910714,0.5528974519809642,0.22812595298893723,0.6672740793760713,0.6366759340079226,0.715467085273444,0.35736801982142774,0.6126333496159695,0.06263334961596945,62.63334961596945,0.0,0.0,0.572620202610726,0.07262020261072599,72.620202610726,-0.07262020261072599,-72.620202610726,False,39.2293648411626,2109.477530889157,2148.70689573032,main,BO,0.55,11,initial_lhs,matern,ei,13345,100,20,0.4466456000227481,0.0,0.0,0.4466857999796048,,0,0,0,13.004316029658638,38.6961892047275,27.81497435073288,False
1594.817143164174,0.10865784148028038,0.1593813098291099,2.0613404200859775,0.11048149323356173,0.3592051767611108,0.027090612332621156,0.024736689943658213,0.16966088522602824,0.3537801400286592,0.6827164411187242,0.18410353522221592,0.6508432486745479,0.10084324867454786,100.84324867454785,0.0,0.0,0.5935759554631924,0.09357595546319242,93.57595546319241,-0.09357595546319242,-93.57595546319241,False,101.69360803236698,3502.5837763397485,3604.2773843721156,main,BO,0.55,12,initial_lhs,matern,ei,13345,100,20,0.30320129997562617,0.0,0.0,0.30324030003976077,,0,0,0,13.004316029658638,38.6961892047275,27.81497435073288,False
3090.078422561366,0.4031962855576031,0.3049557628148754,2.352104124597379,0.09026610373580808,0.3864591698976362,0.4543081207318188,0.8662751015931518,0.5855878937567869,0.4507013748657929,0.00887012452693634,0.7291833979527238,0.5834919785473898,0.03349197854738972,33.49197854738972,0.0,0.0,0.48650535752420937,0.0,0.0,0.01349464247579063,13.49464247579063,True,11.217126270188134,0.0,11.217126270188134,main,BO,0.55,13,initial_lhs,matern,ei,13345,100,20,0.32664839993231,0.0,0.0,0.3266875999979675,,0,0,0,11.217126270188134,33.49197854738972,13.49464247579063,True
3702.9481927092297,0.36907608063267483,0.2189408276018312,1.9379392519831549,0.09643355704115328,0.3887177732250594,0.6294137693454942,0.7687888018076425,0.33983093600523206,0.31264641732771825,0.21445190137177614,0.774355464501188,0.6033957739866507,0.05339577398665063,53.39577398665063,0.0,0.0,0.49459529240016664,0.0,0.0,0.005404707599833358,5.404707599833358,True,28.511086796334762,0.0,28.511086796334762,main,BO,0.55,14,initial_lhs,matern,ei,13345,100,20,0.349252299987711,0.0,0.0,0.34929360006935894,,0,0,0,11.217126270188134,33.49197854738972,13.49464247579063,False
1878.7491886376897,0.437466006233599,0.4100363887064207,3.663638172426852,0.11664017364176948,0.3547743588556037,0.10821405389648278,0.9641885892388544,0.8858182534469161,0.8878793908089506,0.8880057880589831,0.0954871771120748,0.594697884538667,0.044697884538666965,44.69788453866697,0.0,0.0,0.48508608720470736,0.0,0.0,0.014913912795292639,14.913912795292639,True,19.979008822320033,0.0,19.979008822320033,main,BO,0.55,15,initial_lhs,matern,ei,13345,100,20,0.33070429996587336,0.0,0.0,0.33074630005285144,,0,0,0,11.217126270188134,33.49197854738972,13.49464247579063,False
2215.677311087455,0.23418826949765018,0.20074342583994215,1.0075299269955673,0.10004710337919816,0.39924894996816646,0.20447923173927288,0.38339505570757193,0.2878383595426918,0.0025099756651890794,0.3349034459732721,0.9849789993633283,0.6582687854683493,0.10826878546834928,108.26878546834928,0.0,0.0,0.5205284975647798,0.020528497564779813,20.528497564779812,-0.020528497564779813,-20.528497564779812,False,117.2212990679144,168.5676849068683,285.7889839747827,main,BO,0.55,16,initial_lhs,matern,ei,13345,100,20,0.29836450004950166,0.0,0.0,0.2984200998907909,,0,0,0,11.217126270188134,33.49197854738972,13.49464247579063,False
3989.8262484861125,0.38235947149474636,0.1335309373310615,3.0038406151747177,0.10659270702123978,0.38029967998776015,0.7113789281388893,0.8067413471278467,0.09580267808874712,0.667946871724906,0.5530902340413261,0.6059935997552024,0.600539156669227,0.050539156669226926,50.53915666922693,0.0,0.0,0.5044042201762476,0.004404220176247642,4.404220176247642,-0.004404220176247642,-4.404220176247642,False,25.54206356836664,7.7588621443467245,33.300925712713365,main,BO,0.55,17,initial_lhs,matern,ei,13345,100,20,0.39554970001336187,0.0,0.0,0.39560310007072985,,0,0,0,11.217126270188134,33.49197854738972,13.49464247579063,False
2533.6888423690643,0.21211344821704498,0.357487987951123,1.5511788885429731,0.10387261927211298,0.3735568557656835,0.295339669248304,0.3203241377629857,0.7356799655746373,0.18372629618099104,0.4624206424037663,0.4711371153136693,0.6307536482421456,0.08075364824214559,80.75364824214559,0.0,0.0,0.4964902750503996,0.0,0.0,0.00350972494960039,3.50972494960039,True,65.21151704416182,0.0,65.21151704416182,main,BO,0.55,18,initial_lhs,matern,ei,13345,100,20,0.33795549999922514,0.0,0.0,0.33799879997968674,,0,0,0,11.217126270188134,33.49197854738972,13.49464247579063,False
2726.532016472016,0.31591894316325364,0.10429866396440932,3.154166658104641,0.11997972515987022,0.36577547290944135,0.3504377189920046,0.6169112661807247,0.012281897041169448,0.7180555527015471,0.9993241719956742,0.3155094581888268,0.6200095682300079,0.07000956823000781,70.00956823000782,0.0,0.0,0.5245645248952692,0.02456452489526917,24.56452489526917,-0.02456452489526917,-24.56452489526917,False,49.01339643752119,241.3663533321195,290.3797497696407,main,BO,0.55,19,initial_lhs,matern,ei,13345,100,20,0.3849068999988958,0.0,0.0,0.38495049998164177,,0,0,0,11.217126270188134,33.49197854738972,13.49464247579063,False
3376.493185601369,0.3593276740817338,0.2537347430748919,1.8008273324789514,0.1133371562834921,0.3844412444292113,0.5361409101718196,0.7409362116620967,0.43924212307111976,0.26694244415965046,0.7779052094497366,0.688824888584226,0.6416990575915353,0.0916990575915353,91.6990575915353,0.0,0.0,0.5095449340626893,0.009544934062689303,9.544934062689304,-0.009544934062689303,-9.544934062689304,False,84.08717163175706,36.44230650443461,120.52947813619167,main,BO,0.55,20,initial_lhs,matern,ei,13345,100,20,0.3514972000848502,0.0,0.0,0.3515391000546515,,0,0,0,11.217126270188134,33.49197854738972,13.49464247579063,False
4261.950191585067,0.4209278991426064,0.2689463867412205,1.377932455528497,0.11535318408989569,0.36958389058250296,0.789128626167162,0.9169368546931611,0.4827039621177729,0.1259774851761657,0.8451061363298562,0.3916778116500591,0.632709585745021,0.08270958574502096,82.70958574502096,0.0,0.0,0.4938373427122846,0.0,0.0,0.006162657287715423,6.162657287715422,True,68.40875574112974,0.0,68.40875574112974,main,BO,0.55,21,bo,matern,ei,13345,100,20,0.3456209000432864,0.029584400006569922,0.0037223000545054674,0.3790441000601277,5282.697960147174,5000,4000,1000,11.217126270188134,33.49197854738972,13.49464247579063,False
3343.7209166939565,0.11600201472500368,0.33865185959611277,1.0301176754674168,0.10290439895826776,0.3523506658528781,0.5267774047697018,0.04572004207143909,0.6818624559888936,0.010039225155805576,0.4301466319422588,0.04701331705756251,0.6152052590606507,0.06520525906065067,65.20525906065066,0.0,0.0,0.4718907093665494,0.0,0.0,0.02810929063345058,28.109290633450577,True,42.51725809166566,0.0,42.51725809166566,main,BO,0.55,22,bo,matern,ei,13345,100,20,0.3656607000157237,0.08656149997841567,0.0030941999284550548,0.455421399907209,1783.1836067823172,5000,4000,1000,11.217126270188134,33.49197854738972,13.49464247579063,False
4544.809367507893,0.13065097116336555,0.19552874232689849,1.0033352830869091,0.1186007342055011,0.3960323389709237,0.8699455335736835,0.08757420332390153,0.27293926379113853,0.0011117610289697044,0.9533578068500371,0.9206467794184741,0.6853800237133272,0.13538002371332714,135.38002371332715,0.0,0.0,0.5281215825900419,0.028121582590041938,28.12158259004194,-0.028121582590041938,-28.12158259004194,False,183.27750820621014,316.32936294741995,499.6068711536301,main,BO,0.55,23,bo,matern,ei,13345,100,20,0.4165559000102803,0.06033360003493726,0.003004700061865151,0.4799930000444874,1438.9321159627361,5000,4000,1000,11.217126270188134,33.49197854738972,13.49464247579063,False
3469.6262995969255,0.18226154682045287,0.44589227890530403,2.1354528339598153,0.09843620785175897,0.3902350242490754,0.5627503713134073,0.2350329909155796,0.9882636540151543,0.3784842779866051,0.2812069283919656,0.8047004849815079,0.6175304302936471,0.06753043029364703,67.53043029364703,0.0,0.0,0.5218435402738811,0.021843540273881135,21.843540273881136,-0.021843540273881135,-21.843540273881136,False,45.6035901564512,190.85610067866685,236.45969083511804,main,BO,0.55,24,bo,matern,ei,13345,100,20,0.408819800009951,0.1019235000712797,0.003770899958908558,0.5146225999342278,1328.6729988193563,5000,4000,1000,11.217126270188134,33.49197854738972,13.49464247579063,False
4157.706377457003,0.35470903899177786,0.30234429296859955,3.979980283024994,0.11777381288995147,0.35565183567270037,0.7593446792734295,0.7277401114050798,0.5781265513388559,0.9933267610083313,0.9257937629983822,0.1130367134540079,0.5888859099958479,0.038885909995847845,38.88590999584785,0.0,0.0,0.5006229846996042,0.000622984699604201,0.622984699604201,-0.000622984699604201,-0.622984699604201,False,15.121139962051794,0.1552439743763746,15.276383936428168,main,BO,0.55,25,bo,matern,ei,13345,100,20,0.4630430000834167,0.048265699995681643,0.003280900069512427,0.5146953000221401,989.3958033776393,5000,4000,1000,11.217126270188134,33.49197854738972,13.49464247579063,False
3311.5715220947036,0.16711845445663692,0.2793339498855764,1.9857764106800906,0.10814258061466075,0.3502978625787005,0.5175918634556296,0.19176701273324837,0.5123827139587898,0.32859213689336353,0.6047526871553589,0.0059572515740105025,0.6016323044442882,0.051632304444288124,51.632304444288124,0.0,0.0,0.4903831957357574,0.0,0.0,0.009616804264242607,9.616804264242607,True,26.65894862227655,0.0,26.65894862227655,main,BO,0.55,26,bo,matern,ei,13345,100,20,0.39686650002840906,0.06440909998491406,0.004766999976709485,0.46616320009343326,973.3550775311849,5000,4000,1000,11.217126270188134,33.49197854738972,13.49464247579063,False
3610.3664329526155,0.20245216688608056,0.24575032603899405,2.4076160320152127,0.09457855868189656,0.35003384869016935,0.6029618379864615,0.292720476817373,0.4164295029685544,0.46920534400507097,0.15261862272988547,0.0006769738033870487,0.5616182443629216,0.011618244362921581,11.618244362921581,0.0,0.0,0.48461789008978157,0.0,0.0,0.015382109910218433,15.382109910218434,True,1.349836020765591,0.0,1.349836020765591,main,BO,0.55,27,bo,matern,ei,13345,100,20,0.4148194999434054,0.08655490004457533,0.0038130999309942126,0.5052969000535086,1174.539051007287,5000,4000,1000,1.349836020765591,11.618244362921581,15.382109910218434,True
4501.89324697184,0.27968313098977193,0.4470692810008301,3.3709049854108653,0.10029095814164903,0.35527260291872603,0.8576837848490971,0.5133803742564912,0.991626517145229,0.7903016618036218,0.3430319380549678,0.10545205837452132,0.5640739193580226,0.014073919358022602,14.073919358022602,0.0,0.0,0.5025668590844465,0.0025668590844465378,2.5668590844465378,-0.0025668590844465378,-2.5668590844465378,False,1.9807520609612332,2.6355062237622873,4.6162582847235205,main,BO,0.55,28,bo,matern,ei,13345,100,20,0.47066170000471175,0.0711656000930816,0.004463800112716854,0.5464035000186414,1597.358979131545,5000,4000,1000,1.349836020765591,11.618244362921581,15.382109910218434,False
4357.861042020242,0.44745567467887337,0.14314702278472188,1.1578315117224947,0.09777426467225907,0.3956090495269882,0.816531726291498,0.9927304990824953,0.12327720795634822,0.05261050390749822,0.25914215574196897,0.912180990539764,0.6196073714255106,0.06960737142551054,69.60737142551055,0.0,0.0,0.5004178964618172,0.0004178964618172243,0.4178964618172243,-0.0004178964618172243,-0.4178964618172243,False,48.45186156768982,0.06985498111974192,48.52171654880956,main,BO,0.55,29,bo,matern,ei,13345,100,20,0.2709919000044465,0.08097639994230121,0.0036646999651566148,0.3557422999292612,1158.9302367935384,5000,4000,1000,1.349836020765591,11.618244362921581,15.382109910218434,False
4737.362757568941,0.43082578366119884,0.1995499275958879,3.8929428384745957,0.1132974803195755,0.39992161530521153,0.92496078787684,0.9452165247462824,0.2844283645596798,0.9643142794915319,0.7765826773191834,0.99843230610423,0.6210986743900446,0.07109867439004458,71.09867439004458,0.0,0.0,0.522520909201279,0.022520909201279027,22.520909201279025,-0.022520909201279027,-22.520909201279025,False,50.550215000215815,202.8765405009017,253.42675550111753,main,BO,0.55,30,bo,matern,ei,13345,100,20,0.42629029997624457,0.0538310999982059,0.003952399943955243,0.4841735999798402,1054.7413311764603,5000,4000,1000,1.349836020765591,11.618244362921581,15.382109910218434,False
4022.9887003907575,0.16122510363359988,0.1570628634310524,1.4192745791017103,0.10573549423511786,0.37582788695173247,0.7208539143973592,0.17492886752457104,0.16303675266014972,0.13975819303390347,0.5245164745039285,0.5165577390346496,0.6258048921696585,0.07580489216965847,75.80489216965847,0.0,0.0,0.4942821050305167,0.0,0.0,0.005717894969483273,5.717894969483273,True,57.463816768535466,0.0,57.463816768535466,main,BO,0.55,31,bo,matern,ei,13345,100,20,0.41016809991560876,0.06450600002426654,0.004446599981747568,0.479224200011231,814.1304483918758,5000,4000,1000,1.349836020765591,11.618244362921581,15.382109910218434,False
2839.0521425782517,0.2997229350190646,0.4049149531426883,3.991057221778453,0.10331026254090792,0.35296051523911476,0.38258632645092905,0.5706369571973274,0.8711855804076811,0.9970190739261511,0.4436754180302642,0.05921030478229561,0.5673751584822083,0.017375158482208275,17.375158482208274,0.0,0.0,0.4958651894131698,0.0,0.0,0.004134810586830184,4.134810586830184,True,3.0189613228185417,0.0,3.0189613228185417,main,BO,0.55,32,bo,matern,ei,13345,100,20,0.43777590000536293,0.06571370002347976,0.003994000027887523,0.50758620002307,990.384815144251,5000,4000,1000,1.349836020765591,11.618244362921581,15.382109910218434,False
3968.1349968219747,0.4489710396695472,0.14172301736329257,2.0370852458025532,0.10208349550010964,0.35012283471405653,0.7051814276634213,0.9970601133415634,0.1192086210379788,0.3456950819341844,0.40278318333698804,0.0024566942811310444,0.5703283143626191,0.02032831436261906,20.32831436261906,0.0,0.0,0.45941605855141865,0.0,0.0,0.04058394144858135,40.58394144858135,True,4.132403648254644,0.0,4.132403648254644,main,BO,0.55,33,bo,matern,ei,13345,100,20,0.3152593000559136,0.07202099997084588,0.004963400075212121,0.3923471999587491,588.52872574847,5000,4000,1000,1.349836020765591,11.618244362921581,15.382109910218434,False
2501.1319365313298,0.3598503222588718,0.14305039307338932,1.018657789598941,0.09191748114041899,0.37926848751150116,0.2860376961518085,0.7424294921682053,0.12300112306682665,0.0062192631996470515,0.0639160380139665,0.5853697502300231,0.6031658067618622,0.05316580676186211,53.165806761862115,0.0,0.0,0.48472321361142584,0.0,0.0,0.01527678638857416,15.276786388574159,True,28.26603008639663,0.0,28.26603008639663,main,BO,0.55,34,bo,matern,ei,13345,100,20,0.28474540007300675,0.1206254999851808,0.004031599964946508,0.4095168999629095,421.4349462190357,5000,4000,1000,1.349836020765591,11.618244362921581,15.382109910218434,False
4933.22201275338,0.449380754468622,0.18047953205820985,2.9653898371696332,0.10369102964818157,0.3593186443120072,0.9809205750723942,0.9982307270532059,0.22994152016631386,0.6551299457232111,0.4563676549393857,0.18637288624014514,0.5704988217296654,0.02049882172966533,20.49882172966533,0.0,0.0,0.46894014357417546,0.0,0.0,0.03105985642582454,31.059856425824538,True,4.202016923045995,0.0,4.202016923045995,main,BO,0.55,35,bo,matern,ei,13345,100,20,0.37137979990802705,0.053545599919743836,0.005094000021927059,0.4301389999454841,350.33971783180175,5000,4000,1000,1.349836020765591,11.618244362921581,15.382109910218434,False
3682.399843467714,0.17879345862139642,0.217606364101888,2.3552481095392976,0.09,0.35,0.623542812419347,0.22512416748970407,0.3360181831482514,0.45174936984643255,0.0,0.0,0.5511286548136268,0.0011286548136267838,1.1286548136267838,0.0,0.0,0.47736513195038566,0.0,0.0,0.022634868049614343,22.634868049614344,True,0.0127386168832291,0.0,0.0127386168832291,main,BO,0.55,36,bo,matern,ei,13345,100,20,0.42309309996198863,0.04428040003404021,0.004300300031900406,0.4717909999890253,340.73921667791967,5000,4000,1000,0.0127386168832291,1.1286548136267838,22.634868049614344,True
3879.8301362507877,0.16426009513618356,0.4451178915291957,1.1744689826099264,0.11688379880407623,0.38839977171114765,0.6799514675002251,0.18360027181766725,0.9860511186548447,0.05815632753664213,0.8961266268025414,0.7679954342229529,0.6789147862040925,0.12891478620409247,128.91478620409248,0.0,0.0,0.5206341198229537,0.02063411982295371,20.63411982295371,-0.02063411982295371,-20.63411982295371,False,166.1902210204687,170.30676034720454,336.49698136767324,main,BO,0.55,37,bo,matern,ei,13345,100,20,0.3773305000504479,0.12403629999607801,0.0052717000944539905,0.5067482000449672,949.6143257263863,5000,4000,1000,0.0127386168832291,1.1286548136267838,22.634868049614344,False
4398.523245393143,0.22542303679917133,0.2947910933870277,1.7255585840982939,0.11911755276741569,0.39528846063983664,0.8281494986837552,0.3583515337119181,0.5565459811057935,0.24185286136609796,0.9705850922471899,0.9057692127967326,0.6694392122132546,0.1194392122132546,119.43921221325459,0.0,0.0,0.5288827308184656,0.028882730818465596,28.882730818465596,-0.028882730818465596,-28.882730818465596,False,142.65725414122863,333.68485581277696,476.3421099540056,main,BO,0.55,38,bo,matern,ei,13345,100,20,0.4170679999515414,0.08609739993698895,0.004717699950560927,0.5079957999987528,638.3370203312084,5000,4000,1000,0.0127386168832291,1.1286548136267838,22.634868049614344,False
3463.4319202150637,0.3362673472531055,0.39503056622405375,2.365906511075127,0.11775784327230593,0.35207641421546804,0.5609805486328753,0.6750495635803013,0.8429444749258679,0.4553021703583756,0.9252614424101979,0.041528284309361174,0.6111087572883767,0.061108757288376614,61.108757288376616,0.0,0.0,0.49436217390039977,0.0,0.0,0.005637826099600229,5.637826099600229,True,37.34280217329722,0.0,37.34280217329722,main,BO,0.55,39,bo,matern,ei,13345,100,20,0.3814942999742925,0.13074809999670833,0.005138100008480251,0.5174915000097826,274.127995857701,5000,4000,1000,0.0127386168832291,1.1286548136267838,22.634868049614344,False
3444.7905273179376,0.29462656503322404,0.3584822103264479,1.0015159945395173,0.10685947635954439,0.37080889892190555,0.5556544363765535,0.5560759000949259,0.7385206009327084,0.0005053315131724467,0.5619825453181464,0.4161779784381112,0.6353179963207447,0.08531799632074466,85.31799632074465,0.0,0.0,0.49125570516607386,0.0,0.0,0.008744294833926136,8.744294833926137,True,72.79160496186599,0.0,72.79160496186599,main,BO,0.55,40,bo,matern,ei,13345,100,20,0.3413950999965891,0.1222395000513643,0.005189299932681024,0.46894419996533543,269.3290477105877,5000,4000,1000,0.0127386168832291,1.1286548136267838,22.634868049614344,False
4095.6044023421373,0.36924653077902714,0.2992194962991983,3.535208894614753,0.11006183615572102,0.3507117017521742,0.7416012578120392,0.769275802225792,0.5691985608548524,0.8450696315382509,0.6687278718573676,0.014234035043484305,0.5741567300075054,0.0241567300075054,24.156730007505402,0.0,0.0,0.4821903537830707,0.0,0.0,0.01780964621692932,17.80964621692932,True,5.835476046555119,0.0,5.835476046555119,main,BO,0.55,41,bo,matern,ei,13345,100,20,0.4373737999703735,0.14832219993695617,0.005966300028376281,0.5917652000207454,221.41240294672633,5000,4000,1000,0.0127386168832291,1.1286548136267838,22.634868049614344,False
4447.5184776010465,0.2794036849498736,0.3681135136124587,3.7181296596622526,0.11866143477207794,0.3516825737792672,0.8421481364574419,0.5125819569996389,0.7660386103213106,0.9060432198874175,0.9553811590692647,0.03365147558534487,0.5916692719276622,0.04166927192766212,41.66927192766212,0.0,0.0,0.5287682507835706,0.028768250783570593,28.768250783570593,-0.028768250783570593,-28.768250783570593,False,17.363282229814505,331.044901258564,348.4081834883785,main,BO,0.55,42,bo,matern,ei,13345,100,20,0.502108299988322,0.11934820003807545,0.00508169992826879,0.6266493999864906,227.199179927253,5000,4000,1000,0.0127386168832291,1.1286548136267838,22.634868049614344,False
3157.700777053712,0.25539048488908883,0.18253151275387292,3.028031008810329,0.09032353581209254,0.3593742314640268,0.47362879344391773,0.44397281396882526,0.23580432215392266,0.6760103362701096,0.010784527069751415,0.18748462928053622,0.5536339354229588,0.003633935422958756,3.633935422958756,0.0,0.0,0.501835473551688,0.001835473551688005,1.835473551688005,-0.001835473551688005,-1.835473551688005,False,0.13205486658234433,1.347585263578472,1.4796401301608162,main,BO,0.55,43,bo,matern,ei,13345,100,20,0.4198814000701532,0.14696060004644096,0.0055686000268906355,0.5725187999196351,226.38746953911817,5000,4000,1000,0.0127386168832291,1.1286548136267838,22.634868049614344,False
2360.9905568003505,0.19075022455183932,0.3413323283530236,2.400488454588829,0.11612760833165203,0.35075891468144516,0.24599730194295732,0.259286355862398,0.689520938151496,0.46682948486294307,0.8709202777217346,0.015178293628903883,0.6245585436950934,0.0745585436950934,74.5585436950934,0.0,0.0,0.550581106941416,0.05058110694141604,50.581106941416046,-0.05058110694141604,-50.581106941416046,False,55.58976437933152,1023.3793517675863,1078.9691161469177,main,BO,0.55,44,bo,matern,ei,13345,100,20,0.37876330001745373,0.11725709994789213,0.005318199982866645,0.5014595999382436,272.8746566158808,5000,4000,1000,0.0127386168832291,1.1286548136267838,22.634868049614344,False
4937.391655378676,0.15945118061617164,0.294276226071451,2.2383064952186382,0.11940516179274784,0.3597743553199303,0.9821119015367645,0.16986051604620467,0.5550749316327172,0.41276883173954604,0.9801720597582614,0.19548710639860567,0.6247029944381117,0.07470299443811168,74.70299443811169,0.0,0.0,0.5106680063167969,0.010668006316796874,10.668006316796873,-0.010668006316796874,-10.668006316796873,False,55.80537378020545,45.5225435100872,101.32791729029265,main,BO,0.55,45,bo,matern,ei,13345,100,20,0.46919299999717623,0.1678883999120444,0.00547460000962019,0.6426641999278218,972.9375152612342,5000,4000,1000,0.0127386168832291,1.1286548136267838,22.634868049614344,False
4898.498561202194,0.1350375715011814,0.13832566289185327,1.2058192976730324,0.1007505774521034,0.3513679878625298,0.9709995889149126,0.1001073471462326,0.10950189397672361,0.06860643255767751,0.3583525817367803,0.027359757250596806,0.590287186460269,0.040287186460268964,40.28718646026896,0.0,0.0,0.4623992494266588,0.0,0.0,0.037600750573341224,37.60075057334122,True,16.23057392884479,0.0,16.23057392884479,main,BO,0.55,46,bo,matern,ei,13345,100,20,0.4306869999272749,0.07961349992547184,0.0055825000163167715,0.5160003999480978,953.4988585421181,5000,4000,1000,0.0127386168832291,1.1286548136267838,22.634868049614344,False
3813.5784397970847,0.21888168020150633,0.21773128568869704,2.3175110373601475,0.09,0.35,0.6610224113705956,0.33966194343287526,0.33637510196770587,0.43917034578671577,0.0,0.0,0.5491693857397677,0.000830614260232343,0.830614260232343,0.000830614260232343,0.830614260232343,0.47003253517574795,0.0,0.0,0.029967464824252055,29.967464824252055,True,0.006899200493013223,0.0,0.006899200493013223,main,BO,0.55,47,bo,matern,ei,13345,100,20,0.41483159991912544,0.12052100000437349,0.005659600021317601,0.5411228999728337,687.5989526926263,5000,4000,1000,0.006899200493013223,0.830614260232343,29.967464824252055,True
4997.72443595131,0.2770729369871983,0.14025467937960318,2.803497251132977,0.09019203172276205,0.39837769093398007,0.9993498388432314,0.5059226771062809,0.11501336965600906,0.6011657503776591,0.006401057425401979,0.9675538186796013,0.5858207983959218,0.03582079839592178,35.820798395921784,0.0,0.0,0.5167846953907742,0.016784695390774207,16.784695390774207,-0.016784695390774207,-16.784695390774207,False,12.831295977212726,112.69039974443076,125.52169572164348,main,BO,0.55,48,bo,matern,ei,13345,100,20,0.47337119991425425,0.08025030000135303,0.0056603000266477466,0.5593940999824554,979.110238485427,5000,4000,1000,0.006899200493013223,0.830614260232343,29.967464824252055,False
1530.8064596360234,0.4492081200138357,0.28619895566557213,1.371397709194677,0.09283241515611478,0.3886342832110161,0.008801845610292403,0.9977374857538163,0.531997016187349,0.12379923639822565,0.09441383853715934,0.7726856642203219,0.6044136072489408,0.05441360724894073,54.413607248940735,0.0,0.0,0.4970384427756728,0.0,0.0,0.002961557224327227,2.961557224327227,True,29.608406538419754,0.0,29.608406538419754,main,BO,0.55,49,bo,matern,ei,13345,100,20,0.21367940003983676,0.14439820009283721,0.006126800086349249,0.3643220999510959,497.1775780448215,5000,4000,1000,0.006899200493013223,0.830614260232343,29.967464824252055,False
1976.615270394324,0.37727894713270393,0.4098468807173431,3.904069158070182,0.09300814894491531,0.37725646937643187,0.13617579154123538,0.7922255632362969,0.8852768020495517,0.9680230526900607,0.10027163149717722,0.5451293875286369,0.5710565047366556,0.021056504736655546,21.056504736655548,0.0,0.0,0.4827279602097738,0.0,0.0,0.01727203979022618,17.27203979022618,True,4.433763917247974,0.0,4.433763917247974,main,BO,0.55,50,bo,matern,ei,13345,100,20,0.34820220002438873,0.18255010002758354,0.006180699914693832,0.5370566999772564,450.6726632296156,5000,4000,1000,0.006899200493013223,0.830614260232343,29.967464824252055,False
3956.901746577409,0.15756458971091908,0.18531122961239632,2.225295103443722,0.09012229879373279,0.35338447088030184,0.7019719275935454,0.16447025631691164,0.2437463703211323,0.4084317011479074,0.004076626457759843,0.0676894176060368,0.556019165400992,0.00601916540099201,6.01916540099201,0.0,0.0,0.4746616959506925,0.0,0.0,0.02533830404930748,25.33830404930748,True,0.3623035212449931,0.0,0.3623035212449931,main,BO,0.55,51,bo,matern,ei,13345,100,20,0.42772069992497563,0.12127510004211217,0.006764100049622357,0.5558805000036955,672.8351700452478,5000,4000,1000,0.006899200493013223,0.830614260232343,29.967464824252055,False
4897.678613909219,0.22974701496682914,0.2550192558111632,2.978652671272991,0.09157590787107762,0.3523321878240202,0.9707653182597769,0.3707057570480833,0.44291215946046625,0.6595508904243302,0.05253026236925429,0.04664375648040453,0.5450791796618217,0.004920820338178311,4.920820338178311,0.004920820338178311,4.920820338178311,0.4863904331806762,0.0,0.0,0.013609566819323793,13.609566819323792,True,0.24214472800629308,0.0,0.24214472800629308,main,BO,0.55,52,bo,matern,ei,13345,100,20,0.4856162000214681,0.14799409999977797,0.0058373999781906605,0.6395603999262676,535.1920157834011,5000,4000,1000,0.006899200493013223,0.830614260232343,29.967464824252055,False
1705.2292282958874,0.4320150429659345,0.19087264289617614,1.0103829007064835,0.11665168255515658,0.35777365628564234,0.05863692237025353,0.9486144084740985,0.2596361225605033,0.0034609669021611333,0.8883894185052194,0.15547312571284655,0.6378297768764418,0.08782977687644178,87.82977687644178,0.0,0.0,0.49427691681014146,0.0,0.0,0.0057230831898585355,5.723083189858535,True,77.14069706165546,0.0,77.14069706165546,main,BO,0.55,53,bo,matern,ei,13345,100,20,0.2190530999796465,0.1277068000053987,0.007021200028248131,0.353897999972105,1019.1152204956848,5000,4000,1000,0.006899200493013223,0.830614260232343,29.967464824252055,False
4423.799597962907,0.426411283418477,0.37959942166456606,3.723125166833925,0.09034976238326342,0.3634122941075139,0.8353713137036878,0.9326036669099345,0.7988554904701888,0.9077083889446417,0.011658746108780815,0.26824588215027845,0.5417358510718163,0.008264148928183723,8.264148928183722,0.008264148928183723,8.264148928183722,0.46160403631886693,0.0,0.0,0.03839596368113307,38.39596368113307,True,0.6829615750720018,0.0,0.6829615750720018,main,BO,0.55,54,bo,matern,ei,13345,100,20,0.4007291999878362,0.13545379997231066,0.006538799963891506,0.5428396000061184,805.1315064260878,5000,4000,1000,0.006899200493013223,0.830614260232343,29.967464824252055,False
4550.04625729559,0.1837764257557541,0.18380499954346924,2.3137555082019774,0.09144384577706624,0.35388053227777155,0.87144178779874,0.23936121644501165,0.23944285583848351,0.43791850273399247,0.048128192568875,0.07761064555543178,0.5543090698238464,0.004309069823846379,4.309069823846379,0.0,0.0,0.4729111206360636,0.0,0.0,0.02708887936393639,27.088879363936393,True,0.18568082746783462,0.0,0.18568082746783462,main,BO,0.55,55,bo,matern,ei,13345,100,20,0.45259350002743304,0.1563668999588117,0.006928500020876527,0.6160286999074742,366.2321565281418,5000,4000,1000,0.006899200493013223,0.830614260232343,29.967464824252055,False
4801.822122325493,0.28628123413634843,0.4213197627869385,2.522626776516799,0.09023673810699688,0.38390257048536003,0.9433777492358554,0.5322320975324242,0.9180564651055386,0.5075422588389331,0.007891270233229664,0.678051409707201,0.5792289667163362,0.029228966716336124,29.228966716336124,0.0,0.0,0.49619323473562715,0.0,0.0,0.0038067652643728467,3.8067652643728467,True,8.54332495304685,0.0,8.54332495304685,main,BO,0.55,56,bo,matern,ei,13345,100,20,0.4607712000142783,0.11192920000758022,0.0063322000205516815,0.5791482999920845,690.2353499202982,5000,4000,1000,0.006899200493013223,0.830614260232343,29.967464824252055,False
2632.757900291431,0.4479964584850452,0.44292462692019874,3.069711426325399,0.0971726796366072,0.39946183266628316,0.32364511436898014,0.9942755956715577,0.9797846483434249,0.6899038087751329,0.23908932122023974,0.9892366533256628,0.6018615721632591,0.05186157216325904,51.86157216325904,0.0,0.0,0.505612399302134,0.005612399302133975,5.612399302133975,-0.005612399302133975,-5.612399302133975,False,26.896226672449245,12.59961037063757,39.495837043086816,main,BO,0.55,57,bo,matern,ei,13345,100,20,0.32677070004865527,0.10198339994531125,0.007035500020720065,0.4359114000108093,643.655772100737,5000,4000,1000,0.006899200493013223,0.830614260232343,29.967464824252055,False
2616.290384534421,0.34203009481250135,0.4434135218640397,1.116310378818308,0.09913254149920661,0.3507139653929986,0.3189401098669773,0.6915145566071468,0.9811814910401135,0.03877012627276932,0.30441804997355393,0.014279307859972001,0.5973024693708695,0.04730246937086946,47.30246937086946,0.0,0.0,0.4648588879250955,0.0,0.0,0.0351411120749045,35.1411120749045,True,22.375236085820433,0.0,22.375236085820433,main,BO,0.55,58,bo,matern,ei,13345,100,20,0.3074656000826508,0.16422339994460344,0.005906700040213764,0.47772049997001886,530.4480531246584,5000,4000,1000,0.006899200493013223,0.830614260232343,29.967464824252055,False
3665.6876631940795,0.1752693411319372,0.37699218771006027,1.6739152200156409,0.09314503854250598,0.35395575569001925,0.618767903769737,0.21505526037696343,0.7914062506001722,0.2246384066718803,0.10483461808353278,0.07911511380038516,0.5756355449148465,0.02563554491484643,25.63554491484643,0.0,0.0,0.46138847352008167,0.0,0.0,0.038611526479918334,38.61152647991833,True,6.571811630811087,0.0,6.571811630811087,main,BO,0.55,59,bo,matern,ei,13345,100,20,0.4050713999895379,0.15911480004433542,0.00741990003734827,0.5717306999722496,286.0045073767701,5000,4000,1000,0.006899200493013223,0.830614260232343,29.967464824252055,False
4991.574747896886,0.3783456848694692,0.4446941302717329,1.0136823878913668,0.10806910616648294,0.3969535649878842,0.9975927851133961,0.7952733853413405,0.984840372204951,0.004560795963788888,0.6023035388827647,0.9390712997576838,0.6560675820878206,0.10606758208782052,106.06758208782053,0.0,0.0,0.5134838337334016,0.013483833733401562,13.483833733401562,-0.013483833733401562,-13.483833733401562,False,112.50331969956545,72.72550886000717,185.2288285595726,main,BO,0.55,60,bo,matern,ei,13345,100,20,0.3495701999636367,0.15710710000712425,0.00643009995110333,0.5132283999118954,298.91125697289584,5000,4000,1000,0.006899200493013223,0.830614260232343,29.967464824252055,False
4011.0017413589103,0.2556133936596317,0.22479226592880575,2.6473442579586957,0.09,0.35,0.7174290689596887,0.4446096961703763,0.3565493312251593,0.5491147526528986,0.0,0.0,0.5448997675976504,0.0051002324023496914,5.100232402349691,0.0051002324023496914,5.100232402349691,0.47415972617773605,0.0,0.0,0.02584027382226395,25.84027382226395,True,0.26012370557977704,0.0,0.26012370557977704,main,BO,0.55,61,bo,matern,ei,13345,100,20,0.44306459999643266,0.1579758001025766,0.00833550002425909,0.6094960999907926,238.03304967820992,5000,4000,1000,0.006899200493013223,0.830614260232343,29.967464824252055,False
4439.612213855925,0.27165451548763153,0.17552180063702089,3.948949829883351,0.09364158847420442,0.35743132242677716,0.8398892039588357,0.4904414728218044,0.2157765732486311,0.9829832766277837,0.12138628247348093,0.14862644853554308,0.5442967613325798,0.005703238667420285,5.703238667420285,0.005703238667420285,5.703238667420285,0.5005014533772622,0.000501453377262151,0.501453377262151,-0.000501453377262151,-0.501453377262151,False,0.3252693129755791,0.10058219582704685,0.42585150880262596,main,BO,0.55,62,bo,matern,ei,13345,100,20,0.4950847999425605,0.1569831999950111,0.006962099927477539,0.6591509999707341,292.88116625053794,5000,4000,1000,0.006899200493013223,0.830614260232343,29.967464824252055,False
4874.283800987132,0.4062039528482012,0.29190403157658223,1.0187439030547978,0.09118308656335807,0.3502046711242063,0.9640810859963235,0.8748684367091464,0.5482972330759492,0.0062479676849326315,0.03943621877860248,0.004093422484126141,0.5647798011985566,0.014779801198556597,14.779801198556598,0.0,0.0,0.4481591464227704,0.0,0.0,0.05184085357722962,51.840853577229616,True,2.18442523468855,0.0,2.18442523468855,main,BO,0.55,63,bo,matern,ei,13345,100,20,0.32730750006157905,0.16454340005293489,0.007829500013031065,0.4998011999996379,237.72320879703125,5000,4000,1000,0.006899200493013223,0.830614260232343,29.967464824252055,False
1988.5459374451473,0.35572160318820756,0.25657643534983643,3.833582786493729,0.09326509256037126,0.35257624984543273,0.13958455355575639,0.7306331519663072,0.4473612438566754,0.9445275954979097,0.10883641867904192,0.05152499690865553,0.5459790050280284,0.004020994971971614,4.020994971971614,0.004020994971971614,4.020994971971614,0.4630471560596148,0.0,0.0,0.03695284394038523,36.95284394038523,True,0.16168400564621002,0.0,0.16168400564621002,main,BO,0.55,64,bo,matern,ei,13345,100,20,0.36160339997150004,0.06556320004165173,0.006928600021637976,0.4342199999373406,416.10756411169444,5000,4000,1000,0.006899200493013223,0.830614260232343,29.967464824252055,False
2390.1447315543805,0.44977964969550344,0.2787213736613722,3.9869839409450165,0.09497040065269331,0.3719335073224172,0.2543270661583944,0.9993704277014384,0.510632496175349,0.9956613136483388,0.1656800217564437,0.4386701464483439,0.5605357989215117,0.010535798921511685,10.535798921511685,0.0,0.0,0.4756418644758093,0.0,0.0,0.024358135524190694,24.358135524190693,True,1.110030589145268,0.0,1.110030589145268,main,BO,0.55,65,bo,matern,ei,13345,100,20,0.3473435000050813,0.17920070001855493,0.008392999996431172,0.5350828999653459,227.80605046089488,5000,4000,1000,0.006899200493013223,0.830614260232343,29.967464824252055,False
3301.5492277050766,0.30711234978898055,0.3816060013241559,2.274633237080847,0.09138710244803107,0.36091466890361945,0.514728350772879,0.5917495708256587,0.8045885752118741,0.4248777456936157,0.04623674826770252,0.21829337807238958,0.5662493346006915,0.016249334600691445,16.249334600691444,0.0,0.0,0.4744959989502817,0.0,0.0,0.025504001049718283,25.504001049718283,True,2.640408749652282,0.0,2.640408749652282,main,BO,0.55,66,bo,matern,ei,13345,100,20,0.38691770005971193,0.1804372000042349,0.006730800028890371,0.5742043999489397,202.32732528400555,5000,4000,1000,0.006899200493013223,0.830614260232343,29.967464824252055,False
4764.663041006148,0.16298485528358406,0.37911678425596096,2.4446051466955443,0.09999720938203045,0.3661810454756768,0.9327608688588995,0.17995672938166873,0.7974765264456027,0.48153504889851473,0.3332403127343485,0.3236209095135365,0.5859230007339382,0.03592300073393817,35.92300073393817,0.0,0.0,0.5014409582531818,0.001440958253181801,1.440958253181801,-0.001440958253181801,-1.440958253181801,False,12.904619817305223,0.8305442749650991,13.735164092270322,main,BO,0.55,67,bo,matern,ei,13345,100,20,0.47230719996150583,0.2491417999844998,0.009094599983654916,0.7306729999836534,250.33076462076718,5000,4000,1000,0.006899200493013223,0.830614260232343,29.967464824252055,False
4178.561914701134,0.25394962042104285,0.27866683819680227,1.4389131535346904,0.09038046604317093,0.3673084627923518,0.765303404200324,0.43985605834583685,0.5104766805622921,0.14630438451156347,0.012682201439031315,0.3461692558470363,0.5791722476241923,0.029172247624192238,29.172247624192238,0.0,0.0,0.46718559584376756,0.0,0.0,0.032814404156232435,32.814404156232435,True,8.510200314471897,0.0,8.510200314471897,main,BO,0.55,68,bo,matern,ei,13345,100,20,0.4015490999445319,0.31774399999994785,0.009054000023752451,0.7284680000739172,182.67708497902342,5000,4000,1000,0.006899200493013223,0.830614260232343,29.967464824252055,False
3317.086257778861,0.4167604986381357,0.42375877738130496,2.432165184151624,0.11923131791130973,0.3503941221676852,0.5191675022225317,0.9050299961089593,0.9250250782322998,0.47738839471720795,0.9743772637103245,0.007882443353704138,0.6095196574225159,0.05951965742251586,59.51965742251586,0.0,0.0,0.480426627760668,0.0,0.0,0.019573372239331976,19.573372239331977,True,35.42589619693647,0.0,35.42589619693647,main,BO,0.55,69,bo,matern,ei,13345,100,20,0.34347300010267645,0.2030496000079438,0.0073596000438556075,0.5540027000242844,204.342225617754,5000,4000,1000,0.006899200493013223,0.830614260232343,29.967464824252055,False
4821.276263631202,0.13980965677824647,0.356365442892555,1.5790847675070494,0.11748400504582455,0.3585459515180098,0.9489360753232007,0.11374187650927559,0.7324726939787287,0.19302825583568317,0.9161335015274852,0.17091903036019607,0.6329481914835425,0.08294819148354249,82.94819148354249,0.0,0.0,0.48799176165388974,0.0,0.0,0.012008238346110256,12.008238346110256,True,68.8040247039043,0.0,68.8040247039043,main,BO,0.55,70,bo,matern,ei,13345,100,20,0.444391299970448,0.2548224999336526,0.009660399984568357,0.7090173999313265,178.69462114389165,5000,4000,1000,0.006899200493013223,0.830614260232343,29.967464824252055,False
4998.289867973882,0.402393988980726,0.41904019835040995,2.1272351125849984,0.1016026592369347,0.36210884879482313,0.9995113908496805,0.863982825659217,0.9115434238583141,0.37574503752833277,0.38675530789782386,0.24217697589646325,0.5838417977052961,0.03384179770529605,33.84179770529605,0.0,0.0,0.47132677873027934,0.0,0.0,0.02867322126972066,28.67322126972066,True,11.45267271926181,0.0,11.45267271926181,main,BO,0.55,71,bo,matern,ei,13345,100,20,0.3851841000141576,0.11503669992089272,0.007687399978749454,0.5080392999807373,225.03142901641795,5000,4000,1000,0.006899200493013223,0.830614260232343,29.967464824252055,False
4020.330226904213,0.218568920761168,0.3236336406796634,1.3050446321760938,0.0986219165166291,0.358496593064262,0.7200943505440608,0.33876834503190856,0.6389532590847525,0.10168154405869789,0.2873972172209702,0.16993186128524074,0.5955628587660897,0.045562858766089676,45.562858766089676,0.0,0.0,0.4685495557777324,0.0,0.0,0.031450444222267615,31.450444222267613,True,20.759740989386348,0.0,20.759740989386348,main,BO,0.55,72,bo,matern,ei,13345,100,20,0.389728199923411,0.14516859990544617,0.009101000032387674,0.5441216999897733,215.36023465012295,5000,4000,1000,0.006899200493013223,0.830614260232343,29.967464824252055,False
2308.070740157631,0.3605203161149928,0.3657433947681158,2.675897008865044,0.09025794957692654,0.35139726899482376,0.23087735433075174,0.7443437603285509,0.7592668421946165,0.558632336288348,0.008598319230884943,0.027945379896475275,0.5509552817029806,0.0009552817029805372,0.9552817029805372,0.0,0.0,0.45835267307686134,0.0,0.0,0.04164732692313866,41.647326923138664,True,0.009125631320493953,0.0,0.009125631320493953,main,BO,0.55,73,bo,matern,ei,13345,100,20,0.3263862000312656,0.21674139995593578,0.007644199999049306,0.5508928999770433,169.9504588047942,5000,4000,1000,0.006899200493013223,0.830614260232343,29.967464824252055,False
4176.3400291906555,0.17359059593805082,0.32132721318562996,2.2222097419232916,0.10200771006476846,0.3504201992609668,0.7646685797687587,0.21025884553728802,0.632363466244657,0.4074032473077639,0.40025700215894866,0.008403985219336274,0.5801571703219688,0.03015717032196874,30.157170321968742,0.0,0.0,0.484051494989469,0.0,0.0,0.015948505010531022,15.948505010531022,True,9.094549218282323,0.0,9.094549218282323,main,BO,0.55,74,bo,matern,ei,13345,100,20,0.444732700008899,0.15672430000267923,0.009470999939367175,0.6110555999912322,240.82467063369376,5000,4000,1000,0.006899200493013223,0.830614260232343,29.967464824252055,False
4915.00087446521,0.3996656107158906,0.3085440949443996,2.853125316488327,0.10757290216489682,0.39740514653424613,0.9757145355614886,0.8561874591882587,0.5958402712697132,0.6177084388294424,0.5857634054965607,0.948102930684922,0.6210928848180086,0.07109288481800857,71.09288481800857,0.0,0.0,0.5189022457593729,0.018902245759372938,18.90224575937294,-0.018902245759372938,-18.90224575937294,False,50.54198271746634,142.9179578990929,193.45994061655924,main,BO,0.55,75,bo,matern,ei,13345,100,20,0.41608840005937964,0.18570010003168136,0.009253800031729043,0.6111794000025839,492.184478585221,5000,4000,1000,0.006899200493013223,0.830614260232343,29.967464824252055,False
4231.293868016066,0.19638805015813304,0.3356787444936307,2.118165629533847,0.09505063021545462,0.3703554609711604,0.7803696765760187,0.2753944290232373,0.6733678414103735,0.3727218765112824,0.16835434051515408,0.4071092194232079,0.5842799814499481,0.03427998144994804,34.27998144994804,0.0,0.0,0.4891394549993552,0.0,0.0,0.010860545000644817,10.860545000644816,True,11.751171282087816,0.0,11.751171282087816,main,BO,0.55,76,bo,matern,ei,13345,100,20,0.4256914999568835,0.15256570000201464,0.008488699910230935,0.5868789000669494,454.6755468451871,5000,4000,1000,0.006899200493013223,0.830614260232343,29.967464824252055,False
4936.67031776045,0.3244340282649,0.12221887550282444,3.771811371855475,0.09401507087897717,0.3689480833329858,0.9819058050744144,0.641240080756857,0.06348250143664125,0.923937123951825,0.13383569596590605,0.37896166665971565,0.5561067494883254,0.006106749488325347,6.106749488325347,0.0,0.0,0.4935224236174074,0.0,0.0,0.006477576382592609,6.477576382592609,True,0.3729238931316189,0.0,0.3729238931316189,main,BO,0.55,77,bo,matern,ei,13345,100,20,0.48239639995153993,0.18397940008435398,0.010342299938201904,0.6768393999664113,421.4399316169395,5000,4000,1000,0.006899200493013223,0.830614260232343,29.967464824252055,False
3502.8252501109782,0.2941396462738112,0.2138544300635259,2.604030952755994,0.09,0.35,0.5722357857459939,0.5546847036394605,0.32529837161007397,0.534676984251998,0.0,0.0,0.5456888383185003,0.004311161681499698,4.311161681499698,0.004311161681499698,4.311161681499698,0.4699435802561304,0.0,0.0,0.030056419743869578,30.05641974386958,True,0.185861150440313,0.0,0.185861150440313,main,BO,0.55,78,bo,matern,ei,13345,100,20,0.40943220001645386,0.2663185999263078,0.008059800020419061,0.6839370999950916,185.1054131737481,5000,4000,1000,0.006899200493013223,0.830614260232343,29.967464824252055,False
3710.8771004492905,0.3315798143673488,0.3279334325614403,3.7812185181498856,0.0912706534533099,0.362691650487049,0.6316791715569402,0.6616566124781394,0.6512383787469723,0.9270728393832952,0.04235511511033008,0.25383300974098033,0.5468999369683534,0.0031000630316466715,3.1000630316466715,0.0031000630316466715,3.1000630316466715,0.4805170235188502,0.0,0.0,0.019482976481149827,19.482976481149826,True,0.09610390800182352,0.0,0.09610390800182352,main,BO,0.55,79,bo,matern,ei,13345,100,20,0.45663320005405694,0.19345769996289164,0.010054900078102946,0.6602969999657944,405.13049451538836,5000,4000,1000,0.006899200493013223,0.830614260232343,29.967464824252055,False
1641.692483893587,0.4095562622754402,0.443412321156602,1.7660923698617834,0.09367345830902349,0.3504024603368889,0.04048356682673915,0.8844464636441147,0.9811780604474345,0.2553641232872611,0.12244861030078291,0.008049206737778203,0.5698815672892348,0.019881567289234736,19.881567289234738,0.0,0.0,0.4605543069026537,0.0,0.0,0.0394456930973463,39.4456930973463,True,3.9527671787636867,0.0,3.9527671787636867,main,BO,0.55,80,bo,matern,ei,13345,100,20,0.3116980999475345,0.3649650999577716,0.012875000014901161,0.6897252999478951,189.36889214736527,5000,4000,1000,0.006899200493013223,0.830614260232343,29.967464824252055,False
4959.515353271307,0.33157450334710775,0.11907561977513868,1.7344067457602395,0.096853030012162,0.3533321614901498,0.9884329580775163,0.6616414381345936,0.054501770786110515,0.24480224858674648,0.22843433373873356,0.06664322980299564,0.5674054553281156,0.01740545532811555,17.40545532811555,0.0,0.0,0.4574937636036821,0.0,0.0,0.0425062363963179,42.506236396317895,True,3.0294987517902596,0.0,3.0294987517902596,main,BO,0.55,81,bo,matern,ei,13345,100,20,0.4388448999961838,0.2866067999275401,0.008383900043554604,0.7339651000220329,182.86749448660382,5000,4000,1000,0.006899200493013223,0.830614260232343,29.967464824252055,False
2406.448467013728,0.2638193977792794,0.41896063486314195,1.2942722007380727,0.09105955610218554,0.36281176933340564,0.2589852762896365,0.46805542222651253,0.911316099608977,0.0980907335793576,0.035318536739518014,0.25623538666811363,0.5928210928952397,0.04282109289523961,42.82109289523961,0.0,0.0,0.47066567510810986,0.0,0.0,0.02933432489189014,29.33432489189014,True,18.3364599674274,0.0,18.3364599674274,main,BO,0.55,82,bo,matern,ei,13345,100,20,0.697338999947533,0.31681029999163,0.018959300010465086,1.0333131999941543,166.31994248173072,5000,4000,1000,0.006899200493013223,0.830614260232343,29.967464824252055,False
4728.0155836225385,0.26190256588082866,0.38406519024533503,3.1242846140144276,0.09282356260135055,0.35180556894788934,0.9222901667492968,0.46257875965951045,0.8116148292723858,0.7080948713381425,0.09411875337835163,0.0361113789577876,0.5467600810114561,0.0032399189885439217,3.2399189885439217,0.0032399189885439217,3.2399189885439217,0.4865312595058906,0.0,0.0,0.013468740494109399,13.468740494109399,True,0.10497075052327469,0.0,0.10497075052327469,main,BO,0.55,83,bo,matern,ei,13345,100,20,0.5573072000406682,0.2404539999552071,0.013531099888496101,0.8114588999887928,173.31644199169327,5000,4000,1000,0.006899200493013223,0.830614260232343,29.967464824252055,False
4470.864929311365,0.19735502390445955,0.18986185198508626,2.4284586625396427,0.09,0.35,0.8488185512318187,0.2781572111555987,0.2567481485288179,0.47615288751321433,0.0,0.0,0.5468855531023394,0.0031144468976606055,3.1144468976606055,0.0031144468976606055,3.1144468976606055,0.4707386893979088,0.0,0.0,0.029261310602091195,29.261310602091196,True,0.0969977947834777,0.0,0.0969977947834777,main,BO,0.55,84,bo,matern,ei,13345,100,20,0.4946133999619633,0.21850820002146065,0.013027600012719631,0.7263044998981059,170.61971949381336,5000,4000,1000,0.006899200493013223,0.830614260232343,29.967464824252055,False
1938.5600473413556,0.4425220660572473,0.37252994816618734,2.4597342761354772,0.09135178707822446,0.35144368196491665,0.12530287066895873,0.9786344744492782,0.7786569947605354,0.4865780920451591,0.04505956927414867,0.02887363929833353,0.5508903668505183,0.0008903668505182427,0.8903668505182427,0.0,0.0,0.4544066393601703,0.0,0.0,0.045593360639829716,45.59336063982972,True,0.007927531285017747,0.0,0.007927531285017747,main,BO,0.55,85,bo,matern,ei,13345,100,20,0.2858175999717787,0.2681005001068115,0.011307999957352877,0.5653684999560937,156.31933329030085,5000,4000,1000,0.006899200493013223,0.830614260232343,29.967464824252055,False
1757.7675771312897,0.3794238190343142,0.18507637959665874,2.149609960598303,0.0916910949319618,0.3993733684613031,0.07364787918036853,0.7983537686694693,0.24307537027616777,0.38320332019943426,0.056369831065393505,0.9874673692260623,0.6083407371740961,0.05834073717409605,58.34073717409605,0.0,0.0,0.5066622423596941,0.006662242359694148,6.662242359694148,-0.006662242359694148,-6.662242359694148,False,34.03641614016952,17.754189303721223,51.79060544389074,main,BO,0.55,86,bo,matern,ei,13345,100,20,0.28492710005957633,0.18787619995418936,0.009101200033910573,0.4820320999715477,386.69768476354096,5000,4000,1000,0.006899200493013223,0.830614260232343,29.967464824252055,False
3907.099518432283,0.2157234431029784,0.22702931025411913,1.7934018792173823,0.09,0.3537334354113463,0.6877427195520808,0.33063840886565254,0.36294088644034034,0.26446729307246075,0.0,0.07466870822692556,0.5609954749997816,0.010995474999781596,10.995474999781596,0.0,0.0,0.45808972772548334,0.0,0.0,0.04191027227451666,41.91027227451666,True,1.2090047047082209,0.0,1.2090047047082209,main,BO,0.55,87,bo,matern,ei,13345,100,20,0.4655716000124812,0.3459702000254765,0.015890999929979444,0.8276194999925792,157.55238400036404,5000,4000,1000,0.006899200493013223,0.830614260232343,29.967464824252055,False
4725.232347392758,0.33617777431489354,0.3075589626947863,3.9877056036722536,0.09102493717582162,0.36275753739101596,0.9214949563979309,0.6747936408996958,0.5930256076993894,0.9959018678907512,0.03416457252738747,0.255150747820319,0.542415244184643,0.007584755815357003,7.584755815357003,0.007584755815357003,7.584755815357003,0.47991993874701083,0.0,0.0,0.020080061252989168,20.080061252989168,True,0.5752852077859187,0.0,0.5752852077859187,main,BO,0.55,88,bo,matern,ei,13345,100,20,0.4977585000451654,0.29112359997816384,0.011718800058588386,0.800751099945046,205.93218754380948,5000,4000,1000,0.006899200493013223,0.830614260232343,29.967464824252055,False
4781.157032531948,0.3439527716749992,0.26495808967189904,2.4968688371393077,0.09496941292980589,0.3522008654029062,0.9374734378662708,0.6970079190714263,0.4713088276339973,0.4989562790464359,0.16564709766019647,0.04401730805812443,0.5539084427830587,0.003908442783058685,3.9084427830586854,0.0,0.0,0.46366491667923254,0.0,0.0,0.03633508332076746,36.33508332076746,True,0.15275924988443523,0.0,0.15275924988443523,main,BO,0.55,89,bo,matern,ei,13345,100,20,0.43520229996647686,0.17851470003370196,0.009165900060907006,0.6230187999317423,148.04787001410304,5000,4000,1000,0.006899200493013223,0.830614260232343,29.967464824252055,False
4193.3476452637005,0.26007725005043947,0.32734119867994915,1.337504790998141,0.10930002397056672,0.3584594040213972,0.7695278986467716,0.45736357157268426,0.6495462819427119,0.11250159699938034,0.6433341323522241,0.16918808042794475,0.6173261928052743,0.0673261928052743,67.3261928052743,0.0,0.0,0.4792644025239256,0.0,0.0,0.020735597476074397,20.735597476074396,True,45.32816237652968,0.0,45.32816237652968,main,BO,0.55,90,bo,matern,ei,13345,100,20,0.39382830006070435,0.23340769996866584,0.01246480003464967,0.6398502999218181,175.83539311824555,5000,4000,1000,0.006899200493013223,0.830614260232343,29.967464824252055,False
4998.464457976223,0.10499743213220294,0.3231319332210343,1.1932053115738017,0.09233805090862549,0.3601241480697933,0.9995612737074921,0.01427837752057981,0.6375198092029551,0.06440177052460061,0.07793503028751614,0.20248296139586708,0.5829872461058102,0.032987246105810164,32.987246105810165,0.0,0.0,0.46209369089172264,0.0,0.0,0.03790630910827736,37.906309108277355,True,10.881584056452878,0.0,10.881584056452878,main,BO,0.55,91,bo,matern,ei,13345,100,20,0.43850209994707257,0.2967800999758765,0.012200700002722442,0.7476705999579281,137.95482336928515,5000,4000,1000,0.006899200493013223,0.830614260232343,29.967464824252055,False
3323.6462492363207,0.1991245137311583,0.16694361467150415,1.462303506647046,0.0913998260871449,0.3538431396902491,0.5210417854960917,0.283212896374738,0.1912674704900118,0.1541011688823487,0.04666086957149718,0.07686279380498284,0.5725075751046598,0.022507575104659727,22.50757510465973,0.0,0.0,0.4579667579093111,0.0,0.0,0.04203324209068893,42.03324209068893,True,5.065909370918983,0.0,5.065909370918983,main,BO,0.55,92,bo,matern,ei,13345,100,20,0.36188209999818355,0.19989789999090135,0.009336599963717163,0.5712431999854743,142.33510463520582,5000,4000,1000,0.006899200493013223,0.830614260232343,29.967464824252055,False
1591.0439620458446,0.42374948469948737,0.11507619351720363,3.996616027781145,0.09230924559125518,0.3781881117409433,0.026012560584527056,0.9249985277128211,0.04307483862058181,0.9988720092603817,0.07697485304183971,0.5637622348188661,0.5638591281390685,0.013859128139068422,13.859128139068421,0.0,0.0,0.48314756220116034,0.0,0.0,0.01685243779883966,16.85243779883966,True,1.9207543277511814,0.0,1.9207543277511814,main,BO,0.55,93,bo,matern,ei,13345,100,20,0.31246230006217957,0.31276179989799857,0.012493899906985462,0.637861399911344,142.12775644264676,5000,4000,1000,0.006899200493013223,0.830614260232343,29.967464824252055,False
4696.468342079238,0.16890340126597875,0.39628879003224626,2.308100624680407,0.09456058834112156,0.3622788103936855,0.9132766691654965,0.1968668607599393,0.8465394000921321,0.43603354156013563,0.15201961137071884,0.2455762078737096,0.5732157629321063,0.023215762932106254,23.215762932106255,0.0,0.0,0.4850783163653947,0.0,0.0,0.014921683634605276,14.921683634605277,True,5.389716485197588,0.0,5.389716485197588,main,BO,0.55,94,bo,matern,ei,13345,100,20,0.46441849996335804,0.4427631999133155,0.013938700081780553,0.9212490000063553,142.99466364951215,5000,4000,1000,0.006899200493013223,0.830614260232343,29.967464824252055,False
3297.812672326948,0.4116674465140082,0.22355982712699513,3.4454596431690163,0.09506839252875018,0.35384103743919426,0.5136607635219851,0.890478418611452,0.3530280775057004,0.815153214389672,0.16894641762500617,0.07682074878388612,0.5453188477097803,0.004681152290219703,4.681152290219703,0.004681152290219703,4.681152290219703,0.45838186444652906,0.0,0.0,0.041618135553470936,41.618135553470935,True,0.21913186764229173,0.0,0.21913186764229173,main,BO,0.55,95,bo,matern,ei,13345,100,20,0.3754905000096187,0.3083399999886751,0.009954199893400073,0.6939109999220818,147.11050821757135,5000,4000,1000,0.006899200493013223,0.830614260232343,29.967464824252055,False
4068.2832692695,0.26439022270779006,0.16390408694180975,3.6230514206030753,0.09040941962766118,0.3632166159487982,0.7337952197912857,0.4696863505936859,0.1825831055480278,0.8743504735343585,0.013647320922039241,0.2643323189759643,0.5472965712199482,0.0027034287800518086,2.7034287800518086,0.0027034287800518086,2.7034287800518086,0.5041557406507052,0.004155740650705231,4.155740650705231,-0.004155740650705231,-4.155740650705231,False,0.0730852716881241,6.908072142369575,6.981157414057699,main,BO,0.55,96,bo,matern,ei,13345,100,20,0.47357749997172505,0.33721399994101375,0.013718500034883618,0.8246383999940008,131.09613869378705,5000,4000,1000,0.006899200493013223,0.830614260232343,29.967464824252055,False
1902.1860513659115,0.44307972397054085,0.24019873767497738,3.519613775670411,0.10401896461079616,0.3505225748689261,0.1149103003902604,0.980227782772974,0.4005678219285068,0.8398712585568037,0.4672988203598719,0.01045149737852169,0.5637564989016178,0.013756498901617786,13.756498901617785,0.0,0.0,0.46635225086780463,0.0,0.0,0.03364774913219537,33.64774913219537,True,1.8924126203021137,0.0,1.8924126203021137,main,BO,0.55,97,bo,matern,ei,13345,100,20,0.3237163000740111,0.29859820008277893,0.014945999952033162,0.6374158000107855,100.83321074115689,5000,4000,1000,0.006899200493013223,0.830614260232343,29.967464824252055,False
4597.541209704601,0.31765873582489906,0.17579999514635403,1.0918517442134366,0.09047097589526595,0.3585281688206321,0.8850117742013144,0.6218821023568545,0.21657141470386865,0.03061724807114552,0.015699196508865088,0.17056337641264252,0.571829148450743,0.021829148450742908,21.829148450742906,0.0,0.0,0.45710395616690297,0.0,0.0,0.04289604383309703,42.89604383309703,True,4.765117220845715,0.0,4.765117220845715,main,BO,0.55,98,bo,matern,ei,13345,100,20,0.3763237999519333,0.32413720001932234,0.009697800036519766,0.7103308999212459,121.70899395499438,5000,4000,1000,0.006899200493013223,0.830614260232343,29.967464824252055,False
3168.0630951339035,0.36140024063820986,0.21227272948711545,3.980257181352322,0.09191061604602838,0.3502852069727912,0.47658945575254386,0.7468578303948853,0.3207792271060441,0.993419060450774,0.06368720153427954,0.005704139455823931,0.5327762675278966,0.017223732472103404,17.223732472103404,0.017223732472103404,17.223732472103404,0.46074173458900725,0.0,0.0,0.039258265410992754,39.258265410992756,True,2.966569602705892,0.0,2.966569602705892,main,BO,0.55,99,bo,matern,ei,13345,100,20,0.41426910005975515,0.3408445999957621,0.012911500059999526,0.7681622999953106,142.1034000587732,5000,4000,1000,0.006899200493013223,0.830614260232343,29.967464824252055,False
4116.306580251508,0.1699168120761234,0.20793621312597554,2.3320138479311296,0.09,0.35,0.7475161657861452,0.19976232021749546,0.30838918035993007,0.4440046159770432,0.0,0.0,0.5486512371420211,0.0013487628579789135,1.3487628579789135,0.0013487628579789135,1.3487628579789135,0.4723759206767996,0.0,0.0,0.02762407932320038,27.62407932320038,True,0.018191612470634468,0.0,0.018191612470634468,main,BO,0.55,100,bo,matern,ei,13345,100,20,0.44639199995435774,0.28605130000505596,0.012702899985015392,0.7452804999193177,121.07145583181943,5000,4000,1000,0.006899200493013223,0.830614260232343,29.967464824252055,False
4367.817167114183,0.397516476518222,0.1593555875690052,3.1825950773629943,0.11331503694779912,0.39074331987660393,0.8193763334611951,0.8500470757663485,0.16958739305430054,0.7275316924543314,0.777167898259971,0.8148663975320789,0.6205695882984488,0.020569588298448793,20.569588298448792,0.0,0.0,0.5195580500371932,0.019558050037193242,19.55805003719324,-0.019558050037193242,-19.55805003719324,False,4.231079627676815,153.00692850294183,157.23800813061865,main,BO,0.6,1,initial_lhs,matern,ei,13346,100,20,0.4086133000673726,0.0,0.0,0.4086575999390334,,0,0,0,157.23800813061865,,,True
2459.316454621839,0.17738675401385118,0.32952043062126335,2.6435887758371064,0.11656029948186034,0.3547638375258347,0.27409041560623976,0.22110501146814623,0.6557726589178953,0.5478629252790355,0.8853433160620116,0.09527675051669368,0.624580685573765,0.024580685573765026,24.580685573765027,0.0,0.0,0.5834592536345159,0.0834592536345159,83.45925363451589,-0.0834592536345159,-83.45925363451589,False,6.042101032763001,2786.1788068921824,2792.2209079249455,main,BO,0.6,2,initial_lhs,matern,ei,13346,100,20,0.39341529994271696,0.0,0.0,0.3934669999871403,,0,0,0,157.23800813061865,,,False
2574.8340196763284,0.30806204468846443,0.21240432959028283,1.658549102097767,0.09336595823126563,0.3780013238953382,0.3070954341932367,0.5944629848241841,0.3211552274008081,0.2195163673659223,0.11219860770885463,0.5600264779067636,0.5983001601432009,0.0016998398567991124,1.6998398567991124,0.0016998398567991124,1.6998398567991124,0.48538701027573633,0.0,0.0,0.01461298972426367,14.61298972426367,True,0.028894555387628272,0.0,0.028894555387628272,main,BO,0.6,3,initial_lhs,matern,ei,13346,100,20,0.3389329001074657,0.0,0.0,0.3389752999646589,,0,0,0,0.028894555387628272,1.6998398567991124,14.61298972426367,True
1847.9319079235347,0.21035296299890915,0.29759872149075756,3.926641085856973,0.09682894729194476,0.3947173990522654,0.09940911654958136,0.31529417999688325,0.5645677756878787,0.9755470286189911,0.2276315763981589,0.8943479810453073,0.6091382102382074,0.009138210238207378,9.138210238207378,0.0,0.0,0.5703435192800845,0.07034351928008453,70.34351928008454,-0.07034351928008453,-70.34351928008454,False,0.8350688635767815,1979.2842818830495,1980.1193507466262,main,BO,0.6,4,initial_lhs,matern,ei,13346,100,20,0.4177842999342829,0.0,0.0,0.41782830003648996,,0,0,0,0.028894555387628272,1.6998398567991124,14.61298972426367,False
3164.2505281798517,0.3669434255494939,0.40788818933441073,3.4156627964754325,0.10948944549784154,0.3695054136743564,0.47550015090852904,0.7626955015699826,0.8796805409554592,0.8052209321584775,0.6496481832613846,0.3901082734871285,0.5980687232996134,0.0019312767003866194,1.9312767003866194,0.0019312767003866194,1.9312767003866194,0.4996459811798587,0.0,0.0,0.0003540188201412997,0.3540188201412997,True,0.037298296934562276,0.0,0.037298296934562276,main,BO,0.6,5,initial_lhs,matern,ei,13346,100,20,0.3950137000065297,0.0,0.0,0.3950607000151649,,0,0,0,0.028894555387628272,1.6998398567991124,14.61298972426367,False
2081.110863411227,0.383452318133361,0.23375148393522843,3.075808972316653,0.09781676451835519,0.3711875835369929,0.16603167526035062,0.8098637660953172,0.38214709695779553,0.691936324105551,0.2605588172785067,0.42375167073985737,0.5799948065057263,0.020005193494273654,20.005193494273655,0.020005193494273654,20.005193494273655,0.4821708034850118,0.0,0.0,0.01782919651498821,17.82919651498821,True,4.002077667433289,0.0,4.002077667433289,main,BO,0.6,6,initial_lhs,matern,ei,13346,100,20,0.3323917000088841,0.0,0.0,0.33243559999391437,,0,0,0,0.028894555387628272,1.6998398567991124,14.61298972426367,False
1917.495708323163,0.15132877152018076,0.177187049444299,2.899822978630957,0.11858393659269756,0.3644723055292387,0.11928448809233225,0.1466536329148022,0.22053442698371142,0.6332743262103191,0.9527978864232521,0.28944611058477443,0.6465333026008576,0.04653330260085764,46.53330260085764,0.0,0.0,0.6524394694153736,0.15243946941537356,152.43946941537357,-0.15243946941537356,-152.43946941537357,False,21.653482509429843,9295.116734256244,9316.770216765673,main,BO,0.6,7,initial_lhs,matern,ei,13346,100,20,0.3875234000151977,0.0,0.0,0.3875664999941364,,0,0,0,0.028894555387628272,1.6998398567991124,14.61298972426367,False
4077.1020207111105,0.22890027735047178,0.3458868343244272,1.2168968346629487,0.09284601578113108,0.3602153050088474,0.7363148630603173,0.3682865067156337,0.7025338123555063,0.07229894488764957,0.09486719270436945,0.2043061001769483,0.5846943384369269,0.015305661563073114,15.305661563073114,0.015305661563073114,15.305661563073114,0.463685862418618,0.0,0.0,0.03631413758138202,36.31413758138202,True,2.342632758833337,0.0,2.342632758833337,main,BO,0.6,8,initial_lhs,matern,ei,13346,100,20,0.39324779994785786,0.0,0.0,0.39329959999304265,,0,0,0,0.028894555387628272,1.6998398567991124,14.61298972426367,False
4480.981491628621,0.36211527638854135,0.14293237620428817,3.3571337044770253,0.10441995231079162,0.388824235111153,0.8517089976081775,0.7489007896815467,0.12266393201225192,0.7857112348256752,0.4806650770263879,0.7764847022230595,0.6007362669874388,0.0007362669874387828,0.7362669874387828,0.0,0.0,0.5157062620448923,0.01570626204489234,15.706262044892338,-0.01570626204489234,-15.706262044892338,False,0.005420890767921808,98.67466696913027,98.6800878598982,main,BO,0.6,9,initial_lhs,matern,ei,13346,100,20,0.4293164999689907,0.0,0.0,0.4293634999776259,,0,0,0,0.028894555387628272,1.6998398567991124,14.61298972426367,False
4986.311781585635,0.10875833565143145,0.2664264671886458,3.7326044837146775,0.1182560024137812,0.3557731280985485,0.9960890804530385,0.025023816146946976,0.47550419196755944,0.9108681612382258,0.9418667471260405,0.11546256197096996,0.5984059709703297,0.0015940290296703186,1.5940290296703186,0.0015940290296703186,1.5940290296703186,0.6633845849507604,0.16338458495076036,163.38458495076037,-0.16338458495076036,-163.38458495076037,False,0.025409285474316975,10677.809039812892,10677.834449098365,main,BO,0.6,10,initial_lhs,matern,ei,13346,100,20,0.5427202000282705,0.0,0.0,0.5427681000437587,,0,0,0,0.028894555387628272,1.6998398567991124,14.61298972426367,False
4768.902336868152,0.15333262013778623,0.10405200593157476,2.4766200778951055,0.11482390560314208,0.3846020355428884,0.9339720962480433,0.15237891467938924,0.011577159804499304,0.4922066926317018,0.8274635201047363,0.6920407108577684,0.6333155377408646,0.0333155377408646,33.3155377408646,0.0,0.0,0.5425498328685763,0.042549832868576276,42.549832868576274,-0.042549832868576276,-42.549832868576274,False,11.099250549629733,724.1953108575096,735.2945614071393,main,BO,0.6,11,initial_lhs,matern,ei,13346,100,20,0.47385049995500594,0.0,0.0,0.4738951000617817,,0,0,0,0.028894555387628272,1.6998398567991124,14.61298972426367,False
3273.502018053591,0.33914075132548066,0.41633816101412247,1.358333737723969,0.10180339382033884,0.37378463134218426,0.5067148623010261,0.6832592895013734,0.9038233171832072,0.11944457924132305,0.39344646067796185,0.47569262684368524,0.6172323653460856,0.017232365346085632,17.232365346085633,0.0,0.0,0.4876826784553808,0.0,0.0,0.012317321544619175,12.317321544619176,True,2.96954415420973,0.0,2.96954415420973,main,BO,0.6,12,initial_lhs,matern,ei,13346,100,20,0.33073659997899085,0.0,0.0,0.3307783000636846,,0,0,0,0.028894555387628272,1.6998398567991124,14.61298972426367,False
3928.9369238350614,0.2440469242376595,0.2511164433062967,2.0733078355333734,0.10301530361282897,0.3668941590669017,0.693981978238589,0.41156264067902715,0.431761266589419,0.3577692785111245,0.43384345376096584,0.3378831813380346,0.5991206682425593,0.0008793317574407045,0.8793317574407045,0.0008793317574407045,0.8793317574407045,0.49248418047112147,0.0,0.0,0.007515819528878531,7.515819528878531,True,0.007732243396437579,0.0,0.007732243396437579,main,BO,0.6,13,initial_lhs,matern,ei,13346,100,20,0.4122569999890402,0.0,0.0,0.4122980000684038,,0,0,0,0.007732243396437579,0.8793317574407045,7.515819528878531,True
1584.6996256276802,0.41987161847507004,0.3787723221788185,1.5788676787257887,0.09055656347541323,0.39548456922268904,0.02419989303648009,0.9139189099287715,0.7964923490823386,0.1929558929085962,0.01855211584710788,0.9096913844537804,0.6083717411325538,0.00837174113255379,8.37174113255379,0.0,0.0,0.5021335815928025,0.002133581592802525,2.133581592802525,-0.002133581592802525,-2.133581592802525,False,0.70086049590493,1.8208681652583034,2.5217286611632335,main,BO,0.6,14,initial_lhs,matern,ei,13346,100,20,0.24504429998341948,0.0,0.0,0.24508500006049871,,0,0,0,0.007732243396437579,0.8793317574407045,7.515819528878531,False
2946.2657966160205,0.26501315434694034,0.28155247904721065,1.9105671638468205,0.1061206565048567,0.3502370055025253,0.4132187990331486,0.47146615527697244,0.5187213687063161,0.30352238794894015,0.5373552168285571,0.00474011005050568,0.5977570776060182,0.0022429223939818277,2.2429223939818277,0.0022429223939818277,2.2429223939818277,0.479199312323463,0.0,0.0,0.020800687676536977,20.800687676536977,True,0.05030700865425173,0.0,0.05030700865425173,main,BO,0.6,15,initial_lhs,matern,ei,13346,100,20,0.3686001000460237,0.0,0.0,0.36864200001582503,,0,0,0,0.007732243396437579,0.8793317574407045,7.515819528878531,False
3720.785922366242,0.4397385291741247,0.13450871580299398,1.0457266488322725,0.10761555304202726,0.3822818727532654,0.634510263533212,0.9706815119260706,0.09859633086569705,0.015242216277424147,0.5871851014009086,0.6456374550653086,0.6321563175875295,0.03215631758752957,32.15631758752957,0.0,0.0,0.4991253792057476,0.0,0.0,0.0008746207942523787,0.8746207942523787,True,10.340287607900637,0.0,10.340287607900637,main,BO,0.6,16,initial_lhs,matern,ei,13346,100,20,0.29350179992616177,0.0,0.0,0.2935510999523103,,0,0,0,0.007732243396437579,0.8793317574407045,7.515819528878531,False
2849.9182184951437,0.13277460295220445,0.43409660575315023,1.8508293964175229,0.0950514437560935,0.3860903340166933,0.3856909195700411,0.09364172272058416,0.9545617307232863,0.2836097988058409,0.16838145853645042,0.7218066803338653,0.6185741593955861,0.018574159395586154,18.574159395586154,0.0,0.0,0.5106765583354933,0.010676558335493302,10.676558335493302,-0.010676558335493302,-10.676558335493302,False,3.449993972526414,45.595559156476604,49.04555312900302,main,BO,0.6,17,initial_lhs,matern,ei,13346,100,20,0.4113727000076324,0.0,0.0,0.41142080002464354,,0,0,0,0.007732243396437579,0.8793317574407045,7.515819528878531,False
4178.684512366679,0.19473123989395014,0.19348526457010012,2.7213651729554416,0.1096849242847289,0.3595498133859764,0.7653384321047654,0.27066068541128613,0.2671007559145718,0.5737883909851472,0.6561641428242966,0.19099626771952855,0.5965734800105077,0.0034265199894922826,3.4265199894922826,0.0034265199894922826,3.4265199894922826,0.5256547652935315,0.0256547652935315,25.6547652935315,-0.0256547652935315,-25.6547652935315,False,0.11741039238390193,263.26679290647536,263.38420329885923,main,BO,0.6,18,initial_lhs,matern,ei,13346,100,20,3.573106399970129,0.0,0.0,3.5731511000776663,,0,0,0,0.007732243396437579,0.8793317574407045,7.515819528878531,False
2348.8543582210427,0.3167926948644122,0.3194407115758109,3.688436813364982,0.09900458453978553,0.39867041525736036,0.2425298166345836,0.6194076996126063,0.6269734616451741,0.8961456044549939,0.30015281799285093,0.9734083051472069,0.6078045308124026,0.007804530812402621,7.804530812402621,0.0,0.0,0.5283287546628543,0.02832875466285434,28.328754662854337,-0.02832875466285434,-28.328754662854337,False,0.6091070120174192,321.00733629927663,321.61644331129406,main,BO,0.6,19,initial_lhs,matern,ei,13346,100,20,0.46222190000116825,0.0,0.0,0.46227110002655536,,0,0,0,0.007732243396437579,0.8793317574407045,7.515819528878531,False
3453.5229101247487,0.2789572450987786,0.38426175484994407,2.292852688243732,0.1116184917249944,0.3764189540661303,0.5581494028927854,0.5113064145679389,0.8121764424284118,0.43095089608124404,0.7206163908331469,0.5283790813226058,0.6276636781612528,0.027663678161252814,27.663678161252815,0.0,0.0,0.5189066257687243,0.01890662576872426,18.90662576872426,-0.01890662576872426,-18.90662576872426,False,7.652790894093759,142.9841991834353,150.63699007752905,main,BO,0.6,20,initial_lhs,matern,ei,13346,100,20,0.4325100000714883,0.0,0.0,0.4325647000223398,,0,0,0,0.007732243396437579,0.8793317574407045,7.515819528878531,False
4302.647522423459,0.12115585846098416,0.22456670107669374,3.2725498239774824,0.11907335392352014,0.39965744733602054,0.8007564349781312,0.060445309888526144,0.35590486021912493,0.7575166079924942,0.9691117974506714,0.9931489467204102,0.6516609217215644,0.051660921721564446,51.66092172156445,0.0,0.0,0.6594136499923,0.1594136499923,159.4136499923,-0.1594136499923,-159.4136499923,False,26.68850833121609,10165.084721547011,10191.773229878227,main,BO,0.6,21,bo,matern,ei,13346,100,20,0.5022390000522137,0.13402539992239326,0.003276800038293004,0.6396454999921843,2010.4127464528092,5000,4000,1000,0.007732243396437579,0.8793317574407045,7.515819528878531,False
4168.635332577391,0.42044326351793304,0.18448184245802532,1.0302576770601932,0.09805790799778993,0.36456213443553537,0.7624672378792544,0.9155521814798089,0.24137669273721518,0.01008589235339774,0.2685969332596646,0.2912426887107077,0.5940438974248047,0.005956102575195299,5.956102575195299,0.005956102575195299,5.956102575195299,0.47064483299684146,0.0,0.0,0.029355167003158544,29.355167003158545,True,0.3547515788624807,0.0,0.3547515788624807,main,BO,0.6,22,bo,matern,ei,13346,100,20,0.35086169990245253,0.06624220008961856,0.0030634000431746244,0.4202692999970168,1275.3221448330069,5000,4000,1000,0.007732243396437579,0.8793317574407045,7.515819528878531,False
4758.5655089145785,0.17119039175088258,0.4165459444970786,1.759701821279217,0.10329884567033241,0.37263205355102735,0.9310187168327368,0.2034011192882359,0.9044169842773676,0.2532339404264057,0.4432948556777473,0.45264107102054707,0.6120515208940849,0.0120515208940849,12.051520894084899,0.0,0.0,0.49006208304777316,0.0,0.0,0.009937916952226844,9.937916952226844,True,1.4523915586056488,0.0,1.4523915586056488,main,BO,0.6,23,bo,matern,ei,13346,100,20,0.45402379997540265,0.0764477999182418,0.0033623999916017056,0.5339354000752792,2297.862047864506,5000,4000,1000,0.007732243396437579,0.8793317574407045,7.515819528878531,False
4844.725418694443,0.21463389108261643,0.3624348086883935,2.464300663599033,0.09776643507217947,0.3990091550541037,0.9556358339126978,0.3275254030931898,0.7498137391096956,0.48810022119967766,0.258881169072649,0.9801831010820742,0.611961432271227,0.011961432271227035,11.961432271227036,0.0,0.0,0.5266311426253332,0.02663114262533317,26.63114262533317,-0.02663114262533317,-26.63114262533317,False,1.4307586197915154,283.6871030123349,285.1178616321264,main,BO,0.6,24,bo,matern,ei,13346,100,20,0.4971459999214858,0.04216960002668202,0.0030779000371694565,0.5424985999707133,1384.7677924198663,5000,4000,1000,0.007732243396437579,0.8793317574407045,7.515819528878531,False
4661.5367943948095,0.44433437476392235,0.38019006971627756,3.0585354251891856,0.10632214859894527,0.371473522800271,0.9032962269699456,0.9838124993254924,0.8005430563322216,0.6861784750630618,0.5440716199648427,0.4294704560054209,0.5897817768701026,0.010218223129897397,10.218223129897396,0.010218223129897397,10.218223129897396,0.48441643481118274,0.0,0.0,0.015583565188817261,15.58356518881726,True,1.0441208393237016,0.0,1.0441208393237016,main,BO,0.6,25,bo,matern,ei,13346,100,20,0.3957664999179542,0.06586820003576577,0.003526399959810078,0.4652671000221744,1219.1258927364743,5000,4000,1000,0.007732243396437579,0.8793317574407045,7.515819528878531,False
1585.4087863620186,0.44918626282518126,0.34834872808103723,1.032136529081213,0.10609406231554316,0.38735805463775397,0.024402510389148202,0.997675036643375,0.7095677945172493,0.010712176360404335,0.536468743851439,0.7471610927550791,0.6427568854709742,0.042756885470974226,42.756885470974225,0.0,0.0,0.5118781391073578,0.011878139107357799,11.8781391073578,-0.011878139107357799,-11.8781391073578,False,18.281512551780065,56.4360754614971,74.71758801327717,main,BO,0.6,26,bo,matern,ei,13346,100,20,0.21253060002345592,0.07509060006123036,0.0034265000140294433,0.29115269996691495,1179.7918492294102,5000,4000,1000,0.007732243396437579,0.8793317574407045,7.515819528878531,False
4960.941750664119,0.2342024979397843,0.1125071961014117,1.1050233362184667,0.11115197443543115,0.35036327132591216,0.9888405001897485,0.3834357083993837,0.03573484600403343,0.035007778739488904,0.7050658145143718,0.0072654265182438005,0.6124217285110615,0.012421728511061492,12.421728511061492,0.0,0.0,0.4717731348267331,0.0,0.0,0.02822686517326689,28.22686517326689,True,1.5429933920251795,0.0,1.5429933920251795,main,BO,0.6,27,bo,matern,ei,13346,100,20,0.46103399991989136,0.09912010002881289,0.003615700057707727,0.5638929000124335,4128.813575954457,5000,4000,1000,0.007732243396437579,0.8793317574407045,7.515819528878531,False
4908.354520123863,0.17998259568549177,0.22943102682782449,2.3963578883047845,0.1046110490540449,0.35142647330945564,0.9738155771782465,0.22852170195854793,0.36980293379378426,0.46545262943492816,0.48703496846816374,0.028529466189113784,0.5797876510735364,0.02021234892646362,20.21234892646362,0.02021234892646362,20.21234892646362,0.4882205440630062,0.0,0.0,0.01177945593699381,11.77945593699381,True,4.08539049125115,0.0,4.08539049125115,main,BO,0.6,28,bo,matern,ei,13346,100,20,0.5018832999048755,0.0999547999817878,0.004146999912336469,0.6061098000500351,1050.0491089730683,5000,4000,1000,0.007732243396437579,0.8793317574407045,7.515819528878531,False
4943.22511477067,0.21662088412346459,0.22500327779564308,2.6998551527174666,0.09428111301496243,0.3790804547873341,0.9837786042201915,0.3332025260670417,0.35715222227326593,0.5666183842391556,0.14270376716541455,0.5816090957466824,0.5804852166305859,0.019514783369414035,19.514783369414033,0.019514783369414035,19.514783369414033,0.5089595091935502,0.008959509193550153,8.959509193550153,-0.008959509193550153,-8.959509193550153,False,3.808267699551586,32.10912199572388,35.91738969527547,main,BO,0.6,29,bo,matern,ei,13346,100,20,0.4898185998899862,0.07301570009440184,0.004604600020684302,0.5675509000429884,545.9696091831529,5000,4000,1000,0.007732243396437579,0.8793317574407045,7.515819528878531,False
1581.4481261931267,0.3240375172379909,0.4212310126784097,2.929676785345921,0.10876348521345416,0.3670127998806182,0.023270893198036213,0.6401071921085454,0.9178028933668849,0.643225595115307,0.6254495071151389,0.34025599761236414,0.6155714333055988,0.015571433305598847,15.571433305598848,0.0,0.0,0.5028327850630347,0.0028327850630347484,2.8327850630347484,-0.0028327850630347484,-2.8327850630347484,False,2.4246953519071304,3.2098684853411137,5.634563837248244,main,BO,0.6,30,bo,matern,ei,13346,100,20,0.33750260004308075,0.08743309997953475,0.0037480000173673034,0.4287876000162214,489.57353758171007,5000,4000,1000,0.007732243396437579,0.8793317574407045,7.515819528878531,False
3796.884101261633,0.15631589832896947,0.22716075128752639,2.327973753277126,0.0990016184514911,0.35082624308800475,0.6562526003604666,0.16090256665419844,0.36331643225007537,0.44265791775904206,0.30005394838303656,0.016524861760095377,0.57177696047696,0.02822303952303995,28.22303952303995,0.02822303952303995,28.22303952303995,0.49092969280251475,0.0,0.0,0.00907030719748525,9.07030719748525,True,7.965399599190751,0.0,7.965399599190751,main,BO,0.6,31,bo,matern,ei,13346,100,20,0.44778219994623214,0.1051115000154823,0.00497809995431453,0.5579787000315264,812.8459446622376,5000,4000,1000,0.007732243396437579,0.8793317574407045,7.515819528878531,False
1560.8696006262853,0.2514720006046134,0.2943257938241931,1.0382271841103323,0.09183775911666112,0.3953106097650607,0.01739131446465292,0.4327771445846096,0.555216553783409,0.012742394703444071,0.06125863722203739,0.9062121953012134,0.6439876316760705,0.04398763167607056,43.98763167607056,0.0,0.0,0.5142505370648999,0.01425053706489987,14.25053706489987,-0.01425053706489987,-14.25053706489987,False,19.34911740469646,81.23112265523402,100.58024005993047,main,BO,0.6,32,bo,matern,ei,13346,100,20,0.27422469994053245,0.06531179999001324,0.0038192999782040715,0.3434578001033515,424.80821267326485,5000,4000,1000,0.007732243396437579,0.8793317574407045,7.515819528878531,False
4128.240300404554,0.2279914484288605,0.44721931814777316,3.978775884707102,0.09002226784380554,0.351539308958449,0.7509258001155866,0.3656898526538871,0.9920551947079232,0.9929252949023673,0.0007422614601848565,0.0307861791689803,0.5350075370192268,0.06499246298077321,64.99246298077321,0.06499246298077321,64.99246298077321,0.5111450375227935,0.0111450375227935,11.1450375227935,-0.0111450375227935,-11.1450375227935,False,42.240202443071766,49.684744553790026,91.92494699686179,main,BO,0.6,33,bo,matern,ei,13346,100,20,0.5809784000739455,0.11471650004386902,0.00518839992582798,0.7010011000093073,598.8582527407581,5000,4000,1000,0.007732243396437579,0.8793317574407045,7.515819528878531,False
4951.8250701748,0.33139650770191914,0.42862733781631457,2.0969396889147447,0.10042092801276153,0.3858023311795271,0.9862357343356573,0.6611328791483404,0.938935250903756,0.3656465629715815,0.34736426709205126,0.7160466235905415,0.6081322495275545,0.008132249527554536,8.132249527554535,0.0,0.0,0.4984373097827207,0.0,0.0,0.0015626902172792834,1.5626902172792834,True,0.6613348237841097,0.0,0.6613348237841097,main,BO,0.6,34,bo,matern,ei,13346,100,20,0.4652994000352919,0.10678799997549504,0.005110300029627979,0.5773317998973653,396.1258524362479,5000,4000,1000,0.007732243396437579,0.8793317574407045,7.515819528878531,False
4672.836526145352,0.4455222851234374,0.3659413147848293,1.1426678561507992,0.1155404598644246,0.3788590163919763,0.9065247217558148,0.987206528924107,0.7598323279566552,0.047555952050266415,0.8513486621474867,0.5771803278395259,0.648086820802452,0.04808682080245197,48.08682080245197,0.0,0.0,0.5025253982656658,0.002525398265665779,2.525398265665779,-0.002525398265665779,-2.525398265665779,False,23.12342334887127,2.55105456009109,25.67447790896236,main,BO,0.6,35,bo,matern,ei,13346,100,20,0.31639910000376403,0.05477919999975711,0.00529509992338717,0.37658509996253997,560.3565581612315,5000,4000,1000,0.007732243396437579,0.8793317574407045,7.515819528878531,False
1562.5222047112347,0.3843540334343162,0.16799649397486854,3.223006489756541,0.09444824427243392,0.39455303304479594,0.01786348706035279,0.8124400955266176,0.19427569707105297,0.7410021632521804,0.14827480908113067,0.8910606608959184,0.5977239651815864,0.0022760348184135415,2.2760348184135415,0.0022760348184135415,2.2760348184135415,0.5047062558188421,0.004706255818842098,4.706255818842098,-0.004706255818842098,-4.706255818842098,False,0.05180334494630763,8.859537532954041,8.911340877900349,main,BO,0.6,36,bo,matern,ei,13346,100,20,0.31644369999412447,0.08994790003634989,0.004372600000351667,0.41088740003760904,322.2832298212797,5000,4000,1000,0.007732243396437579,0.8793317574407045,7.515819528878531,False
1502.3707142699334,0.40579723009274526,0.35485808509411554,2.55967307786611,0.11031002749584186,0.35652128176995884,0.0006773469342666871,0.8737063716935579,0.7281659574117586,0.51989102595537,0.6770009165280622,0.1304256353991773,0.6011082928073289,0.0011082928073289366,1.1082928073289366,0.0,0.0,0.48585819737806385,0.0,0.0,0.01414180262193615,14.14180262193615,True,0.012283129467770555,0.0,0.012283129467770555,main,BO,0.6,37,bo,matern,ei,13346,100,20,0.2989733999129385,0.08035279996693134,0.0046518000308424234,0.3841023000422865,316.4576838522099,5000,4000,1000,0.007732243396437579,0.8793317574407045,7.515819528878531,False
4828.8854886447525,0.18617928363629382,0.40090207328085614,2.1666060107354825,0.09099552581346487,0.3827383733699154,0.9511101396127865,0.24622652467512518,0.8597202093738746,0.3888686702451608,0.03318419378216275,0.6547674673983076,0.5865782776448438,0.013421722355156152,13.421722355156152,0.013421722355156152,13.421722355156152,0.49491969051550394,0.0,0.0,0.0050803094844960595,5.080309484496059,True,1.801426309788984,0.0,1.801426309788984,main,BO,0.6,38,bo,matern,ei,13346,100,20,0.4798722999403253,0.06615540001075715,0.0060258000157773495,0.5521764000877738,255.23251628628321,5000,4000,1000,0.007732243396437579,0.8793317574407045,7.515819528878531,False
1807.7409465987187,0.13581766697535588,0.42708198687544563,1.1608487187536052,0.11326467227620188,0.37047818580257247,0.08792598474249103,0.10233619135815963,0.9345199625012733,0.0536162395845351,0.7754890758733959,0.4095637160514499,0.687749657022392,0.08774965702239201,87.74965702239201,0.0,0.0,0.5186395596286879,0.018639559628687907,18.639559628687906,-0.018639559628687907,-18.639559628687906,False,77.00002307547433,138.97327326056484,215.97329633603917,main,BO,0.6,39,bo,matern,ei,13346,100,20,0.3116368999471888,0.12044369999784976,0.0044778999872505665,0.43668699997942895,549.291115716489,5000,4000,1000,0.007732243396437579,0.8793317574407045,7.515819528878531,False
4013.5403910350205,0.4419022919719662,0.2741530093924349,1.6889708670957737,0.09473014947980901,0.35763965207668214,0.7181543974385773,0.9768636913484748,0.4975800268355284,0.22965695569859124,0.15767164932696698,0.15279304153364293,0.5688707538305349,0.031129246169465108,31.12924616946511,0.031129246169465108,31.12924616946511,0.4594204525593662,0.0,0.0,0.0405795474406338,40.5795474406338,True,9.690299670791582,0.0,9.690299670791582,main,BO,0.6,40,bo,matern,ei,13346,100,20,0.32388190005440265,0.15254350006580353,0.005967600038275123,0.4825245999963954,410.09254861926314,5000,4000,1000,0.007732243396437579,0.8793317574407045,7.515819528878531,False
1574.1389863191869,0.30389184474934305,0.352604687104493,1.5901879178947307,0.09819982464907633,0.39784292559059536,0.02118256751976766,0.5825481278552658,0.7217276774414086,0.19672930596491023,0.2733274883025445,0.956858511811907,0.6442386507084292,0.04423865070842925,44.23865070842925,0.0,0.0,0.5201218442742749,0.02012184427427488,20.12184427427488,-0.02012184427427488,-20.12184427427488,False,19.570582165024074,161.95544679926752,181.52602896429158,main,BO,0.6,41,bo,matern,ei,13346,100,20,0.2819344000890851,0.07611790008377284,0.004627599962987006,0.36279219994321465,431.339801256286,5000,4000,1000,0.007732243396437579,0.8793317574407045,7.515819528878531,False
4361.333593913847,0.2625303454618402,0.2691156307593201,3.953533528354735,0.10781115829079141,0.35932143232018965,0.8175238839753848,0.46437241560525755,0.4831875164552002,0.9845111761182449,0.5937052763597138,0.18642864640379364,0.5737039726750646,0.02629602732493541,26.296027324935412,0.02629602732493541,26.296027324935412,0.528796431393016,0.02879643139301602,28.79643139301602,-0.02879643139301602,-28.79643139301602,False,6.9148105307374985,331.6937843890714,338.6085949198089,main,BO,0.6,42,bo,matern,ei,13346,100,20,0.5189856999786571,0.12447479995898902,0.004716399940662086,0.6483226999407634,480.9880806686524,5000,4000,1000,0.007732243396437579,0.8793317574407045,7.515819528878531,False
1634.4783639484674,0.1264282160396163,0.2871775752005296,1.1447246183004238,0.09083880121130658,0.35002437866384456,0.03842238969956213,0.07550918868461798,0.5347930720015132,0.048241539433474645,0.02796004037688604,0.0004875732768919727,0.6081761792347722,0.008176179234772207,8.176179234772206,0.0,0.0,0.47209287747903655,0.0,0.0,0.027907122520963445,27.907122520963444,True,0.6684990687912024,0.0,0.6684990687912024,main,BO,0.6,43,bo,matern,ei,13346,100,20,0.3048326999414712,0.1386979001108557,0.006168099935166538,0.4498082000063732,1229.9372884115314,5000,4000,1000,0.007732243396437579,0.8793317574407045,7.515819528878531,False
4529.320118269194,0.44469052987941515,0.3504810616522548,3.9709801988374647,0.09240290183771717,0.3998528034981447,0.865520033791198,0.9848300853697576,0.7156601761492996,0.9903267329458216,0.08009672792390576,0.9970560699628938,0.5810675825118117,0.018932417488188302,18.932417488188303,0.018932417488188302,18.932417488188303,0.4978686377847394,0.0,0.0,0.0021313622152606126,2.1313622152606126,True,3.5843643194705828,0.0,3.5843643194705828,main,BO,0.6,44,bo,matern,ei,13346,100,20,0.433452200028114,0.103716199984774,0.006303700036369264,0.5435900000156835,458.1425589597011,5000,4000,1000,0.007732243396437579,0.8793317574407045,7.515819528878531,False
3120.041618371717,0.4247947565495206,0.10810266068687925,2.5757704776189,0.11172472338589076,0.3977901211462702,0.4628690338204906,0.9279850187129162,0.02315045910536928,0.5252568258729666,0.7241574461963586,0.9558024229254035,0.6339087487045869,0.03390874870458693,33.908748704586934,0.0,0.0,0.5192418350327259,0.019241835032725918,19.241835032725916,-0.019241835032725918,-19.241835032725916,False,11.49803238710826,148.09928617065538,159.59731855776363,main,BO,0.6,45,bo,matern,ei,13346,100,20,0.35939380002673715,0.178014500066638,0.00493669998832047,0.54245899990201,944.0494859596727,5000,4000,1000,0.007732243396437579,0.8793317574407045,7.515819528878531,False
3429.874765204327,0.34044198396770475,0.3491907529903807,2.1214545130481124,0.10092027827346405,0.3512830192753461,0.5513927900583792,0.686977097050585,0.7119735799725164,0.3738181710160374,0.36400927578213493,0.0256603855069224,0.577315511143693,0.022684488856307028,22.684488856307027,0.022684488856307028,22.684488856307027,0.4684098154569632,0.0,0.0,0.0315901845430368,31.590184543036802,True,5.145860346719178,0.0,5.145860346719178,main,BO,0.6,46,bo,matern,ei,13346,100,20,0.3870339998975396,0.11286929994821548,0.006688599940389395,0.5067133000120521,742.4428287583074,5000,4000,1000,0.007732243396437579,0.8793317574407045,7.515819528878531,False
3403.450544662038,0.4322006250132815,0.34397655858075565,2.6247178729218223,0.09867167779867202,0.35235530974813123,0.5438430127605823,0.9491446428950902,0.6970758816593019,0.5415726243072742,0.28905592662240065,0.0471061949626248,0.5611843590623236,0.03881564093767642,38.81564093767642,0.03881564093767642,38.81564093767642,0.4590116126373257,0.0,0.0,0.040988387362674295,40.988387362674295,True,15.066539814026216,0.0,15.066539814026216,main,BO,0.6,47,bo,matern,ei,13346,100,20,0.35041089996229857,0.0977716000052169,0.005526200053282082,0.4538438000017777,342.1948533492522,5000,4000,1000,0.007732243396437579,0.8793317574407045,7.515819528878531,False
2088.8692595612356,0.4152214676329954,0.4498178241919649,2.4049576992205903,0.1174164110749596,0.36543824313105105,0.1682483598746387,0.9006327646657011,0.9994794976913283,0.4683192330735302,0.9138803691653202,0.3087648626210211,0.6253202521039141,0.025320252103914087,25.320252103914086,0.0,0.0,0.49830959134289987,0.0,0.0,0.0016904086571001287,1.6904086571001287,True,6.411151666057657,0.0,6.411151666057657,main,BO,0.6,48,bo,matern,ei,13346,100,20,0.31603999994695187,0.10528829996474087,0.0070006001042202115,0.42844030004926026,575.5276838048987,5000,4000,1000,0.007732243396437579,0.8793317574407045,7.515819528878531,False
4448.9108553355145,0.312028421787317,0.44681518338788917,2.6935289804556217,0.11622769062145724,0.37440573222239654,0.8425459586672898,0.6057954908209057,0.9909005239653976,0.5645096601518739,0.8742563540485747,0.48811464444793073,0.624317962558178,0.024317962558177975,24.317962558177975,0.0,0.0,0.5211163100331286,0.021116310033128638,21.116310033128638,-0.021116310033128638,-21.116310033128638,False,5.913633029809459,178.35941976608368,184.27305279589314,main,BO,0.6,49,bo,matern,ei,13346,100,20,0.4727718000067398,0.12648780003655702,0.005670699989423156,0.6050551000516862,947.1090745755148,5000,4000,1000,0.007732243396437579,0.8793317574407045,7.515819528878531,False
2422.537170579804,0.10598668960140242,0.14978307948571223,3.6283022514127086,0.11117426762529649,0.3718625428645443,0.2635820487370868,0.01710482743257835,0.1422373699591778,0.8761007504709029,0.7058089208432164,0.4372508572908863,0.6177123207021966,0.017712320702196638,17.71232070219664,0.0,0.0,0.7489884930505736,0.24898849305057358,248.98849305057357,-0.24898849305057358,-248.98849305057357,False,3.137263046574636,24798.10786863821,24801.245131684784,main,BO,0.6,50,bo,matern,ei,13346,100,20,0.4611771999625489,0.08025399991311133,0.007232200005091727,0.548793499940075,1045.89862245417,5000,4000,1000,0.007732243396437579,0.8793317574407045,7.515819528878531,False
4162.899638573221,0.10349363015134527,0.2069305752096157,1.0235623704789614,0.09630123274154366,0.3567386864478888,0.7608284681637775,0.009981800432415033,0.30551592917033055,0.007854123492987086,0.21004109138478888,0.1347737289577764,0.5944317261012488,0.0055682738987511415,5.5682738987511415,0.0055682738987511415,5.5682738987511415,0.4653331828981428,0.0,0.0,0.034666817101857206,34.666817101857205,True,0.3100567421151324,0.0,0.3100567421151324,main,BO,0.6,51,bo,matern,ei,13346,100,20,0.4236154000973329,0.15655840002000332,0.007313899928703904,0.5876442999579012,1958.2719636531451,5000,4000,1000,0.007732243396437579,0.8793317574407045,7.515819528878531,False
3453.215131855136,0.1501167099389226,0.28834068465121837,1.6363259520248965,0.09221102026642687,0.361706474685746,0.5580614662443246,0.1431905998254931,0.5381162418606239,0.21210865067496554,0.07370067554756243,0.23412949371492053,0.582538274837669,0.01746172516233102,17.46172516233102,0.01746172516233102,17.46172516233102,0.4686140015487967,0.0,0.0,0.03138599845120332,31.385998451203324,True,3.049118456447843,0.0,3.049118456447843,main,BO,0.6,52,bo,matern,ei,13346,100,20,0.41680880007334054,0.1467434000223875,0.008067599963396788,0.5717565999366343,1301.8791207080783,5000,4000,1000,0.007732243396437579,0.8793317574407045,7.515819528878531,False
1906.190844071071,0.44769980840413603,0.3696980052014225,3.9657953040519356,0.09510333331246759,0.3514083197709206,0.11605452687744888,0.9934280240118174,0.7705657291469213,0.9885984346839785,0.17011111041558669,0.028166395418411483,0.5433655417242753,0.056634458275724664,56.63445827572466,0.056634458275724664,56.63445827572466,0.4568708474670156,0.0,0.0,0.04312915253298438,43.129152532984385,True,32.07461864184798,0.0,32.07461864184798,main,BO,0.6,53,bo,matern,ei,13346,100,20,0.3303687999723479,0.23089140001684427,0.0058747000293806195,0.5672573000192642,1005.3354865703229,5000,4000,1000,0.007732243396437579,0.8793317574407045,7.515819528878531,False
1969.9961406002421,0.25367481978733464,0.4202697618501856,3.975522684065134,0.09816965267123488,0.358308746580874,0.13428461160006921,0.43907091367809903,0.9150564624291019,0.9918408946883781,0.27232175570782946,0.1661749316174812,0.5718982795148241,0.028101720485175896,28.101720485175896,0.028101720485175896,28.101720485175896,0.5108090393147012,0.01080903931470123,10.80903931470123,-0.01080903931470123,-10.80903931470123,False,7.897066942269546,46.73413236270274,54.631199304972284,main,BO,0.6,54,bo,matern,ei,13346,100,20,0.438495000009425,0.09977319999597967,0.0075807999819517136,0.5459799999371171,1056.3543687350605,5000,4000,1000,0.007732243396437579,0.8793317574407045,7.515819528878531,False
4727.168203712157,0.2937058093740942,0.44752505456202096,1.014268223260733,0.11480557398234094,0.3635723889180853,0.9220480582034736,0.553445169640269,0.99292872732006,0.004756074420244283,0.8268524660780315,0.27144777836170564,0.6433336936064378,0.043333693606437795,43.3336936064378,0.0,0.0,0.48920905779128054,0.0,0.0,0.010790942208719456,10.790942208719457,True,18.778090015766274,0.0,18.778090015766274,main,BO,0.6,55,bo,matern,ei,13346,100,20,0.4119385000085458,0.12200649990700185,0.00601540005300194,0.5400770000414923,706.5648413338573,5000,4000,1000,0.007732243396437579,0.8793317574407045,7.515819528878531,False
3732.7872038144565,0.17006639625217335,0.28760137247863143,2.017002390885425,0.11183994622856605,0.3586487135982601,0.6379392010898447,0.2001897035776381,0.5360039213675184,0.3390007969618084,0.7279982076188684,0.1729742719652021,0.615773274640002,0.015773274640002,15.773274640002,0.0,0.0,0.5001764785796465,0.0001764785796465329,0.1764785796465329,-0.0001764785796465329,-0.1764785796465329,False,2.487961928689302,0.012457875629623062,2.500419804318925,main,BO,0.6,56,bo,matern,ei,13346,100,20,0.439135399996303,0.05377459991723299,0.00807930005248636,0.5011117000831291,572.5700284663869,5000,4000,1000,0.007732243396437579,0.8793317574407045,7.515819528878531,False
4905.993640550227,0.12087127882658695,0.34419618964776033,1.7279873228904234,0.09412924759534876,0.3687453184631396,0.9731410401572076,0.059632225218819834,0.6977033989936009,0.24266244096347445,0.13764158651162517,0.3749063692627921,0.5865538260747616,0.013446173925238392,13.44617392523839,0.013446173925238392,13.44617392523839,0.4754518028271778,0.0,0.0,0.024548197172822195,24.548197172822196,True,1.8079959322776082,0.0,1.8079959322776082,main,BO,0.6,57,bo,matern,ei,13346,100,20,0.4689224000321701,0.10508749994914979,0.0059890999691560864,0.5801254999823868,593.6140273344417,5000,4000,1000,0.007732243396437579,0.8793317574407045,7.515819528878531,False
1704.1721456346145,0.4484765315980992,0.22029002683956453,3.2610579690644914,0.10122017391290454,0.3552880448150686,0.058334898752747,0.9956472331374264,0.34368579097018437,0.7536859896881638,0.37400579709681814,0.10576089630137275,0.5643258487514978,0.03567415124850215,35.67415124850215,0.03567415124850215,35.67415124850215,0.46933144084898554,0.0,0.0,0.030668559151014463,30.668559151014463,True,12.726450673010076,0.0,12.726450673010076,main,BO,0.6,58,bo,matern,ei,13346,100,20,0.3189057999989018,0.09709910000674427,0.00850709993392229,0.4246387999737635,507.6705306689492,5000,4000,1000,0.007732243396437579,0.8793317574407045,7.515819528878531,False
3349.7445999903016,0.24462894255407802,0.11804958976446271,3.3298933966356827,0.09116260507447546,0.360331487582558,0.5284984571400861,0.4132255501545087,0.05157025646989344,0.7766311322118943,0.0387535024825153,0.20662975165115993,0.5528675347324611,0.04713246526753889,47.13246526753889,0.04713246526753889,47.13246526753889,0.511064039467474,0.01106403946747403,11.064039467474029,-0.01106403946747403,-11.064039467474029,False,22.214692821957602,48.9651877351292,71.1798805570868,main,BO,0.6,59,bo,matern,ei,13346,100,20,0.4794395000208169,0.10359590000007302,0.0063177000265568495,0.5894799999659881,504.9253152789029,5000,4000,1000,0.007732243396437579,0.8793317574407045,7.515819528878531,False
1514.6365470956816,0.4471276548723132,0.14930409830196834,2.1816574619353317,0.09410316261563649,0.3924520028353507,0.00418187059876618,0.9917932996351807,0.14086885229133805,0.3938858206451106,0.13677208718788292,0.8490400567070133,0.5977066731924804,0.002293326807519591,2.293326807519591,0.002293326807519591,2.293326807519591,0.5007695300653277,0.0007695300653276504,0.7695300653276504,-0.0007695300653276504,-0.7695300653276504,False,0.05259347846088,0.23687060857727119,0.2894640870381512,main,BO,0.6,60,bo,matern,ei,13346,100,20,0.2545582000166178,0.09232940000947565,0.008847099961712956,0.3558633999200538,434.49846906767925,5000,4000,1000,0.007732243396437579,0.8793317574407045,7.515819528878531,False
2018.0939705842934,0.35661383498483445,0.40624842535992567,1.0111764782053285,0.10148129065698838,0.37336533737671196,0.14802684873836958,0.7331823856709557,0.8749955010283592,0.00372549273510947,0.3827096885662794,0.46730674753423895,0.6304994858571615,0.030499485857161557,30.499485857161556,0.0,0.0,0.49389049944274993,0.0,0.0,0.006109500557250069,6.109500557250069,True,9.302186375511978,0.0,9.302186375511978,main,BO,0.6,61,bo,matern,ei,13346,100,20,0.263046000036411,0.09862190007697791,0.0064205999951809645,0.3682087999768555,405.5282041473997,5000,4000,1000,0.007732243396437579,0.8793317574407045,7.515819528878531,False
4573.091486157386,0.2733373003422891,0.1486920582164339,1.4972513611789664,0.09497696228573214,0.3530957244052139,0.8780261389021101,0.4952494295493973,0.13912016633266822,0.16575045372632213,0.1658987428577381,0.061914488104278576,0.5707829315380929,0.02921706846190708,29.217068461907083,0.02921706846190708,29.217068461907083,0.45680536063046284,0.0,0.0,0.04319463936953716,43.19463936953716,True,8.536370895077654,0.0,8.536370895077654,main,BO,0.6,62,bo,matern,ei,13346,100,20,0.4371578999562189,0.1460415000328794,0.006743500009179115,0.5900646999944001,422.14616274536706,5000,4000,1000,0.007732243396437579,0.8793317574407045,7.515819528878531,False
4390.766810606222,0.14694997708774502,0.25232873639089226,1.881670781205643,0.09508675428372623,0.35738119599134816,0.8259333744589206,0.13414279167927146,0.43522496111683495,0.29389026040188104,0.1695584761242077,0.14762391982696388,0.5741462552294143,0.025853744770585663,25.853744770585664,0.025853744770585663,25.853744770585664,0.4703530979005442,0.0,0.0,0.029646902099455807,29.646902099455808,True,6.684161186625855,0.0,6.684161186625855,main,BO,0.6,63,bo,matern,ei,13346,100,20,0.47483329998794943,0.07412200001999736,0.008942499989643693,0.55801799998153,402.89390471546693,5000,4000,1000,0.007732243396437579,0.8793317574407045,7.515819528878531,False
4996.5068623837205,0.2313917163173032,0.20721927367514914,3.3034968650245533,0.1019657154020979,0.3511900208836777,0.9990019606810631,0.3754049037637235,0.3063407819289975,0.7678322883415177,0.3988571800699301,0.023800417673554453,0.5616814688572608,0.0383185311427392,38.3185311427392,0.0383185311427392,38.3185311427392,0.5115655870993755,0.011565587099375496,11.565587099375495,-0.011565587099375496,-11.565587099375495,False,14.683098289370738,53.50512198129636,68.1882202706671,main,BO,0.6,64,bo,matern,ei,13346,100,20,0.536198899964802,0.15430489997379482,0.00884659995790571,0.6994713000021875,347.2304172050172,5000,4000,1000,0.007732243396437579,0.8793317574407045,7.515819528878531,False
4921.91686748879,0.18338800973505084,0.3844254134875126,1.1416176611379414,0.09698474672435174,0.35487203416901425,0.9776905335682256,0.23825145638585954,0.8126440385357502,0.0472058870459805,0.23282489081172486,0.09744068338028511,0.589825871282669,0.010174128717331032,10.174128717331033,0.010174128717331032,10.174128717331033,0.46160810331213237,0.0,0.0,0.03839189668786763,38.391896687867636,True,1.0351289515682,0.0,1.0351289515682,main,BO,0.6,65,bo,matern,ei,13346,100,20,0.4385448000393808,0.17147830000612885,0.006543800001963973,0.6166837000055239,350.46885314464066,5000,4000,1000,0.007732243396437579,0.8793317574407045,7.515819528878531,False
4664.4144311413565,0.3993765075615624,0.2099331726261469,3.949325932441175,0.09525611464182043,0.35328705302599817,0.9041184088975305,0.8553614501758926,0.31409477893184834,0.9831086441470583,0.17520382139401447,0.06574106051996331,0.5390236124880883,0.0609763875119117,60.9763875119117,0.0609763875119117,60.9763875119117,0.46142793894417955,0.0,0.0,0.03857206105582045,38.57206105582045,True,37.1811983400282,0.0,37.1811983400282,main,BO,0.6,66,bo,matern,ei,13346,100,20,0.45250790007412434,0.16517759999260306,0.010393799981102347,0.6282055999618024,347.95527475185963,5000,4000,1000,0.007732243396437579,0.8793317574407045,7.515819528878531,False
4988.422844988851,0.44759544735433054,0.3531462297555549,2.1828348103379076,0.09781383997624508,0.360131429174811,0.9966922414253859,0.9931298495838015,0.7232749421587281,0.39427827011263583,0.26046133254150294,0.20262858349622048,0.5704903158059736,0.02950968419402633,29.50968419402633,0.02950968419402633,29.50968419402633,0.4636192371266798,0.0,0.0,0.036380762873320205,36.38076287332021,True,8.708214612311675,0.0,8.708214612311675,main,BO,0.6,67,bo,matern,ei,13346,100,20,0.36382660001982003,0.14836730004753917,0.006826000055298209,0.519144400022924,318.74528087147087,5000,4000,1000,0.007732243396437579,0.8793317574407045,7.515819528878531,False
2933.0851866167604,0.11038686527415989,0.410412406577633,1.2230563531334222,0.0931024767250962,0.3539338630313646,0.40945291046193155,0.029676757926171082,0.8868925902218086,0.0743521177111407,0.10341589083654001,0.07867726062729197,0.5938023869584592,0.0061976130415407615,6.1976130415407615,0.0061976130415407615,6.1976130415407615,0.4642240867916901,0.0,0.0,0.03577591320830992,35.775913208309916,True,0.3841040741267613,0.0,0.3841040741267613,main,BO,0.6,68,bo,matern,ei,13346,100,20,0.4212343000108376,0.07126680004876107,0.010582800023257732,0.5032215000828728,300.9065603112642,5000,4000,1000,0.007732243396437579,0.8793317574407045,7.515819528878531,False
4035.3079109034,0.16586788454045154,0.20521422119651878,2.179079325068993,0.0930238315642606,0.36354347726121544,0.7243736888295429,0.18819395582986154,0.30061206056148226,0.3930264416896643,0.10079438547535358,0.2708695452243093,0.5722074953844998,0.027792504615500202,27.792504615500203,0.027792504615500202,27.792504615500203,0.4853901283709055,0.0,0.0,0.014609871629094495,14.609871629094496,True,7.724233128026,0.0,7.724233128026,main,BO,0.6,69,bo,matern,ei,13346,100,20,0.5062058999901637,0.23493669996969402,0.008223099983297288,0.7494999000336975,286.4259797177809,5000,4000,1000,0.007732243396437579,0.8793317574407045,7.515819528878531,False
4935.404204977169,0.35749809400392785,0.22797664986143776,1.0161998098670684,0.11904434027460428,0.3651246786540567,0.9815440585649055,0.7357088400112225,0.3656475710326793,0.005399936622356161,0.968144675820143,0.3024935730811332,0.6457021268409997,0.045702126840999724,45.702126840999725,0.0,0.0,0.49364048637140845,0.0,0.0,0.006359513628591551,6.359513628591551,True,20.88684397790827,0.0,20.88684397790827,main,BO,0.6,70,bo,matern,ei,13346,100,20,0.42876530007924885,0.1860659000230953,0.009752199985086918,0.6247167000547051,297.0378668749143,5000,4000,1000,0.007732243396437579,0.8793317574407045,7.515819528878531,False
4915.212112830252,0.38482298156169437,0.4164842348587028,1.9552864055598684,0.10143589892500393,0.3503314584607273,0.9757748893800721,0.813779947319127,0.904240671024865,0.3184288018532895,0.38119663083346444,0.006629169214545816,0.5751586766870322,0.024841323312967734,24.841323312967734,0.024841323312967734,24.841323312967734,0.458905832672111,0.0,0.0,0.04109416732788901,41.09416732788901,True,6.170913439393942,0.0,6.170913439393942,main,BO,0.6,71,bo,matern,ei,13346,100,20,0.4517077000346035,0.19951080007012933,0.010903700022026896,0.6622612000210211,283.52436964374914,5000,4000,1000,0.007732243396437579,0.8793317574407045,7.515819528878531,False
1533.234868149676,0.3929908821685504,0.10139000487918508,3.9957506200702886,0.10582066943993962,0.36170425563277386,0.00949567661419315,0.8371168061958584,0.003971442511957357,0.9985835400234295,0.5273556479979875,0.23408511265547804,0.5782733727511121,0.021726627248887853,21.72662724888785,0.021726627248887853,21.72662724888785,0.4841081764316179,0.0,0.0,0.01589182356838209,15.89182356838209,True,4.720463316121162,0.0,4.720463316121162,main,BO,0.6,72,bo,matern,ei,13346,100,20,0.4058913999469951,0.20807980000972748,0.008100400096736848,0.6222289999714121,308.206224788913,5000,4000,1000,0.007732243396437579,0.8793317574407045,7.515819528878531,False
2096.6735462422216,0.29742293332400793,0.2429943454605607,1.0094268205422305,0.11609454778782642,0.35500294902071483,0.17047815606920613,0.5640655237828798,0.40855527274445913,0.00314227351407681,0.8698182595942142,0.1000589804142974,0.6516141476696029,0.05161414766960293,51.61414766960293,0.0,0.0,0.49441295762551113,0.0,0.0,0.005587042374488871,5.58704237448887,True,26.640202396595768,0.0,26.640202396595768,main,BO,0.6,73,bo,matern,ei,13346,100,20,0.332701199920848,0.23158800008241087,0.010853599989786744,0.575308799976483,261.4192974690675,5000,4000,1000,0.007732243396437579,0.8793317574407045,7.515819528878531,False
2736.6372653151957,0.40909905937676005,0.37246862566478967,3.7916435658647787,0.09028035862240542,0.3571562965222372,0.3533249329471987,0.8831401696478859,0.7784817876136847,0.9305478552882596,0.009345287413514147,0.1431259304447441,0.5403422233599506,0.05965777664004934,59.65777664004934,0.05965777664004934,59.65777664004934,0.4561167722116723,0.0,0.0,0.043883227788327706,43.88322778832771,True,35.59050313634017,0.0,35.59050313634017,main,BO,0.6,74,bo,matern,ei,13346,100,20,0.4379093999741599,0.21796979999635369,0.008867199998348951,0.6648968000663444,216.8822241694635,5000,4000,1000,0.007732243396437579,0.8793317574407045,7.515819528878531,False
4926.244229692124,0.37013192879574663,0.4383239615477533,2.722721709260676,0.09816350584519157,0.36214969816700193,0.9789269227691781,0.7718055108449903,0.966639890136438,0.5742405697535586,0.2721168615063859,0.2429939633400383,0.569688255373411,0.030311744626589032,30.311744626589032,0.030311744626589032,30.311744626589032,0.47638837355444014,0.0,0.0,0.023611626445559863,23.611626445559864,True,9.188018623075491,0.0,9.188018623075491,main,BO,0.6,75,bo,matern,ei,13346,100,20,0.5037905999924988,0.23714209999889135,0.01305880001746118,0.7541373000713065,187.29949501215899,5000,4000,1000,0.007732243396437579,0.8793317574407045,7.515819528878531,False
4919.464401785433,0.10170683940910076,0.3396081030983032,1.0673888495037622,0.09235756526542804,0.36375380302007554,0.9769898290815523,0.004876684026002165,0.6845945802808663,0.02246294983458741,0.07858550884760163,0.2750760604015111,0.5897623654824968,0.010237634517503147,10.237634517503146,0.010237634517503147,10.237634517503146,0.46609458743846893,0.0,0.0,0.03390541256153107,33.905412561531065,True,1.0480916051397189,0.0,1.0480916051397189,main,BO,0.6,76,bo,matern,ei,13346,100,20,0.5014680000022054,0.23663130006752908,0.012010099948383868,0.7502742999931797,260.65837370249915,5000,4000,1000,0.007732243396437579,0.8793317574407045,7.515819528878531,False
1537.296504242366,0.36415508891765147,0.19711560807691553,1.8445252095336784,0.10506274939939282,0.3501181194844852,0.01065614406924742,0.7547288254790043,0.27747316593404436,0.28150840317789283,0.5020916466464276,0.0023623896897038144,0.59838071848378,0.001619281516219928,1.619281516219928,0.001619281516219928,1.619281516219928,0.47661570155928357,0.0,0.0,0.023384298440716433,23.384298440716435,True,0.026220726287715095,0.0,0.026220726287715095,main,BO,0.6,77,bo,matern,ei,13346,100,20,0.31957509997300804,0.21276540006510913,0.008739700075238943,0.5412514000199735,200.2761649825848,5000,4000,1000,0.007732243396437579,0.8793317574407045,7.515819528878531,False
1503.7912548444674,0.4023009673023985,0.15000240668912163,1.124824987388346,0.0986785671925578,0.354082237079562,0.0010832156698478146,0.8637170494354244,0.14286401911177604,0.04160832912944867,0.28928557308525993,0.08164474159124013,0.5926308874908999,0.007369112509100106,7.369112509100106,0.007369112509100106,7.369112509100106,0.47265846318867794,0.0,0.0,0.027341536811322065,27.341536811322065,True,0.5430381917177567,0.0,0.5430381917177567,main,BO,0.6,78,bo,matern,ei,13346,100,20,0.262771200039424,0.21167979994788766,0.017550099990330637,0.4921438000164926,177.97818434573534,5000,4000,1000,0.007732243396437579,0.8793317574407045,7.515819528878531,False
1529.8179084063556,0.10903772359741941,0.20456035348109586,1.0047500744180673,0.1082892834137074,0.3809132734797237,0.008519402401815923,0.025822067421198303,0.29874386708884526,0.0015833581393557283,0.6096427804569137,0.6182654695944737,0.6977001786805843,0.09770017868058434,97.70017868058434,0.0,0.0,0.5307575931127799,0.030757593112779924,30.757593112779922,-0.030757593112779924,-30.757593112779922,False,95.45324914218105,378.4118136365308,473.86506277871183,main,BO,0.6,79,bo,matern,ei,13346,100,20,0.32779350003693253,0.23271620005834848,0.00918439996894449,0.5698472999501973,194.69845667125395,5000,4000,1000,0.007732243396437579,0.8793317574407045,7.515819528878531,False
2749.3705869432783,0.14104815724953587,0.44135237541602557,1.5845545767778049,0.09328956050726671,0.35303442221478554,0.35696302484093667,0.11728044928438819,0.9752925011886445,0.19485152559260166,0.10965201690889037,0.06068844429571085,0.5868687739723373,0.013131226027662701,13.131226027662702,0.013131226027662701,13.131226027662702,0.4638138928753264,0.0,0.0,0.03618610712467363,36.186107124673626,True,1.7242909698956637,0.0,1.7242909698956637,main,BO,0.6,80,bo,matern,ei,13346,100,20,0.4229683999437839,0.1257301999721676,0.013910399982705712,0.5627670999383554,177.13531217123972,5000,4000,1000,0.007732243396437579,0.8793317574407045,7.515819528878531,False
3615.4987625016047,0.1622977197301056,0.3909204784915786,2.0572227017656424,0.09496552031550912,0.3513685187192942,0.6044282178576014,0.1779934849431588,0.831201367118796,0.35240756725521405,0.16551734385030403,0.02737037438588452,0.5707897109508955,0.0292102890491045,29.2102890491045,0.0292102890491045,29.2102890491045,0.47504983039515786,0.0,0.0,0.024950169604842143,24.95016960484214,True,8.532409863322341,0.0,8.532409863322341,main,BO,0.6,81,bo,matern,ei,13346,100,20,0.4755142000503838,0.2393562999786809,0.008321400033310056,0.7233342999825254,173.09058174093803,5000,4000,1000,0.007732243396437579,0.8793317574407045,7.515819528878531,False
3818.903169949129,0.11401631069867274,0.4055787944672249,1.5713827262588311,0.10345292491434414,0.3538987542350904,0.6625437628426083,0.0400466019962078,0.8730822699063568,0.19046090875294375,0.44843083047813825,0.07797508470180825,0.6033948972417865,0.003394897241786543,3.394897241786543,0.0,0.0,0.4712085479325992,0.0,0.0,0.028791452067400802,28.7914520674008,True,0.11525327282289878,0.0,0.11525327282289878,main,BO,0.6,82,bo,matern,ei,13346,100,20,0.4538864999776706,0.24693140003364533,0.01354469999205321,0.714507200056687,183.81920522235816,5000,4000,1000,0.007732243396437579,0.8793317574407045,7.515819528878531,False
4823.256365561198,0.338193335288281,0.36854293691963713,1.3984499138796704,0.09166288317581314,0.3566151346659823,0.949501818731771,0.6805523865379457,0.767265534056106,0.13281663795989018,0.055429439193771746,0.13230269331964695,0.5692311165469035,0.030768883453096474,30.768883453096475,0.030768883453096474,30.768883453096475,0.4557532258097272,0.0,0.0,0.044246774190272786,44.24677419027279,True,9.46724188950234,0.0,9.46724188950234,main,BO,0.6,83,bo,matern,ei,13346,100,20,0.39243220002390444,0.2287959000095725,0.011467799893580377,0.6328373999567702,163.1369248796927,5000,4000,1000,0.007732243396437579,0.8793317574407045,7.515819528878531,False
4966.1497700109085,0.4468987195847327,0.13831892292311224,3.559125339523752,0.10707805788344052,0.3833885544227179,0.9903285057174025,0.9911391988135222,0.10948263692317783,0.8530417798412506,0.5692685961146841,0.6677710884543575,0.5925606636183409,0.007439336381659056,7.439336381659056,0.007439336381659056,7.439336381659056,0.49695460458378715,0.0,0.0,0.0030453954162128483,3.0453954162128483,True,0.5534372579947606,0.0,0.5534372579947606,main,BO,0.6,84,bo,matern,ei,13346,100,20,0.4184249999234453,0.17829049995634705,0.008677299949340522,0.6055506999837235,166.46423241281286,5000,4000,1000,0.007732243396437579,0.8793317574407045,7.515819528878531,False
1670.2991076139733,0.35652805371138874,0.2674992165654938,2.6022748146089105,0.09799500609735215,0.3544750666523543,0.04865688788970668,0.7329372963182536,0.4785691901871252,0.5340916048696369,0.26650020324507195,0.08950133304708585,0.575392651867783,0.02460734813221699,24.607348132216988,0.02460734813221699,24.607348132216988,0.47041585441036665,0.0,0.0,0.02958414558963335,29.584145589633348,True,6.055215821001229,0.0,6.055215821001229,main,BO,0.6,85,bo,matern,ei,13346,100,20,0.3122644000686705,0.21657930000219494,0.011418199981562793,0.5403972000349313,164.68752682222663,5000,4000,1000,0.007732243396437579,0.8793317574407045,7.515819528878531,False
3494.7706060209266,0.28803684768139226,0.4406121077696783,1.0805417023480586,0.09340665482427377,0.35589880126962403,0.5699344588631219,0.5372481362325494,0.9731774507705094,0.026847234116019525,0.11355516080912575,0.11797602539248075,0.5872361293552381,0.012763870644761921,12.763870644761921,0.012763870644761921,12.763870644761921,0.4611438841974362,0.0,0.0,0.03885611580256382,38.85611580256382,True,1.629163938362151,0.0,1.629163938362151,main,BO,0.6,86,bo,matern,ei,13346,100,20,0.3564805999631062,0.16485920001287013,0.008669200004078448,0.5301445999648422,154.16698070729942,5000,4000,1000,0.007732243396437579,0.8793317574407045,7.515819528878531,False
4852.131020986768,0.21387265009000447,0.1415506435545909,1.5438617844383788,0.09237922055701075,0.354311929834166,0.9577517202819337,0.3253504288285842,0.11871612444168833,0.18128726147945962,0.07930735190035876,0.08623859668331968,0.5656442903501682,0.03435570964983181,34.35570964983181,0.03435570964983181,34.35570964983181,0.4552224352763452,0.0,0.0,0.044777564723654795,44.77756472365479,True,11.803147855435467,0.0,11.803147855435467,main,BO,0.6,87,bo,matern,ei,13346,100,20,0.4356338999932632,0.20832810003776103,0.012215499999001622,0.6563142999075353,162.4406724368672,5000,4000,1000,0.007732243396437579,0.8793317574407045,7.515819528878531,False
4891.667041325305,0.22220502954586496,0.3345351898594209,3.97692255381369,0.11460809790571352,0.37511528393599136,0.9690477260929444,0.34915722727389986,0.6701005424554882,0.9923075179378966,0.820269930190451,0.5023056787198275,0.6050121373638548,0.005012137363854863,5.012137363854863,0.0,0.0,0.5839606504605822,0.08396065046058221,83.96065046058222,-0.08396065046058221,-83.96065046058222,False,0.25121520954149973,2819.756330305625,2820.0075455151664,main,BO,0.6,88,bo,matern,ei,13346,100,20,0.559188999934122,0.12490469997283071,0.011995899956673384,0.6962230999488384,148.4600464125518,5000,4000,1000,0.007732243396437579,0.8793317574407045,7.515819528878531,False
4262.086783296296,0.29457931455611164,0.2554798073837813,3.8576445058699607,0.09095163896238372,0.354843604792826,0.7891676523703702,0.5559408987317475,0.44422802109651793,0.9525481686233201,0.03172129874612417,0.09687209585652101,0.5377549356197553,0.062245064380244686,62.245064380244685,0.062245064380244686,62.245064380244685,0.4845518158096384,0.0,0.0,0.015448184190361591,15.44818419036159,True,38.744480397008054,0.0,38.744480397008054,main,BO,0.6,89,bo,matern,ei,13346,100,20,0.4907939999829978,0.20636159996502101,0.008844600059092045,0.7061414000345394,702.4221437008158,5000,4000,1000,0.007732243396437579,0.8793317574407045,7.515819528878531,False
3620.124794007622,0.25611791167132275,0.3439701368491435,3.8603842185395374,0.09253674493401791,0.35772266242165873,0.6057499411450348,0.4460511762037793,0.6970575338546958,0.9534614061798458,0.08455816446726372,0.15445324843317443,0.5467475188914109,0.053252481108589045,53.252481108589045,0.053252481108589045,53.252481108589045,0.5052828453558627,0.005282845355862653,5.282845355862653,-0.005282845355862653,-5.282845355862653,False,28.35826744220633,11.16338202158384,39.52164946379017,main,BO,0.6,90,bo,matern,ei,13346,100,20,0.47835999995004386,0.22706489998381585,0.011763600050471723,0.7173209000611678,421.5367188302896,5000,4000,1000,0.007732243396437579,0.8793317574407045,7.515819528878531,False
4963.871987898515,0.2625056738629306,0.199176669289994,3.991105534404384,0.09357123020454303,0.36253444560070935,0.989677710828147,0.4643019253226589,0.2833619122571257,0.9970351781347947,0.11904100681810104,0.25068891201418686,0.5471744251227374,0.05282557487726258,52.82557487726258,0.05282557487726258,52.82557487726258,0.5102409354919029,0.010240935491902858,10.240935491902858,-0.010240935491902858,-10.240935491902858,False,27.905413611132758,41.95070389972625,69.85611751085901,main,BO,0.6,91,bo,matern,ei,13346,100,20,0.535123800043948,0.14975520002190024,0.01148540002759546,0.6965035001048818,371.20011508519536,5000,4000,1000,0.007732243396437579,0.8793317574407045,7.515819528878531,False
4950.290613877892,0.2232718815311721,0.31340166354420823,3.3417683267939853,0.09013024160522658,0.3716104059305599,0.9857973182508262,0.3522053758033489,0.6097190386977378,0.7805894422646618,0.004341386840885808,0.43220811861119734,0.5574274372123121,0.04257256278768784,42.57256278768784,0.04257256278768784,42.57256278768784,0.5180870806005192,0.018087080600519223,18.087080600519222,-0.018087080600519223,-18.087080600519222,False,18.124231023116234,130.85699385987152,148.98122488298776,main,BO,0.6,92,bo,matern,ei,13346,100,20,0.5163298000115901,0.24774759996216744,0.008875500061549246,0.7730770000489429,385.24384266323847,5000,4000,1000,0.007732243396437579,0.8793317574407045,7.515819528878531,False
1600.9782025264778,0.34574845896291834,0.25781448954480013,3.9102000901413128,0.10619298796096237,0.3549260831761405,0.028850915007565092,0.7021384541797667,0.45089854155657183,0.9700666967137709,0.5397662653654124,0.09852166352281022,0.5798159009981613,0.020184099001838707,20.184099001838707,0.020184099001838707,20.184099001838707,0.48113364564003064,0.0,0.0,0.01886635435996936,18.86635435996936,True,4.073978525160263,0.0,4.073978525160263,main,BO,0.6,93,bo,matern,ei,13346,100,20,0.35209339996799827,0.18781299993861467,0.012965800007805228,0.5530007000779733,339.22756752825376,5000,4000,1000,0.007732243396437579,0.8793317574407045,7.515819528878531,False
4842.042343149237,0.1315991969844326,0.304263074492906,1.0258134884152545,0.11870271461778444,0.3726129655718142,0.9548692408997821,0.0902834199555217,0.5836087842654458,0.008604496138418183,0.9567571539261479,0.45225931143628484,0.6625883299202708,0.06258832992027086,62.58832992027086,0.0,0.0,0.5040781753558748,0.004078175355874847,4.078175355874847,-0.004078175355874847,-4.078175355874847,False,39.17299042208672,6.652605693305973,45.82559611539269,main,BO,0.6,94,bo,matern,ei,13346,100,20,0.42930299998261034,0.3602513999212533,0.012007199926301837,0.8017046999884769,311.1311589902853,5000,4000,1000,0.007732243396437579,0.8793317574407045,7.515819528878531,False
2323.303933017699,0.4376744680386956,0.36491066521717264,1.519957209418891,0.11989504082139062,0.36422218062725803,0.23522969514791403,0.9647841943962732,0.7568876149062076,0.17331906980629697,0.9965013607130206,0.28444361254516093,0.6420185251835686,0.042018525183568634,42.018525183568634,0.0,0.0,0.4990249238204076,0.0,0.0,0.0009750761795924157,0.9750761795924157,True,17.65556458602191,0.0,17.65556458602191,main,BO,0.6,95,bo,matern,ei,13346,100,20,0.2591320000356063,0.2810891999397427,0.011957800015807152,0.5523063000291586,245.15269475567686,5000,4000,1000,0.007732243396437579,0.8793317574407045,7.515819528878531,False
4937.877320663879,0.2612524758333832,0.10145878854310478,3.117755421771994,0.09453827561604432,0.3584082672083978,0.9822506630468225,0.460721359523952,0.00416796726601365,0.7059184739239981,0.1512758538681439,0.16816534416795625,0.5517004827036633,0.048299517296336636,48.29951729633664,0.048299517296336636,48.29951729633664,0.49422715551113444,0.0,0.0,0.005772844488865558,5.772844488865559,True,23.328433710591213,0.0,23.328433710591213,main,BO,0.6,96,bo,matern,ei,13346,100,20,0.488241899991408,0.2830190999666229,0.009823700063861907,0.7812172999838367,317.27920407444765,5000,4000,1000,0.007732243396437579,0.8793317574407045,7.515819528878531,False
4793.358336967503,0.35335145643912846,0.3733697015208409,3.9699638582272914,0.11553358344642096,0.3527027926490148,0.940959524847858,0.7238613041117957,0.7810562900595455,0.9899879527424305,0.8511194482140322,0.05405585298029536,0.5827494731758542,0.01725052682414574,17.25052682414574,0.01725052682414574,17.25052682414574,0.4959320226393207,0.0,0.0,0.00406797736067932,4.06797736067932,True,2.975806757105717,0.0,2.975806757105717,main,BO,0.6,97,bo,matern,ei,13346,100,20,0.4993844999698922,0.27507149998564273,0.012610799982212484,0.7872021000366658,294.2045078268685,5000,4000,1000,0.007732243396437579,0.8793317574407045,7.515819528878531,False
3272.1645058319637,0.24764363325314395,0.30458334047269076,3.9565121503863194,0.09036930549073616,0.3501192242893744,0.5063327159519896,0.42183895215183986,0.5845238299219735,0.9855040501287731,0.012310183024538901,0.0023844857874889547,0.5354541111778481,0.06454588882215184,64.54588882215184,0.06454588882215184,64.54588882215184,0.4977939262980505,0.0,0.0,0.0022060737019494736,2.2060737019494736,True,41.66171763841586,0.0,41.66171763841586,main,BO,0.6,98,bo,matern,ei,13346,100,20,0.47595740004908293,0.33075199997983873,0.01339380000717938,0.8202397000277415,282.1096842263155,5000,4000,1000,0.007732243396437579,0.8793317574407045,7.515819528878531,False
2392.3180373952855,0.44503508273429004,0.23991698175460147,3.989137201683728,0.11838317934394012,0.3750334989508153,0.25494801068436734,0.9858145220979716,0.3997628050131471,0.9963790672279094,0.9461059781313375,0.5006699790163059,0.6093272533607972,0.009327253360797205,9.327253360797204,0.0,0.0,0.5045219005615282,0.004521900561528236,4.521900561528236,-0.004521900561528236,-4.521900561528236,False,0.8699765525650276,8.179033875339751,9.04901042790478,main,BO,0.6,99,bo,matern,ei,13346,100,20,0.34698789997491986,0.2735377000644803,0.009691599989309907,0.6303487999830395,304.12618742618,5000,4000,1000,0.007732243396437579,0.8793317574407045,7.515819528878531,False
4654.991215819404,0.2543915963209204,0.4254535664236614,3.522201674615814,0.09070409222068282,0.3560957157418012,0.9014260616626867,0.44111884663120116,0.9298673326390324,0.8407338915386047,0.0234697406894272,0.12191431483602433,0.542735153722038,0.05726484627796202,57.26484627796202,0.05726484627796202,57.26484627796202,0.5000947557754776,9.475577547757297e-05,0.09475577547757297,-9.475577547757297e-05,-0.09475577547757297,False,32.7926261923862,0.003591462794542487,32.79621765518075,main,BO,0.6,100,bo,matern,ei,13346,100,20,0.5115055000642315,0.3707202000077814,0.013234899961389601,0.8956006999360397,280.26169580567466,5000,4000,1000,0.007732243396437579,0.8793317574407045,7.515819528878531,False
4159.796679732415,0.3089298301861576,0.13984419855956987,2.7460004893137446,0.10204042409111592,0.36837091711990766,0.7599419084949757,0.5969423719604504,0.11384056731305672,0.5820001631045815,0.40134746970386415,0.3674183423981534,0.5838669925895876,0.06613300741041239,66.13300741041239,0.06613300741041239,66.13300741041239,0.500366576632892,0.0003665766328919684,0.3665766328919684,-0.0003665766328919684,-0.3665766328919684,False,43.7357466914566,0.05375137111296519,43.789498062569564,main,BO,0.65,1,initial_lhs,matern,ei,13347,100,20,0.42410689999815077,0.0,0.0,0.42415039998013526,,0,0,0,43.789498062569564,,,True
3239.456244414998,0.2586711324048039,0.3033018596034541,2.363834023917423,0.0995108860145807,0.3700279738536001,0.49698749840428513,0.45334609258515385,0.580862456009869,0.45461134130580766,0.3170295338193571,0.40055947707200146,0.5939691875402314,0.0560308124597686,56.0308124597686,0.0560308124597686,56.0308124597686,0.5046189326042549,0.004618932604254944,4.618932604254944,-0.004618932604254944,-4.618932604254944,False,31.3945194490176,8.533815361059743,39.928334810077345,main,BO,0.65,2,initial_lhs,matern,ei,13347,100,20,0.40862679993733764,0.0,0.0,0.4086726000532508,,0,0,0,39.928334810077345,,,True
2842.0869316683284,0.21921485439506105,0.37945831635667304,3.7015369550528447,0.09042299704338294,0.3924452144220574,0.38345340904809383,0.34061386970017443,0.7984523324476374,0.9005123183509482,0.014099901446098318,0.848904288441147,0.5836648548086727,0.06633514519132733,66.33514519132733,0.06633514519132733,66.33514519132733,0.5555712738915249,0.05557127389152494,55.57127389152494,-0.05557127389152494,-55.57127389152494,False,44.00351487554477,1235.2665927707524,1279.2701076462972,main,BO,0.65,3,initial_lhs,matern,ei,13347,100,20,0.452077699941583,0.0,0.0,0.4521234000567347,,0,0,0,39.928334810077345,,,False
3641.708735568769,0.19108709783166605,0.42092535489785354,3.333292875901561,0.10155526634288917,0.397375252121318,0.6119167815910769,0.26024885094761724,0.9169295854224387,0.7777642919671871,0.38517554476297244,0.9475050424263604,0.6154345510947481,0.03456544890525193,34.56544890525193,0.03456544890525193,34.56544890525193,0.6008888527954689,0.10088885279546889,100.88885279546889,-0.10088885279546889,-100.88885279546889,False,11.947702580215816,4071.424247354316,4083.3719499345316,main,BO,0.65,4,initial_lhs,matern,ei,13347,100,20,0.47806320001836866,0.0,0.0,0.4781028999714181,,0,0,0,39.928334810077345,,,False
4581.159922758572,0.4422556741447937,0.10422576932545934,2.077946303012104,0.1162386153782202,0.3799908377612118,0.8803314065024491,0.9778733546994106,0.012073626644169532,0.359315434337368,0.8746205126073401,0.599816755224235,0.6283265293461835,0.02167347065381653,21.67347065381653,0.02167347065381653,21.67347065381653,0.5034935613993262,0.003493561399326217,3.493561399326217,-0.003493561399326217,-3.493561399326217,False,4.697393301818463,4.881988500344862,9.579381802163326,main,BO,0.65,5,initial_lhs,matern,ei,13347,100,20,0.33139279996976256,0.0,0.0,0.3314359000651166,,0,0,0,9.579381802163326,,,True
1864.446251523916,0.10878043200882853,0.38305123548563447,1.8131773952027426,0.11830500741187384,0.3889044446324002,0.10412750043540456,0.02508694859665292,0.8087178156732413,0.27105913173424756,0.9435002470624617,0.778088892648004,0.7013450557276597,0.05134505572765968,51.345055727659684,0.0,0.0,0.5696465207387384,0.06964652073873845,69.64652073873845,-0.06964652073873845,-69.64652073873845,False,26.36314747676478,1940.2551404046098,1966.6182878813747,main,BO,0.65,6,initial_lhs,matern,ei,13347,100,20,0.33003119996283203,0.0,0.0,0.3300762999569997,,0,0,0,9.579381802163326,,,False
4444.372018840557,0.4214313121059372,0.2704489386360498,1.159054820074667,0.11077314293242128,0.36258660696830464,0.8412491482401592,0.9183751774455349,0.48699696753157085,0.0530182733582224,0.6924380977473764,0.2517321393660929,0.6197551180125525,0.03024488198744757,30.24488198744757,0.03024488198744757,30.24488198744757,0.4818362914045056,0.0,0.0,0.018163708595494377,18.163708595494377,True,9.147528864346304,0.0,9.147528864346304,main,BO,0.65,7,initial_lhs,matern,ei,13347,100,20,0.3095043000066653,0.0,0.0,0.30955120001453906,,0,0,0,9.147528864346304,30.24488198744757,18.163708595494377,True
1525.9672643361046,0.1341235581748022,0.2572813865280863,2.019651940874587,0.10894986059087858,0.3593900773677109,0.007419218381744192,0.0974958804994349,0.44937539008024646,0.3398839802915291,0.6316620196959529,0.18780154735421864,0.6499751460778666,2.485392213347204e-05,0.02485392213347204,2.485392213347204e-05,0.02485392213347204,0.5730811171052129,0.07308111710521292,73.08111710521293,-0.07308111710521292,-73.08111710521293,False,6.1771744541669136e-06,2136.3398709383378,2136.339877115512,main,BO,0.65,8,initial_lhs,matern,ei,13347,100,20,0.31283529999200255,0.0,0.0,0.3128840000135824,,0,0,0,9.147528864346304,30.24488198744757,18.163708595494377,False
2603.9667708197476,0.3195627989780832,0.4139547966366638,2.8090506440856293,0.09317870829341268,0.3731529951315178,0.3154190773770708,0.6273222827945235,0.8970137046761822,0.6030168813618764,0.1059569431137561,0.4630599026303558,0.5775278928443248,0.0724721071556752,72.4721071556752,0.0724721071556752,72.4721071556752,0.49509167518841996,0.0,0.0,0.004908324811580045,4.908324811580044,True,52.52206315583668,0.0,52.52206315583668,main,BO,0.65,9,initial_lhs,matern,ei,13347,100,20,0.37324760004412383,0.0,0.0,0.37329199991654605,,0,0,0,9.147528864346304,30.24488198744757,18.163708595494377,False
2527.2043199869104,0.15923305195800475,0.22358515694453812,1.7262241770751603,0.09529003758105488,0.3770116074339938,0.29348694856768864,0.16923729130858495,0.35310044841296606,0.2420747256917201,0.1763345860351628,0.5402321486798767,0.6109630045291222,0.0390369954708778,39.0369954708778,0.0390369954708778,39.0369954708778,0.4978936630702792,0.0,0.0,0.002106336929720787,2.106336929720787,True,15.23887015393334,0.0,15.23887015393334,main,BO,0.65,10,initial_lhs,matern,ei,13347,100,20,0.34902269998565316,0.0,0.0,0.34906559996306896,,0,0,0,9.147528864346304,30.24488198744757,18.163708595494377,False
2202.1312659053183,0.3443722473808271,0.17019155281817944,3.8904243636683393,0.1054703529415512,0.3608709433607643,0.20060893311580524,0.6982064210880775,0.20054729376622699,0.9634747878894464,0.5156784313850401,0.217418867215286,0.5785882332645139,0.0714117667354861,71.41176673548611,0.0714117667354861,71.41176673548611,0.489784422424626,0.0,0.0,0.010215577575374002,10.215577575374002,True,50.996404282834796,0.0,50.996404282834796,main,BO,0.65,11,initial_lhs,matern,ei,13347,100,20,0.37481549999210984,0.0,0.0,0.3748569000745192,,0,0,0,9.147528864346304,30.24488198744757,18.163708595494377,False
3567.4141357101735,0.27776700930304266,0.15761087602587703,3.694947457872349,0.09286010526243987,0.3930480661611843,0.5906897530600496,0.5079057408658361,0.16460250293107725,0.898315819290783,0.09533684208132905,0.860961323223686,0.5836977607083128,0.06630223929168721,66.30223929168721,0.06630223929168721,66.30223929168721,0.5312120136942949,0.031212013694294938,31.21201369429494,-0.031212013694294938,-31.21201369429494,False,43.95986935092152,389.6759195411419,433.63578889206343,main,BO,0.65,12,initial_lhs,matern,ei,13347,100,20,0.4535413000266999,0.0,0.0,0.4535801000893116,,0,0,0,9.147528864346304,30.24488198744757,18.163708595494377,False
2975.6651213495916,0.399662019053037,0.12658027357227725,2.2354137503900473,0.09815828908175182,0.3810738155342988,0.42161860609988333,0.8561771972943915,0.075943638777935,0.41180458346334914,0.2719429693917276,0.6214763106859764,0.5948165493302895,0.05518345066971053,55.18345066971053,0.05518345066971053,55.18345066971053,0.48978960243809344,0.0,0.0,0.010210397561906559,10.210397561906559,True,30.452132278163752,0.0,30.452132278163752,main,BO,0.65,13,initial_lhs,matern,ei,13347,100,20,0.31988369999453425,0.0,0.0,0.3199282999848947,,0,0,0,9.147528864346304,30.24488198744757,18.163708595494377,False
3971.2973574644816,0.1807877390351133,0.3272403174497776,1.5440615831520712,0.10399404931643282,0.3522336625903171,0.7060849592755661,0.23082211152889515,0.6492580498565075,0.1813538610506904,0.4664683105477607,0.04467325180634167,0.5992112161182621,0.05078878388173791,50.788783881737906,0.05078878388173791,50.788783881737906,0.468703743565912,0.0,0.0,0.03129625643408801,31.29625643408801,True,25.7950056818588,0.0,25.7950056818588,main,BO,0.65,14,initial_lhs,matern,ei,13347,100,20,0.4074188000522554,0.0,0.0,0.40746999997645617,,0,0,0,9.147528864346304,30.24488198744757,18.163708595494377,False
4681.91947298414,0.24352143413470112,0.29223078357504817,1.3229038561207471,0.11240399138166748,0.3562330753654043,0.90911984942404,0.41006124038486036,0.5492308102144233,0.10763461870691571,0.7467997127222499,0.12466150730808583,0.6211405465147574,0.02885945348524266,28.85945348524266,0.02885945348524266,28.85945348524266,0.47946425247561686,0.0,0.0,0.02053574752438314,20.53574752438314,True,8.328680554668846,0.0,8.328680554668846,main,BO,0.65,15,initial_lhs,matern,ei,13347,100,20,0.41860380000434816,0.0,0.0,0.4186506000114605,,0,0,0,8.328680554668846,28.85945348524266,20.53574752438314,True
3407.313189848269,0.34801664600463056,0.3468485895703051,2.504031238687409,0.10703800045335804,0.3987306335049433,0.5449466256709339,0.7086189885846589,0.7052816844865861,0.5013437462291362,0.5679333484452682,0.9746126700988654,0.6325472624591675,0.01745273754083254,17.45273754083254,0.01745273754083254,17.45273754083254,0.5283769195599922,0.02837691955999222,28.37691955999222,-0.02837691955999222,-28.37691955999222,False,3.045980476691855,322.09982548570764,325.1458059623995,main,BO,0.65,16,initial_lhs,matern,ei,13347,100,20,0.382392100058496,0.0,0.0,0.3824435999849811,,0,0,0,8.328680554668846,28.85945348524266,20.53574752438314,False
1748.9872393373814,0.226619050651444,0.4402515916520021,1.0375806304685509,0.09628797335175024,0.3655894487417594,0.07113921123925182,0.36176871614698286,0.9721474047200059,0.012526876822850303,0.20959911172500809,0.31178897483518864,0.6295913608079569,0.020408639192043165,20.408639192043164,0.020408639192043165,20.408639192043164,0.48902162192399945,0.0,0.0,0.01097837807600055,10.97837807600055,True,4.165125536710003,0.0,4.165125536710003,main,BO,0.65,17,initial_lhs,matern,ei,13347,100,20,0.28300639998633415,0.0,0.0,0.2830526001052931,,0,0,0,4.165125536710003,20.408639192043164,10.97837807600055,True
4917.893602885022,0.3902830239538151,0.2096133614755773,3.4771558347528027,0.11499666908375657,0.38690978406272586,0.9765410293957206,0.8293800684394718,0.3131810327873637,0.8257186115842675,0.8332223027918856,0.7381956812545168,0.6154124675926411,0.0345875324073589,34.5875324073589,0.0345875324073589,34.5875324073589,0.5197236923430806,0.01972369234308058,19.72369234308058,-0.01972369234308058,-19.72369234308058,False,11.962973980301022,155.6096158577982,167.57258983809922,main,BO,0.65,18,initial_lhs,matern,ei,13347,100,20,0.44314280000980943,0.0,0.0,0.44318760000169277,,0,0,0,4.165125536710003,20.408639192043164,10.97837807600055,False
2190.116499525662,0.37639643437165315,0.20257681322852517,3.1248218718973693,0.11284117252823853,0.38399515108859233,0.19717614272161782,0.7897040982047233,0.2930766092243576,0.7082739572991231,0.7613724176079512,0.6799030217718465,0.6241478961070532,0.025852103892946787,25.852103892946786,0.025852103892946787,25.852103892946786,0.5131194036672967,0.013119403667296692,13.119403667296691,-0.013119403667296692,-13.119403667296691,False,6.683312756917144,68.84750103419115,75.5308137911083,main,BO,0.65,19,initial_lhs,matern,ei,13347,100,20,0.33753860008437186,0.0,0.0,0.33758229995146394,,0,0,0,4.165125536710003,20.408639192043164,10.97837807600055,False
3829.554577989904,0.13630424704331812,0.3448245695267374,2.9806031622908398,0.11912686891676405,0.3536842691198709,0.6655870222828297,0.10372642012376607,0.6994987700763926,0.6602010540969466,0.9708956305588018,0.07368538239741781,0.611181231110663,0.038818768889336996,38.818768889336994,0.038818768889336996,38.818768889336994,0.587530959887886,0.08753095988788595,87.53095988788596,-0.08753095988788595,-87.53095988788596,False,15.06896818083758,3064.667575557879,3079.7365437387166,main,BO,0.65,20,initial_lhs,matern,ei,13347,100,20,0.48121030000038445,0.0,0.0,0.4812548999907449,,0,0,0,4.165125536710003,20.408639192043164,10.97837807600055,False
4815.5487805412595,0.208610382639004,0.3229624255510649,1.6284392874075972,0.09215267358768937,0.36283688934108616,0.9472996515832169,0.31031537896858286,0.6370355015744712,0.20947976246919908,0.0717557862563124,0.256737786821723,0.5759418264948256,0.07405817350517441,74.05817350517441,0.07405817350517441,74.05817350517441,0.4638756766562705,0.0,0.0,0.0361243233437295,36.1243233437295,True,54.846130629225165,0.0,54.846130629225165,main,BO,0.65,21,bo,matern,ei,13347,100,20,0.4260974999051541,0.04208190005738288,0.00317949999589473,0.4714504999574274,395.99572220922573,5000,4000,1000,4.165125536710003,20.408639192043164,10.97837807600055,False
1721.9467306976524,0.14897883451165445,0.44999999999999996,1.0,0.09450459756075534,0.3675101215693057,0.06341335162790068,0.13993952717615551,1.0,0.0,0.1501532520251782,0.3502024313861142,0.6386511024788091,0.011348897521190948,11.348897521190949,0.011348897521190948,11.348897521190949,0.4929634148265546,0.0,0.0,0.007036585173445409,7.036585173445409,True,1.2879747494649405,0.0,1.2879747494649405,main,BO,0.65,22,bo,matern,ei,13347,100,20,0.2900837000925094,0.06409680005162954,0.003692799946293235,0.35800889995880425,423.59159459224526,5000,4000,1000,1.2879747494649405,11.348897521190949,7.036585173445409,True
3920.1378409380986,0.2772450471575849,0.19800310394293186,1.7815745614767307,0.09974013468157458,0.35888155070114164,0.6914679545537424,0.5064144204502427,0.2800088684083767,0.2605248538255769,0.3246711560524863,0.17763101402283288,0.5858363140761346,0.06416368592386545,64.16368592386546,0.06416368592386545,64.16368592386546,0.47120348288368846,0.0,0.0,0.028796517116311537,28.796517116311538,True,41.1697859133645,0.0,41.1697859133645,main,BO,0.65,23,bo,matern,ei,13347,100,20,0.3959057000465691,0.03419390006456524,0.003060600021854043,0.43325669993646443,350.8984423075359,5000,4000,1000,1.2879747494649405,11.348897521190949,7.036585173445409,False
2173.283012920117,0.44329658562572705,0.40294104398300734,3.362329081010312,0.09772141098079902,0.3551652117255546,0.1923665751200334,0.9808473875020773,0.8655458399514496,0.7874430270034374,0.2573803660266343,0.10330423451109216,0.558123751154612,0.09187624884538803,91.87624884538803,0.09187624884538803,91.87624884538803,0.4634104377392275,0.0,0.0,0.03658956226077248,36.58956226077248,True,84.41245101899665,0.0,84.41245101899665,main,BO,0.65,24,bo,matern,ei,13347,100,20,0.33052560000214726,0.07675800006836653,0.003119400003924966,0.41050570004153997,324.7692431133806,5000,4000,1000,1.2879747494649405,11.348897521190949,7.036585173445409,False
2730.6919038644937,0.19541123975089314,0.2621178846672356,1.2935363903051837,0.10045210218812953,0.36897581051125333,0.3516262582469982,0.27260354214540894,0.4631939561921017,0.09784546343506129,0.3484034062709843,0.37951621022506665,0.6205923496148196,0.02940765038518045,29.40765038518045,0.02940765038518045,29.40765038518045,0.48714574957705026,0.0,0.0,0.012854250422949742,12.854250422949743,True,8.64809901177004,0.0,8.64809901177004,main,BO,0.65,25,bo,matern,ei,13347,100,20,0.34103860007598996,0.08294570003636181,0.003624300006777048,0.4277122999774292,306.74390874355953,5000,4000,1000,1.2879747494649405,11.348897521190949,7.036585173445409,False
3322.9223207435944,0.4470114024897277,0.14940189706819867,1.5283542827402967,0.09181699085376491,0.35105461248657843,0.5208349487838841,0.9914611499706507,0.14114827733771051,0.1761180942467656,0.06056636179216357,0.021092249731568757,0.5569386901170236,0.09306130988297645,93.06130988297645,0.09306130988297645,93.06130988297645,0.4509043541409776,0.0,0.0,0.049095645859022374,49.095645859022376,True,86.60407397135369,0.0,86.60407397135369,main,BO,0.65,26,bo,matern,ei,13347,100,20,0.27516359998844564,0.08962689992040396,0.0034238999942317605,0.3683213999029249,289.1512539146013,5000,4000,1000,1.2879747494649405,11.348897521190949,7.036585173445409,False
3781.501165828672,0.361523033680885,0.35979593857323033,3.991055869466861,0.0904285509830949,0.38880981902388284,0.6518574759510491,0.7472086676596715,0.7422741102092296,0.9970186231556203,0.01428503276982973,0.776196380477657,0.5705047076900015,0.07949529230999852,79.49529230999852,0.07949529230999852,79.49529230999852,0.49821366228345804,0.0,0.0,0.0017863377165419636,1.7863377165419636,True,63.1950149945211,0.0,63.1950149945211,main,BO,0.65,27,bo,matern,ei,13347,100,20,0.4379412999842316,0.06839080003555864,0.0033087999327108264,0.5097946999594569,253.0045260523383,5000,4000,1000,1.2879747494649405,11.348897521190949,7.036585173445409,False
4543.489179182176,0.44989315271192587,0.22668205596419452,2.243750063662726,0.09900598152401956,0.3902884120883815,0.8695683369091931,0.999694722034074,0.36194873132627003,0.414583354554242,0.30019938413398517,0.80576824176763,0.6012695289432824,0.04873047105671757,48.730471056717576,0.04873047105671757,48.730471056717576,0.4954080942268756,0.0,0.0,0.004591905773124405,4.591905773124405,True,23.74658809409589,0.0,23.74658809409589,main,BO,0.65,28,bo,matern,ei,13347,100,20,0.3406181000173092,0.04583509999793023,0.004054200020618737,0.3906166999367997,224.59915427350478,5000,4000,1000,1.2879747494649405,11.348897521190949,7.036585173445409,False
4871.55650418533,0.3639665447484087,0.15229043319540533,1.0199712917087975,0.09182066978938523,0.36979600572346955,0.9633018583386658,0.7541901278525965,0.1494012377011581,0.006657097236265841,0.060688992979507805,0.3959201144693909,0.5849047561040492,0.06509524389595078,65.09524389595079,0.06509524389595078,65.09524389595079,0.46885586629316384,0.0,0.0,0.031144133706836163,31.144133706836165,True,42.37390777873317,0.0,42.37390777873317,main,BO,0.65,29,bo,matern,ei,13347,100,20,0.36958499997854233,0.053836600040085614,0.0035513000329956412,0.4270766000263393,231.97216802082787,5000,4000,1000,1.2879747494649405,11.348897521190949,7.036585173445409,False
1545.5444005498543,0.33328011079813613,0.35388094030229256,1.0517397209987418,0.11533873970663301,0.3832900052119664,0.013012685871386931,0.6665146022803891,0.7253741151494072,0.017246573666247267,0.8446246568877673,0.6658001042393271,0.6819984903054362,0.03199849030543622,31.99849030543622,0.0,0.0,0.527296835818004,0.027296835818004017,27.296835818004016,-0.027296835818004017,-27.296835818004016,False,10.23903381827096,298.0468982700268,308.2859320882978,main,BO,0.65,30,bo,matern,ei,13347,100,20,0.2517644999315962,0.0713242000201717,0.004742400022223592,0.3279416000004858,210.60176051793377,5000,4000,1000,1.2879747494649405,11.348897521190949,7.036585173445409,False
1989.3265626647228,0.12997683190718848,0.40018195224914,1.3963520501268063,0.09003334387686321,0.3822124491251323,0.13980758933277793,0.08564809116339567,0.8576627207118286,0.13211735004226877,0.001111462562107035,0.6442489825026455,0.6242999415389054,0.025700058461094577,25.700058461094578,0.025700058461094577,25.700058461094578,0.49658518655517275,0.0,0.0,0.003414813444827247,3.414813444827247,True,6.604930049036789,0.0,6.604930049036789,main,BO,0.65,31,bo,matern,ei,13347,100,20,0.3058938999893144,0.07705060008447617,0.0038183000870049,0.386876100092195,191.91126938914388,5000,4000,1000,1.2879747494649405,11.348897521190949,7.036585173445409,False
4030.548922672354,0.3748220489707884,0.1585738410639212,3.408353655408075,0.10214170813719953,0.35965286144367736,0.7230139779063869,0.7852058542022526,0.16735383161120343,0.8027845518026916,0.4047236045733179,0.19305722887354793,0.5666520931712409,0.08334790682875914,83.34790682875915,0.08334790682875914,83.34790682875915,0.480298501172559,0.0,0.0,0.01970149882744099,19.70149882744099,True,69.46873572735514,0.0,69.46873572735514,main,BO,0.65,32,bo,matern,ei,13347,100,20,0.4323697000509128,0.07351159991230816,0.0037386000622063875,0.5097295000450686,180.75225482580763,5000,4000,1000,1.2879747494649405,11.348897521190949,7.036585173445409,False
1761.2712469947055,0.28981158112946914,0.21972975120246674,2.2610390476385294,0.09127387787720469,0.35525832572714844,0.07464892771277298,0.5423188032270547,0.3420850034356192,0.4203463492128431,0.042462595906823,0.10516651454296899,0.5701095460489299,0.07989045395107008,79.89045395107009,0.07989045395107008,79.89045395107009,0.4807526712722949,0.0,0.0,0.019247328727705126,19.247328727705128,True,63.82484632508049,0.0,63.82484632508049,main,BO,0.65,33,bo,matern,ei,13347,100,20,0.3159937000600621,0.11838060000445694,0.004642700077965856,0.43912410002667457,182.5804367611517,5000,4000,1000,1.2879747494649405,11.348897521190949,7.036585173445409,False
4003.197439102846,0.4496827790340565,0.4252032938377358,1.1662931873051257,0.11917698310922942,0.3608767053857931,0.7151992683150988,0.9990936543830188,0.9291522681078166,0.05543106243504192,0.972566103640981,0.21753410771586157,0.6409169564416943,0.009083043558305692,9.083043558305693,0.009083043558305692,9.083043558305693,0.48963434947857504,0.0,0.0,0.010365650521424963,10.365650521424962,True,0.8250168028207854,0.0,0.8250168028207854,main,BO,0.65,34,bo,matern,ei,13347,100,20,0.28036239999346435,0.039116399944759905,0.0037001000018790364,0.3232880999566987,185.30407840214804,5000,4000,1000,0.8250168028207854,9.083043558305693,10.365650521424962,True
1863.399420217629,0.4432284279211598,0.3107334483222737,2.8064078812337696,0.11784669967063785,0.3652201031891639,0.10382840577646546,0.9806526512033138,0.6020955666350676,0.6021359604112565,0.9282233223545949,0.30440206378327883,0.6165014290032067,0.03349857099679332,33.49857099679332,0.03349857099679332,33.49857099679332,0.49796444179202554,0.0,0.0,0.002035558207974464,2.035558207974464,True,11.221542588272026,0.0,11.221542588272026,main,BO,0.65,35,bo,matern,ei,13347,100,20,0.2904744999250397,0.11001200007740408,0.004006100003607571,0.4046097999671474,152.81231871652665,5000,4000,1000,0.8250168028207854,9.083043558305693,10.365650521424962,False
4785.8323470842315,0.44974907556634547,0.2521491469331445,1.0154526776125044,0.10364807825628428,0.3982943035012709,0.9388092420240661,0.9992830730467013,0.43471184838041277,0.00515089253750145,0.4549359418761425,0.9658860700254172,0.6399825636222333,0.010017436377766753,10.017436377766753,0.010017436377766753,10.017436377766753,0.5090215147550742,0.009021514755074178,9.021514755074179,-0.009021514755074178,-9.021514755074179,False,1.0034903158260469,32.55509139040844,33.55858170623449,main,BO,0.65,36,bo,matern,ei,13347,100,20,0.28687640000134706,0.0843724999576807,0.004800900002010167,0.37615509994793683,163.48014449845394,5000,4000,1000,0.8250168028207854,9.083043558305693,10.365650521424962,False
3191.4928344931714,0.42617740817525374,0.3636253698815025,2.618645786396738,0.09091630189262728,0.35207645409998656,0.4832836669980489,0.9319354519292965,0.7532153425185788,0.5395485954655792,0.030543396420909308,0.04152908199973171,0.5449130344745758,0.10508696552542418,105.08696552542418,0.10508696552542418,105.08696552542418,0.45086657100367644,0.0,0.0,0.04913342899632356,49.13342899632356,True,110.43270323341689,0.0,110.43270323341689,main,BO,0.65,37,bo,matern,ei,13347,100,20,0.3393465999979526,0.09186069993302226,0.004239300033077598,0.43555499997455627,148.31395402126495,5000,4000,1000,0.8250168028207854,9.083043558305693,10.365650521424962,False
3155.0808594976675,0.2764454199436559,0.30500521862312846,1.0077360200068775,0.09053791897578785,0.3922547185328151,0.47288024557076214,0.5041297712675884,0.5857291960660814,0.0025786733356257807,0.017930632526261703,0.8450943706563028,0.6176382911041443,0.03236170889585577,32.36170889585577,0.03236170889585577,32.36170889585577,0.4956055886204212,0.0,0.0,0.0043944113795788,4.3944113795788,True,10.472802026601103,0.0,10.472802026601103,main,BO,0.65,38,bo,matern,ei,13347,100,20,0.33815389999654144,0.1015188000164926,0.0062191999750211835,0.4460105000762269,145.78162493922957,5000,4000,1000,0.8250168028207854,9.083043558305693,10.365650521424962,False
3752.7169209374197,0.4463629755334333,0.29927177239614244,3.9909870132618113,0.10468608306892593,0.3936968747135789,0.6436334059821199,0.9896085015240952,0.5693479211318355,0.9969956710872704,0.4895361022975314,0.8739374942715776,0.5985586382772834,0.05144136172271663,51.44136172271663,0.05144136172271663,51.44136172271663,0.5051239592938378,0.005123959293837799,5.123959293837799,-0.005123959293837799,-5.123959293837799,False,26.46213695887375,10.501983537962701,36.96412049683645,main,BO,0.65,39,bo,matern,ei,13347,100,20,0.3970463000005111,0.0916983000934124,0.005551000009290874,0.4944109000498429,135.25714581329794,5000,4000,1000,0.8250168028207854,9.083043558305693,10.365650521424962,False
3044.93894195766,0.2621281732616536,0.12672651223240816,3.999164560859028,0.09829607614749777,0.35097338440756637,0.4414111262736171,0.46322335217615307,0.07636146352116613,0.9997215202863426,0.27653587158325943,0.019467688151328044,0.5511685837378687,0.09883141626213132,98.83141626213133,0.09883141626213132,98.83141626213133,0.5034623747425607,0.0034623747425607254,3.4623747425607254,-0.0034623747425607254,-3.4623747425607254,False,97.67648840378673,4.79521554316898,102.47170394695571,main,BO,0.65,40,bo,matern,ei,13347,100,20,0.4399305999977514,0.10311379993800074,0.005070400075055659,0.5482247000327334,255.67315133993287,5000,4000,1000,0.8250168028207854,9.083043558305693,10.365650521424962,False
1516.6422167445633,0.24016395452827696,0.3308654162088738,2.020152465930605,0.11981169162961684,0.36857519571575037,0.004754919069875241,0.4004684415093628,0.6596154748824966,0.3400508219768684,0.9937230543205617,0.3715039143150072,0.6710126329065601,0.02101263290656008,21.01263290656008,0.0,0.0,0.5498916313385064,0.04989163133850638,49.89163133850638,-0.04989163133850638,-49.89163133850638,False,4.415307416658515,995.6699510469728,1000.0852584636312,main,BO,0.65,41,bo,matern,ei,13347,100,20,0.30763120006304234,0.10107739991508424,0.005281400051899254,0.41409919993020594,164.99507714937369,5000,4000,1000,0.8250168028207854,9.083043558305693,10.365650521424962,False
4635.646375565615,0.17891384547545885,0.235806647581742,2.3971039957552405,0.09014412448439725,0.37340733199545123,0.8958989644473184,0.2254681299298824,0.38801899309069143,0.46570133191841345,0.00480414947990826,0.46814663990902483,0.5711970503284091,0.07880294967159096,78.80294967159097,0.07880294967159096,78.80294967159097,0.4932721713104686,0.0,0.0,0.006727828689531423,6.727828689531423,True,62.099048769432976,0.0,62.099048769432976,main,BO,0.65,42,bo,matern,ei,13347,100,20,0.521825399948284,0.1350507999304682,0.004766899975948036,0.6617719999048859,348.94848653672756,5000,4000,1000,0.8250168028207854,9.083043558305693,10.365650521424962,False
2138.686646364835,0.21908742736942383,0.4461307717779278,1.7264078281989217,0.10188044467003321,0.3503700879997093,0.18248189896138145,0.34024979248406806,0.988945062222651,0.2421359427329739,0.3960148223344404,0.007401759994186352,0.6060854729437701,0.04391452705622989,43.91452705622989,0.04391452705622989,43.91452705622989,0.47907950113662434,0.0,0.0,0.02092049886337566,20.92049886337566,True,19.284856865723466,0.0,19.284856865723466,main,BO,0.65,43,bo,matern,ei,13347,100,20,0.33885810000356287,0.10955699998885393,0.005972599959932268,0.45450619992334396,310.57062488453215,5000,4000,1000,0.8250168028207854,9.083043558305693,10.365650521424962,False
4519.999895947408,0.236346002889406,0.21397199519081356,2.4880441336804426,0.091374163536926,0.3939950474992734,0.8628571131278308,0.3895600082554457,0.32563427197375305,0.4960147112268142,0.04580545123086677,0.8799009499854669,0.5919031783870973,0.05809682161290275,58.09682161290275,0.05809682161290275,58.09682161290275,0.5139056733812535,0.01390567338125348,13.90567338125348,-0.01390567338125348,-13.90567338125348,False,33.75240681521444,77.34710087444064,111.09950768965508,main,BO,0.65,44,bo,matern,ei,13347,100,20,0.49152270006015897,0.09905129997059703,0.004716200055554509,0.5953977999743074,255.03193628237673,5000,4000,1000,0.8250168028207854,9.083043558305693,10.365650521424962,False
4564.726009984312,0.41320714766650124,0.4441582962613907,2.93518925259977,0.09519763445844247,0.35915914991110315,0.8756360028526606,0.8948775647614321,0.9833094178896877,0.6450630841999232,0.17325448194808246,0.18318299822206374,0.557878849484776,0.09212115051522407,92.12115051522407,0.09212115051522407,92.12115051522407,0.4647921714578689,0.0,0.0,0.035207828542131114,35.20782854213111,True,84.86306372248568,0.0,84.86306372248568,main,BO,0.65,45,bo,matern,ei,13347,100,20,0.4029813000233844,0.14886820001993328,0.005877800052985549,0.5578358999919146,259.0882283918376,5000,4000,1000,0.8250168028207854,9.083043558305693,10.365650521424962,False
3346.890005243942,0.42393954583101057,0.3413680825663482,3.7093422327519483,0.09018023714051704,0.39304938116264404,0.5276828586411263,0.925541559517173,0.6896230930467091,0.9031140775839828,0.006007904683901333,0.8609876232528805,0.5734772649832165,0.07652273501678353,76.52273501678353,0.07652273501678353,76.52273501678353,0.49043307198923664,0.0,0.0,0.009566928010763365,9.566928010763364,True,58.55728974448867,0.0,58.55728974448867,main,BO,0.65,46,bo,matern,ei,13347,100,20,0.41558470006566495,0.11007689998950809,0.008253799984231591,0.5340280999662355,233.3227177344869,5000,4000,1000,0.8250168028207854,9.083043558305693,10.365650521424962,False
1715.3019354935793,0.43428475945172706,0.3383507492117822,1.9506308570998045,0.0911278500898254,0.3577190722769553,0.061514838712451225,0.9550993127192203,0.6810021406050921,0.3168769523666015,0.03759500299417984,0.15438144553910693,0.5641563843331446,0.08584361566685539,85.84361566685538,0.08584361566685539,85.84361566685538,0.46262908275056386,0.0,0.0,0.03737091724943614,37.37091724943614,True,73.6912635075878,0.0,73.6912635075878,main,BO,0.65,47,bo,matern,ei,13347,100,20,0.24983139999676496,0.16550360003020614,0.005482599954120815,0.42092820000834763,211.0590437223408,5000,4000,1000,0.8250168028207854,9.083043558305693,10.365650521424962,False
2351.303122161764,0.30950343790525925,0.3114203937311471,3.998642641472438,0.09342072171679108,0.35237475587961453,0.2432294634747897,0.5985812511578835,0.6040582678032774,0.9995475471574794,0.11402405722636955,0.04749511759229097,0.547614770120522,0.10238522987947807,102.38522987947806,0.10238522987947807,102.38522987947806,0.477001888162428,0.0,0.0,0.022998111837572,22.998111837572,True,104.82735297473569,0.0,104.82735297473569,main,BO,0.65,48,bo,matern,ei,13347,100,20,0.44811330002266914,0.13540620007552207,0.005624699988402426,0.5892815999686718,417.4435048508334,5000,4000,1000,0.8250168028207854,9.083043558305693,10.365650521424962,False
3881.697772814572,0.38129993873472046,0.11502398048422693,2.942051995017149,0.0936809655590948,0.3603585050697484,0.6804850779470206,0.8037141106706299,0.04292565852636265,0.6473506650057164,0.12269885196982666,0.20717010139496916,0.5549193889580234,0.09508061104197663,95.08061104197662,0.09508061104197663,95.08061104197662,0.4695446218771395,0.0,0.0,0.030455378122860477,30.455378122860477,True,90.40322596115645,0.0,90.40322596115645,main,BO,0.65,49,bo,matern,ei,13347,100,20,0.39919179992284626,0.04970630002208054,0.006638100021518767,0.4556529000401497,249.56381271099613,5000,4000,1000,0.8250168028207854,9.083043558305693,10.365650521424962,False
4054.425301952014,0.44999999999999996,0.44999999999999996,1.6297307909039307,0.12,0.35993653744134063,0.7298358005577182,1.0,1.0,0.20991026363464357,1.0,0.19873074882681288,0.6318199151703774,0.018180084829622634,18.180084829622633,0.018180084829622634,18.180084829622633,0.48892494521666763,0.0,0.0,0.011075054783332372,11.075054783332373,True,3.3051548441227503,0.0,3.3051548441227503,main,BO,0.65,50,bo,matern,ei,13347,100,20,0.3254943999927491,0.17091029998846352,0.006769699975848198,0.5032903000246733,171.32062095361363,5000,4000,1000,0.8250168028207854,9.083043558305693,10.365650521424962,False
2754.554558994796,0.1981341501379691,0.26768529402296304,1.1888432883344175,0.10300036437442163,0.350416650602933,0.35844415971279886,0.28038328610848307,0.4791008400656086,0.06294776277813918,0.43334547914738786,0.008333012058660438,0.6099219611919477,0.040078038808052274,40.07803880805228,0.040078038808052274,40.07803880805228,0.4715727304686892,0.0,0.0,0.028427269531310806,28.427269531310806,True,16.062491946997437,0.0,16.062491946997437,main,BO,0.65,51,bo,matern,ei,13347,100,20,0.33922069997061044,0.119569499976933,0.005639599985443056,0.4645460000028834,262.9253858964508,5000,4000,1000,0.8250168028207854,9.083043558305693,10.365650521424962,False
3379.789140077233,0.4436678327611637,0.19095297476034845,1.2996373937940262,0.09068668898428146,0.3987166836679552,0.537082611450638,0.9819080936033249,0.25986564217242414,0.0998791312646754,0.022889632809382165,0.9743336733591041,0.6065478273163295,0.04345217268367052,43.45217268367052,0.04345217268367052,43.45217268367052,0.49757067502579466,0.0,0.0,0.002429324974205338,2.429324974205338,True,18.880913109315227,0.0,18.880913109315227,main,BO,0.65,52,bo,matern,ei,13347,100,20,0.2746014000149444,0.06671629997435957,0.0056909000268206,0.3471259999787435,141.59394886787035,5000,4000,1000,0.8250168028207854,9.083043558305693,10.365650521424962,False
1701.6885705270638,0.16581087855059767,0.2561073052089934,2.0492592639423077,0.09006140572167975,0.3749639308677162,0.057625305864875354,0.1880310815731362,0.4460208720256954,0.3497530879807692,0.0020468573893254183,0.4992786173543238,0.6056785341922649,0.044321465807735105,44.32146580773511,0.044321465807735105,44.32146580773511,0.5326186089193365,0.032618608919336545,32.618608919336545,-0.032618608919336545,-32.618608919336545,False,19.64392331346232,425.5894591330486,445.2333824465109,main,BO,0.65,53,bo,matern,ei,13347,100,20,0.32169080001767725,0.09701590007171035,0.007315200055018067,0.42614450003020465,215.93740290911506,5000,4000,1000,0.8250168028207854,9.083043558305693,10.365650521424962,False
4919.008413593812,0.1294562319450711,0.16149070836721846,1.2756132667621523,0.0945182806176898,0.3503688574192956,0.9768595467410892,0.08416066270020317,0.17568773819205274,0.09187108892071738,0.15060935392299335,0.007377148385911969,0.5736584442702647,0.07634155572973533,76.34155572973533,0.07634155572973533,76.34155572973533,0.45448599213906415,0.0,0.0,0.045514007860935846,45.51400786093585,True,58.280331312362854,0.0,58.280331312362854,main,BO,0.65,54,bo,matern,ei,13347,100,20,0.4411100000143051,0.09679570002481341,0.005671699997037649,0.5437034000642598,301.03743503977137,5000,4000,1000,0.8250168028207854,9.083043558305693,10.365650521424962,False
1724.3295896464604,0.35088005332207106,0.2452746276059054,1.4927729578031963,0.11794649049025781,0.3671029785423149,0.06409416847041727,0.7168001523487745,0.41507036458830115,0.1642576526010654,0.9315496830085939,0.34205957084629757,0.6540346493801886,0.004034649380188604,4.034649380188604,0.0,0.0,0.508757287880334,0.00875728788033403,8.75728788033403,-0.00875728788033403,-8.75728788033403,False,0.16278395621056288,30.676036407618117,30.83882036382868,main,BO,0.65,55,bo,matern,ei,13347,100,20,0.2683124999748543,0.056997900013811886,0.007479399908334017,0.33290550007950515,131.7617233464043,5000,4000,1000,0.8250168028207854,9.083043558305693,10.365650521424962,False
4583.069318239766,0.449664217451351,0.26043377646375954,3.0438567551058475,0.11932434626823783,0.3835469952564181,0.8808769480685045,0.9990406212895743,0.4583822184678843,0.6812855850352825,0.9774782089412611,0.6709399051283621,0.6248878474453197,0.025112152554680356,25.112152554680357,0.025112152554680356,25.112152554680357,0.5097279370133548,0.009727937013354837,9.727937013354836,-0.009727937013354837,-9.727937013354836,False,6.306202059295392,37.853103414319605,44.159305473615,main,BO,0.65,56,bo,matern,ei,13347,100,20,0.37871680001262575,0.09159319999162108,0.006132999900728464,0.4765657000243664,123.94919143764473,5000,4000,1000,0.8250168028207854,9.083043558305693,10.365650521424962,False
3057.9021706720105,0.20634539281233297,0.4152873274980756,1.8171150125890434,0.09005907520699603,0.3619787789440552,0.44511490590628877,0.3038439794638085,0.9008209357087876,0.2723716708630145,0.0019691735665345877,0.23957557888110492,0.5773207780887905,0.07267922191120957,72.67922191120957,0.07267922191120957,72.67922191120957,0.4719875808088351,0.0,0.0,0.028012419191164872,28.012419191164874,True,52.82269297618845,0.0,52.82269297618845,main,BO,0.65,57,bo,matern,ei,13347,100,20,0.3803077000193298,0.15078440005891025,0.009877100004814565,0.5410859999246895,108.90194330732461,5000,4000,1000,0.8250168028207854,9.083043558305693,10.365650521424962,False
2566.970515362991,0.39778264366924854,0.1114764510267865,3.9523898381645615,0.1053497413369104,0.35697518828545793,0.3048487186751404,0.8508075533407102,0.03278986007653284,0.9841299460548538,0.51165804456368,0.13950376570915857,0.5667825740414816,0.08321742595851844,83.21742595851845,0.08321742595851844,83.21742595851845,0.4740505540534351,0.0,0.0,0.025949445946564897,25.949445946564897,True,69.251399831615,0.0,69.251399831615,main,BO,0.65,58,bo,matern,ei,13347,100,20,0.377070700051263,0.11288140004035085,0.00619429990183562,0.4962785999523476,335.4922941624482,5000,4000,1000,0.8250168028207854,9.083043558305693,10.365650521424962,False
3842.942878265443,0.44999999999999996,0.4113230575625093,1.3855243850543462,0.11402734522489974,0.3659508799204014,0.6694122509329837,1.0,0.8894944501785982,0.1285081283514487,0.8009115074966581,0.31901759840802796,0.6289054619929701,0.021094538007029873,21.094538007029872,0.021094538007029873,21.094538007029872,0.48914200568030713,0.0,0.0,0.010857994319692865,10.857994319692866,True,4.449795337300278,0.0,4.449795337300278,main,BO,0.65,59,bo,matern,ei,13347,100,20,0.2805759001057595,0.061733300099149346,0.007881199941039085,0.3503066999837756,103.86099068802139,5000,4000,1000,0.8250168028207854,9.083043558305693,10.365650521424962,False
1880.8991007964296,0.3769668997850083,0.197083535972841,1.8244666761715322,0.11425955201371978,0.3768974238198311,0.10882831451326558,0.791333999385738,0.2773815313509743,0.2748222253905107,0.8086517337906594,0.5379484763966216,0.6415468779651382,0.008453122034861815,8.453122034861815,0.008453122034861815,8.453122034861815,0.5102697140721713,0.010269714072171254,10.269714072171254,-0.010269714072171254,-10.269714072171254,False,0.7145527213626636,42.186810849660915,42.90136357102358,main,BO,0.65,60,bo,matern,ei,13347,100,20,0.282605400076136,0.11290439998265356,0.006221399991773069,0.4018577999668196,103.88208631382324,5000,4000,1000,0.8250168028207854,9.083043558305693,10.365650521424962,False
3437.709684087741,0.12404280250514914,0.36490160241182523,1.6389934182053647,0.09047659224758331,0.3724644136572324,0.5536313383107833,0.06869372144328323,0.7568617211766435,0.21299780606845486,0.015886408252777207,0.44928827314464803,0.590878424463923,0.059121575536077,59.121575536076996,0.059121575536077,59.121575536076996,0.4780839199007819,0.0,0.0,0.021916080099218083,21.91608009921808,True,34.95360693868058,0.0,34.95360693868058,main,BO,0.65,61,bo,matern,ei,13347,100,20,0.4117346000857651,0.26464129996020347,0.007027799962088466,0.6835315999342129,102.66266376815398,5000,4000,1000,0.8250168028207854,9.083043558305693,10.365650521424962,False
2462.2373802873776,0.3647496138794297,0.15115315036775184,3.683684497179066,0.09200676604259175,0.37922065825086654,0.2749249657963936,0.756427468226942,0.14615185819357668,0.8945614990596886,0.0668922014197254,0.5844131650173308,0.56937026934608,0.08062973065391998,80.62973065391998,0.08062973065391998,80.62973065391998,0.4876890541079637,0.0,0.0,0.012310945892036296,12.310945892036296,True,65.01153465323685,0.0,65.01153465323685,main,BO,0.65,62,bo,matern,ei,13347,100,20,0.38594589999411255,0.07977279997430742,0.008306300034746528,0.47414420009590685,97.97501067724355,5000,4000,1000,0.8250168028207854,9.083043558305693,10.365650521424962,False
3043.4507272270616,0.11039593652320936,0.18247433332144988,1.012439083950094,0.11891069419212984,0.3588468430742469,0.44098592206487475,0.029702675780598153,0.23564095234699967,0.0041463613166979885,0.963689806404328,0.17693686148493892,0.662526870428979,0.012526870428978931,12.526870428978931,0.0,0.0,0.4988167226105942,0.0,0.0,0.0011832773894058235,1.1832773894058235,True,1.569224827444268,0.0,1.569224827444268,main,BO,0.65,63,bo,matern,ei,13347,100,20,0.36835299991071224,0.1773059000261128,0.008948200033046305,0.5547528000315651,92.93062708213158,5000,4000,1000,0.8250168028207854,9.083043558305693,10.365650521424962,False
4959.744962423087,0.3881987753707856,0.1464301710725462,2.861052799362738,0.11553064964399598,0.39024214382720873,0.9884985606923106,0.823425072487959,0.1326576316358462,0.6203509331209127,0.851021654799866,0.8048428765441743,0.6276461026712989,0.022353897328701078,22.353897328701077,0.022353897328701078,22.353897328701077,0.5227202373048577,0.022720237304857727,22.720237304857726,-0.022720237304857727,-22.720237304857726,False,4.996967257821092,206.48367327561948,211.48064053344058,main,BO,0.65,64,bo,matern,ei,13347,100,20,0.4281605000142008,0.07872360001783818,0.0064079000148922205,0.5134079999988899,90.43393805820418,5000,4000,1000,0.8250168028207854,9.083043558305693,10.365650521424962,False
3915.9533460537737,0.2723471721056695,0.432718811334161,1.5783820471773842,0.11574948819821701,0.37247519802819734,0.6902723845867924,0.4924204917304844,0.95062517524046,0.1927940157257947,0.8583162732739004,0.44950396056394726,0.6452728641516898,0.004727135848310193,4.727135848310193,0.004727135848310193,4.727135848310193,0.5008514804795191,0.0008514804795191067,0.8514804795191067,-0.0008514804795191067,-0.8514804795191067,False,0.2234581332837933,0.29000760280083515,0.5134657360846284,main,BO,0.65,65,bo,matern,ei,13347,100,20,0.39709929993841797,0.11310229997616261,0.008709899964742362,0.5190292000770569,76.8566568878698,5000,4000,1000,0.5134657360846284,9.083043558305693,10.365650521424962,True
3907.471584596786,0.23541257152067113,0.15409118838547128,2.267701382744,0.09048076203334468,0.38557727083794113,0.6878490241705103,0.3868930614876318,0.15454625252991794,0.4225671275813333,0.016025401111489535,0.7115454167588229,0.5859314124533104,0.06406858754668965,64.06858754668964,0.06406858754668965,64.06858754668964,0.502312261188786,0.0023122611887860245,2.3122611887860245,-0.0023122611887860245,-2.3122611887860245,False,41.04783910227835,2.138620722066464,43.186459824344816,main,BO,0.65,66,bo,matern,ei,13347,100,20,0.42544849996920675,0.15594860003329813,0.007005700026638806,0.588530300068669,73.83543756065723,5000,4000,1000,0.5134657360846284,9.083043558305693,10.365650521424962,False
3963.942910340659,0.1603962321370616,0.11129864345404593,1.661237828187477,0.09422585982905393,0.39898453186706695,0.7039836886687598,0.17256066324874741,0.032281838440131216,0.22041260939582563,0.14086199430179802,0.9796906373413391,0.6177613722973087,0.03223862770269137,32.23862770269137,0.03223862770269137,32.23862770269137,0.5062877453454894,0.006287745345489371,6.287745345489371,-0.006287745345489371,-6.287745345489371,False,10.393291161527394,15.814296611889297,26.20758777341669,main,BO,0.65,67,bo,matern,ei,13347,100,20,0.41773050010669976,0.17878909991122782,0.009126899996772408,0.6057864000322297,81.15925060482252,5000,4000,1000,0.5134657360846284,9.083043558305693,10.365650521424962,False
2113.0576726100153,0.28228165236209746,0.3985004727214022,1.5916338050696872,0.10190873490775583,0.3790381048541188,0.175159335031433,0.5208047210345642,0.8528584934897205,0.19721126835656244,0.3969578302585277,0.5807620970823762,0.6307702676738175,0.019229732326182525,19.229732326182525,0.019229732326182525,19.229732326182525,0.5008856215268416,0.0008856215268415735,0.8856215268415735,-0.0008856215268415735,-0.8856215268415735,False,3.697826053366292,0.31373019552208,4.011556248888372,main,BO,0.65,68,bo,matern,ei,13347,100,20,0.31792800000403076,0.14709069998934865,0.007509200018830597,0.47265179990790784,102.3967401265621,5000,4000,1000,0.5134657360846284,9.083043558305693,10.365650521424962,False
1654.9936284922528,0.16380480657974128,0.3252903614549083,1.2660357337127854,0.11883561102120761,0.38142136233619595,0.04428389385492937,0.18229944737068937,0.6436867470140238,0.08867857790426181,0.9611870340402541,0.6284272467239183,0.7094821884915407,0.05948218849154063,59.48218849154063,0.0,0.0,0.5379713623847632,0.037971362384763174,37.971362384763175,-0.037971362384763174,-37.971362384763175,False,35.38130747743169,576.7297445420031,612.1110520194349,main,BO,0.65,69,bo,matern,ei,13347,100,20,0.2934657000005245,0.16314299998339266,0.008835499989800155,0.465574299916625,78.48836341162527,5000,4000,1000,0.5134657360846284,9.083043558305693,10.365650521424962,False
4234.792871338899,0.24343311528681957,0.25782963745853366,1.2230838755527165,0.09282737059241862,0.35516551149668113,0.7813693918111141,0.4098089008194845,0.4509418213100962,0.07436129185090545,0.09424568641395425,0.10331022993362315,0.5767551454362393,0.07324485456376073,73.24485456376073,0.07324485456376073,73.24485456376073,0.4579460181408869,0.0,0.0,0.042053981859113077,42.05398185911308,True,53.64808720066461,0.0,53.64808720066461,main,BO,0.65,70,bo,matern,ei,13347,100,20,0.38716959999874234,0.1532559999031946,0.007166400086134672,0.5477168000070378,127.48701574956999,5000,4000,1000,0.5134657360846284,9.083043558305693,10.365650521424962,False
1910.0328127699147,0.2651440968204518,0.24429652310373381,1.4561835311298452,0.10514496155311692,0.35775220429253907,0.11715223221997562,0.4718402766298623,0.41227578029638234,0.1520611770432817,0.5048320517705643,0.155044085850782,0.6223182854634385,0.02768171453656154,27.681714536561543,0.02768171453656154,27.681714536561543,0.4862772155823063,0.0,0.0,0.0137227844176937,13.7227844176937,True,7.662773196836826,0.0,7.662773196836826,main,BO,0.65,71,bo,matern,ei,13347,100,20,0.30533850006759167,0.16194669995456934,0.009131600032560527,0.4765378999290988,91.74034573994722,5000,4000,1000,0.5134657360846284,9.083043558305693,10.365650521424962,False
3014.893378503114,0.11653009243533133,0.4328475779057469,1.0026850639736455,0.10199830129676815,0.39433689826912516,0.43282667957231835,0.047228835529518065,0.9509930797307055,0.0008950213245485505,0.3999433765589384,0.8867379653825027,0.6620157537546802,0.012015753754680225,12.015753754680226,0.0,0.0,0.5150637956947004,0.0150637956947004,15.0637956947004,-0.0150637956947004,-15.0637956947004,False,1.4437833829311193,90.76717629266972,92.21095967560083,main,BO,0.65,72,bo,matern,ei,13347,100,20,0.3557121000485495,0.20824710000306368,0.008445299929007888,0.572548900032416,76.7010946457795,5000,4000,1000,0.5134657360846284,9.083043558305693,10.365650521424962,False
4645.876369272446,0.44791584964764164,0.42245035120485386,3.99915098810521,0.09168647270867768,0.35965072863741954,0.8988218197921274,0.9940452847075475,0.921286717728154,0.9997169960350699,0.056215756955922735,0.19301457274839107,0.5391737881927124,0.11082621180728758,110.82621180728758,0.11082621180728758,110.82621180728758,0.45658198229727204,0.0,0.0,0.04341801770272796,43.418017702727965,True,122.82449223553769,0.0,122.82449223553769,main,BO,0.65,73,bo,matern,ei,13347,100,20,0.42255360004492104,0.18250960006844252,0.009689000085927546,0.6148796000052243,81.66302120248791,5000,4000,1000,0.5134657360846284,9.083043558305693,10.365650521424962,False
1900.516371543219,0.3328870503199697,0.1579799625803548,3.967651193484764,0.11761936408225826,0.3958682895112543,0.1144332490123483,0.6653915723427706,0.16565703594387082,0.9892170644949213,0.920645469408609,0.9173657902250857,0.639297209296989,0.010702790703011056,10.702790703011056,0.010702790703011056,10.702790703011056,0.5418909750159321,0.041890975015932086,41.890975015932085,-0.041890975015932086,-41.890975015932085,False,1.1454972883245989,701.9415151141783,703.0870124025029,main,BO,0.65,74,bo,matern,ei,13347,100,20,0.38083189993631095,0.1615672999760136,0.007870999979786575,0.5504063999978825,79.97926630736262,5000,4000,1000,0.5134657360846284,9.083043558305693,10.365650521424962,False
4878.088917509262,0.43241574742761013,0.32884827974884917,3.757835386113883,0.10431376824986105,0.3885983207472782,0.9651682621455032,0.9497592783646004,0.6538522278538548,0.919278462037961,0.4771256083287019,0.7719664149455634,0.5936958280763251,0.05630417192367487,56.30417192367487,0.05630417192367487,56.30417192367487,0.5013223675135007,0.0013223675135006774,1.3223675135006774,-0.0013223675135006774,-1.3223675135006774,False,31.701597760107372,0.6994623363047857,32.40106009641216,main,BO,0.65,75,bo,matern,ei,13347,100,20,0.4310330000007525,0.19913940003607422,0.00991500006057322,0.640211799996905,101.65256816614713,5000,4000,1000,0.5134657360846284,9.083043558305693,10.365650521424962,False
4431.3623729959345,0.33970283702664006,0.20197552002426966,3.8410881871883524,0.09679228406735782,0.38417725530331814,0.837532106570267,0.6848652486475432,0.29135862864077045,0.9470293957294508,0.22640946891192748,0.6835451060663631,0.5774193632372304,0.0725806367627696,72.5806367627696,0.0725806367627696,72.5806367627696,0.5075339213941386,0.007533921394138554,7.533921394138554,-0.007533921394138554,-7.533921394138554,False,52.67948832889102,22.703988629223446,75.38347695811447,main,BO,0.65,76,bo,matern,ei,13347,100,20,0.4729955999646336,0.1542558999499306,0.008076800033450127,0.6354604000225663,83.70902225280317,5000,4000,1000,0.5134657360846284,9.083043558305693,10.365650521424962,False
2756.6228417775847,0.44666972601768196,0.12648439456361762,1.96867612221914,0.10888460927910482,0.3657089690698745,0.3590350976507385,0.9904849314790914,0.07566969875319318,0.32289204073971334,0.6294869759701606,0.3141793813974896,0.603644866299204,0.046355133700796025,46.355133700796024,0.046355133700796025,46.355133700796024,0.4852188431736317,0.0,0.0,0.014781156826368325,14.781156826368324,True,21.48798420418675,0.0,21.48798420418675,main,BO,0.65,77,bo,matern,ei,13347,100,20,0.2769865000154823,0.23129430005792528,0.01055779994931072,0.5189703999785706,79.15978334446301,5000,4000,1000,0.5134657360846284,9.083043558305693,10.365650521424962,False
3930.9956834272216,0.44083775438481076,0.3477546723576037,1.046078145076252,0.09147918818752927,0.35617896190597176,0.6945701952649205,0.9738221553851736,0.7078704924502964,0.015359381692083951,0.04930627291764267,0.12357923811943605,0.572562672184133,0.07743732781586699,77.43732781586698,0.07743732781586699,77.43732781586698,0.4553482380744693,0.0,0.0,0.04465176192553072,44.65176192553072,True,59.96539739262046,0.0,59.96539739262046,main,BO,0.65,78,bo,matern,ei,13347,100,20,0.2863471999298781,0.21389040001668036,0.007583900005556643,0.5079539999132976,77.65515873717537,5000,4000,1000,0.5134657360846284,9.083043558305693,10.365650521424962,False
1659.0923185057093,0.16538353849285123,0.25495534202856485,1.6607697282666494,0.0923582588046687,0.35605979270542276,0.04545494814448836,0.18681010997957492,0.4427295486530425,0.22025657608888316,0.0786086268222903,0.12119585410845535,0.6010631190992383,0.04893688090076176,48.93688090076176,0.04893688090076176,48.93688090076176,0.4833096201376173,0.0,0.0,0.016690379862382698,16.6903798623827,True,23.94818312295341,0.0,23.94818312295341,main,BO,0.65,79,bo,matern,ei,13347,100,20,0.3086403999477625,0.1055879999184981,0.010548799997195601,0.4249050000216812,80.87443066202033,5000,4000,1000,0.5134657360846284,9.083043558305693,10.365650521424962,False
3420.3613517950453,0.4255402144352842,0.3661419286930745,3.1679447417126942,0.10695178293806633,0.39884189946563003,0.5486746719414415,0.9301148983865264,0.7604055105516414,0.7226482472375647,0.5650594312688776,0.9768379893126,0.6196298727747018,0.030370127225298194,30.370127225298194,0.030370127225298194,30.370127225298194,0.514228633940827,0.014228633940826962,14.228633940826963,-0.014228633940826962,-14.228633940826963,False,9.223446276807985,80.9816095288212,90.20505580562919,main,BO,0.65,80,bo,matern,ei,13347,100,20,0.36169320007320493,0.18501560005825013,0.00845120009034872,0.555288500036113,68.3312246018144,5000,4000,1000,0.5134657360846284,9.083043558305693,10.365650521424962,False
2511.3207710911374,0.44976951567620693,0.44863973732009177,1.8684489244907345,0.11949065723762402,0.3703944913248575,0.28894879174032495,0.9993414733605912,0.9961135352002621,0.2894829748302449,0.9830219079208006,0.40788982649715033,0.6402785210264019,0.009721478973598097,9.721478973598096,0.009721478973598097,9.721478973598096,0.5029154852236072,0.0029154852236071838,2.9154852236071838,-0.0029154852236071838,-2.9154852236071838,False,0.945071534341099,3.400021635628732,4.345093169969831,main,BO,0.65,81,bo,matern,ei,13347,100,20,0.2762796999886632,0.16938279999885708,0.011147200013510883,0.45694569998886436,57.60254353003845,5000,4000,1000,0.5134657360846284,9.083043558305693,10.365650521424962,False
2807.639238026377,0.3575544802422077,0.12931796500034168,2.047231038115586,0.10325314275204937,0.3789985347359542,0.3736112108646791,0.735869943549165,0.08376561428669049,0.3490770127051953,0.44177142506831246,0.5799706947190832,0.6102962676986963,0.03970373230130375,39.70373230130375,0.03970373230130375,39.70373230130375,0.4974565325203361,0.0,0.0,0.0025434674796638856,2.5434674796638856,True,15.763863586535908,0.0,15.763863586535908,main,BO,0.65,82,bo,matern,ei,13347,100,20,0.3407754999352619,0.1399964999873191,0.012098299921490252,0.4930080999620259,56.22452296110234,5000,4000,1000,0.5134657360846284,9.083043558305693,10.365650521424962,False
1690.862870384667,0.1971733605905965,0.34889946557715373,1.122474243581658,0.09017685254636609,0.38625354064033296,0.05453224868133344,0.27763817311599004,0.7111413302204392,0.04082474786055268,0.005895084878870027,0.725070812806659,0.6341593431926382,0.015840656807361797,15.840656807361796,0.015840656807361797,15.840656807361796,0.5034938111344077,0.0034938111344077205,3.4938111344077205,-0.0034938111344077205,-3.4938111344077205,False,2.5092640808861764,4.882686497164545,7.3919505780507215,main,BO,0.65,83,bo,matern,ei,13347,100,20,0.28316399990580976,0.1528872000053525,0.011342199984937906,0.44752180005889386,58.55765703185648,5000,4000,1000,0.5134657360846284,9.083043558305693,10.365650521424962,False
1630.7864522494292,0.4498295296348114,0.43747180681121944,1.2686258759587226,0.09873718876012876,0.3524113192788065,0.03736755778555123,0.9995129418137467,0.9642051623177699,0.08954195865290748,0.2912396253376255,0.04822638557612946,0.5868203966321661,0.0631796033678339,63.179603367833906,0.0631796033678339,63.179603367833906,0.46752550951216376,0.0,0.0,0.03247449048783624,32.474490487836235,True,39.91662281716808,0.0,39.91662281716808,main,BO,0.65,84,bo,matern,ei,13347,100,20,0.22820430004503578,0.08035159995779395,0.008556700078770518,0.31724859995301813,51.90969912288574,5000,4000,1000,0.5134657360846284,9.083043558305693,10.365650521424962,False
4296.98220568543,0.37262191146363155,0.43875013483286607,1.3945355577554275,0.09021227215240311,0.3775798369433876,0.7991377730529798,0.7789197470389472,0.967857528093903,0.13151185258514253,0.007075738413437449,0.5515967388677517,0.5884093256021259,0.061590674397874134,61.59067439787413,0.061590674397874134,61.59067439787413,0.475576557927991,0.0,0.0,0.024423442072009027,24.423442072009028,True,37.934111727849476,0.0,37.934111727849476,main,BO,0.65,85,bo,matern,ei,13347,100,20,0.36087019997648895,0.2113477000966668,0.008803600096143782,0.581169500015676,58.38888668818538,5000,4000,1000,0.5134657360846284,9.083043558305693,10.365650521424962,False
3571.411173705447,0.10373335199989556,0.43910058369923577,1.0259450996797572,0.09029668191435189,0.3728759894052416,0.5918317639158419,0.01066671999970159,0.9688588105692449,0.008648366559919074,0.009889397145063317,0.45751978810483174,0.6046934931379543,0.04530650686204574,45.30650686204574,0.04530650686204574,45.30650686204574,0.477100979839013,0.0,0.0,0.022899020160986994,22.899020160986993,True,20.526795640405975,0.0,20.526795640405975,main,BO,0.65,86,bo,matern,ei,13347,100,20,0.38441769999917597,0.1878341999836266,0.01235520001500845,0.5847402999643236,56.0352691223171,5000,4000,1000,0.5134657360846284,9.083043558305693,10.365650521424962,False
4408.903497331867,0.44343200527633675,0.39863336967928964,2.4411932893438584,0.11872666084285273,0.36799553211571545,0.831115284951962,0.9812343007895336,0.8532381990836846,0.48039776311461946,0.9575553614284243,0.3599106423143089,0.6209749890852181,0.029025010914781935,29.025010914781934,0.029025010914781935,29.025010914781934,0.49436754804377936,0.0,0.0,0.005632451956220641,5.632451956220641,True,8.424512586032105,0.0,8.424512586032105,main,BO,0.65,87,bo,matern,ei,13347,100,20,0.3658132000127807,0.09236969996709377,0.009450100013054907,0.4677667999640107,48.538169401361124,5000,4000,1000,0.5134657360846284,9.083043558305693,10.365650521424962,False
4003.447772239353,0.44836888847772605,0.3982617524657408,2.655671401368951,0.105223426964021,0.37981405464872714,0.7152707920683866,0.9953396813649315,0.8521764356164022,0.5518904671229836,0.5074475654673668,0.596281092974543,0.6015246532558033,0.048475346744196735,48.475346744196735,0.048475346744196735,48.475346744196735,0.49213606480431826,0.0,0.0,0.007863935195681737,7.863935195681737,True,23.49859241970105,0.0,23.49859241970105,main,BO,0.65,88,bo,matern,ei,13347,100,20,0.34769470000173897,0.11641799996141344,0.011529700015671551,0.4757761999499053,53.80865946200873,5000,4000,1000,0.5134657360846284,9.083043558305693,10.365650521424962,False
3338.946270315218,0.22116478328032088,0.20135176929695128,1.576772409511884,0.10449686938117857,0.3519264891868424,0.5254132200900623,0.3461850950866311,0.2895764837055751,0.19225746983729464,0.4832289793726192,0.03852978373684768,0.5988012893112368,0.05119871068876325,51.19871068876325,0.05119871068876325,51.19871068876325,0.4704681830603809,0.0,0.0,0.029531816939619093,29.531816939619095,True,26.213079761916802,0.0,26.213079761916802,main,BO,0.65,89,bo,matern,ei,13347,100,20,0.3906096999999136,0.3096223999746144,0.0127134999493137,0.7130776999983937,48.05234049126368,5000,4000,1000,0.5134657360846284,9.083043558305693,10.365650521424962,False
3804.3884105630555,0.31390917460141077,0.44999999999999996,1.6044828108108369,0.11189247944253937,0.37538329818930005,0.6583966887323016,0.611169070289745,1.0,0.20149427027027894,0.7297493147513124,0.5076659637860014,0.6368974675509145,0.013102532449085547,13.102532449085547,0.013102532449085547,13.102532449085547,0.4990311698511925,0.0,0.0,0.000968830148807498,0.968830148807498,True,1.7167635657933968,0.0,1.7167635657933968,main,BO,0.65,90,bo,matern,ei,13347,100,20,0.3870426999637857,0.11777290003374219,0.010875999927520752,0.5158278000308201,56.38490987591312,5000,4000,1000,0.5134657360846284,9.083043558305693,10.365650521424962,False
3714.257332308729,0.28465628655882746,0.44999999999999996,1.4159702859047587,0.11332282115566902,0.3741347680764461,0.6326449520882083,0.5275893901680784,1.0,0.1386567619682529,0.7774273718556343,0.48269536152892173,0.6451512306955269,0.004848769304473088,4.848769304473088,0.004848769304473088,4.848769304473088,0.5004873933822759,0.00048739338227588025,0.48739338227588025,-0.00048739338227588025,-0.48739338227588025,False,0.23510563768000436,0.09502092363452894,0.33012656131453333,main,BO,0.65,91,bo,matern,ei,13347,100,20,0.38680370000656694,0.27937590004876256,0.0140215998981148,0.6803406999679282,43.584535631055,5000,4000,1000,0.33012656131453333,9.083043558305693,10.365650521424962,True
1664.0765836793412,0.4104745001163267,0.3596957488273139,3.537454670018742,0.10117700149112419,0.356591100355702,0.046879023908383166,0.887070000332362,0.7419878537923255,0.8458182233395807,0.3725667163708065,0.13182200711404102,0.5678897680613758,0.08211023193862421,82.11023193862421,0.08211023193862421,82.11023193862421,0.47256424134929503,0.0,0.0,0.027435758650704967,27.435758650704965,True,67.42090189014662,0.0,67.42090189014662,main,BO,0.65,92,bo,matern,ei,13347,100,20,0.33478640008252114,0.11462630005553365,0.009562999941408634,0.45911279995925725,44.52383358289897,5000,4000,1000,0.33012656131453333,9.083043558305693,10.365650521424962,False
2321.823297514161,0.39240082049785274,0.20610463995445008,3.392363493251638,0.09022401186630494,0.3710694938581925,0.23480665643261744,0.8354309157081508,0.30315611415557164,0.7974544977505461,0.00746706221016491,0.4213898771638499,0.5578177162402027,0.09218228375979731,92.18228375979731,0.09218228375979731,92.18228375979731,0.47187242419008996,0.0,0.0,0.028127575809910044,28.127575809910045,True,84.9757343917179,0.0,84.9757343917179,main,BO,0.65,93,bo,matern,ei,13347,100,20,0.35252209997270256,0.3112607999937609,0.011595199932344258,0.6755494000390172,42.80623873443196,5000,4000,1000,0.33012656131453333,9.083043558305693,10.365650521424962,False
3608.4214473292172,0.3598552804181997,0.391097614729212,1.9078314130406677,0.09283335324514409,0.3863747498749915,0.6024061278083478,0.7424436583377133,0.8317074706548915,0.30261047101355587,0.09444510817146967,0.7274949974998296,0.5958865755663746,0.054113424433625434,54.11342443362543,0.054113424433625434,54.11342443362543,0.4887285416231359,0.0,0.0,0.011271458376864107,11.271458376864107,True,29.2826270393369,0.0,29.2826270393369,main,BO,0.65,94,bo,matern,ei,13347,100,20,0.3631505999946967,0.16216840001288801,0.009097600006498396,0.5345693998970091,44.32757061062051,5000,4000,1000,0.33012656131453333,9.083043558305693,10.365650521424962,False
4540.370179954725,0.44942988755751323,0.15546300570362093,2.2255297180281204,0.11880375129310937,0.39632638755279964,0.8686771942727788,0.9983711073071808,0.15846573058177404,0.40850990600937354,0.9601250431036458,0.9265277510559928,0.6487782510118918,0.0012217489881082289,1.2217489881082289,0.0012217489881082289,1.2217489881082289,0.5224569781932269,0.022456978193226895,22.456978193226895,-0.022456978193226895,-22.456978193226895,False,0.014926705899434812,201.72634782842732,201.74127453432675,main,BO,0.65,95,bo,matern,ei,13347,100,20,0.3520489000948146,0.20696029998362064,0.011816499987617135,0.5709677999839187,43.1682817887559,5000,4000,1000,0.33012656131453333,9.083043558305693,10.365650521424962,False
2479.37060001578,0.2727749306675712,0.3014353824426411,2.5159381986991445,0.09272494489805305,0.3616928671591081,0.27982017143308,0.49364265905020344,0.5755296641218318,0.5053127328997148,0.09083149660176837,0.23385734318216145,0.5725164431630488,0.07748355683695118,77.48355683695118,0.07748355683695118,77.48355683695118,0.49621593672907965,0.0,0.0,0.003784063270920346,3.784063270920346,True,60.037015801050444,0.0,60.037015801050444,main,BO,0.65,96,bo,matern,ei,13347,100,20,0.38053389999549836,0.3198555000126362,0.012491000001318753,0.7130173000041395,174.72897737430335,5000,4000,1000,0.33012656131453333,9.083043558305693,10.365650521424962,False
4564.183792854047,0.4477117713466636,0.11879153551588723,2.511904118914424,0.11968761215975705,0.35367419433063385,0.8754810836725849,0.9934622038476103,0.05369010147396347,0.5039680396381413,0.9895870719919018,0.07348388661267768,0.6014766071196044,0.048523392880395644,48.52339288039565,0.048523392880395644,48.52339288039565,0.48049148217850274,0.0,0.0,0.019508517821497262,19.50851782149726,True,23.545196566252308,0.0,23.545196566252308,main,BO,0.65,97,bo,matern,ei,13347,100,20,0.36329770006705076,0.3623058000812307,0.009885499952360988,0.7356303000124171,77.82319526369955,5000,4000,1000,0.33012656131453333,9.083043558305693,10.365650521424962,False
4105.232568728362,0.4077360787307913,0.38483117828017255,2.036875207570436,0.1067711091871809,0.3690389868020677,0.7443521624938176,0.8792459392308323,0.8138033665147788,0.34562506919014535,0.5590369729060299,0.3807797360413545,0.6040449224992956,0.04595507750070438,45.95507750070438,0.04595507750070438,45.95507750070438,0.4840707825845943,0.0,0.0,0.015929217415405705,15.929217415405706,True,21.11869148095745,0.0,21.11869148095745,main,BO,0.65,98,bo,matern,ei,13347,100,20,0.3563364000292495,0.2048467000713572,0.01261900004465133,0.5739386000204831,71.39321783210923,5000,4000,1000,0.33012656131453333,9.083043558305693,10.365650521424962,False
1975.0685702014212,0.23908165065528109,0.38284841452339635,1.3052324115334013,0.10467737036848415,0.359766284882437,0.13573387720040608,0.39737614472937455,0.808138327209704,0.1017441371778004,0.489245678949472,0.19532569764873997,0.6312242655932405,0.018775734406759503,18.775734406759504,0.018775734406759503,18.775734406759504,0.48880234128143274,0.0,0.0,0.01119765871856726,11.197658718567261,True,3.5252820251317263,0.0,3.5252820251317263,main,BO,0.65,99,bo,matern,ei,13347,100,20,0.313312100013718,0.2134863999672234,0.009779299958609045,0.5367161000613123,44.78247169901201,5000,4000,1000,0.33012656131453333,9.083043558305693,10.365650521424962,False
3726.023951886558,0.40792968579015865,0.43658500714609316,2.1611578140989223,0.09083388712591316,0.3518139910489253,0.6360068433961593,0.8797991022575963,0.9616714489888376,0.38705260469964076,0.027796237530438472,0.036279820978505906,0.5516139686500784,0.09838603134992163,98.38603134992164,0.09838603134992163,98.38603134992164,0.45044944960220124,0.0,0.0,0.049550550397798765,49.550550397798766,True,96.7981116478776,0.0,96.7981116478776,main,BO,0.65,100,bo,matern,ei,13347,100,20,0.337256999919191,0.11993899999652058,0.011978799942880869,0.46932579996064305,45.13195343747533,5000,4000,1000,0.33012656131453333,9.083043558305693,10.365650521424962,False
4343.702175480388,0.1733775837979359,0.13687399597775948,2.6543657948213752,0.09474405523687601,0.36862928770512754,0.8124863358515396,0.20965023942267402,0.10535427422216995,0.5514552649404584,0.15813517456253393,0.3725857541025511,0.5735940332731375,0.12640596672686244,126.40596672686245,0.12640596672686244,126.40596672686245,0.5096778898322419,0.009677889832241937,9.677889832241938,-0.009677889832241937,-9.677889832241938,False,159.78468424152652,37.464620642004746,197.24930488353127,main,BO,0.7,1,initial_lhs,matern,ei,13348,100,20,0.48765070002991706,0.0,0.0,0.48769259999971837,,0,0,0,197.24930488353127,,,True
1562.859556002281,0.336496021592776,0.20443106332389932,2.2246680218553867,0.10554846994338347,0.35361928423040573,0.017959873143508803,0.6757029188365028,0.2983744666397123,0.40822267395179557,0.5182823314461158,0.07238568460811515,0.5989470082367785,0.10105299176322147,101.05299176322147,0.10105299176322147,101.05299176322147,0.48149147927204616,0.0,0.0,0.018508520727953837,18.508520727953837,True,102.11707144297705,0.0,102.11707144297705,main,BO,0.7,2,initial_lhs,matern,ei,13348,100,20,0.2932611999567598,0.0,0.0,0.29330699995625764,,0,0,0,102.11707144297705,101.05299176322147,18.508520727953837,True
3112.1194570415973,0.3084052373111099,0.4475032098595141,2.61245739396412,0.10305368944617033,0.36143762134080165,0.4606055591547421,0.5954435351745997,0.9928663138843259,0.53748579798804,0.4351229815390111,0.22875242681603333,0.5900727530401169,0.1099272469598831,109.92724695988309,0.1099272469598831,109.92724695988309,0.4978636322565991,0.0,0.0,0.0021363677434009243,2.1363677434009243,True,120.83999624179127,0.0,120.83999624179127,main,BO,0.7,3,initial_lhs,matern,ei,13348,100,20,0.4124750999035314,0.0,0.0,0.4125200000125915,,0,0,0,102.11707144297705,101.05299176322147,18.508520727953837,False
2927.2546632446074,0.1268041706182244,0.32435114022967615,1.5606711057084839,0.11471444277275761,0.37040669764665196,0.4077870466413163,0.0765833446234983,0.6410032577990747,0.18689036856949467,0.8238147590919201,0.40813395293303917,0.6541316774320883,0.045868322567911624,45.868322567911626,0.045868322567911624,45.868322567911626,0.5050564065833091,0.005056406583309081,5.056406583309081,-0.005056406583309081,-5.056406583309081,False,21.039030151939905,10.226899014292565,31.265929166232468,main,BO,0.7,4,initial_lhs,matern,ei,13348,100,20,0.3752008000155911,0.0,0.0,0.37524590000975877,,0,0,0,31.265929166232468,101.05299176322147,18.508520727953837,True
2669.3839398886366,0.1406996808411074,0.12121713296942561,1.939706417239207,0.11005379096110951,0.38434206699843826,0.334109697111039,0.11628480240316401,0.060620379912644594,0.313235472413069,0.6684596987036502,0.6868413399687651,0.6474460784765859,0.05255392152341409,52.55392152341409,0.05255392152341409,52.55392152341409,0.5364923845746149,0.0364923845746149,36.4923845746149,-0.0364923845746149,-36.4923845746149,False,27.61914667489167,532.6776527766366,560.2967994515283,main,BO,0.7,5,initial_lhs,matern,ei,13348,100,20,0.3729036001022905,0.0,0.0,0.37294699996709824,,0,0,0,31.265929166232468,101.05299176322147,18.508520727953837,False
3470.3246931154367,0.3170022863863573,0.3368117382319544,3.933725425483731,0.09133965231138852,0.379191332659486,0.5629499123186962,0.6200065325324495,0.6766049663770126,0.9779084751612437,0.04465507704628427,0.58382665318972,0.5644928124830866,0.13550718751691337,135.50718751691338,0.13550718751691337,135.50718751691338,0.5010420847963751,0.0010420847963751312,1.0420847963751312,-0.0010420847963751312,-1.0420847963751312,False,183.62197868743922,0.43437628913447945,184.05635497657372,main,BO,0.7,6,initial_lhs,matern,ei,13348,100,20,0.46398190001491457,0.0,0.0,0.46402539999689907,,0,0,0,31.265929166232468,101.05299176322147,18.508520727953837,False
2229.034169199066,0.2168952158557944,0.3888574288184664,1.014194684542249,0.10491671008396247,0.3523762391004813,0.20829547691401884,0.33398633101655545,0.8253069394813325,0.004731561514082955,0.49722366946541613,0.04752478200962636,0.6304986351864995,0.06950136481350044,69.50136481350044,0.06950136481350044,69.50136481350044,0.480578281485902,0.0,0.0,0.01942171851409802,19.421718514098018,True,48.30439710939277,0.0,48.30439710939277,main,BO,0.7,7,initial_lhs,matern,ei,13348,100,20,0.31584989989642054,0.0,0.0,0.31590719998348504,,0,0,0,31.265929166232468,69.50136481350044,19.421718514098018,False
3390.4520510318885,0.23573450894231854,0.355071670888329,1.4289358043574076,0.0916515078654256,0.39442933043119954,0.5401291574376824,0.3878128826923387,0.7287762025380831,0.1429786014524692,0.055050262180853474,0.8885866086239901,0.6155412718588316,0.0844587281411684,84.4587281411684,0.0844587281411684,84.4587281411684,0.49835200105270905,0.0,0.0,0.0016479989472909518,1.6479989472909518,True,71.3327675922379,0.0,71.3327675922379,main,BO,0.7,8,initial_lhs,matern,ei,13348,100,20,0.3881567999487743,0.0,0.0,0.3882033000700176,,0,0,0,31.265929166232468,69.50136481350044,19.421718514098018,False
1894.200015948372,0.10367496182739236,0.41275207377225587,3.15870915787712,0.09349600318716418,0.39560939773011683,0.11262857598524918,0.010499890935406726,0.8935773536350169,0.7195697192923732,0.11653343957213931,0.9121879546023361,0.6191067318681209,0.08089326813187903,80.89326813187903,0.08089326813187903,80.89326813187903,0.7104290883431813,0.2104290883431813,210.4290883431813,-0.2104290883431813,-210.4290883431813,False,65.43720829056075,17712.16048837696,17777.597696667523,main,BO,0.7,9,initial_lhs,matern,ei,13348,100,20,0.39919840008951724,0.0,0.0,0.39924970001447946,,0,0,0,31.265929166232468,69.50136481350044,19.421718514098018,False
4578.844097036963,0.35203241935957996,0.2582271140209615,1.8293361189430235,0.0994736402287422,0.3997864162393633,0.8796697420105609,0.7200926267416572,0.4520774686313186,0.2764453729810078,0.31578800762474013,0.9957283247872649,0.6216380657376585,0.0783619342623415,78.3619342623415,0.0783619342623415,78.3619342623415,0.5071369839683552,0.0071369839683551595,7.1369839683551595,-0.0071369839683551595,-7.1369839683551595,False,61.40592741335531,20.374616065823425,81.78054347917873,main,BO,0.7,10,initial_lhs,matern,ei,13348,100,20,0.3928311999188736,0.0,0.0,0.39287760003935546,,0,0,0,31.265929166232468,69.50136481350044,19.421718514098018,False
1787.163970796937,0.44557870796142063,0.1606527878752763,3.0789338362107603,0.09649420364627435,0.38599042268977646,0.08204684879912491,0.9873677370326304,0.17329367964364656,0.6929779454035867,0.2164734548758121,0.7198084537955287,0.5867745790201017,0.1132254209798983,113.22542097989829,0.1132254209798983,113.22542097989829,0.4942312201513543,0.0,0.0,0.005768779848645711,5.7687798486457105,True,128.19995956075195,0.0,128.19995956075195,main,BO,0.7,11,initial_lhs,matern,ei,13348,100,20,0.2975066000362858,0.0,0.0,0.2975537000456825,,0,0,0,31.265929166232468,69.50136481350044,19.421718514098018,False
4709.526889753175,0.20214966667169748,0.2951760159522058,3.6805416913256126,0.10905152491813616,0.3579326840666149,0.9170076827866216,0.2918561904905642,0.5576457598634451,0.8935138971085376,0.635050830604539,0.15865368133229824,0.5816376540686741,0.11836234593132589,118.36234593132589,0.11836234593132589,118.36234593132589,0.5654645536295636,0.0654645536295636,65.46455362956361,-0.0654645536295636,-65.46455362956361,False,140.09644934366855,1714.2431127672035,1854.339562110872,main,BO,0.7,12,initial_lhs,matern,ei,13348,100,20,0.5357616000110283,0.0,0.0,0.5358030000934377,,0,0,0,31.265929166232468,69.50136481350044,19.421718514098018,False
4288.611617031414,0.2603169217644994,0.2828644515795473,3.7414548661431875,0.10748889113721738,0.3753532002895101,0.7967461762946899,0.45804834789856963,0.5224698616558495,0.9138182887143957,0.582963037907246,0.5070640057902016,0.5948109785622225,0.10518902143777742,105.18902143777741,0.10518902143777742,105.18902143777741,0.5454626649042675,0.045462664904267536,45.462664904267534,-0.045462664904267536,-45.462664904267534,False,110.64730231037198,826.7415600790877,937.3888623894596,main,BO,0.7,13,initial_lhs,matern,ei,13348,100,20,0.4929003999568522,0.0,0.0,0.49294360005296767,,0,0,0,31.265929166232468,69.50136481350044,19.421718514098018,False
3883.7003789606374,0.41315271134723586,0.3652681722379095,1.641308838090291,0.11150860444087536,0.39210980743505347,0.6810572511316106,0.8947220324206739,0.7579090635368844,0.21376961269676364,0.716953481362512,0.8421961487010687,0.6443964542968216,0.05560354570317838,55.60354570317838,0.05560354570317838,55.60354570317838,0.5129533657288252,0.012953365728825217,12.953365728825217,-0.012953365728825217,-12.953365728825217,False,30.917542947654464,67.11587348188145,98.03341642953592,main,BO,0.7,14,initial_lhs,matern,ei,13348,100,20,0.32931060006376356,0.0,0.0,0.3293612999841571,,0,0,0,31.265929166232468,69.50136481350044,19.421718514098018,False
3648.1829915244025,0.36727730240127354,0.42534788180325456,3.4336548287913953,0.10190052654593268,0.36571291159970015,0.6137665690069721,0.7636494354322101,0.9295653765807275,0.8112182762637984,0.39668421819775623,0.31425823199400366,0.5763465603123074,0.1236534396876926,123.6534396876926,0.1236534396876926,123.6534396876926,0.48743712318454074,0.0,0.0,0.012562876815459256,12.562876815459257,True,152.90173146597832,0.0,152.90173146597832,main,BO,0.7,15,initial_lhs,matern,ei,13348,100,20,0.42519989993888885,0.0,0.0,0.4252421000273898,,0,0,0,31.265929166232468,69.50136481350044,19.421718514098018,False
4918.792623362265,0.282952521031979,0.2505083084643576,2.170354176230278,0.11748346489824416,0.38134896005683305,0.9767978923892185,0.5227214886627972,0.4300237384695932,0.390118058743426,0.9161154966081385,0.6269792011366607,0.637971585291255,0.06202841470874498,62.02841470874498,0.06202841470874498,62.02841470874498,0.5186681071310422,0.018668107131042166,18.668107131042166,-0.018668107131042166,-18.668107131042166,False,38.4752423128005,139.39928954242697,177.87453185522747,main,BO,0.7,16,initial_lhs,matern,ei,13348,100,20,0.46596030006185174,0.0,0.0,0.46600440004840493,,0,0,0,31.265929166232468,69.50136481350044,19.421718514098018,False
2832.662599389533,0.42317240233989684,0.23009067346358422,3.399787990021193,0.11667941336050944,0.38802064774555106,0.3807607426827238,0.923349720971134,0.3716876384673835,0.7999293300070643,0.8893137786836478,0.760412954911021,0.6250319789930027,0.07496802100699729,74.96802100699729,0.07496802100699729,74.96802100699729,0.5153106477286016,0.015310647728601579,15.310647728601579,-0.015310647728601579,-15.310647728601579,False,56.20204173705586,93.76637354773307,149.96841528478893,main,BO,0.7,17,initial_lhs,matern,ei,13348,100,20,0.35729109996464103,0.0,0.0,0.3573384000919759,,0,0,0,31.265929166232468,69.50136481350044,19.421718514098018,False
2535.749591275605,0.2481584384364356,0.17289035999737107,1.1852696397760152,0.11282274962931202,0.3738050201850352,0.29592845465017287,0.42330982410410173,0.20825817142106023,0.061756546592005045,0.7607583209770676,0.47610040370070356,0.6546149612859405,0.04538503871405941,45.38503871405941,0.04538503871405941,45.38503871405941,0.5065472286593119,0.006547228659311899,6.547228659311899,-0.006547228659311899,-6.547228659311899,False,20.59801739076671,17.146481246926033,37.74449863769274,main,BO,0.7,18,initial_lhs,matern,ei,13348,100,20,0.33714099996723235,0.0,0.0,0.3371840000618249,,0,0,0,31.265929166232468,69.50136481350044,19.421718514098018,False
3993.118285963598,0.15380196946742763,0.21022296066053947,2.4906003809990285,0.1199046989192819,0.3566481102400689,0.7123195102753137,0.15371991276407895,0.31492274474439846,0.49686679366634284,0.9968232973093972,0.13296220480137927,0.6216295556203296,0.07837044437967033,78.37044437967033,0.07837044437967033,78.37044437967033,0.5336431164936203,0.033643116493620284,33.64311649362028,-0.033643116493620284,-33.64311649362028,False,61.41926552267001,452.7437149613221,514.1629804839921,main,BO,0.7,19,initial_lhs,matern,ei,13348,100,20,0.5111866999650374,0.0,0.0,0.5112383000086993,,0,0,0,31.265929166232468,69.50136481350044,19.421718514098018,False
2188.7624523689447,0.3941047092441782,0.11722530345906161,2.884494957776952,0.09859662461119287,0.3633582927997056,0.19678927210541283,0.8402991692690807,0.04921515274017603,0.6281649859256507,0.2865541537064292,0.2671658559941125,0.5741973463242567,0.12580265367574328,125.80265367574329,0.12580265367574328,125.80265367574329,0.474306188350277,0.0,0.0,0.02569381164972301,25.69381164972301,True,158.26307671859,0.0,158.26307671859,main,BO,0.7,20,initial_lhs,matern,ei,13348,100,20,0.42409669992048293,0.0,0.0,0.4241516999900341,,0,0,0,31.265929166232468,69.50136481350044,19.421718514098018,False
4932.073728278634,0.4060669679095472,0.3601534407146654,3.9738533072866358,0.10201910388314481,0.39762462071281074,0.9805924937938955,0.8744770511701349,0.7432955448990439,0.9912844357622119,0.40063679610482716,0.952492414256214,0.5986019953047645,0.10139800469523541,101.39800469523541,0.10139800469523541,101.39800469523541,0.5123497418905981,0.01234974189059812,12.349741890598121,-0.01234974189059812,-12.349741890598121,False,102.81555356174982,61.00644990575762,163.82200346750744,main,BO,0.7,21,bo,matern,ei,13348,100,20,0.46485780004877597,0.033145699999295175,0.004745199927128851,0.5028538999613374,3745.4424016912053,5000,4000,1000,31.265929166232468,69.50136481350044,19.421718514098018,False
1941.2099853462732,0.4469851888095253,0.3544073307263773,2.243497297447676,0.10998849190762319,0.3700137547012337,0.12605999581322092,0.9913862537415009,0.7268780877896496,0.41449909914922534,0.66628306358744,0.4002750940246742,0.6126610080366623,0.08733899196333761,87.3389919633376,0.08733899196333761,87.3389919633376,0.4940659691383681,0.0,0.0,0.0059340308616319115,5.9340308616319115,True,76.28099517171951,0.0,76.28099517171951,main,BO,0.7,22,bo,matern,ei,13348,100,20,0.2751191999996081,0.035937400069087744,0.003028100007213652,0.3141898000612855,1513.7701037421607,5000,4000,1000,31.265929166232468,69.50136481350044,19.421718514098018,False
4896.9430213245405,0.10710511632195882,0.21218363821019115,2.022656410274291,0.11270101239412411,0.37029713316414997,0.9705551489498687,0.020300332348453742,0.3205246806005462,0.34088547009143033,0.7567004131374706,0.40594266328299977,0.6226996295026754,0.07730037049732452,77.30037049732452,0.07730037049732452,77.30037049732452,0.5074745404559524,0.0074745404559524165,7.4745404559524165,-0.0074745404559524165,-7.4745404559524165,False,59.753472790236394,22.347502011067743,82.10097480130413,main,BO,0.7,23,bo,matern,ei,13348,100,20,0.4775451999157667,0.06190339999739081,0.0034332999493926764,0.5429943000199273,1025.2460446735613,5000,4000,1000,31.265929166232468,69.50136481350044,19.421718514098018,False
3046.6312566351726,0.26823324198362475,0.3721553131983887,1.9205043222707685,0.09630902347197572,0.3639061260881525,0.4418946447529064,0.4806664056674993,0.7775866091382534,0.30683477409025617,0.21030078239919048,0.2781225217630502,0.5879982495528518,0.11200175044714811,112.00175044714811,0.11200175044714811,112.00175044714811,0.4802838827336903,0.0,0.0,0.019716117266309674,19.716117266309674,True,125.44392103225242,0.0,125.44392103225242,main,BO,0.7,24,bo,matern,ei,13348,100,20,0.38873500004410744,0.0872656999854371,0.0032254999969154596,0.4793317000148818,866.7850822757229,5000,4000,1000,31.265929166232468,69.50136481350044,19.421718514098018,False
1551.5956325561287,0.428390343778847,0.21227321663868126,3.9953290321686747,0.0932072229851799,0.37609264909660256,0.014741609301751057,0.9382581250824199,0.32078061896766075,0.9984430107228915,0.10690743283933002,0.521852981932051,0.5648031456068551,0.13519685439314488,135.1968543931449,0.13519685439314488,135.1968543931449,0.4821275888281686,0.0,0.0,0.017872411171831415,17.872411171831416,True,182.78189437801217,0.0,182.78189437801217,main,BO,0.7,25,bo,matern,ei,13348,100,20,0.32316279993392527,0.06026219995692372,0.0035300999879837036,0.38706080010160804,1064.6730485877429,5000,4000,1000,31.265929166232468,69.50136481350044,19.421718514098018,False
4802.7887721258685,0.15330623373994934,0.13287049420954353,1.2407259146325393,0.09991146014061911,0.3705270397002673,0.9436539348931051,0.15230352497128385,0.09391569774155295,0.08024197154417978,0.3303820046873037,0.4105407940053458,0.6064861614818233,0.09351383851817663,93.51383851817663,0.09351383851817663,93.51383851817663,0.48067425811034675,0.0,0.0,0.019325741889653247,19.325741889653248,True,87.44837994403613,0.0,87.44837994403613,main,BO,0.7,26,bo,matern,ei,13348,100,20,0.43944460002239794,0.03228829998988658,0.0032905000261962414,0.4751268000109121,2942.672630623383,5000,4000,1000,31.265929166232468,69.50136481350044,19.421718514098018,False
4597.970548604203,0.1657296984563263,0.10039282010488305,1.938450980701425,0.10613890593699955,0.36596426981273006,0.8851344424583437,0.18779913844664653,0.0011223431568087028,0.31281699356714165,0.5379635312333185,0.31928539625460095,0.6040582123209458,0.09594178767905415,95.94178767905414,0.09594178767905415,95.94178767905414,0.49193331968321646,0.0,0.0,0.008066680316783537,8.066680316783536,True,92.04826623052708,0.0,92.04826623052708,main,BO,0.7,27,bo,matern,ei,13348,100,20,0.4569699000567198,0.040380400023423135,0.0031554000452160835,0.5006161999190226,1288.5930642140136,5000,4000,1000,31.265929166232468,69.50136481350044,19.421718514098018,False
4998.360768131919,0.43095001814024114,0.24631471877725394,1.1424686072209238,0.0918481068635575,0.3776891921031904,0.9995316480376911,0.945571480400689,0.41804205364929703,0.0474895357403079,0.06160356211858353,0.5537838420638077,0.5896500113938403,0.11034998860615963,110.34998860615963,0.11034998860615963,110.34998860615963,0.47572695226469786,0.0,0.0,0.024273047735302145,24.273047735302143,True,121.7711998537956,0.0,121.7711998537956,main,BO,0.7,28,bo,matern,ei,13348,100,20,0.3246954999631271,0.0364426999585703,0.004035599995404482,0.36529529991094023,1171.205850494757,5000,4000,1000,31.265929166232468,69.50136481350044,19.421718514098018,False
1679.272478374956,0.4459811284892712,0.31411396600555264,1.0320944971969368,0.09505683949312882,0.36509270557925083,0.05122070810713031,0.9885175099693463,0.6117541885872932,0.010698165732312304,0.1685613164376275,0.3018541115850172,0.5935846265348087,0.10641537346519125,106.41537346519125,0.10641537346519125,106.41537346519125,0.4760580143873146,0.0,0.0,0.0239419856126854,23.9419856126854,True,113.24231709736132,0.0,113.24231709736132,main,BO,0.7,29,bo,matern,ei,13348,100,20,0.21345330006442964,0.06314199999906123,0.0033798000076785684,0.28008249995764345,820.5757718540237,5000,4000,1000,31.265929166232468,69.50136481350044,19.421718514098018,False
3188.1093649663644,0.41007369000059846,0.25089598583079553,3.9790420150433166,0.10862816382039021,0.3566933783953391,0.4823169614189613,0.8859248285731386,0.43113138808798723,0.9930140050144389,0.6209387940130072,0.13386756790678178,0.5709415011986448,0.12905849880135511,129.0584988013551,0.12905849880135511,129.0584988013551,0.47626123453268593,0.0,0.0,0.02373876546731407,23.73876546731407,True,166.5609611285938,0.0,166.5609611285938,main,BO,0.7,30,bo,matern,ei,13348,100,20,0.41916460008360445,0.07986010005697608,0.00445080001372844,0.5035771999973804,798.7257186044378,5000,4000,1000,31.265929166232468,69.50136481350044,19.421718514098018,False
3246.7486623048117,0.1243846773887479,0.124599135313746,1.2207885493676844,0.10405761723473687,0.35522553262025686,0.4990710463728033,0.06967050682499398,0.07028324375355999,0.07359618312256144,0.4685872411578961,0.10451065240513746,0.6120485081981847,0.08795149180181527,87.95149180181528,0.08795149180181527,87.95149180181528,0.47580478533581894,0.0,0.0,0.024195214664181064,24.195214664181066,True,77.35464910164778,0.0,77.35464910164778,main,BO,0.7,31,bo,matern,ei,13348,100,20,0.43355800001882017,0.07396349997725338,0.0038469999562948942,0.5114925999660045,2109.447284790709,5000,4000,1000,31.265929166232468,69.50136481350044,19.421718514098018,False
3372.021387633298,0.12358355690069389,0.28279683248002707,1.0,0.11617940345773967,0.37424690653896203,0.5348632536095137,0.06738159114483966,0.5222766642286488,0.0,0.8726467819246557,0.48493813077924064,0.6700135394819628,0.029986460518037106,29.986460518037106,0.029986460518037106,29.986460518037106,0.5088734008727928,0.008873400872792758,8.873400872792757,-0.008873400872792758,-8.873400872792757,False,8.991878143997981,31.494897219711714,40.4867753637097,main,BO,0.7,32,bo,matern,ei,13348,100,20,0.4791093999519944,0.06111600005533546,0.00551320007070899,0.5458713999250904,2828.4956084129976,5000,4000,1000,31.265929166232468,69.50136481350044,19.421718514098018,False
4981.255765606594,0.3049196237429653,0.11092733218887671,3.973428794713056,0.11131641241672603,0.3505196982660806,0.9946445044590267,0.5854846392656151,0.031220949111076313,0.9911429315710186,0.7105470805575346,0.010393965321611964,0.5693110500785197,0.13068894992148028,130.6889499214803,0.13068894992148028,130.6889499214803,0.5055758293141651,0.005575829314165115,5.575829314165115,-0.005575829314165115,-5.575829314165115,False,170.7960163157918,12.435949016281207,183.231965332073,main,BO,0.7,33,bo,matern,ei,13348,100,20,0.6829203000525013,0.03947469999548048,0.004499400034546852,0.7270202999934554,778.9526504795518,5000,4000,1000,31.265929166232468,69.50136481350044,19.421718514098018,False
4995.980552358838,0.4468515747338717,0.33053376790578926,2.4953066532626527,0.11713496684382611,0.3857603860436887,0.9988515863882397,0.9910044992396335,0.658667908302255,0.4984355510875509,0.9044988947942039,0.7152077208737735,0.6316925990966016,0.06830740090339837,68.30740090339837,0.06830740090339837,68.30740090339837,0.5095022082507537,0.009502208250753652,9.502208250753652,-0.009502208250753652,-9.502208250753652,False,46.65901018177589,36.11678465627631,82.7757948380522,main,BO,0.7,34,bo,matern,ei,13348,100,20,0.42269309994298965,0.09976140002254397,0.00573530001565814,0.5283181000268087,629.0457377918281,5000,4000,1000,31.265929166232468,69.50136481350044,19.421718514098018,False
4997.065518430436,0.2451153997197275,0.11513707811290466,2.8825969136018306,0.11621514003269495,0.3583569345831085,0.9991615766944102,0.4146154277706501,0.043248794608299,0.6275323045339435,0.8738380010898318,0.167138691662171,0.6011706142400535,0.09882938575994649,98.82938575994649,0.09882938575994649,98.82938575994649,0.5199968677360352,0.01999686773603515,19.99686773603515,-0.01999686773603515,-19.99686773603515,False,97.67247489688313,159.94988770099343,257.62236259787653,main,BO,0.7,35,bo,matern,ei,13348,100,20,0.4973606000421569,0.07209609996061772,0.004428099957294762,0.5740117999957874,457.1624187213316,5000,4000,1000,31.265929166232468,69.50136481350044,19.421718514098018,False
2922.720227724989,0.1786122557637736,0.14654454436771025,1.7359339608856805,0.11419139298325374,0.3962883227793932,0.40649149363571113,0.22460644503935312,0.13298441247917214,0.24531132029522684,0.8063797661084584,0.9257664555878636,0.6673777027771679,0.03262229722283205,32.62229722283205,0.03262229722283205,32.62229722283205,0.5356280789472312,0.03562807894723119,35.62807894723119,-0.03562807894723119,-35.62807894723119,False,10.642142760947959,507.7440037880553,518.3861465490032,main,BO,0.7,36,bo,matern,ei,13348,100,20,0.4678160999901593,0.07146520004607737,0.006300700013525784,0.5457083000801504,479.9134702902287,5000,4000,1000,31.265929166232468,69.50136481350044,19.421718514098018,False
4541.113653316741,0.2851821343522494,0.2965740553048152,1.001115861499327,0.10950047761953113,0.36109611209594683,0.8688896152333544,0.5290918124349981,0.5616401580137576,0.00037195383310895114,0.6500159206510379,0.22192224191893672,0.6255790935254236,0.07442090647457633,74.42090647457633,0.07442090647457633,74.42090647457633,0.4812528151912182,0.0,0.0,0.01874718480878179,18.747184808781792,True,55.384713204976364,0.0,55.384713204976364,main,BO,0.7,37,bo,matern,ei,13348,100,20,0.42623840004671365,0.15952059999108315,0.004954300005920231,0.5908471000147983,892.9077075769419,5000,4000,1000,31.265929166232468,69.50136481350044,19.421718514098018,False
1842.0624074302093,0.1012503297443371,0.3507880221540708,1.132811182320546,0.10897530138852497,0.3935943229886476,0.09773211640863122,0.003572370698106009,0.7165372061544879,0.04427039410684863,0.6325100462841658,0.8718864597729512,0.7005565384396304,0.0005565384396304385,0.5565384396304385,0.0,0.0,0.5366828945596468,0.036682894559646795,36.6828945596468,-0.036682894559646795,-36.6828945596468,False,0.0030973503478628323,538.2539013096657,538.2569986600136,main,BO,0.7,38,bo,matern,ei,13348,100,20,0.3077807000372559,0.07413459999952465,0.0052538999589160085,0.3872811999171972,590.2563481385351,5000,4000,1000,31.265929166232468,69.50136481350044,19.421718514098018,False
4657.294810906665,0.3988441729176204,0.4486180264914079,1.3651038810193166,0.1084805677268357,0.35004116535798596,0.9020842316876185,0.8538404940503441,0.9960515042611654,0.12170129367310556,0.6160189242278566,0.0008233071597198993,0.6016335768983044,0.09836642310169552,98.36642310169552,0.09836642310169552,98.36642310169552,0.46683929748863867,0.0,0.0,0.03316070251136133,33.16070251136133,True,96.75953193821778,0.0,96.75953193821778,main,BO,0.7,39,bo,matern,ei,13348,100,20,0.3472055000020191,0.06032389996107668,0.004972799913957715,0.4126238999888301,3068.3979839975545,5000,4000,1000,31.265929166232468,69.50136481350044,19.421718514098018,False
1599.191607375053,0.32534644909846266,0.1957498297902455,1.071887263708633,0.11761591691932477,0.3956864838609497,0.02834045925001516,0.6438469974241791,0.2735709422578443,0.02396242123621095,0.9205305639774922,0.9137296772189928,0.6963116837886851,0.003688316211314824,3.688316211314824,0.003688316211314824,3.688316211314824,0.5414630579132943,0.0414630579132943,41.4630579132943,-0.0414630579132943,-41.4630579132943,False,0.13603676474647736,687.6740686084787,687.8101053732252,main,BO,0.7,40,bo,matern,ei,13348,100,20,0.2642220000270754,0.13429830002132803,0.005546800093725324,0.4041906000347808,481.05359629983866,5000,4000,1000,31.265929166232468,69.50136481350044,19.421718514098018,False
4981.705642246619,0.1677119044421019,0.1785526273289371,2.4894421078857563,0.10377957475003756,0.38033078499094286,0.9947730406418912,0.19346258412029116,0.2244360780826774,0.49648070262858546,0.45931915833458525,0.6066156998188574,0.6048868320994589,0.09511316790054103,95.11316790054103,0.09511316790054103,95.11316790054103,0.5198968470045566,0.019896847004556628,19.896847004556626,-0.019896847004556628,-19.896847004556626,False,90.46514708076508,158.35380828909362,248.8189553698587,main,BO,0.7,41,bo,matern,ei,13348,100,20,0.5002347000408918,0.10704109992366284,0.004716700059361756,0.6121027999324724,480.0739570308617,5000,4000,1000,31.265929166232468,69.50136481350044,19.421718514098018,False
4455.3296973508795,0.1814988358951628,0.10855469356976805,3.8901281573879323,0.10836068363467964,0.3565875438097781,0.8443799135288227,0.2328538168433223,0.02444198162790867,0.9633760524626441,0.612022787822655,0.13175087619556258,0.5760406613649331,0.12395933863506681,123.95933863506681,0.12395933863506681,123.95933863506681,0.5919363029919391,0.09193630299193911,91.93630299193912,-0.09193630299193911,-91.93630299193912,False,153.65917634843166,3380.913523130253,3534.5726994786846,main,BO,0.7,42,bo,matern,ei,13348,100,20,0.5469047999940813,0.07018239994067699,0.005297400057315826,0.6224957999074832,891.9632632963962,5000,4000,1000,31.265929166232468,69.50136481350044,19.421718514098018,False
3610.2218785582754,0.1,0.31393946347731966,1.6698038786533302,0.11403636434778186,0.3729383515116034,0.6029205367309358,0.0,0.611255609935199,0.22326795955111006,0.8012121449260624,0.4587670302320691,0.6454682318189235,0.05453176818107641,54.531768181076416,0.05453176818107641,54.531768181076416,0.5071831704418102,0.0071831704418101605,7.1831704418101605,-0.0071831704418101605,-7.1831704418101605,False,29.737137409546577,20.639175038438072,50.376312447984645,main,BO,0.7,43,bo,matern,ei,13348,100,20,0.4067967999726534,0.0787275000475347,0.004938600002788007,0.4905835000099614,427.3695209118417,5000,4000,1000,31.265929166232468,69.50136481350044,19.421718514098018,False
2391.779258903569,0.3690971095575897,0.2093837062012931,2.0146223103543885,0.09376452666110179,0.35225422191711286,0.25479407397244824,0.7688488844502563,0.31252487486083746,0.33820743678479614,0.12548422203672616,0.04508443834225795,0.5651638638800045,0.13483613611999545,134.83613611999544,0.13483613611999545,134.83613611999544,0.4589889464299923,0.0,0.0,0.04101105357000773,41.011053570007725,True,181.8078360376994,0.0,181.8078360376994,main,BO,0.7,44,bo,matern,ei,13348,100,20,0.31248140009120107,0.07471209997311234,0.0056177000515162945,0.39292190002743155,363.6113602605622,5000,4000,1000,31.265929166232468,69.50136481350044,19.421718514098018,False
3642.211634969139,0.44747821952636146,0.22481793474202522,1.0734518183168724,0.1188435717243311,0.38297111245428,0.6120604671340397,0.9927949129324614,0.35662267069150067,0.024483939438957436,0.9614523908110372,0.6594222490856002,0.6606134341719042,0.03938656582809574,39.38656582809574,0.03938656582809574,39.38656582809574,0.5121018689248081,0.012101868924808135,12.101868924808134,-0.012101868924808135,-12.101868924808134,False,15.513015677309193,58.58209258929472,74.09510826660392,main,BO,0.7,45,bo,matern,ei,13348,100,20,0.27606329997070134,0.061656199977733195,0.004970700014382601,0.3427992999786511,363.10782169502437,5000,4000,1000,31.265929166232468,69.50136481350044,19.421718514098018,False
4903.059858999826,0.10285524313199779,0.3607742207011373,1.0273669177148945,0.09798818612013711,0.38241379484811905,0.9723028168570932,0.00815783751999366,0.7450692020032494,0.009122305904964878,0.2662728706712374,0.6482758969623809,0.6237210956440619,0.07627890435593809,76.2789043559381,0.07627890435593809,76.2789043559381,0.49110158712368446,0.0,0.0,0.008898412876315542,8.898412876315543,True,58.184712497423504,0.0,58.184712497423504,main,BO,0.7,46,bo,matern,ei,13348,100,20,0.44628019991796464,0.05897809995803982,0.006422300008125603,0.5117964000673965,354.64152361531353,5000,4000,1000,31.265929166232468,69.50136481350044,19.421718514098018,False
4195.200918974997,0.24134191381323986,0.351889455197925,2.397225365435328,0.09413058529177543,0.3602844148481751,0.7700574054214278,0.4038340394663996,0.7196841577083573,0.4657417884784427,0.13768617639251424,0.20568829696350155,0.568019520227002,0.13198047977299798,131.980479772998,0.13198047977299798,131.980479772998,0.48311290001714435,0.0,0.0,0.016887099982855647,16.887099982855645,True,174.18847041110726,0.0,174.18847041110726,main,BO,0.7,47,bo,matern,ei,13348,100,20,0.45263009995687753,0.09717329998966306,0.005259400000795722,0.555185400065966,354.52998325209376,5000,4000,1000,31.265929166232468,69.50136481350044,19.421718514098018,False
4973.827361836471,0.43928666052181975,0.32188125340628093,1.8233799409813676,0.11460909664432556,0.3515689442765382,0.9925221033818488,0.9693904586337706,0.6339464383036599,0.2744599803271225,0.8203032214775187,0.03137888553076362,0.6037402648089881,0.09625973519101183,96.25973519101183,0.09625973519101183,96.25973519101183,0.4732363627286745,0.0,0.0,0.026763637271325524,26.763637271325525,True,92.65936619043723,0.0,92.65936619043723,main,BO,0.7,48,bo,matern,ei,13348,100,20,0.3455469999462366,0.0489465999417007,0.006401199963875115,0.4010210999986157,297.17634941349627,5000,4000,1000,31.265929166232468,69.50136481350044,19.421718514098018,False
1535.4581611722617,0.4463426676636757,0.33364936889625185,1.6651298160490993,0.1002699962806346,0.37580380747415515,0.01013090319207477,0.9895504790390733,0.6675696254178626,0.22170993868303313,0.34233320935448674,0.5160761494831034,0.6051671320128299,0.09483286798717006,94.83286798717006,0.09483286798717006,94.83286798717006,0.49241484514311784,0.0,0.0,0.007585154856882159,7.585154856882159,True,89.93272850672022,0.0,89.93272850672022,main,BO,0.7,49,bo,matern,ei,13348,100,20,0.24170910008251667,0.11066890007350594,0.005701599991880357,0.3581978000001982,269.05495260126173,5000,4000,1000,31.265929166232468,69.50136481350044,19.421718514098018,False
3656.085851939877,0.2584214622899147,0.3347842695549129,1.0616452518886579,0.10095506662496379,0.35032075064896423,0.6160245291256792,0.4526327493997563,0.6708121987283227,0.020548417296219257,0.36516888749879306,0.006415012979285262,0.5988529694528272,0.10114703054717278,101.14703054717278,0.10114703054717278,101.14703054717278,0.46387924329103636,0.0,0.0,0.03612075670896364,36.12075670896364,True,102.30721788510704,0.0,102.30721788510704,main,BO,0.7,50,bo,matern,ei,13348,100,20,0.37485899997409433,0.08126869995612651,0.005234300042502582,0.46148239995818585,255.52731432452845,5000,4000,1000,31.265929166232468,69.50136481350044,19.421718514098018,False
4867.009768961341,0.26449478638845875,0.22180846695635648,1.4694515392861958,0.09084733984011038,0.3512915262193543,0.9620027911318119,0.469985103967025,0.34802419130387563,0.15648384642873192,0.02824466133701309,0.025830524387085774,0.5607076306229508,0.13929236937704914,139.29236937704914,0.13929236937704914,139.29236937704914,0.4501311407799314,0.0,0.0,0.04986885922006862,49.868859220068614,True,194.02364166672297,0.0,194.02364166672297,main,BO,0.7,51,bo,matern,ei,13348,100,20,0.49333289999049157,0.049972299952059984,0.006831300095655024,0.5502576999133453,220.9651907808571,5000,4000,1000,31.265929166232468,69.50136481350044,19.421718514098018,False
4706.618212863232,0.27357594691152737,0.4400670018541032,2.783494651095795,0.10353610558196626,0.35651527285305323,0.9161766322466375,0.4959312768900782,0.9716200052974376,0.5944982170319317,0.4512035193988754,0.1303054570610651,0.576835574717817,0.12316442528218297,123.16442528218296,0.12316442528218297,123.16442528218296,0.49472286551697287,0.0,0.0,0.005277134483027135,5.277134483027135,True,151.6947565509043,0.0,151.6947565509043,main,BO,0.7,52,bo,matern,ei,13348,100,20,0.4857049999991432,0.08021370007190853,0.00608189997728914,0.5721283999737352,945.1845935291587,5000,4000,1000,31.265929166232468,69.50136481350044,19.421718514098018,False
2734.7611204908344,0.19193266525352182,0.2833193470900742,2.5584519814530684,0.10503761042381393,0.35173020980014524,0.3527888915688099,0.2626647578672052,0.5237695631144977,0.5194839938176895,0.5012536807937977,0.03460419600290521,0.5922549528017913,0.10774504719820865,107.74504719820865,0.10774504719820865,107.74504719820865,0.5325860670237449,0.03258606702374489,32.58606702374489,-0.03258606702374489,-32.58606702374489,False,116.08995195744208,424.74070563039766,540.8306575878397,main,BO,0.7,53,bo,matern,ei,13348,100,20,0.4306717000436038,0.12427000002935529,0.007102700066752732,0.5621685000369325,805.5465833805324,5000,4000,1000,31.265929166232468,69.50136481350044,19.421718514098018,False
4968.1248055788465,0.1082612608390105,0.4046373512166669,1.737296759477256,0.10924589123138827,0.3505136395395855,0.9908928015939561,0.02360360239717285,0.8703924320476198,0.24576558649241864,0.6415297077129423,0.010272790791709951,0.6039789581161379,0.09602104188386207,96.02104188386207,0.09602104188386207,96.02104188386207,0.4746219363930534,0.0,0.0,0.02537806360694661,25.37806360694661,True,92.20040484462393,0.0,92.20040484462393,main,BO,0.7,54,bo,matern,ei,13348,100,20,0.48136340000201017,0.056063199997879565,0.006456600036472082,0.5440025000134483,529.1378763450534,5000,4000,1000,31.265929166232468,69.50136481350044,19.421718514098018,False
4884.6148505340825,0.21581521117917957,0.329915683161582,1.7759717951212326,0.1174736285901801,0.35059220479005393,0.9670328144383091,0.33090060336908445,0.6569019518902343,0.25865726504041087,0.9157876196726698,0.011844095801078813,0.6184629532154982,0.0815370467845018,81.5370467845018,0.0815370467845018,81.5370467845018,0.4822279765675544,0.0,0.0,0.017772023432445605,17.772023432445604,True,66.48289998338034,0.0,66.48289998338034,main,BO,0.7,55,bo,matern,ei,13348,100,20,0.46863160002976656,0.12160419998690486,0.007206900045275688,0.5975636999355629,581.1247739512132,5000,4000,1000,31.265929166232468,69.50136481350044,19.421718514098018,False
4909.691509297263,0.11660022068153338,0.24550120472155543,1.5958433119375421,0.11833613093596555,0.35467780347385724,0.9741975740849322,0.04742920194723821,0.4157177277758727,0.19861443731251405,0.9445376978655184,0.09355606947714556,0.6285578043720174,0.0714421956279826,71.4421956279826,0.0714421956279826,71.4421956279826,0.485296296397808,0.0,0.0,0.014703703602191975,14.703703602191975,True,51.03987316146935,0.0,51.03987316146935,main,BO,0.7,56,bo,matern,ei,13348,100,20,0.4828658999176696,0.1150154999922961,0.0061951999086886644,0.6041982000460848,748.5630206119921,5000,4000,1000,31.265929166232468,69.50136481350044,19.421718514098018,False
3792.0219008755153,0.198969209824773,0.20611431152959298,2.3264576502063603,0.11755155448116378,0.37682086037631074,0.6548634002501472,0.28276917092792286,0.3031837472274085,0.44215255006878684,0.9183851493721261,0.5364172075262148,0.6372267590015779,0.06277324099842208,62.773240998422075,0.06277324099842208,62.773240998422075,0.5371731192504756,0.03717311925047562,37.173119250475615,-0.03717311925047562,-37.173119250475615,False,39.40479785445978,552.7363179240324,592.1411157784921,main,BO,0.7,57,bo,matern,ei,13348,100,20,0.4614316000370309,0.10734089999459684,0.007353499997407198,0.5762573999818414,634.7302797099782,5000,4000,1000,31.265929166232468,69.50136481350044,19.421718514098018,False
4718.640776142539,0.44982217962907467,0.20697048684179192,3.5655174036858455,0.1136316290768608,0.3561904498087548,0.9196116503264397,0.9994919417973561,0.30562996240511975,0.8551724678952818,0.7877209692286934,0.12380899617509589,0.579911912808647,0.120088087191353,120.088087191353,0.120088087191353,120.088087191353,0.4760949483304198,0.0,0.0,0.02390505166958018,23.90505166958018,True,144.21148685277998,0.0,144.21148685277998,main,BO,0.7,58,bo,matern,ei,13348,100,20,0.427875499939546,0.0632513000164181,0.007879600045271218,0.49914249998982996,249.1567016387511,5000,4000,1000,31.265929166232468,69.50136481350044,19.421718514098018,False
4205.760706412608,0.3418339386143295,0.25964284670082227,2.9911987352537612,0.09480824748936442,0.3628089178441225,0.7730744875464595,0.6909541103266557,0.45612241914520657,0.6637329117512537,0.16027491631214752,0.25617835688244994,0.560657724236747,0.13934227576325298,139.34227576325299,0.13934227576325298,139.34227576325299,0.4817935046072377,0.0,0.0,0.018206495392762312,18.206495392762314,True,194.16269814882435,0.0,194.16269814882435,main,BO,0.7,59,bo,matern,ei,13348,100,20,0.46398469991981983,0.1478323999326676,0.006736199953593314,0.6186769000487402,241.05670457782313,5000,4000,1000,31.265929166232468,69.50136481350044,19.421718514098018,False
4201.579854771164,0.36065504599257214,0.20101475811053748,3.992193589531613,0.1106154710184976,0.3852996085104872,0.771879958506047,0.7447287028359204,0.2886135946015357,0.9973978631772045,0.6871823672832534,0.7059921702097445,0.6020440191537273,0.09795598084627266,97.95598084627267,0.09795598084627266,97.95598084627267,0.5198310749801609,0.0198310749801609,19.8310749801609,-0.0198310749801609,-19.8310749801609,False,95.95374183555334,157.30861394750548,253.2623557830588,main,BO,0.7,60,bo,matern,ei,13348,100,20,0.4831108000362292,0.1403922000899911,0.00750150007661432,0.6311364999273792,238.40618315264604,5000,4000,1000,31.265929166232468,69.50136481350044,19.421718514098018,False
4585.154549984199,0.241583880009681,0.16453238511501753,2.0377533191949513,0.10717710948330708,0.36129588292620374,0.8814727285669139,0.40452537145623146,0.18437824318576435,0.3459177730649837,0.5725703161102362,0.22591765852407553,0.5990058518173145,0.10099414818268548,100.99414818268548,0.10099414818268548,100.99414818268548,0.4874881715842411,0.0,0.0,0.012511828415758874,12.511828415758874,True,101.99817967146232,0.0,101.99817967146232,main,BO,0.7,61,bo,matern,ei,13348,100,20,0.46333059994503856,0.06218340003397316,0.006545600015670061,0.5321836000075564,195.736807093467,5000,4000,1000,31.265929166232468,69.50136481350044,19.421718514098018,False
4886.748788047722,0.3712304606322494,0.24764432081797536,2.4983421481347734,0.09028869969012235,0.38128887853164095,0.9676425108707776,0.7749441732349983,0.4218409166227868,0.49944738271159117,0.00962332300407831,0.6257775706328191,0.5720332361809276,0.12796676381907235,127.96676381907236,0.12796676381907235,127.96676381907236,0.4842892628005099,0.0,0.0,0.01571073719949012,15.710737199490122,True,163.75492642326242,0.0,163.75492642326242,main,BO,0.7,62,bo,matern,ei,13348,100,20,0.43378690001554787,0.24156150000635535,0.00837840000167489,0.68385649996344,153.48656078253381,5000,4000,1000,31.265929166232468,69.50136481350044,19.421718514098018,False
4675.357148156296,0.12906285197389314,0.38035303403050025,1.4461777490017087,0.10432942201396123,0.3514716325607976,0.9072448994732273,0.08303671992540895,0.8010086686585721,0.14872591633390286,0.47764740046537413,0.029432651215953065,0.59929790667195,0.10070209332804991,100.70209332804991,0.10070209332804991,100.70209332804991,0.4670655826914626,0.0,0.0,0.03293441730853741,32.93441730853741,True,101.40911600651273,0.0,101.40911600651273,main,BO,0.7,63,bo,matern,ei,13348,100,20,0.4688276000088081,0.14712610002607107,0.006986199994571507,0.6230650000507012,204.56990098941296,5000,4000,1000,31.265929166232468,69.50136481350044,19.421718514098018,False
4962.789213259159,0.14568843917754526,0.15700695951723972,1.0083080592525004,0.0938510281179418,0.36989579331332634,0.989368346645474,0.1305383976501293,0.1628770271921135,0.0027693530841668146,0.12836760393139357,0.3979158662665263,0.5957563682462703,0.10424363175372964,104.24363175372963,0.10424363175372964,104.24363175372963,0.4733119888696183,0.0,0.0,0.026688011130381717,26.688011130381717,True,108.6673476120719,0.0,108.6673476120719,main,BO,0.7,64,bo,matern,ei,13348,100,20,0.4618114000186324,0.18452659994363785,0.008587800082750618,0.6550818999530748,152.47262450616776,5000,4000,1000,31.265929166232468,69.50136481350044,19.421718514098018,False
4699.206590055377,0.18728298872538032,0.3249971675854741,2.486707090028246,0.10710713037386241,0.35514416310744457,0.9140590257301078,0.24937996778680094,0.6428490502442117,0.49556903000941543,0.570237679128747,0.10288326214889154,0.5882374875085987,0.11176251249140123,111.76251249140124,0.11176251249140123,111.76251249140124,0.5002901385554128,0.0002901385554128222,0.2901385554128222,-0.0002901385554128222,-0.2901385554128222,False,124.90859198390615,0.033672152534815716,124.94226413644097,main,BO,0.7,65,bo,matern,ei,13348,100,20,0.5019334999378771,0.10869550006464124,0.008467599982395768,0.6192201999947429,334.96488882317556,5000,4000,1000,31.265929166232468,69.50136481350044,19.421718514098018,False
4851.891852940118,0.22289003019678516,0.42572657867438557,1.1141104451778792,0.11137054956184257,0.3639064661527822,0.9576833865543194,0.35111437199081474,0.9306473676411017,0.03803681505929302,0.712351652061419,0.27812932305564486,0.6344866075337134,0.06551339246628651,65.51339246628652,0.06551339246628651,65.51339246628652,0.4862721584415457,0.0,0.0,0.013727841558454301,13.727841558454301,True,42.92004592441686,0.0,42.92004592441686,main,BO,0.7,66,bo,matern,ei,13348,100,20,0.4422857000026852,0.14935029996559024,0.007392499945126474,0.5991548000602052,155.15113605838255,5000,4000,1000,31.265929166232468,65.51339246628652,13.727841558454301,False
1889.7513687861858,0.4499037390205781,0.3151258183386814,1.267659362754192,0.11654891102625997,0.3633177980910438,0.11135753393891024,0.9997249686302232,0.6146451952533755,0.0892197875847307,0.8849637008753325,0.26635596182087695,0.6376759347572813,0.06232406524271861,62.3240652427186,0.06232406524271861,62.3240652427186,0.4968589722735309,0.0,0.0,0.0031410277264691255,3.1410277264691255,True,38.842891083786455,0.0,38.842891083786455,main,BO,0.7,67,bo,matern,ei,13348,100,20,0.24401320004835725,0.11287309997715056,0.00916220003273338,0.3661838999250904,118.12051106436968,5000,4000,1000,31.265929166232468,62.3240652427186,3.1410277264691255,False
4844.442375439741,0.19331105075709473,0.18507635894625513,1.0450831707381896,0.10142033011860162,0.398166246906202,0.9555549644113545,0.2666030021631278,0.2430753112750147,0.015027723579396524,0.380677670620054,0.9633249381240399,0.641540461649731,0.05845953835026896,58.45953835026896,0.05845953835026896,58.45953835026896,0.5097440766111034,0.009744076611103436,9.744076611103436,-0.009744076611103436,-9.744076611103436,False,34.17517624126567,37.97881160122121,72.15398784248688,main,BO,0.7,68,bo,matern,ei,13348,100,20,0.4542820000788197,0.1774907000362873,0.007832099916413426,0.6397353999782354,637.0031621692797,5000,4000,1000,31.265929166232468,62.3240652427186,3.1410277264691255,False
4791.767539339728,0.13726118117790675,0.2631920779065271,1.8430657981350644,0.09044365126425276,0.3825629974608085,0.9405050112399223,0.10646051765116216,0.4662630797329347,0.2810219327116882,0.01478837547509193,0.6512599492161705,0.5890560875910117,0.11094391240898827,110.94391240898827,0.11094391240898827,110.94391240898827,0.48767705837125114,0.0,0.0,0.012322941628748862,12.322941628748863,True,123.08551700613259,0.0,123.08551700613259,main,BO,0.7,69,bo,matern,ei,13348,100,20,0.49965130002237856,0.18614240002352744,0.00923630001489073,0.6951796000357717,418.6133788948703,5000,4000,1000,31.265929166232468,62.3240652427186,3.1410277264691255,False
2033.9251099849591,0.24971274853023276,0.15326855994383506,3.994235593645089,0.10682720444117168,0.35579066947843835,0.15255003142427404,0.4277507100863793,0.15219588555381447,0.9980785312150297,0.5609068147057226,0.11581338956876752,0.5822065643332166,0.11779343566678335,117.79343566678335,0.11779343566678335,117.79343566678335,0.5243452133259225,0.024345213325922543,24.345213325922543,-0.024345213325922543,-24.345213325922543,False,138.75293486184628,237.07576475387066,375.8286996157169,main,BO,0.7,70,bo,matern,ei,13348,100,20,0.44016629992984235,0.21153119998052716,0.0074032999109476805,0.6592709999531507,116.71254963202088,5000,4000,1000,31.265929166232468,62.3240652427186,3.1410277264691255,False
4931.049279476081,0.34216442451996393,0.41746342258933844,2.4676773086021626,0.09002480193759937,0.35676826825374197,0.9802997941360231,0.6918983557713255,0.9070383502552527,0.4892257695340543,0.0008267312533126736,0.1353653650748401,0.5510105278385516,0.1489894721614483,148.9894721614483,0.1489894721614483,148.9894721614483,0.46192099050306895,0.0,0.0,0.03807900949693105,38.07900949693105,True,221.9786281494698,0.0,221.9786281494698,main,BO,0.7,71,bo,matern,ei,13348,100,20,0.5329559999518096,0.19468209997285157,0.008911800105124712,0.7366838000016287,110.40742020773229,5000,4000,1000,31.265929166232468,62.3240652427186,3.1410277264691255,False
1536.706588421642,0.4163339350389571,0.16381660877343263,2.418252600708085,0.11156614446904438,0.3963723546977851,0.010487596691897694,0.9038112429684488,0.18233316792409315,0.47275086690269497,0.7188714823014796,0.9274470939557016,0.6403867452707596,0.059613254729240395,59.613254729240396,0.059613254729240395,59.613254729240396,0.5259663798743464,0.025966379874346357,25.96637987434636,-0.025966379874346357,-25.96637987434636,False,35.53740139413302,269.7011535115438,305.23855490567684,main,BO,0.7,72,bo,matern,ei,13348,100,20,0.3433607999468222,0.23151079996023327,0.011012999922968447,0.58605289994739,117.99773802715127,5000,4000,1000,31.265929166232468,62.3240652427186,3.1410277264691255,False
4967.9189073027665,0.44999729476883055,0.3644860902515389,1.5055146464619105,0.0979880368877294,0.3764938135221597,0.9908339735150761,0.9999922707680872,0.7556745435758255,0.1685048821539702,0.266267896257647,0.5298762704431944,0.597096552200206,0.10290344779979399,102.903447799794,0.10290344779979399,102.903447799794,0.48062475555351825,0.0,0.0,0.019375244446481754,19.375244446481755,True,105.89119569084927,0.0,105.89119569084927,main,BO,0.7,73,bo,matern,ei,13348,100,20,0.44198439992032945,0.25179440004285425,0.008730100002139807,0.7026586999418214,109.24403744854702,5000,4000,1000,31.265929166232468,62.3240652427186,3.1410277264691255,False
4888.855457099748,0.24675968041813706,0.13057436548342827,1.8481706551472235,0.11388820397149203,0.35071284612599124,0.9682444163142135,0.41931337262324875,0.08735532995265216,0.28272355171574115,0.7962734657164013,0.014256922519825244,0.6038192771720008,0.09618072282799917,96.18072282799916,0.09618072282799917,96.18072282799916,0.4789329140471107,0.0,0.0,0.02106708595288931,21.067085952889308,True,92.507314437164,0.0,92.507314437164,main,BO,0.7,74,bo,matern,ei,13348,100,20,0.48872860008850694,0.15663830004632473,0.00937979994341731,0.6548875999869779,96.83821444813228,5000,4000,1000,31.265929166232468,62.3240652427186,3.1410277264691255,False
4871.863909284177,0.2008592533915643,0.13190802236590315,2.77866358220788,0.0968141615283421,0.3739524472941844,0.9633896883669077,0.28816929540446945,0.09116577818829474,0.59288786073596,0.22713871761140358,0.47904894588368807,0.5782264307220052,0.12177356927799476,121.77356927799477,0.12177356927799476,121.77356927799477,0.5131064658896582,0.013106465889658248,13.106465889658248,-0.013106465889658248,-13.106465889658248,False,148.28802174702588,68.71177924671007,216.99980099373596,main,BO,0.7,75,bo,matern,ei,13348,100,20,0.5437717000022531,0.195684100035578,0.010785500053316355,0.750372999929823,119.5331920687519,5000,4000,1000,31.265929166232468,62.3240652427186,3.1410277264691255,False
1506.0453329955799,0.3238564969531811,0.29242228763574907,1.801743418795176,0.11432251464699944,0.37813153773754893,0.0017272379987370856,0.6395899912948031,0.5497779646735689,0.2672478062650586,0.8107504882333149,0.5626307547509788,0.6573614748152393,0.042638525184760634,42.63852518476063,0.042638525184760634,42.63852518476063,0.5194281597024712,0.019428159702471248,19.42815970247125,-0.019428159702471248,-19.42815970247125,False,18.180438299314666,150.98135576989108,169.16179406920574,main,BO,0.7,76,bo,matern,ei,13348,100,20,0.3196209999732673,0.21751880005467683,0.008257399895228446,0.5455382999498397,95.90424960006216,5000,4000,1000,31.265929166232468,62.3240652427186,3.1410277264691255,False
4983.065837605993,0.4029772317112136,0.3648096592220401,3.139570552525389,0.09592820933357404,0.3570354768599961,0.9951616678874264,0.8656492334606102,0.756599026348686,0.7131901841751297,0.19760697778580172,0.1407095371999223,0.5538319310125269,0.14616806898747303,146.16806898747302,0.14616806898747303,146.16806898747302,0.4654928480723896,0.0,0.0,0.03450715192761039,34.507151927610394,True,213.65104391526674,0.0,213.65104391526674,main,BO,0.7,77,bo,matern,ei,13348,100,20,0.4708755000028759,0.29150479997042567,0.010737100034020841,0.7732735000317916,80.14322971626538,5000,4000,1000,31.265929166232468,62.3240652427186,3.1410277264691255,False
1720.1571480735054,0.409032739442706,0.33879529479297854,3.7190039055107404,0.09305979058714797,0.3818181555549422,0.06290204230671581,0.8829506841220174,0.6822722708370816,0.9063346351702468,0.10199301957159912,0.6363631110988434,0.5739156255388798,0.1260843744611202,126.08437446112019,0.1260843744611202,126.08437446112019,0.4880049098424621,0.0,0.0,0.011995090157537913,11.995090157537913,True,158.97269483251978,0.0,158.97269483251978,main,BO,0.7,78,bo,matern,ei,13348,100,20,0.4257129000034183,0.24362369999289513,0.010316999978385866,0.6797939999960363,87.83801801543456,5000,4000,1000,31.265929166232468,62.3240652427186,3.1410277264691255,False
4909.068131767126,0.10921980972328554,0.1626828324859419,1.7449069511428579,0.09614275843132232,0.3526781368937075,0.974019466219179,0.02634231349510152,0.17909380710269118,0.2483023170476193,0.20475861437741072,0.053562737874149335,0.5716850266182398,0.12831497338176012,128.31497338176013,0.12831497338176012,128.31497338176013,0.4621910550238667,0.0,0.0,0.037808944976133296,37.8089449761333,True,164.64732393961808,0.0,164.64732393961808,main,BO,0.7,79,bo,matern,ei,13348,100,20,0.5284853999037296,0.1846709999954328,0.008442500024102628,0.7217387000564486,80.47560241853579,5000,4000,1000,31.265929166232468,62.3240652427186,3.1410277264691255,False
1634.3494254547174,0.37629990908288313,0.32906834089269454,1.6510460790485457,0.10728381986412007,0.36007653349623403,0.03838555012991929,0.7894283116653805,0.6544809739791274,0.21701535968284857,0.5761273288040024,0.20153066992468072,0.616526667437199,0.08347333256280098,83.47333256280098,0.08347333256280098,83.47333256280098,0.48827864760884665,0.0,0.0,0.01172135239115335,11.72135239115335,True,69.67797249139971,0.0,69.67797249139971,main,BO,0.7,80,bo,matern,ei,13348,100,20,0.2681803999003023,0.2136297000106424,0.00994749995879829,0.49188820004928857,79.87522360269001,5000,4000,1000,31.265929166232468,62.3240652427186,3.1410277264691255,False
1957.8598689895312,0.44957190496851585,0.26620280684761743,2.8198783710962054,0.11045017632193876,0.3546410139489863,0.13081710542558034,0.9987768713386168,0.47486516242176413,0.6066261236987351,0.6816725440646256,0.09282027897972556,0.5888226759175413,0.11117732408245862,111.17732408245861,0.11117732408245862,111.17732408245861,0.4781974402965193,0.0,0.0,0.021802559703480717,21.802559703480718,True,123.60397390136033,0.0,123.60397390136033,main,BO,0.7,81,bo,matern,ei,13348,100,20,0.31220590008888394,0.1738980000372976,0.010000000009313226,0.4962310999399051,81.51335291967582,5000,4000,1000,31.265929166232468,62.3240652427186,3.1410277264691255,False
4441.462419592352,0.4492554790611645,0.3809639728528037,3.9765664639343643,0.09902981404795604,0.39878953342406936,0.8404178341692433,0.9978727973176128,0.8027542081508676,0.9921888213114548,0.3009938015985347,0.975790668481387,0.5936485074644361,0.10635149253556386,106.35149253556386,0.10635149253556386,106.35149253556386,0.5032570034691821,0.003257003469182118,3.257003469182118,-0.003257003469182118,-3.257003469182118,False,113.10639964542096,4.243228639305741,117.3496282847267,main,BO,0.7,82,bo,matern,ei,13348,100,20,0.4569890999700874,0.15794790000654757,0.00875650008674711,0.6238423999166116,74.05660850957727,5000,4000,1000,31.265929166232468,62.3240652427186,3.1410277264691255,False
4823.17755641783,0.11887572579826035,0.16719319466489735,1.0211995942498975,0.09089903611306155,0.36107807016408616,0.9494793018336655,0.0539306451378867,0.19198055618542098,0.007066531416632493,0.02996787043538507,0.22156140328172313,0.5811321268512273,0.11886787314877267,118.86787314877267,0.11886787314877267,118.86787314877267,0.4617312184979447,0.0,0.0,0.038268781502055316,38.26878150205532,True,141.2957126691271,0.0,141.2957126691271,main,BO,0.7,83,bo,matern,ei,13348,100,20,0.4556667000288144,0.30436239996924996,0.010358400060795248,0.7705154999857768,70.9584948472239,5000,4000,1000,31.265929166232468,62.3240652427186,3.1410277264691255,False
1714.518790423548,0.30751088255793246,0.2100917743586322,3.877589875348815,0.11590996376256005,0.3579580136332476,0.06129108297815655,0.5928882358798071,0.31454792673894916,0.9591966251162718,0.8636654587520015,0.15916027266495247,0.6050938942903912,0.09490610570960878,94.90610570960878,0.09490610570960878,94.90610570960878,0.5098617262562114,0.0098617262562114,9.861726256211401,-0.0098617262562114,-9.861726256211401,False,90.07168900963434,38.901457900979736,128.97314691061408,main,BO,0.7,84,bo,matern,ei,13348,100,20,0.40490930003579706,0.25094000005628914,0.011395199922844768,0.6673882999457419,267.32284303970283,5000,4000,1000,31.265929166232468,62.3240652427186,3.1410277264691255,False
3549.231122661461,0.21026065154754664,0.2699520239418527,1.31849474469898,0.1175821835810944,0.3510330176435556,0.5854946064747032,0.3150304329929904,0.48557721126243625,0.10616491489966007,0.9194061193698138,0.020660352871112897,0.6354724496693638,0.06452755033063617,64.52755033063617,0.06452755033063617,64.52755033063617,0.48418643894746033,0.0,0.0,0.01581356105253967,15.81356105253967,True,41.638047516727845,0.0,41.638047516727845,main,BO,0.7,85,bo,matern,ei,13348,100,20,0.42623700003605336,0.15835210005752742,0.009543899912387133,0.5943009000038728,193.35710169357048,5000,4000,1000,31.265929166232468,62.3240652427186,3.1410277264691255,False
1517.647651864443,0.3594682901125804,0.12890178372030914,3.996438780894434,0.09516606587789884,0.3781823008356014,0.005042186246983715,0.7413379717502299,0.08257652491516898,0.9988129269648113,0.17220219592996178,0.5636460167120273,0.5768484820083123,0.12315151799168766,123.15151799168767,0.12315151799168766,123.15151799168767,0.4900732133102717,0.0,0.0,0.009926786689728295,9.926786689728296,True,151.66296383656973,0.0,151.66296383656973,main,BO,0.7,86,bo,matern,ei,13348,100,20,0.357485199929215,0.10307159996591508,0.011111200088635087,0.4718087000073865,130.8449821731749,5000,4000,1000,31.265929166232468,62.3240652427186,3.1410277264691255,False
4642.373209572863,0.12210223170077567,0.11063549023863904,1.95519343447488,0.11903417577020314,0.37970498837139466,0.897820917020818,0.0631492334307876,0.030387114967540096,0.3183978114916267,0.9678058590067717,0.5940997674278926,0.6472830801799765,0.05271691982002347,52.71691982002346,0.05271691982002347,52.71691982002346,0.5231923889729565,0.0231923889729565,23.1923889729565,-0.0231923889729565,-23.1923889729565,False,27.79073635310783,215.15476250916575,242.94549886227358,main,BO,0.7,87,bo,matern,ei,13348,100,20,0.48350999993272126,0.15735300001688302,0.009392899926751852,0.6503894000779837,125.84772384246558,5000,4000,1000,31.265929166232468,62.3240652427186,3.1410277264691255,False
1679.4161687527978,0.3412768996964127,0.10887365948177144,3.515119766802485,0.10182322036461372,0.3523818710239591,0.05126176250079939,0.6893625705611792,0.025353312805061257,0.8383732556008283,0.3941073454871242,0.047637420479182624,0.5707400923398076,0.12925990766019235,129.25990766019234,0.12925990766019235,129.25990766019234,0.4751523367233749,0.0,0.0,0.024847663276625076,24.847663276625077,True,167.0812372832145,0.0,167.0812372832145,main,BO,0.7,88,bo,matern,ei,13348,100,20,0.36064289999194443,0.12468500004615635,0.01137160009238869,0.4968356000026688,82.25112535386496,5000,4000,1000,31.265929166232468,62.3240652427186,3.1410277264691255,False
1528.4184757644512,0.42489112299111675,0.12081532430340242,1.4027422124506956,0.10404245215998333,0.3599979475833771,0.008119564504128873,0.9282603514031909,0.059472355152578316,0.13424740415023184,0.468081738666111,0.19995895166754196,0.6025395684796983,0.0974604315203017,97.46043152030171,0.0974604315203017,97.46043152030171,0.48252123524647317,0.0,0.0,0.017478764753526832,17.478764753526832,True,94.98535712123417,0.0,94.98535712123417,main,BO,0.7,89,bo,matern,ei,13348,100,20,0.23391469998750836,0.126129399985075,0.009186699986457825,0.36936550005339086,60.52107376091125,5000,4000,1000,31.265929166232468,62.3240652427186,3.1410277264691255,False
3586.7030464550257,0.4490356342011227,0.1231067427585108,2.043092234911534,0.1004341944468215,0.3854166188272748,0.5962008704157217,0.997244669146065,0.06601926502431654,0.34769741163717793,0.34780648156071703,0.708332376545496,0.6024963097573792,0.09750369024262073,97.50369024262073,0.09750369024262073,97.50369024262073,0.4935512707104401,0.0,0.0,0.006448729289559918,6.4487292895599175,True,95.06969610928932,0.0,95.06969610928932,main,BO,0.7,90,bo,matern,ei,13348,100,20,0.3265358000062406,0.27720270003192127,0.011909900000318885,0.6157940999837592,65.06336875890169,5000,4000,1000,31.265929166232468,62.3240652427186,3.1410277264691255,False
4968.580350842218,0.14323351402580092,0.3313039493212254,1.5905552951235613,0.11962354293632438,0.3756340645683081,0.9910229573834909,0.12352432578800265,0.6608684266320727,0.19685176504118707,0.9874514312108129,0.5126812913661627,0.6534874315673321,0.04651256843266782,46.51256843266782,0.04651256843266782,46.51256843266782,0.5071054981130122,0.007105498113012199,7.105498113012199,-0.007105498113012199,-7.105498113012199,False,21.634190222036068,20.195241373607967,41.82943159564404,main,BO,0.7,91,bo,matern,ei,13348,100,20,0.47808859997894615,0.26282579998951405,0.00953290006145835,0.7505839000223204,74.60918585864512,5000,4000,1000,31.265929166232468,62.3240652427186,3.1410277264691255,False
1588.161203463303,0.36183571047987484,0.35695728096661417,2.758396419825365,0.11959349968766392,0.35683382606438785,0.025188915275229484,0.7481020299424994,0.7341636599046119,0.5861321399417884,0.9864499895887973,0.13667652128775754,0.6255020564370521,0.07449794356294781,74.49794356294781,0.07449794356294781,74.49794356294781,0.49883153712577116,0.0,0.0,0.0011684628742288372,1.1684628742288372,True,55.49943595108157,0.0,55.49943595108157,main,BO,0.7,92,bo,matern,ei,13348,100,20,0.3341340000042692,0.2791468999348581,0.011809400049969554,0.6252301000058651,70.99280912338523,5000,4000,1000,31.265929166232468,62.3240652427186,3.1410277264691255,False
4959.542645210575,0.2270605928016708,0.40097543365567945,1.4516022928665162,0.11835526169431315,0.3733432682495924,0.9884407557744498,0.3630302651476308,0.8599298104447985,0.15053409762217207,0.9451753898104388,0.46686536499184783,0.6511218667479468,0.048878133252053146,48.878133252053146,0.048878133252053146,48.878133252053146,0.5026197006787771,0.002619700678777148,2.619700678777148,-0.002619700678777148,-2.619700678777148,False,23.890719102054636,2.74513265855418,26.635851760608816,main,BO,0.7,93,bo,matern,ei,13348,100,20,0.48067409999202937,0.24295440001878887,0.011937599978409708,0.7357075000181794,63.43591329107588,5000,4000,1000,26.635851760608816,62.3240652427186,3.1410277264691255,True
1536.180385068754,0.3687919782871848,0.17074205235326245,3.177157045497478,0.1129195446591014,0.39259458017967885,0.010337252876786884,0.767977080820528,0.20212014958074986,0.7257190151658259,0.7639848219700465,0.8518916035935763,0.638690126461797,0.06130987353820294,61.30987353820294,0.06130987353820294,61.30987353820294,0.5253486215757576,0.02534862157575757,25.34862157575757,-0.02534862157575757,-25.34862157575757,False,37.589005932704374,257.02104631638485,294.6100522490892,main,BO,0.7,94,bo,matern,ei,13348,100,20,0.3250598000595346,0.23163470008876175,0.009827199974097311,0.5666688999626786,57.958089843892004,5000,4000,1000,26.635851760608816,62.3240652427186,3.1410277264691255,False
5000.0,0.2287421954219934,0.4443293838979827,1.3157336429058515,0.12,0.37284452142357194,1.0,0.3678348440628383,0.9837982397085221,0.10524454763528379,1.0,0.4568904284714389,0.6586950607660191,0.04130493923398082,41.30493923398082,0.04130493923398082,41.30493923398082,0.5040323001050447,0.004032300105044739,4.032300105044739,-0.004032300105044739,-4.032300105044739,False,17.06098005122848,6.503777654857527,23.564757706086006,main,BO,0.7,95,bo,matern,ei,13348,100,20,0.45087279996369034,0.2827458999818191,0.011979700066149235,0.7457355000078678,58.52641400557836,5000,4000,1000,23.564757706086006,62.3240652427186,3.1410277264691255,True
4918.518990386254,0.1360701574498035,0.4494068944410672,1.2434995878980128,0.11921656285930923,0.37628680967334976,0.9767197115389298,0.10305759271372428,0.9983054126887635,0.0811665292993376,0.973885428643641,0.5257361934669951,0.6653187219808073,0.03468127801919263,34.68127801919263,0.03468127801919263,34.68127801919263,0.5079647369938363,0.007964736993836263,7.964736993836263,-0.007964736993836263,-7.964736993836263,False,12.027910450445338,25.37481415239357,37.40272460283891,main,BO,0.7,96,bo,matern,ei,13348,100,20,0.4657543000066653,0.254264899995178,0.012335200095549226,0.7324937999946997,70.70069857691504,5000,4000,1000,23.564757706086006,62.3240652427186,3.1410277264691255,False
1817.3883018892018,0.36896795637320934,0.2377008115541446,3.7381187910997884,0.11398623657418086,0.3682385047907508,0.09068237196834339,0.7684798753520267,0.3934308901546989,0.9127062636999295,0.7995412191393624,0.3647700958150164,0.6074692143327556,0.09253078566724438,92.53078566724437,0.09253078566724438,92.53078566724437,0.49909872236997666,0.0,0.0,0.0009012776300233449,0.9012776300233449,True,85.61946296197516,0.0,85.61946296197516,main,BO,0.7,97,bo,matern,ei,13348,100,20,0.3553810000885278,0.21982380002737045,0.010102699976414442,0.5854437999660149,54.83968018838402,5000,4000,1000,23.564757706086006,62.3240652427186,3.1410277264691255,False
4722.017030284135,0.4494824725884021,0.4493871184584035,3.179700922983255,0.09524019433773237,0.3645400798751665,0.9205762943668958,0.9985213502525776,0.998248909881153,0.7265669743277517,0.1746731445910793,0.29080159750333046,0.5589026011903069,0.14109739880969308,141.09739880969306,0.14109739880969308,141.09739880969306,0.4650906331174975,0.0,0.0,0.03490936688250251,34.90936688250251,True,199.08475950861578,0.0,199.08475950861578,main,BO,0.7,98,bo,matern,ei,13348,100,20,0.41141489997971803,0.2620079000480473,0.012792500085197389,0.6863578000338748,53.741088156753555,5000,4000,1000,23.564757706086006,62.3240652427186,3.1410277264691255,False
4658.821467133586,0.2599522525711795,0.2062534256072239,2.4478268849096656,0.10198941578184381,0.3501559328482203,0.9025204191810245,0.4570064359176558,0.3035812160206397,0.4826089616365552,0.3996471927281273,0.0031186569644060524,0.5708434357350883,0.12915656426491162,129.15656426491162,0.12915656426491162,129.15656426491162,0.4792611288247739,0.0,0.0,0.020738871175226103,20.7388711752261,True,166.81418092716248,0.0,166.81418092716248,main,BO,0.7,99,bo,matern,ei,13348,100,20,0.4855740999337286,0.15036329999566078,0.012440000078640878,0.6485200000461191,49.2640357398176,5000,4000,1000,23.564757706086006,62.3240652427186,3.1410277264691255,False
4726.218296767607,0.32264422554043237,0.44411382476132377,2.099869741967418,0.09451866194350796,0.364619155075611,0.9217766562193161,0.6361263586869497,0.9831823564609251,0.36662324732247265,0.15062206478359885,0.29238310151222024,0.57465325897384,0.12534674102615995,125.34674102615995,0.12534674102615995,125.34674102615995,0.4717669971593947,0.0,0.0,0.028233002840605315,28.233002840605316,True,157.11805485879208,0.0,157.11805485879208,main,BO,0.7,100,bo,matern,ei,13348,100,20,0.4457698999904096,0.21711490000598133,0.010164499981328845,0.6731867000926286,48.83063450604186,5000,4000,1000,23.564757706086006,62.3240652427186,3.1410277264691255,False
3627.679057675954,0.3235982035429093,0.44515109423696475,2.139707335437521,0.09180307157477532,0.393752551456592,0.6079083021931297,0.6388520101225981,0.986145983534185,0.37990244514584026,0.06010238582584406,0.8750510291318397,0.5997364970868662,0.15026350291313384,150.26350291313383,0.15026350291313384,150.26350291313383,0.5017763466906321,0.0017763466906320913,1.7763466906320913,-0.0017763466906320913,-1.7763466906320913,False,225.79120307725378,1.262163026127833,227.05336610338162,main,BO,0.75,1,initial_lhs,matern,ei,13349,100,20,0.41981390002183616,0.0,0.0,0.4198558999923989,,0,0,0,227.05336610338162,,,True
2375.017813172325,0.3529234865178206,0.1484511447768065,2.448758627421414,0.11399108370791569,0.39109800387231436,0.25000508947780714,0.7226385329080587,0.13843184221944707,0.48291954247380475,0.7997027902638566,0.8219600774462872,0.6429099532806373,0.10709004671936273,107.09004671936273,0.10709004671936273,107.09004671936273,0.5285641676693403,0.028564167669340335,28.564167669340335,-0.028564167669340335,-28.564167669340335,False,114.68278106355291,326.364669856875,441.04745092042793,main,BO,0.75,2,initial_lhs,matern,ei,13349,100,20,0.3501272000139579,0.0,0.0,0.3501749000279233,,0,0,0,227.05336610338162,,,False
1654.2022684762476,0.38152442033504874,0.15669141058432445,3.533368673868094,0.09763251313281132,0.37227418715954375,0.04405779099321362,0.8043554866715678,0.16197545881235553,0.8444562246226981,0.2544171044270444,0.44548374319087536,0.57844668387273,0.17155331612726998,171.55331612727,0.17155331612726998,171.55331612727,0.48531638411608796,0.0,0.0,0.014683615883912038,14.683615883912038,True,294.30540274263024,0.0,294.30540274263024,main,BO,0.75,3,initial_lhs,matern,ei,13349,100,20,0.3446422000415623,0.0,0.0,0.34469249995891005,,0,0,0,227.05336610338162,171.55331612727,14.683615883912038,False
2566.9807177221487,0.1317332300078925,0.10284937791221437,2.2791931937143146,0.11731658443463651,0.3589236408030465,0.30485163363489964,0.09066637145112137,0.008141079749183867,0.42639773123810487,0.9105528144878837,0.1784728160609301,0.6339495315943617,0.11605046840563826,116.05046840563827,0.11605046840563826,116.05046840563827,0.5603821864889014,0.06038218648890137,60.38218648890137,-0.06038218648890137,-60.38218648890137,False,134.67711217168045,1458.403378072185,1593.0804902438654,main,BO,0.75,4,initial_lhs,matern,ei,13349,100,20,0.39356240001507103,0.0,0.0,0.3936083000153303,,0,0,0,227.05336610338162,171.55331612727,14.683615883912038,False
2294.9694133951857,0.28120681196763986,0.41275771518590343,3.3827591107323047,0.09636864611847915,0.35213455989806663,0.22713411811291023,0.517733748478971,0.893593471959724,0.7942530369107682,0.21228820394930503,0.042691197961333624,0.5637460962829061,0.18625390371709394,186.25390371709395,0.18625390371709394,186.25390371709395,0.49097159949648117,0.0,0.0,0.00902840050351883,9.02840050351883,True,346.905166498565,0.0,346.905166498565,main,BO,0.75,5,initial_lhs,matern,ei,13349,100,20,0.4107072999468073,0.0,0.0,0.4107517999364063,,0,0,0,227.05336610338162,171.55331612727,14.683615883912038,False
1924.6783200168825,0.27151565887762213,0.2003968560149416,2.605518853466193,0.11546074020414032,0.3953267184574623,0.1213366628619664,0.49004473965034895,0.28684816004269026,0.5351729511553976,0.8486913401380107,0.9065343691492457,0.662654169457561,0.08734583054243905,87.34583054243905,0.08734583054243905,87.34583054243905,0.5645376364637622,0.0645376364637622,64.5376364637622,-0.0645376364637622,-64.5376364637622,False,76.29294113148477,1666.0426081314915,1742.3355492629762,main,BO,0.75,6,initial_lhs,matern,ei,13349,100,20,0.37737540004309267,0.0,0.0,0.3774240000639111,,0,0,0,227.05336610338162,171.55331612727,14.683615883912038,False
4684.203050611322,0.30634934893679855,0.3903474164427059,1.843997567863128,0.10330704629913194,0.3525267056063162,0.9097723001746635,0.589569568390853,0.8295640469791596,0.2813325226210427,0.44356820997106494,0.05053411212632515,0.5859065937099606,0.16409340629003943,164.09340629003944,0.16409340629003943,164.09340629003944,0.4663575776491545,0.0,0.0,0.033642422350845524,33.64242235084552,True,269.2664598786795,0.0,269.2664598786795,main,BO,0.75,7,initial_lhs,matern,ei,13349,100,20,0.4468026999384165,0.0,0.0,0.44685079995542765,,0,0,0,227.05336610338162,164.09340629003944,33.64242235084552,False
1723.8815787398198,0.10319910659236158,0.28061607399261185,2.7069053971304875,0.11911948146612919,0.37586580738245823,0.06396616535423424,0.009140304549604478,0.5160459256931768,0.5689684657101626,0.9706493822043066,0.5173161476491643,0.6719543632027319,0.07804563679726806,78.04563679726806,0.07804563679726806,78.04563679726806,0.7737935337311189,0.2737935337311189,273.79353373111894,-0.2737935337311189,-273.79353373111894,False,60.911214230910815,29985.15964518934,30046.070859420248,main,BO,0.75,8,initial_lhs,matern,ei,13349,100,20,0.37825470010284334,0.0,0.0,0.3783036000095308,,0,0,0,227.05336610338162,164.09340629003944,33.64242235084552,False
4497.637259526457,0.2109846524091607,0.3450156928544044,3.7774557300900975,0.1164681969039002,0.3657026012189925,0.8564677884361306,0.31709900688331627,0.7000448367268698,0.9258185766966992,0.8822732301300069,0.31405202437985064,0.6021082757436319,0.1478917242563681,147.8917242563681,0.1478917242563681,147.8917242563681,0.5863094144548272,0.0863094144548272,86.3094144548272,-0.0863094144548272,-86.3094144548272,False,218.71962103521616,2979.7260094140547,3198.445630449271,main,BO,0.75,9,initial_lhs,matern,ei,13349,100,20,0.5452129000332206,0.0,0.0,0.5452595000388101,,0,0,0,227.05336610338162,164.09340629003944,33.64242235084552,False
4133.805407183041,0.37988123690507114,0.25105456524456127,1.0388136283612492,0.10463398113220625,0.3732247516664667,0.7525158306237261,0.799660676871632,0.4315844721273178,0.012937876120416419,0.48779937107354154,0.4644950333293335,0.6214251769763247,0.1285748230236753,128.5748230236753,0.1285748230236753,128.5748230236753,0.487316743640973,0.0,0.0,0.012683256359027006,12.683256359027006,True,165.3148511556942,0.0,165.3148511556942,main,BO,0.75,10,initial_lhs,matern,ei,13349,100,20,0.3468550000106916,0.0,0.0,0.3469017999013886,,0,0,0,165.3148511556942,128.5748230236753,12.683256359027006,True
4825.058252326581,0.14529700043312355,0.23349434664107882,3.1089123392906917,0.1111679748553705,0.3693474844659045,0.9500166435218803,0.12942000123749584,0.38141241897451095,0.7029707797635638,0.7055991618456832,0.3869496893180897,0.6011692573263782,0.14883074267362184,148.83074267362184,0.14883074267362184,148.83074267362184,0.5633223852678306,0.06332238526783063,63.322385267830626,-0.06332238526783063,-63.322385267830626,False,221.50589964781844,1603.8897904030293,1825.3956900508479,main,BO,0.75,11,initial_lhs,matern,ei,13349,100,20,0.542353400029242,0.0,0.0,0.5424022999359295,,0,0,0,165.3148511556942,128.5748230236753,12.683256359027006,False
2105.295333165365,0.2424342361656798,0.2597148054151927,1.574140589559535,0.10789944633564887,0.377950479018522,0.17294152376153285,0.4069549604733709,0.45632801547197915,0.191380196519845,0.5966482111882957,0.5590095803704408,0.6466448962784478,0.10335510372155221,103.35510372155221,0.10335510372155221,103.35510372155221,0.5083561445319641,0.008356144531964094,8.356144531964095,-0.008356144531964094,-8.356144531964095,False,106.82277465292816,27.93006057562937,134.75283522855753,main,BO,0.75,12,initial_lhs,matern,ei,13349,100,20,0.33192150003742427,0.0,0.0,0.3319693999364972,,0,0,0,134.75283522855753,128.5748230236753,12.683256359027006,True
3181.796827296417,0.18471086449071644,0.21490202156761806,3.0046995913617973,0.1018094571138553,0.36190330645701524,0.4805133792275478,0.242031041402047,0.3282914901931944,0.668233197120599,0.3936485704618436,0.23806612914030545,0.5846437168271039,0.16535628317289608,165.35628317289607,0.16535628317289608,165.35628317289607,0.5619407908200522,0.061940790820052216,61.940790820052214,-0.061940790820052216,-61.940790820052214,False,273.42700384754994,1534.664626965386,1808.091630812936,main,BO,0.75,13,initial_lhs,matern,ei,13349,100,20,0.4635549000231549,0.0,0.0,0.46360250003635883,,0,0,0,134.75283522855753,128.5748230236753,12.683256359027006,False
3395.2010962700683,0.43804986827962844,0.3396687280114298,2.024075349081181,0.10646607077801698,0.38170966948518714,0.5414860275057338,0.965856766513224,0.6847677943183708,0.34135844969372703,0.5488690259338994,0.6341933897037423,0.6163979850527994,0.1336020149472006,133.6020149472006,0.1336020149472006,133.6020149472006,0.4971400143463408,0.0,0.0,0.0028599856536591917,2.8599856536591917,True,178.4949839795201,0.0,178.4949839795201,main,BO,0.75,14,initial_lhs,matern,ei,13349,100,20,0.3255500999512151,0.0,0.0,0.3255966999568045,,0,0,0,134.75283522855753,128.5748230236753,12.683256359027006,False
3904.139265251681,0.2028758074522416,0.4210705572854956,3.8626607934336725,0.10838363710587587,0.3570840460378397,0.6868969329290517,0.29393087843497595,0.9173444493871303,0.9542202644778909,0.6127879035291957,0.141680920756795,0.5817336815621356,0.16826631843786444,168.26631843786444,0.16826631843786444,168.26631843786444,0.5696763751447385,0.06967637514473846,69.67637514473846,-0.06967637514473846,-69.67637514473846,False,283.13553920632796,1941.9189013241307,2225.0544405304586,main,BO,0.75,15,initial_lhs,matern,ei,13349,100,20,0.5341208000900224,0.0,0.0,0.5341671999776736,,0,0,0,134.75283522855753,128.5748230236753,12.683256359027006,False
3588.410793155039,0.4014109300157864,0.31021685510249913,2.869097908350372,0.09417475579188392,0.38516204050766756,0.5966887980442969,0.8611740857593897,0.6006195860071404,0.6230326361167906,0.13915852639613055,0.7032408101533507,0.5833764688208669,0.1666235311791331,166.6235311791331,0.1666235311791331,166.6235311791331,0.4908229191909671,0.0,0.0,0.0091770808090329,9.177080809032901,True,277.6340114260354,0.0,277.6340114260354,main,BO,0.75,16,initial_lhs,matern,ei,13349,100,20,0.37806850008200854,0.0,0.0,0.3781101999338716,,0,0,0,134.75283522855753,128.5748230236753,12.683256359027006,False
2959.413795489697,0.1580790506362833,0.37365477159267046,1.3850302118256075,0.09910408854345534,0.398195714467772,0.41697537013991337,0.16594014467509516,0.7818707759790586,0.12834340394186916,0.30346961811517803,0.96391428935544,0.6459150284667656,0.10408497153323437,104.08497153323437,0.10408497153323437,104.08497153323437,0.5142036982606528,0.01420369826065282,14.20369826065282,-0.01420369826065282,-14.20369826065282,False,108.33681299074208,80.69801771186877,189.03483070261086,main,BO,0.75,17,initial_lhs,matern,ei,13349,100,20,0.3798060000408441,0.0,0.0,0.37985069991555065,,0,0,0,134.75283522855753,128.5748230236753,12.683256359027006,False
2728.2452777084704,0.33092645951970223,0.2982017581262829,1.6026106722090891,0.09132964034806822,0.3833479210242059,0.3509272222024201,0.6597898843420065,0.5662907375036654,0.2008702240696964,0.0443213449356073,0.6669584204841177,0.5990044698760997,0.15099553012390032,150.99553012390032,0.15099553012390032,150.99553012390032,0.4872036028405209,0.0,0.0,0.012796397159479111,12.796397159479111,True,227.9965011739769,0.0,227.9965011739769,main,BO,0.75,18,initial_lhs,matern,ei,13349,100,20,0.3451758000301197,0.0,0.0,0.3452211000258103,,0,0,0,134.75283522855753,128.5748230236753,12.683256359027006,False
4024.4489093638017,0.43137598792820986,0.17646831639682187,3.619006066809307,0.10959790749535764,0.3631899503701725,0.7212711169610861,0.9467885369377426,0.2184809039909196,0.873002022269769,0.6532635831785878,0.2637990074034495,0.5806488229561404,0.1693511770438596,169.3511770438596,0.1693511770438596,169.3511770438596,0.4811002710200254,0.0,0.0,0.018899728979974606,18.899728979974604,True,286.79821166140675,0.0,286.79821166140675,main,BO,0.75,19,initial_lhs,matern,ei,13349,100,20,0.40151359990704805,0.0,0.0,0.4015559999970719,,0,0,0,134.75283522855753,128.5748230236753,12.683256359027006,False
4397.326027673684,0.2328007100408867,0.13137053011183342,1.1957067273334288,0.09549481567193463,0.38833173302296065,0.8278074364781954,0.37943060011681917,0.08963008603380973,0.06523557577780956,0.1831605223978211,0.7666346604592132,0.6142645853092147,0.13573541469078532,135.73541469078532,0.13573541469078532,135.73541469078532,0.49368282863679264,0.0,0.0,0.006317171363207363,6.317171363207363,True,184.24102801279457,0.0,184.24102801279457,main,BO,0.75,20,initial_lhs,matern,ei,13349,100,20,0.41928799997549504,0.0,0.0,0.41933960001915693,,0,0,0,134.75283522855753,128.5748230236753,12.683256359027006,False
4914.013945483372,0.19790474051033408,0.10888223147330126,2.729499349252202,0.11683983246712824,0.37927766626782483,0.975432555852392,0.27972783002952595,0.025377804209432142,0.5764997830840674,0.8946610822376082,0.5855533253564962,0.6271522928764135,0.1228477071235865,122.8477071235865,0.1228477071235865,122.8477071235865,0.5446112271214999,0.0446112271214999,44.611227121499894,-0.0446112271214999,-44.611227121499894,False,150.91559145522487,796.064634114419,946.980225569644,main,BO,0.75,21,bo,matern,ei,13349,100,20,0.7049574999837205,0.04004479991272092,0.0031723000574856997,0.7482795000541955,4225.506265240911,5000,4000,1000,134.75283522855753,128.5748230236753,12.683256359027006,False
4211.539853374413,0.18460087226381247,0.38187266009073095,3.43545834019238,0.09061080352928136,0.37753225403606405,0.7747256723926894,0.24171677789660706,0.8053504574020883,0.8118194467307934,0.02036011764271184,0.5506450807212806,0.5681988568495895,0.18180114315041052,181.80114315041052,0.18180114315041052,181.80114315041052,0.5578510251869081,0.0578510251869081,57.8510251869081,-0.0578510251869081,-57.8510251869081,False,330.5165565079606,1338.6964460705099,1669.2130025784704,main,BO,0.75,22,bo,matern,ei,13349,100,20,0.6667773000663146,0.07462129998020828,0.004089799942448735,0.745612800004892,3864.8681914553454,5000,4000,1000,134.75283522855753,128.5748230236753,12.683256359027006,False
4994.759256418298,0.4321516777174843,0.3316579631485444,1.3965079077911495,0.09067083964335328,0.35460224059503814,0.9985026446909424,0.9490047934785267,0.6618798947101269,0.13216930259704984,0.022361321445109383,0.09204481190076341,0.5607715449402335,0.1892284550597665,189.22845505976647,0.1892284550597665,189.22845505976647,0.4512363603682315,0.0,0.0,0.048763639631768496,48.7636396317685,True,358.0740820430607,0.0,358.0740820430607,main,BO,0.75,23,bo,matern,ei,13349,100,20,0.335902199964039,0.10991720005404204,0.00386850000359118,0.4497941000154242,4144.748748552924,5000,4000,1000,134.75283522855753,128.5748230236753,12.683256359027006,False
1566.8423180467337,0.44866306908450904,0.1539971879370469,1.2326045289080798,0.11703483402801637,0.3736355670670882,0.019097805156209624,0.9961801973843115,0.15427767982013396,0.07753484296935997,0.9011611342672128,0.47271134134176473,0.6463857443901572,0.10361425560984283,103.61425560984283,0.10361425560984283,103.61425560984283,0.5100031165049383,0.010003116504938347,10.003116504938347,-0.010003116504938347,-10.003116504938347,False,107.35913965581848,40.02493592454799,147.38407558036647,main,BO,0.75,24,bo,matern,ei,13349,100,20,0.23725770006421953,0.09638560004532337,0.0033438999671489,0.33709449996240437,2785.041262845492,5000,4000,1000,134.75283522855753,128.5748230236753,12.683256359027006,False
2333.9512006439236,0.24979002757870394,0.2831124400839502,1.0,0.10748167060853273,0.3849336769199394,0.23827177161254953,0.42797150736772555,0.5231784002398578,0.0,0.5827223536177578,0.6986735383987885,0.6622809700182211,0.08771902998177894,87.71902998177895,0.08771902998177894,87.71902998177895,0.513784506399947,0.013784506399946994,13.784506399946995,-0.013784506399946994,-13.784506399946995,False,76.94628220944232,76.00504667607186,152.95132888551416,main,BO,0.75,25,bo,matern,ei,13349,100,20,0.32822249992750585,0.055702999932691455,0.003407499985769391,0.38743930007331073,2277.0086565902343,5000,4000,1000,134.75283522855753,128.5748230236753,12.683256359027006,False
4778.130987766879,0.29203907668154483,0.3164219606354268,2.0646658858889473,0.10292933205347181,0.3975699991152602,0.9366088536476797,0.5486830762329853,0.6183484589583623,0.3548886286296491,0.4309777351157271,0.9513999823052034,0.6258726520691233,0.12412734793087665,124.12734793087665,0.12412734793087665,124.12734793087665,0.5156714205602881,0.01567142056028814,15.67142056028814,-0.01567142056028814,-15.67142056028814,False,154.07598504352907,98.23736895096874,252.31335399449782,main,BO,0.75,26,bo,matern,ei,13349,100,20,0.46438519994262606,0.05540650000330061,0.004276400082744658,0.5241794000612572,810.0539861136411,5000,4000,1000,134.75283522855753,128.5748230236753,12.683256359027006,False
3591.10073991181,0.36994670183625167,0.10125247640552676,1.0608754837094276,0.10933038199768043,0.3961989574399801,0.597457354260517,0.7712762909607191,0.00357850401579074,0.020291827903142545,0.6443460665893478,0.9239791487996015,0.6536041051134052,0.09639589488659484,96.39589488659483,0.09639589488659484,96.39589488659483,0.5167598980404206,0.01675989804042055,16.759898040420552,-0.01675989804042055,-16.759898040420552,False,92.92168550987441,112.35767293011705,205.27935843999146,main,BO,0.75,27,bo,matern,ei,13349,100,20,0.33440940000582486,0.07079030002932996,0.0036223999923095107,0.4089336999459192,1479.4451077312472,5000,4000,1000,134.75283522855753,128.5748230236753,12.683256359027006,False
1578.9286329698634,0.271654547705052,0.11823541572935542,1.9117563453092659,0.10669598131897498,0.3961025208557858,0.022551037991389578,0.4904415648715771,0.05210118779815831,0.3039187817697553,0.5565327106324992,0.9220504171157148,0.6572015277550016,0.09279847224499838,92.79847224499838,0.09279847224499838,92.79847224499838,0.5402220376527535,0.04022203765275345,40.22203765275345,-0.04022203765275345,-40.22203765275345,False,86.11556451005734,647.1249251758064,733.2404896858637,main,BO,0.75,28,bo,matern,ei,13349,100,20,0.3104167999699712,0.08014859992545098,0.004138599964790046,0.39482009992934763,2515.779427305485,5000,4000,1000,134.75283522855753,128.5748230236753,12.683256359027006,False
2306.8530256777967,0.44365320902920247,0.10178331974290264,3.9676258294059368,0.09053210977208366,0.36280012377277016,0.23052943590794195,0.9818663115120071,0.005095199265436112,0.989208609801979,0.017736992402788587,0.2560024754554039,0.539925124766256,0.21007487523374402,210.07487523374402,0.21007487523374402,210.07487523374402,0.46199060719761675,0.0,0.0,0.038009392802383246,38.009392802383246,True,441.3145320447311,0.0,441.3145320447311,main,BO,0.75,29,bo,matern,ei,13349,100,20,0.3611959000118077,0.08848180004861206,0.0036636999575421214,0.45345070003531873,2403.821114845395,5000,4000,1000,134.75283522855753,128.5748230236753,12.683256359027006,False
4177.425549132417,0.15897320903310314,0.10036525389615428,2.109996106958622,0.09298241921125958,0.3612182660415912,0.7649787283235477,0.1684948829517232,0.0010435825604407922,0.3699987023195407,0.09941397370865257,0.22436532083182392,0.5687724991164604,0.18122750088353956,181.22750088353956,0.18122750088353956,181.22750088353956,0.4798726799080486,0.0,0.0,0.020127320091951395,20.127320091951397,True,328.4340707649334,0.0,328.4340707649334,main,BO,0.75,30,bo,matern,ei,13349,100,20,0.45550830010324717,0.07532519998494536,0.0035052000312134624,0.5344476000173017,4061.3819500833997,5000,4000,1000,134.75283522855753,128.5748230236753,12.683256359027006,False
2317.7620346910917,0.2794424420970604,0.13377556257263296,1.1013065362496492,0.09104360280399751,0.35729255174007624,0.23364629562602612,0.5126926917058868,0.09650160735037983,0.033768845416549786,0.034786760133250216,0.14585103480152473,0.5849134043609857,0.1650865956390143,165.0865956390143,0.1650865956390143,165.0865956390143,0.4650981184232302,0.0,0.0,0.03490188157676982,34.901881576769824,True,272.5358405967941,0.0,272.5358405967941,main,BO,0.75,31,bo,matern,ei,13349,100,20,0.32142009993549436,0.12391600001137704,0.004473599954508245,0.44992270006332546,1182.1798499189058,5000,4000,1000,134.75283522855753,128.5748230236753,12.683256359027006,False
4963.432878940736,0.4332098853395242,0.4024250856622781,1.593673175105831,0.1179048844244444,0.3836990177020777,0.9895522511259247,0.9520282438272122,0.8640716733207945,0.19789105836861032,0.9301628141481467,0.6739803540415537,0.6496257376064729,0.10037426239352709,100.37426239352709,0.10037426239352709,100.37426239352709,0.5092683721108342,0.0092683721108342,9.2683721108342,-0.0092683721108342,-9.2683721108342,False,100.74992551044625,34.36108863395568,135.11101414440193,main,BO,0.75,32,bo,matern,ei,13349,100,20,0.35725530004128814,0.041465000016614795,0.0039010000182315707,0.4027382000349462,2154.8201636494964,5000,4000,1000,134.75283522855753,128.5748230236753,12.683256359027006,False
3762.178497268669,0.10603221800099731,0.11610159575774762,1.2082041867001245,0.11627699490847168,0.39843788141253644,0.6463367135053341,0.017234908574278007,0.0460045593078503,0.06940139556670821,0.8758998302823897,0.9687576282507283,0.6810409502119673,0.06895904978803269,68.95904978803269,0.06895904978803269,68.95904978803269,0.5307259248070363,0.030725924807036287,30.725924807036286,-0.030725924807036287,-30.725924807036286,False,47.5535054766837,377.6329820990591,425.18648757574283,main,BO,0.75,33,bo,matern,ei,13349,100,20,0.4294636999256909,0.07484770007431507,0.004727700026705861,0.5091532000806183,1490.9892702299114,5000,4000,1000,134.75283522855753,128.5748230236753,12.683256359027006,False
1510.414286888586,0.4152902454921147,0.15388434556570824,1.2565463233718037,0.11080837458785514,0.3779244894628493,0.0029755105395959935,0.9008292728346134,0.15395527304488066,0.08551544112393461,0.6936124862618384,0.5584897892569862,0.6415688386675629,0.10843116133243713,108.43116133243713,0.10843116133243713,108.43116133243713,0.5096133441712986,0.009613344171298555,9.613344171298554,-0.009613344171298555,-9.613344171298554,False,117.5731674790101,36.96655446233596,154.53972194134604,main,BO,0.75,34,bo,matern,ei,13349,100,20,0.24497090000659227,0.09759839996695518,0.004176000016741455,0.34686589997727424,2837.3721624400196,5000,4000,1000,134.75283522855753,128.5748230236753,12.683256359027006,False
4981.390132321663,0.24316152359633209,0.22975257998773693,1.8097759563751523,0.1071784714859519,0.3580389318390585,0.9946828949490468,0.40903292456094886,0.3707216571078198,0.26992531879171744,0.5726157161983968,0.16077863678117044,0.5993609038989682,0.15063909610103177,150.63909610103175,0.15063909610103177,150.63909610103175,0.47756157516978837,0.0,0.0,0.022438424830211634,22.438424830211634,True,226.92137274135882,0.0,226.92137274135882,main,BO,0.75,35,bo,matern,ei,13349,100,20,0.4626245000399649,0.08328930009156466,0.004677499993704259,0.550711499992758,4788.0925277042315,5000,4000,1000,134.75283522855753,128.5748230236753,12.683256359027006,False
4544.857917472289,0.4434011427539082,0.2872332586752402,1.0436703784289678,0.11423142873157302,0.3709573053186114,0.8699594049920827,0.9811461221540235,0.5349521676435435,0.014556792809655938,0.807714291052434,0.4191461063722275,0.638115797536828,0.11188420246317199,111.88420246317199,0.11188420246317199,111.88420246317199,0.4935109118012175,0.0,0.0,0.006489088198782522,6.489088198782522,True,125.1807476082006,0.0,125.1807476082006,main,BO,0.75,36,bo,matern,ei,13349,100,20,0.30342509993351996,0.13025960000231862,0.0043738000094890594,0.4381848000921309,1034.1208077234587,5000,4000,1000,125.1807476082006,111.88420246317199,6.489088198782522,True
4213.012910266132,0.27874669681172776,0.2834652839670296,3.4056710664501644,0.09866816025388511,0.39909936674067287,0.7751465457903236,0.5107048480335079,0.5241865256200845,0.8018903554833882,0.28893867512950366,0.9819873348134568,0.6015107743473945,0.14848922565260547,148.48922565260548,0.14848922565260547,148.48922565260548,0.5457144829573393,0.045714482957339264,45.714482957339264,-0.045714482957339264,-45.714482957339264,False,220.49050134910388,835.9255808227448,1056.4160821718488,main,BO,0.75,37,bo,matern,ei,13349,100,20,0.5186502999858931,0.12180069996975362,0.005321300006471574,0.6459142999956384,2697.6594775164517,5000,4000,1000,125.1807476082006,111.88420246317199,6.489088198782522,False
2612.022908949829,0.18525140161934806,0.26678814260672934,1.2464222868184978,0.09073130002856164,0.3503486138377469,0.31772083112852245,0.24357543319813735,0.47653755030494094,0.08214076227283262,0.02437666761872126,0.006972276754938278,0.5805286021999876,0.1694713978000124,169.47139780001243,0.1694713978000124,169.47139780001243,0.45817681949130334,0.0,0.0,0.041823180508696656,41.82318050869666,True,287.20554672290046,0.0,287.20554672290046,main,BO,0.75,38,bo,matern,ei,13349,100,20,0.3614575000246987,0.15675339999143034,0.004734699963591993,0.5230676999781281,1255.835396794837,5000,4000,1000,125.1807476082006,111.88420246317199,6.489088198782522,False
1504.23813640501,0.3313536789785854,0.14660577825689974,1.6665988525780886,0.0993238676208854,0.3696768626953933,0.0012108961157171194,0.661010511367387,0.13315936644828497,0.22219961752602957,0.3107955873628466,0.39353725390786576,0.6103354721560246,0.13966452784397543,139.66452784397543,0.13966452784397543,139.66452784397543,0.4919590607018883,0.0,0.0,0.008040939298111727,8.040939298111727,True,195.06180337880588,0.0,195.06180337880588,main,BO,0.75,39,bo,matern,ei,13349,100,20,0.2928046000888571,0.13092340005096048,0.005188199924305081,0.4290335000259802,1049.0759044533295,5000,4000,1000,125.1807476082006,111.88420246317199,6.489088198782522,False
4372.834796721121,0.4496778583475728,0.4465318239807897,2.762216588115785,0.10008710500444244,0.39980860054449024,0.8208099419203202,0.9990795952787793,0.9900909256593994,0.5874055293719284,0.33623683348141487,0.996172010889804,0.6078860955811166,0.14211390441888339,142.11390441888338,0.14211390441888339,142.11390441888338,0.5060565764415513,0.006056576441551331,6.056576441551331,-0.006056576441551331,-6.056576441551331,False,201.96361829179523,14.672847276941834,216.63646556873707,main,BO,0.75,40,bo,matern,ei,13349,100,20,0.39079199999105185,0.08524339995346963,0.0044123000698164105,0.48057159991003573,2046.1550057787235,5000,4000,1000,125.1807476082006,111.88420246317199,6.489088198782522,False
3155.6852018460268,0.10240412874930928,0.2623896373857022,1.0193716149004493,0.09150489337543989,0.3675109241874053,0.4730529148131506,0.0068689392837407715,0.4639703925305778,0.006457204966816454,0.05016311251466321,0.35021848374810605,0.6023599189420197,0.14764008105798032,147.64008105798032,0.14764008105798032,147.64008105798032,0.4748496847012779,0.0,0.0,0.02515031529872208,25.15031529872208,True,217.97593534807,0.0,217.97593534807,main,BO,0.75,41,bo,matern,ei,13349,100,20,0.3853404000401497,0.06918770004995167,0.005885599995963275,0.4605317999375984,878.2529580211158,5000,4000,1000,125.1807476082006,111.88420246317199,6.489088198782522,False
1778.4301261196647,0.31511119072991634,0.27082638256920977,1.4609831834691849,0.10428699137289779,0.39974929041056195,0.07955146460561846,0.6146034020854753,0.48807537876917084,0.153661061156395,0.47623304576326,0.9949858082112384,0.6577812006933055,0.09221879930669452,92.21879930669452,0.09221879930669452,92.21879930669452,0.5264199661700517,0.026419966170051712,26.419966170051712,-0.026419966170051712,-26.419966170051712,False,85.04306945568402,279.20584497067074,364.24891442635476,main,BO,0.75,42,bo,matern,ei,13349,100,20,0.298890000092797,0.09309720003511757,0.00551439996343106,0.3976255999878049,2111.7240938203427,5000,4000,1000,125.1807476082006,111.88420246317199,6.489088198782522,False
1932.0569300826673,0.16173122442434906,0.446044314102391,1.749331791472047,0.0907375263058744,0.3692140673613979,0.12344483716647636,0.17637492692671164,0.9886980402925456,0.24977726382401566,0.02458421019581336,0.38428134722795837,0.6049331934569693,0.14506680654303072,145.06680654303074,0.14506680654303072,145.06680654303074,0.494605318004429,0.0,0.0,0.005394681995571027,5.394681995571027,True,210.443783605931,0.0,210.443783605931,main,BO,0.75,43,bo,matern,ei,13349,100,20,0.35323840007185936,0.08313849999103695,0.0049377999966964126,0.44143839995376766,1898.2093244085395,5000,4000,1000,125.1807476082006,111.88420246317199,6.489088198782522,False
2462.2713510765507,0.12691777534792553,0.27523901863898503,1.0022917529658308,0.11823254063462149,0.3633557140691107,0.2749346717361574,0.07690792956550152,0.5006829103971,0.0007639176552769467,0.9410846878207166,0.2671142813822148,0.6772137485070047,0.07278625149299534,72.78625149299533,0.07278625149299534,72.78625149299533,0.5078076884151755,0.00780768841517554,7.80768841517554,-0.00780768841517554,-7.80768841517554,False,52.97838406401566,24.383999355386532,77.36238341940219,main,BO,0.75,44,bo,matern,ei,13349,100,20,0.35053560009691864,0.07866040000226349,0.005983799928799272,0.43530150002334267,7237.864592803263,5000,4000,1000,77.36238341940219,111.88420246317199,6.489088198782522,True
1776.5565861527411,0.2025164796140554,0.10228869033918685,1.0497838781121305,0.11348829995588487,0.3753274895546073,0.07901616747221174,0.2929042274687297,0.006539115254819539,0.016594626037376825,0.7829433318628292,0.5065497910921459,0.6790468181344869,0.07095318186551314,70.95318186551313,0.07095318186551314,70.95318186551313,0.5200436862265686,0.020043686226568602,20.043686226568603,-0.020043686226568602,-20.043686226568603,False,50.34354016840582,160.69974301965433,211.04328318806017,main,BO,0.75,45,bo,matern,ei,13349,100,20,0.31218540004920214,0.07712840009480715,0.005298999953083694,0.3947289999341592,3172.0599412116558,5000,4000,1000,77.36238341940219,111.88420246317199,6.489088198782522,False
2903.586564694328,0.1812560061425605,0.4163444689227679,2.093015784355838,0.11026568679399402,0.38646010131877623,0.401024732769808,0.2321600175501728,0.9038413397793369,0.3643385947852793,0.6755228931331343,0.7292020263755244,0.648118063373955,0.10188193662604506,101.88193662604506,0.10188193662604506,101.88193662604506,0.5395930955258097,0.039593095525809696,39.593095525809694,-0.039593095525809696,-39.593095525809694,False,103.79929010673459,627.0452853263567,730.8445754330913,main,BO,0.75,46,bo,matern,ei,13349,100,20,0.40985419997014105,0.09361169999465346,0.006291399942710996,0.5098784998990595,3118.8943707409476,5000,4000,1000,77.36238341940219,111.88420246317199,6.489088198782522,False
2962.4873924511207,0.3399740960350059,0.20338688684297632,3.8369459591552277,0.10520183051842207,0.3682410696641014,0.4178535407003202,0.6856402743857312,0.2953911052656466,0.9456486530517426,0.5067276839474024,0.3648213932820281,0.5831136050198487,0.16688639498015134,166.88639498015135,0.16688639498015134,166.88639498015135,0.5002254969428792,0.00022549694287921085,0.22549694287921085,-0.00022549694287921085,-0.22549694287921085,False,278.51068829471086,0.02033954849914803,278.53102784321,main,BO,0.75,47,bo,matern,ei,13349,100,20,0.42998420004732907,0.0611370000988245,0.005332800094038248,0.49657469999510795,2311.939899191092,5000,4000,1000,77.36238341940219,111.88420246317199,6.489088198782522,False
2781.720018871776,0.10365750396951798,0.26062387697584055,1.6131382264561163,0.09257193297056716,0.35665776615937295,0.36620571967765037,0.010450011341479937,0.4589253627881158,0.20437940881870542,0.08573109901890574,0.13315532318745915,0.5864987327716811,0.16350126722831893,163.50126722831894,0.16350126722831893,163.50126722831894,0.46845099284163905,0.0,0.0,0.03154900715836095,31.549007158360954,True,267.3266438526615,0.0,267.3266438526615,main,BO,0.75,48,bo,matern,ei,13349,100,20,0.39705969998613,0.11565579997841269,0.009039100026711822,0.5218739000847563,2084.778338622723,5000,4000,1000,77.36238341940219,111.88420246317199,6.489088198782522,False
3226.876639876578,0.2554674384352654,0.1011823254054397,2.664439864095915,0.11064251343430964,0.37757213448181165,0.4933933256790223,0.44419268124361544,0.0033780725869705375,0.5548132880319717,0.6880837811436546,0.5514426896362329,0.619519648924114,0.13048035107588596,130.48035107588595,0.13048035107588596,130.48035107588595,0.5403261061015956,0.040326106101595594,40.32610610159559,-0.040326106101595594,-40.32610610159559,False,170.25122016886456,650.4779333268582,820.7291534957228,main,BO,0.75,49,bo,matern,ei,13349,100,20,0.43673539999872446,0.09977179998531938,0.005752500030212104,0.5423811000073329,2127.61071582898,5000,4000,1000,77.36238341940219,111.88420246317199,6.489088198782522,False
4960.950099298143,0.16000155016202036,0.21944079412686807,1.0742027071974007,0.1176244414930099,0.3538983805504899,0.9888428855137553,0.17143300046291532,0.34125941179105157,0.024734235732466914,0.920814716433664,0.0779676110097981,0.6363622349455572,0.11363776505444279,113.63776505444278,0.11363776505444279,113.63776505444278,0.4833679818655287,0.0,0.0,0.016632018134471294,16.632018134471295,True,129.13541646568737,0.0,129.13541646568737,main,BO,0.75,50,bo,matern,ei,13349,100,20,0.4558170000091195,0.1366795999929309,0.0065162000246346,0.5991394999437034,2852.411079883694,5000,4000,1000,77.36238341940219,111.88420246317199,6.489088198782522,False
3208.088524424288,0.13221741789568828,0.3927611715607888,1.7491172646332362,0.10977707407170494,0.35335246415469984,0.4880252926926538,0.0920497654162522,0.8364604901736825,0.24970575487774538,0.6592358023901647,0.06704928309399771,0.6191224838441216,0.1308775161558784,130.8775161558784,0.1308775161558784,130.8775161558784,0.48737402339364194,0.0,0.0,0.012625976606358058,12.625976606358059,True,171.2892423513221,0.0,171.2892423513221,main,BO,0.75,51,bo,matern,ei,13349,100,20,0.4161395999835804,0.08215189992915839,0.005784700042568147,0.5042017999803647,2594.523964862549,5000,4000,1000,77.36238341940219,111.88420246317199,6.489088198782522,False
2201.409960040428,0.13083517600706826,0.2626920408762309,1.0,0.11798731227296559,0.3575167380055254,0.20040284572583653,0.08810050287733785,0.4648344025035169,0.0,0.9329104090988533,0.15033476011050873,0.676538371241447,0.073461628758553,73.461628758553,0.073461628758553,73.461628758553,0.5049565869123814,0.004956586912381433,4.956586912381433,-0.004956586912381433,-4.956586912381433,False,53.96610899859461,9.827101527996364,63.793210526590975,main,BO,0.75,52,bo,matern,ei,13349,100,20,0.33567010005936027,0.1801245000679046,0.006857200060039759,0.522770999930799,1488.2319641319802,5000,4000,1000,63.793210526590975,111.88420246317199,6.489088198782522,True
4971.1876028382285,0.4218280491758498,0.14653233031499874,3.806893954432346,0.10923894001646606,0.372863444038924,0.991767886525208,0.9195087119309994,0.13294951518571063,0.9356313181441154,0.6412980005488684,0.4572688807784808,0.5872229129832061,0.16277708701679394,162.77708701679393,0.16277708701679394,162.77708701679393,0.49277377884482926,0.0,0.0,0.007226221155170742,7.226221155170743,True,264.96380057672906,0.0,264.96380057672906,main,BO,0.75,53,bo,matern,ei,13349,100,20,0.45148060005158186,0.0577543000690639,0.006020699976943433,0.5153750999597833,1258.9102101938665,5000,4000,1000,63.793210526590975,111.88420246317199,6.489088198782522,False
4947.0680085225395,0.2555132040771032,0.2682645792928502,3.021426466746173,0.11026768598166915,0.39765236992293335,0.9848765738635825,0.4443234402202949,0.4807559408367149,0.6738088222487244,0.6755895327223052,0.9530473984586666,0.6276143971013576,0.12238560289864242,122.38560289864242,0.12238560289864242,122.38560289864242,0.5542506011894063,0.05425060118940628,54.250601189406275,-0.05425060118940628,-54.250601189406275,False,149.78235796864192,1177.2510917648037,1327.0334497334457,main,BO,0.75,54,bo,matern,ei,13349,100,20,0.5259144000010565,0.15353590005543083,0.0070290000876411796,0.6866036999272183,5829.664781319302,5000,4000,1000,63.793210526590975,111.88420246317199,6.489088198782522,False
4737.842942091473,0.10676904097188603,0.3284554194445203,3.9929959270760524,0.11541869317055493,0.39969687305545365,0.9250979834547065,0.01934011706253147,0.6527297698414866,0.9976653090253508,0.8472897723518311,0.9939374611090726,0.6461687742384994,0.10383122576150061,103.8312257615006,0.10383122576150061,103.8312257615006,0.7797023694313995,0.2797023694313995,279.70236943139946,-0.2797023694313995,-279.70236943139946,False,107.80923443135708,31293.36618621563,31401.175420646985,main,BO,0.75,55,bo,matern,ei,13349,100,20,0.5782037999015301,0.19699780002702028,0.005835399962961674,0.7811615000246093,1749.0380380089596,5000,4000,1000,63.793210526590975,111.88420246317199,6.489088198782522,False
2296.245023583519,0.31192434488124665,0.12606583082466205,3.3815452087402518,0.11250301392740875,0.3576721428794428,0.2274985781667197,0.6054981282321332,0.07447380235617729,0.7938484029134173,0.7501004642469583,0.15344285758885656,0.5977018878522912,0.15229811214770883,152.29811214770882,0.15229811214770883,152.29811214770882,0.5066343481407186,0.0066343481407186156,6.634348140718616,-0.0066343481407186156,-6.634348140718616,False,231.94714963756098,17.60583010090262,249.5529797384636,main,BO,0.75,56,bo,matern,ei,13349,100,20,0.39966560003813356,0.09297170001082122,0.007107699988409877,0.4998815000290051,1521.2446148850745,5000,4000,1000,63.793210526590975,111.88420246317199,6.489088198782522,False
3602.2234616957103,0.29884480588878454,0.2611548484373007,3.9835919496425616,0.11443200499906328,0.36480799323360613,0.600635274770203,0.5681280168250987,0.46044242410657343,0.9945306498808538,0.8144001666354426,0.2961598646721231,0.5941119733430354,0.15588802665696455,155.88802665696454,0.15588802665696455,155.88802665696454,0.5251260315113193,0.025126031511319313,25.12603151131931,-0.025126031511319313,-25.12603151131931,False,243.01076855002492,252.52698380312444,495.53775235314936,main,BO,0.75,57,bo,matern,ei,13349,100,20,0.507832899922505,0.13011429994367063,0.007879600045271218,0.6459519000491127,1181.4898798539487,5000,4000,1000,63.793210526590975,111.88420246317199,6.489088198782522,False
2492.9936103073496,0.3901394259283534,0.11548544084968441,1.8575667544035368,0.1019177778434935,0.39448035667585735,0.28371246008781426,0.8289697883667239,0.04424411671338402,0.2858555848011789,0.3972592614497834,0.8896071335171463,0.6246170590980913,0.1253829409019087,125.38294090190871,0.1253829409019087,125.38294090190871,0.5091550487367498,0.009155048736749771,9.155048736749771,-0.009155048736749771,-9.155048736749771,False,157.2088186921153,33.525966948905435,190.73478564102072,main,BO,0.75,58,bo,matern,ei,13349,100,20,0.3122664999682456,0.15544390003196895,0.00607010000385344,0.4739062999142334,1093.0207981343874,5000,4000,1000,63.793210526590975,111.88420246317199,6.489088198782522,False
3806.024459647771,0.21703934346776455,0.33323022250023804,2.2059093713199065,0.11512855538512716,0.3943628383005088,0.6588641313279345,0.33439812419361303,0.6663720642863944,0.40196979043996883,0.8376185128375722,0.8872567660101758,0.6547089923201452,0.09529100767985477,95.29100767985477,0.09529100767985477,95.29100767985477,0.5432885879745999,0.04328858797459989,43.28858797459989,-0.04328858797459989,-43.28858797459989,False,90.80376144642139,749.5607395338697,840.364500980291,main,BO,0.75,59,bo,matern,ei,13349,100,20,0.4518217999720946,0.19281999999657273,0.007319299969822168,0.6520899999886751,1060.2058624203478,5000,4000,1000,63.793210526590975,111.88420246317199,6.489088198782522,False
2673.7328611199628,0.16917512678944518,0.1795873709114926,3.9874314924130645,0.1154569233654902,0.3705140279300665,0.33535224603427505,0.19764321939841478,0.2273924883185503,0.9958104974710215,0.8485641121830068,0.4102805586013303,0.6141361164974042,0.13586388350259582,135.86388350259583,0.13586388350259582,135.86388350259583,0.6313821123645705,0.13138211236457054,131.38211236457053,-0.13138211236457054,-131.38211236457053,False,184.58994840406925,6904.503779750656,7089.093728154725,main,BO,0.75,60,bo,matern,ei,13349,100,20,0.49483100010547787,0.10062590008601546,0.006624599918723106,0.6022152000805363,947.3503478218497,5000,4000,1000,63.793210526590975,111.88420246317199,6.489088198782522,False
3530.9704399455377,0.1515211402878989,0.4408052394758182,2.6458978055026376,0.09638130953597915,0.3600468172230951,0.5802772685558679,0.14720325796542544,0.9737292556451947,0.5486326018342126,0.2127103178659715,0.20093634446190256,0.5772073039958374,0.17279269600416258,172.7926960041626,0.17279269600416258,172.7926960041626,0.5232229282851265,0.02322292828512651,23.22292828512651,-0.02322292828512651,-23.22292828512651,False,298.57315792386936,215.72175925445154,514.2949171783209,main,BO,0.75,61,bo,matern,ei,13349,100,20,0.4691858000587672,0.17973860003985465,0.007867499953135848,0.6569225999992341,1219.4322611479693,5000,4000,1000,63.793210526590975,111.88420246317199,6.489088198782522,False
2223.6021287395793,0.37716335038130133,0.2583427277263548,3.980614035568556,0.09907824557338575,0.36329987799726443,0.20674346535416555,0.791895286803718,0.45240779350387084,0.9935380118561854,0.3026081857795252,0.2659975599452885,0.565289815240612,0.18471018475938805,184.71018475938806,0.18471018475938805,184.71018475938806,0.4765964016746588,0.0,0.0,0.023403598325341224,23.403598325341225,True,341.17852353847275,0.0,341.17852353847275,main,BO,0.75,62,bo,matern,ei,13349,100,20,0.3818565000547096,0.15497189993038774,0.006613300065509975,0.5435676999622956,853.0031480165848,5000,4000,1000,63.793210526590975,111.88420246317199,6.489088198782522,False
2862.343486128772,0.3244379521925172,0.3861820438037906,1.0056927047963335,0.11803734519677739,0.36543573903094745,0.38924099603679196,0.6412512919786206,0.8176629822965445,0.0018975682654445158,0.9345781732259131,0.30871478061894964,0.6602246299929085,0.08977537000709146,89.77537000709145,0.08977537000709146,89.77537000709145,0.5005623242957032,0.0005623242957032426,0.5623242957032426,-0.0005623242957032426,-0.5623242957032426,False,80.59617059910178,0.12648344541525913,80.72265404451704,main,BO,0.75,63,bo,matern,ei,13349,100,20,0.3262792999157682,0.15648450003936887,0.008531599887646735,0.49143449997063726,698.1196740952696,5000,4000,1000,63.793210526590975,111.88420246317199,6.489088198782522,False
3492.7919420942244,0.4138136246078866,0.147373556725575,2.266326424201968,0.10180342182875605,0.3986926519918693,0.5693691263126355,0.8966103560225331,0.13535301921592857,0.42210880806732276,0.3934473942918685,0.9738530398373854,0.6175023825290011,0.13249761747099886,132.49761747099888,0.13249761747099886,132.49761747099888,0.5095042699686122,0.0095042699686122,9.5042699686122,-0.0095042699686122,-9.5042699686122,False,175.5561863549114,36.1324590545055,211.6886454094169,main,BO,0.75,64,bo,matern,ei,13349,100,20,0.338149799965322,0.11467099993024021,0.00717100000474602,0.460112200002186,614.8448155386184,5000,4000,1000,63.793210526590975,111.88420246317199,6.489088198782522,False
2471.855942324746,0.346140871023092,0.1145524647402656,3.184234937209107,0.09416807780132101,0.35466974444732075,0.27767312637849895,0.7032596314945485,0.041578470686473135,0.7280783124030358,0.13893592671070065,0.09339488894641579,0.554339424862206,0.195660575137794,195.660575137794,0.195660575137794,195.660575137794,0.47015055897545205,0.0,0.0,0.02984944102454795,29.84944102454795,True,382.83060663252326,0.0,382.83060663252326,main,BO,0.75,65,bo,matern,ei,13349,100,20,0.37996000004932284,0.2275108000030741,0.008503900025971234,0.616108400048688,559.0366041277621,5000,4000,1000,63.793210526590975,111.88420246317199,6.489088198782522,False
3992.7111646628873,0.11016725708662538,0.24987023585186327,1.432713418535267,0.1070662499506637,0.35091831804966267,0.7122031899036821,0.029049305961786787,0.4282006738624665,0.1442378061784223,0.5688749983554567,0.018366360993254283,0.6076725136929046,0.14232748630709535,142.32748630709534,0.14232748630709535,142.32748630709534,0.47161841759913625,0.0,0.0,0.028381582400863747,28.38158240086375,True,202.57113358496414,0.0,202.57113358496414,main,BO,0.75,66,bo,matern,ei,13349,100,20,0.7518224000232294,0.24381509993690997,0.012016199994832277,1.0078471000306308,632.5640526417245,5000,4000,1000,63.793210526590975,111.88420246317199,6.489088198782522,False
2519.109417010256,0.15302381594501432,0.1998437860768837,2.4281189026839556,0.11949666258907549,0.38308106629273037,0.2911741191457875,0.15149661698575523,0.2852679602196677,0.47603963422798523,0.9832220863025162,0.6616213258546071,0.6633434876996093,0.08665651230039073,86.65651230039073,0.08665651230039073,86.65651230039073,0.6024299007067335,0.10242990070673352,102.42990070673352,-0.10242990070673352,-102.42990070673352,False,75.0935112406777,4196.753823516516,4271.8473347571935,main,BO,0.75,67,bo,matern,ei,13349,100,20,0.6204416999826208,0.25155169994104654,0.011617799988016486,0.8837740999879315,1726.034830811775,5000,4000,1000,63.793210526590975,111.88420246317199,6.489088198782522,False
2885.3864754729484,0.13941402241316336,0.3349776497270375,2.351499303281792,0.09151651003342827,0.3939262639874138,0.39582470727798535,0.11261149260903813,0.6713647135058215,0.4504997677605973,0.050550334447608924,0.8785252797482755,0.6081081961778175,0.14189180382218247,141.89180382218248,0.14189180382218247,141.89180382218248,0.5453951856893471,0.045395185689347084,45.39518568934709,-0.045395185689347084,-45.39518568934709,False,201.33283991912714,824.2891535081209,1025.621993427248,main,BO,0.75,68,bo,matern,ei,13349,100,20,0.5922068998916075,0.19927550002466887,0.008788000093773007,0.8004305999493226,2009.5413136720204,5000,4000,1000,63.793210526590975,111.88420246317199,6.489088198782522,False
3662.2404062883074,0.1337399795493217,0.11102724215418729,1.4653466383614275,0.11064570221090719,0.3537265633966834,0.6177829732252307,0.09639994156949061,0.03150640615482081,0.15511554612047584,0.6881900736969064,0.07453126793366849,0.6169158655087926,0.13308413449120737,133.08413449120738,0.13308413449120737,133.08413449120738,0.47927629712444264,0.0,0.0,0.02072370287555736,20.723702875557358,True,177.1138685327377,0.0,177.1138685327377,main,BO,0.75,69,bo,matern,ei,13349,100,20,0.4967783000320196,0.23824939993210137,0.010469999979250133,0.7456470999168232,5752.03395558833,5000,4000,1000,63.793210526590975,111.88420246317199,6.489088198782522,False
1852.2894134537748,0.30395167353134955,0.17462389621734775,3.421101447427733,0.09018334847921235,0.35295199185857296,0.10065411812964997,0.5827190672324273,0.213211132049565,0.8070338158092443,0.006111615973744877,0.05903983717145922,0.5480710683885717,0.20192893161142833,201.92893161142834,0.20192893161142833,201.92893161142834,0.4730383694013294,0.0,0.0,0.026961630598670627,26.961630598670627,True,407.752934217329,0.0,407.752934217329,main,BO,0.75,70,bo,matern,ei,13349,100,20,0.415530199999921,0.16548900003544986,0.00920219998806715,0.5903728000121191,1915.7659450221777,5000,4000,1000,63.793210526590975,111.88420246317199,6.489088198782522,False
2252.0247927463597,0.2005685485801483,0.1499751712661634,2.2500791194637477,0.09284792562959109,0.3971927543791919,0.21486422649895998,0.28733871022899515,0.14278620361760963,0.41669303982124917,0.09493085431970294,0.9438550875838374,0.616899699178914,0.13310030082108604,133.10030082108602,0.13310030082108604,133.10030082108602,0.5461276300446734,0.04612763004467335,46.12763004467335,-0.04612763004467335,-46.12763004467335,False,177.15690078663596,851.1033014153007,1028.2602022019366,main,BO,0.75,71,bo,matern,ei,13349,100,20,0.415543399984017,0.1837573000229895,0.01138449995778501,0.6108309000264853,1217.7359472998128,5000,4000,1000,63.793210526590975,111.88420246317199,6.489088198782522,False
2595.744390326846,0.2604936167496583,0.22422695076650084,3.927717620723071,0.11284495156674068,0.38164680295854425,0.3130698258076703,0.4585531907133096,0.35493414504714527,0.975905873574357,0.7614983855580227,0.6329360591708854,0.6166324157535344,0.13336758424646555,133.36758424646555,0.13336758424646555,133.36758424646555,0.5561901424286605,0.056190142428660494,56.190142428660494,-0.056190142428660494,-56.190142428660494,False,177.86912527738087,1262.9328424612609,1440.8019677386417,main,BO,0.75,72,bo,matern,ei,13349,100,20,0.4947247999953106,0.1827773000113666,0.008129799971356988,0.68576840008609,2155.051457616746,5000,4000,1000,63.793210526590975,111.88420246317199,6.489088198782522,False
4449.64765459216,0.10573776492818744,0.20328003145156615,1.3797773450568225,0.09026946404071741,0.38404720980898477,0.8427564727406172,0.016393614080535523,0.2950858041473319,0.12659244835227412,0.00898213469058029,0.6809441961796951,0.5982503418399138,0.15174965816008623,151.74965816008623,0.15174965816008623,151.74965816008623,0.4846576443435611,0.0,0.0,0.015342355656438877,15.342355656438878,True,230.27958751703025,0.0,230.27958751703025,main,BO,0.75,73,bo,matern,ei,13349,100,20,0.47775119997095317,0.18672300002072006,0.009466800023801625,0.6740811999188736,1062.7472098338226,5000,4000,1000,63.793210526590975,111.88420246317199,6.489088198782522,False
3872.77185617743,0.18890450642287582,0.24437273896630146,1.9291131464504392,0.09014683094127937,0.3503719719171361,0.6779348160506943,0.2540128754939309,0.4124935399037185,0.3097043821501464,0.00489436470931226,0.007439438342722315,0.5574474387899688,0.19255256121003117,192.55256121003117,0.19255256121003117,192.55256121003117,0.45967476450865646,0.0,0.0,0.040325235491343536,40.325235491343534,True,370.764888285428,0.0,370.764888285428,main,BO,0.75,74,bo,matern,ei,13349,100,20,0.47267450008075684,0.1317355000646785,0.008245599921792746,0.6127971999812871,810.0877916589659,5000,4000,1000,63.793210526590975,111.88420246317199,6.489088198782522,False
1687.7881480805095,0.44284230106478173,0.4343059392021733,2.5754627535266317,0.10100795070428867,0.35859428547744787,0.05365375659443128,0.9795494316136623,0.9551598262919236,0.5251542511755439,0.36693169014295557,0.1718857095489572,0.5787814051347898,0.17121859486521018,171.21859486521018,0.17121859486521018,171.21859486521018,0.47374134411018437,0.0,0.0,0.02625865588981563,26.25865588981563,True,293.1580722761698,0.0,293.1580722761698,main,BO,0.75,75,bo,matern,ei,13349,100,20,0.3204235000303015,0.20809720002580434,0.010381400003097951,0.5390364999184385,1504.4828153469923,5000,4000,1000,63.793210526590975,111.88420246317199,6.489088198782522,False
2387.2823719916178,0.10102639288548748,0.14160208939164975,1.0155464814683235,0.10747553437281468,0.38844530959962753,0.25350924914046225,0.0029325511013927885,0.11886311254757076,0.005182160489441201,0.5825178124271564,0.7689061919925503,0.6730242853256544,0.07697571467434561,76.97571467434561,0.07697571467434561,76.97571467434561,0.520867364548244,0.020867364548244005,20.867364548244005,-0.020867364548244005,-20.867364548244005,False,59.25260649626265,174.1787612757243,233.43136777198694,main,BO,0.75,76,bo,matern,ei,13349,100,20,0.37589049991220236,0.13764599990099669,0.010350900003686547,0.5240624999860302,1257.9787114687736,5000,4000,1000,63.793210526590975,111.88420246317199,6.489088198782522,False
4013.196973964566,0.3926513573814754,0.167272668566415,3.995026779985542,0.11787663429611994,0.37025395683807144,0.7180562782755903,0.836146735375644,0.19220762447547146,0.9983422599951807,0.9292211432039982,0.40507913676142937,0.6003920007778181,0.14960799922218193,149.60799922218195,0.14960799922218193,149.60799922218195,0.5049982995867899,0.004998299586789878,4.998299586789878,-0.004998299586789878,-4.998299586789878,False,223.8255343126439,9.993199503721547,233.81873381636544,main,BO,0.75,77,bo,matern,ei,13349,100,20,0.48128260008525103,0.10379419999662787,0.008264099946245551,0.5934820999391377,820.1694700141204,5000,4000,1000,63.793210526590975,111.88420246317199,6.489088198782522,False
2190.7608344378536,0.2981435688617872,0.25783423183172605,1.0102483875306274,0.11864439783553299,0.3991411732479498,0.1973602384108153,0.5661244824622492,0.45095494809064585,0.0034161291768758373,0.9548132611844329,0.9828234649589949,0.7008861949753595,0.04911380502464047,49.11380502464047,0.04911380502464047,49.11380502464047,0.5406803484424312,0.04068034844243118,40.68034844243118,-0.04068034844243118,-40.68034844243118,False,24.121658439983992,661.9562997590452,686.0779581990292,main,BO,0.75,78,bo,matern,ei,13349,100,20,0.32347590010613203,0.23630260000936687,0.010699099977500737,0.570620600017719,730.632948022528,5000,4000,1000,63.793210526590975,111.88420246317199,6.489088198782522,False
2769.982808966111,0.150612252228998,0.244338733342946,2.824686817852562,0.09197929419207906,0.3550644690621785,0.36285223113317455,0.14460643493999426,0.41239638097984577,0.6082289392841873,0.0659764730693021,0.10128938124356957,0.5628753394631301,0.18712466053686994,187.12466053686992,0.18712466053686994,187.12466053686992,0.5569793993083683,0.05697939930836826,56.97939930836826,-0.05697939930836826,-56.97939930836826,False,350.15638581038803,1298.6607782169908,1648.8171640273788,main,BO,0.75,79,bo,matern,ei,13349,100,20,0.46438090002629906,0.1326126999920234,0.008404099964536726,0.6055346000939608,703.2683057843595,5000,4000,1000,63.793210526590975,111.88420246317199,6.489088198782522,False
4613.983225838454,0.13745614151221308,0.11597010538377345,1.800306005314722,0.09439425549622509,0.3526736799096526,0.8897094930967013,0.10701754717775169,0.04562887252506698,0.26676866843824065,0.14647518320750275,0.05347359819305264,0.5674372557677763,0.18256274423222374,182.56274423222374,0.18256274423222374,182.56274423222374,0.4622014620741158,0.0,0.0,0.037798537925884224,37.798537925884226,True,333.2915558160034,0.0,333.2915558160034,main,BO,0.75,80,bo,matern,ei,13349,100,20,0.5021028000628576,0.16652279999107122,0.01059039996471256,0.6793484999798238,1051.6196829113603,5000,4000,1000,63.793210526590975,111.88420246317199,6.489088198782522,False
1759.9772496442881,0.1165378063137358,0.2863456325164714,1.4296915507196926,0.09018355257144124,0.3985597373392554,0.07427921418408234,0.04725087518210225,0.532416092904204,0.1432305169065642,0.006118419048041446,0.9711947467851078,0.6449628969202774,0.10503710307972258,105.03710307972258,0.10503710307972258,105.03710307972258,0.516778842808168,0.016778842808167993,16.778842808167994,-0.016778842808167993,-16.778842808167994,False,110.32793023380265,112.61182639248432,222.93975662628696,main,BO,0.75,81,bo,matern,ei,13349,100,20,0.34158809995278716,0.16707269998732954,0.008919399930164218,0.5177128999494016,1405.4302304220473,5000,4000,1000,63.793210526590975,111.88420246317199,6.489088198782522,False
4855.625000994114,0.17886304804782457,0.44822400738291346,2.3828915107372586,0.09072166567973436,0.3865170379885324,0.9587500002840325,0.22532299442235593,0.9949257353797528,0.4609638369124196,0.0240555226578123,0.7303407597706468,0.5877037982698624,0.1622962017301376,162.2962017301376,0.1622962017301376,162.2962017301376,0.5051150946913312,0.005115094691331201,5.115094691331201,-0.005115094691331201,-5.115094691331201,False,263.4005709602952,10.465677480513856,273.8662484408091,main,BO,0.75,82,bo,matern,ei,13349,100,20,0.547265800065361,0.1053302000509575,0.010413200012408197,0.663155399961397,1152.2202174080787,5000,4000,1000,63.793210526590975,111.88420246317199,6.489088198782522,False
4695.864771247421,0.14103343895369846,0.36431189794656327,2.3253657963944527,0.0929400004859485,0.3552298126167525,0.9131042203564059,0.11723839701056704,0.755176851275895,0.4417885987981509,0.09800001619828347,0.10459625233505065,0.5624357318142033,0.18756426818579675,187.56426818579675,0.18756426818579675,187.56426818579675,0.47850099430821236,0.0,0.0,0.021499005691787643,21.499005691787644,True,351.8035470007348,0.0,351.8035470007348,main,BO,0.75,83,bo,matern,ei,13349,100,20,0.5227802000008523,0.21748490002937615,0.013390399981290102,0.7537975999293849,1142.7508312711739,5000,4000,1000,63.793210526590975,111.88420246317199,6.489088198782522,False
1598.207627294225,0.34432659546432753,0.4426507344344217,1.038562611304406,0.1197513543065562,0.3691677982637174,0.028059322084064253,0.6980759870409359,0.979002098384062,0.012854203768135286,0.9917118102185402,0.383355965274348,0.6791998026755665,0.07080019732443354,70.80019732443354,0.07080019732443354,70.80019732443354,0.5174432901249871,0.017443290124987132,17.443290124987133,-0.017443290124987132,-17.443290124987133,False,50.126679411787265,121.70734815378944,171.83402756557672,main,BO,0.75,84,bo,matern,ei,13349,100,20,0.27499219996389,0.16702969989273697,0.008621099987067282,0.45079799997620285,855.7825416829759,5000,4000,1000,63.793210526590975,111.88420246317199,6.489088198782522,False
4793.809289913783,0.17581409047197397,0.2647655328533687,1.6161504192468197,0.09266157052455061,0.3564742327126885,0.9410883685467952,0.21661168706278278,0.47075866529533905,0.20538347308227323,0.08871901748502031,0.1294846542537711,0.5707325747547335,0.1792674252452665,179.2674252452665,0.1792674252452665,179.2674252452665,0.4586331225410388,0.0,0.0,0.041366877458961226,41.36687745896123,True,321.36809754067224,0.0,321.36809754067224,main,BO,0.75,85,bo,matern,ei,13349,100,20,0.4900370999239385,0.2547687999904156,0.01067490002606064,0.7556389999808744,868.8795914788016,5000,4000,1000,63.793210526590975,111.88420246317199,6.489088198782522,False
1621.5599387777092,0.4458907902784537,0.22038909398002454,3.9342471464264164,0.11988252309657071,0.36291272343790304,0.03473141107934552,0.9882594007955819,0.34396883994292726,0.9780823821421388,0.996084103219024,0.25825446875806146,0.6030180613208254,0.14698193867917464,146.98193867917465,0.14698193867917464,146.98193867917465,0.4978520993356346,0.0,0.0,0.0021479006643653764,2.1479006643653764,True,216.03690297888653,0.0,216.03690297888653,main,BO,0.75,86,bo,matern,ei,13349,100,20,0.3574379999190569,0.20455879997462034,0.014425500063225627,0.5765590000664815,987.4520800449441,5000,4000,1000,63.793210526590975,111.88420246317199,6.489088198782522,False
2998.199946256387,0.3773336198356677,0.42859994010618707,2.743428599672143,0.1199007347038282,0.3582970040704273,0.4280571275018249,0.7923817709590507,0.9388569717319631,0.5811428665573809,0.9966911567942732,0.16594008140854632,0.6166010144611412,0.13339898553885876,133.39898553885877,0.13339898553885876,133.39898553885877,0.49766688435923145,0.0,0.0,0.002333115640768546,2.333115640768546,True,177.95289342796647,0.0,177.95289342796647,main,BO,0.75,87,bo,matern,ei,13349,100,20,0.4132839000085369,0.11822879989631474,0.008785500074736774,0.5404354999773204,758.7137978214412,5000,4000,1000,63.793210526590975,111.88420246317199,6.489088198782522,False
2064.7148403980045,0.30282112082445467,0.44469595711851984,2.731636622257362,0.10926638107103427,0.37146918146901886,0.1613470972565727,0.579488916641299,0.9848455917671994,0.5772122074191207,0.6422127023678093,0.429383629380377,0.6196318914841359,0.1303681085158641,130.36810851586412,0.1303681085158641,130.36810851586412,0.5186525625384718,0.018652562538471806,18.652562538471805,-0.018652562538471806,-18.652562538471805,False,169.95843718004122,139.16723570064073,309.1256728806819,main,BO,0.75,88,bo,matern,ei,13349,100,20,0.3928606000263244,0.1346116999629885,0.011701300041750073,0.539313199929893,745.0564593436893,5000,4000,1000,63.793210526590975,111.88420246317199,6.489088198782522,False
4452.270254886846,0.23672873044294382,0.20375477507861636,3.895026914409506,0.09050483966697588,0.3810007815608262,0.8435057871105275,0.39065351555126804,0.2964422145103325,0.9650089714698353,0.016827988899196122,0.6200156312165237,0.5634559791526644,0.18654402084733557,186.54402084733556,0.18654402084733557,186.54402084733556,0.5366846801224777,0.03668468012247772,36.68468012247772,-0.03668468012247772,-36.68468012247772,False,347.98671713891173,538.3063022754047,886.2930194143164,main,BO,0.75,89,bo,matern,ei,13349,100,20,0.6050138999707997,0.20490660006180406,0.008879699977114797,0.8189559000311419,1057.3138006925387,5000,4000,1000,63.793210526590975,111.88420246317199,6.489088198782522,False
2008.4367588410494,0.3198391410439332,0.3834749269211619,3.901937883370342,0.0932319568016652,0.3916495314667147,0.14526764538315695,0.6281118315540948,0.8099283626318912,0.967312627790114,0.10773189338884015,0.8329906293342944,0.5907030230044363,0.15929697699556367,159.29697699556365,0.15929697699556367,159.29697699556365,0.5115789661424064,0.011578966142406388,11.578966142406388,-0.011578966142406388,-11.578966142406388,False,253.75526879925138,53.62898277079739,307.3842515700488,main,BO,0.75,90,bo,matern,ei,13349,100,20,0.5114165999693796,0.28269010002259165,0.012412299984134734,0.8066908000037074,727.0193198085105,5000,4000,1000,63.793210526590975,111.88420246317199,6.489088198782522,False
4439.786930153702,0.25688196269356356,0.19492623615776974,2.212737977950107,0.09023284385757367,0.3541306072599995,0.8399391229010578,0.4482341791244674,0.27121781759362784,0.4042459926500356,0.007761461919122414,0.08261214519999083,0.5526467552935865,0.19735324470641347,197.35324470641348,0.19735324470641347,197.35324470641348,0.4638921879667826,0.0,0.0,0.03610781203321739,36.10781203321739,True,389.4830319614951,0.0,389.4830319614951,main,BO,0.75,91,bo,matern,ei,13349,100,20,0.5635047999676317,0.23484849999658763,0.013499099994078279,0.8120164000429213,897.6111034939493,5000,4000,1000,63.793210526590975,111.88420246317199,6.489088198782522,False
1712.0220241360194,0.3663461380784663,0.4472391333764134,1.2279198889402259,0.09050711370449797,0.36162371545328365,0.06057772118171978,0.7609889659384751,0.9921118096468955,0.07597329631340866,0.016903790149932596,0.2324743090656729,0.5882480755250677,0.16175192447493225,161.75192447493225,0.16175192447493225,161.75192447493225,0.4707932642515605,0.0,0.0,0.029206735748439516,29.206735748439517,True,261.63685071344185,0.0,261.63685071344185,main,BO,0.75,92,bo,matern,ei,13349,100,20,0.33664729993324727,0.21231480001006275,0.00998299999628216,0.5591023999731988,817.1516799669744,5000,4000,1000,63.793210526590975,111.88420246317199,6.489088198782522,False
1960.530078628674,0.4109080540973534,0.21499233258917644,2.8442059131844286,0.1197496522540406,0.38585472192514936,0.1315800224653354,0.8883087259924384,0.32854952168336127,0.6147353043948095,0.991655075134687,0.7170944385029867,0.6432804808844638,0.10671951911553623,106.71951911553623,0.10671951911553623,106.71951911553623,0.5215157452359114,0.021515745235911377,21.515745235911375,-0.021515745235911377,-21.515745235911375,False,113.89055760251304,185.17091722265724,299.0614748251703,main,BO,0.75,93,bo,matern,ei,13349,100,20,0.3550981000298634,0.2926988999824971,0.012645700015127659,0.660592700005509,807.9093308854707,5000,4000,1000,63.793210526590975,111.88420246317199,6.489088198782522,False
2346.516714395992,0.1820073936393229,0.3034078071878187,1.0,0.12,0.3582030743396634,0.2418619183988549,0.234306838969494,0.5811651633937676,0.0,1.0,0.16406148679326862,0.6755866906917795,0.07441330930822054,74.41330930822055,0.07441330930822054,74.41330930822055,0.5044730157588955,0.004473015758895471,4.473015758895471,-0.004473015758895471,-4.473015758895471,False,55.373406022009014,8.003147991730891,63.376554013739906,main,BO,0.75,94,bo,matern,ei,13349,100,20,0.41731139994226396,0.3123891999712214,0.014583999989554286,0.7444300000788644,736.3460448370967,5000,4000,1000,63.376554013739906,111.88420246317199,6.489088198782522,True
2273.310565331296,0.23041980330921127,0.31771900103039774,1.0,0.12,0.353215381745747,0.22094587580894173,0.3726280094548894,0.6220542886582794,0.0,1.0,0.06430763491494094,0.6674105594505431,0.08258944054945694,82.58944054945694,0.08258944054945694,82.58944054945694,0.49859458189914413,0.0,0.0,0.0014054181008558708,1.4054181008558708,True,68.21015690272282,0.0,68.21015690272282,main,BO,0.75,95,bo,matern,ei,13349,100,20,0.37677580001764,0.26925499993376434,0.01059650001116097,0.6567693999968469,777.5202958603245,5000,4000,1000,63.376554013739906,82.58944054945694,1.4054181008558708,False
2308.136005194843,0.3622920165502246,0.2701876447752892,3.972980501265094,0.11956439132836384,0.3808781855533913,0.23089600148424083,0.7494057615720703,0.4862504136436836,0.9909935004216981,0.9854797109454617,0.6175637110678265,0.625519270807684,0.12448072919231601,124.480729192316,0.12448072919231601,124.480729192316,0.5219889691590083,0.021988969159008276,21.988969159008278,-0.021988969159008276,-21.988969159008278,False,154.95451940250715,193.40590587032688,348.36042527283405,main,BO,0.75,96,bo,matern,ei,13349,100,20,0.46351410006172955,0.23517220001667738,0.01417889993172139,0.7130151999881491,710.620594720652,5000,4000,1000,63.376554013739906,82.58944054945694,1.4054181008558708,False
4472.989807616493,0.16219147777899173,0.4265943490250369,2.978908381752898,0.09339047905917773,0.3885925274377898,0.8494256593189979,0.17768993651140497,0.9331267115001056,0.659636127250966,0.113015968639258,0.7718505487557962,0.5900131297155968,0.15998687028440317,159.98687028440318,0.15998687028440317,159.98687028440318,0.5460359740573189,0.04603597405731885,46.03597405731885,-0.04603597405731885,-46.03597405731885,False,255.95798663398446,847.7243629624537,1103.6823495964381,main,BO,0.75,97,bo,matern,ei,13349,100,20,0.5626767000649124,0.28844159992877394,0.011450199992395937,0.8627124999184161,2527.6595643581577,5000,4000,1000,63.376554013739906,82.58944054945694,1.4054181008558708,False
2946.76644218392,0.32584983747612983,0.4343882862552434,3.091076002087711,0.1151770043830109,0.3592725322177367,0.4133618406239771,0.6452852499317995,0.9553951035864099,0.697025334029237,0.8392334794336969,0.18545064435473435,0.6051471085821631,0.14485289141783686,144.85289141783687,0.14485289141783686,144.85289141783687,0.5086055011449114,0.008605501144911432,8.605501144911432,-0.008605501144911432,-8.605501144911432,False,209.82360152107634,29.621859982028784,239.44546150310512,main,BO,0.75,98,bo,matern,ei,13349,100,20,0.4457581000169739,0.16423280001617968,0.010141200036741793,0.6202723999740556,652.6733916325446,5000,4000,1000,63.376554013739906,82.58944054945694,1.4054181008558708,False
1891.1959262204066,0.2352960187115455,0.2615890886698339,2.4783192471951034,0.090031221750192,0.3798648300315525,0.11177026463440187,0.38656005346155864,0.4616831104852396,0.4927730823983678,0.0010407250064002893,0.5972966006310503,0.5928409289107439,0.15715907108925609,157.1590710892561,0.15715907108925609,157.1590710892561,0.5281056854588465,0.028105685458846508,28.10568545884651,-0.028105685458846508,-28.10568545884651,False,246.98973625637845,315.9718220446464,562.9615583010249,main,BO,0.75,99,bo,matern,ei,13349,100,20,0.3767319000326097,0.2521118000149727,0.013283699983730912,0.6422710999613628,610.8830337352058,5000,4000,1000,63.376554013739906,82.58944054945694,1.4054181008558708,False
1643.6870157774451,0.10153662011854528,0.4101737350385031,1.4394000614408649,0.10381591718075406,0.3515297016204751,0.04105343307927001,0.004390343195843638,0.8862106715385804,0.146466687146955,0.4605305726918023,0.03059403240950176,0.6447711118306254,0.10522888816937459,105.22888816937459,0.10522888816937459,105.22888816937459,0.4912313618147389,0.0,0.0,0.00876863818526108,8.768638185261079,True,110.73118905362742,0.0,110.73118905362742,main,BO,0.75,100,bo,matern,ei,13349,100,20,0.34342569997534156,0.26265729998704046,0.010203200043179095,0.6164258999051526,756.499290952112,5000,4000,1000,63.376554013739906,82.58944054945694,1.4054181008558708,False
