Kr,hr,f0,f1,A,x_r_start,u_Kr,u_hr,u_f0,u_f1,u_A,u_x_r_start,peak_y_true,target_error_m,target_error_mm,reachability_gap_m,reachability_gap_mm,max_abs_xr_true,constraint_violation_abs_m,constraint_violation_abs_mm,residual_margin_m,residual_margin_mm,feasible_abs,tracking_cost,constraint_cost,J_true,run_label,method,target,iteration,phase,kernel,acquisition,seed,total_budget,initial_points,simulation_time_s,gp_fit_time_s,acquisition_time_s,iteration_time_s,acquisition_score,candidate_pool_size,candidate_pool_global,candidate_pool_local,best_J_so_far,best_feasible_error_so_far_mm,best_feasible_margin_so_far_mm,is_current_best_J
4159.796679732415,0.3089298301861576,0.13984419855956987,2.7460004893137446,0.10204042409111592,0.36837091711990766,0.7599419084949757,0.5969423719604504,0.11384056731305672,0.5820001631045815,0.40134746970386415,0.3674183423981534,0.5838669925895876,0.06613300741041239,66.13300741041239,0.06613300741041239,66.13300741041239,0.500366576632892,0.0003665766328919684,0.3665766328919684,-0.0003665766328919684,-0.3665766328919684,False,43.7357466914566,0.05375137111296519,43.789498062569564,main,BO,0.65,1,initial_lhs,matern,ei,13347,100,20,0.42410689999815077,0.0,0.0,0.42415039998013526,,0,0,0,43.789498062569564,,,True
3239.456244414998,0.2586711324048039,0.3033018596034541,2.363834023917423,0.0995108860145807,0.3700279738536001,0.49698749840428513,0.45334609258515385,0.580862456009869,0.45461134130580766,0.3170295338193571,0.40055947707200146,0.5939691875402314,0.0560308124597686,56.0308124597686,0.0560308124597686,56.0308124597686,0.5046189326042549,0.004618932604254944,4.618932604254944,-0.004618932604254944,-4.618932604254944,False,31.3945194490176,8.533815361059743,39.928334810077345,main,BO,0.65,2,initial_lhs,matern,ei,13347,100,20,0.40862679993733764,0.0,0.0,0.4086726000532508,,0,0,0,39.928334810077345,,,True
2842.0869316683284,0.21921485439506105,0.37945831635667304,3.7015369550528447,0.09042299704338294,0.3924452144220574,0.38345340904809383,0.34061386970017443,0.7984523324476374,0.9005123183509482,0.014099901446098318,0.848904288441147,0.5836648548086727,0.06633514519132733,66.33514519132733,0.06633514519132733,66.33514519132733,0.5555712738915249,0.05557127389152494,55.57127389152494,-0.05557127389152494,-55.57127389152494,False,44.00351487554477,1235.2665927707524,1279.2701076462972,main,BO,0.65,3,initial_lhs,matern,ei,13347,100,20,0.452077699941583,0.0,0.0,0.4521234000567347,,0,0,0,39.928334810077345,,,False
3641.708735568769,0.19108709783166605,0.42092535489785354,3.333292875901561,0.10155526634288917,0.397375252121318,0.6119167815910769,0.26024885094761724,0.9169295854224387,0.7777642919671871,0.38517554476297244,0.9475050424263604,0.6154345510947481,0.03456544890525193,34.56544890525193,0.03456544890525193,34.56544890525193,0.6008888527954689,0.10088885279546889,100.88885279546889,-0.10088885279546889,-100.88885279546889,False,11.947702580215816,4071.424247354316,4083.3719499345316,main,BO,0.65,4,initial_lhs,matern,ei,13347,100,20,0.47806320001836866,0.0,0.0,0.4781028999714181,,0,0,0,39.928334810077345,,,False
4581.159922758572,0.4422556741447937,0.10422576932545934,2.077946303012104,0.1162386153782202,0.3799908377612118,0.8803314065024491,0.9778733546994106,0.012073626644169532,0.359315434337368,0.8746205126073401,0.599816755224235,0.6283265293461835,0.02167347065381653,21.67347065381653,0.02167347065381653,21.67347065381653,0.5034935613993262,0.003493561399326217,3.493561399326217,-0.003493561399326217,-3.493561399326217,False,4.697393301818463,4.881988500344862,9.579381802163326,main,BO,0.65,5,initial_lhs,matern,ei,13347,100,20,0.33139279996976256,0.0,0.0,0.3314359000651166,,0,0,0,9.579381802163326,,,True
1864.446251523916,0.10878043200882853,0.38305123548563447,1.8131773952027426,0.11830500741187384,0.3889044446324002,0.10412750043540456,0.02508694859665292,0.8087178156732413,0.27105913173424756,0.9435002470624617,0.778088892648004,0.7013450557276597,0.05134505572765968,51.345055727659684,0.0,0.0,0.5696465207387384,0.06964652073873845,69.64652073873845,-0.06964652073873845,-69.64652073873845,False,26.36314747676478,1940.2551404046098,1966.6182878813747,main,BO,0.65,6,initial_lhs,matern,ei,13347,100,20,0.33003119996283203,0.0,0.0,0.3300762999569997,,0,0,0,9.579381802163326,,,False
4444.372018840557,0.4214313121059372,0.2704489386360498,1.159054820074667,0.11077314293242128,0.36258660696830464,0.8412491482401592,0.9183751774455349,0.48699696753157085,0.0530182733582224,0.6924380977473764,0.2517321393660929,0.6197551180125525,0.03024488198744757,30.24488198744757,0.03024488198744757,30.24488198744757,0.4818362914045056,0.0,0.0,0.018163708595494377,18.163708595494377,True,9.147528864346304,0.0,9.147528864346304,main,BO,0.65,7,initial_lhs,matern,ei,13347,100,20,0.3095043000066653,0.0,0.0,0.30955120001453906,,0,0,0,9.147528864346304,30.24488198744757,18.163708595494377,True
1525.9672643361046,0.1341235581748022,0.2572813865280863,2.019651940874587,0.10894986059087858,0.3593900773677109,0.007419218381744192,0.0974958804994349,0.44937539008024646,0.3398839802915291,0.6316620196959529,0.18780154735421864,0.6499751460778666,2.485392213347204e-05,0.02485392213347204,2.485392213347204e-05,0.02485392213347204,0.5730811171052129,0.07308111710521292,73.08111710521293,-0.07308111710521292,-73.08111710521293,False,6.1771744541669136e-06,2136.3398709383378,2136.339877115512,main,BO,0.65,8,initial_lhs,matern,ei,13347,100,20,0.31283529999200255,0.0,0.0,0.3128840000135824,,0,0,0,9.147528864346304,30.24488198744757,18.163708595494377,False
2603.9667708197476,0.3195627989780832,0.4139547966366638,2.8090506440856293,0.09317870829341268,0.3731529951315178,0.3154190773770708,0.6273222827945235,0.8970137046761822,0.6030168813618764,0.1059569431137561,0.4630599026303558,0.5775278928443248,0.0724721071556752,72.4721071556752,0.0724721071556752,72.4721071556752,0.49509167518841996,0.0,0.0,0.004908324811580045,4.908324811580044,True,52.52206315583668,0.0,52.52206315583668,main,BO,0.65,9,initial_lhs,matern,ei,13347,100,20,0.37324760004412383,0.0,0.0,0.37329199991654605,,0,0,0,9.147528864346304,30.24488198744757,18.163708595494377,False
2527.2043199869104,0.15923305195800475,0.22358515694453812,1.7262241770751603,0.09529003758105488,0.3770116074339938,0.29348694856768864,0.16923729130858495,0.35310044841296606,0.2420747256917201,0.1763345860351628,0.5402321486798767,0.6109630045291222,0.0390369954708778,39.0369954708778,0.0390369954708778,39.0369954708778,0.4978936630702792,0.0,0.0,0.002106336929720787,2.106336929720787,True,15.23887015393334,0.0,15.23887015393334,main,BO,0.65,10,initial_lhs,matern,ei,13347,100,20,0.34902269998565316,0.0,0.0,0.34906559996306896,,0,0,0,9.147528864346304,30.24488198744757,18.163708595494377,False
2202.1312659053183,0.3443722473808271,0.17019155281817944,3.8904243636683393,0.1054703529415512,0.3608709433607643,0.20060893311580524,0.6982064210880775,0.20054729376622699,0.9634747878894464,0.5156784313850401,0.217418867215286,0.5785882332645139,0.0714117667354861,71.41176673548611,0.0714117667354861,71.41176673548611,0.489784422424626,0.0,0.0,0.010215577575374002,10.215577575374002,True,50.996404282834796,0.0,50.996404282834796,main,BO,0.65,11,initial_lhs,matern,ei,13347,100,20,0.37481549999210984,0.0,0.0,0.3748569000745192,,0,0,0,9.147528864346304,30.24488198744757,18.163708595494377,False
3567.4141357101735,0.27776700930304266,0.15761087602587703,3.694947457872349,0.09286010526243987,0.3930480661611843,0.5906897530600496,0.5079057408658361,0.16460250293107725,0.898315819290783,0.09533684208132905,0.860961323223686,0.5836977607083128,0.06630223929168721,66.30223929168721,0.06630223929168721,66.30223929168721,0.5312120136942949,0.031212013694294938,31.21201369429494,-0.031212013694294938,-31.21201369429494,False,43.95986935092152,389.6759195411419,433.63578889206343,main,BO,0.65,12,initial_lhs,matern,ei,13347,100,20,0.4535413000266999,0.0,0.0,0.4535801000893116,,0,0,0,9.147528864346304,30.24488198744757,18.163708595494377,False
2975.6651213495916,0.399662019053037,0.12658027357227725,2.2354137503900473,0.09815828908175182,0.3810738155342988,0.42161860609988333,0.8561771972943915,0.075943638777935,0.41180458346334914,0.2719429693917276,0.6214763106859764,0.5948165493302895,0.05518345066971053,55.18345066971053,0.05518345066971053,55.18345066971053,0.48978960243809344,0.0,0.0,0.010210397561906559,10.210397561906559,True,30.452132278163752,0.0,30.452132278163752,main,BO,0.65,13,initial_lhs,matern,ei,13347,100,20,0.31988369999453425,0.0,0.0,0.3199282999848947,,0,0,0,9.147528864346304,30.24488198744757,18.163708595494377,False
3971.2973574644816,0.1807877390351133,0.3272403174497776,1.5440615831520712,0.10399404931643282,0.3522336625903171,0.7060849592755661,0.23082211152889515,0.6492580498565075,0.1813538610506904,0.4664683105477607,0.04467325180634167,0.5992112161182621,0.05078878388173791,50.788783881737906,0.05078878388173791,50.788783881737906,0.468703743565912,0.0,0.0,0.03129625643408801,31.29625643408801,True,25.7950056818588,0.0,25.7950056818588,main,BO,0.65,14,initial_lhs,matern,ei,13347,100,20,0.4074188000522554,0.0,0.0,0.40746999997645617,,0,0,0,9.147528864346304,30.24488198744757,18.163708595494377,False
4681.91947298414,0.24352143413470112,0.29223078357504817,1.3229038561207471,0.11240399138166748,0.3562330753654043,0.90911984942404,0.41006124038486036,0.5492308102144233,0.10763461870691571,0.7467997127222499,0.12466150730808583,0.6211405465147574,0.02885945348524266,28.85945348524266,0.02885945348524266,28.85945348524266,0.47946425247561686,0.0,0.0,0.02053574752438314,20.53574752438314,True,8.328680554668846,0.0,8.328680554668846,main,BO,0.65,15,initial_lhs,matern,ei,13347,100,20,0.41860380000434816,0.0,0.0,0.4186506000114605,,0,0,0,8.328680554668846,28.85945348524266,20.53574752438314,True
3407.313189848269,0.34801664600463056,0.3468485895703051,2.504031238687409,0.10703800045335804,0.3987306335049433,0.5449466256709339,0.7086189885846589,0.7052816844865861,0.5013437462291362,0.5679333484452682,0.9746126700988654,0.6325472624591675,0.01745273754083254,17.45273754083254,0.01745273754083254,17.45273754083254,0.5283769195599922,0.02837691955999222,28.37691955999222,-0.02837691955999222,-28.37691955999222,False,3.045980476691855,322.09982548570764,325.1458059623995,main,BO,0.65,16,initial_lhs,matern,ei,13347,100,20,0.382392100058496,0.0,0.0,0.3824435999849811,,0,0,0,8.328680554668846,28.85945348524266,20.53574752438314,False
1748.9872393373814,0.226619050651444,0.4402515916520021,1.0375806304685509,0.09628797335175024,0.3655894487417594,0.07113921123925182,0.36176871614698286,0.9721474047200059,0.012526876822850303,0.20959911172500809,0.31178897483518864,0.6295913608079569,0.020408639192043165,20.408639192043164,0.020408639192043165,20.408639192043164,0.48902162192399945,0.0,0.0,0.01097837807600055,10.97837807600055,True,4.165125536710003,0.0,4.165125536710003,main,BO,0.65,17,initial_lhs,matern,ei,13347,100,20,0.28300639998633415,0.0,0.0,0.2830526001052931,,0,0,0,4.165125536710003,20.408639192043164,10.97837807600055,True
4917.893602885022,0.3902830239538151,0.2096133614755773,3.4771558347528027,0.11499666908375657,0.38690978406272586,0.9765410293957206,0.8293800684394718,0.3131810327873637,0.8257186115842675,0.8332223027918856,0.7381956812545168,0.6154124675926411,0.0345875324073589,34.5875324073589,0.0345875324073589,34.5875324073589,0.5197236923430806,0.01972369234308058,19.72369234308058,-0.01972369234308058,-19.72369234308058,False,11.962973980301022,155.6096158577982,167.57258983809922,main,BO,0.65,18,initial_lhs,matern,ei,13347,100,20,0.44314280000980943,0.0,0.0,0.44318760000169277,,0,0,0,4.165125536710003,20.408639192043164,10.97837807600055,False
2190.116499525662,0.37639643437165315,0.20257681322852517,3.1248218718973693,0.11284117252823853,0.38399515108859233,0.19717614272161782,0.7897040982047233,0.2930766092243576,0.7082739572991231,0.7613724176079512,0.6799030217718465,0.6241478961070532,0.025852103892946787,25.852103892946786,0.025852103892946787,25.852103892946786,0.5131194036672967,0.013119403667296692,13.119403667296691,-0.013119403667296692,-13.119403667296691,False,6.683312756917144,68.84750103419115,75.5308137911083,main,BO,0.65,19,initial_lhs,matern,ei,13347,100,20,0.33753860008437186,0.0,0.0,0.33758229995146394,,0,0,0,4.165125536710003,20.408639192043164,10.97837807600055,False
3829.554577989904,0.13630424704331812,0.3448245695267374,2.9806031622908398,0.11912686891676405,0.3536842691198709,0.6655870222828297,0.10372642012376607,0.6994987700763926,0.6602010540969466,0.9708956305588018,0.07368538239741781,0.611181231110663,0.038818768889336996,38.818768889336994,0.038818768889336996,38.818768889336994,0.587530959887886,0.08753095988788595,87.53095988788596,-0.08753095988788595,-87.53095988788596,False,15.06896818083758,3064.667575557879,3079.7365437387166,main,BO,0.65,20,initial_lhs,matern,ei,13347,100,20,0.48121030000038445,0.0,0.0,0.4812548999907449,,0,0,0,4.165125536710003,20.408639192043164,10.97837807600055,False
4815.5487805412595,0.208610382639004,0.3229624255510649,1.6284392874075972,0.09215267358768937,0.36283688934108616,0.9472996515832169,0.31031537896858286,0.6370355015744712,0.20947976246919908,0.0717557862563124,0.256737786821723,0.5759418264948256,0.07405817350517441,74.05817350517441,0.07405817350517441,74.05817350517441,0.4638756766562705,0.0,0.0,0.0361243233437295,36.1243233437295,True,54.846130629225165,0.0,54.846130629225165,main,BO,0.65,21,bo,matern,ei,13347,100,20,0.4260974999051541,0.04208190005738288,0.00317949999589473,0.4714504999574274,395.99572220922573,5000,4000,1000,4.165125536710003,20.408639192043164,10.97837807600055,False
1721.9467306976524,0.14897883451165445,0.44999999999999996,1.0,0.09450459756075534,0.3675101215693057,0.06341335162790068,0.13993952717615551,1.0,0.0,0.1501532520251782,0.3502024313861142,0.6386511024788091,0.011348897521190948,11.348897521190949,0.011348897521190948,11.348897521190949,0.4929634148265546,0.0,0.0,0.007036585173445409,7.036585173445409,True,1.2879747494649405,0.0,1.2879747494649405,main,BO,0.65,22,bo,matern,ei,13347,100,20,0.2900837000925094,0.06409680005162954,0.003692799946293235,0.35800889995880425,423.59159459224526,5000,4000,1000,1.2879747494649405,11.348897521190949,7.036585173445409,True
3920.1378409380986,0.2772450471575849,0.19800310394293186,1.7815745614767307,0.09974013468157458,0.35888155070114164,0.6914679545537424,0.5064144204502427,0.2800088684083767,0.2605248538255769,0.3246711560524863,0.17763101402283288,0.5858363140761346,0.06416368592386545,64.16368592386546,0.06416368592386545,64.16368592386546,0.47120348288368846,0.0,0.0,0.028796517116311537,28.796517116311538,True,41.1697859133645,0.0,41.1697859133645,main,BO,0.65,23,bo,matern,ei,13347,100,20,0.3959057000465691,0.03419390006456524,0.003060600021854043,0.43325669993646443,350.8984423075359,5000,4000,1000,1.2879747494649405,11.348897521190949,7.036585173445409,False
2173.283012920117,0.44329658562572705,0.40294104398300734,3.362329081010312,0.09772141098079902,0.3551652117255546,0.1923665751200334,0.9808473875020773,0.8655458399514496,0.7874430270034374,0.2573803660266343,0.10330423451109216,0.558123751154612,0.09187624884538803,91.87624884538803,0.09187624884538803,91.87624884538803,0.4634104377392275,0.0,0.0,0.03658956226077248,36.58956226077248,True,84.41245101899665,0.0,84.41245101899665,main,BO,0.65,24,bo,matern,ei,13347,100,20,0.33052560000214726,0.07675800006836653,0.003119400003924966,0.41050570004153997,324.7692431133806,5000,4000,1000,1.2879747494649405,11.348897521190949,7.036585173445409,False
2730.6919038644937,0.19541123975089314,0.2621178846672356,1.2935363903051837,0.10045210218812953,0.36897581051125333,0.3516262582469982,0.27260354214540894,0.4631939561921017,0.09784546343506129,0.3484034062709843,0.37951621022506665,0.6205923496148196,0.02940765038518045,29.40765038518045,0.02940765038518045,29.40765038518045,0.48714574957705026,0.0,0.0,0.012854250422949742,12.854250422949743,True,8.64809901177004,0.0,8.64809901177004,main,BO,0.65,25,bo,matern,ei,13347,100,20,0.34103860007598996,0.08294570003636181,0.003624300006777048,0.4277122999774292,306.74390874355953,5000,4000,1000,1.2879747494649405,11.348897521190949,7.036585173445409,False
3322.9223207435944,0.4470114024897277,0.14940189706819867,1.5283542827402967,0.09181699085376491,0.35105461248657843,0.5208349487838841,0.9914611499706507,0.14114827733771051,0.1761180942467656,0.06056636179216357,0.021092249731568757,0.5569386901170236,0.09306130988297645,93.06130988297645,0.09306130988297645,93.06130988297645,0.4509043541409776,0.0,0.0,0.049095645859022374,49.095645859022376,True,86.60407397135369,0.0,86.60407397135369,main,BO,0.65,26,bo,matern,ei,13347,100,20,0.27516359998844564,0.08962689992040396,0.0034238999942317605,0.3683213999029249,289.1512539146013,5000,4000,1000,1.2879747494649405,11.348897521190949,7.036585173445409,False
3781.501165828672,0.361523033680885,0.35979593857323033,3.991055869466861,0.0904285509830949,0.38880981902388284,0.6518574759510491,0.7472086676596715,0.7422741102092296,0.9970186231556203,0.01428503276982973,0.776196380477657,0.5705047076900015,0.07949529230999852,79.49529230999852,0.07949529230999852,79.49529230999852,0.49821366228345804,0.0,0.0,0.0017863377165419636,1.7863377165419636,True,63.1950149945211,0.0,63.1950149945211,main,BO,0.65,27,bo,matern,ei,13347,100,20,0.4379412999842316,0.06839080003555864,0.0033087999327108264,0.5097946999594569,253.0045260523383,5000,4000,1000,1.2879747494649405,11.348897521190949,7.036585173445409,False
4543.489179182176,0.44989315271192587,0.22668205596419452,2.243750063662726,0.09900598152401956,0.3902884120883815,0.8695683369091931,0.999694722034074,0.36194873132627003,0.414583354554242,0.30019938413398517,0.80576824176763,0.6012695289432824,0.04873047105671757,48.730471056717576,0.04873047105671757,48.730471056717576,0.4954080942268756,0.0,0.0,0.004591905773124405,4.591905773124405,True,23.74658809409589,0.0,23.74658809409589,main,BO,0.65,28,bo,matern,ei,13347,100,20,0.3406181000173092,0.04583509999793023,0.004054200020618737,0.3906166999367997,224.59915427350478,5000,4000,1000,1.2879747494649405,11.348897521190949,7.036585173445409,False
4871.55650418533,0.3639665447484087,0.15229043319540533,1.0199712917087975,0.09182066978938523,0.36979600572346955,0.9633018583386658,0.7541901278525965,0.1494012377011581,0.006657097236265841,0.060688992979507805,0.3959201144693909,0.5849047561040492,0.06509524389595078,65.09524389595079,0.06509524389595078,65.09524389595079,0.46885586629316384,0.0,0.0,0.031144133706836163,31.144133706836165,True,42.37390777873317,0.0,42.37390777873317,main,BO,0.65,29,bo,matern,ei,13347,100,20,0.36958499997854233,0.053836600040085614,0.0035513000329956412,0.4270766000263393,231.97216802082787,5000,4000,1000,1.2879747494649405,11.348897521190949,7.036585173445409,False
1545.5444005498543,0.33328011079813613,0.35388094030229256,1.0517397209987418,0.11533873970663301,0.3832900052119664,0.013012685871386931,0.6665146022803891,0.7253741151494072,0.017246573666247267,0.8446246568877673,0.6658001042393271,0.6819984903054362,0.03199849030543622,31.99849030543622,0.0,0.0,0.527296835818004,0.027296835818004017,27.296835818004016,-0.027296835818004017,-27.296835818004016,False,10.23903381827096,298.0468982700268,308.2859320882978,main,BO,0.65,30,bo,matern,ei,13347,100,20,0.2517644999315962,0.0713242000201717,0.004742400022223592,0.3279416000004858,210.60176051793377,5000,4000,1000,1.2879747494649405,11.348897521190949,7.036585173445409,False
1989.3265626647228,0.12997683190718848,0.40018195224914,1.3963520501268063,0.09003334387686321,0.3822124491251323,0.13980758933277793,0.08564809116339567,0.8576627207118286,0.13211735004226877,0.001111462562107035,0.6442489825026455,0.6242999415389054,0.025700058461094577,25.700058461094578,0.025700058461094577,25.700058461094578,0.49658518655517275,0.0,0.0,0.003414813444827247,3.414813444827247,True,6.604930049036789,0.0,6.604930049036789,main,BO,0.65,31,bo,matern,ei,13347,100,20,0.3058938999893144,0.07705060008447617,0.0038183000870049,0.386876100092195,191.91126938914388,5000,4000,1000,1.2879747494649405,11.348897521190949,7.036585173445409,False
4030.548922672354,0.3748220489707884,0.1585738410639212,3.408353655408075,0.10214170813719953,0.35965286144367736,0.7230139779063869,0.7852058542022526,0.16735383161120343,0.8027845518026916,0.4047236045733179,0.19305722887354793,0.5666520931712409,0.08334790682875914,83.34790682875915,0.08334790682875914,83.34790682875915,0.480298501172559,0.0,0.0,0.01970149882744099,19.70149882744099,True,69.46873572735514,0.0,69.46873572735514,main,BO,0.65,32,bo,matern,ei,13347,100,20,0.4323697000509128,0.07351159991230816,0.0037386000622063875,0.5097295000450686,180.75225482580763,5000,4000,1000,1.2879747494649405,11.348897521190949,7.036585173445409,False
1761.2712469947055,0.28981158112946914,0.21972975120246674,2.2610390476385294,0.09127387787720469,0.35525832572714844,0.07464892771277298,0.5423188032270547,0.3420850034356192,0.4203463492128431,0.042462595906823,0.10516651454296899,0.5701095460489299,0.07989045395107008,79.89045395107009,0.07989045395107008,79.89045395107009,0.4807526712722949,0.0,0.0,0.019247328727705126,19.247328727705128,True,63.82484632508049,0.0,63.82484632508049,main,BO,0.65,33,bo,matern,ei,13347,100,20,0.3159937000600621,0.11838060000445694,0.004642700077965856,0.43912410002667457,182.5804367611517,5000,4000,1000,1.2879747494649405,11.348897521190949,7.036585173445409,False
4003.197439102846,0.4496827790340565,0.4252032938377358,1.1662931873051257,0.11917698310922942,0.3608767053857931,0.7151992683150988,0.9990936543830188,0.9291522681078166,0.05543106243504192,0.972566103640981,0.21753410771586157,0.6409169564416943,0.009083043558305692,9.083043558305693,0.009083043558305692,9.083043558305693,0.48963434947857504,0.0,0.0,0.010365650521424963,10.365650521424962,True,0.8250168028207854,0.0,0.8250168028207854,main,BO,0.65,34,bo,matern,ei,13347,100,20,0.28036239999346435,0.039116399944759905,0.0037001000018790364,0.3232880999566987,185.30407840214804,5000,4000,1000,0.8250168028207854,9.083043558305693,10.365650521424962,True
1863.399420217629,0.4432284279211598,0.3107334483222737,2.8064078812337696,0.11784669967063785,0.3652201031891639,0.10382840577646546,0.9806526512033138,0.6020955666350676,0.6021359604112565,0.9282233223545949,0.30440206378327883,0.6165014290032067,0.03349857099679332,33.49857099679332,0.03349857099679332,33.49857099679332,0.49796444179202554,0.0,0.0,0.002035558207974464,2.035558207974464,True,11.221542588272026,0.0,11.221542588272026,main,BO,0.65,35,bo,matern,ei,13347,100,20,0.2904744999250397,0.11001200007740408,0.004006100003607571,0.4046097999671474,152.81231871652665,5000,4000,1000,0.8250168028207854,9.083043558305693,10.365650521424962,False
4785.8323470842315,0.44974907556634547,0.2521491469331445,1.0154526776125044,0.10364807825628428,0.3982943035012709,0.9388092420240661,0.9992830730467013,0.43471184838041277,0.00515089253750145,0.4549359418761425,0.9658860700254172,0.6399825636222333,0.010017436377766753,10.017436377766753,0.010017436377766753,10.017436377766753,0.5090215147550742,0.009021514755074178,9.021514755074179,-0.009021514755074178,-9.021514755074179,False,1.0034903158260469,32.55509139040844,33.55858170623449,main,BO,0.65,36,bo,matern,ei,13347,100,20,0.28687640000134706,0.0843724999576807,0.004800900002010167,0.37615509994793683,163.48014449845394,5000,4000,1000,0.8250168028207854,9.083043558305693,10.365650521424962,False
3191.4928344931714,0.42617740817525374,0.3636253698815025,2.618645786396738,0.09091630189262728,0.35207645409998656,0.4832836669980489,0.9319354519292965,0.7532153425185788,0.5395485954655792,0.030543396420909308,0.04152908199973171,0.5449130344745758,0.10508696552542418,105.08696552542418,0.10508696552542418,105.08696552542418,0.45086657100367644,0.0,0.0,0.04913342899632356,49.13342899632356,True,110.43270323341689,0.0,110.43270323341689,main,BO,0.65,37,bo,matern,ei,13347,100,20,0.3393465999979526,0.09186069993302226,0.004239300033077598,0.43555499997455627,148.31395402126495,5000,4000,1000,0.8250168028207854,9.083043558305693,10.365650521424962,False
3155.0808594976675,0.2764454199436559,0.30500521862312846,1.0077360200068775,0.09053791897578785,0.3922547185328151,0.47288024557076214,0.5041297712675884,0.5857291960660814,0.0025786733356257807,0.017930632526261703,0.8450943706563028,0.6176382911041443,0.03236170889585577,32.36170889585577,0.03236170889585577,32.36170889585577,0.4956055886204212,0.0,0.0,0.0043944113795788,4.3944113795788,True,10.472802026601103,0.0,10.472802026601103,main,BO,0.65,38,bo,matern,ei,13347,100,20,0.33815389999654144,0.1015188000164926,0.0062191999750211835,0.4460105000762269,145.78162493922957,5000,4000,1000,0.8250168028207854,9.083043558305693,10.365650521424962,False
3752.7169209374197,0.4463629755334333,0.29927177239614244,3.9909870132618113,0.10468608306892593,0.3936968747135789,0.6436334059821199,0.9896085015240952,0.5693479211318355,0.9969956710872704,0.4895361022975314,0.8739374942715776,0.5985586382772834,0.05144136172271663,51.44136172271663,0.05144136172271663,51.44136172271663,0.5051239592938378,0.005123959293837799,5.123959293837799,-0.005123959293837799,-5.123959293837799,False,26.46213695887375,10.501983537962701,36.96412049683645,main,BO,0.65,39,bo,matern,ei,13347,100,20,0.3970463000005111,0.0916983000934124,0.005551000009290874,0.4944109000498429,135.25714581329794,5000,4000,1000,0.8250168028207854,9.083043558305693,10.365650521424962,False
3044.93894195766,0.2621281732616536,0.12672651223240816,3.999164560859028,0.09829607614749777,0.35097338440756637,0.4414111262736171,0.46322335217615307,0.07636146352116613,0.9997215202863426,0.27653587158325943,0.019467688151328044,0.5511685837378687,0.09883141626213132,98.83141626213133,0.09883141626213132,98.83141626213133,0.5034623747425607,0.0034623747425607254,3.4623747425607254,-0.0034623747425607254,-3.4623747425607254,False,97.67648840378673,4.79521554316898,102.47170394695571,main,BO,0.65,40,bo,matern,ei,13347,100,20,0.4399305999977514,0.10311379993800074,0.005070400075055659,0.5482247000327334,255.67315133993287,5000,4000,1000,0.8250168028207854,9.083043558305693,10.365650521424962,False
1516.6422167445633,0.24016395452827696,0.3308654162088738,2.020152465930605,0.11981169162961684,0.36857519571575037,0.004754919069875241,0.4004684415093628,0.6596154748824966,0.3400508219768684,0.9937230543205617,0.3715039143150072,0.6710126329065601,0.02101263290656008,21.01263290656008,0.0,0.0,0.5498916313385064,0.04989163133850638,49.89163133850638,-0.04989163133850638,-49.89163133850638,False,4.415307416658515,995.6699510469728,1000.0852584636312,main,BO,0.65,41,bo,matern,ei,13347,100,20,0.30763120006304234,0.10107739991508424,0.005281400051899254,0.41409919993020594,164.99507714937369,5000,4000,1000,0.8250168028207854,9.083043558305693,10.365650521424962,False
4635.646375565615,0.17891384547545885,0.235806647581742,2.3971039957552405,0.09014412448439725,0.37340733199545123,0.8958989644473184,0.2254681299298824,0.38801899309069143,0.46570133191841345,0.00480414947990826,0.46814663990902483,0.5711970503284091,0.07880294967159096,78.80294967159097,0.07880294967159096,78.80294967159097,0.4932721713104686,0.0,0.0,0.006727828689531423,6.727828689531423,True,62.099048769432976,0.0,62.099048769432976,main,BO,0.65,42,bo,matern,ei,13347,100,20,0.521825399948284,0.1350507999304682,0.004766899975948036,0.6617719999048859,348.94848653672756,5000,4000,1000,0.8250168028207854,9.083043558305693,10.365650521424962,False
2138.686646364835,0.21908742736942383,0.4461307717779278,1.7264078281989217,0.10188044467003321,0.3503700879997093,0.18248189896138145,0.34024979248406806,0.988945062222651,0.2421359427329739,0.3960148223344404,0.007401759994186352,0.6060854729437701,0.04391452705622989,43.91452705622989,0.04391452705622989,43.91452705622989,0.47907950113662434,0.0,0.0,0.02092049886337566,20.92049886337566,True,19.284856865723466,0.0,19.284856865723466,main,BO,0.65,43,bo,matern,ei,13347,100,20,0.33885810000356287,0.10955699998885393,0.005972599959932268,0.45450619992334396,310.57062488453215,5000,4000,1000,0.8250168028207854,9.083043558305693,10.365650521424962,False
4519.999895947408,0.236346002889406,0.21397199519081356,2.4880441336804426,0.091374163536926,0.3939950474992734,0.8628571131278308,0.3895600082554457,0.32563427197375305,0.4960147112268142,0.04580545123086677,0.8799009499854669,0.5919031783870973,0.05809682161290275,58.09682161290275,0.05809682161290275,58.09682161290275,0.5139056733812535,0.01390567338125348,13.90567338125348,-0.01390567338125348,-13.90567338125348,False,33.75240681521444,77.34710087444064,111.09950768965508,main,BO,0.65,44,bo,matern,ei,13347,100,20,0.49152270006015897,0.09905129997059703,0.004716200055554509,0.5953977999743074,255.03193628237673,5000,4000,1000,0.8250168028207854,9.083043558305693,10.365650521424962,False
4564.726009984312,0.41320714766650124,0.4441582962613907,2.93518925259977,0.09519763445844247,0.35915914991110315,0.8756360028526606,0.8948775647614321,0.9833094178896877,0.6450630841999232,0.17325448194808246,0.18318299822206374,0.557878849484776,0.09212115051522407,92.12115051522407,0.09212115051522407,92.12115051522407,0.4647921714578689,0.0,0.0,0.035207828542131114,35.20782854213111,True,84.86306372248568,0.0,84.86306372248568,main,BO,0.65,45,bo,matern,ei,13347,100,20,0.4029813000233844,0.14886820001993328,0.005877800052985549,0.5578358999919146,259.0882283918376,5000,4000,1000,0.8250168028207854,9.083043558305693,10.365650521424962,False
3346.890005243942,0.42393954583101057,0.3413680825663482,3.7093422327519483,0.09018023714051704,0.39304938116264404,0.5276828586411263,0.925541559517173,0.6896230930467091,0.9031140775839828,0.006007904683901333,0.8609876232528805,0.5734772649832165,0.07652273501678353,76.52273501678353,0.07652273501678353,76.52273501678353,0.49043307198923664,0.0,0.0,0.009566928010763365,9.566928010763364,True,58.55728974448867,0.0,58.55728974448867,main,BO,0.65,46,bo,matern,ei,13347,100,20,0.41558470006566495,0.11007689998950809,0.008253799984231591,0.5340280999662355,233.3227177344869,5000,4000,1000,0.8250168028207854,9.083043558305693,10.365650521424962,False
1715.3019354935793,0.43428475945172706,0.3383507492117822,1.9506308570998045,0.0911278500898254,0.3577190722769553,0.061514838712451225,0.9550993127192203,0.6810021406050921,0.3168769523666015,0.03759500299417984,0.15438144553910693,0.5641563843331446,0.08584361566685539,85.84361566685538,0.08584361566685539,85.84361566685538,0.46262908275056386,0.0,0.0,0.03737091724943614,37.37091724943614,True,73.6912635075878,0.0,73.6912635075878,main,BO,0.65,47,bo,matern,ei,13347,100,20,0.24983139999676496,0.16550360003020614,0.005482599954120815,0.42092820000834763,211.0590437223408,5000,4000,1000,0.8250168028207854,9.083043558305693,10.365650521424962,False
2351.303122161764,0.30950343790525925,0.3114203937311471,3.998642641472438,0.09342072171679108,0.35237475587961453,0.2432294634747897,0.5985812511578835,0.6040582678032774,0.9995475471574794,0.11402405722636955,0.04749511759229097,0.547614770120522,0.10238522987947807,102.38522987947806,0.10238522987947807,102.38522987947806,0.477001888162428,0.0,0.0,0.022998111837572,22.998111837572,True,104.82735297473569,0.0,104.82735297473569,main,BO,0.65,48,bo,matern,ei,13347,100,20,0.44811330002266914,0.13540620007552207,0.005624699988402426,0.5892815999686718,417.4435048508334,5000,4000,1000,0.8250168028207854,9.083043558305693,10.365650521424962,False
3881.697772814572,0.38129993873472046,0.11502398048422693,2.942051995017149,0.0936809655590948,0.3603585050697484,0.6804850779470206,0.8037141106706299,0.04292565852636265,0.6473506650057164,0.12269885196982666,0.20717010139496916,0.5549193889580234,0.09508061104197663,95.08061104197662,0.09508061104197663,95.08061104197662,0.4695446218771395,0.0,0.0,0.030455378122860477,30.455378122860477,True,90.40322596115645,0.0,90.40322596115645,main,BO,0.65,49,bo,matern,ei,13347,100,20,0.39919179992284626,0.04970630002208054,0.006638100021518767,0.4556529000401497,249.56381271099613,5000,4000,1000,0.8250168028207854,9.083043558305693,10.365650521424962,False
4054.425301952014,0.44999999999999996,0.44999999999999996,1.6297307909039307,0.12,0.35993653744134063,0.7298358005577182,1.0,1.0,0.20991026363464357,1.0,0.19873074882681288,0.6318199151703774,0.018180084829622634,18.180084829622633,0.018180084829622634,18.180084829622633,0.48892494521666763,0.0,0.0,0.011075054783332372,11.075054783332373,True,3.3051548441227503,0.0,3.3051548441227503,main,BO,0.65,50,bo,matern,ei,13347,100,20,0.3254943999927491,0.17091029998846352,0.006769699975848198,0.5032903000246733,171.32062095361363,5000,4000,1000,0.8250168028207854,9.083043558305693,10.365650521424962,False
2754.554558994796,0.1981341501379691,0.26768529402296304,1.1888432883344175,0.10300036437442163,0.350416650602933,0.35844415971279886,0.28038328610848307,0.4791008400656086,0.06294776277813918,0.43334547914738786,0.008333012058660438,0.6099219611919477,0.040078038808052274,40.07803880805228,0.040078038808052274,40.07803880805228,0.4715727304686892,0.0,0.0,0.028427269531310806,28.427269531310806,True,16.062491946997437,0.0,16.062491946997437,main,BO,0.65,51,bo,matern,ei,13347,100,20,0.33922069997061044,0.119569499976933,0.005639599985443056,0.4645460000028834,262.9253858964508,5000,4000,1000,0.8250168028207854,9.083043558305693,10.365650521424962,False
3379.789140077233,0.4436678327611637,0.19095297476034845,1.2996373937940262,0.09068668898428146,0.3987166836679552,0.537082611450638,0.9819080936033249,0.25986564217242414,0.0998791312646754,0.022889632809382165,0.9743336733591041,0.6065478273163295,0.04345217268367052,43.45217268367052,0.04345217268367052,43.45217268367052,0.49757067502579466,0.0,0.0,0.002429324974205338,2.429324974205338,True,18.880913109315227,0.0,18.880913109315227,main,BO,0.65,52,bo,matern,ei,13347,100,20,0.2746014000149444,0.06671629997435957,0.0056909000268206,0.3471259999787435,141.59394886787035,5000,4000,1000,0.8250168028207854,9.083043558305693,10.365650521424962,False
1701.6885705270638,0.16581087855059767,0.2561073052089934,2.0492592639423077,0.09006140572167975,0.3749639308677162,0.057625305864875354,0.1880310815731362,0.4460208720256954,0.3497530879807692,0.0020468573893254183,0.4992786173543238,0.6056785341922649,0.044321465807735105,44.32146580773511,0.044321465807735105,44.32146580773511,0.5326186089193365,0.032618608919336545,32.618608919336545,-0.032618608919336545,-32.618608919336545,False,19.64392331346232,425.5894591330486,445.2333824465109,main,BO,0.65,53,bo,matern,ei,13347,100,20,0.32169080001767725,0.09701590007171035,0.007315200055018067,0.42614450003020465,215.93740290911506,5000,4000,1000,0.8250168028207854,9.083043558305693,10.365650521424962,False
4919.008413593812,0.1294562319450711,0.16149070836721846,1.2756132667621523,0.0945182806176898,0.3503688574192956,0.9768595467410892,0.08416066270020317,0.17568773819205274,0.09187108892071738,0.15060935392299335,0.007377148385911969,0.5736584442702647,0.07634155572973533,76.34155572973533,0.07634155572973533,76.34155572973533,0.45448599213906415,0.0,0.0,0.045514007860935846,45.51400786093585,True,58.280331312362854,0.0,58.280331312362854,main,BO,0.65,54,bo,matern,ei,13347,100,20,0.4411100000143051,0.09679570002481341,0.005671699997037649,0.5437034000642598,301.03743503977137,5000,4000,1000,0.8250168028207854,9.083043558305693,10.365650521424962,False
1724.3295896464604,0.35088005332207106,0.2452746276059054,1.4927729578031963,0.11794649049025781,0.3671029785423149,0.06409416847041727,0.7168001523487745,0.41507036458830115,0.1642576526010654,0.9315496830085939,0.34205957084629757,0.6540346493801886,0.004034649380188604,4.034649380188604,0.0,0.0,0.508757287880334,0.00875728788033403,8.75728788033403,-0.00875728788033403,-8.75728788033403,False,0.16278395621056288,30.676036407618117,30.83882036382868,main,BO,0.65,55,bo,matern,ei,13347,100,20,0.2683124999748543,0.056997900013811886,0.007479399908334017,0.33290550007950515,131.7617233464043,5000,4000,1000,0.8250168028207854,9.083043558305693,10.365650521424962,False
4583.069318239766,0.449664217451351,0.26043377646375954,3.0438567551058475,0.11932434626823783,0.3835469952564181,0.8808769480685045,0.9990406212895743,0.4583822184678843,0.6812855850352825,0.9774782089412611,0.6709399051283621,0.6248878474453197,0.025112152554680356,25.112152554680357,0.025112152554680356,25.112152554680357,0.5097279370133548,0.009727937013354837,9.727937013354836,-0.009727937013354837,-9.727937013354836,False,6.306202059295392,37.853103414319605,44.159305473615,main,BO,0.65,56,bo,matern,ei,13347,100,20,0.37871680001262575,0.09159319999162108,0.006132999900728464,0.4765657000243664,123.94919143764473,5000,4000,1000,0.8250168028207854,9.083043558305693,10.365650521424962,False
3057.9021706720105,0.20634539281233297,0.4152873274980756,1.8171150125890434,0.09005907520699603,0.3619787789440552,0.44511490590628877,0.3038439794638085,0.9008209357087876,0.2723716708630145,0.0019691735665345877,0.23957557888110492,0.5773207780887905,0.07267922191120957,72.67922191120957,0.07267922191120957,72.67922191120957,0.4719875808088351,0.0,0.0,0.028012419191164872,28.012419191164874,True,52.82269297618845,0.0,52.82269297618845,main,BO,0.65,57,bo,matern,ei,13347,100,20,0.3803077000193298,0.15078440005891025,0.009877100004814565,0.5410859999246895,108.90194330732461,5000,4000,1000,0.8250168028207854,9.083043558305693,10.365650521424962,False
2566.970515362991,0.39778264366924854,0.1114764510267865,3.9523898381645615,0.1053497413369104,0.35697518828545793,0.3048487186751404,0.8508075533407102,0.03278986007653284,0.9841299460548538,0.51165804456368,0.13950376570915857,0.5667825740414816,0.08321742595851844,83.21742595851845,0.08321742595851844,83.21742595851845,0.4740505540534351,0.0,0.0,0.025949445946564897,25.949445946564897,True,69.251399831615,0.0,69.251399831615,main,BO,0.65,58,bo,matern,ei,13347,100,20,0.377070700051263,0.11288140004035085,0.00619429990183562,0.4962785999523476,335.4922941624482,5000,4000,1000,0.8250168028207854,9.083043558305693,10.365650521424962,False
3842.942878265443,0.44999999999999996,0.4113230575625093,1.3855243850543462,0.11402734522489974,0.3659508799204014,0.6694122509329837,1.0,0.8894944501785982,0.1285081283514487,0.8009115074966581,0.31901759840802796,0.6289054619929701,0.021094538007029873,21.094538007029872,0.021094538007029873,21.094538007029872,0.48914200568030713,0.0,0.0,0.010857994319692865,10.857994319692866,True,4.449795337300278,0.0,4.449795337300278,main,BO,0.65,59,bo,matern,ei,13347,100,20,0.2805759001057595,0.061733300099149346,0.007881199941039085,0.3503066999837756,103.86099068802139,5000,4000,1000,0.8250168028207854,9.083043558305693,10.365650521424962,False
1880.8991007964296,0.3769668997850083,0.197083535972841,1.8244666761715322,0.11425955201371978,0.3768974238198311,0.10882831451326558,0.791333999385738,0.2773815313509743,0.2748222253905107,0.8086517337906594,0.5379484763966216,0.6415468779651382,0.008453122034861815,8.453122034861815,0.008453122034861815,8.453122034861815,0.5102697140721713,0.010269714072171254,10.269714072171254,-0.010269714072171254,-10.269714072171254,False,0.7145527213626636,42.186810849660915,42.90136357102358,main,BO,0.65,60,bo,matern,ei,13347,100,20,0.282605400076136,0.11290439998265356,0.006221399991773069,0.4018577999668196,103.88208631382324,5000,4000,1000,0.8250168028207854,9.083043558305693,10.365650521424962,False
3437.709684087741,0.12404280250514914,0.36490160241182523,1.6389934182053647,0.09047659224758331,0.3724644136572324,0.5536313383107833,0.06869372144328323,0.7568617211766435,0.21299780606845486,0.015886408252777207,0.44928827314464803,0.590878424463923,0.059121575536077,59.121575536076996,0.059121575536077,59.121575536076996,0.4780839199007819,0.0,0.0,0.021916080099218083,21.91608009921808,True,34.95360693868058,0.0,34.95360693868058,main,BO,0.65,61,bo,matern,ei,13347,100,20,0.4117346000857651,0.26464129996020347,0.007027799962088466,0.6835315999342129,102.66266376815398,5000,4000,1000,0.8250168028207854,9.083043558305693,10.365650521424962,False
2462.2373802873776,0.3647496138794297,0.15115315036775184,3.683684497179066,0.09200676604259175,0.37922065825086654,0.2749249657963936,0.756427468226942,0.14615185819357668,0.8945614990596886,0.0668922014197254,0.5844131650173308,0.56937026934608,0.08062973065391998,80.62973065391998,0.08062973065391998,80.62973065391998,0.4876890541079637,0.0,0.0,0.012310945892036296,12.310945892036296,True,65.01153465323685,0.0,65.01153465323685,main,BO,0.65,62,bo,matern,ei,13347,100,20,0.38594589999411255,0.07977279997430742,0.008306300034746528,0.47414420009590685,97.97501067724355,5000,4000,1000,0.8250168028207854,9.083043558305693,10.365650521424962,False
3043.4507272270616,0.11039593652320936,0.18247433332144988,1.012439083950094,0.11891069419212984,0.3588468430742469,0.44098592206487475,0.029702675780598153,0.23564095234699967,0.0041463613166979885,0.963689806404328,0.17693686148493892,0.662526870428979,0.012526870428978931,12.526870428978931,0.0,0.0,0.4988167226105942,0.0,0.0,0.0011832773894058235,1.1832773894058235,True,1.569224827444268,0.0,1.569224827444268,main,BO,0.65,63,bo,matern,ei,13347,100,20,0.36835299991071224,0.1773059000261128,0.008948200033046305,0.5547528000315651,92.93062708213158,5000,4000,1000,0.8250168028207854,9.083043558305693,10.365650521424962,False
4959.744962423087,0.3881987753707856,0.1464301710725462,2.861052799362738,0.11553064964399598,0.39024214382720873,0.9884985606923106,0.823425072487959,0.1326576316358462,0.6203509331209127,0.851021654799866,0.8048428765441743,0.6276461026712989,0.022353897328701078,22.353897328701077,0.022353897328701078,22.353897328701077,0.5227202373048577,0.022720237304857727,22.720237304857726,-0.022720237304857727,-22.720237304857726,False,4.996967257821092,206.48367327561948,211.48064053344058,main,BO,0.65,64,bo,matern,ei,13347,100,20,0.4281605000142008,0.07872360001783818,0.0064079000148922205,0.5134079999988899,90.43393805820418,5000,4000,1000,0.8250168028207854,9.083043558305693,10.365650521424962,False
3915.9533460537737,0.2723471721056695,0.432718811334161,1.5783820471773842,0.11574948819821701,0.37247519802819734,0.6902723845867924,0.4924204917304844,0.95062517524046,0.1927940157257947,0.8583162732739004,0.44950396056394726,0.6452728641516898,0.004727135848310193,4.727135848310193,0.004727135848310193,4.727135848310193,0.5008514804795191,0.0008514804795191067,0.8514804795191067,-0.0008514804795191067,-0.8514804795191067,False,0.2234581332837933,0.29000760280083515,0.5134657360846284,main,BO,0.65,65,bo,matern,ei,13347,100,20,0.39709929993841797,0.11310229997616261,0.008709899964742362,0.5190292000770569,76.8566568878698,5000,4000,1000,0.5134657360846284,9.083043558305693,10.365650521424962,True
3907.471584596786,0.23541257152067113,0.15409118838547128,2.267701382744,0.09048076203334468,0.38557727083794113,0.6878490241705103,0.3868930614876318,0.15454625252991794,0.4225671275813333,0.016025401111489535,0.7115454167588229,0.5859314124533104,0.06406858754668965,64.06858754668964,0.06406858754668965,64.06858754668964,0.502312261188786,0.0023122611887860245,2.3122611887860245,-0.0023122611887860245,-2.3122611887860245,False,41.04783910227835,2.138620722066464,43.186459824344816,main,BO,0.65,66,bo,matern,ei,13347,100,20,0.42544849996920675,0.15594860003329813,0.007005700026638806,0.588530300068669,73.83543756065723,5000,4000,1000,0.5134657360846284,9.083043558305693,10.365650521424962,False
3963.942910340659,0.1603962321370616,0.11129864345404593,1.661237828187477,0.09422585982905393,0.39898453186706695,0.7039836886687598,0.17256066324874741,0.032281838440131216,0.22041260939582563,0.14086199430179802,0.9796906373413391,0.6177613722973087,0.03223862770269137,32.23862770269137,0.03223862770269137,32.23862770269137,0.5062877453454894,0.006287745345489371,6.287745345489371,-0.006287745345489371,-6.287745345489371,False,10.393291161527394,15.814296611889297,26.20758777341669,main,BO,0.65,67,bo,matern,ei,13347,100,20,0.41773050010669976,0.17878909991122782,0.009126899996772408,0.6057864000322297,81.15925060482252,5000,4000,1000,0.5134657360846284,9.083043558305693,10.365650521424962,False
2113.0576726100153,0.28228165236209746,0.3985004727214022,1.5916338050696872,0.10190873490775583,0.3790381048541188,0.175159335031433,0.5208047210345642,0.8528584934897205,0.19721126835656244,0.3969578302585277,0.5807620970823762,0.6307702676738175,0.019229732326182525,19.229732326182525,0.019229732326182525,19.229732326182525,0.5008856215268416,0.0008856215268415735,0.8856215268415735,-0.0008856215268415735,-0.8856215268415735,False,3.697826053366292,0.31373019552208,4.011556248888372,main,BO,0.65,68,bo,matern,ei,13347,100,20,0.31792800000403076,0.14709069998934865,0.007509200018830597,0.47265179990790784,102.3967401265621,5000,4000,1000,0.5134657360846284,9.083043558305693,10.365650521424962,False
1654.9936284922528,0.16380480657974128,0.3252903614549083,1.2660357337127854,0.11883561102120761,0.38142136233619595,0.04428389385492937,0.18229944737068937,0.6436867470140238,0.08867857790426181,0.9611870340402541,0.6284272467239183,0.7094821884915407,0.05948218849154063,59.48218849154063,0.0,0.0,0.5379713623847632,0.037971362384763174,37.971362384763175,-0.037971362384763174,-37.971362384763175,False,35.38130747743169,576.7297445420031,612.1110520194349,main,BO,0.65,69,bo,matern,ei,13347,100,20,0.2934657000005245,0.16314299998339266,0.008835499989800155,0.465574299916625,78.48836341162527,5000,4000,1000,0.5134657360846284,9.083043558305693,10.365650521424962,False
4234.792871338899,0.24343311528681957,0.25782963745853366,1.2230838755527165,0.09282737059241862,0.35516551149668113,0.7813693918111141,0.4098089008194845,0.4509418213100962,0.07436129185090545,0.09424568641395425,0.10331022993362315,0.5767551454362393,0.07324485456376073,73.24485456376073,0.07324485456376073,73.24485456376073,0.4579460181408869,0.0,0.0,0.042053981859113077,42.05398185911308,True,53.64808720066461,0.0,53.64808720066461,main,BO,0.65,70,bo,matern,ei,13347,100,20,0.38716959999874234,0.1532559999031946,0.007166400086134672,0.5477168000070378,127.48701574956999,5000,4000,1000,0.5134657360846284,9.083043558305693,10.365650521424962,False
1910.0328127699147,0.2651440968204518,0.24429652310373381,1.4561835311298452,0.10514496155311692,0.35775220429253907,0.11715223221997562,0.4718402766298623,0.41227578029638234,0.1520611770432817,0.5048320517705643,0.155044085850782,0.6223182854634385,0.02768171453656154,27.681714536561543,0.02768171453656154,27.681714536561543,0.4862772155823063,0.0,0.0,0.0137227844176937,13.7227844176937,True,7.662773196836826,0.0,7.662773196836826,main,BO,0.65,71,bo,matern,ei,13347,100,20,0.30533850006759167,0.16194669995456934,0.009131600032560527,0.4765378999290988,91.74034573994722,5000,4000,1000,0.5134657360846284,9.083043558305693,10.365650521424962,False
3014.893378503114,0.11653009243533133,0.4328475779057469,1.0026850639736455,0.10199830129676815,0.39433689826912516,0.43282667957231835,0.047228835529518065,0.9509930797307055,0.0008950213245485505,0.3999433765589384,0.8867379653825027,0.6620157537546802,0.012015753754680225,12.015753754680226,0.0,0.0,0.5150637956947004,0.0150637956947004,15.0637956947004,-0.0150637956947004,-15.0637956947004,False,1.4437833829311193,90.76717629266972,92.21095967560083,main,BO,0.65,72,bo,matern,ei,13347,100,20,0.3557121000485495,0.20824710000306368,0.008445299929007888,0.572548900032416,76.7010946457795,5000,4000,1000,0.5134657360846284,9.083043558305693,10.365650521424962,False
4645.876369272446,0.44791584964764164,0.42245035120485386,3.99915098810521,0.09168647270867768,0.35965072863741954,0.8988218197921274,0.9940452847075475,0.921286717728154,0.9997169960350699,0.056215756955922735,0.19301457274839107,0.5391737881927124,0.11082621180728758,110.82621180728758,0.11082621180728758,110.82621180728758,0.45658198229727204,0.0,0.0,0.04341801770272796,43.418017702727965,True,122.82449223553769,0.0,122.82449223553769,main,BO,0.65,73,bo,matern,ei,13347,100,20,0.42255360004492104,0.18250960006844252,0.009689000085927546,0.6148796000052243,81.66302120248791,5000,4000,1000,0.5134657360846284,9.083043558305693,10.365650521424962,False
1900.516371543219,0.3328870503199697,0.1579799625803548,3.967651193484764,0.11761936408225826,0.3958682895112543,0.1144332490123483,0.6653915723427706,0.16565703594387082,0.9892170644949213,0.920645469408609,0.9173657902250857,0.639297209296989,0.010702790703011056,10.702790703011056,0.010702790703011056,10.702790703011056,0.5418909750159321,0.041890975015932086,41.890975015932085,-0.041890975015932086,-41.890975015932085,False,1.1454972883245989,701.9415151141783,703.0870124025029,main,BO,0.65,74,bo,matern,ei,13347,100,20,0.38083189993631095,0.1615672999760136,0.007870999979786575,0.5504063999978825,79.97926630736262,5000,4000,1000,0.5134657360846284,9.083043558305693,10.365650521424962,False
4878.088917509262,0.43241574742761013,0.32884827974884917,3.757835386113883,0.10431376824986105,0.3885983207472782,0.9651682621455032,0.9497592783646004,0.6538522278538548,0.919278462037961,0.4771256083287019,0.7719664149455634,0.5936958280763251,0.05630417192367487,56.30417192367487,0.05630417192367487,56.30417192367487,0.5013223675135007,0.0013223675135006774,1.3223675135006774,-0.0013223675135006774,-1.3223675135006774,False,31.701597760107372,0.6994623363047857,32.40106009641216,main,BO,0.65,75,bo,matern,ei,13347,100,20,0.4310330000007525,0.19913940003607422,0.00991500006057322,0.640211799996905,101.65256816614713,5000,4000,1000,0.5134657360846284,9.083043558305693,10.365650521424962,False
4431.3623729959345,0.33970283702664006,0.20197552002426966,3.8410881871883524,0.09679228406735782,0.38417725530331814,0.837532106570267,0.6848652486475432,0.29135862864077045,0.9470293957294508,0.22640946891192748,0.6835451060663631,0.5774193632372304,0.0725806367627696,72.5806367627696,0.0725806367627696,72.5806367627696,0.5075339213941386,0.007533921394138554,7.533921394138554,-0.007533921394138554,-7.533921394138554,False,52.67948832889102,22.703988629223446,75.38347695811447,main,BO,0.65,76,bo,matern,ei,13347,100,20,0.4729955999646336,0.1542558999499306,0.008076800033450127,0.6354604000225663,83.70902225280317,5000,4000,1000,0.5134657360846284,9.083043558305693,10.365650521424962,False
2756.6228417775847,0.44666972601768196,0.12648439456361762,1.96867612221914,0.10888460927910482,0.3657089690698745,0.3590350976507385,0.9904849314790914,0.07566969875319318,0.32289204073971334,0.6294869759701606,0.3141793813974896,0.603644866299204,0.046355133700796025,46.355133700796024,0.046355133700796025,46.355133700796024,0.4852188431736317,0.0,0.0,0.014781156826368325,14.781156826368324,True,21.48798420418675,0.0,21.48798420418675,main,BO,0.65,77,bo,matern,ei,13347,100,20,0.2769865000154823,0.23129430005792528,0.01055779994931072,0.5189703999785706,79.15978334446301,5000,4000,1000,0.5134657360846284,9.083043558305693,10.365650521424962,False
3930.9956834272216,0.44083775438481076,0.3477546723576037,1.046078145076252,0.09147918818752927,0.35617896190597176,0.6945701952649205,0.9738221553851736,0.7078704924502964,0.015359381692083951,0.04930627291764267,0.12357923811943605,0.572562672184133,0.07743732781586699,77.43732781586698,0.07743732781586699,77.43732781586698,0.4553482380744693,0.0,0.0,0.04465176192553072,44.65176192553072,True,59.96539739262046,0.0,59.96539739262046,main,BO,0.65,78,bo,matern,ei,13347,100,20,0.2863471999298781,0.21389040001668036,0.007583900005556643,0.5079539999132976,77.65515873717537,5000,4000,1000,0.5134657360846284,9.083043558305693,10.365650521424962,False
1659.0923185057093,0.16538353849285123,0.25495534202856485,1.6607697282666494,0.0923582588046687,0.35605979270542276,0.04545494814448836,0.18681010997957492,0.4427295486530425,0.22025657608888316,0.0786086268222903,0.12119585410845535,0.6010631190992383,0.04893688090076176,48.93688090076176,0.04893688090076176,48.93688090076176,0.4833096201376173,0.0,0.0,0.016690379862382698,16.6903798623827,True,23.94818312295341,0.0,23.94818312295341,main,BO,0.65,79,bo,matern,ei,13347,100,20,0.3086403999477625,0.1055879999184981,0.010548799997195601,0.4249050000216812,80.87443066202033,5000,4000,1000,0.5134657360846284,9.083043558305693,10.365650521424962,False
3420.3613517950453,0.4255402144352842,0.3661419286930745,3.1679447417126942,0.10695178293806633,0.39884189946563003,0.5486746719414415,0.9301148983865264,0.7604055105516414,0.7226482472375647,0.5650594312688776,0.9768379893126,0.6196298727747018,0.030370127225298194,30.370127225298194,0.030370127225298194,30.370127225298194,0.514228633940827,0.014228633940826962,14.228633940826963,-0.014228633940826962,-14.228633940826963,False,9.223446276807985,80.9816095288212,90.20505580562919,main,BO,0.65,80,bo,matern,ei,13347,100,20,0.36169320007320493,0.18501560005825013,0.00845120009034872,0.555288500036113,68.3312246018144,5000,4000,1000,0.5134657360846284,9.083043558305693,10.365650521424962,False
2511.3207710911374,0.44976951567620693,0.44863973732009177,1.8684489244907345,0.11949065723762402,0.3703944913248575,0.28894879174032495,0.9993414733605912,0.9961135352002621,0.2894829748302449,0.9830219079208006,0.40788982649715033,0.6402785210264019,0.009721478973598097,9.721478973598096,0.009721478973598097,9.721478973598096,0.5029154852236072,0.0029154852236071838,2.9154852236071838,-0.0029154852236071838,-2.9154852236071838,False,0.945071534341099,3.400021635628732,4.345093169969831,main,BO,0.65,81,bo,matern,ei,13347,100,20,0.2762796999886632,0.16938279999885708,0.011147200013510883,0.45694569998886436,57.60254353003845,5000,4000,1000,0.5134657360846284,9.083043558305693,10.365650521424962,False
2807.639238026377,0.3575544802422077,0.12931796500034168,2.047231038115586,0.10325314275204937,0.3789985347359542,0.3736112108646791,0.735869943549165,0.08376561428669049,0.3490770127051953,0.44177142506831246,0.5799706947190832,0.6102962676986963,0.03970373230130375,39.70373230130375,0.03970373230130375,39.70373230130375,0.4974565325203361,0.0,0.0,0.0025434674796638856,2.5434674796638856,True,15.763863586535908,0.0,15.763863586535908,main,BO,0.65,82,bo,matern,ei,13347,100,20,0.3407754999352619,0.1399964999873191,0.012098299921490252,0.4930080999620259,56.22452296110234,5000,4000,1000,0.5134657360846284,9.083043558305693,10.365650521424962,False
1690.862870384667,0.1971733605905965,0.34889946557715373,1.122474243581658,0.09017685254636609,0.38625354064033296,0.05453224868133344,0.27763817311599004,0.7111413302204392,0.04082474786055268,0.005895084878870027,0.725070812806659,0.6341593431926382,0.015840656807361797,15.840656807361796,0.015840656807361797,15.840656807361796,0.5034938111344077,0.0034938111344077205,3.4938111344077205,-0.0034938111344077205,-3.4938111344077205,False,2.5092640808861764,4.882686497164545,7.3919505780507215,main,BO,0.65,83,bo,matern,ei,13347,100,20,0.28316399990580976,0.1528872000053525,0.011342199984937906,0.44752180005889386,58.55765703185648,5000,4000,1000,0.5134657360846284,9.083043558305693,10.365650521424962,False
1630.7864522494292,0.4498295296348114,0.43747180681121944,1.2686258759587226,0.09873718876012876,0.3524113192788065,0.03736755778555123,0.9995129418137467,0.9642051623177699,0.08954195865290748,0.2912396253376255,0.04822638557612946,0.5868203966321661,0.0631796033678339,63.179603367833906,0.0631796033678339,63.179603367833906,0.46752550951216376,0.0,0.0,0.03247449048783624,32.474490487836235,True,39.91662281716808,0.0,39.91662281716808,main,BO,0.65,84,bo,matern,ei,13347,100,20,0.22820430004503578,0.08035159995779395,0.008556700078770518,0.31724859995301813,51.90969912288574,5000,4000,1000,0.5134657360846284,9.083043558305693,10.365650521424962,False
4296.98220568543,0.37262191146363155,0.43875013483286607,1.3945355577554275,0.09021227215240311,0.3775798369433876,0.7991377730529798,0.7789197470389472,0.967857528093903,0.13151185258514253,0.007075738413437449,0.5515967388677517,0.5884093256021259,0.061590674397874134,61.59067439787413,0.061590674397874134,61.59067439787413,0.475576557927991,0.0,0.0,0.024423442072009027,24.423442072009028,True,37.934111727849476,0.0,37.934111727849476,main,BO,0.65,85,bo,matern,ei,13347,100,20,0.36087019997648895,0.2113477000966668,0.008803600096143782,0.581169500015676,58.38888668818538,5000,4000,1000,0.5134657360846284,9.083043558305693,10.365650521424962,False
3571.411173705447,0.10373335199989556,0.43910058369923577,1.0259450996797572,0.09029668191435189,0.3728759894052416,0.5918317639158419,0.01066671999970159,0.9688588105692449,0.008648366559919074,0.009889397145063317,0.45751978810483174,0.6046934931379543,0.04530650686204574,45.30650686204574,0.04530650686204574,45.30650686204574,0.477100979839013,0.0,0.0,0.022899020160986994,22.899020160986993,True,20.526795640405975,0.0,20.526795640405975,main,BO,0.65,86,bo,matern,ei,13347,100,20,0.38441769999917597,0.1878341999836266,0.01235520001500845,0.5847402999643236,56.0352691223171,5000,4000,1000,0.5134657360846284,9.083043558305693,10.365650521424962,False
4408.903497331867,0.44343200527633675,0.39863336967928964,2.4411932893438584,0.11872666084285273,0.36799553211571545,0.831115284951962,0.9812343007895336,0.8532381990836846,0.48039776311461946,0.9575553614284243,0.3599106423143089,0.6209749890852181,0.029025010914781935,29.025010914781934,0.029025010914781935,29.025010914781934,0.49436754804377936,0.0,0.0,0.005632451956220641,5.632451956220641,True,8.424512586032105,0.0,8.424512586032105,main,BO,0.65,87,bo,matern,ei,13347,100,20,0.3658132000127807,0.09236969996709377,0.009450100013054907,0.4677667999640107,48.538169401361124,5000,4000,1000,0.5134657360846284,9.083043558305693,10.365650521424962,False
4003.447772239353,0.44836888847772605,0.3982617524657408,2.655671401368951,0.105223426964021,0.37981405464872714,0.7152707920683866,0.9953396813649315,0.8521764356164022,0.5518904671229836,0.5074475654673668,0.596281092974543,0.6015246532558033,0.048475346744196735,48.475346744196735,0.048475346744196735,48.475346744196735,0.49213606480431826,0.0,0.0,0.007863935195681737,7.863935195681737,True,23.49859241970105,0.0,23.49859241970105,main,BO,0.65,88,bo,matern,ei,13347,100,20,0.34769470000173897,0.11641799996141344,0.011529700015671551,0.4757761999499053,53.80865946200873,5000,4000,1000,0.5134657360846284,9.083043558305693,10.365650521424962,False
3338.946270315218,0.22116478328032088,0.20135176929695128,1.576772409511884,0.10449686938117857,0.3519264891868424,0.5254132200900623,0.3461850950866311,0.2895764837055751,0.19225746983729464,0.4832289793726192,0.03852978373684768,0.5988012893112368,0.05119871068876325,51.19871068876325,0.05119871068876325,51.19871068876325,0.4704681830603809,0.0,0.0,0.029531816939619093,29.531816939619095,True,26.213079761916802,0.0,26.213079761916802,main,BO,0.65,89,bo,matern,ei,13347,100,20,0.3906096999999136,0.3096223999746144,0.0127134999493137,0.7130776999983937,48.05234049126368,5000,4000,1000,0.5134657360846284,9.083043558305693,10.365650521424962,False
3804.3884105630555,0.31390917460141077,0.44999999999999996,1.6044828108108369,0.11189247944253937,0.37538329818930005,0.6583966887323016,0.611169070289745,1.0,0.20149427027027894,0.7297493147513124,0.5076659637860014,0.6368974675509145,0.013102532449085547,13.102532449085547,0.013102532449085547,13.102532449085547,0.4990311698511925,0.0,0.0,0.000968830148807498,0.968830148807498,True,1.7167635657933968,0.0,1.7167635657933968,main,BO,0.65,90,bo,matern,ei,13347,100,20,0.3870426999637857,0.11777290003374219,0.010875999927520752,0.5158278000308201,56.38490987591312,5000,4000,1000,0.5134657360846284,9.083043558305693,10.365650521424962,False
3714.257332308729,0.28465628655882746,0.44999999999999996,1.4159702859047587,0.11332282115566902,0.3741347680764461,0.6326449520882083,0.5275893901680784,1.0,0.1386567619682529,0.7774273718556343,0.48269536152892173,0.6451512306955269,0.004848769304473088,4.848769304473088,0.004848769304473088,4.848769304473088,0.5004873933822759,0.00048739338227588025,0.48739338227588025,-0.00048739338227588025,-0.48739338227588025,False,0.23510563768000436,0.09502092363452894,0.33012656131453333,main,BO,0.65,91,bo,matern,ei,13347,100,20,0.38680370000656694,0.27937590004876256,0.0140215998981148,0.6803406999679282,43.584535631055,5000,4000,1000,0.33012656131453333,9.083043558305693,10.365650521424962,True
1664.0765836793412,0.4104745001163267,0.3596957488273139,3.537454670018742,0.10117700149112419,0.356591100355702,0.046879023908383166,0.887070000332362,0.7419878537923255,0.8458182233395807,0.3725667163708065,0.13182200711404102,0.5678897680613758,0.08211023193862421,82.11023193862421,0.08211023193862421,82.11023193862421,0.47256424134929503,0.0,0.0,0.027435758650704967,27.435758650704965,True,67.42090189014662,0.0,67.42090189014662,main,BO,0.65,92,bo,matern,ei,13347,100,20,0.33478640008252114,0.11462630005553365,0.009562999941408634,0.45911279995925725,44.52383358289897,5000,4000,1000,0.33012656131453333,9.083043558305693,10.365650521424962,False
2321.823297514161,0.39240082049785274,0.20610463995445008,3.392363493251638,0.09022401186630494,0.3710694938581925,0.23480665643261744,0.8354309157081508,0.30315611415557164,0.7974544977505461,0.00746706221016491,0.4213898771638499,0.5578177162402027,0.09218228375979731,92.18228375979731,0.09218228375979731,92.18228375979731,0.47187242419008996,0.0,0.0,0.028127575809910044,28.127575809910045,True,84.9757343917179,0.0,84.9757343917179,main,BO,0.65,93,bo,matern,ei,13347,100,20,0.35252209997270256,0.3112607999937609,0.011595199932344258,0.6755494000390172,42.80623873443196,5000,4000,1000,0.33012656131453333,9.083043558305693,10.365650521424962,False
3608.4214473292172,0.3598552804181997,0.391097614729212,1.9078314130406677,0.09283335324514409,0.3863747498749915,0.6024061278083478,0.7424436583377133,0.8317074706548915,0.30261047101355587,0.09444510817146967,0.7274949974998296,0.5958865755663746,0.054113424433625434,54.11342443362543,0.054113424433625434,54.11342443362543,0.4887285416231359,0.0,0.0,0.011271458376864107,11.271458376864107,True,29.2826270393369,0.0,29.2826270393369,main,BO,0.65,94,bo,matern,ei,13347,100,20,0.3631505999946967,0.16216840001288801,0.009097600006498396,0.5345693998970091,44.32757061062051,5000,4000,1000,0.33012656131453333,9.083043558305693,10.365650521424962,False
4540.370179954725,0.44942988755751323,0.15546300570362093,2.2255297180281204,0.11880375129310937,0.39632638755279964,0.8686771942727788,0.9983711073071808,0.15846573058177404,0.40850990600937354,0.9601250431036458,0.9265277510559928,0.6487782510118918,0.0012217489881082289,1.2217489881082289,0.0012217489881082289,1.2217489881082289,0.5224569781932269,0.022456978193226895,22.456978193226895,-0.022456978193226895,-22.456978193226895,False,0.014926705899434812,201.72634782842732,201.74127453432675,main,BO,0.65,95,bo,matern,ei,13347,100,20,0.3520489000948146,0.20696029998362064,0.011816499987617135,0.5709677999839187,43.1682817887559,5000,4000,1000,0.33012656131453333,9.083043558305693,10.365650521424962,False
2479.37060001578,0.2727749306675712,0.3014353824426411,2.5159381986991445,0.09272494489805305,0.3616928671591081,0.27982017143308,0.49364265905020344,0.5755296641218318,0.5053127328997148,0.09083149660176837,0.23385734318216145,0.5725164431630488,0.07748355683695118,77.48355683695118,0.07748355683695118,77.48355683695118,0.49621593672907965,0.0,0.0,0.003784063270920346,3.784063270920346,True,60.037015801050444,0.0,60.037015801050444,main,BO,0.65,96,bo,matern,ei,13347,100,20,0.38053389999549836,0.3198555000126362,0.012491000001318753,0.7130173000041395,174.72897737430335,5000,4000,1000,0.33012656131453333,9.083043558305693,10.365650521424962,False
4564.183792854047,0.4477117713466636,0.11879153551588723,2.511904118914424,0.11968761215975705,0.35367419433063385,0.8754810836725849,0.9934622038476103,0.05369010147396347,0.5039680396381413,0.9895870719919018,0.07348388661267768,0.6014766071196044,0.048523392880395644,48.52339288039565,0.048523392880395644,48.52339288039565,0.48049148217850274,0.0,0.0,0.019508517821497262,19.50851782149726,True,23.545196566252308,0.0,23.545196566252308,main,BO,0.65,97,bo,matern,ei,13347,100,20,0.36329770006705076,0.3623058000812307,0.009885499952360988,0.7356303000124171,77.82319526369955,5000,4000,1000,0.33012656131453333,9.083043558305693,10.365650521424962,False
4105.232568728362,0.4077360787307913,0.38483117828017255,2.036875207570436,0.1067711091871809,0.3690389868020677,0.7443521624938176,0.8792459392308323,0.8138033665147788,0.34562506919014535,0.5590369729060299,0.3807797360413545,0.6040449224992956,0.04595507750070438,45.95507750070438,0.04595507750070438,45.95507750070438,0.4840707825845943,0.0,0.0,0.015929217415405705,15.929217415405706,True,21.11869148095745,0.0,21.11869148095745,main,BO,0.65,98,bo,matern,ei,13347,100,20,0.3563364000292495,0.2048467000713572,0.01261900004465133,0.5739386000204831,71.39321783210923,5000,4000,1000,0.33012656131453333,9.083043558305693,10.365650521424962,False
1975.0685702014212,0.23908165065528109,0.38284841452339635,1.3052324115334013,0.10467737036848415,0.359766284882437,0.13573387720040608,0.39737614472937455,0.808138327209704,0.1017441371778004,0.489245678949472,0.19532569764873997,0.6312242655932405,0.018775734406759503,18.775734406759504,0.018775734406759503,18.775734406759504,0.48880234128143274,0.0,0.0,0.01119765871856726,11.197658718567261,True,3.5252820251317263,0.0,3.5252820251317263,main,BO,0.65,99,bo,matern,ei,13347,100,20,0.313312100013718,0.2134863999672234,0.009779299958609045,0.5367161000613123,44.78247169901201,5000,4000,1000,0.33012656131453333,9.083043558305693,10.365650521424962,False
3726.023951886558,0.40792968579015865,0.43658500714609316,2.1611578140989223,0.09083388712591316,0.3518139910489253,0.6360068433961593,0.8797991022575963,0.9616714489888376,0.38705260469964076,0.027796237530438472,0.036279820978505906,0.5516139686500784,0.09838603134992163,98.38603134992164,0.09838603134992163,98.38603134992164,0.45044944960220124,0.0,0.0,0.049550550397798765,49.550550397798766,True,96.7981116478776,0.0,96.7981116478776,main,BO,0.65,100,bo,matern,ei,13347,100,20,0.337256999919191,0.11993899999652058,0.011978799942880869,0.46932579996064305,45.13195343747533,5000,4000,1000,0.33012656131453333,9.083043558305693,10.365650521424962,False
4379.118695220757,0.25116446185063185,0.44469702422421153,3.3806359427755597,0.09803938735057914,0.373288166515021,0.8226053414916448,0.4318984624303767,0.9848486406406044,0.7935453142585199,0.26797957835263797,0.46576333030042,0.5784491841756707,0.07155081582432932,71.55081582432932,0.07155081582432932,71.55081582432932,0.5290704291143564,0.029070429114356422,29.070429114356422,-0.029070429114356422,-29.070429114356422,False,51.19519245127094,338.03593955712864,389.2311320083996,kernel_sensitivity,BO,0.65,1,initial_lhs,rbf,ei,15346,100,20,0.5545970000093803,0.0,0.0,0.5546715999953449,,0,0,0,389.2311320083996,,,True
2247.440162113816,0.11614727249012126,0.410596658962329,3.925550217928971,0.11000674395286923,0.3548205277334459,0.21355433203251883,0.04613506425748929,0.8874190256066544,0.9751834059763238,0.6668914650956411,0.09641055466891824,0.6012789576170321,0.04872104238296793,48.72104238296793,0.04872104238296793,48.72104238296793,0.6967160186983712,0.1967160186983712,196.7160186983712,-0.1967160186983712,-196.7160186983712,False,23.737399708829567,15478.876805015168,15502.614204723997,kernel_sensitivity,BO,0.65,2,initial_lhs,rbf,ei,15346,100,20,0.5245488999644294,0.0,0.0,0.5246132999891415,,0,0,0,389.2311320083996,,,False
3851.2271910069776,0.30839657809825216,0.2865289522546417,2.60830594704995,0.10353243629496542,0.3556346608096587,0.671779197430565,0.5954187945664348,0.5329398635846906,0.5361019823499834,0.451081209832181,0.11269321619317489,0.579813355302149,0.07018664469785107,70.18664469785108,0.07018664469785107,70.18664469785108,0.4884246068759387,0.0,0.0,0.011575393124061306,11.575393124061307,True,49.26165093942386,0.0,49.26165093942386,kernel_sensitivity,BO,0.65,3,initial_lhs,rbf,ei,15346,100,20,0.47188319999258965,0.0,0.0,0.4719341000309214,,0,0,0,49.26165093942386,70.18664469785108,11.575393124061307,True
4942.702759417523,0.16490566727351447,0.10275549801056001,2.1784118451299608,0.11591595422767695,0.3937307321279107,0.983629359833578,0.18544476363861281,0.007872851458742858,0.39280394837665356,0.8638651409225648,0.8746146425582142,0.6481305651130356,0.0018694348869644495,1.8694348869644495,0.0018694348869644495,1.8694348869644495,0.5378864045199103,0.03788640451991032,37.88640451991032,-0.03788640451991032,-37.88640451991032,False,0.03494786796599784,574.1518589785126,574.1868068464786,kernel_sensitivity,BO,0.65,4,initial_lhs,rbf,ei,15346,100,20,0.5003719000378624,0.0,0.0,0.5004178999224678,,0,0,0,49.26165093942386,70.18664469785108,11.575393124061307,False
3336.5121757124907,0.44843326557843,0.11848405383166496,1.0951376178972305,0.10096742266506303,0.3846150831320909,0.5247177644892831,0.9955236159383716,0.052811582376185606,0.03171253929907685,0.36558075550210145,0.6923016626418186,0.6185729759927601,0.031427024007239956,31.427024007239957,0.031427024007239956,31.427024007239957,0.49482193560892324,0.0,0.0,0.005178064391076764,5.178064391076765,True,9.876578379516365,0.0,9.876578379516365,kernel_sensitivity,BO,0.65,5,initial_lhs,rbf,ei,15346,100,20,0.28276289999485016,0.0,0.0,0.282810700009577,,0,0,0,9.876578379516365,31.427024007239957,5.178064391076765,True
4541.950969512323,0.20722133133689669,0.32895592015603287,2.3099282995897865,0.11108894177577996,0.3961587386266142,0.8691288484320925,0.3063466609625619,0.6541597718743797,0.43664276652992884,0.7029647258593322,0.9231747725322841,0.6416790598540556,0.008320940145944422,8.320940145944423,0.008320940145944422,8.320940145944423,0.5384555054417378,0.038455505441737814,38.45550544173781,-0.038455505441737814,-38.45550544173781,False,0.6923804491238958,591.5303595118107,592.2227399609346,kernel_sensitivity,BO,0.65,6,initial_lhs,rbf,ei,15346,100,20,0.5052149000111967,0.0,0.0,0.5052647000411525,,0,0,0,9.876578379516365,31.427024007239957,5.178064391076765,False
3472.1960712255873,0.39662957301586377,0.39597913831791465,3.5978225203454404,0.09976627550426632,0.3892576972338571,0.5634845917787392,0.8475130657596107,0.8456546809083276,0.8659408401151468,0.32554251680887747,0.7851539446771423,0.5914156679652054,0.05858433203479463,58.58433203479463,0.05858433203479463,58.58433203479463,0.501943401826346,0.001943401826346003,1.943401826346003,-0.001943401826346003,-1.943401826346003,False,34.32123959963064,1.5107242634579918,35.83196386308863,kernel_sensitivity,BO,0.65,7,initial_lhs,rbf,ei,15346,100,20,0.4327837999444455,0.0,0.0,0.43283760000485927,,0,0,0,9.876578379516365,31.427024007239957,5.178064391076765,False
3763.766882408075,0.35739694700983826,0.2688770657016796,1.2133416350054405,0.10747814503141725,0.3993172534998368,0.6467905378308786,0.7354198485995378,0.4825059020047987,0.07111387833514686,0.5826048343805755,0.9863450699967358,0.6532896157232287,0.0032896157232287226,3.2896157232287226,0.0,0.0,0.5176111873275683,0.01761118732756828,17.611187327568278,-0.01761118732756828,-17.611187327568278,False,0.10821571606513632,124.06156763468061,124.16978335074575,kernel_sensitivity,BO,0.65,8,initial_lhs,rbf,ei,15346,100,20,0.36861300002783537,0.0,0.0,0.3686626999406144,,0,0,0,9.876578379516365,31.427024007239957,5.178064391076765,False
4752.487409258947,0.18723808157818064,0.43082461478979506,1.8778901313053047,0.10266612744553427,0.3863176968233458,0.9292821169311278,0.24925166165194468,0.9452131851137002,0.2926300437684349,0.4222042481844757,0.726353936466916,0.6216179367109157,0.028382063289084325,28.382063289084325,0.028382063289084325,28.382063289084325,0.5051197511945761,0.005119751194576083,5.119751194576083,-0.005119751194576083,-5.119751194576083,False,8.055415165455882,10.484740917745292,18.540156083201175,kernel_sensitivity,BO,0.65,9,initial_lhs,rbf,ei,15346,100,20,0.49262429994996637,0.0,0.0,0.4926738999783993,,0,0,0,9.876578379516365,31.427024007239957,5.178064391076765,False
3999.799436770067,0.3786804991603612,0.3519070534770167,3.7619114779982636,0.1149300975814895,0.35244765065921124,0.7142284105057335,0.7962299976010319,0.7197344385057619,0.9206371593327545,0.8310032527163168,0.04895301318422569,0.5811823348633466,0.06881766513665344,68.81766513665343,0.06881766513665344,68.81766513665343,0.487176752367583,0.0,0.0,0.01282324763241699,12.82324763241699,True,47.35871034860566,0.0,47.35871034860566,kernel_sensitivity,BO,0.65,10,initial_lhs,rbf,ei,15346,100,20,0.48275969992391765,0.0,0.0,0.4828143999911845,,0,0,0,9.876578379516365,31.427024007239957,5.178064391076765,False
2196.8718795253526,0.19653104565922658,0.22467955704516937,3.076381001980649,0.09582227930870361,0.3657967426329296,0.1991062512929579,0.27580298759779026,0.35622730584334106,0.6921270006602163,0.19407597695678744,0.3159348526585918,0.5818320780062368,0.0681679219937632,68.1679219937632,0.0681679219937632,68.1679219937632,0.5529246555865769,0.052924655586576885,52.92465558657688,-0.052924655586576885,-52.92465558657688,False,46.46865588947785,1120.4076675831134,1166.8763234725911,kernel_sensitivity,BO,0.65,11,initial_lhs,rbf,ei,15346,100,20,0.42523180006537586,0.0,0.0,0.42528399999719113,,0,0,0,9.876578379516365,31.427024007239957,5.178064391076765,False
1609.7355225757524,0.28138984596159916,0.18581587660225246,3.5338370575191185,0.09144083392414874,0.3816849155067848,0.031353006450214944,0.5182567027474262,0.24518821886357842,0.8446123525063729,0.04802779747162479,0.6336983101356961,0.5854670936171508,0.06453290638284925,64.53290638284925,0.06453290638284925,64.53290638284925,0.5097592453882048,0.009759245388204829,9.759245388204828,-0.009759245388204829,-9.759245388204828,False,41.64496006217586,38.097148218878885,79.74210828105475,kernel_sensitivity,BO,0.65,12,initial_lhs,rbf,ei,15346,100,20,0.3875282999360934,0.0,0.0,0.3875770000740886,,0,0,0,9.876578379516365,31.427024007239957,5.178064391076765,False
1813.3867983475764,0.13220341418503523,0.14423109301311401,3.206593134749731,0.09278110181947505,0.39244108437790554,0.08953908524216467,0.09200975481438631,0.12637455146604,0.7355310449165771,0.09270339398250171,0.8488216875581106,0.612169843467857,0.037830156532143056,37.83015653214306,0.037830156532143056,37.83015653214306,0.6443397008502464,0.1443397008502464,144.3397008502464,-0.1443397008502464,-144.3397008502464,False,14.311207432464458,8333.579696615447,8347.89090404791,kernel_sensitivity,BO,0.65,13,initial_lhs,rbf,ei,15346,100,20,0.4165036999620497,0.0,0.0,0.4165469000581652,,0,0,0,9.876578379516365,31.427024007239957,5.178064391076765,False
4204.575637286704,0.4019577670948522,0.31993650104482,1.30455026313764,0.11980920405894412,0.36180135012694625,0.7727358963676296,0.8627364774138636,0.6283900029852001,0.10151675437921329,0.9936401352981374,0.2360270025389255,0.6398182439782532,0.010181756021746868,10.181756021746867,0.010181756021746868,10.181756021746867,0.49154015630514697,0.0,0.0,0.008459843694853031,8.459843694853031,True,1.0366815568637862,0.0,1.0366815568637862,kernel_sensitivity,BO,0.65,14,initial_lhs,rbf,ei,15346,100,20,0.3489943000022322,0.0,0.0,0.3490396999986842,,0,0,0,1.0366815568637862,10.181756021746867,8.459843694853031,True
3192.9296446363046,0.423926752491834,0.2553765665688448,2.6546657143893686,0.0965183441229152,0.35759647294793534,0.4836941841818013,0.9255050071195257,0.44393304733955646,0.5515552381297895,0.21727813743050675,0.15192945895870721,0.5622686129664629,0.08773138703353711,87.73138703353712,0.08773138703353711,87.73138703353712,0.4625265536453652,0.0,0.0,0.03747344635463479,37.47344635463479,True,76.96796270828283,0.0,76.96796270828283,kernel_sensitivity,BO,0.65,15,initial_lhs,rbf,ei,15346,100,20,0.3678827000549063,0.0,0.0,0.3679318999638781,,0,0,0,1.0366815568637862,10.181756021746867,8.459843694853031,False
2700.593557237674,0.33818262949677363,0.1990430116120953,1.9500415400810032,0.09409000879026061,0.3719383903766541,0.3430267306393355,0.6805217985622104,0.28298003317741516,0.3166805133603344,0.13633362634202068,0.43876780753308253,0.5862426835305813,0.06375731646941873,63.75731646941873,0.06375731646941873,63.75731646941873,0.4810971253920801,0.0,0.0,0.018902874607919895,18.902874607919895,True,40.64995403381614,0.0,40.64995403381614,kernel_sensitivity,BO,0.65,16,initial_lhs,rbf,ei,15346,100,20,0.3645403999835253,0.0,0.0,0.3645898998947814,,0,0,0,1.0366815568637862,10.181756021746867,8.459843694853031,False
2899.266907555668,0.31095353753349964,0.37682930358549627,2.824282220138563,0.10636199262629972,0.36869917331351465,0.39979054501590505,0.6027243929528561,0.7909408673871322,0.608094073379521,0.5453997542099909,0.37398346627029266,0.6011884971132792,0.04881150288672087,48.811502886720874,0.04881150288672087,48.811502886720874,0.5116529487611348,0.011652948761134763,11.652948761134763,-0.011652948761134763,-11.652948761134763,False,23.825628140603598,54.316485931852874,78.14211407245648,kernel_sensitivity,BO,0.65,17,initial_lhs,rbf,ei,15346,100,20,0.4280688000144437,0.0,0.0,0.4281188000459224,,0,0,0,1.0366815568637862,10.181756021746867,8.459843694853031,False
3044.514408616018,0.13979497484656106,0.30989460212555864,1.656541145303361,0.10930447987331124,0.37739396512591034,0.441289831033148,0.11369992813303162,0.5996988632158817,0.21884704843445366,0.643482662443708,0.547879302518207,0.6425949918594415,0.0074050081405585555,7.4050081405585555,0.0074050081405585555,7.4050081405585555,0.5079117398907723,0.007911739890772318,7.911739890772318,-0.007911739890772318,-7.911739890772318,False,0.5483414556173848,25.038251239695185,25.58659269531257,kernel_sensitivity,BO,0.65,18,initial_lhs,rbf,ei,15346,100,20,0.395368600031361,0.0,0.0,0.3954150000354275,,0,0,0,1.0366815568637862,10.181756021746867,8.459843694853031,False
2461.893827302366,0.22389817256677697,0.21087379793104466,2.4905672706695223,0.11774230969058219,0.3637277475495837,0.27482680780067603,0.35399477876221996,0.31678227980298473,0.4968557568898408,0.9247436563527401,0.2745549509916742,0.6330995834325879,0.016900416567412146,16.900416567412147,0.016900416567412146,16.900416567412147,0.5548396614452181,0.054839661445218124,54.83966144521813,-0.054839661445218124,-54.83966144521813,False,2.8562408015205896,1202.955386970457,1205.8116277719778,kernel_sensitivity,BO,0.65,19,initial_lhs,rbf,ei,15346,100,20,0.41472550004255027,0.0,0.0,0.41477060003671795,,0,0,0,1.0366815568637862,10.181756021746867,8.459843694853031,False
1934.5400127944786,0.26204913030790195,0.15419782081856512,1.5703878378645608,0.11343460483866742,0.3778068159986177,0.12415428936985104,0.46299751516543414,0.15485091662447176,0.19012927928818696,0.7811534946222476,0.5561363199723545,0.6590837720204303,0.009083772020430314,9.083772020430313,0.0,0.0,0.5157009984906061,0.015700998490606133,15.700998490606132,-0.015700998490606133,-15.700998490606132,False,0.8251491411915263,98.60854144080642,99.43369058199795,kernel_sensitivity,BO,0.65,20,initial_lhs,rbf,ei,15346,100,20,0.34201659995596856,0.0,0.0,0.3420650000916794,,0,0,0,1.0366815568637862,10.181756021746867,8.459843694853031,False
1579.1587377726328,0.14872674503500175,0.3867069409604915,1.0000197644309279,0.11294996669419816,0.385187396688104,0.022616782220752252,0.13921927152857638,0.8191626884585472,6.5881436426273865e-06,0.7649988898066056,0.7037479337620792,0.712859608128104,0.06285960812810398,62.859608128103986,0.0,0.0,0.5385565851774006,0.03855658517740057,38.55658517740057,-0.03855658517740057,-38.55658517740057,False,39.51330334018796,594.6441042168582,634.1574075570461,kernel_sensitivity,BO,0.65,21,bo,rbf,ei,15346,100,20,0.3118040000554174,0.09701569995377213,0.003696099971421063,0.41262750001624227,2797.545461167832,5000,4000,1000,1.0366815568637862,10.181756021746867,8.459843694853031,False
4359.199031664155,0.27785253160060774,0.43982921769869043,1.0303783615870525,0.0921444983085358,0.3590084150391165,0.8169140090469016,0.5081500902874507,0.9709406219962583,0.010126120529017513,0.07148327695119361,0.18016830078233004,0.5848201186459145,0.06517988135408548,65.17988135408548,0.06517988135408548,65.17988135408548,0.46073660275919553,0.0,0.0,0.039263397240804465,39.263397240804466,True,42.48416933332659,0.0,42.48416933332659,kernel_sensitivity,BO,0.65,22,bo,rbf,ei,15346,100,20,0.43807499995455146,0.09430900006555021,0.0027544000186026096,0.5352681000949815,1235.1025085796575,5000,4000,1000,1.0366815568637862,10.181756021746867,8.459843694853031,False
4260.732452383756,0.44491590115955637,0.2603311349753781,3.9748159202821682,0.09651905971251853,0.37491636289361807,0.788780700681073,0.9854740033130182,0.45808895707250885,0.9916053067607227,0.21730199041728482,0.498327257872362,0.5616947182133648,0.08830528178663521,88.30528178663522,0.08830528178663521,88.30528178663522,0.4770719551948111,0.0,0.0,0.022928044805188896,22.928044805188897,True,77.97822791417047,0.0,77.97822791417047,kernel_sensitivity,BO,0.65,23,bo,rbf,ei,15346,100,20,0.4646476999623701,0.03622849995736033,0.002916899975389242,0.5039215000579134,774.350681401811,5000,4000,1000,1.0366815568637862,10.181756021746867,8.459843694853031,False
2856.238411273462,0.29580408628628185,0.3957321862153961,1.4185238084833016,0.11846929888104774,0.39844453333066787,0.3874966889352749,0.5594402465322339,0.8449491034725601,0.13950793616110058,0.9489766293682581,0.9688906666133569,0.6855199821371273,0.03551998213712726,35.51998213712726,0.0,0.0,0.5340700292022006,0.03407002920220059,34.070029202200594,-0.03407002920220059,-34.070029202200594,False,12.616691310218396,464.30675593552047,476.9234472457389,kernel_sensitivity,BO,0.65,24,bo,rbf,ei,15346,100,20,0.37693629995919764,0.0698494000826031,0.0028959999326616526,0.4498022000771016,659.2465061844101,5000,4000,1000,1.0366815568637862,10.181756021746867,8.459843694853031,False
4741.80766320896,0.10223102212636972,0.27469271588617106,1.032354265359333,0.11161088291218696,0.37897842112346425,0.9262307609168454,0.006374348932484897,0.49912204538906013,0.010784755119777611,0.7203627637395656,0.5795684224692853,0.6523640848318614,0.002364084831861346,2.364084831861346,0.0,0.0,0.5030850908792454,0.0030850908792453557,3.0850908792453557,-0.0030850908792453557,-3.0850908792453557,False,0.05588897092236889,3.807114293281153,3.863003264203522,kernel_sensitivity,BO,0.65,25,bo,rbf,ei,15346,100,20,0.5635230001062155,0.0626563000259921,0.003131299978122115,0.6294267000630498,533.4474976747931,5000,4000,1000,1.0366815568637862,10.181756021746867,8.459843694853031,False
4694.961675277794,0.4128889368962404,0.40952933087396004,1.0245719745289077,0.0912166831389484,0.39150704041250384,0.9128461929365125,0.8939683911321153,0.8843695167827431,0.008190658176302601,0.0405561046316133,0.8301408082500766,0.6085895016175358,0.041410498382464245,41.41049838246425,0.041410498382464245,41.41049838246425,0.48975966623863515,0.0,0.0,0.01024033376136485,10.24033376136485,True,17.148293762840733,0.0,17.148293762840733,kernel_sensitivity,BO,0.65,26,bo,rbf,ei,15346,100,20,0.4056789999594912,0.0665026999777183,0.0035457999911159277,0.47585559997241944,655.620693435947,5000,4000,1000,1.0366815568637862,10.181756021746867,8.459843694853031,False
4922.071070954537,0.18695989140208835,0.37288592058465153,2.610052268182209,0.11786307819045068,0.3833726010543634,0.9777345917012964,0.24845683257739526,0.7796740588132901,0.5366840893940696,0.9287692730150229,0.6674520210872672,0.6387540292289742,0.011245970771025848,11.24597077102585,0.011245970771025848,11.24597077102585,0.5464247779510067,0.046424777951006746,46.424777951006746,-0.046424777951006746,-46.424777951006746,False,1.264718585827677,862.1040031201129,863.3687217059406,kernel_sensitivity,BO,0.65,27,bo,rbf,ei,15346,100,20,0.6846838999772444,0.06179349997546524,0.0034542999928817153,0.7500470000086352,1888.2958152387264,5000,4000,1000,1.0366815568637862,10.181756021746867,8.459843694853031,False
4777.697668645109,0.2377608377685906,0.1621691246952681,3.9619738901723145,0.09179383263507103,0.35600533635354725,0.9364850481843169,0.39360239362454463,0.1776260705579088,0.9873246300574382,0.05979442116903433,0.12010672707094583,0.5388946904809826,0.11110530951901743,111.10530951901742,0.11110530951901743,111.10530951901742,0.513671485211998,0.013671485211998013,13.671485211998014,-0.013671485211998013,-13.671485211998014,False,123.44389803316663,74.76380316075215,198.20770119391878,kernel_sensitivity,BO,0.65,28,bo,rbf,ei,15346,100,20,0.6728414000244811,0.11355990008451045,0.0036997999995946884,0.7902164000552148,1184.9659022140772,5000,4000,1000,1.0366815568637862,10.181756021746867,8.459843694853031,False
4698.49519414927,0.23848109186507324,0.34999133885744815,1.1196748802772603,0.09837830450571254,0.3723859112090754,0.9138557697569343,0.3956602624716379,0.7142609681641376,0.03989162675908675,0.27927681685708494,0.4477182241815082,0.6094041559380252,0.040595844061974806,40.59584406197481,0.040595844061974806,40.59584406197481,0.48053885925004336,0.0,0.0,0.01946114074995664,19.46114074995664,True,16.480225551041748,0.0,16.480225551041748,kernel_sensitivity,BO,0.65,29,bo,rbf,ei,15346,100,20,0.46833190007600933,0.054489500005729496,0.0032329000532627106,0.5261689000762999,900.0339430185727,5000,4000,1000,1.0366815568637862,10.181756021746867,8.459843694853031,False
4701.096363960794,0.3049247145162005,0.427843771552359,3.960741246156495,0.09321147949663049,0.3786939204230826,0.9145989611316554,0.5854991843320015,0.9366964901495971,0.9869137487188315,0.10704931655434946,0.5738784084616522,0.5657551622157667,0.0842448377842333,84.24483778423331,0.0842448377842333,84.24483778423331,0.5083209626053302,0.008320962605330218,8.320962605330218,-0.008320962605330218,-8.320962605330218,False,70.97192693291782,27.69536747172154,98.66729440463936,kernel_sensitivity,BO,0.65,30,bo,rbf,ei,15346,100,20,0.6504432000219822,0.08364440000150353,0.0033237000461667776,0.7375202000839636,447.6279421743534,5000,4000,1000,1.0366815568637862,10.181756021746867,8.459843694853031,False
1681.0697962015902,0.26002806089043784,0.2619314598054261,1.246904105455084,0.09262005404750266,0.3977628963696559,0.05173422748616863,0.45722303111553664,0.4626613137297889,0.082301368485028,0.08733513491675549,0.9552579273931179,0.639589319308709,0.01041068069129103,10.41068069129103,0.01041068069129103,10.41068069129103,0.5144875810330211,0.014487581033021057,14.487581033021058,-0.014487581033021057,-14.487581033021058,False,1.0838227245601988,83.95600167534059,85.03982439990078,kernel_sensitivity,BO,0.65,31,bo,rbf,ei,15346,100,20,0.3116763000143692,0.05223080003634095,0.003778400016017258,0.36780370003543794,314.0001296720055,5000,4000,1000,1.0366815568637862,10.181756021746867,8.459843694853031,False
2612.2930677174973,0.37650760386334703,0.10506018284409142,2.0298444620320866,0.0924144368234925,0.38505055531874394,0.31779801934785645,0.7900217253238488,0.014457665268832631,0.34328148734402886,0.08048122744975017,0.701011106374879,0.5916884697823674,0.05831153021763258,58.31153021763258,0.05831153021763258,58.31153021763258,0.4889955352978261,0.0,0.0,0.011004464702173922,11.004464702173921,True,34.00234556321877,0.0,34.00234556321877,kernel_sensitivity,BO,0.65,32,bo,rbf,ei,15346,100,20,0.40727890003472567,0.06507029989734292,0.003313200082629919,0.47578159999102354,611.3477791010368,5000,4000,1000,1.0366815568637862,10.181756021746867,8.459843694853031,False
3421.97253749905,0.3832536862801166,0.12459956905084446,1.0923625873050313,0.10124336136603732,0.35540033080263256,0.5491350107140143,0.809296246514619,0.07028448300241275,0.030787529101677147,0.3747787122012439,0.10800661605265172,0.594018911133899,0.05598108886610098,55.98108886610098,0.05598108886610098,55.98108886610098,0.46719193698319694,0.0,0.0,0.03280806301680306,32.80806301680306,True,31.338823106342954,0.0,31.338823106342954,kernel_sensitivity,BO,0.65,33,bo,rbf,ei,15346,100,20,0.3642144000623375,0.12299830000847578,0.0034221999812871218,0.4907528000185266,291.3545448499995,5000,4000,1000,1.0366815568637862,10.181756021746867,8.459843694853031,False
4361.749139393104,0.44999999999999996,0.32281809475206036,1.8790089652177469,0.11794001084769856,0.35971456863117246,0.8176426112551726,1.0,0.6366231278630295,0.2930029884059156,0.9313336949232858,0.19429137262344978,0.6187877394289332,0.031212260571066852,31.212260571066853,0.031212260571066852,31.212260571066853,0.4855511787848794,0.0,0.0,0.014448821215120589,14.448821215120589,True,9.742052099561745,0.0,9.742052099561745,kernel_sensitivity,BO,0.65,34,bo,rbf,ei,15346,100,20,0.3640681999968365,0.09929279994685203,0.003926599980331957,0.4674088000319898,279.8148661794131,5000,4000,1000,1.0366815568637862,10.181756021746867,8.459843694853031,False
3215.635380262628,0.16391060087477427,0.4374728230844205,1.0823255573856159,0.09455030597296045,0.37351598017561927,0.4901815372178937,0.1826017167850693,0.9642080659554871,0.02744185246187192,0.15167686576534833,0.47031960351238544,0.6155810451836262,0.034418954816373803,34.418954816373805,0.034418954816373803,34.418954816373805,0.48334073598623295,0.0,0.0,0.01665926401376705,16.65926401376705,True,11.846644506515814,0.0,11.846644506515814,kernel_sensitivity,BO,0.65,35,bo,rbf,ei,15346,100,20,0.3975170999765396,0.10063610004726797,0.0035562999546527863,0.501825499930419,3119.508603016689,5000,4000,1000,1.0366815568637862,10.181756021746867,8.459843694853031,False
3520.3169187166695,0.1489118717425938,0.286594403703453,1.4657094278063552,0.09241745765830771,0.37906157643594257,0.5772334053476198,0.13974820497883944,0.5331268677241514,0.15523647593545176,0.08058192194359037,0.5812315287188516,0.6028797207662144,0.04712027923378559,47.12027923378559,0.04712027923378559,47.12027923378559,0.4845291757707018,0.0,0.0,0.015470824229298186,15.470824229298186,True,22.20320715069925,0.0,22.20320715069925,kernel_sensitivity,BO,0.65,36,bo,rbf,ei,15346,100,20,0.4319680999033153,0.08780940005090088,0.003966199932619929,0.5238612999673933,509.6504130375,5000,4000,1000,1.0366815568637862,10.181756021746867,8.459843694853031,False
3701.48895085987,0.35054215901929553,0.447895599135698,1.0983887409516222,0.10050453624554861,0.37002450538174547,0.62899684310282,0.7158347400551303,0.9939874261019944,0.03279624698387407,0.35015120818495415,0.400490107634909,0.6142058903916622,0.03579410960833784,35.79410960833784,0.03579410960833784,35.79410960833784,0.4813744072849056,0.0,0.0,0.018625592715094397,18.625592715094395,True,12.812182826537034,0.0,12.812182826537034,kernel_sensitivity,BO,0.65,37,bo,rbf,ei,15346,100,20,0.3666201999876648,0.05076590005774051,0.0033984000328928232,0.4208993000211194,2919.959676775618,5000,4000,1000,1.0366815568637862,10.181756021746867,8.459843694853031,False
1508.0902827245595,0.18653543592940253,0.216035298657149,1.0738659871792158,0.10870985702490092,0.3669674969461856,0.002311509349874119,0.24724410265543584,0.33152942473471136,0.02462199572640522,0.6236619008300309,0.3393499389237119,0.6714183925278663,0.02141839252786626,21.41839252786626,0.0,0.0,0.5126987335869783,0.012698733586978261,12.69873358697826,-0.012698733586978261,-12.69873358697826,False,4.587475384777572,64.50313388521991,69.09060926999749,kernel_sensitivity,BO,0.65,38,bo,rbf,ei,15346,100,20,0.29344649997074157,0.05577760003507137,0.004168399958871305,0.35350979992654175,3344.9743392914784,5000,4000,1000,1.0366815568637862,10.181756021746867,8.459843694853031,False
2619.755280858955,0.1315573413853296,0.3595683251283335,2.9651684216122396,0.11539802227728437,0.37055488292453403,0.3199300802454157,0.0901638325295131,0.7416237860809527,0.6550561405374131,0.8466007425761458,0.4110976584906805,0.6330360022298247,0.01696399777017532,16.96399777017532,0.01696399777017532,16.96399777017532,0.6799507937127044,0.1799507937127044,179.95079371270438,-0.1799507937127044,-179.95079371270438,False,2.8777722034651325,12952.915263132916,12955.79303533638,kernel_sensitivity,BO,0.65,39,bo,rbf,ei,15346,100,20,0.4637784000951797,0.053806299925781786,0.0037441999884322286,0.5214547000359744,1659.4093060762582,5000,4000,1000,1.0366815568637862,10.181756021746867,8.459843694853031,False
1613.053001353106,0.35015982115891386,0.3470803651181582,3.9958442539502923,0.11151260664354468,0.3525683981724667,0.03230085752945888,0.7147423461683254,0.7059439003375948,0.9986147513167641,0.7170868881181559,0.05136796344933481,0.5901327591467879,0.059867240853212156,59.86724085321215,0.059867240853212156,59.86724085321215,0.4839070467682102,0.0,0.0,0.016092953231789775,16.092953231789775,True,35.84086527376515,0.0,35.84086527376515,kernel_sensitivity,BO,0.65,40,bo,rbf,ei,15346,100,20,0.38782579998951405,0.07449759996961802,0.004582099965773523,0.4670312999514863,1783.5145823577554,5000,4000,1000,1.0366815568637862,10.181756021746867,8.459843694853031,False
4159.0717558280485,0.4022039411424849,0.3129412701361245,1.3725169526963252,0.12,0.3630567580909141,0.7597347873794424,0.8634398318356713,0.6084036289603556,0.12417231756544175,1.0,0.261135161818282,0.6397285832413958,0.010271416758604213,10.271416758604213,0.010271416758604213,10.271416758604213,0.4929651554055491,0.0,0.0,0.0070348445944509175,7.0348445944509175,True,1.0550200222893547,0.0,1.0550200222893547,kernel_sensitivity,BO,0.65,41,bo,rbf,ei,15346,100,20,0.35787009994965047,0.028496699989773333,0.006547400029376149,0.39303679997101426,906.0578996160514,5000,4000,1000,1.0366815568637862,10.181756021746867,8.459843694853031,False
1657.4491387938406,0.22576511886346584,0.20609429069180854,2.560206484322416,0.09108165959376333,0.3929366450570425,0.0449854682268116,0.35932891103847386,0.3031265448337387,0.520068828107472,0.03605531979211074,0.8587329011408499,0.6128773805441465,0.03712261945585349,37.12261945585349,0.03712261945585349,37.12261945585349,0.5469863680948187,0.04698636809481871,46.98636809481871,-0.04698636809481871,-46.98636809481871,False,13.78088875264112,883.0875146967189,896.86840344936,kernel_sensitivity,BO,0.65,42,bo,rbf,ei,15346,100,20,0.3707762999692932,0.16375159996096045,0.004771800013259053,0.5394290999975055,2552.9500030330723,5000,4000,1000,1.0366815568637862,10.181756021746867,8.459843694853031,False
1958.8056916700323,0.17561516365226404,0.3985355920097954,3.3563675758072065,0.09324377516251445,0.35785854010582263,0.1310873404771521,0.21604332472075438,0.8529588343137012,0.7854558586024022,0.10812583875048154,0.15717080211645296,0.5743679433699171,0.07563205663008288,75.63205663008287,0.07563205663008288,75.63205663008287,0.5569300659144759,0.056930065914475914,56.93006591447591,-0.056930065914475914,-56.93006591447591,False,57.202079900960626,1296.4129620106287,1353.6150419115893,kernel_sensitivity,BO,0.65,43,bo,rbf,ei,15346,100,20,0.4512983999447897,0.13212690001819283,0.003987299976870418,0.5875409999862313,3409.036870852335,5000,4000,1000,1.0366815568637862,10.181756021746867,8.459843694853031,False
2778.2564852228033,0.1431415740158935,0.14888731327340363,2.9531873230679717,0.09050347256474499,0.3981819203160333,0.3652161386350866,0.12326164004540996,0.13967803792401035,0.6510624410226572,0.016782418824833112,0.9636384063206652,0.6011871098422126,0.04881289015778745,48.81289015778745,0.04881289015778745,48.81289015778745,0.617005089638583,0.11700508963858303,117.00508963858303,-0.11700508963858303,-117.00508963858303,False,23.826982455562224,5476.076400533139,5499.903382988701,kernel_sensitivity,BO,0.65,44,bo,rbf,ei,15346,100,20,0.4713216000236571,0.09292229998391122,0.0048590999795123935,0.5692220999626443,2599.9890786661404,5000,4000,1000,1.0366815568637862,10.181756021746867,8.459843694853031,False
4021.4661813203948,0.15256616063155992,0.41929868277540283,2.2323303840820996,0.09332736581362394,0.3620899593030112,0.7204189089486842,0.1501890303758855,0.9122819507868654,0.4107767946940333,0.11091219378746464,0.24179918606022444,0.5746535811492275,0.07534641885077253,75.34641885077254,0.07534641885077253,75.34641885077254,0.487579843451399,0.0,0.0,0.012420156548601013,12.420156548601014,True,56.7708283363605,0.0,56.7708283363605,kernel_sensitivity,BO,0.65,45,bo,rbf,ei,15346,100,20,0.64134810003452,0.1294564000563696,0.007318199961446226,0.7782573000295088,1663.3952901208895,5000,4000,1000,1.0366815568637862,10.181756021746867,8.459843694853031,False
3283.463342127914,0.12343923278048163,0.39939005370933267,1.8205789880960164,0.10350925614017917,0.3633401687744896,0.5095609548936897,0.06696923651566178,0.8554001534552362,0.2735263293653388,0.45030853800597215,0.26680337548979194,0.6116373282971461,0.0383626717028539,38.3626717028539,0.0383626717028539,38.3626717028539,0.4929307155186853,0.0,0.0,0.007069284481314719,7.069284481314719,True,14.716945801809475,0.0,14.716945801809475,kernel_sensitivity,BO,0.65,46,bo,rbf,ei,15346,100,20,0.5834729999769479,0.22506500000599772,0.0061685999389737844,0.8148573000216857,2533.2692089540938,5000,4000,1000,1.0366815568637862,10.181756021746867,8.459843694853031,False
4981.557579187647,0.21204902653884633,0.4210128888122452,2.105798846493126,0.11597475887148448,0.3500252469073891,0.9947307369107565,0.32014007582527526,0.9171796823207006,0.3685996154977086,0.8658252957161494,0.0005049381477822967,0.6102807424109307,0.03971925758906936,39.71925758906936,0.03971925758906936,39.71925758906936,0.4886440285401487,0.0,0.0,0.011355971459851288,11.355971459851288,True,15.776194234268436,0.0,15.776194234268436,kernel_sensitivity,BO,0.65,47,bo,rbf,ei,15346,100,20,0.5688994000665843,0.22689149994403124,0.006006499985232949,0.8019428999396041,2838.174094582426,5000,4000,1000,1.0366815568637862,10.181756021746867,8.459843694853031,False
3837.875605539672,0.10401421303176303,0.3989485051892405,1.6493119532403313,0.09280695239789688,0.36037102600213966,0.6679644587256206,0.011469180090751485,0.8541385862549731,0.2164373177467771,0.09356507992989593,0.207420520042794,0.5827500072789117,0.06724999272108834,67.24999272108833,0.06724999272108834,67.24999272108833,0.4678626563920206,0.0,0.0,0.032137343607979374,32.137343607979375,True,45.225615209864344,0.0,45.225615209864344,kernel_sensitivity,BO,0.65,48,bo,rbf,ei,15346,100,20,0.5339649000670761,0.20059080002829432,0.004504299955442548,0.7391872999724001,1407.6741898043178,5000,4000,1000,1.0366815568637862,10.181756021746867,8.459843694853031,False
1748.1118832837735,0.1791696403206897,0.2177410780262879,1.9698349014085372,0.11367642422018462,0.35857470221766946,0.07088910950964955,0.22619897234482766,0.3364030800751082,0.32327830046951245,0.7892141406728208,0.17149404435338944,0.646521639163633,0.0034783608363669893,3.4783608363669893,0.0034783608363669893,3.4783608363669893,0.5411605685785245,0.04116056857852446,41.16056857852446,-0.04116056857852446,-41.16056857852446,False,0.12098994107971661,677.6769622829659,677.7979522240456,kernel_sensitivity,BO,0.65,49,bo,rbf,ei,15346,100,20,0.4131247999612242,0.25590709992684424,0.00577519997023046,0.6749501000158489,1071.3956917155065,5000,4000,1000,1.0366815568637862,10.181756021746867,8.459843694853031,False
3206.0243457844854,0.15174579770640403,0.11332432446313706,3.4504614049141358,0.10376448975930497,0.36393453159136424,0.4874355273669959,0.14784513630401153,0.038069498466105856,0.816820468304712,0.4588163253101655,0.2786906318272854,0.585105178664657,0.06489482133534297,64.89482133534297,0.06489482133534297,64.89482133534297,0.6254568172862368,0.1254568172862368,125.45681728623681,-0.1254568172862368,-125.45681728623681,False,42.11337836146084,6295.765201436883,6337.878579798344,kernel_sensitivity,BO,0.65,50,bo,rbf,ei,15346,100,20,0.5240248000482097,0.19480240007396787,0.005342299933545291,0.7242920999415219,2684.5873351708365,5000,4000,1000,1.0366815568637862,10.181756021746867,8.459843694853031,False
1594.870351657098,0.24043900342643373,0.41422899903722454,1.8619055328820386,0.09141939453860587,0.36338378107805197,0.027105814759170843,0.4012542955040964,0.897797140106356,0.28730184429401284,0.04731315128686242,0.2676756215610393,0.5972710399851751,0.052728960014824966,52.72896001482496,0.052728960014824966,52.72896001482496,0.4913680809618002,0.0,0.0,0.00863191903819982,8.63191903819982,True,27.803432242450096,0.0,27.803432242450096,kernel_sensitivity,BO,0.65,51,bo,rbf,ei,15346,100,20,0.34779529995284975,0.18581880000419915,0.005300800083205104,0.5390391999389976,2926.04134856247,5000,4000,1000,1.0366815568637862,10.181756021746867,8.459843694853031,False
4081.1677166239065,0.1937615151872414,0.1592824889265015,3.955213820057372,0.09547948778136212,0.38186879499943094,0.7374764904639732,0.2678900433921183,0.16937853979000428,0.9850712733524574,0.1826495927120706,0.6373758999886182,0.5754231261626898,0.07457687383731026,74.57687383731026,0.07457687383731026,74.57687383731026,0.5773398206744952,0.07733982067449519,77.33982067449519,-0.07733982067449519,-77.33982067449519,False,55.617101113460926,2392.579144785229,2448.19624589869,kernel_sensitivity,BO,0.65,52,bo,rbf,ei,15346,100,20,0.578919899999164,0.20698310004081577,0.006139300065115094,0.7921661000000313,1134.1806707572239,5000,4000,1000,1.0366815568637862,10.181756021746867,8.459843694853031,False
1923.5578881088686,0.2540402652944504,0.30897754098079,2.121605456661635,0.10879796387667574,0.3515982900150073,0.12101653945967672,0.4401150436984297,0.5970786885165429,0.3738684855538783,0.6265987958891915,0.03196580030014606,0.6147486074477773,0.03525139255222276,35.25139255222276,0.03525139255222276,35.25139255222276,0.5083716957506493,0.008371695750649333,8.371695750649334,-0.008371695750649333,-8.371695750649334,False,12.426606768709062,28.034115896576036,40.4607226652851,kernel_sensitivity,BO,0.65,53,bo,rbf,ei,15346,100,20,0.3715352000435814,0.1548673000652343,0.004926600027829409,0.5314529999159276,3665.043097437656,5000,4000,1000,1.0366815568637862,10.181756021746867,8.459843694853031,False
3763.840786091492,0.14575131723645574,0.43596613854245625,1.6412860484161131,0.09240117936162663,0.38900254888348657,0.6468116531689978,0.13071804924701635,0.9599032529784464,0.21376201613870438,0.08003931205422132,0.7800509776697315,0.61085798130583,0.03914201869417,39.14201869417,0.03914201869417,39.14201869417,0.49520815491447157,0.0,0.0,0.0047918450855284345,4.7918450855284345,True,15.320976274547537,0.0,15.320976274547537,kernel_sensitivity,BO,0.65,54,bo,rbf,ei,15346,100,20,0.44065639993641526,0.15411689993925393,0.005842500017024577,0.6007375000044703,1556.1670210918528,5000,4000,1000,1.0366815568637862,10.181756021746867,8.459843694853031,False
3325.0602791539127,0.19858927556621608,0.3038979776177383,3.6194321726704732,0.11100638517835079,0.37623964548631117,0.5214457940439751,0.2816836444749031,0.5825656503363952,0.8731440575568244,0.7002128392783598,0.5247929097262239,0.6115931742749432,0.038406825725056826,38.40682572505683,0.038406825725056826,38.40682572505683,0.5965316585967961,0.09653165859679613,96.53165859679613,-0.09653165859679613,-96.53165859679613,False,14.750842622748868,3727.344444579361,3742.09528720211,kernel_sensitivity,BO,0.65,55,bo,rbf,ei,15346,100,20,0.525612200028263,0.14284839993342757,0.005916699999943376,0.6745007999707013,2640.58818668581,5000,4000,1000,1.0366815568637862,10.181756021746867,8.459843694853031,False
4366.367967912982,0.17506724248177374,0.17670532578584813,2.2811039627422374,0.09430644689514682,0.35043058085985174,0.8189622765465663,0.21447783566221068,0.21915807367385176,0.4270346542474125,0.14354822983822746,0.008611617197035182,0.5590934451664347,0.09090655483356536,90.90655483356535,0.09090655483356536,90.90655483356535,0.4742156951099864,0.0,0.0,0.0257843048900136,25.784304890013598,True,82.64001711708023,0.0,82.64001711708023,kernel_sensitivity,BO,0.65,56,bo,rbf,ei,15346,100,20,0.50981459999457,0.22698190005030483,0.005035699927248061,0.7419599000131711,908.7779888595583,5000,4000,1000,1.0366815568637862,10.181756021746867,8.459843694853031,False
1776.2789723018327,0.10439952146350107,0.3832692752624435,3.57964294191949,0.09045825394324364,0.36344324133513817,0.07893684922909505,0.012570061324288728,0.8093407864641241,0.8598809806398301,0.015275131441454759,0.26886482670276357,0.5784416233525154,0.07155837664748466,71.55837664748465,0.07155837664748466,71.55837664748465,0.6633718828816232,0.1633718828816232,163.37188288162318,-0.1633718828816232,-163.37188288162318,False,51.20601268423277,10676.148846514723,10727.354859198957,kernel_sensitivity,BO,0.65,57,bo,rbf,ei,15346,100,20,0.46031819994095713,0.24072830006480217,0.006856599939055741,0.7080244000535458,1960.3521187542754,5000,4000,1000,1.0366815568637862,10.181756021746867,8.459843694853031,False
2275.0522600574227,0.40777252599506897,0.24612550761730745,3.4530535765411328,0.09382848263120185,0.36897964771910313,0.2214435028735493,0.8793500742716256,0.41750145033516417,0.8176845255137108,0.1276160877067284,0.3795929543820631,0.5623905123888966,0.08760948761110343,87.60948761110343,0.08760948761110343,87.60948761110343,0.4735035628894271,0.0,0.0,0.026496437110572924,26.496437110572924,True,76.75422319480086,0.0,76.75422319480086,kernel_sensitivity,BO,0.65,58,bo,rbf,ei,15346,100,20,0.3722535000415519,0.11147660005372018,0.0068910999689251184,0.49074999999720603,2397.142875470746,5000,4000,1000,1.0366815568637862,10.181756021746867,8.459843694853031,False
3487.8655745682677,0.10728047079197948,0.28255300537564937,1.1300142120172163,0.11915245419928176,0.36603987370658203,0.5679615927337908,0.02080134511994136,0.5215800153589982,0.04333807067240547,0.9717484733093922,0.32079747413164084,0.664704398556788,0.014704398556787956,14.704398556787957,0.0,0.0,0.503414552893829,0.0034145528938289704,3.4145528938289704,-0.0034145528938289704,-3.4145528938289704,False,2.162193369168677,4.663668585902318,6.825861955070995,kernel_sensitivity,BO,0.65,59,bo,rbf,ei,15346,100,20,0.42696040007285774,0.1711515000788495,0.005143600050359964,0.603379699983634,2459.8733318225936,5000,4000,1000,1.0366815568637862,10.181756021746867,8.459843694853031,False
3545.450889005733,0.13256609419742552,0.2836562000918834,1.4535089893326338,0.11041941978043578,0.392637168931303,0.5844145397159237,0.09304598342121573,0.5247320002625241,0.15116966311087798,0.6806473260145262,0.8527433786260603,0.6602367675129783,0.010236767512978306,10.236767512978307,0.0,0.0,0.5187828237576855,0.018782823757685474,18.782823757685474,-0.018782823757685474,-18.782823757685474,False,1.0479140911476805,141.11778732490956,142.16570141605723,kernel_sensitivity,BO,0.65,60,bo,rbf,ei,15346,100,20,0.42379540007095784,0.22498900000937283,0.006392900017090142,0.6553078999277204,934.7373558998121,5000,4000,1000,1.0366815568637862,10.181756021746867,8.459843694853031,False
4098.066879320545,0.14285578492479903,0.42947495730075047,1.3963428944392984,0.10375862661206141,0.35080259370978845,0.7423048226630129,0.12244509978514007,0.9413570208592871,0.13211429814643283,0.45862088706871373,0.016051874195769034,0.6028081747709895,0.04719182522901055,47.191825229010554,0.04719182522901055,47.191825229010554,0.4673290917701389,0.0,0.0,0.03267090822986107,32.67090822986107,True,22.270683684454767,0.0,22.270683684454767,kernel_sensitivity,BO,0.65,61,bo,rbf,ei,15346,100,20,0.46612070000264794,0.13440330000594258,0.00524790002964437,0.605899199959822,1624.82510684158,5000,4000,1000,1.0366815568637862,10.181756021746867,8.459843694853031,False
1883.0623398101075,0.360001562292833,0.43702359316234396,2.5480734130424687,0.11816264356831727,0.3731410481286178,0.10944638280288788,0.7428616065509515,0.9629245518924112,0.5160244710141563,0.9387547856105759,0.46282096257235683,0.6414024976066761,0.008597502393323908,8.597502393323907,0.008597502393323908,8.597502393323907,0.5113620536340625,0.011362053634062508,11.362053634062509,-0.011362053634062508,-11.362053634062509,False,0.7391704740321032,51.63850511332521,52.37767558735731,kernel_sensitivity,BO,0.65,62,bo,rbf,ei,15346,100,20,0.35430909995920956,0.2123358000535518,0.00685819995123893,0.5736368999350816,1720.2102842314505,5000,4000,1000,1.0366815568637862,10.181756021746867,8.459843694853031,False
2332.7456883111236,0.44960947136884577,0.23201618364179014,2.984160129699048,0.11849910622646198,0.3539728719007587,0.2379273395174638,0.998884203910988,0.37718909611940044,0.6613867098996827,0.9499702075487328,0.07945743801517435,0.5996248409314713,0.05037515906852874,50.37515906852874,0.05037515906852874,50.37515906852874,0.4844859812241734,0.0,0.0,0.015514018775826588,15.514018775826589,True,25.37656651179573,0.0,25.37656651179573,kernel_sensitivity,BO,0.65,63,bo,rbf,ei,15346,100,20,0.3486043999437243,0.2547272000228986,0.007339300005696714,0.6108110999921337,742.4236057973778,5000,4000,1000,1.0366815568637862,10.181756021746867,8.459843694853031,False
2494.1366931571984,0.13311008094354979,0.14713504895005028,1.196053747922862,0.09684597834172659,0.39400757776560363,0.28403905518777095,0.09460023126728512,0.13467156842871508,0.0653512493076206,0.22819927805755302,0.8801515553120723,0.6431446555338768,0.0068553444661232366,6.855344466123237,0.0068553444661232366,6.855344466123237,0.5110977351732958,0.01109773517329582,11.09773517329582,-0.01109773517329582,-11.09773517329582,False,0.46995747749206485,49.263890390642885,49.73384786813495,kernel_sensitivity,BO,0.65,64,bo,rbf,ei,15346,100,20,0.3804341000504792,0.27883980004116893,0.0056165000423789024,0.6650551999919116,1639.673048627863,5000,4000,1000,1.0366815568637862,10.181756021746867,8.459843694853031,False
4252.67938700247,0.19538374265444247,0.1301586189316671,1.0068657095014335,0.10089348487184867,0.3986404964898193,0.7864798248578486,0.2725249790126928,0.08616748266190599,0.002288569833811205,0.3631161623949556,0.9728099297963855,0.6429743732787964,0.007025626721203659,7.025626721203659,0.007025626721203659,7.025626721203659,0.5110351242260454,0.011035124226045356,11.035124226045356,-0.011035124226045356,-11.035124226045356,False,0.4935943082569088,48.70958667370125,49.20318098195816,kernel_sensitivity,BO,0.65,65,bo,rbf,ei,15346,100,20,0.444388399948366,0.1874583000317216,0.006977600045502186,0.6389547999715433,796.6691067779273,5000,4000,1000,1.0366815568637862,10.181756021746867,8.459843694853031,False
4560.47352020174,0.2652463069089522,0.35316159197731944,3.9352130733240993,0.09094866614746581,0.35269051759664904,0.8744210057719256,0.4721323054541491,0.7233188342209128,0.9784043577746998,0.03162220491552725,0.05381035193298145,0.5358036842140499,0.11419631578595013,114.19631578595013,0.11419631578595013,114.19631578595013,0.4946161057067737,0.0,0.0,0.005383894293226277,5.383894293226277,True,130.40798539084443,0.0,130.40798539084443,kernel_sensitivity,BO,0.65,66,bo,rbf,ei,15346,100,20,0.597107799956575,0.1974861000198871,0.0056404999922961,0.8003977999323979,683.2112341059661,5000,4000,1000,1.0366815568637862,10.181756021746867,8.459843694853031,False
4463.774034190972,0.19989639382353483,0.37142760229088145,3.2356725172418006,0.09205885320617231,0.37437681529064315,0.8467925811974204,0.28541826806724235,0.7755074351168042,0.7452241724139336,0.06862844020574366,0.4875363058128629,0.5676706548580972,0.08232934514190282,82.32934514190282,0.08232934514190282,82.32934514190282,0.5337692297290729,0.033769229729072925,33.769229729072926,-0.033769229729072925,-33.769229729072926,False,67.78121071494557,456.1443505979611,523.9255613129067,kernel_sensitivity,BO,0.65,67,bo,rbf,ei,15346,100,20,0.5634198000188917,0.3628887999802828,0.0071949000703170896,0.9336330000078306,1508.2942374743313,5000,4000,1000,1.0366815568637862,10.181756021746867,8.459843694853031,False
1836.0417734466478,0.2294333263858479,0.17987368789462355,3.4016100619080825,0.09068081010186406,0.36008977228488787,0.0960119352704708,0.36980950395956547,0.2282105368417816,0.8005366873026941,0.02269367006213563,0.20179544569775798,0.5638481000254393,0.08615189997456074,86.15189997456073,0.08615189997456074,86.15189997456073,0.5126757298380348,0.012675729838034777,12.675729838034776,-0.012675729838034777,-12.675729838034776,False,74.22149869226719,64.26965077073805,138.49114946300523,kernel_sensitivity,BO,0.65,68,bo,rbf,ei,15346,100,20,0.42842360003851354,0.3655667999992147,0.007311300025321543,0.8014326998963952,1577.1538728554074,5000,4000,1000,1.0366815568637862,10.181756021746867,8.459843694853031,False
3949.999746172073,0.2761124449473542,0.30537382814835695,2.774509806154148,0.09004557056624887,0.3721873520659072,0.6999999274777352,0.5031784141352977,0.5867823661381627,0.5915032687180494,0.001519018874962308,0.44374704131814435,0.5654953441906859,0.0845046558093141,84.5046558093141,0.0845046558093141,84.5046558093141,0.4968522209829587,0.0,0.0,0.0031477790170412745,3.1477790170412745,True,71.41036853450642,0.0,71.41036853450642,kernel_sensitivity,BO,0.65,69,bo,rbf,ei,15346,100,20,0.48687170003540814,0.2355530000058934,0.007321499986574054,0.7298784999875352,776.3495485941926,5000,4000,1000,1.0366815568637862,10.181756021746867,8.459843694853031,False
1890.5931068732827,0.3998489286550023,0.21315074920191782,1.0351257810897245,0.10824204776266341,0.3531394993572304,0.11159803053522366,0.8567112247285782,0.32328785486262235,0.011708593696574843,0.6080682587554473,0.06278998714460748,0.6170702087535426,0.03292979124645745,32.929791246457455,0.03292979124645745,32.929791246457455,0.4800102689254603,0.0,0.0,0.01998973107453972,19.98973107453972,True,10.843711515352657,0.0,10.843711515352657,kernel_sensitivity,BO,0.65,70,bo,rbf,ei,15346,100,20,0.2737682999577373,0.2353899999288842,0.006029000040143728,0.5153244999237359,4955.1261382542925,5000,4000,1000,1.0366815568637862,10.181756021746867,8.459843694853031,False
3260.5981298030474,0.10995037415865803,0.403731600133609,3.3485145346973333,0.09476804956996365,0.3822332836240349,0.5030280370865851,0.028429640453308647,0.8678045718103113,0.7828381782324445,0.15893498566545528,0.6446656724806982,0.5898500570396858,0.06014994296031417,60.14994296031417,0.06014994296031417,60.14994296031417,0.6840372275430971,0.18403722754309715,184.03722754309715,-0.18403722754309715,-184.03722754309715,False,36.18015638129048,13547.880448699887,13584.060605081177,kernel_sensitivity,BO,0.65,71,bo,rbf,ei,15346,100,20,0.5290947000030428,0.1593970999820158,0.007088000071235001,0.6957186999497935,1581.346092678989,5000,4000,1000,1.0366815568637862,10.181756021746867,8.459843694853031,False
2423.367251979694,0.44743797604224755,0.2586609053562027,3.8635467108784134,0.11785696916202892,0.39476387901474785,0.2638192148513412,0.9926799315492789,0.4533168724462934,0.9545155702928044,0.9285656387342975,0.8952775802949571,0.6276882271166742,0.022311772883325864,22.311772883325865,0.022311772883325864,22.311772883325865,0.5235653789757813,0.02356537897578126,23.565378975781258,-0.02356537897578126,-23.565378975781258,False,4.978152091971154,222.13083450887737,227.10898660084854,kernel_sensitivity,BO,0.65,72,bo,rbf,ei,15346,100,20,0.3831058999057859,0.2511207000352442,0.007856200099922717,0.6422156000044197,617.5482009420832,5000,4000,1000,1.0366815568637862,10.181756021746867,8.459843694853031,False
1595.0781695238081,0.4425882604588386,0.3605779946855884,1.9129700649853274,0.09079147983395475,0.382706982961439,0.0271651912925166,0.9788236013109674,0.7445085562445382,0.3043233549951091,0.02638266113182497,0.6541396592287803,0.5883776465640509,0.06162235343594913,61.62235343594913,0.06162235343594913,61.62235343594913,0.48770613645177224,0.0,0.0,0.012293863548227757,12.293863548227757,True,37.97314442985031,0.0,37.97314442985031,kernel_sensitivity,BO,0.65,73,bo,rbf,ei,15346,100,20,0.2824625000357628,0.3721045000711456,0.005996500025503337,0.6607026999117807,639.2653860183631,5000,4000,1000,1.0366815568637862,10.181756021746867,8.459843694853031,False
2409.0302296428567,0.1370044941856649,0.13365311994290385,2.626618037571903,0.10351577172308221,0.36954219008232836,0.2597229227551019,0.10572712624475689,0.09615177126543961,0.5422060125239677,0.4505257241027403,0.39084380164656685,0.6108657662496005,0.03913423375039948,39.13423375039948,0.03913423375039948,39.13423375039948,0.6030908642673264,0.10309086426732639,103.09086426732638,-0.10309086426732639,-103.09086426732638,False,15.31488251230906,4251.0905181537255,4266.405400666034,kernel_sensitivity,BO,0.65,74,bo,rbf,ei,15346,100,20,0.43879680009558797,0.17052209994290024,0.00882559991441667,0.6183214000193402,1603.3529058655672,5000,4000,1000,1.0366815568637862,10.181756021746867,8.459843694853031,False
4279.656697426897,0.13657215197334646,0.10475453888275177,1.5816488628902698,0.10162650598971872,0.35893095973362116,0.7941876278362565,0.10449186278098987,0.013584396807862165,0.19388295429675662,0.38755019965729054,0.17861919467242293,0.5952147270659045,0.05478527293409552,54.78527293409552,0.05478527293409552,54.78527293409552,0.4722855049788173,0.0,0.0,0.027714495021182672,27.71449502118267,True,30.014261304633386,0.0,30.014261304633386,kernel_sensitivity,BO,0.65,75,bo,rbf,ei,15346,100,20,0.4814768999349326,0.36334140005055815,0.010382000007666647,0.8553357999771833,834.5543935125926,5000,4000,1000,1.0366815568637862,10.181756021746867,8.459843694853031,False
4368.562181250367,0.31879467854801713,0.3405734091367779,3.2412516782446366,0.09423089159528944,0.3727436771710625,0.819589194642962,0.6251276529943347,0.6873525975336512,0.7470838927482122,0.14102971984298163,0.4548735434212504,0.5680619364926374,0.08193806350736266,81.93806350736266,0.08193806350736266,81.93806350736266,0.49821438130055995,0.0,0.0,0.0017856186994400502,1.7856186994400502,True,67.13846251336595,0.0,67.13846251336595,kernel_sensitivity,BO,0.65,76,bo,rbf,ei,15346,100,20,0.4958391999825835,0.27240639994852245,0.006440900033339858,0.7748336000367999,1490.0459254465181,5000,4000,1000,1.0366815568637862,10.181756021746867,8.459843694853031,False
2028.7743923870034,0.16729943497796698,0.44663689524678196,2.0343014582164822,0.09353112950822054,0.35570455445447524,0.1510783978248581,0.19228409993704854,0.9903911292765198,0.3447671527388274,0.11770431694068462,0.1140910890895056,0.5916140979006799,0.05838590209932015,58.385902099320155,0.05838590209932015,58.385902099320155,0.5048643692381789,0.0048643692381789005,4.8643692381789005,-0.0048643692381789005,-4.8643692381789005,False,34.08913563951397,9.464835234136471,43.55397087365044,kernel_sensitivity,BO,0.65,77,bo,rbf,ei,15346,100,20,0.39302499999757856,0.2989609999349341,0.007611399982124567,0.6997492999071255,689.364073421726,5000,4000,1000,1.0366815568637862,10.181756021746867,8.459843694853031,False
4637.5424826976105,0.35133451832004503,0.2762629353669005,3.945879972465354,0.09023447487326174,0.39676680113663343,0.8964407093421745,0.7180986237715572,0.5036083867625728,0.9819599908217846,0.007815829108724803,0.9353360227326678,0.5734804620309308,0.07651953796906918,76.51953796906919,0.07651953796906918,76.51953796906919,0.509005312849424,0.009005312849423963,9.005312849423962,-0.009005312849423963,-9.005312849423962,False,58.5523969099982,32.43826380640014,90.99066071639834,kernel_sensitivity,BO,0.65,78,bo,rbf,ei,15346,100,20,0.5185793999116868,0.1710935999872163,0.007815200020559132,0.6976545000215992,796.7481505122735,5000,4000,1000,1.0366815568637862,10.181756021746867,8.459843694853031,False
4593.525881382437,0.3449952600207339,0.14450534358753525,3.3152815738141452,0.1181699055051153,0.38321987812606395,0.8838645375378389,0.699986457202097,0.127158124535815,0.771760524604715,0.9389968501705102,0.6643975625212794,0.6239526244898773,0.026047375510122706,26.047375510122706,0.026047375510122706,26.047375510122706,0.5321144374715057,0.032114437471505664,32.11443747150567,-0.032114437471505664,-32.11443747150567,False,6.784657709653401,412.5348376444988,419.3194953541522,kernel_sensitivity,BO,0.65,79,bo,rbf,ei,15346,100,20,0.5088159000733867,0.2803618999896571,0.006522099953144789,0.7958397000329569,613.0312021461615,5000,4000,1000,1.0366815568637862,10.181756021746867,8.459843694853031,False
4483.1229262251,0.35923993108676777,0.4101582748321778,3.069225524176378,0.1001206049290793,0.3525812782303383,0.8523208360643144,0.740685517390765,0.886166499520508,0.689741841392126,0.3373534976359768,0.05162556460676604,0.5613918010201427,0.08860819897985728,88.60819897985728,0.08860819897985728,88.60819897985728,0.47439491173691073,0.0,0.0,0.02560508826308927,25.60508826308927,True,78.5141292645398,0.0,78.5141292645398,kernel_sensitivity,BO,0.65,80,bo,rbf,ei,15346,100,20,0.4817407999653369,0.39863339997828007,0.007997100008651614,0.8885113999713212,513.1531172456399,5000,4000,1000,1.0366815568637862,10.181756021746867,8.459843694853031,False
3716.2430299625353,0.13979373730063488,0.33122200514806055,1.1412462659846632,0.10047812925583244,0.3603060125217658,0.6332122942750101,0.11369639228752826,0.6606343004230301,0.04708208866155439,0.3492709751944145,0.2061202504353169,0.6098566799848054,0.040143320015194606,40.143320015194604,0.040143320015194606,40.143320015194604,0.47477698214724284,0.0,0.0,0.025223017852757157,25.223017852757156,True,16.11486141842324,0.0,16.11486141842324,kernel_sensitivity,BO,0.65,81,bo,rbf,ei,15346,100,20,0.43694470007903874,0.1688785000005737,0.010419799946248531,0.6163761999923736,1041.1343122025203,5000,4000,1000,1.0366815568637862,10.181756021746867,8.459843694853031,False
3616.8969886610757,0.3249641773467662,0.12422874124634811,1.0231105231774162,0.09115480599125092,0.3545684479455558,0.6048277110460216,0.642754792419332,0.06922497498956603,0.007703507725805414,0.03849353304169756,0.09136895891111696,0.572856573027256,0.07714342697274401,77.14342697274401,0.07714342697274401,77.14342697274401,0.45588651723880785,0.0,0.0,0.044113482761192147,44.113482761192145,True,59.511083250990886,0.0,59.511083250990886,kernel_sensitivity,BO,0.65,82,bo,rbf,ei,15346,100,20,0.3886536000063643,0.41277560009621084,0.008167200023308396,0.8097344000125304,503.7216126515202,5000,4000,1000,1.0366815568637862,10.181756021746867,8.459843694853031,False
1565.4594016634692,0.2842521055663108,0.1857972633586559,1.5475226135848863,0.09422807036011584,0.3569590214923063,0.018702686189562612,0.5264345873323166,0.2451350381675883,0.18250753786162877,0.14093567867052803,0.1391804298461261,0.5948369122210174,0.0551630877789826,55.1630877789826,0.0551630877789826,55.1630877789826,0.47509083164554844,0.0,0.0,0.02490916835445156,24.90916835445156,True,30.429662533117394,0.0,30.429662533117394,kernel_sensitivity,BO,0.65,83,bo,rbf,ei,15346,100,20,0.3213200999889523,0.4233230999670923,0.007903199992142618,0.7526820000493899,514.3075059257371,5000,4000,1000,1.0366815568637862,10.181756021746867,8.459843694853031,False
2945.4693430060843,0.21990969857703951,0.44893964164025635,1.0102336897447017,0.11786072859196633,0.354731806739673,0.4129912408588813,0.34259913879154147,0.9969704046864467,0.0034112299149006153,0.9286909530655447,0.09463613479345989,0.658049403912227,0.008049403912226971,8.049403912226971,0.0,0.0,0.4923405443066946,0.0,0.0,0.007659455693305395,7.659455693305395,True,0.6479290334217487,0.0,0.6479290334217487,kernel_sensitivity,BO,0.65,84,bo,rbf,ei,15346,100,20,0.37578270002268255,0.3126646999735385,0.006796399946324527,0.6953824000665918,684.1789411710058,5000,4000,1000,0.6479290334217487,8.049403912226971,7.659455693305395,True
4967.936107644649,0.2843649815641911,0.43913236087234575,1.8539047801958342,0.11984327504215558,0.35116220855387614,0.9908388878984713,0.5267570901834031,0.9689496024924166,0.2846349267319447,0.9947758347385197,0.023244171077522746,0.6227658103831659,0.027234189616834104,27.234189616834104,0.027234189616834104,27.234189616834104,0.48396876975995085,0.0,0.0,0.016031230240049155,16.031230240049155,True,7.417010840856745,0.0,7.417010840856745,kernel_sensitivity,BO,0.65,85,bo,rbf,ei,15346,100,20,0.5046871999511495,0.29352549999020994,0.00813540001399815,0.806489699985832,797.4954635136784,5000,4000,1000,0.6479290334217487,8.049403912226971,7.659455693305395,False
1850.6909113241986,0.4129881910727484,0.39356145641049844,2.650336449408053,0.11921333876295755,0.3997898969648426,0.10019740323548532,0.8942519744935671,0.8387470183157099,0.5501121498026843,0.9737779587652516,0.9957979392968508,0.6617037768728515,0.011703776872851512,11.703776872851513,0.0,0.0,0.5361270908460078,0.03612709084600785,36.127090846007846,-0.03612709084600785,-36.127090846007846,False,1.3697839308949393,522.0666771982816,523.4364611291766,kernel_sensitivity,BO,0.65,86,bo,rbf,ei,15346,100,20,0.3640531999990344,0.2874374999664724,0.008995699929073453,0.6606407000217587,479.2920361399667,5000,4000,1000,0.6479290334217487,8.049403912226971,7.659455693305395,False
4456.078150988626,0.44989834987815835,0.2843975793488304,3.249294832485197,0.09318749784497365,0.3902156061334816,0.8445937574253215,0.9997095710804523,0.5268502267109441,0.7497649441617324,0.10624992816578838,0.8043121226696317,0.578807742997337,0.07119225700266307,71.19225700266307,0.07119225700266307,71.19225700266307,0.48873327938424,0.0,0.0,0.011266720615760006,11.266720615760006,True,50.683374571332294,0.0,50.683374571332294,kernel_sensitivity,BO,0.65,87,bo,rbf,ei,15346,100,20,0.44285440002568066,0.3257968999678269,0.008573799976147711,0.7773717000382021,504.838978491222,5000,4000,1000,0.6479290334217487,8.049403912226971,7.659455693305395,False
1542.1067183886528,0.36061093242077913,0.1941369714122808,2.617806909795088,0.09190300788544759,0.3716094496782702,0.012030490968186536,0.7446026640593688,0.26896277546365943,0.5392689699316959,0.06343359618158606,0.4321889935654045,0.578362933975648,0.07163706602435205,71.63706602435205,0.07163706602435205,71.63706602435205,0.4811775986114831,0.0,0.0,0.018822401388516874,18.822401388516873,True,51.318692285773736,0.0,51.318692285773736,kernel_sensitivity,BO,0.65,88,bo,rbf,ei,15346,100,20,0.3550934001104906,0.2623199000954628,0.007215899997390807,0.6248013000003994,886.3029082369796,5000,4000,1000,0.6479290334217487,8.049403912226971,7.659455693305395,False
1514.7636189505565,0.10144408763510472,0.4075920830429227,1.3400946384087729,0.11620310042800272,0.3547624950244663,0.004218176843016175,0.0041259646717277665,0.8788345229797793,0.11336487946959095,0.8734366809334241,0.09524990048932602,0.6922247723631156,0.042224772363115615,42.22477236311561,0.0,0.0,0.5158164285373678,0.015816428537367755,15.816428537367756,-0.015816428537367755,-15.816428537367756,False,17.82931401116932,100.06376467106443,117.89307868223375,kernel_sensitivity,BO,0.65,89,bo,rbf,ei,15346,100,20,0.3273680000565946,0.3289913000771776,0.00903630000539124,0.6655471000121906,490.3180600130546,5000,4000,1000,0.6479290334217487,8.049403912226971,7.659455693305395,False
4672.38535163541,0.44522615383794495,0.3252550608353705,3.887112321602034,0.09227957388601736,0.37011688213962185,0.9063958147529743,0.9863604395369856,0.6435858881010585,0.9623707738673446,0.07598579620057866,0.402337642792437,0.5496283496272665,0.10037165037273355,100.37165037273354,0.10037165037273355,100.37165037273354,0.46802692278103186,0.0,0.0,0.03197307721896814,31.973077218968136,True,100.7446819854626,0.0,100.7446819854626,kernel_sensitivity,BO,0.65,90,bo,rbf,ei,15346,100,20,0.4658270999789238,0.2326331000076607,0.007310900022275746,0.7059180999640375,1486.9724996585576,5000,4000,1000,0.6479290334217487,8.049403912226971,7.659455693305395,False
3216.2731393694703,0.22203722323706415,0.44999999999999996,1.5949834092511903,0.11728858693310915,0.3543501855172851,0.490363754105563,0.3486777806773262,1.0,0.1983278030837301,0.9096195644369716,0.08700371034570213,0.6374014053532634,0.012598594646736627,12.598594646736627,0.012598594646736627,12.598594646736627,0.4883890020223271,0.0,0.0,0.011610997977672899,11.610997977672898,True,1.587245870727808,0.0,1.587245870727808,kernel_sensitivity,BO,0.65,91,bo,rbf,ei,15346,100,20,0.4246781999245286,0.33777660003397614,0.009540500002913177,0.772148400079459,692.0692381027166,5000,4000,1000,0.6479290334217487,8.049403912226971,7.659455693305395,False
4114.513546817658,0.12469946767284272,0.4107653069116818,1.7039493662929805,0.09677131528152118,0.3520834641827312,0.7470038705193308,0.07056990763669346,0.8879008768905196,0.23464978876432685,0.22571050938403958,0.04166928365462419,0.5807788349737405,0.06922116502625952,69.22116502625953,0.06922116502625952,69.22116502625953,0.4641115651071027,0.0,0.0,0.03588843489289728,35.88843489289728,True,47.91569687592655,0.0,47.91569687592655,kernel_sensitivity,BO,0.65,92,bo,rbf,ei,15346,100,20,0.4759057000046596,0.3538439000258222,0.008861799957230687,0.8387646999908611,427.1650446365546,5000,4000,1000,0.6479290334217487,8.049403912226971,7.659455693305395,False
3723.429039745708,0.29751481267329793,0.4205394603906808,2.2657711714710507,0.09693283361437922,0.3543169187542823,0.6352654399273452,0.5643280362094226,0.9158270296876595,0.4219237238236835,0.23109445381264093,0.0863383750856459,0.5713432038810345,0.07865679611896548,78.65679611896547,0.07865679611896548,78.65679611896547,0.47352740792566506,0.0,0.0,0.026472592074334944,26.472592074334944,True,61.86891575700503,0.0,61.86891575700503,kernel_sensitivity,BO,0.65,93,bo,rbf,ei,15346,100,20,0.46186999999918044,0.5543092000298202,0.009842300089076161,1.026181299937889,657.0882766348286,5000,4000,1000,0.6479290334217487,8.049403912226971,7.659455693305395,False
3884.382591888085,0.44021080597955264,0.3109312726182423,1.060889981021817,0.11962312076279628,0.38065304181717696,0.6812521691108814,0.9720308742272934,0.6026607789092638,0.020296660340605732,0.9874373587598764,0.6130608363435391,0.6624475645846161,0.012447564584616044,12.447564584616044,0.0,0.0,0.5103515645574989,0.01035156455749886,10.351564557498861,-0.01035156455749886,-10.351564557498861,False,1.549418640881876,42.86195551522663,44.41137415610851,kernel_sensitivity,BO,0.65,94,bo,rbf,ei,15346,100,20,0.3176623999606818,0.1874768000561744,0.009290799964219332,0.5145716000115499,517.7840343286229,5000,4000,1000,0.6479290334217487,8.049403912226971,7.659455693305395,False
4737.660105383747,0.2623697040086565,0.11988989960945666,3.413886655899579,0.09036502267952416,0.35905100064412215,0.9250457443953563,0.4639134400247329,0.056828284598447576,0.8046288852998597,0.012167422650805393,0.18102001288244318,0.5434597330362018,0.10654026696379826,106.54026696379826,0.10654026696379826,106.54026696379826,0.49685742569797386,0.0,0.0,0.0031425743020261354,3.1425743020261354,True,113.50828484717401,0.0,113.50828484717401,kernel_sensitivity,BO,0.65,95,bo,rbf,ei,15346,100,20,0.556216900004074,0.2587870000861585,0.007743100053630769,0.822894399985671,564.7680806891867,5000,4000,1000,0.6479290334217487,8.049403912226971,7.659455693305395,False
4129.4629122737215,0.2900022241712824,0.4456137821514067,3.9985421295466055,0.1159539120653753,0.3889210660256637,0.7512751177924919,0.5428634976322355,0.9874679490040191,0.9995140431822018,0.8651304021791768,0.7784213205132733,0.6225826355615891,0.02741736443841092,27.417364438410917,0.02741736443841092,27.417364438410917,0.5562572135765333,0.05625721357653335,56.257213576533346,-0.05625721357653335,-56.257213576533346,False,7.517118727486396,1265.9496317582752,1273.4667504857616,kernel_sensitivity,BO,0.65,96,bo,rbf,ei,15346,100,20,0.5780992000363767,0.33175360003951937,0.009112500003539026,0.9191138999303803,599.2969395686248,5000,4000,1000,0.6479290334217487,8.049403912226971,7.659455693305395,False
4208.278208487552,0.31853516298748674,0.40801203245920825,3.805124016382596,0.11585034549237486,0.38116805501058093,0.7737937738535862,0.624386179964248,0.8800343784548809,0.9350413387941986,0.861678183079162,0.6233611002116187,0.6161563036067095,0.033843696393290545,33.84369639329054,0.033843696393290545,33.84369639329054,0.5361948741328556,0.0361948741328556,36.1948741328556,-0.0361948741328556,-36.1948741328556,False,11.453957855612275,524.0275653973039,535.4815232529162,kernel_sensitivity,BO,0.65,97,bo,rbf,ei,15346,100,20,0.5322242999682203,0.17634780006483197,0.009122299961745739,0.7178379000397399,1733.2622708920373,5000,4000,1000,0.6479290334217487,8.049403912226971,7.659455693305395,False
4855.687694148162,0.4483167296093348,0.25318817239776725,1.4842678074580444,0.09204417615327665,0.38178091666704084,0.9587679126137608,0.9951906560266708,0.4376804925650494,0.1614226024860148,0.06813920510922167,0.6356183333408172,0.5882764355348091,0.061723564465190894,61.7235644651909,0.061723564465190894,61.7235644651909,0.47968621058679345,0.0,0.0,0.02031378941320655,20.31378941320655,True,38.09798410288575,0.0,38.09798410288575,kernel_sensitivity,BO,0.65,98,bo,rbf,ei,15346,100,20,0.35841909993905574,0.38861719996202737,0.009799799998290837,0.756985199986957,509.4884180064286,5000,4000,1000,0.6479290334217487,8.049403912226971,7.659455693305395,False
3101.3821925238367,0.10972056542988555,0.21149388172216266,3.0037345997590634,0.10738625009560414,0.36932655988452845,0.45753776929252477,0.027773044085387277,0.3185539477776076,0.6679115332530212,0.5795416698534713,0.3865311976905693,0.6079669111477356,0.04203308885226442,42.03308885226442,0.04203308885226442,42.03308885226442,0.650895719026991,0.15089571902699095,150.89571902699095,-0.15089571902699095,-150.89571902699095,False,17.667805584623554,9107.80720826904,9125.475013853664,kernel_sensitivity,BO,0.65,99,bo,rbf,ei,15346,100,20,0.5563555000117049,0.38531879999209195,0.008712299983017147,0.9505335000576451,3213.829033833385,5000,4000,1000,0.6479290334217487,8.049403912226971,7.659455693305395,False
3797.431569692621,0.10304660300037768,0.12531315724879852,1.8765664549383128,0.10499775236344139,0.35337042529022716,0.6564090199121775,0.008704580001079099,0.07232330642513862,0.2921888183127709,0.4999250787813798,0.06740850580454338,0.5959783900980868,0.05402160990191318,54.02160990191318,0.05402160990191318,54.02160990191318,0.48320778856645463,0.0,0.0,0.016792211433545368,16.79221143354537,True,29.18334336394484,0.0,29.18334336394484,kernel_sensitivity,BO,0.65,100,bo,rbf,ei,15346,100,20,0.48356379999313504,0.34726000006776303,0.012834599940106273,0.843805400072597,1174.68955869761,5000,4000,1000,0.6479290334217487,8.049403912226971,7.659455693305395,False
4159.796679732415,0.3089298301861576,0.13984419855956987,2.7460004893137446,0.10204042409111592,0.36837091711990766,0.7599419084949757,0.5969423719604504,0.11384056731305672,0.5820001631045815,0.40134746970386415,0.3674183423981534,0.5838669925895876,0.06613300741041239,66.13300741041239,0.06613300741041239,66.13300741041239,0.500366576632892,0.0003665766328919684,0.3665766328919684,-0.0003665766328919684,-0.3665766328919684,False,43.7357466914566,0.05375137111296519,43.789498062569564,main,BO,0.65,1,initial_lhs,matern,ei,13347,100,20,0.42410689999815077,0.0,0.0,0.42415039998013526,,0,0,0,43.789498062569564,,,True
3239.456244414998,0.2586711324048039,0.3033018596034541,2.363834023917423,0.0995108860145807,0.3700279738536001,0.49698749840428513,0.45334609258515385,0.580862456009869,0.45461134130580766,0.3170295338193571,0.40055947707200146,0.5939691875402314,0.0560308124597686,56.0308124597686,0.0560308124597686,56.0308124597686,0.5046189326042549,0.004618932604254944,4.618932604254944,-0.004618932604254944,-4.618932604254944,False,31.3945194490176,8.533815361059743,39.928334810077345,main,BO,0.65,2,initial_lhs,matern,ei,13347,100,20,0.40862679993733764,0.0,0.0,0.4086726000532508,,0,0,0,39.928334810077345,,,True
2842.0869316683284,0.21921485439506105,0.37945831635667304,3.7015369550528447,0.09042299704338294,0.3924452144220574,0.38345340904809383,0.34061386970017443,0.7984523324476374,0.9005123183509482,0.014099901446098318,0.848904288441147,0.5836648548086727,0.06633514519132733,66.33514519132733,0.06633514519132733,66.33514519132733,0.5555712738915249,0.05557127389152494,55.57127389152494,-0.05557127389152494,-55.57127389152494,False,44.00351487554477,1235.2665927707524,1279.2701076462972,main,BO,0.65,3,initial_lhs,matern,ei,13347,100,20,0.452077699941583,0.0,0.0,0.4521234000567347,,0,0,0,39.928334810077345,,,False
3641.708735568769,0.19108709783166605,0.42092535489785354,3.333292875901561,0.10155526634288917,0.397375252121318,0.6119167815910769,0.26024885094761724,0.9169295854224387,0.7777642919671871,0.38517554476297244,0.9475050424263604,0.6154345510947481,0.03456544890525193,34.56544890525193,0.03456544890525193,34.56544890525193,0.6008888527954689,0.10088885279546889,100.88885279546889,-0.10088885279546889,-100.88885279546889,False,11.947702580215816,4071.424247354316,4083.3719499345316,main,BO,0.65,4,initial_lhs,matern,ei,13347,100,20,0.47806320001836866,0.0,0.0,0.4781028999714181,,0,0,0,39.928334810077345,,,False
4581.159922758572,0.4422556741447937,0.10422576932545934,2.077946303012104,0.1162386153782202,0.3799908377612118,0.8803314065024491,0.9778733546994106,0.012073626644169532,0.359315434337368,0.8746205126073401,0.599816755224235,0.6283265293461835,0.02167347065381653,21.67347065381653,0.02167347065381653,21.67347065381653,0.5034935613993262,0.003493561399326217,3.493561399326217,-0.003493561399326217,-3.493561399326217,False,4.697393301818463,4.881988500344862,9.579381802163326,main,BO,0.65,5,initial_lhs,matern,ei,13347,100,20,0.33139279996976256,0.0,0.0,0.3314359000651166,,0,0,0,9.579381802163326,,,True
1864.446251523916,0.10878043200882853,0.38305123548563447,1.8131773952027426,0.11830500741187384,0.3889044446324002,0.10412750043540456,0.02508694859665292,0.8087178156732413,0.27105913173424756,0.9435002470624617,0.778088892648004,0.7013450557276597,0.05134505572765968,51.345055727659684,0.0,0.0,0.5696465207387384,0.06964652073873845,69.64652073873845,-0.06964652073873845,-69.64652073873845,False,26.36314747676478,1940.2551404046098,1966.6182878813747,main,BO,0.65,6,initial_lhs,matern,ei,13347,100,20,0.33003119996283203,0.0,0.0,0.3300762999569997,,0,0,0,9.579381802163326,,,False
4444.372018840557,0.4214313121059372,0.2704489386360498,1.159054820074667,0.11077314293242128,0.36258660696830464,0.8412491482401592,0.9183751774455349,0.48699696753157085,0.0530182733582224,0.6924380977473764,0.2517321393660929,0.6197551180125525,0.03024488198744757,30.24488198744757,0.03024488198744757,30.24488198744757,0.4818362914045056,0.0,0.0,0.018163708595494377,18.163708595494377,True,9.147528864346304,0.0,9.147528864346304,main,BO,0.65,7,initial_lhs,matern,ei,13347,100,20,0.3095043000066653,0.0,0.0,0.30955120001453906,,0,0,0,9.147528864346304,30.24488198744757,18.163708595494377,True
1525.9672643361046,0.1341235581748022,0.2572813865280863,2.019651940874587,0.10894986059087858,0.3593900773677109,0.007419218381744192,0.0974958804994349,0.44937539008024646,0.3398839802915291,0.6316620196959529,0.18780154735421864,0.6499751460778666,2.485392213347204e-05,0.02485392213347204,2.485392213347204e-05,0.02485392213347204,0.5730811171052129,0.07308111710521292,73.08111710521293,-0.07308111710521292,-73.08111710521293,False,6.1771744541669136e-06,2136.3398709383378,2136.339877115512,main,BO,0.65,8,initial_lhs,matern,ei,13347,100,20,0.31283529999200255,0.0,0.0,0.3128840000135824,,0,0,0,9.147528864346304,30.24488198744757,18.163708595494377,False
2603.9667708197476,0.3195627989780832,0.4139547966366638,2.8090506440856293,0.09317870829341268,0.3731529951315178,0.3154190773770708,0.6273222827945235,0.8970137046761822,0.6030168813618764,0.1059569431137561,0.4630599026303558,0.5775278928443248,0.0724721071556752,72.4721071556752,0.0724721071556752,72.4721071556752,0.49509167518841996,0.0,0.0,0.004908324811580045,4.908324811580044,True,52.52206315583668,0.0,52.52206315583668,main,BO,0.65,9,initial_lhs,matern,ei,13347,100,20,0.37324760004412383,0.0,0.0,0.37329199991654605,,0,0,0,9.147528864346304,30.24488198744757,18.163708595494377,False
2527.2043199869104,0.15923305195800475,0.22358515694453812,1.7262241770751603,0.09529003758105488,0.3770116074339938,0.29348694856768864,0.16923729130858495,0.35310044841296606,0.2420747256917201,0.1763345860351628,0.5402321486798767,0.6109630045291222,0.0390369954708778,39.0369954708778,0.0390369954708778,39.0369954708778,0.4978936630702792,0.0,0.0,0.002106336929720787,2.106336929720787,True,15.23887015393334,0.0,15.23887015393334,main,BO,0.65,10,initial_lhs,matern,ei,13347,100,20,0.34902269998565316,0.0,0.0,0.34906559996306896,,0,0,0,9.147528864346304,30.24488198744757,18.163708595494377,False
2202.1312659053183,0.3443722473808271,0.17019155281817944,3.8904243636683393,0.1054703529415512,0.3608709433607643,0.20060893311580524,0.6982064210880775,0.20054729376622699,0.9634747878894464,0.5156784313850401,0.217418867215286,0.5785882332645139,0.0714117667354861,71.41176673548611,0.0714117667354861,71.41176673548611,0.489784422424626,0.0,0.0,0.010215577575374002,10.215577575374002,True,50.996404282834796,0.0,50.996404282834796,main,BO,0.65,11,initial_lhs,matern,ei,13347,100,20,0.37481549999210984,0.0,0.0,0.3748569000745192,,0,0,0,9.147528864346304,30.24488198744757,18.163708595494377,False
3567.4141357101735,0.27776700930304266,0.15761087602587703,3.694947457872349,0.09286010526243987,0.3930480661611843,0.5906897530600496,0.5079057408658361,0.16460250293107725,0.898315819290783,0.09533684208132905,0.860961323223686,0.5836977607083128,0.06630223929168721,66.30223929168721,0.06630223929168721,66.30223929168721,0.5312120136942949,0.031212013694294938,31.21201369429494,-0.031212013694294938,-31.21201369429494,False,43.95986935092152,389.6759195411419,433.63578889206343,main,BO,0.65,12,initial_lhs,matern,ei,13347,100,20,0.4535413000266999,0.0,0.0,0.4535801000893116,,0,0,0,9.147528864346304,30.24488198744757,18.163708595494377,False
2975.6651213495916,0.399662019053037,0.12658027357227725,2.2354137503900473,0.09815828908175182,0.3810738155342988,0.42161860609988333,0.8561771972943915,0.075943638777935,0.41180458346334914,0.2719429693917276,0.6214763106859764,0.5948165493302895,0.05518345066971053,55.18345066971053,0.05518345066971053,55.18345066971053,0.48978960243809344,0.0,0.0,0.010210397561906559,10.210397561906559,True,30.452132278163752,0.0,30.452132278163752,main,BO,0.65,13,initial_lhs,matern,ei,13347,100,20,0.31988369999453425,0.0,0.0,0.3199282999848947,,0,0,0,9.147528864346304,30.24488198744757,18.163708595494377,False
3971.2973574644816,0.1807877390351133,0.3272403174497776,1.5440615831520712,0.10399404931643282,0.3522336625903171,0.7060849592755661,0.23082211152889515,0.6492580498565075,0.1813538610506904,0.4664683105477607,0.04467325180634167,0.5992112161182621,0.05078878388173791,50.788783881737906,0.05078878388173791,50.788783881737906,0.468703743565912,0.0,0.0,0.03129625643408801,31.29625643408801,True,25.7950056818588,0.0,25.7950056818588,main,BO,0.65,14,initial_lhs,matern,ei,13347,100,20,0.4074188000522554,0.0,0.0,0.40746999997645617,,0,0,0,9.147528864346304,30.24488198744757,18.163708595494377,False
4681.91947298414,0.24352143413470112,0.29223078357504817,1.3229038561207471,0.11240399138166748,0.3562330753654043,0.90911984942404,0.41006124038486036,0.5492308102144233,0.10763461870691571,0.7467997127222499,0.12466150730808583,0.6211405465147574,0.02885945348524266,28.85945348524266,0.02885945348524266,28.85945348524266,0.47946425247561686,0.0,0.0,0.02053574752438314,20.53574752438314,True,8.328680554668846,0.0,8.328680554668846,main,BO,0.65,15,initial_lhs,matern,ei,13347,100,20,0.41860380000434816,0.0,0.0,0.4186506000114605,,0,0,0,8.328680554668846,28.85945348524266,20.53574752438314,True
3407.313189848269,0.34801664600463056,0.3468485895703051,2.504031238687409,0.10703800045335804,0.3987306335049433,0.5449466256709339,0.7086189885846589,0.7052816844865861,0.5013437462291362,0.5679333484452682,0.9746126700988654,0.6325472624591675,0.01745273754083254,17.45273754083254,0.01745273754083254,17.45273754083254,0.5283769195599922,0.02837691955999222,28.37691955999222,-0.02837691955999222,-28.37691955999222,False,3.045980476691855,322.09982548570764,325.1458059623995,main,BO,0.65,16,initial_lhs,matern,ei,13347,100,20,0.382392100058496,0.0,0.0,0.3824435999849811,,0,0,0,8.328680554668846,28.85945348524266,20.53574752438314,False
1748.9872393373814,0.226619050651444,0.4402515916520021,1.0375806304685509,0.09628797335175024,0.3655894487417594,0.07113921123925182,0.36176871614698286,0.9721474047200059,0.012526876822850303,0.20959911172500809,0.31178897483518864,0.6295913608079569,0.020408639192043165,20.408639192043164,0.020408639192043165,20.408639192043164,0.48902162192399945,0.0,0.0,0.01097837807600055,10.97837807600055,True,4.165125536710003,0.0,4.165125536710003,main,BO,0.65,17,initial_lhs,matern,ei,13347,100,20,0.28300639998633415,0.0,0.0,0.2830526001052931,,0,0,0,4.165125536710003,20.408639192043164,10.97837807600055,True
4917.893602885022,0.3902830239538151,0.2096133614755773,3.4771558347528027,0.11499666908375657,0.38690978406272586,0.9765410293957206,0.8293800684394718,0.3131810327873637,0.8257186115842675,0.8332223027918856,0.7381956812545168,0.6154124675926411,0.0345875324073589,34.5875324073589,0.0345875324073589,34.5875324073589,0.5197236923430806,0.01972369234308058,19.72369234308058,-0.01972369234308058,-19.72369234308058,False,11.962973980301022,155.6096158577982,167.57258983809922,main,BO,0.65,18,initial_lhs,matern,ei,13347,100,20,0.44314280000980943,0.0,0.0,0.44318760000169277,,0,0,0,4.165125536710003,20.408639192043164,10.97837807600055,False
2190.116499525662,0.37639643437165315,0.20257681322852517,3.1248218718973693,0.11284117252823853,0.38399515108859233,0.19717614272161782,0.7897040982047233,0.2930766092243576,0.7082739572991231,0.7613724176079512,0.6799030217718465,0.6241478961070532,0.025852103892946787,25.852103892946786,0.025852103892946787,25.852103892946786,0.5131194036672967,0.013119403667296692,13.119403667296691,-0.013119403667296692,-13.119403667296691,False,6.683312756917144,68.84750103419115,75.5308137911083,main,BO,0.65,19,initial_lhs,matern,ei,13347,100,20,0.33753860008437186,0.0,0.0,0.33758229995146394,,0,0,0,4.165125536710003,20.408639192043164,10.97837807600055,False
3829.554577989904,0.13630424704331812,0.3448245695267374,2.9806031622908398,0.11912686891676405,0.3536842691198709,0.6655870222828297,0.10372642012376607,0.6994987700763926,0.6602010540969466,0.9708956305588018,0.07368538239741781,0.611181231110663,0.038818768889336996,38.818768889336994,0.038818768889336996,38.818768889336994,0.587530959887886,0.08753095988788595,87.53095988788596,-0.08753095988788595,-87.53095988788596,False,15.06896818083758,3064.667575557879,3079.7365437387166,main,BO,0.65,20,initial_lhs,matern,ei,13347,100,20,0.48121030000038445,0.0,0.0,0.4812548999907449,,0,0,0,4.165125536710003,20.408639192043164,10.97837807600055,False
4815.5487805412595,0.208610382639004,0.3229624255510649,1.6284392874075972,0.09215267358768937,0.36283688934108616,0.9472996515832169,0.31031537896858286,0.6370355015744712,0.20947976246919908,0.0717557862563124,0.256737786821723,0.5759418264948256,0.07405817350517441,74.05817350517441,0.07405817350517441,74.05817350517441,0.4638756766562705,0.0,0.0,0.0361243233437295,36.1243233437295,True,54.846130629225165,0.0,54.846130629225165,main,BO,0.65,21,bo,matern,ei,13347,100,20,0.4260974999051541,0.04208190005738288,0.00317949999589473,0.4714504999574274,395.99572220922573,5000,4000,1000,4.165125536710003,20.408639192043164,10.97837807600055,False
1721.9467306976524,0.14897883451165445,0.44999999999999996,1.0,0.09450459756075534,0.3675101215693057,0.06341335162790068,0.13993952717615551,1.0,0.0,0.1501532520251782,0.3502024313861142,0.6386511024788091,0.011348897521190948,11.348897521190949,0.011348897521190948,11.348897521190949,0.4929634148265546,0.0,0.0,0.007036585173445409,7.036585173445409,True,1.2879747494649405,0.0,1.2879747494649405,main,BO,0.65,22,bo,matern,ei,13347,100,20,0.2900837000925094,0.06409680005162954,0.003692799946293235,0.35800889995880425,423.59159459224526,5000,4000,1000,1.2879747494649405,11.348897521190949,7.036585173445409,True
3920.1378409380986,0.2772450471575849,0.19800310394293186,1.7815745614767307,0.09974013468157458,0.35888155070114164,0.6914679545537424,0.5064144204502427,0.2800088684083767,0.2605248538255769,0.3246711560524863,0.17763101402283288,0.5858363140761346,0.06416368592386545,64.16368592386546,0.06416368592386545,64.16368592386546,0.47120348288368846,0.0,0.0,0.028796517116311537,28.796517116311538,True,41.1697859133645,0.0,41.1697859133645,main,BO,0.65,23,bo,matern,ei,13347,100,20,0.3959057000465691,0.03419390006456524,0.003060600021854043,0.43325669993646443,350.8984423075359,5000,4000,1000,1.2879747494649405,11.348897521190949,7.036585173445409,False
2173.283012920117,0.44329658562572705,0.40294104398300734,3.362329081010312,0.09772141098079902,0.3551652117255546,0.1923665751200334,0.9808473875020773,0.8655458399514496,0.7874430270034374,0.2573803660266343,0.10330423451109216,0.558123751154612,0.09187624884538803,91.87624884538803,0.09187624884538803,91.87624884538803,0.4634104377392275,0.0,0.0,0.03658956226077248,36.58956226077248,True,84.41245101899665,0.0,84.41245101899665,main,BO,0.65,24,bo,matern,ei,13347,100,20,0.33052560000214726,0.07675800006836653,0.003119400003924966,0.41050570004153997,324.7692431133806,5000,4000,1000,1.2879747494649405,11.348897521190949,7.036585173445409,False
2730.6919038644937,0.19541123975089314,0.2621178846672356,1.2935363903051837,0.10045210218812953,0.36897581051125333,0.3516262582469982,0.27260354214540894,0.4631939561921017,0.09784546343506129,0.3484034062709843,0.37951621022506665,0.6205923496148196,0.02940765038518045,29.40765038518045,0.02940765038518045,29.40765038518045,0.48714574957705026,0.0,0.0,0.012854250422949742,12.854250422949743,True,8.64809901177004,0.0,8.64809901177004,main,BO,0.65,25,bo,matern,ei,13347,100,20,0.34103860007598996,0.08294570003636181,0.003624300006777048,0.4277122999774292,306.74390874355953,5000,4000,1000,1.2879747494649405,11.348897521190949,7.036585173445409,False
3322.9223207435944,0.4470114024897277,0.14940189706819867,1.5283542827402967,0.09181699085376491,0.35105461248657843,0.5208349487838841,0.9914611499706507,0.14114827733771051,0.1761180942467656,0.06056636179216357,0.021092249731568757,0.5569386901170236,0.09306130988297645,93.06130988297645,0.09306130988297645,93.06130988297645,0.4509043541409776,0.0,0.0,0.049095645859022374,49.095645859022376,True,86.60407397135369,0.0,86.60407397135369,main,BO,0.65,26,bo,matern,ei,13347,100,20,0.27516359998844564,0.08962689992040396,0.0034238999942317605,0.3683213999029249,289.1512539146013,5000,4000,1000,1.2879747494649405,11.348897521190949,7.036585173445409,False
3781.501165828672,0.361523033680885,0.35979593857323033,3.991055869466861,0.0904285509830949,0.38880981902388284,0.6518574759510491,0.7472086676596715,0.7422741102092296,0.9970186231556203,0.01428503276982973,0.776196380477657,0.5705047076900015,0.07949529230999852,79.49529230999852,0.07949529230999852,79.49529230999852,0.49821366228345804,0.0,0.0,0.0017863377165419636,1.7863377165419636,True,63.1950149945211,0.0,63.1950149945211,main,BO,0.65,27,bo,matern,ei,13347,100,20,0.4379412999842316,0.06839080003555864,0.0033087999327108264,0.5097946999594569,253.0045260523383,5000,4000,1000,1.2879747494649405,11.348897521190949,7.036585173445409,False
4543.489179182176,0.44989315271192587,0.22668205596419452,2.243750063662726,0.09900598152401956,0.3902884120883815,0.8695683369091931,0.999694722034074,0.36194873132627003,0.414583354554242,0.30019938413398517,0.80576824176763,0.6012695289432824,0.04873047105671757,48.730471056717576,0.04873047105671757,48.730471056717576,0.4954080942268756,0.0,0.0,0.004591905773124405,4.591905773124405,True,23.74658809409589,0.0,23.74658809409589,main,BO,0.65,28,bo,matern,ei,13347,100,20,0.3406181000173092,0.04583509999793023,0.004054200020618737,0.3906166999367997,224.59915427350478,5000,4000,1000,1.2879747494649405,11.348897521190949,7.036585173445409,False
4871.55650418533,0.3639665447484087,0.15229043319540533,1.0199712917087975,0.09182066978938523,0.36979600572346955,0.9633018583386658,0.7541901278525965,0.1494012377011581,0.006657097236265841,0.060688992979507805,0.3959201144693909,0.5849047561040492,0.06509524389595078,65.09524389595079,0.06509524389595078,65.09524389595079,0.46885586629316384,0.0,0.0,0.031144133706836163,31.144133706836165,True,42.37390777873317,0.0,42.37390777873317,main,BO,0.65,29,bo,matern,ei,13347,100,20,0.36958499997854233,0.053836600040085614,0.0035513000329956412,0.4270766000263393,231.97216802082787,5000,4000,1000,1.2879747494649405,11.348897521190949,7.036585173445409,False
1545.5444005498543,0.33328011079813613,0.35388094030229256,1.0517397209987418,0.11533873970663301,0.3832900052119664,0.013012685871386931,0.6665146022803891,0.7253741151494072,0.017246573666247267,0.8446246568877673,0.6658001042393271,0.6819984903054362,0.03199849030543622,31.99849030543622,0.0,0.0,0.527296835818004,0.027296835818004017,27.296835818004016,-0.027296835818004017,-27.296835818004016,False,10.23903381827096,298.0468982700268,308.2859320882978,main,BO,0.65,30,bo,matern,ei,13347,100,20,0.2517644999315962,0.0713242000201717,0.004742400022223592,0.3279416000004858,210.60176051793377,5000,4000,1000,1.2879747494649405,11.348897521190949,7.036585173445409,False
1989.3265626647228,0.12997683190718848,0.40018195224914,1.3963520501268063,0.09003334387686321,0.3822124491251323,0.13980758933277793,0.08564809116339567,0.8576627207118286,0.13211735004226877,0.001111462562107035,0.6442489825026455,0.6242999415389054,0.025700058461094577,25.700058461094578,0.025700058461094577,25.700058461094578,0.49658518655517275,0.0,0.0,0.003414813444827247,3.414813444827247,True,6.604930049036789,0.0,6.604930049036789,main,BO,0.65,31,bo,matern,ei,13347,100,20,0.3058938999893144,0.07705060008447617,0.0038183000870049,0.386876100092195,191.91126938914388,5000,4000,1000,1.2879747494649405,11.348897521190949,7.036585173445409,False
4030.548922672354,0.3748220489707884,0.1585738410639212,3.408353655408075,0.10214170813719953,0.35965286144367736,0.7230139779063869,0.7852058542022526,0.16735383161120343,0.8027845518026916,0.4047236045733179,0.19305722887354793,0.5666520931712409,0.08334790682875914,83.34790682875915,0.08334790682875914,83.34790682875915,0.480298501172559,0.0,0.0,0.01970149882744099,19.70149882744099,True,69.46873572735514,0.0,69.46873572735514,main,BO,0.65,32,bo,matern,ei,13347,100,20,0.4323697000509128,0.07351159991230816,0.0037386000622063875,0.5097295000450686,180.75225482580763,5000,4000,1000,1.2879747494649405,11.348897521190949,7.036585173445409,False
1761.2712469947055,0.28981158112946914,0.21972975120246674,2.2610390476385294,0.09127387787720469,0.35525832572714844,0.07464892771277298,0.5423188032270547,0.3420850034356192,0.4203463492128431,0.042462595906823,0.10516651454296899,0.5701095460489299,0.07989045395107008,79.89045395107009,0.07989045395107008,79.89045395107009,0.4807526712722949,0.0,0.0,0.019247328727705126,19.247328727705128,True,63.82484632508049,0.0,63.82484632508049,main,BO,0.65,33,bo,matern,ei,13347,100,20,0.3159937000600621,0.11838060000445694,0.004642700077965856,0.43912410002667457,182.5804367611517,5000,4000,1000,1.2879747494649405,11.348897521190949,7.036585173445409,False
4003.197439102846,0.4496827790340565,0.4252032938377358,1.1662931873051257,0.11917698310922942,0.3608767053857931,0.7151992683150988,0.9990936543830188,0.9291522681078166,0.05543106243504192,0.972566103640981,0.21753410771586157,0.6409169564416943,0.009083043558305692,9.083043558305693,0.009083043558305692,9.083043558305693,0.48963434947857504,0.0,0.0,0.010365650521424963,10.365650521424962,True,0.8250168028207854,0.0,0.8250168028207854,main,BO,0.65,34,bo,matern,ei,13347,100,20,0.28036239999346435,0.039116399944759905,0.0037001000018790364,0.3232880999566987,185.30407840214804,5000,4000,1000,0.8250168028207854,9.083043558305693,10.365650521424962,True
1863.399420217629,0.4432284279211598,0.3107334483222737,2.8064078812337696,0.11784669967063785,0.3652201031891639,0.10382840577646546,0.9806526512033138,0.6020955666350676,0.6021359604112565,0.9282233223545949,0.30440206378327883,0.6165014290032067,0.03349857099679332,33.49857099679332,0.03349857099679332,33.49857099679332,0.49796444179202554,0.0,0.0,0.002035558207974464,2.035558207974464,True,11.221542588272026,0.0,11.221542588272026,main,BO,0.65,35,bo,matern,ei,13347,100,20,0.2904744999250397,0.11001200007740408,0.004006100003607571,0.4046097999671474,152.81231871652665,5000,4000,1000,0.8250168028207854,9.083043558305693,10.365650521424962,False
4785.8323470842315,0.44974907556634547,0.2521491469331445,1.0154526776125044,0.10364807825628428,0.3982943035012709,0.9388092420240661,0.9992830730467013,0.43471184838041277,0.00515089253750145,0.4549359418761425,0.9658860700254172,0.6399825636222333,0.010017436377766753,10.017436377766753,0.010017436377766753,10.017436377766753,0.5090215147550742,0.009021514755074178,9.021514755074179,-0.009021514755074178,-9.021514755074179,False,1.0034903158260469,32.55509139040844,33.55858170623449,main,BO,0.65,36,bo,matern,ei,13347,100,20,0.28687640000134706,0.0843724999576807,0.004800900002010167,0.37615509994793683,163.48014449845394,5000,4000,1000,0.8250168028207854,9.083043558305693,10.365650521424962,False
3191.4928344931714,0.42617740817525374,0.3636253698815025,2.618645786396738,0.09091630189262728,0.35207645409998656,0.4832836669980489,0.9319354519292965,0.7532153425185788,0.5395485954655792,0.030543396420909308,0.04152908199973171,0.5449130344745758,0.10508696552542418,105.08696552542418,0.10508696552542418,105.08696552542418,0.45086657100367644,0.0,0.0,0.04913342899632356,49.13342899632356,True,110.43270323341689,0.0,110.43270323341689,main,BO,0.65,37,bo,matern,ei,13347,100,20,0.3393465999979526,0.09186069993302226,0.004239300033077598,0.43555499997455627,148.31395402126495,5000,4000,1000,0.8250168028207854,9.083043558305693,10.365650521424962,False
3155.0808594976675,0.2764454199436559,0.30500521862312846,1.0077360200068775,0.09053791897578785,0.3922547185328151,0.47288024557076214,0.5041297712675884,0.5857291960660814,0.0025786733356257807,0.017930632526261703,0.8450943706563028,0.6176382911041443,0.03236170889585577,32.36170889585577,0.03236170889585577,32.36170889585577,0.4956055886204212,0.0,0.0,0.0043944113795788,4.3944113795788,True,10.472802026601103,0.0,10.472802026601103,main,BO,0.65,38,bo,matern,ei,13347,100,20,0.33815389999654144,0.1015188000164926,0.0062191999750211835,0.4460105000762269,145.78162493922957,5000,4000,1000,0.8250168028207854,9.083043558305693,10.365650521424962,False
3752.7169209374197,0.4463629755334333,0.29927177239614244,3.9909870132618113,0.10468608306892593,0.3936968747135789,0.6436334059821199,0.9896085015240952,0.5693479211318355,0.9969956710872704,0.4895361022975314,0.8739374942715776,0.5985586382772834,0.05144136172271663,51.44136172271663,0.05144136172271663,51.44136172271663,0.5051239592938378,0.005123959293837799,5.123959293837799,-0.005123959293837799,-5.123959293837799,False,26.46213695887375,10.501983537962701,36.96412049683645,main,BO,0.65,39,bo,matern,ei,13347,100,20,0.3970463000005111,0.0916983000934124,0.005551000009290874,0.4944109000498429,135.25714581329794,5000,4000,1000,0.8250168028207854,9.083043558305693,10.365650521424962,False
3044.93894195766,0.2621281732616536,0.12672651223240816,3.999164560859028,0.09829607614749777,0.35097338440756637,0.4414111262736171,0.46322335217615307,0.07636146352116613,0.9997215202863426,0.27653587158325943,0.019467688151328044,0.5511685837378687,0.09883141626213132,98.83141626213133,0.09883141626213132,98.83141626213133,0.5034623747425607,0.0034623747425607254,3.4623747425607254,-0.0034623747425607254,-3.4623747425607254,False,97.67648840378673,4.79521554316898,102.47170394695571,main,BO,0.65,40,bo,matern,ei,13347,100,20,0.4399305999977514,0.10311379993800074,0.005070400075055659,0.5482247000327334,255.67315133993287,5000,4000,1000,0.8250168028207854,9.083043558305693,10.365650521424962,False
1516.6422167445633,0.24016395452827696,0.3308654162088738,2.020152465930605,0.11981169162961684,0.36857519571575037,0.004754919069875241,0.4004684415093628,0.6596154748824966,0.3400508219768684,0.9937230543205617,0.3715039143150072,0.6710126329065601,0.02101263290656008,21.01263290656008,0.0,0.0,0.5498916313385064,0.04989163133850638,49.89163133850638,-0.04989163133850638,-49.89163133850638,False,4.415307416658515,995.6699510469728,1000.0852584636312,main,BO,0.65,41,bo,matern,ei,13347,100,20,0.30763120006304234,0.10107739991508424,0.005281400051899254,0.41409919993020594,164.99507714937369,5000,4000,1000,0.8250168028207854,9.083043558305693,10.365650521424962,False
4635.646375565615,0.17891384547545885,0.235806647581742,2.3971039957552405,0.09014412448439725,0.37340733199545123,0.8958989644473184,0.2254681299298824,0.38801899309069143,0.46570133191841345,0.00480414947990826,0.46814663990902483,0.5711970503284091,0.07880294967159096,78.80294967159097,0.07880294967159096,78.80294967159097,0.4932721713104686,0.0,0.0,0.006727828689531423,6.727828689531423,True,62.099048769432976,0.0,62.099048769432976,main,BO,0.65,42,bo,matern,ei,13347,100,20,0.521825399948284,0.1350507999304682,0.004766899975948036,0.6617719999048859,348.94848653672756,5000,4000,1000,0.8250168028207854,9.083043558305693,10.365650521424962,False
2138.686646364835,0.21908742736942383,0.4461307717779278,1.7264078281989217,0.10188044467003321,0.3503700879997093,0.18248189896138145,0.34024979248406806,0.988945062222651,0.2421359427329739,0.3960148223344404,0.007401759994186352,0.6060854729437701,0.04391452705622989,43.91452705622989,0.04391452705622989,43.91452705622989,0.47907950113662434,0.0,0.0,0.02092049886337566,20.92049886337566,True,19.284856865723466,0.0,19.284856865723466,main,BO,0.65,43,bo,matern,ei,13347,100,20,0.33885810000356287,0.10955699998885393,0.005972599959932268,0.45450619992334396,310.57062488453215,5000,4000,1000,0.8250168028207854,9.083043558305693,10.365650521424962,False
4519.999895947408,0.236346002889406,0.21397199519081356,2.4880441336804426,0.091374163536926,0.3939950474992734,0.8628571131278308,0.3895600082554457,0.32563427197375305,0.4960147112268142,0.04580545123086677,0.8799009499854669,0.5919031783870973,0.05809682161290275,58.09682161290275,0.05809682161290275,58.09682161290275,0.5139056733812535,0.01390567338125348,13.90567338125348,-0.01390567338125348,-13.90567338125348,False,33.75240681521444,77.34710087444064,111.09950768965508,main,BO,0.65,44,bo,matern,ei,13347,100,20,0.49152270006015897,0.09905129997059703,0.004716200055554509,0.5953977999743074,255.03193628237673,5000,4000,1000,0.8250168028207854,9.083043558305693,10.365650521424962,False
4564.726009984312,0.41320714766650124,0.4441582962613907,2.93518925259977,0.09519763445844247,0.35915914991110315,0.8756360028526606,0.8948775647614321,0.9833094178896877,0.6450630841999232,0.17325448194808246,0.18318299822206374,0.557878849484776,0.09212115051522407,92.12115051522407,0.09212115051522407,92.12115051522407,0.4647921714578689,0.0,0.0,0.035207828542131114,35.20782854213111,True,84.86306372248568,0.0,84.86306372248568,main,BO,0.65,45,bo,matern,ei,13347,100,20,0.4029813000233844,0.14886820001993328,0.005877800052985549,0.5578358999919146,259.0882283918376,5000,4000,1000,0.8250168028207854,9.083043558305693,10.365650521424962,False
3346.890005243942,0.42393954583101057,0.3413680825663482,3.7093422327519483,0.09018023714051704,0.39304938116264404,0.5276828586411263,0.925541559517173,0.6896230930467091,0.9031140775839828,0.006007904683901333,0.8609876232528805,0.5734772649832165,0.07652273501678353,76.52273501678353,0.07652273501678353,76.52273501678353,0.49043307198923664,0.0,0.0,0.009566928010763365,9.566928010763364,True,58.55728974448867,0.0,58.55728974448867,main,BO,0.65,46,bo,matern,ei,13347,100,20,0.41558470006566495,0.11007689998950809,0.008253799984231591,0.5340280999662355,233.3227177344869,5000,4000,1000,0.8250168028207854,9.083043558305693,10.365650521424962,False
1715.3019354935793,0.43428475945172706,0.3383507492117822,1.9506308570998045,0.0911278500898254,0.3577190722769553,0.061514838712451225,0.9550993127192203,0.6810021406050921,0.3168769523666015,0.03759500299417984,0.15438144553910693,0.5641563843331446,0.08584361566685539,85.84361566685538,0.08584361566685539,85.84361566685538,0.46262908275056386,0.0,0.0,0.03737091724943614,37.37091724943614,True,73.6912635075878,0.0,73.6912635075878,main,BO,0.65,47,bo,matern,ei,13347,100,20,0.24983139999676496,0.16550360003020614,0.005482599954120815,0.42092820000834763,211.0590437223408,5000,4000,1000,0.8250168028207854,9.083043558305693,10.365650521424962,False
2351.303122161764,0.30950343790525925,0.3114203937311471,3.998642641472438,0.09342072171679108,0.35237475587961453,0.2432294634747897,0.5985812511578835,0.6040582678032774,0.9995475471574794,0.11402405722636955,0.04749511759229097,0.547614770120522,0.10238522987947807,102.38522987947806,0.10238522987947807,102.38522987947806,0.477001888162428,0.0,0.0,0.022998111837572,22.998111837572,True,104.82735297473569,0.0,104.82735297473569,main,BO,0.65,48,bo,matern,ei,13347,100,20,0.44811330002266914,0.13540620007552207,0.005624699988402426,0.5892815999686718,417.4435048508334,5000,4000,1000,0.8250168028207854,9.083043558305693,10.365650521424962,False
3881.697772814572,0.38129993873472046,0.11502398048422693,2.942051995017149,0.0936809655590948,0.3603585050697484,0.6804850779470206,0.8037141106706299,0.04292565852636265,0.6473506650057164,0.12269885196982666,0.20717010139496916,0.5549193889580234,0.09508061104197663,95.08061104197662,0.09508061104197663,95.08061104197662,0.4695446218771395,0.0,0.0,0.030455378122860477,30.455378122860477,True,90.40322596115645,0.0,90.40322596115645,main,BO,0.65,49,bo,matern,ei,13347,100,20,0.39919179992284626,0.04970630002208054,0.006638100021518767,0.4556529000401497,249.56381271099613,5000,4000,1000,0.8250168028207854,9.083043558305693,10.365650521424962,False
4054.425301952014,0.44999999999999996,0.44999999999999996,1.6297307909039307,0.12,0.35993653744134063,0.7298358005577182,1.0,1.0,0.20991026363464357,1.0,0.19873074882681288,0.6318199151703774,0.018180084829622634,18.180084829622633,0.018180084829622634,18.180084829622633,0.48892494521666763,0.0,0.0,0.011075054783332372,11.075054783332373,True,3.3051548441227503,0.0,3.3051548441227503,main,BO,0.65,50,bo,matern,ei,13347,100,20,0.3254943999927491,0.17091029998846352,0.006769699975848198,0.5032903000246733,171.32062095361363,5000,4000,1000,0.8250168028207854,9.083043558305693,10.365650521424962,False
2754.554558994796,0.1981341501379691,0.26768529402296304,1.1888432883344175,0.10300036437442163,0.350416650602933,0.35844415971279886,0.28038328610848307,0.4791008400656086,0.06294776277813918,0.43334547914738786,0.008333012058660438,0.6099219611919477,0.040078038808052274,40.07803880805228,0.040078038808052274,40.07803880805228,0.4715727304686892,0.0,0.0,0.028427269531310806,28.427269531310806,True,16.062491946997437,0.0,16.062491946997437,main,BO,0.65,51,bo,matern,ei,13347,100,20,0.33922069997061044,0.119569499976933,0.005639599985443056,0.4645460000028834,262.9253858964508,5000,4000,1000,0.8250168028207854,9.083043558305693,10.365650521424962,False
3379.789140077233,0.4436678327611637,0.19095297476034845,1.2996373937940262,0.09068668898428146,0.3987166836679552,0.537082611450638,0.9819080936033249,0.25986564217242414,0.0998791312646754,0.022889632809382165,0.9743336733591041,0.6065478273163295,0.04345217268367052,43.45217268367052,0.04345217268367052,43.45217268367052,0.49757067502579466,0.0,0.0,0.002429324974205338,2.429324974205338,True,18.880913109315227,0.0,18.880913109315227,main,BO,0.65,52,bo,matern,ei,13347,100,20,0.2746014000149444,0.06671629997435957,0.0056909000268206,0.3471259999787435,141.59394886787035,5000,4000,1000,0.8250168028207854,9.083043558305693,10.365650521424962,False
1701.6885705270638,0.16581087855059767,0.2561073052089934,2.0492592639423077,0.09006140572167975,0.3749639308677162,0.057625305864875354,0.1880310815731362,0.4460208720256954,0.3497530879807692,0.0020468573893254183,0.4992786173543238,0.6056785341922649,0.044321465807735105,44.32146580773511,0.044321465807735105,44.32146580773511,0.5326186089193365,0.032618608919336545,32.618608919336545,-0.032618608919336545,-32.618608919336545,False,19.64392331346232,425.5894591330486,445.2333824465109,main,BO,0.65,53,bo,matern,ei,13347,100,20,0.32169080001767725,0.09701590007171035,0.007315200055018067,0.42614450003020465,215.93740290911506,5000,4000,1000,0.8250168028207854,9.083043558305693,10.365650521424962,False
4919.008413593812,0.1294562319450711,0.16149070836721846,1.2756132667621523,0.0945182806176898,0.3503688574192956,0.9768595467410892,0.08416066270020317,0.17568773819205274,0.09187108892071738,0.15060935392299335,0.007377148385911969,0.5736584442702647,0.07634155572973533,76.34155572973533,0.07634155572973533,76.34155572973533,0.45448599213906415,0.0,0.0,0.045514007860935846,45.51400786093585,True,58.280331312362854,0.0,58.280331312362854,main,BO,0.65,54,bo,matern,ei,13347,100,20,0.4411100000143051,0.09679570002481341,0.005671699997037649,0.5437034000642598,301.03743503977137,5000,4000,1000,0.8250168028207854,9.083043558305693,10.365650521424962,False
1724.3295896464604,0.35088005332207106,0.2452746276059054,1.4927729578031963,0.11794649049025781,0.3671029785423149,0.06409416847041727,0.7168001523487745,0.41507036458830115,0.1642576526010654,0.9315496830085939,0.34205957084629757,0.6540346493801886,0.004034649380188604,4.034649380188604,0.0,0.0,0.508757287880334,0.00875728788033403,8.75728788033403,-0.00875728788033403,-8.75728788033403,False,0.16278395621056288,30.676036407618117,30.83882036382868,main,BO,0.65,55,bo,matern,ei,13347,100,20,0.2683124999748543,0.056997900013811886,0.007479399908334017,0.33290550007950515,131.7617233464043,5000,4000,1000,0.8250168028207854,9.083043558305693,10.365650521424962,False
4583.069318239766,0.449664217451351,0.26043377646375954,3.0438567551058475,0.11932434626823783,0.3835469952564181,0.8808769480685045,0.9990406212895743,0.4583822184678843,0.6812855850352825,0.9774782089412611,0.6709399051283621,0.6248878474453197,0.025112152554680356,25.112152554680357,0.025112152554680356,25.112152554680357,0.5097279370133548,0.009727937013354837,9.727937013354836,-0.009727937013354837,-9.727937013354836,False,6.306202059295392,37.853103414319605,44.159305473615,main,BO,0.65,56,bo,matern,ei,13347,100,20,0.37871680001262575,0.09159319999162108,0.006132999900728464,0.4765657000243664,123.94919143764473,5000,4000,1000,0.8250168028207854,9.083043558305693,10.365650521424962,False
3057.9021706720105,0.20634539281233297,0.4152873274980756,1.8171150125890434,0.09005907520699603,0.3619787789440552,0.44511490590628877,0.3038439794638085,0.9008209357087876,0.2723716708630145,0.0019691735665345877,0.23957557888110492,0.5773207780887905,0.07267922191120957,72.67922191120957,0.07267922191120957,72.67922191120957,0.4719875808088351,0.0,0.0,0.028012419191164872,28.012419191164874,True,52.82269297618845,0.0,52.82269297618845,main,BO,0.65,57,bo,matern,ei,13347,100,20,0.3803077000193298,0.15078440005891025,0.009877100004814565,0.5410859999246895,108.90194330732461,5000,4000,1000,0.8250168028207854,9.083043558305693,10.365650521424962,False
2566.970515362991,0.39778264366924854,0.1114764510267865,3.9523898381645615,0.1053497413369104,0.35697518828545793,0.3048487186751404,0.8508075533407102,0.03278986007653284,0.9841299460548538,0.51165804456368,0.13950376570915857,0.5667825740414816,0.08321742595851844,83.21742595851845,0.08321742595851844,83.21742595851845,0.4740505540534351,0.0,0.0,0.025949445946564897,25.949445946564897,True,69.251399831615,0.0,69.251399831615,main,BO,0.65,58,bo,matern,ei,13347,100,20,0.377070700051263,0.11288140004035085,0.00619429990183562,0.4962785999523476,335.4922941624482,5000,4000,1000,0.8250168028207854,9.083043558305693,10.365650521424962,False
3842.942878265443,0.44999999999999996,0.4113230575625093,1.3855243850543462,0.11402734522489974,0.3659508799204014,0.6694122509329837,1.0,0.8894944501785982,0.1285081283514487,0.8009115074966581,0.31901759840802796,0.6289054619929701,0.021094538007029873,21.094538007029872,0.021094538007029873,21.094538007029872,0.48914200568030713,0.0,0.0,0.010857994319692865,10.857994319692866,True,4.449795337300278,0.0,4.449795337300278,main,BO,0.65,59,bo,matern,ei,13347,100,20,0.2805759001057595,0.061733300099149346,0.007881199941039085,0.3503066999837756,103.86099068802139,5000,4000,1000,0.8250168028207854,9.083043558305693,10.365650521424962,False
1880.8991007964296,0.3769668997850083,0.197083535972841,1.8244666761715322,0.11425955201371978,0.3768974238198311,0.10882831451326558,0.791333999385738,0.2773815313509743,0.2748222253905107,0.8086517337906594,0.5379484763966216,0.6415468779651382,0.008453122034861815,8.453122034861815,0.008453122034861815,8.453122034861815,0.5102697140721713,0.010269714072171254,10.269714072171254,-0.010269714072171254,-10.269714072171254,False,0.7145527213626636,42.186810849660915,42.90136357102358,main,BO,0.65,60,bo,matern,ei,13347,100,20,0.282605400076136,0.11290439998265356,0.006221399991773069,0.4018577999668196,103.88208631382324,5000,4000,1000,0.8250168028207854,9.083043558305693,10.365650521424962,False
3437.709684087741,0.12404280250514914,0.36490160241182523,1.6389934182053647,0.09047659224758331,0.3724644136572324,0.5536313383107833,0.06869372144328323,0.7568617211766435,0.21299780606845486,0.015886408252777207,0.44928827314464803,0.590878424463923,0.059121575536077,59.121575536076996,0.059121575536077,59.121575536076996,0.4780839199007819,0.0,0.0,0.021916080099218083,21.91608009921808,True,34.95360693868058,0.0,34.95360693868058,main,BO,0.65,61,bo,matern,ei,13347,100,20,0.4117346000857651,0.26464129996020347,0.007027799962088466,0.6835315999342129,102.66266376815398,5000,4000,1000,0.8250168028207854,9.083043558305693,10.365650521424962,False
2462.2373802873776,0.3647496138794297,0.15115315036775184,3.683684497179066,0.09200676604259175,0.37922065825086654,0.2749249657963936,0.756427468226942,0.14615185819357668,0.8945614990596886,0.0668922014197254,0.5844131650173308,0.56937026934608,0.08062973065391998,80.62973065391998,0.08062973065391998,80.62973065391998,0.4876890541079637,0.0,0.0,0.012310945892036296,12.310945892036296,True,65.01153465323685,0.0,65.01153465323685,main,BO,0.65,62,bo,matern,ei,13347,100,20,0.38594589999411255,0.07977279997430742,0.008306300034746528,0.47414420009590685,97.97501067724355,5000,4000,1000,0.8250168028207854,9.083043558305693,10.365650521424962,False
3043.4507272270616,0.11039593652320936,0.18247433332144988,1.012439083950094,0.11891069419212984,0.3588468430742469,0.44098592206487475,0.029702675780598153,0.23564095234699967,0.0041463613166979885,0.963689806404328,0.17693686148493892,0.662526870428979,0.012526870428978931,12.526870428978931,0.0,0.0,0.4988167226105942,0.0,0.0,0.0011832773894058235,1.1832773894058235,True,1.569224827444268,0.0,1.569224827444268,main,BO,0.65,63,bo,matern,ei,13347,100,20,0.36835299991071224,0.1773059000261128,0.008948200033046305,0.5547528000315651,92.93062708213158,5000,4000,1000,0.8250168028207854,9.083043558305693,10.365650521424962,False
4959.744962423087,0.3881987753707856,0.1464301710725462,2.861052799362738,0.11553064964399598,0.39024214382720873,0.9884985606923106,0.823425072487959,0.1326576316358462,0.6203509331209127,0.851021654799866,0.8048428765441743,0.6276461026712989,0.022353897328701078,22.353897328701077,0.022353897328701078,22.353897328701077,0.5227202373048577,0.022720237304857727,22.720237304857726,-0.022720237304857727,-22.720237304857726,False,4.996967257821092,206.48367327561948,211.48064053344058,main,BO,0.65,64,bo,matern,ei,13347,100,20,0.4281605000142008,0.07872360001783818,0.0064079000148922205,0.5134079999988899,90.43393805820418,5000,4000,1000,0.8250168028207854,9.083043558305693,10.365650521424962,False
3915.9533460537737,0.2723471721056695,0.432718811334161,1.5783820471773842,0.11574948819821701,0.37247519802819734,0.6902723845867924,0.4924204917304844,0.95062517524046,0.1927940157257947,0.8583162732739004,0.44950396056394726,0.6452728641516898,0.004727135848310193,4.727135848310193,0.004727135848310193,4.727135848310193,0.5008514804795191,0.0008514804795191067,0.8514804795191067,-0.0008514804795191067,-0.8514804795191067,False,0.2234581332837933,0.29000760280083515,0.5134657360846284,main,BO,0.65,65,bo,matern,ei,13347,100,20,0.39709929993841797,0.11310229997616261,0.008709899964742362,0.5190292000770569,76.8566568878698,5000,4000,1000,0.5134657360846284,9.083043558305693,10.365650521424962,True
3907.471584596786,0.23541257152067113,0.15409118838547128,2.267701382744,0.09048076203334468,0.38557727083794113,0.6878490241705103,0.3868930614876318,0.15454625252991794,0.4225671275813333,0.016025401111489535,0.7115454167588229,0.5859314124533104,0.06406858754668965,64.06858754668964,0.06406858754668965,64.06858754668964,0.502312261188786,0.0023122611887860245,2.3122611887860245,-0.0023122611887860245,-2.3122611887860245,False,41.04783910227835,2.138620722066464,43.186459824344816,main,BO,0.65,66,bo,matern,ei,13347,100,20,0.42544849996920675,0.15594860003329813,0.007005700026638806,0.588530300068669,73.83543756065723,5000,4000,1000,0.5134657360846284,9.083043558305693,10.365650521424962,False
3963.942910340659,0.1603962321370616,0.11129864345404593,1.661237828187477,0.09422585982905393,0.39898453186706695,0.7039836886687598,0.17256066324874741,0.032281838440131216,0.22041260939582563,0.14086199430179802,0.9796906373413391,0.6177613722973087,0.03223862770269137,32.23862770269137,0.03223862770269137,32.23862770269137,0.5062877453454894,0.006287745345489371,6.287745345489371,-0.006287745345489371,-6.287745345489371,False,10.393291161527394,15.814296611889297,26.20758777341669,main,BO,0.65,67,bo,matern,ei,13347,100,20,0.41773050010669976,0.17878909991122782,0.009126899996772408,0.6057864000322297,81.15925060482252,5000,4000,1000,0.5134657360846284,9.083043558305693,10.365650521424962,False
2113.0576726100153,0.28228165236209746,0.3985004727214022,1.5916338050696872,0.10190873490775583,0.3790381048541188,0.175159335031433,0.5208047210345642,0.8528584934897205,0.19721126835656244,0.3969578302585277,0.5807620970823762,0.6307702676738175,0.019229732326182525,19.229732326182525,0.019229732326182525,19.229732326182525,0.5008856215268416,0.0008856215268415735,0.8856215268415735,-0.0008856215268415735,-0.8856215268415735,False,3.697826053366292,0.31373019552208,4.011556248888372,main,BO,0.65,68,bo,matern,ei,13347,100,20,0.31792800000403076,0.14709069998934865,0.007509200018830597,0.47265179990790784,102.3967401265621,5000,4000,1000,0.5134657360846284,9.083043558305693,10.365650521424962,False
1654.9936284922528,0.16380480657974128,0.3252903614549083,1.2660357337127854,0.11883561102120761,0.38142136233619595,0.04428389385492937,0.18229944737068937,0.6436867470140238,0.08867857790426181,0.9611870340402541,0.6284272467239183,0.7094821884915407,0.05948218849154063,59.48218849154063,0.0,0.0,0.5379713623847632,0.037971362384763174,37.971362384763175,-0.037971362384763174,-37.971362384763175,False,35.38130747743169,576.7297445420031,612.1110520194349,main,BO,0.65,69,bo,matern,ei,13347,100,20,0.2934657000005245,0.16314299998339266,0.008835499989800155,0.465574299916625,78.48836341162527,5000,4000,1000,0.5134657360846284,9.083043558305693,10.365650521424962,False
4234.792871338899,0.24343311528681957,0.25782963745853366,1.2230838755527165,0.09282737059241862,0.35516551149668113,0.7813693918111141,0.4098089008194845,0.4509418213100962,0.07436129185090545,0.09424568641395425,0.10331022993362315,0.5767551454362393,0.07324485456376073,73.24485456376073,0.07324485456376073,73.24485456376073,0.4579460181408869,0.0,0.0,0.042053981859113077,42.05398185911308,True,53.64808720066461,0.0,53.64808720066461,main,BO,0.65,70,bo,matern,ei,13347,100,20,0.38716959999874234,0.1532559999031946,0.007166400086134672,0.5477168000070378,127.48701574956999,5000,4000,1000,0.5134657360846284,9.083043558305693,10.365650521424962,False
1910.0328127699147,0.2651440968204518,0.24429652310373381,1.4561835311298452,0.10514496155311692,0.35775220429253907,0.11715223221997562,0.4718402766298623,0.41227578029638234,0.1520611770432817,0.5048320517705643,0.155044085850782,0.6223182854634385,0.02768171453656154,27.681714536561543,0.02768171453656154,27.681714536561543,0.4862772155823063,0.0,0.0,0.0137227844176937,13.7227844176937,True,7.662773196836826,0.0,7.662773196836826,main,BO,0.65,71,bo,matern,ei,13347,100,20,0.30533850006759167,0.16194669995456934,0.009131600032560527,0.4765378999290988,91.74034573994722,5000,4000,1000,0.5134657360846284,9.083043558305693,10.365650521424962,False
3014.893378503114,0.11653009243533133,0.4328475779057469,1.0026850639736455,0.10199830129676815,0.39433689826912516,0.43282667957231835,0.047228835529518065,0.9509930797307055,0.0008950213245485505,0.3999433765589384,0.8867379653825027,0.6620157537546802,0.012015753754680225,12.015753754680226,0.0,0.0,0.5150637956947004,0.0150637956947004,15.0637956947004,-0.0150637956947004,-15.0637956947004,False,1.4437833829311193,90.76717629266972,92.21095967560083,main,BO,0.65,72,bo,matern,ei,13347,100,20,0.3557121000485495,0.20824710000306368,0.008445299929007888,0.572548900032416,76.7010946457795,5000,4000,1000,0.5134657360846284,9.083043558305693,10.365650521424962,False
4645.876369272446,0.44791584964764164,0.42245035120485386,3.99915098810521,0.09168647270867768,0.35965072863741954,0.8988218197921274,0.9940452847075475,0.921286717728154,0.9997169960350699,0.056215756955922735,0.19301457274839107,0.5391737881927124,0.11082621180728758,110.82621180728758,0.11082621180728758,110.82621180728758,0.45658198229727204,0.0,0.0,0.04341801770272796,43.418017702727965,True,122.82449223553769,0.0,122.82449223553769,main,BO,0.65,73,bo,matern,ei,13347,100,20,0.42255360004492104,0.18250960006844252,0.009689000085927546,0.6148796000052243,81.66302120248791,5000,4000,1000,0.5134657360846284,9.083043558305693,10.365650521424962,False
1900.516371543219,0.3328870503199697,0.1579799625803548,3.967651193484764,0.11761936408225826,0.3958682895112543,0.1144332490123483,0.6653915723427706,0.16565703594387082,0.9892170644949213,0.920645469408609,0.9173657902250857,0.639297209296989,0.010702790703011056,10.702790703011056,0.010702790703011056,10.702790703011056,0.5418909750159321,0.041890975015932086,41.890975015932085,-0.041890975015932086,-41.890975015932085,False,1.1454972883245989,701.9415151141783,703.0870124025029,main,BO,0.65,74,bo,matern,ei,13347,100,20,0.38083189993631095,0.1615672999760136,0.007870999979786575,0.5504063999978825,79.97926630736262,5000,4000,1000,0.5134657360846284,9.083043558305693,10.365650521424962,False
4878.088917509262,0.43241574742761013,0.32884827974884917,3.757835386113883,0.10431376824986105,0.3885983207472782,0.9651682621455032,0.9497592783646004,0.6538522278538548,0.919278462037961,0.4771256083287019,0.7719664149455634,0.5936958280763251,0.05630417192367487,56.30417192367487,0.05630417192367487,56.30417192367487,0.5013223675135007,0.0013223675135006774,1.3223675135006774,-0.0013223675135006774,-1.3223675135006774,False,31.701597760107372,0.6994623363047857,32.40106009641216,main,BO,0.65,75,bo,matern,ei,13347,100,20,0.4310330000007525,0.19913940003607422,0.00991500006057322,0.640211799996905,101.65256816614713,5000,4000,1000,0.5134657360846284,9.083043558305693,10.365650521424962,False
4431.3623729959345,0.33970283702664006,0.20197552002426966,3.8410881871883524,0.09679228406735782,0.38417725530331814,0.837532106570267,0.6848652486475432,0.29135862864077045,0.9470293957294508,0.22640946891192748,0.6835451060663631,0.5774193632372304,0.0725806367627696,72.5806367627696,0.0725806367627696,72.5806367627696,0.5075339213941386,0.007533921394138554,7.533921394138554,-0.007533921394138554,-7.533921394138554,False,52.67948832889102,22.703988629223446,75.38347695811447,main,BO,0.65,76,bo,matern,ei,13347,100,20,0.4729955999646336,0.1542558999499306,0.008076800033450127,0.6354604000225663,83.70902225280317,5000,4000,1000,0.5134657360846284,9.083043558305693,10.365650521424962,False
2756.6228417775847,0.44666972601768196,0.12648439456361762,1.96867612221914,0.10888460927910482,0.3657089690698745,0.3590350976507385,0.9904849314790914,0.07566969875319318,0.32289204073971334,0.6294869759701606,0.3141793813974896,0.603644866299204,0.046355133700796025,46.355133700796024,0.046355133700796025,46.355133700796024,0.4852188431736317,0.0,0.0,0.014781156826368325,14.781156826368324,True,21.48798420418675,0.0,21.48798420418675,main,BO,0.65,77,bo,matern,ei,13347,100,20,0.2769865000154823,0.23129430005792528,0.01055779994931072,0.5189703999785706,79.15978334446301,5000,4000,1000,0.5134657360846284,9.083043558305693,10.365650521424962,False
3930.9956834272216,0.44083775438481076,0.3477546723576037,1.046078145076252,0.09147918818752927,0.35617896190597176,0.6945701952649205,0.9738221553851736,0.7078704924502964,0.015359381692083951,0.04930627291764267,0.12357923811943605,0.572562672184133,0.07743732781586699,77.43732781586698,0.07743732781586699,77.43732781586698,0.4553482380744693,0.0,0.0,0.04465176192553072,44.65176192553072,True,59.96539739262046,0.0,59.96539739262046,main,BO,0.65,78,bo,matern,ei,13347,100,20,0.2863471999298781,0.21389040001668036,0.007583900005556643,0.5079539999132976,77.65515873717537,5000,4000,1000,0.5134657360846284,9.083043558305693,10.365650521424962,False
1659.0923185057093,0.16538353849285123,0.25495534202856485,1.6607697282666494,0.0923582588046687,0.35605979270542276,0.04545494814448836,0.18681010997957492,0.4427295486530425,0.22025657608888316,0.0786086268222903,0.12119585410845535,0.6010631190992383,0.04893688090076176,48.93688090076176,0.04893688090076176,48.93688090076176,0.4833096201376173,0.0,0.0,0.016690379862382698,16.6903798623827,True,23.94818312295341,0.0,23.94818312295341,main,BO,0.65,79,bo,matern,ei,13347,100,20,0.3086403999477625,0.1055879999184981,0.010548799997195601,0.4249050000216812,80.87443066202033,5000,4000,1000,0.5134657360846284,9.083043558305693,10.365650521424962,False
3420.3613517950453,0.4255402144352842,0.3661419286930745,3.1679447417126942,0.10695178293806633,0.39884189946563003,0.5486746719414415,0.9301148983865264,0.7604055105516414,0.7226482472375647,0.5650594312688776,0.9768379893126,0.6196298727747018,0.030370127225298194,30.370127225298194,0.030370127225298194,30.370127225298194,0.514228633940827,0.014228633940826962,14.228633940826963,-0.014228633940826962,-14.228633940826963,False,9.223446276807985,80.9816095288212,90.20505580562919,main,BO,0.65,80,bo,matern,ei,13347,100,20,0.36169320007320493,0.18501560005825013,0.00845120009034872,0.555288500036113,68.3312246018144,5000,4000,1000,0.5134657360846284,9.083043558305693,10.365650521424962,False
2511.3207710911374,0.44976951567620693,0.44863973732009177,1.8684489244907345,0.11949065723762402,0.3703944913248575,0.28894879174032495,0.9993414733605912,0.9961135352002621,0.2894829748302449,0.9830219079208006,0.40788982649715033,0.6402785210264019,0.009721478973598097,9.721478973598096,0.009721478973598097,9.721478973598096,0.5029154852236072,0.0029154852236071838,2.9154852236071838,-0.0029154852236071838,-2.9154852236071838,False,0.945071534341099,3.400021635628732,4.345093169969831,main,BO,0.65,81,bo,matern,ei,13347,100,20,0.2762796999886632,0.16938279999885708,0.011147200013510883,0.45694569998886436,57.60254353003845,5000,4000,1000,0.5134657360846284,9.083043558305693,10.365650521424962,False
2807.639238026377,0.3575544802422077,0.12931796500034168,2.047231038115586,0.10325314275204937,0.3789985347359542,0.3736112108646791,0.735869943549165,0.08376561428669049,0.3490770127051953,0.44177142506831246,0.5799706947190832,0.6102962676986963,0.03970373230130375,39.70373230130375,0.03970373230130375,39.70373230130375,0.4974565325203361,0.0,0.0,0.0025434674796638856,2.5434674796638856,True,15.763863586535908,0.0,15.763863586535908,main,BO,0.65,82,bo,matern,ei,13347,100,20,0.3407754999352619,0.1399964999873191,0.012098299921490252,0.4930080999620259,56.22452296110234,5000,4000,1000,0.5134657360846284,9.083043558305693,10.365650521424962,False
1690.862870384667,0.1971733605905965,0.34889946557715373,1.122474243581658,0.09017685254636609,0.38625354064033296,0.05453224868133344,0.27763817311599004,0.7111413302204392,0.04082474786055268,0.005895084878870027,0.725070812806659,0.6341593431926382,0.015840656807361797,15.840656807361796,0.015840656807361797,15.840656807361796,0.5034938111344077,0.0034938111344077205,3.4938111344077205,-0.0034938111344077205,-3.4938111344077205,False,2.5092640808861764,4.882686497164545,7.3919505780507215,main,BO,0.65,83,bo,matern,ei,13347,100,20,0.28316399990580976,0.1528872000053525,0.011342199984937906,0.44752180005889386,58.55765703185648,5000,4000,1000,0.5134657360846284,9.083043558305693,10.365650521424962,False
1630.7864522494292,0.4498295296348114,0.43747180681121944,1.2686258759587226,0.09873718876012876,0.3524113192788065,0.03736755778555123,0.9995129418137467,0.9642051623177699,0.08954195865290748,0.2912396253376255,0.04822638557612946,0.5868203966321661,0.0631796033678339,63.179603367833906,0.0631796033678339,63.179603367833906,0.46752550951216376,0.0,0.0,0.03247449048783624,32.474490487836235,True,39.91662281716808,0.0,39.91662281716808,main,BO,0.65,84,bo,matern,ei,13347,100,20,0.22820430004503578,0.08035159995779395,0.008556700078770518,0.31724859995301813,51.90969912288574,5000,4000,1000,0.5134657360846284,9.083043558305693,10.365650521424962,False
4296.98220568543,0.37262191146363155,0.43875013483286607,1.3945355577554275,0.09021227215240311,0.3775798369433876,0.7991377730529798,0.7789197470389472,0.967857528093903,0.13151185258514253,0.007075738413437449,0.5515967388677517,0.5884093256021259,0.061590674397874134,61.59067439787413,0.061590674397874134,61.59067439787413,0.475576557927991,0.0,0.0,0.024423442072009027,24.423442072009028,True,37.934111727849476,0.0,37.934111727849476,main,BO,0.65,85,bo,matern,ei,13347,100,20,0.36087019997648895,0.2113477000966668,0.008803600096143782,0.581169500015676,58.38888668818538,5000,4000,1000,0.5134657360846284,9.083043558305693,10.365650521424962,False
3571.411173705447,0.10373335199989556,0.43910058369923577,1.0259450996797572,0.09029668191435189,0.3728759894052416,0.5918317639158419,0.01066671999970159,0.9688588105692449,0.008648366559919074,0.009889397145063317,0.45751978810483174,0.6046934931379543,0.04530650686204574,45.30650686204574,0.04530650686204574,45.30650686204574,0.477100979839013,0.0,0.0,0.022899020160986994,22.899020160986993,True,20.526795640405975,0.0,20.526795640405975,main,BO,0.65,86,bo,matern,ei,13347,100,20,0.38441769999917597,0.1878341999836266,0.01235520001500845,0.5847402999643236,56.0352691223171,5000,4000,1000,0.5134657360846284,9.083043558305693,10.365650521424962,False
4408.903497331867,0.44343200527633675,0.39863336967928964,2.4411932893438584,0.11872666084285273,0.36799553211571545,0.831115284951962,0.9812343007895336,0.8532381990836846,0.48039776311461946,0.9575553614284243,0.3599106423143089,0.6209749890852181,0.029025010914781935,29.025010914781934,0.029025010914781935,29.025010914781934,0.49436754804377936,0.0,0.0,0.005632451956220641,5.632451956220641,True,8.424512586032105,0.0,8.424512586032105,main,BO,0.65,87,bo,matern,ei,13347,100,20,0.3658132000127807,0.09236969996709377,0.009450100013054907,0.4677667999640107,48.538169401361124,5000,4000,1000,0.5134657360846284,9.083043558305693,10.365650521424962,False
4003.447772239353,0.44836888847772605,0.3982617524657408,2.655671401368951,0.105223426964021,0.37981405464872714,0.7152707920683866,0.9953396813649315,0.8521764356164022,0.5518904671229836,0.5074475654673668,0.596281092974543,0.6015246532558033,0.048475346744196735,48.475346744196735,0.048475346744196735,48.475346744196735,0.49213606480431826,0.0,0.0,0.007863935195681737,7.863935195681737,True,23.49859241970105,0.0,23.49859241970105,main,BO,0.65,88,bo,matern,ei,13347,100,20,0.34769470000173897,0.11641799996141344,0.011529700015671551,0.4757761999499053,53.80865946200873,5000,4000,1000,0.5134657360846284,9.083043558305693,10.365650521424962,False
3338.946270315218,0.22116478328032088,0.20135176929695128,1.576772409511884,0.10449686938117857,0.3519264891868424,0.5254132200900623,0.3461850950866311,0.2895764837055751,0.19225746983729464,0.4832289793726192,0.03852978373684768,0.5988012893112368,0.05119871068876325,51.19871068876325,0.05119871068876325,51.19871068876325,0.4704681830603809,0.0,0.0,0.029531816939619093,29.531816939619095,True,26.213079761916802,0.0,26.213079761916802,main,BO,0.65,89,bo,matern,ei,13347,100,20,0.3906096999999136,0.3096223999746144,0.0127134999493137,0.7130776999983937,48.05234049126368,5000,4000,1000,0.5134657360846284,9.083043558305693,10.365650521424962,False
3804.3884105630555,0.31390917460141077,0.44999999999999996,1.6044828108108369,0.11189247944253937,0.37538329818930005,0.6583966887323016,0.611169070289745,1.0,0.20149427027027894,0.7297493147513124,0.5076659637860014,0.6368974675509145,0.013102532449085547,13.102532449085547,0.013102532449085547,13.102532449085547,0.4990311698511925,0.0,0.0,0.000968830148807498,0.968830148807498,True,1.7167635657933968,0.0,1.7167635657933968,main,BO,0.65,90,bo,matern,ei,13347,100,20,0.3870426999637857,0.11777290003374219,0.010875999927520752,0.5158278000308201,56.38490987591312,5000,4000,1000,0.5134657360846284,9.083043558305693,10.365650521424962,False
3714.257332308729,0.28465628655882746,0.44999999999999996,1.4159702859047587,0.11332282115566902,0.3741347680764461,0.6326449520882083,0.5275893901680784,1.0,0.1386567619682529,0.7774273718556343,0.48269536152892173,0.6451512306955269,0.004848769304473088,4.848769304473088,0.004848769304473088,4.848769304473088,0.5004873933822759,0.00048739338227588025,0.48739338227588025,-0.00048739338227588025,-0.48739338227588025,False,0.23510563768000436,0.09502092363452894,0.33012656131453333,main,BO,0.65,91,bo,matern,ei,13347,100,20,0.38680370000656694,0.27937590004876256,0.0140215998981148,0.6803406999679282,43.584535631055,5000,4000,1000,0.33012656131453333,9.083043558305693,10.365650521424962,True
1664.0765836793412,0.4104745001163267,0.3596957488273139,3.537454670018742,0.10117700149112419,0.356591100355702,0.046879023908383166,0.887070000332362,0.7419878537923255,0.8458182233395807,0.3725667163708065,0.13182200711404102,0.5678897680613758,0.08211023193862421,82.11023193862421,0.08211023193862421,82.11023193862421,0.47256424134929503,0.0,0.0,0.027435758650704967,27.435758650704965,True,67.42090189014662,0.0,67.42090189014662,main,BO,0.65,92,bo,matern,ei,13347,100,20,0.33478640008252114,0.11462630005553365,0.009562999941408634,0.45911279995925725,44.52383358289897,5000,4000,1000,0.33012656131453333,9.083043558305693,10.365650521424962,False
2321.823297514161,0.39240082049785274,0.20610463995445008,3.392363493251638,0.09022401186630494,0.3710694938581925,0.23480665643261744,0.8354309157081508,0.30315611415557164,0.7974544977505461,0.00746706221016491,0.4213898771638499,0.5578177162402027,0.09218228375979731,92.18228375979731,0.09218228375979731,92.18228375979731,0.47187242419008996,0.0,0.0,0.028127575809910044,28.127575809910045,True,84.9757343917179,0.0,84.9757343917179,main,BO,0.65,93,bo,matern,ei,13347,100,20,0.35252209997270256,0.3112607999937609,0.011595199932344258,0.6755494000390172,42.80623873443196,5000,4000,1000,0.33012656131453333,9.083043558305693,10.365650521424962,False
3608.4214473292172,0.3598552804181997,0.391097614729212,1.9078314130406677,0.09283335324514409,0.3863747498749915,0.6024061278083478,0.7424436583377133,0.8317074706548915,0.30261047101355587,0.09444510817146967,0.7274949974998296,0.5958865755663746,0.054113424433625434,54.11342443362543,0.054113424433625434,54.11342443362543,0.4887285416231359,0.0,0.0,0.011271458376864107,11.271458376864107,True,29.2826270393369,0.0,29.2826270393369,main,BO,0.65,94,bo,matern,ei,13347,100,20,0.3631505999946967,0.16216840001288801,0.009097600006498396,0.5345693998970091,44.32757061062051,5000,4000,1000,0.33012656131453333,9.083043558305693,10.365650521424962,False
4540.370179954725,0.44942988755751323,0.15546300570362093,2.2255297180281204,0.11880375129310937,0.39632638755279964,0.8686771942727788,0.9983711073071808,0.15846573058177404,0.40850990600937354,0.9601250431036458,0.9265277510559928,0.6487782510118918,0.0012217489881082289,1.2217489881082289,0.0012217489881082289,1.2217489881082289,0.5224569781932269,0.022456978193226895,22.456978193226895,-0.022456978193226895,-22.456978193226895,False,0.014926705899434812,201.72634782842732,201.74127453432675,main,BO,0.65,95,bo,matern,ei,13347,100,20,0.3520489000948146,0.20696029998362064,0.011816499987617135,0.5709677999839187,43.1682817887559,5000,4000,1000,0.33012656131453333,9.083043558305693,10.365650521424962,False
2479.37060001578,0.2727749306675712,0.3014353824426411,2.5159381986991445,0.09272494489805305,0.3616928671591081,0.27982017143308,0.49364265905020344,0.5755296641218318,0.5053127328997148,0.09083149660176837,0.23385734318216145,0.5725164431630488,0.07748355683695118,77.48355683695118,0.07748355683695118,77.48355683695118,0.49621593672907965,0.0,0.0,0.003784063270920346,3.784063270920346,True,60.037015801050444,0.0,60.037015801050444,main,BO,0.65,96,bo,matern,ei,13347,100,20,0.38053389999549836,0.3198555000126362,0.012491000001318753,0.7130173000041395,174.72897737430335,5000,4000,1000,0.33012656131453333,9.083043558305693,10.365650521424962,False
4564.183792854047,0.4477117713466636,0.11879153551588723,2.511904118914424,0.11968761215975705,0.35367419433063385,0.8754810836725849,0.9934622038476103,0.05369010147396347,0.5039680396381413,0.9895870719919018,0.07348388661267768,0.6014766071196044,0.048523392880395644,48.52339288039565,0.048523392880395644,48.52339288039565,0.48049148217850274,0.0,0.0,0.019508517821497262,19.50851782149726,True,23.545196566252308,0.0,23.545196566252308,main,BO,0.65,97,bo,matern,ei,13347,100,20,0.36329770006705076,0.3623058000812307,0.009885499952360988,0.7356303000124171,77.82319526369955,5000,4000,1000,0.33012656131453333,9.083043558305693,10.365650521424962,False
4105.232568728362,0.4077360787307913,0.38483117828017255,2.036875207570436,0.1067711091871809,0.3690389868020677,0.7443521624938176,0.8792459392308323,0.8138033665147788,0.34562506919014535,0.5590369729060299,0.3807797360413545,0.6040449224992956,0.04595507750070438,45.95507750070438,0.04595507750070438,45.95507750070438,0.4840707825845943,0.0,0.0,0.015929217415405705,15.929217415405706,True,21.11869148095745,0.0,21.11869148095745,main,BO,0.65,98,bo,matern,ei,13347,100,20,0.3563364000292495,0.2048467000713572,0.01261900004465133,0.5739386000204831,71.39321783210923,5000,4000,1000,0.33012656131453333,9.083043558305693,10.365650521424962,False
1975.0685702014212,0.23908165065528109,0.38284841452339635,1.3052324115334013,0.10467737036848415,0.359766284882437,0.13573387720040608,0.39737614472937455,0.808138327209704,0.1017441371778004,0.489245678949472,0.19532569764873997,0.6312242655932405,0.018775734406759503,18.775734406759504,0.018775734406759503,18.775734406759504,0.48880234128143274,0.0,0.0,0.01119765871856726,11.197658718567261,True,3.5252820251317263,0.0,3.5252820251317263,main,BO,0.65,99,bo,matern,ei,13347,100,20,0.313312100013718,0.2134863999672234,0.009779299958609045,0.5367161000613123,44.78247169901201,5000,4000,1000,0.33012656131453333,9.083043558305693,10.365650521424962,False
3726.023951886558,0.40792968579015865,0.43658500714609316,2.1611578140989223,0.09083388712591316,0.3518139910489253,0.6360068433961593,0.8797991022575963,0.9616714489888376,0.38705260469964076,0.027796237530438472,0.036279820978505906,0.5516139686500784,0.09838603134992163,98.38603134992164,0.09838603134992163,98.38603134992164,0.45044944960220124,0.0,0.0,0.049550550397798765,49.550550397798766,True,96.7981116478776,0.0,96.7981116478776,main,BO,0.65,100,bo,matern,ei,13347,100,20,0.337256999919191,0.11993899999652058,0.011978799942880869,0.46932579996064305,45.13195343747533,5000,4000,1000,0.33012656131453333,9.083043558305693,10.365650521424962,False
1780.1851161454167,0.4107412980562478,0.13681359982576194,1.044798170098854,0.09221244225265036,0.39867006235749863,0.08005289032726193,0.887832280160708,0.10518171378789125,0.014932723366284673,0.07374807508834566,0.9734012471499721,0.6210726413958386,0.0289273586041614,28.9273586041614,0.0289273586041614,28.9273586041614,0.5068792672307475,0.006879267230747499,6.879267230747499,-0.006879267230747499,-6.879267230747499,False,8.367920758137506,18.929727052814545,27.29764781095205,acquisition_sensitivity,BO,0.65,1,initial_lhs,matern,lcb,16346,100,20,0.2567875999957323,0.0,0.0,0.2568362000165507,,0,0,0,27.29764781095205,,,True
2375.371850191319,0.43345908944877176,0.31982696778572706,3.500019772748767,0.1040048688771402,0.35386349514283566,0.2501062429118054,0.9527402555679194,0.628077050816363,0.8333399242495891,0.4668289625713401,0.07726990285671373,0.5677241353555065,0.08227586464449355,82.27586464449355,0.08227586464449355,82.27586464449355,0.4681672293183949,0.0,0.0,0.031832770681605116,31.832770681605115,True,67.69317902999022,0.0,67.69317902999022,acquisition_sensitivity,BO,0.65,2,initial_lhs,matern,lcb,16346,100,20,0.38745889998972416,0.0,0.0,0.3875070000067353,,0,0,0,27.29764781095205,82.27586464449355,31.832770681605115,False
3109.6696109627146,0.42146938083675856,0.36740846821683926,2.2283678570076213,0.10766718835065857,0.3938249822618285,0.4599056031322042,0.9184839452478817,0.7640241949052552,0.4094559523358738,0.5889062783552859,0.8764996452365699,0.629415211462766,0.020584788537234,20.584788537234,0.020584788537234,20.584788537234,0.5116265292102367,0.011626529210236658,11.626529210236658,-0.011626529210236658,-11.626529210236658,False,4.237335191226403,54.0704725905945,58.3078077818209,acquisition_sensitivity,BO,0.65,3,initial_lhs,matern,lcb,16346,100,20,0.3676178000168875,0.0,0.0,0.3676703000674024,,0,0,0,27.29764781095205,82.27586464449355,31.832770681605115,False
3597.3599735117537,0.2714661916063721,0.33403652802595535,2.472248675506381,0.10574336495735245,0.38569641730818804,0.5992457067176439,0.48990340458963466,0.6686757943598725,0.490749558502127,0.5247788319117486,0.7139283461637607,0.6185860346417298,0.031413965358270235,31.413965358270236,0.031413965358270235,31.413965358270236,0.5264704608209609,0.02647046082096094,26.470460820960938,-0.02647046082096094,-26.470460820960938,False,9.868372195306023,280.27411842961124,290.1424906249173,acquisition_sensitivity,BO,0.65,4,initial_lhs,matern,lcb,16346,100,20,0.47189069993328303,0.0,0.0,0.47193830006290227,,0,0,0,27.29764781095205,82.27586464449355,31.832770681605115,False
4960.073969425908,0.2811257235184542,0.4120872295156378,3.076646078516453,0.11599360561477524,0.3892125340666353,0.9885925626931167,0.5175020671955836,0.891677798616108,0.6922153595054843,0.8664535204925083,0.784250681332706,0.6324064770139012,0.017593522986098842,17.59352298609884,0.017593522986098842,17.59352298609884,0.5489753864563246,0.0489753864563246,48.9753864563246,-0.0489753864563246,-48.9753864563246,False,3.0953205106238832,959.435391418537,962.5307119291609,acquisition_sensitivity,BO,0.65,5,initial_lhs,matern,lcb,16346,100,20,0.5425893999636173,0.0,0.0,0.5426377999829128,,0,0,0,27.29764781095205,82.27586464449355,31.832770681605115,False
4652.711237794765,0.17241443261876382,0.1890024141093358,1.794058372337806,0.11323825514282035,0.37311615151107436,0.9007746393699329,0.20689837891075377,0.2542926117409594,0.26468612411260206,0.7746085047606786,0.4623230302214876,0.630788765201401,0.019211234798598986,19.211234798598987,0.019211234798598986,19.211234798598987,0.5030443067948471,0.003044306794847129,3.044306794847129,-0.003044306794847129,-3.044306794847129,False,3.690715424869006,3.70712154446096,7.397836969329966,acquisition_sensitivity,BO,0.65,6,initial_lhs,matern,lcb,16346,100,20,0.4901915000518784,0.0,0.0,0.4902423999737948,,0,0,0,7.397836969329966,82.27586464449355,31.832770681605115,True
2628.780950763203,0.12053647624338296,0.2620197105348171,3.592128588822323,0.09400953537386492,0.37594756255848555,0.3225088430752008,0.05867564640966556,0.46291345867090594,0.8640428629407744,0.1336511791288308,0.5189512511697112,0.5829871532479864,0.06701284675201358,67.01284675201357,0.06701284675201358,67.01284675201357,0.6629375783460136,0.16293757834601363,162.93757834601362,-0.16293757834601363,-162.93757834601362,False,44.907216298088564,10619.46177490533,10664.368991203419,acquisition_sensitivity,BO,0.65,7,initial_lhs,matern,lcb,16346,100,20,0.4910385999828577,0.0,0.0,0.49108690000139177,,0,0,0,7.397836969329966,82.27586464449355,31.832770681605115,False
2756.8858349475377,0.3398804267612173,0.4475386715514268,1.232870418275065,0.10106933823330447,0.37076935447620346,0.35911023855643937,0.6853726478891924,0.9929676330040765,0.07762347275835499,0.3689779411101491,0.41538708952406933,0.6186244208342617,0.0313755791657383,31.375579165738298,0.0313755791657383,31.375579165738298,0.48621822972020123,0.0,0.0,0.013781770279798766,13.781770279798767,True,9.844269679855111,0.0,9.844269679855111,acquisition_sensitivity,BO,0.65,8,initial_lhs,matern,lcb,16346,100,20,0.3406057999236509,0.0,0.0,0.3406537000555545,,0,0,0,7.397836969329966,31.375579165738298,13.781770279798767,False
4533.054593197227,0.10086976053644542,0.3868198550466003,2.7907917458360147,0.09783132644946695,0.3687150020193846,0.8665870266277793,0.002485030104129743,0.8194853001331438,0.5969305819453383,0.2610442149822318,0.37430004038769266,0.5825249988340487,0.06747500116595129,67.47500116595128,0.06747500116595129,67.47500116595128,0.5308037596278063,0.03080375962780635,30.80375962780635,-0.03080375962780635,-30.80375962780635,False,45.52875782345127,379.54864288306896,425.0774007065202,acquisition_sensitivity,BO,0.65,9,initial_lhs,matern,lcb,16346,100,20,0.5526178000727668,0.0,0.0,0.5526685999939218,,0,0,0,7.397836969329966,31.375579165738298,13.781770279798767,False
4012.1704228431236,0.21411753634477135,0.20600405190989496,1.4561506089822873,0.09098440332302832,0.3653833345562897,0.7177629779551782,0.32605010384220384,0.30286871974255697,0.15205020299409575,0.032813444100943875,0.3076666911257939,0.5796221205514556,0.07037787944854446,70.37787944854446,0.07037787944854446,70.37787944854446,0.4667431564382818,0.0,0.0,0.03325684356171821,33.256843561718206,True,49.53045915673855,0.0,49.53045915673855,acquisition_sensitivity,BO,0.65,10,initial_lhs,matern,lcb,16346,100,20,0.4502144999569282,0.0,0.0,0.45026599999982864,,0,0,0,7.397836969329966,31.375579165738298,13.781770279798767,False
3327.266813897957,0.1387577712699648,0.15461618356754292,3.3150757380156746,0.11150526395117705,0.3841680424403038,0.5220762325422735,0.11073648934275653,0.15604623876440837,0.7716919126718915,0.7168421317059015,0.683360848806076,0.624561691661947,0.02543830833805305,25.43830833805305,0.02543830833805305,25.43830833805305,0.6747806817588119,0.1747806817588119,174.7806817588119,-0.1747806817588119,-174.7806817588119,False,6.471075311018594,12219.314686430034,12225.785761741054,acquisition_sensitivity,BO,0.65,11,initial_lhs,matern,lcb,16346,100,20,0.502112100017257,0.0,0.0,0.5021603999193758,,0,0,0,7.397836969329966,31.375579165738298,13.781770279798767,False
2957.6960948452097,0.3964747510182085,0.10000619959536947,3.701986176631914,0.0968394073283898,0.39543603989028087,0.4164845985272027,0.8470707171948814,1.7713129627033863e-05,0.9006620588773047,0.22798024427966018,0.9087207978056165,0.5910610257199256,0.05893897428007444,58.93897428007444,0.05893897428007444,58.93897428007444,0.5040850782449814,0.004085078244981388,4.085078244981388,-0.004085078244981388,-4.085078244981388,False,34.73802689187276,6.675145707048088,41.413172598920845,acquisition_sensitivity,BO,0.65,12,initial_lhs,matern,lcb,16346,100,20,0.4137118000071496,0.0,0.0,0.41375870001502335,,0,0,0,7.397836969329966,31.375579165738298,13.781770279798767,False
4175.140320148148,0.30433966680290014,0.25380598633443485,1.971902767966191,0.11045728445153688,0.3509469382040902,0.7643258057566138,0.5838276194368575,0.43944567524124245,0.32396758932206365,0.6819094817178959,0.018938764081803637,0.5975144181194743,0.05248558188052577,52.485581880525764,0.05248558188052577,52.485581880525764,0.4768003012387526,0.0,0.0,0.02319969876124739,23.19969876124739,True,27.547363053373743,0.0,27.547363053373743,acquisition_sensitivity,BO,0.65,13,initial_lhs,matern,lcb,16346,100,20,0.42705109994858503,0.0,0.0,0.4270961000584066,,0,0,0,7.397836969329966,31.375579165738298,13.781770279798767,False
1581.2421767630756,0.32569855781781226,0.17090394246799964,2.182972851951731,0.09506860175332875,0.3600403199177746,0.023212050503735863,0.6448530223366065,0.20258269276571328,0.3943242839839103,0.16895339177762514,0.20080639835549144,0.5836673648702835,0.06633263512971654,66.33263512971655,0.06633263512971654,66.33263512971655,0.47831225591669685,0.0,0.0,0.02168774408330315,21.68774408330315,True,44.00018483252105,0.0,44.00018483252105,acquisition_sensitivity,BO,0.65,14,initial_lhs,matern,lcb,16346,100,20,0.32894160004798323,0.0,0.0,0.3289893000619486,,0,0,0,7.397836969329966,31.375579165738298,13.781770279798767,False
3873.11937412824,0.16134200399292065,0.4324825302884472,2.8143101240995536,0.11417115215207313,0.3922758615401065,0.6780341068937829,0.1752628685512018,0.9499500865384206,0.6047700413665178,0.8057050717357711,0.8455172308021306,0.6418073755135842,0.008192624486415778,8.192624486415777,0.008192624486415778,8.192624486415777,0.5880208029866123,0.0880208029866123,88.0208029866123,-0.0880208029866123,-88.0208029866123,False,0.671190959754194,3099.0647033632063,3099.7358943229606,acquisition_sensitivity,BO,0.65,15,initial_lhs,matern,lcb,16346,100,20,0.514862300013192,0.0,0.0,0.5149103000294417,,0,0,0,7.397836969329966,31.375579165738298,13.781770279798767,False
1925.42817838179,0.347028877837642,0.2284319681788601,1.6360615056907386,0.10033136333420098,0.3586475505331822,0.1215509081090829,0.7057967938218345,0.36694848051102885,0.21202050189691285,0.3443787778066997,0.17295101066364413,0.5980814003731306,0.0519185996268694,51.9185996268694,0.0519185996268694,51.9185996268694,0.47711327219481947,0.0,0.0,0.02288672780518053,22.886727805180527,True,26.955409872151634,0.0,26.955409872151634,acquisition_sensitivity,BO,0.65,16,initial_lhs,matern,lcb,16346,100,20,0.31542849994730204,0.0,0.0,0.31547660008072853,,0,0,0,7.397836969329966,31.375579165738298,13.781770279798767,False
4443.492918826272,0.22881468446693365,0.2762605201757479,3.2022953935441554,0.11981534619449112,0.3808971088729131,0.8409979768075064,0.36804195561981046,0.5036014862164226,0.7340984645147185,0.993844873149704,0.6179421774582623,0.6322472438844242,0.017752756115575807,17.752756115575806,0.017752756115575807,17.752756115575806,0.5736228030085209,0.07362280300852087,73.62280300852086,-0.07362280300852087,-73.62280300852086,False,3.151603496991142,2168.1268491325873,2171.2784526295786,acquisition_sensitivity,BO,0.65,17,initial_lhs,matern,lcb,16346,100,20,0.5342695999424905,0.0,0.0,0.5343214999884367,,0,0,0,7.397836969329966,31.375579165738298,13.781770279798767,False
2290.9904528948646,0.24737570641585693,0.12934727520898767,3.9538451313781007,0.10339954176519439,0.37953863602935833,0.22599727225567556,0.42107344690244836,0.0838493577399648,0.9846150437927002,0.44665139217314637,0.5907727205871665,0.5977233031955014,0.052276696804498646,52.27669680449865,0.052276696804498646,52.27669680449865,0.5453701036577662,0.04537010365776617,45.37010365776617,-0.04537010365776617,-45.37010365776617,False,27.328530287894786,823.3785223665786,850.7070526544734,acquisition_sensitivity,BO,0.65,18,initial_lhs,matern,lcb,16346,100,20,0.46334989997558296,0.0,0.0,0.4634066999424249,,0,0,0,7.397836969329966,31.375579165738298,13.781770279798767,False
2135.2921278548433,0.3704243941437131,0.35849121796761396,1.361166404955591,0.11806600919011509,0.3565097197988472,0.18151203652995523,0.7726411261248946,0.7385463370503256,0.12038880165186364,0.935533639670503,0.1301943959769441,0.6422698049023741,0.007730195097625958,7.730195097625958,0.007730195097625958,7.730195097625958,0.49389563007587545,0.0,0.0,0.006104369924124553,6.104369924124553,True,0.597559162473604,0.0,0.597559162473604,acquisition_sensitivity,BO,0.65,19,initial_lhs,matern,lcb,16346,100,20,0.31406210002023727,0.0,0.0,0.3141156999627128,,0,0,0,0.597559162473604,7.730195097625958,6.104369924124553,True
3658.5465350831755,0.19842221462529497,0.3047666052757178,2.6495186119920393,0.10918864343993681,0.36304633136504083,0.6167275814523359,0.28120632750084273,0.585047443644908,0.5498395373306798,0.6396214479978939,0.2609266273008164,0.6041997255104354,0.045800274489564585,45.800274489564586,0.045800274489564585,45.800274489564586,0.5325291508305403,0.03252915083054031,32.52915083054031,-0.03252915083054031,-32.52915083054031,False,20.9766514331946,423.25826150241653,444.23491293561113,acquisition_sensitivity,BO,0.65,20,initial_lhs,matern,lcb,16346,100,20,0.5114525000099093,0.0,0.0,0.5115059999516234,,0,0,0,0.597559162473604,7.730195097625958,6.104369924124553,False
2516.7183371913807,0.44966101533487546,0.1093905633099453,2.0298020569860755,0.11472733132238491,0.3667173592187247,0.2904909534832516,0.9990314723853585,0.026830180885557997,0.34326735232869177,0.8242443774128306,0.33434718437449507,0.6172739401074115,0.03272605989258848,32.72605989258848,0.03272605989258848,32.72605989258848,0.4931518361082405,0.0,0.0,0.006848163891759518,6.848163891759517,True,10.709949960932882,0.0,10.709949960932882,acquisition_sensitivity,BO,0.65,21,bo,matern,lcb,16346,100,20,0.391340299975127,0.10575350001454353,0.003462800057604909,0.5006760000251234,3398.5527674220057,5000,4000,1000,0.597559162473604,7.730195097625958,6.104369924124553,False
2241.1944300651994,0.12880186490657175,0.3531117919461373,1.7285878588132324,0.09299345817414367,0.3719653120919151,0.21176983716148556,0.08229104259020503,0.7231765484175352,0.2428626196044108,0.09978193913812261,0.43930624183830125,0.608303376863711,0.04169662313628897,41.69662313628897,0.04169662313628897,41.69662313628897,0.49621895312698117,0.0,0.0,0.003781046873018834,3.781046873018834,True,17.386083809697084,0.0,17.386083809697084,acquisition_sensitivity,BO,0.65,22,bo,matern,lcb,16346,100,20,0.5931144999340177,0.06668409996200353,0.00358989997766912,0.6635406999848783,5164.003577833395,5000,4000,1000,0.597559162473604,7.730195097625958,6.104369924124553,False
1657.1303353996939,0.10044596982707185,0.10158281485674553,2.2957522825789742,0.09503026869811286,0.361440347928486,0.0448943815427697,0.0012741995059195599,0.0045223281621300515,0.4319174275263248,0.16767562327042884,0.2288069585697209,0.604890452414217,0.045109547585783005,45.109547585783005,0.045109547585783005,45.109547585783005,0.6191449561109081,0.11914495611090814,119.14495611090814,-0.11914495611090814,-119.14495611090814,False,20.348712833940212,5678.20822666809,5698.55693950203,acquisition_sensitivity,BO,0.65,23,bo,matern,lcb,16346,100,20,0.572562100016512,0.06868070003110915,0.0059281999710947275,0.6473270000424236,5726.49681988946,5000,4000,1000,0.597559162473604,7.730195097625958,6.104369924124553,False
4271.308904953068,0.3206002111238646,0.1541349027782421,3.983415862080313,0.10191295218391078,0.3520046710956134,0.7918025442723051,0.630286317496756,0.1546711507949774,0.9944719540267709,0.3970984061303592,0.04009342191226839,0.5534112403254039,0.09658875967459613,96.58875967459612,0.09658875967459613,96.58875967459612,0.4877333593910828,0.0,0.0,0.01226664060891719,12.26664060891719,True,93.29388495476887,0.0,93.29388495476887,acquisition_sensitivity,BO,0.65,24,bo,matern,lcb,16346,100,20,0.6436683000065386,0.11096740001812577,0.0054166000336408615,0.7601921999594197,5120.949467876041,5000,4000,1000,0.597559162473604,7.730195097625958,6.104369924124553,False
1910.8344496115383,0.22202580546624343,0.4402742263365048,1.527767727307856,0.11827544172637684,0.35657325499027925,0.11738127131758236,0.34864515847498123,0.9722120752471567,0.17592257576928538,0.9425147242125617,0.13146509980558552,0.6632936338087669,0.013293633808766914,13.293633808766913,0.0,0.0,0.5035533366213517,0.0035533366213517104,3.5533366213517104,-0.0035533366213517104,-3.5533366213517104,False,1.7672069984159071,5.0504804578556755,6.817687456271583,acquisition_sensitivity,BO,0.65,25,bo,matern,lcb,16346,100,20,0.357999200001359,0.06279669993091375,0.002991100074723363,0.4239052999764681,4546.787436717435,5000,4000,1000,0.597559162473604,7.730195097625958,6.104369924124553,False
3326.1190296943896,0.1006457829630264,0.253707511033176,1.0793496970219296,0.09871294796269336,0.3993386261945176,0.521748294198397,0.0018450941800753906,0.4391643172376457,0.026449899007309874,0.29043159875644553,0.9867725238903512,0.649113061501494,0.0008869384985060735,0.8869384985060735,0.0008869384985060735,0.8869384985060735,0.5140884985144092,0.014088498514409187,14.088498514409187,-0.014088498514409187,-14.088498514409187,False,0.007866599001322081,79.39431615620394,79.40218275520526,acquisition_sensitivity,BO,0.65,26,bo,matern,lcb,16346,100,20,0.52078070002608,0.08937900001183152,0.004044799949042499,0.6143262999830768,5143.086900092958,5000,4000,1000,0.597559162473604,7.730195097625958,6.104369924124553,False
2975.498733967903,0.3585777331773299,0.42976072146365074,3.871038131199127,0.11931088020649114,0.3601781666416327,0.4215710668479722,0.7387935233637997,0.9421734898961451,0.957012710399709,0.9770293402163712,0.20356333283265493,0.6049632836928428,0.04503671630715722,45.03671630715722,0.04503671630715722,45.03671630715722,0.5040046166530654,0.004004616653065396,4.004616653065396,-0.004004616653065396,-4.004616653065396,False,20.28305815731361,6.414781815203478,26.697839972517087,acquisition_sensitivity,BO,0.65,27,bo,matern,lcb,16346,100,20,0.4854185999138281,0.044838499976322055,0.0031565999379381537,0.5335334000410512,4329.142704770515,5000,4000,1000,0.597559162473604,7.730195097625958,6.104369924124553,False
4616.755945851625,0.12240718323485034,0.4359726178237985,1.7427897816690134,0.11780734928818834,0.3536179778431018,0.89050169881475,0.0640205235281438,0.9599217652108528,0.24759659388967115,0.9269116429396116,0.07235955686203643,0.629495300116558,0.020504699883442057,20.504699883442058,0.020504699883442057,20.504699883442058,0.4890138846871035,0.0,0.0,0.010986115312896505,10.986115312896505,True,4.204427173100287,0.0,4.204427173100287,acquisition_sensitivity,BO,0.65,28,bo,matern,lcb,16346,100,20,0.5108792000683025,0.046868300065398216,0.004030699958093464,0.5619085000362247,5178.814356049012,5000,4000,1000,0.597559162473604,7.730195097625958,6.104369924124553,False
2132.916582302223,0.44999999999999996,0.3667050550497325,1.0598847203188986,0.11625057107284806,0.3561825699912107,0.18083330922920665,1.0,0.7620144429992358,0.019961573439632854,0.8750190357616019,0.1236513998242135,0.6350890450902029,0.014910954909797103,14.910954909797102,0.014910954909797103,14.910954909797102,0.4884621219315503,0.0,0.0,0.011537878068449692,11.537878068449691,True,2.2233657632200234,0.0,2.2233657632200234,acquisition_sensitivity,BO,0.65,29,bo,matern,lcb,16346,100,20,0.30604380008298904,0.05042830004822463,0.0031652000034227967,0.3597488000523299,4182.369486355436,5000,4000,1000,0.597559162473604,7.730195097625958,6.104369924124553,False
4769.738904712531,0.44748305237250097,0.31727639158295695,1.2138463710862761,0.10916035299087462,0.3583404097039524,0.9342111156321515,0.9928087210642885,0.6207896902370199,0.07128212369542541,0.638678433029154,0.16680819407904912,0.6099307499870366,0.040069250012963464,40.069250012963465,0.040069250012963464,40.069250012963465,0.4748653554807587,0.0,0.0,0.0251346445192413,25.1346445192413,True,16.055447966013723,0.0,16.055447966013723,acquisition_sensitivity,BO,0.65,30,bo,matern,lcb,16346,100,20,0.35172030003741384,0.09122889989521354,0.004253600025549531,0.4473174999002367,4984.830317647058,5000,4000,1000,0.597559162473604,7.730195097625958,6.104369924124553,False
2368.9676307539817,0.30956236060448605,0.11520577683838512,1.0551938658029973,0.10208579633211459,0.36746253740999485,0.2482764659297091,0.5987496017271031,0.043445076681100314,0.018397955267665744,0.40285987773715304,0.3492507481998973,0.6196666012314574,0.030333398768542574,30.333398768542573,0.030333398768542574,30.333398768542573,0.4869915025917247,0.0,0.0,0.01300849740827531,13.00849740827531,True,9.201150808514202,0.0,9.201150808514202,acquisition_sensitivity,BO,0.65,31,bo,matern,lcb,16346,100,20,0.3565978999249637,0.08607889991253614,0.0037471000105142593,0.4465565000427887,3584.833540682469,5000,4000,1000,0.597559162473604,7.730195097625958,6.104369924124553,False
2892.026771903169,0.3545059466128315,0.4405560965361356,2.5454722131875456,0.09978927576900344,0.3723673999856606,0.3977219348294768,0.7271598474652329,0.9730174186746732,0.5151574043958486,0.3263091923001148,0.4473479997132125,0.5925232106206844,0.05747678937931566,57.47678937931566,0.05747678937931566,57.47678937931566,0.49319190038600996,0.0,0.0,0.006808099613990037,6.808099613990038,True,33.03581317354213,0.0,33.03581317354213,acquisition_sensitivity,BO,0.65,32,bo,matern,lcb,16346,100,20,0.41408680006861687,0.08916339999996126,0.0036077999975532293,0.5069783000508323,3366.865190033471,5000,4000,1000,0.597559162473604,7.730195097625958,6.104369924124553,False
1842.4334594106706,0.4449053896394205,0.13315150840594614,3.9603896716968796,0.11462938439262574,0.3995080207376807,0.09783813126019159,0.9854439703983443,0.09471859544556038,0.9867965572322932,0.8209794797541912,0.9901604147536134,0.62615206857546,0.023847931424540003,23.847931424540004,0.023847931424540003,23.847931424540004,0.527212995039228,0.027212995039228027,27.212995039228026,-0.027212995039228027,-27.212995039228026,False,5.6872383322956255,296.21883960201967,301.9060779343153,acquisition_sensitivity,BO,0.65,33,bo,matern,lcb,16346,100,20,0.40698760002851486,0.11978249996900558,0.005032600020058453,0.5319280000403523,3200.49934551121,5000,4000,1000,0.597559162473604,7.730195097625958,6.104369924124553,False
3042.1606297296603,0.16616803311485107,0.3348483196996711,1.0118001579978837,0.09731257335529558,0.36225146327089736,0.44061732277990295,0.18905152318528873,0.6709951991419175,0.003933385999294603,0.2437524451765195,0.24502926541794745,0.6121456022027247,0.037854397797275285,37.85439779727528,0.037854397797275285,37.85439779727528,0.4761452954179175,0.0,0.0,0.023854704582082498,23.854704582082498,True,14.3295543259436,0.0,14.3295543259436,acquisition_sensitivity,BO,0.65,34,bo,matern,lcb,16346,100,20,0.44263669999781996,0.11082160007208586,0.004305899958126247,0.55791400000453,3144.12202935113,5000,4000,1000,0.597559162473604,7.730195097625958,6.104369924124553,False
3446.1566716322623,0.24637200120334243,0.10949608223051496,2.1629233508969397,0.09887947490567219,0.3993180540170929,0.5560447633235035,0.4182057177238355,0.02713166351575702,0.3876411169656465,0.29598249685573963,0.986361080341858,0.6207269245050879,0.029273075494912093,29.273075494912092,0.029273075494912093,29.273075494912092,0.5256134839187626,0.025613483918762614,25.613483918762615,-0.025613483918762614,-25.613483918762615,False,8.569129489308228,262.4202233826844,270.98935287199265,acquisition_sensitivity,BO,0.65,35,bo,matern,lcb,16346,100,20,0.5243974999757484,0.1009483999805525,0.004979199962690473,0.6304738000035286,2891.054922867105,5000,4000,1000,0.597559162473604,7.730195097625958,6.104369924124553,False
3149.867655037371,0.386787740574558,0.10069861597151968,2.505726126212749,0.10124925209394424,0.35256376999715394,0.4713907585821061,0.8193935444987371,0.0019960456329133347,0.5019087087375829,0.3749750697981413,0.051275399943079725,0.5677848932193263,0.08221510678067367,82.21510678067368,0.08221510678067367,82.21510678067368,0.4682046521716701,0.0,0.0,0.03179534782832988,31.795347828329877,True,67.59323782957576,0.0,67.59323782957576,acquisition_sensitivity,BO,0.65,36,bo,matern,lcb,16346,100,20,0.416538399993442,0.09905750001780689,0.004875599988736212,0.5206030000699684,2845.0299469167494,5000,4000,1000,0.597559162473604,7.730195097625958,6.104369924124553,False
4905.657757898845,0.4291492883539133,0.4472896384879339,3.931086775445605,0.09223734301530129,0.3792312731198884,0.9730450736853845,0.9404265381540382,0.9922561099655255,0.9770289251485351,0.0745781005100431,0.584625462397768,0.5606971614236793,0.08930283857632071,89.30283857632071,0.08930283857632071,89.30283857632071,0.47937778150537147,0.0,0.0,0.02062221849462853,20.62221849462853,True,79.74996977788395,0.0,79.74996977788395,acquisition_sensitivity,BO,0.65,37,bo,matern,lcb,16346,100,20,0.5276906000217423,0.12985000002663583,0.004867999930866063,0.6625465999823064,2673.0378793108753,5000,4000,1000,0.597559162473604,7.730195097625958,6.104369924124553,False
4999.340059082346,0.14883620897453465,0.1360127038538903,2.391284855788678,0.10262214214845938,0.3576294637743959,0.9998114454520987,0.13953202564152756,0.10289343958254371,0.463761618596226,0.42073807161531274,0.15258927548791879,0.5806524426310671,0.06934755736893294,69.34755736893294,0.06934755736893294,69.34755736893294,0.4931570919714505,0.0,0.0,0.006842908028549477,6.842908028549477,True,48.09083713037445,0.0,48.09083713037445,acquisition_sensitivity,BO,0.65,38,bo,matern,lcb,16346,100,20,0.6616313999984413,0.09291269991081208,0.005349099985323846,0.7600777000188828,4755.7690884212425,5000,4000,1000,0.597559162473604,7.730195097625958,6.104369924124553,False
1576.5991510966055,0.43956932652096514,0.12119206309917974,2.649268928015849,0.10301987699458712,0.3586154763157786,0.021885471741887264,0.9701980757741863,0.06054875171194207,0.5497563093386163,0.4339958998195709,0.17230952631557295,0.5772497362834845,0.0727502637165155,72.75026371651549,0.0727502637165155,72.75026371651549,0.4763583933849601,0.0,0.0,0.02364160661503989,23.64160661503989,True,52.9260087082255,0.0,52.9260087082255,acquisition_sensitivity,BO,0.65,39,bo,matern,lcb,16346,100,20,0.541804900043644,0.21975309995468706,0.009041200042702258,0.770833000075072,4096.015151291838,5000,4000,1000,0.597559162473604,7.730195097625958,6.104369924124553,False
4952.49667036179,0.10886321928591591,0.38848380056294507,1.0603314942187956,0.09966444903494595,0.373491020086192,0.9864276201033687,0.025323483674045466,0.8242394301798431,0.02011049807293186,0.3221483011648649,0.46982040172384,0.6185352607706462,0.03146473922935378,31.46473922935378,0.03146473922935378,31.46473922935378,0.4838659376760439,0.0,0.0,0.01613406232395609,16.134062323956087,True,9.900298147712345,0.0,9.900298147712345,acquisition_sensitivity,BO,0.65,40,bo,matern,lcb,16346,100,20,0.6298796000191942,0.252325699897483,0.006552699953317642,0.8889051000587642,3747.595669976388,5000,4000,1000,0.597559162473604,7.730195097625958,6.104369924124553,False
1542.5475324341487,0.12719859000856024,0.2875525338383936,1.0433256966299012,0.10364332968852122,0.35864843333879604,0.012156437838328205,0.07771025716731494,0.5358643823954102,0.014441898876633719,0.4547776562840409,0.1729686667759206,0.6598912474655538,0.00989124746555381,9.89124746555381,0.0,0.0,0.5007576931699489,0.000757693169948892,0.757693169948892,-0.000757693169948892,-0.757693169948892,False,0.9783677642482467,0.2296395759148802,1.2080073401631268,acquisition_sensitivity,BO,0.65,41,bo,matern,lcb,16346,100,20,0.3202269999310374,0.13708419993054122,0.00559600000269711,0.46303800004534423,3937.5616883290113,5000,4000,1000,0.597559162473604,7.730195097625958,6.104369924124553,False
3269.6807750347884,0.44796721895659497,0.43407926537879726,3.053711138189982,0.09058896483810232,0.3757685659209683,0.5056230785813681,0.9941920541617,0.9545121867965637,0.6845703793966607,0.019632161270077275,0.5153713184193655,0.5632041668765071,0.08679583312349293,86.79583312349293,0.08679583312349293,86.79583312349293,0.4734556506396042,0.0,0.0,0.02654434936039579,26.544349360395792,True,75.33516647601232,0.0,75.33516647601232,acquisition_sensitivity,BO,0.65,42,bo,matern,lcb,16346,100,20,0.38130730006378144,0.10199639992788434,0.004678099998272955,0.48810990003403276,3601.3039986288804,5000,4000,1000,0.597559162473604,7.730195097625958,6.104369924124553,False
4345.598529807039,0.30980024002564754,0.335439219230734,3.534686601162539,0.10238162336598917,0.3899574258023299,0.8130281513734396,0.5994292572161359,0.6726834835163829,0.8448955337208464,0.41272077886630587,0.799148516046598,0.5998287233415585,0.050171276658441566,50.17127665844156,0.050171276658441566,50.17127665844156,0.530194454109393,0.030194454109393032,30.194454109393032,-0.030194454109393032,-30.194454109393032,False,25.17157001537883,364.6820235856967,389.85359360107554,acquisition_sensitivity,BO,0.65,43,bo,matern,lcb,16346,100,20,0.5282647999702021,0.09258559998124838,0.005231199902482331,0.6261993999360129,3368.0610982176277,5000,4000,1000,0.597559162473604,7.730195097625958,6.104369924124553,False
4993.437878212053,0.30882590949985766,0.20314492654368288,1.0044045007428943,0.09636796317364939,0.37719990067170184,0.9981251080605867,0.596645455713879,0.2946997901248082,0.0014681669142980747,0.2122654391216463,0.5439980134340366,0.6055891009432511,0.04441089905674889,44.41089905674889,0.04441089905674889,44.41089905674889,0.4817522862531391,0.0,0.0,0.018247713746860905,18.247713746860907,True,19.72327955028739,0.0,19.72327955028739,acquisition_sensitivity,BO,0.65,44,bo,matern,lcb,16346,100,20,0.4389968999894336,0.10475070006214082,0.005890499916858971,0.5497599999653175,3830.6783863692863,5000,4000,1000,0.597559162473604,7.730195097625958,6.104369924124553,False
4990.917721352085,0.4315406216853488,0.16854571330224166,2.353493031250064,0.10146653828710134,0.3722721283516155,0.9974050632434528,0.9472589191009967,0.19584489514926184,0.45116434375002146,0.38221794290337785,0.4454425670323101,0.5854685795248762,0.06453142047512384,64.53142047512384,0.06453142047512384,64.53142047512384,0.48043514041410396,0.0,0.0,0.019564859585896044,19.564859585896045,True,41.64304228537231,0.0,41.64304228537231,acquisition_sensitivity,BO,0.65,45,bo,matern,lcb,16346,100,20,0.3914708000374958,0.14797900000121444,0.004715500050224364,0.5442827999358997,3508.2067154802685,5000,4000,1000,0.597559162473604,7.730195097625958,6.104369924124553,False
1964.013647847434,0.1932638988430378,0.34897704880305724,2.319408388614899,0.10225112293236693,0.35102504105590737,0.1325753279564097,0.26646828240867937,0.7113629965801636,0.4398027962049663,0.4083707644122311,0.020500821118147772,0.6010464773137304,0.048953522686269624,48.95352268626962,0.048953522686269624,48.95352268626962,0.5336676537078094,0.03366765370780944,33.66765370780944,-0.03366765370780944,-33.66765370780944,False,23.964473833951146,453.4043624755899,477.36883630954105,acquisition_sensitivity,BO,0.65,46,bo,matern,lcb,16346,100,20,0.381175099988468,0.10512930003460497,0.005661900038830936,0.49208210001233965,2910.3469244601847,5000,4000,1000,0.597559162473604,7.730195097625958,6.104369924124553,False
4975.453312804382,0.2617059916958451,0.10968272565061249,2.519165239233012,0.11017069036356308,0.3523002593322618,0.992986660801252,0.462017119130986,0.027664930430321366,0.5063884130776707,0.6723563454521027,0.04600518664523612,0.5857931973251143,0.06420680267488577,64.20680267488576,0.06420680267488577,64.20680267488576,0.4914962321424286,0.0,0.0,0.008503767857571398,8.503767857571399,True,41.22513509731717,0.0,41.22513509731717,acquisition_sensitivity,BO,0.65,47,bo,matern,lcb,16346,100,20,0.5065521999495104,0.06619649997446686,0.004975699936039746,0.5778458999702707,3333.9493479436474,5000,4000,1000,0.597559162473604,7.730195097625958,6.104369924124553,False
3858.770968383733,0.377447526617679,0.18947129949234034,3.077639284425506,0.10142145451002943,0.388267204115399,0.6739345623953523,0.7927072189076544,0.25563228426382956,0.6925464281418352,0.38071515033431425,0.7653440823079793,0.5965838147962618,0.05341618520373825,53.41618520373825,0.05341618520373825,53.41618520373825,0.5072996883357038,0.0072996883357038245,7.2996883357038245,-0.0072996883357038245,-7.2996883357038245,False,28.532888417200656,21.314179919364186,49.847068336564845,acquisition_sensitivity,BO,0.65,48,bo,matern,lcb,16346,100,20,0.43757209996692836,0.1395195999648422,0.006086800014600158,0.5833112000254914,2944.879910333128,5000,4000,1000,0.597559162473604,7.730195097625958,6.104369924124553,False
4605.617429170832,0.4437995824112929,0.38624290644567505,1.662951277269968,0.1085452154122719,0.38938054301850095,0.8873192654773807,0.9822845211751228,0.8178368755590716,0.22098375908998935,0.6181738470757302,0.7876108603700188,0.6326705209459227,0.017329479054077335,17.329479054077336,0.017329479054077335,17.329479054077336,0.5051964722061082,0.005196472206108194,5.196472206108194,-0.005196472206108194,-5.196472206108194,False,3.0031084428570507,10.801329355541982,13.804437798399032,acquisition_sensitivity,BO,0.65,49,bo,matern,lcb,16346,100,20,0.3461116999387741,0.12712009996175766,0.00570119998883456,0.47905480000190437,2884.0686382568865,5000,4000,1000,0.597559162473604,7.730195097625958,6.104369924124553,False
3621.428753500298,0.24263340011784795,0.17658661545820306,1.0326614877837015,0.09228152158406784,0.35595523592103206,0.6061225010000851,0.40752400033670844,0.2188189013091516,0.010887162594567124,0.07605071946892816,0.11910471842064185,0.5813425845012614,0.0686574154987386,68.6574154987386,0.0686574154987386,68.6574154987386,0.45994257074777695,0.0,0.0,0.040057429252223054,40.05742925222305,True,47.138407029664315,0.0,47.138407029664315,acquisition_sensitivity,BO,0.65,50,bo,matern,lcb,16346,100,20,0.3855011999839917,0.10494490002747625,0.006105099921114743,0.4966780999675393,2722.6132002306504,5000,4000,1000,0.597559162473604,7.730195097625958,6.104369924124553,False
4908.127430353288,0.20996947527171272,0.4434545776285683,2.233926543262189,0.09112755586749552,0.35039741105078426,0.9737506943866538,0.31419850077632205,0.981298793224481,0.41130884775406296,0.03758519558318385,0.007948221015685375,0.5537160251687211,0.09628397483127893,96.28397483127893,0.09628397483127893,96.28397483127893,0.46306147810297305,0.0,0.0,0.036938521897026955,36.93852189702695,True,92.70603809310354,0.0,92.70603809310354,acquisition_sensitivity,BO,0.65,51,bo,matern,lcb,16346,100,20,0.5104376999661326,0.15623140009120107,0.005127700045704842,0.671926400042139,4616.196853077813,5000,4000,1000,0.597559162473604,7.730195097625958,6.104369924124553,False
4109.532764772941,0.10049678741398736,0.41299703871057525,1.4507363334636003,0.10976815763595757,0.36232336347881583,0.7455807899351261,0.001419392611392456,0.8942772534587866,0.1502454444878668,0.6589385878652527,0.24646726957631682,0.6284360209834889,0.02156397901651108,21.56397901651108,0.02156397901651108,21.56397901651108,0.486011868691382,0.0,0.0,0.01398813130861798,13.98813130861798,True,4.650051910245302,0.0,4.650051910245302,acquisition_sensitivity,BO,0.65,52,bo,matern,lcb,16346,100,20,0.45586630003526807,0.17567730008158833,0.006291999947279692,0.6379646999994293,2993.4930477383064,5000,4000,1000,0.597559162473604,7.730195097625958,6.104369924124553,False
1977.5864800427576,0.2882642975324036,0.1472510607173586,1.5390134911904418,0.09986934542489985,0.384183837243934,0.13645328001221646,0.5378979929497246,0.1350030306210246,0.17967116373014724,0.32897818082999497,0.6836767448786795,0.6287354007569199,0.021264599243080107,21.264599243080106,0.021264599243080107,21.264599243080106,0.504192514622993,0.004192514622992971,4.192514622992971,-0.004192514622992971,-4.192514622992971,False,4.52183180968803,7.030871545603957,11.552703355291987,acquisition_sensitivity,BO,0.65,53,bo,matern,lcb,16346,100,20,0.3326185999903828,0.1265387999592349,0.005131999962031841,0.46441809996031225,2346.112279768012,5000,4000,1000,0.597559162473604,7.730195097625958,6.104369924124553,False
4740.803504151693,0.11915436907633371,0.4390359586341269,1.9377648083820915,0.09331619948791692,0.3898960471809094,0.9259438583290552,0.05472676878952487,0.968674167526077,0.3125882694606972,0.110539982930564,0.797920943618188,0.6048029662215201,0.045197033778479945,45.19703377847995,0.045197033778479945,45.19703377847995,0.5018161690005862,0.0018161690005862319,1.8161690005862319,-0.0018161690005862319,-1.8161690005862319,False,20.42771862373057,1.319387935476157,21.747106559206728,acquisition_sensitivity,BO,0.65,54,bo,matern,lcb,16346,100,20,0.4939584999810904,0.11453609995078295,0.007871499983593822,0.6164977999869734,3965.6384304319563,5000,4000,1000,0.597559162473604,7.730195097625958,6.104369924124553,False
4811.058392281677,0.38210882932264045,0.3039363760483499,1.8973548255976689,0.10637320503991571,0.38284889381603565,0.9460166835090503,0.8060252266361155,0.5826753601381426,0.29911827519922296,0.5457735013305237,0.6569778763207128,0.6179060471246499,0.03209395287535011,32.093952875350105,0.03209395287535011,32.093952875350105,0.4968135155307981,0.0,0.0,0.003186484469201889,3.186484469201889,True,10.300218111651933,0.0,10.300218111651933,acquisition_sensitivity,BO,0.65,55,bo,matern,lcb,16346,100,20,0.4212330000009388,0.17551909992471337,0.007146600051783025,0.6040351999690756,2430.2995573783874,5000,4000,1000,0.597559162473604,7.730195097625958,6.104369924124553,False
1572.6104516916587,0.3233985600922593,0.11781096589291104,3.4769179402201775,0.1023771422147349,0.3690087342897394,0.020745843340473913,0.6382816002635981,0.05088847397974583,0.8256393134067258,0.41257140715783025,0.3801746857947885,0.5917388104984619,0.058261189501538135,58.261189501538134,0.058261189501538135,58.261189501538134,0.49692736572088286,0.0,0.0,0.003072634279117137,3.072634279117137,True,33.943662021341375,0.0,33.943662021341375,acquisition_sensitivity,BO,0.65,56,bo,matern,lcb,16346,100,20,0.37965450005140156,0.10745340003632009,0.005746099981479347,0.49298039998393506,2894.077475928148,5000,4000,1000,0.597559162473604,7.730195097625958,6.104369924124553,False
4942.528009566795,0.4448457197733269,0.11006551658550055,3.154356869129944,0.09204329501981202,0.3724813263248756,0.9835794313047986,0.9852734850666482,0.028758618815715842,0.7181189563766479,0.06810983399373416,0.4496265264975112,0.5561388335303831,0.09386116646961695,93.86116646961695,0.09386116646961695,93.86116646961695,0.4703480546272053,0.0,0.0,0.029651945372794697,29.651945372794696,True,88.09918571037144,0.0,88.09918571037144,acquisition_sensitivity,BO,0.65,57,bo,matern,lcb,16346,100,20,0.4269121000543237,0.11650429992005229,0.00741540000308305,0.5509593999013305,2415.5865186640685,5000,4000,1000,0.597559162473604,7.730195097625958,6.104369924124553,False
1907.5195670602393,0.1652112398604179,0.409916432161209,2.0646514555526236,0.09471579924665335,0.39369083806292865,0.11643416201721124,0.18631782817262266,0.8854755204605973,0.35488381851754125,0.15719330822177868,0.873816761258573,0.6340858772218886,0.01591412277811144,15.91412277811144,0.01591412277811144,15.91412277811144,0.5518286914986993,0.051828691498699286,51.828691498699285,-0.051828691498699286,-51.828691498699285,False,2.5325930379680535,1074.4853049869373,1077.0178980249054,acquisition_sensitivity,BO,0.65,58,bo,matern,lcb,16346,100,20,0.37807670002803206,0.11509729991666973,0.005952500039711595,0.49926670000422746,2051.035344090338,5000,4000,1000,0.597559162473604,7.730195097625958,6.104369924124553,False
2281.4816313586034,0.2746905451202143,0.39807314667438254,3.9825373823283514,0.11159348002756088,0.3560262139391138,0.2232804661024581,0.4991158432006123,0.8516375619268073,0.9941791274427838,0.7197826675853628,0.120524278782277,0.5940080525506031,0.05599194744939695,55.99194744939695,0.05599194744939695,55.99194744939695,0.5198551448909655,0.019855144890965515,19.855144890965516,-0.019855144890965515,-19.855144890965516,False,31.35098179176029,157.6907114564936,189.0416932482539,acquisition_sensitivity,BO,0.65,59,bo,matern,lcb,16346,100,20,0.4563477999763563,0.06933430000208318,0.007278600009158254,0.5330871999030933,2430.7414959638136,5000,4000,1000,0.597559162473604,7.730195097625958,6.104369924124553,False
4998.494900165104,0.11146049995834185,0.2889576081570018,2.053908846281631,0.10483377096718689,0.36921416038834,0.9995699714757441,0.032744285595262435,0.5398788804485765,0.3513029487605436,0.4944590322395632,0.38428320776680003,0.6052984645533122,0.04470153544668787,44.70153544668787,0.04470153544668787,44.70153544668787,0.49750691870090685,0.0,0.0,0.0024930812990931472,2.4930812990931472,True,19.982272712914916,0.0,19.982272712914916,acquisition_sensitivity,BO,0.65,60,bo,matern,lcb,16346,100,20,0.5093980999663472,0.0959581999341026,0.005966000026091933,0.6114565000170842,2246.248069816306,5000,4000,1000,0.597559162473604,7.730195097625958,6.104369924124553,False
4958.859653343237,0.2445638402080158,0.4411529931597029,1.0224796309669597,0.1033792669866365,0.3618454644614909,0.9882456152409248,0.41303954345147376,0.9747228375991513,0.007493210322319865,0.44597556622121715,0.23690928922981846,0.6144012045963616,0.03559879540363842,35.59879540363842,0.03559879540363842,35.59879540363842,0.47511016665148414,0.0,0.0,0.024889833348515855,24.889833348515854,True,12.672742341901078,0.0,12.672742341901078,acquisition_sensitivity,BO,0.65,61,bo,matern,lcb,16346,100,20,0.4420912000350654,0.1573371000122279,0.0075517999939620495,0.6071119999978691,2442.321353271579,5000,4000,1000,0.597559162473604,7.730195097625958,6.104369924124553,False
4978.770730964658,0.21614619755322956,0.24726034728096544,2.3630602404159333,0.09804300207667892,0.3549336939365891,0.9939344945613305,0.331846278723513,0.42074384937418696,0.4543534134719778,0.26810006922263063,0.09867387873178246,0.5681543207924947,0.0818456792075053,81.8456792075053,0.0818456792075053,81.8456792075053,0.4789804002939197,0.0,0.0,0.021019599706080305,21.019599706080307,True,66.98715204937865,0.0,66.98715204937865,acquisition_sensitivity,BO,0.65,62,bo,matern,lcb,16346,100,20,0.519359500030987,0.07661700004246086,0.006243399926461279,0.602349300053902,2114.6057292868463,5000,4000,1000,0.597559162473604,7.730195097625958,6.104369924124553,False
1613.2897013593692,0.4492760140195331,0.3771366415691021,1.4700193424112276,0.09308444445016584,0.353328415242516,0.03236848610267695,0.9979314686272375,0.7918189759117205,0.15667311413707585,0.1028148150055278,0.06656830485032084,0.5702064999276908,0.07979350007230923,79.79350007230923,0.07979350007230923,79.79350007230923,0.4613885143354625,0.0,0.0,0.03861148566453748,38.61148566453748,True,63.67002653789613,0.0,63.67002653789613,acquisition_sensitivity,BO,0.65,63,bo,matern,lcb,16346,100,20,0.2541165999136865,0.12316770001780242,0.007922600023448467,0.38534190005157143,2104.157542335053,5000,4000,1000,0.597559162473604,7.730195097625958,6.104369924124553,False
1829.6446430184446,0.15230049529420292,0.38127285847268,1.4265438858811472,0.1070612245673046,0.3869960355801109,0.09418418371955561,0.1494299865548655,0.8036367384933715,0.1421812952937157,0.5687074855768202,0.7399207116022181,0.6758147356314351,0.025814735631435104,25.814735631435106,0.0,0.0,0.5247147335514742,0.024714733551474244,24.714733551474243,-0.024714733551474244,-24.714733551474243,False,6.664005757208852,244.32722180814667,250.99122756535553,acquisition_sensitivity,BO,0.65,64,bo,matern,lcb,16346,100,20,0.336787199950777,0.10261879989411682,0.006354299956001341,0.4458881000755355,1981.5112018592272,5000,4000,1000,0.597559162473604,7.730195097625958,6.104369924124553,False
4874.665512363124,0.2891075620474931,0.28634137480116767,1.5598685332513735,0.112250521227171,0.38000634562077973,0.964190146389464,0.5403073201356947,0.5324039280033362,0.1866228444171245,0.7416840409056997,0.6001269124155939,0.6373186692184496,0.012681330781550426,12.681330781550425,0.012681330781550426,12.681330781550425,0.5017496246629918,0.0017496246629917778,1.7496246629917778,-0.0017496246629917778,-1.7496246629917778,False,1.6081615039109833,1.2244745845396368,2.83263608845062,acquisition_sensitivity,BO,0.65,65,bo,matern,lcb,16346,100,20,0.4519631000002846,0.1423437000485137,0.006285700015723705,0.6007206999929622,1786.7963326464908,5000,4000,1000,0.597559162473604,7.730195097625958,6.104369924124553,False
1580.452269007877,0.35123000776246416,0.30611602861859344,2.9935205905503826,0.09826416501141726,0.3872282564846794,0.022986362573679142,0.7178000221784692,0.588902938910267,0.6645068635167942,0.2754721670472422,0.744565129693588,0.6062741566346945,0.043725843365305495,43.725843365305494,0.043725843365305495,43.725843365305494,0.5038095483271792,0.0038095483271791686,3.8095483271791686,-0.0038095483271791686,-3.8095483271791686,False,19.1194937800723,5.805063382845441,24.924557162917743,acquisition_sensitivity,BO,0.65,66,bo,matern,lcb,16346,100,20,0.3442566000157967,0.1565674999728799,0.008193799993023276,0.5091461000265554,1733.2584388733003,5000,4000,1000,0.597559162473604,7.730195097625958,6.104369924124553,False
4913.485990053182,0.3983130646888168,0.14670754596952434,1.0092161563505666,0.09964332626018793,0.36547453061278257,0.9752817114437663,0.8523230419680481,0.13345013134149808,0.0030720521168555726,0.3214442086729311,0.30949061225565133,0.5977098068226119,0.052290193177388145,52.29019317738815,0.052290193177388145,52.29019317738815,0.4724297732973791,0.0,0.0,0.02757022670262088,27.570226702620882,True,27.342643025285692,0.0,27.342643025285692,acquisition_sensitivity,BO,0.65,67,bo,matern,lcb,16346,100,20,0.36435679998248816,0.16277439997065812,0.008312799967825413,0.5355771000031382,1755.7717854964121,5000,4000,1000,0.597559162473604,7.730195097625958,6.104369924124553,False
4925.411562367921,0.3438506690789014,0.24517890193762953,2.282658037546982,0.09271189643397337,0.35971512632563424,0.9786890178194061,0.6967161973682896,0.41479686267894156,0.4275526791823274,0.09039654779911255,0.19430252651268543,0.5593396792267813,0.09066032077321873,90.66032077321873,0.09066032077321873,90.66032077321873,0.46534718999708985,0.0,0.0,0.03465281000291015,34.65281000291015,True,82.19293762702915,0.0,82.19293762702915,acquisition_sensitivity,BO,0.65,68,bo,matern,lcb,16346,100,20,0.4643784000072628,0.16444660001434386,0.006869099917821586,0.6358286999166012,1505.0110284901639,5000,4000,1000,0.597559162473604,7.730195097625958,6.104369924124553,False
1526.320180354531,0.4027241719050013,0.24202882411476057,3.26644175745081,0.10645900971039687,0.3528222928746714,0.007520051529866012,0.864926205442861,0.4057966403278873,0.7554805858169367,0.548633657013229,0.056445857493427676,0.5782295862155714,0.07177041378442861,71.77041378442861,0.07177041378442861,71.77041378442861,0.4765155052030948,0.0,0.0,0.023484494796905175,23.484494796905174,True,51.509922947881,0.0,51.509922947881,acquisition_sensitivity,BO,0.65,69,bo,matern,lcb,16346,100,20,0.32384920003823936,0.12054460006766021,0.008556599961593747,0.4531215999741107,1560.9396377708733,5000,4000,1000,0.597559162473604,7.730195097625958,6.104369924124553,False
4828.059873753724,0.4484602718325881,0.19594824906125682,2.7025216469070514,0.09487372981146887,0.36763052580276373,0.950874249643921,0.9956007766645374,0.2741378544607338,0.5675072156356838,0.16245766038229592,0.35261051605527494,0.5636792130999299,0.08632078690007017,86.32078690007017,0.08632078690007017,86.32078690007017,0.4679760905371284,0.0,0.0,0.03202390946287159,32.02390946287159,True,74.51278251047326,0.0,74.51278251047326,acquisition_sensitivity,BO,0.65,70,bo,matern,lcb,16346,100,20,0.39809189992956817,0.21177960000932217,0.007702699978835881,0.6177065999945626,1463.2864002833567,5000,4000,1000,0.597559162473604,7.730195097625958,6.104369924124553,False
4728.405931173994,0.11496627169781409,0.38665547224897834,2.5547037468758207,0.10356855609376941,0.3671867257724484,0.9224016946211411,0.04276077627946884,0.8190156349970809,0.5182345822919402,0.45228520312564713,0.34373451544896816,0.5954189388402676,0.05458106115973238,54.58106115973238,0.05458106115973238,54.58106115973238,0.5168667777890829,0.016866777789082854,16.866777789082853,-0.016866777789082854,-16.866777789082853,False,29.790922373224465,113.79527719451949,143.58619956774396,acquisition_sensitivity,BO,0.65,71,bo,matern,lcb,16346,100,20,0.5482328999787569,0.13189520000014454,0.008426100015640259,0.688694299897179,3712.474084337109,5000,4000,1000,0.597559162473604,7.730195097625958,6.104369924124553,False
1939.8830330434143,0.1970347631573615,0.10720890224451447,2.270864818086385,0.09641516037968591,0.3979654321329448,0.1256808665838327,0.27724218044960425,0.02059686355575563,0.42362160602879495,0.2138386793228635,0.9593086426588945,0.6288006645624046,0.021199335437595446,21.199335437595444,0.021199335437595446,21.199335437595444,0.5648749642132394,0.06487496421323935,64.87496421323935,-0.06487496421323935,-64.87496421323935,False,4.494118229956901,1683.5043926676346,1687.9985108975916,acquisition_sensitivity,BO,0.65,72,bo,matern,lcb,16346,100,20,0.3732419000007212,0.18554310000035912,0.006906099966727197,0.5658239000476897,1965.089890768169,5000,4000,1000,0.597559162473604,7.730195097625958,6.104369924124553,False
2044.3935972525376,0.41105860982678466,0.4375112525967946,1.0,0.11576944171079628,0.3539969800997606,0.1555410277864393,0.8887388852193847,0.9643178645622702,0.0,0.8589813903598761,0.07993960199521252,0.6408289845131988,0.009171015486801215,9.171015486801215,0.009171015486801215,9.171015486801215,0.4886107329861806,0.0,0.0,0.011389267013819426,11.389267013819426,True,0.8410752505914773,0.0,0.8410752505914773,acquisition_sensitivity,BO,0.65,73,bo,matern,lcb,16346,100,20,0.26201169996056706,0.11386629997286946,0.008886599913239479,0.38490009994711727,1960.2130300877106,5000,4000,1000,0.597559162473604,7.730195097625958,6.104369924124553,False
1551.8766964553115,0.27251770046844814,0.42940856199285005,1.0374417961016897,0.11826515159592042,0.3972519620374853,0.01482191327294613,0.4929077156241375,0.9411673199795715,0.012480598700563283,0.9421717198640143,0.9450392407497057,0.7175768561516389,0.06757685615163889,67.57685615163889,0.0,0.0,0.549700788753916,0.049700788753916036,49.70078875391604,-0.049700788753916036,-49.70078875391604,False,45.66631487339294,988.0673611045547,1033.7336759779478,acquisition_sensitivity,BO,0.65,74,bo,matern,lcb,16346,100,20,0.33977079996839166,0.20970960007980466,0.008051800075918436,0.5576788999605924,2053.4282471119914,5000,4000,1000,0.597559162473604,7.730195097625958,6.104369924124553,False
1551.342818233797,0.2519278107343879,0.41332481312530056,2.7450733659791067,0.10559082881956787,0.368730737620498,0.01466937663822776,0.43407945924110836,0.8952137517865729,0.5816911219930355,0.519694293985596,0.3746147524099608,0.6208065440351658,0.029193455964834247,29.193455964834246,0.029193455964834247,29.193455964834246,0.5303950205422295,0.030395020542229534,30.395020542229535,-0.030395020542229534,-30.395020542229535,False,8.522578711707164,369.5429095050221,378.0654882167293,acquisition_sensitivity,BO,0.65,75,bo,matern,lcb,16346,100,20,0.4021657999837771,0.16472140001133084,0.009972200030460954,0.577002799953334,1854.370318915861,5000,4000,1000,0.597559162473604,7.730195097625958,6.104369924124553,False
3861.6948169346074,0.4496469664929359,0.1700729490141272,3.790884811889182,0.09682682953813224,0.36416672226228813,0.6747699476956022,0.9989913328369597,0.20020842575464914,0.930294937296394,0.227560984604408,0.2833344452457631,0.555156307231777,0.09484369276822302,94.84369276822302,0.09484369276822302,94.84369276822302,0.46688219108590856,0.0,0.0,0.03311780891409144,33.11780891409144,True,89.95326057913078,0.0,89.95326057913078,acquisition_sensitivity,BO,0.65,76,bo,matern,lcb,16346,100,20,0.4263023999519646,0.2644635000033304,0.009816000005230308,0.7007341999560595,3102.3596286466936,5000,4000,1000,0.597559162473604,7.730195097625958,6.104369924124553,False
2264.329442851036,0.28205654778093725,0.11132190145835813,3.7072189113230927,0.10512299973008729,0.3618891426894912,0.21837984081458184,0.5201615650883922,0.03234828988102323,0.9024063037743641,0.5040999910029097,0.2377828537898241,0.5858995324930962,0.06410046750690379,64.1004675069038,0.06410046750690379,64.1004675069038,0.5127922391110687,0.012792239111068748,12.79223911106875,-0.012792239111068748,-12.79223911106875,False,41.08869934603628,65.45655258990278,106.54525193593906,acquisition_sensitivity,BO,0.65,77,bo,matern,lcb,16346,100,20,0.44196849991567433,0.171655899961479,0.007799999904818833,0.621607800014317,1614.8569945374593,5000,4000,1000,0.597559162473604,7.730195097625958,6.104369924124553,False
4998.921452753476,0.3948841574768337,0.4471381633504081,3.1426063738006373,0.1124406760908807,0.37943258340306796,0.9996918436438502,0.842526164219525,0.991823323858309,0.7142021246002125,0.7480225363626899,0.588651668061359,0.6100875772082055,0.03991242279179452,39.91242279179452,0.03991242279179452,39.91242279179452,0.5082691625140918,0.008269162514091821,8.269162514091821,-0.008269162514091821,-8.269162514091821,False,15.930014931109588,27.35161947378455,43.281634404894135,acquisition_sensitivity,BO,0.65,78,bo,matern,lcb,16346,100,20,0.4749722999986261,0.2779516999144107,0.009903400088660419,0.7629620999796316,1799.0924968813579,5000,4000,1000,0.597559162473604,7.730195097625958,6.104369924124553,False
4654.2096605794895,0.16748300083446654,0.11071018734561035,1.0288760089884261,0.1170874517900046,0.35259839764665174,0.9012027601655684,0.1928085738127615,0.030600535273172413,0.009625336329475376,0.9029150596668203,0.05196795293303558,0.6339027495052005,0.016097250494799487,16.097250494799486,0.016097250494799487,16.097250494799486,0.4821488722079269,0.0,0.0,0.017851127792073096,17.851127792073097,True,2.591214734923223,0.0,2.591214734923223,acquisition_sensitivity,BO,0.65,79,bo,matern,lcb,16346,100,20,0.46261629997752607,0.24014769995119423,0.009980999981053174,0.7128813000163063,1935.3214997692216,5000,4000,1000,0.597559162473604,7.730195097625958,6.104369924124553,False
2884.5140473385036,0.21512698048445017,0.42552355191538693,2.1310191928094167,0.09163209258196987,0.3500070041125334,0.39557544209671536,0.328934229955572,0.9300672911868199,0.3770063976031389,0.05440308606566269,0.00014008225066819424,0.5648326902471679,0.08516730975283215,85.16730975283215,0.08516730975283215,85.16730975283215,0.47558946387081513,0.0,0.0,0.024410536129184868,24.41053612918487,True,72.53470650534858,0.0,72.53470650534858,acquisition_sensitivity,BO,0.65,80,bo,matern,lcb,16346,100,20,0.4164490000111982,0.16963839996606112,0.00814579997677356,0.5943633000133559,2650.5278641164755,5000,4000,1000,0.597559162473604,7.730195097625958,6.104369924124553,False
4521.539857261945,0.15332843899352502,0.2253966336225803,2.2074509279786403,0.10919122512788133,0.37609536772395274,0.8632971020748413,0.15236696855292864,0.35827609606451516,0.40248364265954684,0.6397075042627112,0.5219073544790546,0.6194199197091215,0.030580080290878553,30.580080290878552,0.030580080290878553,30.580080290878552,0.5164442941972193,0.016444294197219267,16.444294197219268,-0.016444294197219267,-16.444294197219268,False,9.35141310596579,108.1659246578797,117.51733776384549,acquisition_sensitivity,BO,0.65,81,bo,matern,lcb,16346,100,20,0.4988582000369206,0.15384000004269183,0.010051699937321246,0.662884599994868,1544.3046237293624,5000,4000,1000,0.597559162473604,7.730195097625958,6.104369924124553,False
4964.849074383087,0.35735800471883705,0.10036935614771593,1.7223718882189873,0.11873775710862984,0.39690428227023455,0.9899568783951678,0.735308584910963,0.0010553032791883465,0.24079062940632912,0.9579252369543282,0.9380856454046911,0.6582052025446812,0.008205202544681156,8.205202544681157,0.0,0.0,0.524205304082649,0.024205304082648982,24.205304082648983,-0.024205304082648982,-24.205304082648983,False,0.6732534879924212,234.35869829340137,235.0319517813938,acquisition_sensitivity,BO,0.65,82,bo,matern,lcb,16346,100,20,0.4380210000090301,0.2149178999243304,0.00822439999319613,0.6613010000437498,1617.8866002031914,5000,4000,1000,0.597559162473604,7.730195097625958,6.104369924124553,False
1565.986026151814,0.4042261660883181,0.39877924108644547,1.7326979449891398,0.0914640563439616,0.3985019465287911,0.01885315032908974,0.8692176173951945,0.8536549745327013,0.24423264832971325,0.04880187813205339,0.9700389305758219,0.6132482465475141,0.036751753452485936,36.751753452485936,0.036751753452485936,36.751753452485936,0.5068082179188874,0.006808217918887416,6.808217918887416,-0.006808217918887416,-6.808217918887416,False,13.506913818323119,18.540732492423878,32.047646310747,acquisition_sensitivity,BO,0.65,83,bo,matern,lcb,16346,100,20,0.2790678000310436,0.16188639996107668,0.011008500005118549,0.452108999947086,1492.190937105352,5000,4000,1000,0.597559162473604,7.730195097625958,6.104369924124553,False
1616.7230894805696,0.261024471075801,0.1867868204447703,1.812543583203109,0.1125177269140146,0.3549986446221708,0.03334945413730561,0.4600699173594315,0.24796234412791518,0.270847861067703,0.7505908971338201,0.09997289244341578,0.6347197933159926,0.015280206684007425,15.280206684007425,0.015280206684007425,15.280206684007425,0.5038993971965064,0.003899397196506449,3.899397196506449,-0.003899397196506449,-3.899397196506449,False,2.3348471630598517,6.082119398448941,8.416966561508794,acquisition_sensitivity,BO,0.65,84,bo,matern,lcb,16346,100,20,0.3209857000038028,0.16124390007462353,0.00867630005814135,0.49104460002854466,1503.082700314171,5000,4000,1000,0.597559162473604,7.730195097625958,6.104369924124553,False
1695.2544280238697,0.3042968838061199,0.29799855830147204,3.959091561508217,0.10558509282435552,0.39823528843402645,0.05578697943539135,0.5837053823031998,0.5657101665756344,0.9863638538360724,0.5195030941451841,0.964705768680529,0.6263168870915949,0.02368311290840508,23.68311290840508,0.02368311290840508,23.68311290840508,0.5376441513160314,0.03764415131603138,37.64415131603138,-0.03764415131603138,-37.64415131603138,False,5.608898370322633,566.8328513217069,572.4417496920296,acquisition_sensitivity,BO,0.65,85,bo,matern,lcb,16346,100,20,0.39277149992994964,0.11833299999125302,0.010213900008238852,0.521449499996379,1491.3133846069907,5000,4000,1000,0.597559162473604,7.730195097625958,6.104369924124553,False
4901.835361941958,0.38862706379930667,0.3455629839584923,2.811463269205934,0.09385275164283048,0.3519447414463018,0.971952960554845,0.8246487537123048,0.7016085255956922,0.6038210897353113,0.12842505476101596,0.03889482892603646,0.5482871627545538,0.10171283724544622,101.71283724544622,0.10171283724544622,101.71283724544622,0.4593335709295311,0.0,0.0,0.04066642907046891,40.666429070468915,True,103.45501260518633,0.0,103.45501260518633,acquisition_sensitivity,BO,0.65,86,bo,matern,lcb,16346,100,20,0.4639421000611037,0.21929350006394088,0.009207299910485744,0.6925831999396905,1344.157345357167,5000,4000,1000,0.597559162473604,7.730195097625958,6.104369924124553,False
4595.397518945378,0.2550349065443589,0.2933625912159678,1.3014454368084278,0.09880490396291523,0.35101460958570213,0.8843992911272509,0.4429568758410255,0.5524645463313366,0.10048181226947595,0.29349679876384127,0.020292191714042618,0.5842268476249459,0.0657731523750541,65.7731523750541,0.0657731523750541,65.7731523750541,0.4593641225451029,0.0,0.0,0.04063587745489711,40.635877454897106,True,43.26107573352084,0.0,43.26107573352084,acquisition_sensitivity,BO,0.65,87,bo,matern,lcb,16346,100,20,0.4477022000355646,0.11024459998589009,0.010929599986411631,0.569021699950099,1322.3825657264492,5000,4000,1000,0.597559162473604,7.730195097625958,6.104369924124553,False
4847.893597475758,0.3840460106228665,0.2651888238627682,3.542874133731001,0.10194238070405487,0.35806340172066736,0.9565410278502166,0.8115600303510472,0.4719680681793378,0.847624711243667,0.39807935680182915,0.1612680344133477,0.5618459294643732,0.08815407053562685,88.15407053562684,0.08815407053562685,88.15407053562684,0.477077483192139,0.0,0.0,0.022922516807861004,22.922516807861005,True,77.71140152000275,0.0,77.71140152000275,acquisition_sensitivity,BO,0.65,88,bo,matern,lcb,16346,100,20,0.4864409000147134,0.10701959999278188,0.010455199982970953,0.6040551000041887,1330.8509657668221,5000,4000,1000,0.597559162473604,7.730195097625958,6.104369924124553,False
3628.8825172499037,0.17749857904551003,0.15146584801677143,2.2303953786544803,0.09999673474925722,0.3537709545655236,0.6082521477856867,0.2214245115586001,0.1470452800479184,0.4101317928848268,0.33322449164190737,0.07541909131047253,0.5794002445196816,0.07059975548031838,70.59975548031838,0.07059975548031838,70.59975548031838,0.4904523870448001,0.0,0.0,0.009547612955199902,9.547612955199902,True,49.84325473880745,0.0,49.84325473880745,acquisition_sensitivity,BO,0.65,89,bo,matern,lcb,16346,100,20,902.8868555999361,0.2424893999705091,0.008538300055079162,903.1380447000265,1825.7038054127909,5000,4000,1000,0.597559162473604,7.730195097625958,6.104369924124553,False
3062.8249967558704,0.305405608653572,0.10480078792157897,2.7818765648364905,0.0964414012308503,0.3537056401734718,0.4465214276445344,0.5868731675816343,0.01371653691879704,0.5939588549454968,0.2147133743616766,0.07411280346943605,0.5598829778191047,0.09011702218089535,90.11702218089535,0.09011702218089535,90.11702218089535,0.48469223720663895,0.0,0.0,0.015307762793361046,15.307762793361047,True,81.21077686751983,0.0,81.21077686751983,acquisition_sensitivity,BO,0.65,90,bo,matern,lcb,16346,100,20,0.775391099974513,0.3017637999728322,0.021644099964760244,1.0990399000002071,1443.6870997616047,5000,4000,1000,0.597559162473604,7.730195097625958,6.104369924124553,False
4933.484327446143,0.3927564451896046,0.39231780826574547,1.106978080952449,0.11383067441257343,0.39523306977887507,0.9809955221274693,0.8364469862560133,0.83519373790213,0.03565936031748296,0.7943558137524476,0.9046613955775009,0.6641952713989477,0.014195271398947718,14.195271398947718,0.0,0.0,0.5176618310582463,0.017661831058246258,17.661831058246257,-0.017661831058246258,-17.661831058246257,False,2.0150573008978307,124.77611053201285,126.79116783291069,acquisition_sensitivity,BO,0.65,91,bo,matern,lcb,16346,100,20,0.44375899992883205,0.19225980003830045,0.008933700039051473,0.6451587999472395,1358.2364510684206,5000,4000,1000,0.597559162473604,7.730195097625958,6.104369924124553,False
4778.826836704744,0.12452926236465961,0.10701843941053091,1.3239697349401067,0.09979350453640579,0.35686920582184367,0.9368076676299268,0.07008360675617031,0.020052684030088308,0.10798991164670224,0.3264501512135263,0.13738411643687332,0.5906380462827545,0.05936195371724551,59.361953717245505,0.05936195371724551,59.361953717245505,0.46706143061704636,0.0,0.0,0.03293856938295364,32.938569382953645,True,35.23841549128397,0.0,35.23841549128397,acquisition_sensitivity,BO,0.65,92,bo,matern,lcb,16346,100,20,0.5318321000086144,0.11269350000657141,0.010621899971738458,0.6553381999256089,1512.2257200567778,5000,4000,1000,0.597559162473604,7.730195097625958,6.104369924124553,False
4932.8366489500295,0.10598837750660513,0.4172590663146777,2.4193368934813466,0.10556625615216171,0.3553911991111298,0.9808104711285799,0.01710965001887177,0.9064544751847935,0.4731122978271155,0.5188752050720573,0.1078239822225967,0.5894209706718394,0.060579029328160616,60.579029328160615,0.060579029328160616,60.579029328160615,0.499291402920859,0.0,0.0,0.0007085970791410046,0.7085970791410046,True,36.69818794342144,0.0,36.69818794342144,acquisition_sensitivity,BO,0.65,93,bo,matern,lcb,16346,100,20,0.5604620999656618,0.3500763999763876,0.017053899937309325,0.9277918000007048,1316.6346650513415,5000,4000,1000,0.597559162473604,7.730195097625958,6.104369924124553,False
2120.553481427708,0.35522714266916966,0.3569759926481234,1.0,0.11859104957678938,0.35190536628581565,0.17730099469363086,0.729220407626199,0.7342171218517812,0.0,0.9530349858929796,0.038107325716313506,0.6504999845093586,0.0004999845093586197,0.4999845093586197,0.0,0.0,0.49173816204443416,0.0,0.0,0.008261837955565843,8.261837955565843,True,0.0024998450959857967,0.0,0.0024998450959857967,acquisition_sensitivity,BO,0.65,94,bo,matern,lcb,16346,100,20,0.33918250002898276,0.197777200024575,0.015240200096741319,0.5523594999685884,1178.087069565556,5000,4000,1000,0.0024998450959857967,0.4999845093586197,8.261837955565843,True
4919.663274645956,0.4488376582510515,0.17235890838439655,1.0382163137617564,0.09785081788514928,0.3971056252988014,0.9770466498988445,0.9966790235744328,0.206739738241133,0.012738771253918757,0.26169392950497594,0.9421125059760272,0.6228127898957855,0.027187210104214543,27.187210104214543,0.027187210104214543,27.187210104214543,0.5014039783545735,0.0014039783545735096,1.4039783545735096,-0.0014039783545735096,-1.4039783545735096,False,7.391443932507054,0.7884620880443758,8.17990602055143,acquisition_sensitivity,BO,0.65,95,bo,matern,lcb,16346,100,20,0.2964115000795573,0.2569703001063317,0.008790199994109571,0.5623096000635996,1173.8346095120914,5000,4000,1000,0.0024998450959857967,0.4999845093586197,8.261837955565843,False
1698.7055007173476,0.4004568238109467,0.18012448098791461,3.9979887153230225,0.10365442952963672,0.3584342289004599,0.05677300020495646,0.8584480680312765,0.22892708853689892,0.9993295717743408,0.45514765098789045,0.168684578009198,0.5695704003289045,0.08042959967109553,80.42959967109553,0.08042959967109553,80.42959967109553,0.4767899914612633,0.0,0.0,0.023210008538736726,23.210008538736727,True,64.6892050325269,0.0,64.6892050325269,acquisition_sensitivity,BO,0.65,96,bo,matern,lcb,16346,100,20,0.3779604999581352,0.19706749997567385,0.011051999987103045,0.5862220999551937,1142.7250158751226,5000,4000,1000,0.0024998450959857967,0.4999845093586197,8.261837955565843,False
4770.903411155406,0.4486604942205721,0.2639704018420983,2.076005531231553,0.10807411796348235,0.39909923214632514,0.9345438317586873,0.9961728406302058,0.46848686240599513,0.3586685104105176,0.6024705987827451,0.9819846429265028,0.6320862470164299,0.01791375298357012,17.91375298357012,0.01791375298357012,17.91375298357012,0.5136866785379053,0.013686678537905284,13.686678537905284,-0.013686678537905284,-13.686678537905284,False,3.2090254595636734,74.93006775998285,78.13909321954652,acquisition_sensitivity,BO,0.65,97,bo,matern,lcb,16346,100,20,0.3644429000560194,0.2257489999756217,0.009174500009976327,0.5995337999192998,1105.558478846459,5000,4000,1000,0.0024998450959857967,0.4999845093586197,8.261837955565843,False
1679.2347977490617,0.2922168596066015,0.2950316221391164,3.1847280102892146,0.11410831359541693,0.35160862221871,0.051209942214017645,0.5491910274474329,0.5572332061117611,0.7282426700964049,0.8036104531805643,0.032172444374200304,0.6098010765873481,0.040198923412651966,40.198923412651965,0.040198923412651966,40.198923412651965,0.5072182310003539,0.007218231000353903,7.218231000353903,-0.007218231000353903,-7.218231000353903,False,16.15953443536258,20.841143509788044,37.00067794515063,acquisition_sensitivity,BO,0.65,98,bo,matern,lcb,16346,100,20,0.4071456000674516,0.3495807000435889,0.01211220002733171,0.7689817999489605,1173.9881830122272,5000,4000,1000,0.0024998450959857967,0.4999845093586197,8.261837955565843,False
1533.0884112805907,0.18284303569243632,0.2655141503770263,1.7113577764709573,0.09843170228197334,0.35282401756459414,0.00945383179445447,0.23669438769267515,0.47289757250578945,0.23711925882365248,0.28105674273244496,0.05648035129188267,0.6135382225467874,0.03646177745321266,36.46177745321266,0.03646177745321266,36.46177745321266,0.49275835359665804,0.0,0.0,0.007241646403341961,7.241646403341962,True,13.294612150476073,0.0,13.294612150476073,acquisition_sensitivity,BO,0.65,99,bo,matern,lcb,16346,100,20,0.31948710000142455,0.18688299995847046,0.009638100047595799,0.5161610000068322,1079.9634616302487,5000,4000,1000,0.0024998450959857967,0.4999845093586197,8.261837955565843,False
4628.118725120154,0.15006582724175757,0.18632951034908213,2.0412460715904768,0.10230408599056671,0.3511303385767743,0.8937482071771866,0.14304522069073589,0.24665574385452038,0.3470820238634922,0.41013619968555715,0.022606771535485515,0.5804406353822659,0.06955936461773415,69.55936461773416,0.06955936461773415,69.55936461773416,0.4763282666000379,0.0,0.0,0.02367173339996209,23.671733399962093,True,48.38505206022886,0.0,48.38505206022886,acquisition_sensitivity,BO,0.65,100,bo,matern,lcb,16346,100,20,0.5667560000438243,0.2044324999442324,0.011195400031283498,0.7825196000048891,1073.6012664715768,5000,4000,1000,0.0024998450959857967,0.4999845093586197,8.261837955565843,False
2560.0399398081818,0.35817495706815394,0.16807495636937048,3.850398770284162,0.105983347727227,0.38896632157559896,0.302868554230909,0.7376427344804399,0.19449987534105845,0.950132923428054,0.5327782575742336,0.7793264315119787,0.6058537570622716,0.0441462429377284,44.146242937728395,0.0441462429377284,44.146242937728395,0.5158698634960117,0.015869863496011716,15.869863496011716,-0.015869863496011716,-15.869863496011716,False,19.488907655169342,100.74102695281807,120.22993460798742,budget_sweep,BO,0.65,1,initial_lhs,matern,ei,17370,25,10,2.9966233000159264,0.0,0.0,2.9967602000106126,,0,0,0,120.22993460798742,,,True
3233.777158787693,0.17615621214251034,0.2792169414777933,1.7326452246692678,0.11161038703741763,0.36199988448139603,0.4953649025107696,0.21758917755002954,0.5120484042222666,0.24421507488975597,0.720346234580588,0.23999768962792123,0.6277186192162447,0.0222813807837553,22.2813807837553,0.0222813807837553,22.2813807837553,0.49563681004994325,0.0,0.0,0.004363189950056745,4.363189950056745,True,4.964599296306999,0.0,4.964599296306999,budget_sweep,BO,0.65,2,initial_lhs,matern,ei,17370,25,10,1.4360867999494076,0.0,0.0,1.4361854000017047,,0,0,0,4.964599296306999,22.2813807837553,4.363189950056745,True
1885.3850384938842,0.1150969902075241,0.2539119318644708,3.603138923798938,0.10159000021246034,0.39821121066807225,0.1101100109982526,0.04313425773578315,0.4397483767556308,0.867712974599646,0.38633334041534506,0.9642242133614449,0.6349372263626638,0.015062773637336213,15.062773637336214,0.015062773637336213,15.062773637336214,0.7104388184308392,0.21043881843083923,210.43881843083923,-0.21043881843083923,-210.43881843083923,False,2.268871496496308,17713.79852102709,17716.067392523586,budget_sweep,BO,0.65,3,initial_lhs,matern,ei,17370,25,10,2.3332088999450207,0.0,0.0,2.3333174999570474,,0,0,0,4.964599296306999,22.2813807837553,4.363189950056745,False
3868.7194925869826,0.3987373331338274,0.17150430883284995,3.3125081867116766,0.10859851630829495,0.35380026053450564,0.676776997881995,0.8535352375252211,0.20429802523671414,0.7708360622372255,0.619950543609832,0.07600521069011337,0.5751031342287274,0.07489686577127264,74.89686577127263,0.07489686577127264,74.89686577127263,0.4765127712989519,0.0,0.0,0.02348722870104808,23.48722870104808,True,56.0954050236003,0.0,56.0954050236003,budget_sweep,BO,0.65,4,initial_lhs,matern,ei,17370,25,10,2.458251400035806,0.0,0.0,2.4583818999817595,,0,0,0,4.964599296306999,22.2813807837553,4.363189950056745,False
3414.2056610955383,0.44011709534544197,0.12538325522624907,1.5492298053936273,0.11867581613280792,0.3831251787143792,0.5469159031701538,0.9717631295584056,0.0725235863607116,0.18307660179787577,0.9558605377602639,0.6625035742875836,0.6490486653974163,0.0009513346025836755,0.9513346025836755,0.0009513346025836755,0.9513346025836755,0.5119942927868467,0.011994292786846716,11.994292786846717,-0.011994292786846716,-11.994292786846717,False,0.009050375260730398,57.54522378264127,57.554274157902,budget_sweep,BO,0.65,5,initial_lhs,matern,ei,17370,25,10,1.465909600025043,0.0,0.0,1.469260900048539,,0,0,0,4.964599296306999,22.2813807837553,4.363189950056745,False
4689.209457613457,0.14714141093226452,0.3975460422376541,3.0736520870813386,0.09075743182325902,0.3667703069982209,0.9112027021752735,0.13468974552075577,0.8501315492504402,0.6912173623604462,0.025247727441967106,0.3354061399644183,0.560693038921329,0.08930696107867098,89.30696107867098,0.08930696107867098,89.30696107867098,0.5253029311802734,0.02530293118027338,25.30293118027338,-0.02530293118027338,-25.30293118027338,False,79.75733297107253,256.0953305254603,335.85266349653284,budget_sweep,BO,0.65,6,initial_lhs,matern,ei,17370,25,10,1.4926763999974355,0.0,0.0,1.4928001000080258,,0,0,0,4.964599296306999,22.2813807837553,4.363189950056745,False
4321.753030030125,0.25081752901517795,0.32835008675697686,2.529323300883722,0.09415032670124777,0.3776487193381738,0.8062151514371786,0.4309072257576513,0.6524288193056482,0.5097744336279073,0.13834422337492597,0.5529743867634762,0.5828312689139968,0.06716873108600319,67.16873108600319,0.06716873108600319,67.16873108600319,0.5023112329075817,0.0023112329075817284,2.3112329075817284,-0.0023112329075817284,-2.3112329075817284,False,45.11638435703811,2.1367190212354763,47.253103378273586,budget_sweep,BO,0.65,7,initial_lhs,matern,ei,17370,25,10,0.8477521000895649,0.0,0.0,0.8478374000405893,,0,0,0,4.964599296306999,22.2813807837553,4.363189950056745,False
2473.949312986807,0.31066856558040734,0.21615446398230959,2.1455552022545494,0.09827745629838963,0.3916075446291583,0.2782712322819449,0.6019101873725925,0.3318698970923131,0.38185173408484985,0.275915209946321,0.8321508925831662,0.6162092327532106,0.03379076724678942,33.79076724678942,0.03379076724678942,33.79076724678942,0.5151851444100773,0.015185144410077345,15.185144410077346,-0.015185144410077345,-15.185144410077346,False,11.418159511266968,92.2354443019613,103.65360381322826,budget_sweep,BO,0.65,8,initial_lhs,matern,ei,17370,25,10,0.5719264999497682,0.0,0.0,0.5719817999051884,,0,0,0,4.964599296306999,22.2813807837553,4.363189950056745,False
1621.6047883108026,0.30947964919038107,0.35847343616867466,2.3292390682513044,0.10412309782258791,0.3586503400699182,0.03474422523165789,0.5985132834010888,0.7384955319104992,0.4430796894171015,0.470769927419597,0.1730068013983642,0.6045355699831148,0.04546443001688527,45.464430016885274,0.04546443001688527,45.464430016885274,0.49385211345902086,0.0,0.0,0.006147886540979142,6.147886540979142,True,20.67014396760258,0.0,20.67014396760258,budget_sweep,BO,0.65,9,initial_lhs,matern,ei,17370,25,10,0.5670523999724537,0.0,0.0,0.5671099999453872,,0,0,0,4.964599296306999,22.2813807837553,4.363189950056745,False
4271.170340942331,0.22039031092236994,0.4273445333104888,1.0325638097288474,0.1141170672068019,0.37321367922814963,0.7917629545549516,0.34397231692105695,0.9352700951728252,0.010854603242949134,0.8039022402267302,0.46427358456299317,0.6551582832964601,0.0051582832964600644,5.1582832964600644,0.0,0.0,0.5003082414308506,0.00030824143085061984,0.30824143085061984,-0.00030824143085061984,-0.30824143085061984,False,0.2660788656653891,0.03800511187713498,0.30408397754252403,budget_sweep,BO,0.65,10,initial_lhs,matern,ei,17370,25,10,0.4997591000283137,0.0,0.0,0.4998140000971034,,0,0,0,0.30408397754252403,22.2813807837553,4.363189950056745,True
4044.7484042031356,0.44328756257810353,0.29186017622590604,1.5393673732978659,0.09492331016971138,0.39980310776518013,0.7270709726294673,0.98082160736601,0.5481719320740173,0.17978912443262196,0.16411033899037952,0.996062155303602,0.6140885413696956,0.03591145863030443,35.91145863030442,0.03591145863030443,35.91145863030442,0.501913535450548,0.001913535450547954,1.913535450547954,-0.001913535450547954,-1.913535450547954,False,12.896328609560664,1.4646471682015048,14.36097577776217,budget_sweep,BO,0.65,11,bo,matern,ei,17370,25,10,0.43343049997929484,0.04869640001561493,0.0023603999288752675,0.48461779998615384,1191.4348161697148,5000,4000,1000,0.30408397754252403,22.2813807837553,4.363189950056745,False
3748.63225627464,0.10078798915934037,0.2397632485960158,1.5104396397824487,0.11267916376556258,0.35051165269474915,0.6424663589356114,0.0022513975981153234,0.399323567417188,0.17014654659414952,0.7559721255187529,0.01023305389498308,0.6203395326808794,0.029660467319120642,29.66046731912064,0.029660467319120642,29.66046731912064,0.47851642205099887,0.0,0.0,0.02148357794900113,21.48357794900113,True,8.797433215886237,0.0,8.797433215886237,budget_sweep,BO,0.65,12,bo,matern,ei,17370,25,10,0.9537054999964312,0.13037579995580018,0.0033964000176638365,1.0876151999691501,986.8547851668135,5000,4000,1000,0.30408397754252403,22.2813807837553,4.363189950056745,False
4909.968632690822,0.17879970025681685,0.33898394636496854,1.384278655284723,0.1054172658766391,0.35002252388239213,0.9742767521973777,0.22514200073376245,0.6828112753284815,0.12809288509490768,0.5139088625546371,0.00045047764784300615,0.59903205130771,0.050967948692290044,50.967948692290044,0.050967948692290044,50.967948692290044,0.46580744644274297,0.0,0.0,0.03419255355725703,34.192553557257035,True,25.977317938999104,0.0,25.977317938999104,budget_sweep,BO,0.65,13,bo,matern,ei,17370,25,10,1.5314032000023872,0.2301797999534756,0.006472800043411553,1.768247100058943,3722.948284311279,5000,4000,1000,0.30408397754252403,22.2813807837553,4.363189950056745,False
1654.6225697451569,0.44781231684760503,0.4409515225025451,1.042036440909406,0.11968469476313046,0.3656950218934935,0.044177877070044835,0.9937494767074431,0.974147207150129,0.01401214696980202,0.9894898254376819,0.3139004378698703,0.6562577185929963,0.006257718592996286,6.257718592996286,0.0,0.0,0.5058824399511385,0.005882439951138463,5.882439951138463,-0.005882439951138463,-5.882439951138463,False,0.3915904198913142,13.841239911499951,14.232830331391265,budget_sweep,BO,0.65,14,bo,matern,ei,17370,25,10,0.49910690006799996,0.3326271999394521,0.005096999928355217,0.8370166000677273,955.1810365801342,5000,4000,1000,0.30408397754252403,22.2813807837553,4.363189950056745,False
3377.046198412887,0.44699279727054697,0.25579905101866085,2.0826234678087987,0.10305480185106462,0.35039405225111364,0.5362989138322535,0.991407992201563,0.4451401457676025,0.36087448926959953,0.43516006170215416,0.007881045022273492,0.574649217056303,0.07535078294369701,75.35078294369701,0.07535078294369701,75.35078294369701,0.46183416439714015,0.0,0.0,0.038165835602859854,38.16583560285986,True,56.77740490228141,0.0,56.77740490228141,budget_sweep,BO,0.65,15,bo,matern,ei,17370,25,10,0.7444842000259086,0.07577800005674362,0.004736399976536632,0.825176400016062,519.2741610993495,5000,4000,1000,0.30408397754252403,22.2813807837553,4.363189950056745,False
4608.29517226112,0.27741693878050006,0.44990678907696335,1.0,0.11411100571617042,0.3709955796192259,0.8880843349317483,0.5069055393728573,0.9997336830770382,0.0,0.8037001905390138,0.41991159238451814,0.6505348576889319,0.0005348576889319112,0.5348576889319112,0.0,0.0,0.49641911543383854,0.0,0.0,0.0035808845661614574,3.5808845661614574,True,0.002860727474095851,0.0,0.002860727474095851,budget_sweep,BO,0.65,16,bo,matern,ei,17370,25,10,0.9992608999600634,0.11832590005360544,0.00740360002964735,1.1251825999934226,485.4583070617671,5000,4000,1000,0.002860727474095851,0.5348576889319112,3.5808845661614574,True
2835.4627882220743,0.2995495331853304,0.30036533446703095,1.8848239992981028,0.09315690763279552,0.3500069171749708,0.3815607966348784,0.5701415233866582,0.572472384191517,0.29494133309936765,0.10523025442651757,0.0001383434994165489,0.566688552633305,0.08331144736669505,83.31144736669505,0.08331144736669505,83.31144736669505,0.46003230353510133,0.0,0.0,0.03996769646489867,39.96769646489867,True,69.40797262333598,0.0,69.40797262333598,budget_sweep,BO,0.65,17,bo,matern,ei,17370,25,10,0.5218104000668973,0.10651929990854114,0.005592499976046383,0.6341019000392407,381.1999043266044,5000,4000,1000,0.002860727474095851,0.5348576889319112,3.5808845661614574,False
1615.8983492104649,0.2311453212792314,0.1403442172065881,3.850053647395298,0.0902638896952406,0.3675607035716408,0.03311381406013281,0.3747009179406612,0.11526919201882313,0.9500178824650994,0.008796323174687037,0.35121407143281547,0.5697261799118013,0.08027382008819872,80.27382008819872,0.08027382008819872,80.27382008819872,0.5166675696450603,0.01666756964506033,16.667569645060333,-0.01666756964506033,-16.667569645060333,False,64.43886191552497,111.12315114917463,175.5620130646996,budget_sweep,BO,0.65,18,bo,matern,ei,17370,25,10,0.7391276999842376,0.05040090007241815,0.003054099972359836,0.7927012000000104,204.82594301883677,5000,4000,1000,0.002860727474095851,0.5348576889319112,3.5808845661614574,False
4201.159856011242,0.31773280713964214,0.3829709817267233,1.5528803122277912,0.10250040831127259,0.3846437865682622,0.7717599588603548,0.6220937346846918,0.8084885192192093,0.18429343740926374,0.41668027704241983,0.6928757313652442,0.6222732589881499,0.02772674101185013,27.72674101185013,0.02772674101185013,27.72674101185013,0.4968848296865348,0.0,0.0,0.0031151703134651987,3.1151703134651987,True,7.68772167138212,0.0,7.68772167138212,budget_sweep,BO,0.65,19,bo,matern,ei,17370,25,10,0.648013100028038,0.06635880004614592,0.005156099912710488,0.7196729000424966,226.88899354072436,5000,4000,1000,0.002860727474095851,0.5348576889319112,3.5808845661614574,False
4841.666473223464,0.37780026821792856,0.37777735901801357,1.4855648272423854,0.09329583712085159,0.39886584233225186,0.9547618494924182,0.7937150520512246,0.7936495971943246,0.16185494241412846,0.10986123736171971,0.9773168466450372,0.6126082408917047,0.037391759108295286,37.39175910829529,0.037391759108295286,37.39175910829529,0.4991757224862966,0.0,0.0,0.0008242775137033975,0.8242775137033975,True,13.981436492127834,0.0,13.981436492127834,budget_sweep,BO,0.65,20,bo,matern,ei,17370,25,10,0.5776159999659285,0.11112609994597733,0.0047067999839782715,0.6935819999780506,209.68348614023287,5000,4000,1000,0.002860727474095851,0.5348576889319112,3.5808845661614574,False
4904.390957740003,0.13274776108504205,0.44702936501396684,2.695085381260652,0.10029445301300736,0.3553646818409474,0.972683130782858,0.09356503167154873,0.9915124714684767,0.5650284604202174,0.3431484337669122,0.10729363681894766,0.574259554241938,0.07574044575806205,75.74044575806205,0.07574044575806205,75.74044575806205,0.5039065395251275,0.003906539525127539,3.906539525127539,-0.003906539525127539,-3.906539525127539,False,57.36615123629939,6.10442042455348,63.47057166085287,budget_sweep,BO,0.65,21,bo,matern,ei,17370,25,10,0.7221327000297606,0.04820730001665652,0.0031151999719440937,0.7735921000130475,180.13432576866632,5000,4000,1000,0.002860727474095851,0.5348576889319112,3.5808845661614574,False
2977.304377496559,0.4493644806141647,0.440623192717265,1.314717680711459,0.10011565077147536,0.3939159633955814,0.4220869649990169,0.9981842303261849,0.9732091220493286,0.1049058935704863,0.33718835904917843,0.8783192679116271,0.6285633143060632,0.021436685693936863,21.436685693936862,0.021436685693936863,21.436685693936862,0.5042421460988721,0.004242146098872079,4.242146098872079,-0.004242146098872079,-4.242146098872079,False,4.595314935406374,7.198321409670241,11.793636345076614,budget_sweep,BO,0.65,22,bo,matern,ei,17370,25,10,0.3809674000367522,0.03236559999641031,0.0048227000515908,0.4183188999304548,174.28731542100786,5000,4000,1000,0.002860727474095851,0.5348576889319112,3.5808845661614574,False
2976.41951953856,0.3448684993842527,0.42374796074399423,1.0370041419600478,0.11540417183029085,0.35043999307019996,0.42183414843958866,0.6996242839550078,0.9249941735542692,0.012334713986682622,0.8468057276763616,0.00879986140400002,0.6362302396107733,0.013769760389226726,13.769760389226725,0.013769760389226726,13.769760389226725,0.4813783133635537,0.0,0.0,0.01862168663644631,18.62168663644631,True,1.8960630117671735,0.0,1.8960630117671735,budget_sweep,BO,0.65,23,bo,matern,ei,17370,25,10,0.5171023000730202,0.13338609994389117,0.00580489996355027,0.6564775999868289,140.21243319907003,5000,4000,1000,0.002860727474095851,0.5348576889319112,3.5808845661614574,False
4872.192902065648,0.35352524674321006,0.3293751220638879,1.6328615522148806,0.09592468837824326,0.36011676205503695,0.963483686304471,0.7243578478377432,0.6553574916111083,0.21095385073829354,0.1974896126081087,0.2023352411007393,0.5774636662619684,0.07253633373803159,72.53633373803159,0.07253633373803159,72.53633373803159,0.4633676015425325,0.0,0.0,0.03663239845746752,36.63239845746752,True,52.615197121551,0.0,52.615197121551,budget_sweep,BO,0.65,24,bo,matern,ei,17370,25,10,0.6284157000482082,0.10863699996843934,0.004068700014613569,0.7412618000525981,115.53150928015617,5000,4000,1000,0.002860727474095851,0.5348576889319112,3.5808845661614574,False
4148.516835135522,0.44806417322327763,0.42655125060286436,1.5788434573398744,0.1159433882606145,0.3572767692702825,0.7567190957530062,0.994469066352222,0.9330035731510412,0.1929478191132915,0.8647796086871502,0.14553538540565103,0.6204145155060141,0.029585484493985903,29.585484493985902,0.029585484493985903,29.585484493985902,0.48179073402601874,0.0,0.0,0.01820926597398126,18.20926597398126,True,8.753008927438803,0.0,8.753008927438803,budget_sweep,BO,0.65,25,bo,matern,ei,17370,25,10,0.3907769999932498,0.09764890000224113,0.004007600015029311,0.49255349999293685,105.77192946246086,5000,4000,1000,0.002860727474095851,0.5348576889319112,3.5808845661614574,False
2266.8245735225473,0.13928023444167995,0.28263443650323233,2.4823882695865036,0.10302826554430057,0.35056927387402637,0.21909273529215634,0.1122292412619427,0.521812675723521,0.49412942319550124,0.4342755181433525,0.01138547748052724,0.5951110959986731,0.054888904001326955,54.88890400132696,0.054888904001326955,54.88890400132696,0.5687766481112438,0.06877664811124384,68.77664811124384,-0.06877664811124384,-68.77664811124384,False,30.127917824668863,1892.0909301671443,1922.2188479918132,budget_sweep,BO,0.65,1,initial_lhs,matern,ei,17395,50,10,0.4486290999921039,0.0,0.0,0.448676300002262,,0,0,0,1922.2188479918132,,,True
2056.20283656516,0.44956513536791487,0.14229011204527137,1.7731524954009785,0.10775141400547468,0.3655274328040901,0.15891509616147428,0.9987575296226139,0.12082889155791818,0.2577174984669928,0.5917138001824895,0.3105486560818027,0.6061600045544315,0.04383999544556849,43.83999544556849,0.04383999544556849,43.83999544556849,0.48678675387633014,0.0,0.0,0.013213246123669864,13.213246123669864,True,19.219452006674658,0.0,19.219452006674658,budget_sweep,BO,0.65,2,initial_lhs,matern,ei,17395,50,10,0.2722125999862328,0.0,0.0,0.2722659999271855,,0,0,0,19.219452006674658,43.83999544556849,13.213246123669864,True
2927.636624676827,0.2746291250814356,0.35479525142301216,3.343134831442077,0.10824184196573813,0.377107626116967,0.40789617847909343,0.49894035737553033,0.7279864326371775,0.7810449438140257,0.6080613988579378,0.5421525223393402,0.6077858712555573,0.04221412874444275,42.214128744442746,0.04221412874444275,42.214128744442746,0.5383088341064614,0.038308834106461354,38.308834106461354,-0.038308834106461354,-38.308834106461354,False,17.82032665652387,587.0267082385507,604.8470348950746,budget_sweep,BO,0.65,3,initial_lhs,matern,ei,17395,50,10,0.5102884999942034,0.0,0.0,0.5103426000569016,,0,0,0,19.219452006674658,43.83999544556849,13.213246123669864,False
4027.7515967132204,0.3791607666948962,0.11642086549095583,3.8862167640373517,0.09628165973994064,0.3615817596074906,0.722214741918063,0.7976021905568462,0.046916758545588064,0.9620722546791172,0.2093886579980213,0.2316351921498124,0.5522074245901976,0.09779257540980246,97.79257540980247,0.09779257540980246,97.79257540980247,0.47436639851134527,0.0,0.0,0.025633601488654734,25.633601488654733,True,95.63387805281901,0.0,95.63387805281901,budget_sweep,BO,0.65,4,initial_lhs,matern,ei,17395,50,10,0.4960034000687301,0.0,0.0,0.49605730001349,,0,0,0,19.219452006674658,43.83999544556849,13.213246123669864,False
3301.147546137822,0.28295222470991455,0.2530231208296466,2.112618534697014,0.1134162833987071,0.37368181919409893,0.5146135846108062,0.5227206420283274,0.43720891665613315,0.37087284489900474,0.7805427799569035,0.4736363838819785,0.629469019470488,0.020530980529512077,20.530980529512078,0.020530980529512077,20.530980529512078,0.5133554628933203,0.013355462893320347,13.355462893320347,-0.013355462893320347,-13.355462893320347,False,4.2152116150320404,71.34735563794267,75.56256725297472,budget_sweep,BO,0.65,5,initial_lhs,matern,ei,17395,50,10,0.5071279000258073,0.0,0.0,0.5071797999553382,,0,0,0,19.219452006674658,43.83999544556849,13.213246123669864,False
3675.7458976488733,0.22215334259422737,0.2165329490977308,2.688839033347067,0.09442583049899211,0.38221014562011857,0.6216416850425353,0.34900955026922104,0.33295128313637373,0.5629463444490224,0.14752768329973726,0.6442029124023708,0.588535802209282,0.06146419779071799,61.46419779071799,0.06146419779071799,61.46419779071799,0.5246431864334714,0.02464318643347141,24.64318643347141,-0.02464318643347141,-24.64318643347141,False,37.77847610056502,242.91465503793174,280.69313113849677,budget_sweep,BO,0.65,6,initial_lhs,matern,ei,17395,50,10,0.5621202000183985,0.0,0.0,0.5621717000612989,,0,0,0,19.219452006674658,43.83999544556849,13.213246123669864,False
1530.8073572240044,0.17128848234831465,0.4287103270669904,1.032014662343237,0.10113185568854682,0.3584748832817503,0.008802102064001217,0.20368137813804185,0.939172363048544,0.01067155411441234,0.3710618562848944,0.16949766563500698,0.6506888867065725,0.0006888867065725224,0.6888867065725224,0.0,0.0,0.4956739069029641,0.0,0.0,0.00432609309703591,4.32609309703591,True,0.004745648944923365,0.0,0.004745648944923365,budget_sweep,BO,0.65,7,initial_lhs,matern,ei,17395,50,10,0.33461509994231164,0.0,0.0,0.3346680999966338,,0,0,0,0.004745648944923365,0.6888867065725224,4.32609309703591,True
4390.645846945248,0.391496162556206,0.3344440768020857,3.5252528390738025,0.09226486366476366,0.3943983292011116,0.8258988134129279,0.832846178732017,0.6698402194345306,0.8417509463579342,0.07549545549212204,0.8879665840222323,0.581036373870002,0.06896362612999807,68.96362612999806,0.06896362612999807,68.96362612999806,0.500391196725187,0.0003911967251869486,0.3911967251869486,-0.0003911967251869486,-0.3911967251869486,False,47.55981728998152,0.06121395111879719,47.62103124110031,budget_sweep,BO,0.65,8,initial_lhs,matern,ei,17395,50,10,0.8419120999751613,0.0,0.0,0.8419800000265241,,0,0,0,0.004745648944923365,0.6888867065725224,4.32609309703591,False
4806.682894789959,0.11390588092507857,0.40496408749647894,2.99546935294134,0.11806471499390135,0.39738724228245415,0.9447665413685599,0.03973108835736734,0.8713259642756542,0.6651564509804466,0.935490499796712,0.9477448456490819,0.6508107483144566,0.0008107483144565997,0.8107483144565997,0.0,0.0,0.6017758162900583,0.10177581629005827,101.77581629005827,-0.10177581629005827,-101.77581629005827,False,0.0065731282939421746,4143.326712603076,4143.33328573137,budget_sweep,BO,0.65,9,initial_lhs,matern,ei,17395,50,10,0.596210699994117,0.0,0.0,0.5962772999191657,,0,0,0,0.004745648944923365,0.6888867065725224,4.32609309703591,False
2692.858743876336,0.3232866840597637,0.18284462934939,1.5256817264387605,0.11667884514283403,0.3887276090334002,0.34081678396466747,0.6379619544564676,0.2366989409982571,0.17522724214625351,0.8892948380944679,0.774552180668004,0.6640866159474429,0.014086615947442871,14.086615947442871,0.0,0.0,0.5218389558148273,0.02183895581482731,21.838955814827308,-0.02183895581482731,-21.838955814827308,False,1.9843274885075182,190.77599643279183,192.76032392129935,budget_sweep,BO,0.65,10,initial_lhs,matern,ei,17395,50,10,0.364014400052838,0.0,0.0,0.3640615999465808,,0,0,0,0.004745648944923365,0.6888867065725224,4.32609309703591,False
3401.7450133437387,0.29977974596518464,0.435904621324105,1.0539122617918322,0.09152248881193635,0.35141744785632145,0.543355718098211,0.5707992741862419,0.9597274894974428,0.01797075393061076,0.05074962706454511,0.028348957126429042,0.5783886097494151,0.07161139025058494,71.61139025058493,0.07161139025058494,71.61139025058493,0.4546675373394956,0.0,0.0,0.04533246266050439,45.33246266050439,True,51.28191213621571,0.0,51.28191213621571,budget_sweep,BO,0.65,11,bo,matern,ei,17395,50,10,0.38835639995522797,0.0366059000371024,0.0021831999765709043,0.42723690008278936,1386.9710143927825,5000,4000,1000,0.004745648944923365,0.6888867065725224,4.32609309703591,False
1500.0,0.22702637772585904,0.3861733117671766,1.0,0.10226092784700333,0.3637100476069136,0.0,0.3629325077881687,0.8176380336205048,0.0,0.40869759490011115,0.2742009521382721,0.650221292947491,0.00022129294749095862,0.22129294749095862,0.0,0.0,0.4995814990600672,0.0,0.0,0.0004185009399327866,0.4185009399327866,True,0.0004897056860923617,0.0,0.0004897056860923617,budget_sweep,BO,0.65,12,bo,matern,ei,17395,50,10,0.30770380003377795,0.08227350004017353,0.002839899971149862,0.39297189994249493,692.117350838195,5000,4000,1000,0.0004897056860923617,0.22129294749095862,0.4185009399327866,True
4983.318758658335,0.2473843531148048,0.4287453080943573,1.138519093260097,0.09707165339731354,0.39711932848490256,0.9952339310452387,0.42109815175658516,0.939272308841021,0.04617303108669901,0.2357217799104515,0.9423865696980509,0.6313234489696721,0.018676551030327948,18.67655103032795,0.018676551030327948,18.67655103032795,0.5032308024480313,0.0032308024480313113,3.2308024480313113,-0.0032308024480313113,-3.2308024480313113,False,3.4881355838844392,4.175233783282046,7.663369367166485,budget_sweep,BO,0.65,13,bo,matern,ei,17395,50,10,0.5148786000208929,0.05236859992146492,0.0028705999720841646,0.570237800013274,350.6042001331725,5000,4000,1000,0.0004897056860923617,0.22129294749095862,0.4185009399327866,False
4033.752172264774,0.2956555132442556,0.17658664967479695,2.320877940931226,0.09222973388297603,0.35536472545905656,0.7239291920756497,0.5590157521264446,0.21881899907084845,0.4402926469770754,0.0743244627658679,0.10729450918113204,0.5554098932121854,0.09459010678781465,94.59010678781465,0.09459010678781465,94.59010678781465,0.4685181693519915,0.0,0.0,0.031481830648008524,31.481830648008525,True,89.47288302130181,0.0,89.47288302130181,budget_sweep,BO,0.65,14,bo,matern,ei,17395,50,10,0.4644671999849379,0.1143889999948442,0.0025617999490350485,0.5815345000009984,340.54305995784864,5000,4000,1000,0.0004897056860923617,0.22129294749095862,0.4185009399327866,False
2753.802949732343,0.44968503554974315,0.2736696571114675,3.981684371081352,0.10333134833671566,0.37338881758495035,0.3582294142092409,0.9991001015706947,0.4961990203184786,0.9938947903604506,0.4443782778905221,0.4677763516990069,0.5772673829040544,0.07273261709594558,72.73261709594559,0.07273261709594558,72.73261709594559,0.48523895336528317,0.0,0.0,0.014761046634716835,14.761046634716834,True,52.900335896254354,0.0,52.900335896254354,budget_sweep,BO,0.65,15,bo,matern,ei,17395,50,10,0.5146224999334663,0.09358320001047105,0.002714899950660765,0.6110335999401286,299.2698761846345,5000,4000,1000,0.0004897056860923617,0.22129294749095862,0.4185009399327866,False
2355.224035402355,0.1935073754657533,0.11809464755914434,1.1055438065538874,0.1187853200022459,0.39980297868927295,0.24434972440067293,0.2671639299021523,0.05169899302612668,0.0351812688512958,0.9595106667415303,0.996059573785459,0.7036804554554369,0.05368045545543687,53.68045545543687,0.0,0.0,0.5432635723278991,0.043263572327899125,43.263572327899126,-0.043263572327899125,-43.263572327899126,False,28.81591297903142,748.6946762285436,777.510589207575,budget_sweep,BO,0.65,16,bo,matern,ei,17395,50,10,0.35805499996058643,0.130537899909541,0.0037577999755740166,0.49246470001526177,369.2363568038529,5000,4000,1000,0.0004897056860923617,0.22129294749095862,0.4185009399327866,False
2928.5027252629516,0.19411133620108886,0.308745941426516,1.0074353849587152,0.09102090137870675,0.3756008908929616,0.4081436357894148,0.26888953200311105,0.5964169755043314,0.0024784616529051062,0.03403004595689174,0.5120178178592321,0.608553279855877,0.041446720144122984,41.446720144122985,0.041446720144122984,41.446720144122985,0.48217734573250975,0.0,0.0,0.017822654267490246,17.822654267490247,True,17.178306107052496,0.0,17.178306107052496,budget_sweep,BO,0.65,17,bo,matern,ei,17395,50,10,0.3429570000153035,0.061173200025223196,0.003210199996829033,0.40744580002501607,333.5949872294548,5000,4000,1000,0.0004897056860923617,0.22129294749095862,0.4185009399327866,False
3521.814230776511,0.4381935763747652,0.108000981604932,1.0324555699486864,0.09253539084934957,0.36761882235067445,0.577661208793289,0.9662673610707577,0.022859947442662842,0.01081852331622879,0.08451302831165264,0.3523764470134886,0.5830634183307977,0.06693658166920236,66.93658166920235,0.06693658166920236,66.93658166920235,0.46847648031880346,0.0,0.0,0.03152351968119654,31.523519681196543,True,44.80505965557796,0.0,44.80505965557796,budget_sweep,BO,0.65,18,bo,matern,ei,17395,50,10,0.2732306000543758,0.058750900090672076,0.0030731000006198883,0.33515459997579455,217.691642597531,5000,4000,1000,0.0004897056860923617,0.22129294749095862,0.4185009399327866,False
4952.067274825496,0.3301407236746101,0.1253631523199809,1.4171127381626296,0.11796139957758635,0.3685177487144197,0.9863049356644273,0.6575449247846004,0.07246614948565977,0.13903757938754324,0.9320466525862118,0.37035497428839415,0.6367170994906457,0.013282900509354323,13.282900509354324,0.013282900509354323,13.282900509354324,0.4957093246544678,0.0,0.0,0.00429067534553218,4.29067534553218,True,1.7643544594140532,0.0,1.7643544594140532,budget_sweep,BO,0.65,19,bo,matern,ei,17395,50,10,0.43760359997395426,0.04717999999411404,0.0028204999398440123,0.48770069994498044,540.5515423464407,5000,4000,1000,0.0004897056860923617,0.22129294749095862,0.4185009399327866,False
4976.668568612013,0.19899926799289358,0.23279007735920845,1.017666859279358,0.11120876050036754,0.3524350699261614,0.9933338767462891,0.2828550514082674,0.3794002210263099,0.00588895309311932,0.706958683345585,0.04870139852322819,0.6200563361485883,0.029943663851411673,29.94366385141167,0.029943663851411673,29.94366385141167,0.4744937661390742,0.0,0.0,0.02550623386092582,25.50623386092582,True,8.966230048463382,0.0,8.966230048463382,budget_sweep,BO,0.65,20,bo,matern,ei,17395,50,10,0.4557187999598682,0.05887710000388324,0.0033103000605478883,0.5180036999518052,404.4386838653257,5000,4000,1000,0.0004897056860923617,0.22129294749095862,0.4185009399327866,False
4751.437245189648,0.44586219995048826,0.2748877275939101,1.0812327750405961,0.11940458894121835,0.374623936985682,0.9289820700541851,0.9881777141442522,0.49967922169688617,0.027077591680198743,0.9801529647072783,0.49247873971364053,0.6522730907706766,0.0022730907706766112,2.2730907706766112,0.0,0.0,0.5022741508631339,0.0022741508631338725,2.2741508631338725,-0.0022741508631338725,-2.2741508631338725,False,0.05166941651735191,2.0687048593170148,2.120374275834367,budget_sweep,BO,0.65,21,bo,matern,ei,17395,50,10,0.3004445000551641,0.045911299996078014,0.002671400085091591,0.34912469994742423,184.58369502657297,5000,4000,1000,0.0004897056860923617,0.22129294749095862,0.4185009399327866,False
4217.001209366128,0.42182132605091316,0.34980008227916626,2.8584904648086713,0.11961058088683521,0.3600941518317381,0.7762860598188939,0.9194895030026091,0.7137145207976179,0.6194968216028904,0.9870193628945072,0.2018830366347627,0.6094492344072298,0.040550765592770266,40.55076559277027,0.040550765592770266,40.55076559277027,0.4907790516259863,0.0,0.0,0.009220948374013715,9.220948374013716,True,16.443645901598003,0.0,16.443645901598003,budget_sweep,BO,0.65,22,bo,matern,ei,17395,50,10,0.42966830008663237,0.11466960003599524,0.0034570000134408474,0.5478978999890387,155.66403577848138,5000,4000,1000,0.0004897056860923617,0.22129294749095862,0.4185009399327866,False
3291.353123042549,0.38141132018323953,0.3475694162164881,1.204488238238087,0.10970659404178079,0.3517235989233609,0.5118151780121569,0.8040323433806843,0.7073411891899661,0.06816274607936235,0.6568864680593601,0.0344719784672185,0.6129174502875581,0.03708254971244196,37.08254971244196,0.03708254971244196,37.08254971244196,0.4735057547785446,0.0,0.0,0.02649424522145538,26.49424522145538,True,13.751154931757291,0.0,13.751154931757291,budget_sweep,BO,0.65,23,bo,matern,ei,17395,50,10,0.38124920008704066,0.056577199953608215,0.0028930000262334943,0.44082789996173233,199.94997562583234,5000,4000,1000,0.0004897056860923617,0.22129294749095862,0.4185009399327866,False
2934.5771529016956,0.1987305363669285,0.2699488201539145,1.0432307908440104,0.09499419132403508,0.3506704002032663,0.40987918654334166,0.28208724676265284,0.485568057582613,0.014410263614670127,0.16647304413450292,0.013408004065326051,0.5917849127990836,0.05821508720091639,58.21508720091639,0.05821508720091639,58.21508720091639,0.46163095370601515,0.0,0.0,0.038369046293984854,38.36904629398485,True,33.889963778102995,0.0,33.889963778102995,budget_sweep,BO,0.65,24,bo,matern,ei,17395,50,10,0.501320100040175,0.045523300068452954,0.0037312000058591366,0.5506914000725374,198.7815313536466,5000,4000,1000,0.0004897056860923617,0.22129294749095862,0.4185009399327866,False
2240.404541741838,0.27735098761510574,0.4170947708055692,1.087255254719884,0.11694237752807454,0.3512244676055697,0.2115441547833823,0.5067171074717307,0.9059850594444835,0.029085084906627978,0.8980792509358182,0.024489352111393803,0.6530393310255943,0.003039331025594283,3.039331025594283,0.0,0.0,0.49140141952208993,0.0,0.0,0.008598580477910067,8.598580477910067,True,0.09237533083139995,0.0,0.09237533083139995,budget_sweep,BO,0.65,25,bo,matern,ei,17395,50,10,0.34372730005998164,0.04078579996712506,0.003659800044260919,0.388308500056155,148.84933244590127,5000,4000,1000,0.0004897056860923617,0.22129294749095862,0.4185009399327866,False
4175.521891388399,0.4468118921914811,0.4290544469443237,2.4003571562295605,0.10460569623144866,0.3976443134583318,0.7644348261109711,0.9908911205470888,0.9401555626980679,0.46678571874318686,0.4868565410482891,0.9528862691666352,0.6219066650959972,0.028093334904002787,28.093334904002788,0.028093334904002787,28.093334904002788,0.5093120802048605,0.009312080204860518,9.312080204860518,-0.009312080204860518,-9.312080204860518,False,7.892354660284613,34.68593509670204,42.57828975698665,budget_sweep,BO,0.65,26,bo,matern,ei,17395,50,10,0.4458739999681711,0.11275480000767857,0.004014599951915443,0.5628030999796465,184.57446973190076,5000,4000,1000,0.0004897056860923617,0.22129294749095862,0.4185009399327866,False
4136.949440141283,0.2552650852509988,0.32855037668158116,1.1232611925753866,0.10688732914342396,0.3764679122900644,0.7534141257546524,0.4436145292885679,0.653001076233089,0.04108706419179553,0.5629109714474653,0.5293582458012874,0.6356016724647148,0.014398327535285249,14.39832753528525,0.014398327535285249,14.39832753528525,0.4951159539265586,0.0,0.0,0.004884046073441395,4.884046073441395,True,2.073118358133534,0.0,2.073118358133534,budget_sweep,BO,0.65,27,bo,matern,ei,17395,50,10,0.47461439995095134,0.13365249999333173,0.004212000058032572,0.6125948000699282,125.13059275973107,5000,4000,1000,0.0004897056860923617,0.22129294749095862,0.4185009399327866,False
4859.785380859186,0.1969204134764255,0.4467399316381979,1.6786406125774649,0.09653747124620524,0.36274303561875165,0.9599386802454817,0.2769154670755014,0.9906855189662797,0.22621353752582163,0.21791570820684136,0.2548607123750336,0.5868649069456361,0.06313509305436393,63.135093054363935,0.06313509305436393,63.135093054363935,0.46971302760358746,0.0,0.0,0.030286972396412537,30.286972396412537,True,39.86039974983193,0.0,39.86039974983193,budget_sweep,BO,0.65,28,bo,matern,ei,17395,50,10,0.49284560000523925,0.0667700000340119,0.0033357000211253762,0.5630644001066685,515.3598913936315,5000,4000,1000,0.0004897056860923617,0.22129294749095862,0.4185009399327866,False
2727.0120901861937,0.3747739220229054,0.2402352743049971,2.3815735950379624,0.11136920234844974,0.3663752887277601,0.3505748829103411,0.7850683486368727,0.4006722122999917,0.4605245316793207,0.7123067449483246,0.32750577455520224,0.6116777349904885,0.038322265009511525,38.322265009511526,0.038322265009511525,38.322265009511526,0.4954735586651407,0.0,0.0,0.004526441334859299,4.5264413348593,True,14.685959954592313,0.0,14.685959954592313,budget_sweep,BO,0.65,29,bo,matern,ei,17395,50,10,0.3581662999931723,0.11818380001932383,0.004543100018054247,0.4810116000007838,108.45792653113519,5000,4000,1000,0.0004897056860923617,0.22129294749095862,0.4185009399327866,False
1559.4195243954264,0.1909530296318897,0.41255234431037036,1.0,0.10058736706753454,0.36307011040044873,0.016977006970121805,0.25986579894825634,0.8930066980296297,0.0,0.3529122355844848,0.2614022080089748,0.6494950263939204,0.0005049736060795951,0.5049736060795951,0.0005049736060795951,0.5049736060795951,0.49775218192748666,0.0,0.0,0.002247818072513341,2.247818072513341,True,0.0025499834283703006,0.0,0.0025499834283703006,budget_sweep,BO,0.65,30,bo,matern,ei,17395,50,10,0.28181299997959286,0.12601239990908653,0.004361000028438866,0.41230550000909716,93.82017532781705,5000,4000,1000,0.0004897056860923617,0.22129294749095862,0.4185009399327866,False
3284.8449124506596,0.2725375033174376,0.42481333076631167,1.801354369818791,0.10619644578381576,0.3507494784975359,0.509955689271617,0.4929642951926788,0.9280380879037475,0.2671181232729304,0.539881526127192,0.014989569950718207,0.5997009964358168,0.050299003564183264,50.299003564183266,0.050299003564183264,50.299003564183266,0.47365107571832055,0.0,0.0,0.026348924281679453,26.34892428167945,True,25.299897595497207,0.0,25.299897595497207,budget_sweep,BO,0.65,31,bo,matern,ei,17395,50,10,0.3903909999644384,0.10200060007628053,0.0037723000859841704,0.49629559996537864,132.125968793036,5000,4000,1000,0.0004897056860923617,0.22129294749095862,0.4185009399327866,False
3952.959046362942,0.254754425500742,0.4444035982614303,1.7452420502574242,0.09099814995223213,0.3845158405477048,0.7008454418179835,0.4421555014306914,0.9840102807469437,0.24841401675247476,0.03327166507440438,0.6903168109540967,0.5967319687900358,0.05326803120996426,53.26803120996426,0.05326803120996426,53.26803120996426,0.48712156301866444,0.0,0.0,0.012878436981335561,12.878436981335561,True,28.374831489857268,0.0,28.374831489857268,budget_sweep,BO,0.65,32,bo,matern,ei,17395,50,10,0.5316705000586808,0.12145759991835803,0.004559700028039515,0.6578315999358892,252.8417245863337,5000,4000,1000,0.0004897056860923617,0.22129294749095862,0.4185009399327866,False
1598.461406885399,0.397797433400747,0.4013817078664911,1.004155710660102,0.09867406601690537,0.39995856261933904,0.0281318305386854,0.85084980971642,0.8610905939042602,0.0013852368867006692,0.289135533896846,0.9991712523867804,0.6470017576791349,0.0029982423208650966,2.9982423208650966,0.0029982423208650966,2.9982423208650966,0.518911976099628,0.018911976099628025,18.911976099628024,-0.018911976099628025,-18.911976099628024,False,0.0898945701462652,143.06513599716067,143.15503056730694,budget_sweep,BO,0.65,33,bo,matern,ei,17395,50,10,0.4387037999695167,0.11760230001527816,0.006055000005289912,0.5625396999530494,74.06925439907056,5000,4000,1000,0.0004897056860923617,0.22129294749095862,0.4185009399327866,False
4462.788219028746,0.4444635736079967,0.16330241004840862,3.9405559635338756,0.09006469767852558,0.3538331786106973,0.846510919722499,0.9841816388799908,0.18086402870973894,0.9801853211779585,0.00215658928418605,0.07666357221394582,0.528615311702417,0.12138468829758298,121.38468829758298,0.12138468829758298,121.38468829758298,0.44935187424294964,0.0,0.0,0.050648125757050355,50.64812575705035,True,147.34242553101376,0.0,147.34242553101376,budget_sweep,BO,0.65,34,bo,matern,ei,17395,50,10,0.7386961999582127,0.2883229000726715,0.006924299988895655,1.0340740999672562,124.53310471756306,5000,4000,1000,0.0004897056860923617,0.22129294749095862,0.4185009399327866,False
4879.533893896789,0.4179978983337719,0.244218814549675,3.8295816211440843,0.10879276223863465,0.39354377891794484,0.9655811125419398,0.9085654238107768,0.4120537558562143,0.9431938737146948,0.6264254079544889,0.8708755783588963,0.607429730859949,0.04257026914005102,42.57026914005102,0.04257026914005102,42.57026914005102,0.5135912251787191,0.013591225178719135,13.591225178719135,-0.013591225178719135,-13.591225178719135,False,18.122278146563797,73.88856074345959,92.0108388900234,budget_sweep,BO,0.65,35,bo,matern,ei,17395,50,10,0.9743726999731734,0.19616130006033927,0.006123899947851896,1.1767847000155598,60.10041928378385,5000,4000,1000,0.0004897056860923617,0.22129294749095862,0.4185009399327866,False
4923.101047553844,0.21162164736631078,0.3915487014234107,1.1324438373176395,0.10413759809002221,0.35972683940413613,0.9780288707296697,0.31891899247517363,0.8329962897811733,0.04414794577254655,0.4712532696674073,0.19453678808272323,0.6114875889529283,0.038512411047071704,38.5124110470717,0.038512411047071704,38.5124110470717,0.4740685745157695,0.0,0.0,0.025931425484230497,25.9314254842305,True,14.832058046586106,0.0,14.832058046586106,budget_sweep,BO,0.65,36,bo,matern,ei,17395,50,10,0.47873009997420013,0.14608360000420362,0.007462100009433925,0.6324025999056175,145.95361576281195,5000,4000,1000,0.0004897056860923617,0.22129294749095862,0.4185009399327866,False
3119.4265457164965,0.3320789227811074,0.37559648389332223,1.7389589697864936,0.11998153168436407,0.3506666466830105,0.46269329877614196,0.6630826365174497,0.7874185254094921,0.24631965659549782,0.9993843894788025,0.01333293366021071,0.6296236321587498,0.020376367841250187,20.376367841250186,0.020376367841250187,20.376367841250186,0.4850899585694461,0.0,0.0,0.01491004143055391,14.91004143055391,True,4.151963664019348,0.0,4.151963664019348,budget_sweep,BO,0.65,37,bo,matern,ei,17395,50,10,0.47097270004451275,0.07550530007574707,0.004038400016725063,0.5506363000022247,112.03516101382681,5000,4000,1000,0.0004897056860923617,0.22129294749095862,0.4185009399327866,False
4059.98967522877,0.2336904960986268,0.10472565932369395,1.6144456005023737,0.11128092556446427,0.37197214308336507,0.7314256214939343,0.3819728459960766,0.013501883781982693,0.2048152001674579,0.7093641854821425,0.43944286166730184,0.6269476543880342,0.023052345611965785,23.052345611965784,0.023052345611965785,23.052345611965784,0.4951237064015284,0.0,0.0,0.004876293598471582,4.876293598471582,True,5.314106382135182,0.0,5.314106382135182,budget_sweep,BO,0.65,38,bo,matern,ei,17395,50,10,0.5516436999896541,0.09635130001697689,0.007086300058290362,0.6552150000352412,82.25006211567081,5000,4000,1000,0.0004897056860923617,0.22129294749095862,0.4185009399327866,False
2036.0506303429984,0.41116120751732965,0.3706269616080049,2.5541842123338814,0.09267512064185798,0.37468003130274263,0.1531573229551424,0.8890320214780849,0.7732198903085856,0.5180614041112939,0.08917068806193285,0.49360062605485266,0.576904391511585,0.07309560848841501,73.09560848841501,0.07309560848841501,73.09560848841501,0.4796140049080124,0.0,0.0,0.020385995091987574,20.385995091987574,True,53.429679802916475,0.0,53.429679802916475,budget_sweep,BO,0.65,39,bo,matern,ei,17395,50,10,0.4479524000780657,0.1256450000219047,0.00550720002502203,0.5792511000763625,64.00773851888061,5000,4000,1000,0.0004897056860923617,0.22129294749095862,0.4185009399327866,False
4599.220238700533,0.24388336585157994,0.3586489808676504,1.0359568895843707,0.09310863150362984,0.3774994317155552,0.8854914967715808,0.4110953310045141,0.738997088193287,0.011985629861456903,0.1036210501209951,0.5499886343111048,0.6040840256615451,0.04591597433845496,45.91597433845496,0.04591597433845496,45.91597433845496,0.4801024802683293,0.0,0.0,0.0198975197316707,19.897519731670698,True,21.08276699449654,0.0,21.08276699449654,budget_sweep,BO,0.65,40,bo,matern,ei,17395,50,10,0.4660090000834316,0.08413660002406687,0.009347099927254021,0.5596562999999151,52.89853184590026,5000,4000,1000,0.0004897056860923617,0.22129294749095862,0.4185009399327866,False
3746.1567550427994,0.4488202090988517,0.3629985741422339,1.0191671402219002,0.09918925825564166,0.38674065082741504,0.6417590728693713,0.9966291688538619,0.7514244975492399,0.006389046740633453,0.30630860852138897,0.7348130165483011,0.6221832615954189,0.0278167384045811,27.8167384045811,0.0278167384045811,27.8167384045811,0.49452215980548886,0.0,0.0,0.005477840194511141,5.477840194511141,True,7.7377093546889695,0.0,7.7377093546889695,budget_sweep,BO,0.65,41,bo,matern,ei,17395,50,10,0.2804527999833226,0.10269139998126775,0.005616600043140352,0.38887430005706847,41.43143652590075,5000,4000,1000,0.0004897056860923617,0.22129294749095862,0.4185009399327866,False
1753.783434539818,0.1831955584307821,0.41610360336442775,1.0,0.1039795433581643,0.3591509494490715,0.0725095527256623,0.23770159551652037,0.9031531524697938,0.0,0.4659847786054767,0.18301898898143032,0.6505988524307006,0.0005988524307005694,0.5988524307005694,0.0,0.0,0.4946695735990789,0.0,0.0,0.005330426400921073,5.330426400921073,True,0.0035862423375598025,0.0,0.0035862423375598025,budget_sweep,BO,0.65,42,bo,matern,ei,17395,50,10,0.28385320003144443,0.10929480008780956,0.004730299930088222,0.3979855999350548,36.45588693933405,5000,4000,1000,0.0004897056860923617,0.22129294749095862,0.4185009399327866,False
3292.2977058224305,0.2714149707604396,0.2126377726920382,1.065491047499774,0.10226679379376652,0.3941323506408588,0.5120850588064088,0.4897570593155417,0.3218222076915378,0.021830349166591323,0.4088931264588842,0.8826470128171748,0.6444825280912072,0.005517471908792815,5.517471908792815,0.005517471908792815,5.517471908792815,0.5101261104430937,0.01012611044309375,10.12611044309375,-0.01012611044309375,-10.12611044309375,False,0.30442496264317825,41.01524508229292,41.319670044936096,budget_sweep,BO,0.65,43,bo,matern,ei,17395,50,10,0.3400294000748545,0.15016110008582473,0.004705999977886677,0.4950095999520272,37.600596429408625,5000,4000,1000,0.0004897056860923617,0.22129294749095862,0.4185009399327866,False
4762.061679740878,0.3732453138552625,0.10736833711650103,2.3588642059859137,0.11754693948791907,0.3519916176877298,0.9320176227831081,0.7807008967293213,0.021052391761431477,0.45295473532863795,0.9182313162639691,0.03983235375459593,0.6011827530052712,0.04881724699472878,48.81724699472878,0.04881724699472878,48.81724699472878,0.48420365790859277,0.0,0.0,0.015796342091407234,15.796342091407233,True,23.83123604144356,0.0,23.83123604144356,budget_sweep,BO,0.65,44,bo,matern,ei,17395,50,10,0.43584789999295026,0.12551440007518977,0.005703700007870793,0.5671849000500515,40.292071678055585,5000,4000,1000,0.0004897056860923617,0.22129294749095862,0.4185009399327866,False
2785.7399514870167,0.44154453796585436,0.42466086196596387,1.0997648882115318,0.11263507036003248,0.350795422770163,0.3673542718534334,0.9758415370452982,0.9276024627598969,0.03325496273717732,0.7545023453344163,0.01590845540326058,0.6208101951616474,0.02918980483835265,29.18980483835265,0.02918980483835265,29.18980483835265,0.47624323685074876,0.0,0.0,0.023756763149251237,23.756763149251235,True,8.520447065011158,0.0,8.520447065011158,budget_sweep,BO,0.65,45,bo,matern,ei,17395,50,10,0.287292999913916,0.130754700046964,0.005062799900770187,0.42323830001987517,33.74644229969434,5000,4000,1000,0.0004897056860923617,0.22129294749095862,0.4185009399327866,False
4729.49329233104,0.3217711684465219,0.16365695561984456,1.012744413037709,0.11645721634132533,0.35111638904722464,0.9227123692374399,0.6336319098472055,0.1818770160566987,0.0042481376792363745,0.8819072113775112,0.02232778094449306,0.6264849914707471,0.023515008529252923,23.515008529252924,0.023515008529252923,23.515008529252924,0.4777382369648202,0.0,0.0,0.022261763035179793,22.261763035179793,True,5.529556261308377,0.0,5.529556261308377,budget_sweep,BO,0.65,46,bo,matern,ei,17395,50,10,0.4203259999630973,0.12913330004084855,0.006526699988171458,0.5561090999981388,88.07325395877662,5000,4000,1000,0.0004897056860923617,0.22129294749095862,0.4185009399327866,False
4063.5052407121975,0.34607916010270723,0.1342407313115672,1.0823500277611044,0.11783340976990415,0.3565349658110892,0.7324300687749136,0.7030833145791635,0.09783066089019199,0.027450009253701446,0.927780325663472,0.13069931622178432,0.633834948134019,0.01616505186598105,16.16505186598105,0.01616505186598105,16.16505186598105,0.48563267635723784,0.0,0.0,0.014367323642762164,14.367323642762164,True,2.613089018298574,0.0,2.613089018298574,budget_sweep,BO,0.65,47,bo,matern,ei,17395,50,10,0.34433670004364103,0.1473731999285519,0.005282500060275197,0.4971229999791831,35.64518190714697,5000,4000,1000,0.0004897056860923617,0.22129294749095862,0.4185009399327866,False
1838.7087353086945,0.3435590390222805,0.237573187967451,1.2058559306024157,0.0998138123163575,0.3647339899015012,0.09677392437391275,0.6958829686350873,0.39306625133557427,0.0686186435341386,0.3271270772119169,0.29467979803002353,0.6128168965783958,0.03718310342160425,37.183103421604244,0.03718310342160425,37.183103421604244,0.48452259494950267,0.0,0.0,0.015477405050497328,15.477405050497328,True,13.825831800617175,0.0,13.825831800617175,budget_sweep,BO,0.65,48,bo,matern,ei,17395,50,10,0.2690593999577686,0.11611090006772429,0.006854699924588203,0.39214210002683103,54.8094834718502,5000,4000,1000,0.0004897056860923617,0.22129294749095862,0.4185009399327866,False
4414.817905145148,0.21435808288680144,0.19082364751709402,1.3487107525646962,0.09379193004189565,0.37122209959631386,0.8328051157557566,0.32673737967657557,0.2594961357631258,0.1162369175215654,0.12639766806318853,0.4244419919262772,0.5917517303532003,0.058248269646799744,58.24826964679974,0.058248269646799744,58.24826964679974,0.4747859511571232,0.0,0.0,0.025214048842876813,25.214048842876814,True,33.92860916846292,0.0,33.92860916846292,budget_sweep,BO,0.65,49,bo,matern,ei,17395,50,10,0.40581449994351715,0.11464330006856471,0.005859399912878871,0.5264279000693932,27.416996749910854,5000,4000,1000,0.0004897056860923617,0.22129294749095862,0.4185009399327866,False
3044.142496931984,0.4454771285653938,0.33305442327735146,3.7277397772160166,0.09005943125222476,0.3904392634509095,0.4411835705519954,0.9870775101868395,0.6658697807924329,0.9092465924053388,0.0019810417408255843,0.8087852690181898,0.5697337055128913,0.08026629448710876,80.26629448710875,0.08026629448710876,80.26629448710875,0.4875751048208976,0.0,0.0,0.012424895179102391,12.424895179102391,True,64.42678030691266,0.0,64.42678030691266,budget_sweep,BO,0.65,50,bo,matern,ei,17395,50,10,0.3816530000185594,0.18406040000263602,0.007253500050865114,0.5731021999381483,40.044771104775386,5000,4000,1000,0.0004897056860923617,0.22129294749095862,0.4185009399327866,False
4159.796679732415,0.3089298301861576,0.13984419855956987,2.7460004893137446,0.10204042409111592,0.36837091711990766,0.7599419084949757,0.5969423719604504,0.11384056731305672,0.5820001631045815,0.40134746970386415,0.3674183423981534,0.5838669925895876,0.06613300741041239,66.13300741041239,0.06613300741041239,66.13300741041239,0.500366576632892,0.0003665766328919684,0.3665766328919684,-0.0003665766328919684,-0.3665766328919684,False,43.7357466914566,0.05375137111296519,43.789498062569564,main,BO,0.65,1,initial_lhs,matern,ei,13347,100,20,0.42410689999815077,0.0,0.0,0.42415039998013526,,0,0,0,43.789498062569564,,,True
3239.456244414998,0.2586711324048039,0.3033018596034541,2.363834023917423,0.0995108860145807,0.3700279738536001,0.49698749840428513,0.45334609258515385,0.580862456009869,0.45461134130580766,0.3170295338193571,0.40055947707200146,0.5939691875402314,0.0560308124597686,56.0308124597686,0.0560308124597686,56.0308124597686,0.5046189326042549,0.004618932604254944,4.618932604254944,-0.004618932604254944,-4.618932604254944,False,31.3945194490176,8.533815361059743,39.928334810077345,main,BO,0.65,2,initial_lhs,matern,ei,13347,100,20,0.40862679993733764,0.0,0.0,0.4086726000532508,,0,0,0,39.928334810077345,,,True
2842.0869316683284,0.21921485439506105,0.37945831635667304,3.7015369550528447,0.09042299704338294,0.3924452144220574,0.38345340904809383,0.34061386970017443,0.7984523324476374,0.9005123183509482,0.014099901446098318,0.848904288441147,0.5836648548086727,0.06633514519132733,66.33514519132733,0.06633514519132733,66.33514519132733,0.5555712738915249,0.05557127389152494,55.57127389152494,-0.05557127389152494,-55.57127389152494,False,44.00351487554477,1235.2665927707524,1279.2701076462972,main,BO,0.65,3,initial_lhs,matern,ei,13347,100,20,0.452077699941583,0.0,0.0,0.4521234000567347,,0,0,0,39.928334810077345,,,False
3641.708735568769,0.19108709783166605,0.42092535489785354,3.333292875901561,0.10155526634288917,0.397375252121318,0.6119167815910769,0.26024885094761724,0.9169295854224387,0.7777642919671871,0.38517554476297244,0.9475050424263604,0.6154345510947481,0.03456544890525193,34.56544890525193,0.03456544890525193,34.56544890525193,0.6008888527954689,0.10088885279546889,100.88885279546889,-0.10088885279546889,-100.88885279546889,False,11.947702580215816,4071.424247354316,4083.3719499345316,main,BO,0.65,4,initial_lhs,matern,ei,13347,100,20,0.47806320001836866,0.0,0.0,0.4781028999714181,,0,0,0,39.928334810077345,,,False
4581.159922758572,0.4422556741447937,0.10422576932545934,2.077946303012104,0.1162386153782202,0.3799908377612118,0.8803314065024491,0.9778733546994106,0.012073626644169532,0.359315434337368,0.8746205126073401,0.599816755224235,0.6283265293461835,0.02167347065381653,21.67347065381653,0.02167347065381653,21.67347065381653,0.5034935613993262,0.003493561399326217,3.493561399326217,-0.003493561399326217,-3.493561399326217,False,4.697393301818463,4.881988500344862,9.579381802163326,main,BO,0.65,5,initial_lhs,matern,ei,13347,100,20,0.33139279996976256,0.0,0.0,0.3314359000651166,,0,0,0,9.579381802163326,,,True
1864.446251523916,0.10878043200882853,0.38305123548563447,1.8131773952027426,0.11830500741187384,0.3889044446324002,0.10412750043540456,0.02508694859665292,0.8087178156732413,0.27105913173424756,0.9435002470624617,0.778088892648004,0.7013450557276597,0.05134505572765968,51.345055727659684,0.0,0.0,0.5696465207387384,0.06964652073873845,69.64652073873845,-0.06964652073873845,-69.64652073873845,False,26.36314747676478,1940.2551404046098,1966.6182878813747,main,BO,0.65,6,initial_lhs,matern,ei,13347,100,20,0.33003119996283203,0.0,0.0,0.3300762999569997,,0,0,0,9.579381802163326,,,False
4444.372018840557,0.4214313121059372,0.2704489386360498,1.159054820074667,0.11077314293242128,0.36258660696830464,0.8412491482401592,0.9183751774455349,0.48699696753157085,0.0530182733582224,0.6924380977473764,0.2517321393660929,0.6197551180125525,0.03024488198744757,30.24488198744757,0.03024488198744757,30.24488198744757,0.4818362914045056,0.0,0.0,0.018163708595494377,18.163708595494377,True,9.147528864346304,0.0,9.147528864346304,main,BO,0.65,7,initial_lhs,matern,ei,13347,100,20,0.3095043000066653,0.0,0.0,0.30955120001453906,,0,0,0,9.147528864346304,30.24488198744757,18.163708595494377,True
1525.9672643361046,0.1341235581748022,0.2572813865280863,2.019651940874587,0.10894986059087858,0.3593900773677109,0.007419218381744192,0.0974958804994349,0.44937539008024646,0.3398839802915291,0.6316620196959529,0.18780154735421864,0.6499751460778666,2.485392213347204e-05,0.02485392213347204,2.485392213347204e-05,0.02485392213347204,0.5730811171052129,0.07308111710521292,73.08111710521293,-0.07308111710521292,-73.08111710521293,False,6.1771744541669136e-06,2136.3398709383378,2136.339877115512,main,BO,0.65,8,initial_lhs,matern,ei,13347,100,20,0.31283529999200255,0.0,0.0,0.3128840000135824,,0,0,0,9.147528864346304,30.24488198744757,18.163708595494377,False
2603.9667708197476,0.3195627989780832,0.4139547966366638,2.8090506440856293,0.09317870829341268,0.3731529951315178,0.3154190773770708,0.6273222827945235,0.8970137046761822,0.6030168813618764,0.1059569431137561,0.4630599026303558,0.5775278928443248,0.0724721071556752,72.4721071556752,0.0724721071556752,72.4721071556752,0.49509167518841996,0.0,0.0,0.004908324811580045,4.908324811580044,True,52.52206315583668,0.0,52.52206315583668,main,BO,0.65,9,initial_lhs,matern,ei,13347,100,20,0.37324760004412383,0.0,0.0,0.37329199991654605,,0,0,0,9.147528864346304,30.24488198744757,18.163708595494377,False
2527.2043199869104,0.15923305195800475,0.22358515694453812,1.7262241770751603,0.09529003758105488,0.3770116074339938,0.29348694856768864,0.16923729130858495,0.35310044841296606,0.2420747256917201,0.1763345860351628,0.5402321486798767,0.6109630045291222,0.0390369954708778,39.0369954708778,0.0390369954708778,39.0369954708778,0.4978936630702792,0.0,0.0,0.002106336929720787,2.106336929720787,True,15.23887015393334,0.0,15.23887015393334,main,BO,0.65,10,initial_lhs,matern,ei,13347,100,20,0.34902269998565316,0.0,0.0,0.34906559996306896,,0,0,0,9.147528864346304,30.24488198744757,18.163708595494377,False
2202.1312659053183,0.3443722473808271,0.17019155281817944,3.8904243636683393,0.1054703529415512,0.3608709433607643,0.20060893311580524,0.6982064210880775,0.20054729376622699,0.9634747878894464,0.5156784313850401,0.217418867215286,0.5785882332645139,0.0714117667354861,71.41176673548611,0.0714117667354861,71.41176673548611,0.489784422424626,0.0,0.0,0.010215577575374002,10.215577575374002,True,50.996404282834796,0.0,50.996404282834796,main,BO,0.65,11,initial_lhs,matern,ei,13347,100,20,0.37481549999210984,0.0,0.0,0.3748569000745192,,0,0,0,9.147528864346304,30.24488198744757,18.163708595494377,False
3567.4141357101735,0.27776700930304266,0.15761087602587703,3.694947457872349,0.09286010526243987,0.3930480661611843,0.5906897530600496,0.5079057408658361,0.16460250293107725,0.898315819290783,0.09533684208132905,0.860961323223686,0.5836977607083128,0.06630223929168721,66.30223929168721,0.06630223929168721,66.30223929168721,0.5312120136942949,0.031212013694294938,31.21201369429494,-0.031212013694294938,-31.21201369429494,False,43.95986935092152,389.6759195411419,433.63578889206343,main,BO,0.65,12,initial_lhs,matern,ei,13347,100,20,0.4535413000266999,0.0,0.0,0.4535801000893116,,0,0,0,9.147528864346304,30.24488198744757,18.163708595494377,False
2975.6651213495916,0.399662019053037,0.12658027357227725,2.2354137503900473,0.09815828908175182,0.3810738155342988,0.42161860609988333,0.8561771972943915,0.075943638777935,0.41180458346334914,0.2719429693917276,0.6214763106859764,0.5948165493302895,0.05518345066971053,55.18345066971053,0.05518345066971053,55.18345066971053,0.48978960243809344,0.0,0.0,0.010210397561906559,10.210397561906559,True,30.452132278163752,0.0,30.452132278163752,main,BO,0.65,13,initial_lhs,matern,ei,13347,100,20,0.31988369999453425,0.0,0.0,0.3199282999848947,,0,0,0,9.147528864346304,30.24488198744757,18.163708595494377,False
3971.2973574644816,0.1807877390351133,0.3272403174497776,1.5440615831520712,0.10399404931643282,0.3522336625903171,0.7060849592755661,0.23082211152889515,0.6492580498565075,0.1813538610506904,0.4664683105477607,0.04467325180634167,0.5992112161182621,0.05078878388173791,50.788783881737906,0.05078878388173791,50.788783881737906,0.468703743565912,0.0,0.0,0.03129625643408801,31.29625643408801,True,25.7950056818588,0.0,25.7950056818588,main,BO,0.65,14,initial_lhs,matern,ei,13347,100,20,0.4074188000522554,0.0,0.0,0.40746999997645617,,0,0,0,9.147528864346304,30.24488198744757,18.163708595494377,False
4681.91947298414,0.24352143413470112,0.29223078357504817,1.3229038561207471,0.11240399138166748,0.3562330753654043,0.90911984942404,0.41006124038486036,0.5492308102144233,0.10763461870691571,0.7467997127222499,0.12466150730808583,0.6211405465147574,0.02885945348524266,28.85945348524266,0.02885945348524266,28.85945348524266,0.47946425247561686,0.0,0.0,0.02053574752438314,20.53574752438314,True,8.328680554668846,0.0,8.328680554668846,main,BO,0.65,15,initial_lhs,matern,ei,13347,100,20,0.41860380000434816,0.0,0.0,0.4186506000114605,,0,0,0,8.328680554668846,28.85945348524266,20.53574752438314,True
3407.313189848269,0.34801664600463056,0.3468485895703051,2.504031238687409,0.10703800045335804,0.3987306335049433,0.5449466256709339,0.7086189885846589,0.7052816844865861,0.5013437462291362,0.5679333484452682,0.9746126700988654,0.6325472624591675,0.01745273754083254,17.45273754083254,0.01745273754083254,17.45273754083254,0.5283769195599922,0.02837691955999222,28.37691955999222,-0.02837691955999222,-28.37691955999222,False,3.045980476691855,322.09982548570764,325.1458059623995,main,BO,0.65,16,initial_lhs,matern,ei,13347,100,20,0.382392100058496,0.0,0.0,0.3824435999849811,,0,0,0,8.328680554668846,28.85945348524266,20.53574752438314,False
1748.9872393373814,0.226619050651444,0.4402515916520021,1.0375806304685509,0.09628797335175024,0.3655894487417594,0.07113921123925182,0.36176871614698286,0.9721474047200059,0.012526876822850303,0.20959911172500809,0.31178897483518864,0.6295913608079569,0.020408639192043165,20.408639192043164,0.020408639192043165,20.408639192043164,0.48902162192399945,0.0,0.0,0.01097837807600055,10.97837807600055,True,4.165125536710003,0.0,4.165125536710003,main,BO,0.65,17,initial_lhs,matern,ei,13347,100,20,0.28300639998633415,0.0,0.0,0.2830526001052931,,0,0,0,4.165125536710003,20.408639192043164,10.97837807600055,True
4917.893602885022,0.3902830239538151,0.2096133614755773,3.4771558347528027,0.11499666908375657,0.38690978406272586,0.9765410293957206,0.8293800684394718,0.3131810327873637,0.8257186115842675,0.8332223027918856,0.7381956812545168,0.6154124675926411,0.0345875324073589,34.5875324073589,0.0345875324073589,34.5875324073589,0.5197236923430806,0.01972369234308058,19.72369234308058,-0.01972369234308058,-19.72369234308058,False,11.962973980301022,155.6096158577982,167.57258983809922,main,BO,0.65,18,initial_lhs,matern,ei,13347,100,20,0.44314280000980943,0.0,0.0,0.44318760000169277,,0,0,0,4.165125536710003,20.408639192043164,10.97837807600055,False
2190.116499525662,0.37639643437165315,0.20257681322852517,3.1248218718973693,0.11284117252823853,0.38399515108859233,0.19717614272161782,0.7897040982047233,0.2930766092243576,0.7082739572991231,0.7613724176079512,0.6799030217718465,0.6241478961070532,0.025852103892946787,25.852103892946786,0.025852103892946787,25.852103892946786,0.5131194036672967,0.013119403667296692,13.119403667296691,-0.013119403667296692,-13.119403667296691,False,6.683312756917144,68.84750103419115,75.5308137911083,main,BO,0.65,19,initial_lhs,matern,ei,13347,100,20,0.33753860008437186,0.0,0.0,0.33758229995146394,,0,0,0,4.165125536710003,20.408639192043164,10.97837807600055,False
3829.554577989904,0.13630424704331812,0.3448245695267374,2.9806031622908398,0.11912686891676405,0.3536842691198709,0.6655870222828297,0.10372642012376607,0.6994987700763926,0.6602010540969466,0.9708956305588018,0.07368538239741781,0.611181231110663,0.038818768889336996,38.818768889336994,0.038818768889336996,38.818768889336994,0.587530959887886,0.08753095988788595,87.53095988788596,-0.08753095988788595,-87.53095988788596,False,15.06896818083758,3064.667575557879,3079.7365437387166,main,BO,0.65,20,initial_lhs,matern,ei,13347,100,20,0.48121030000038445,0.0,0.0,0.4812548999907449,,0,0,0,4.165125536710003,20.408639192043164,10.97837807600055,False
4815.5487805412595,0.208610382639004,0.3229624255510649,1.6284392874075972,0.09215267358768937,0.36283688934108616,0.9472996515832169,0.31031537896858286,0.6370355015744712,0.20947976246919908,0.0717557862563124,0.256737786821723,0.5759418264948256,0.07405817350517441,74.05817350517441,0.07405817350517441,74.05817350517441,0.4638756766562705,0.0,0.0,0.0361243233437295,36.1243233437295,True,54.846130629225165,0.0,54.846130629225165,main,BO,0.65,21,bo,matern,ei,13347,100,20,0.4260974999051541,0.04208190005738288,0.00317949999589473,0.4714504999574274,395.99572220922573,5000,4000,1000,4.165125536710003,20.408639192043164,10.97837807600055,False
1721.9467306976524,0.14897883451165445,0.44999999999999996,1.0,0.09450459756075534,0.3675101215693057,0.06341335162790068,0.13993952717615551,1.0,0.0,0.1501532520251782,0.3502024313861142,0.6386511024788091,0.011348897521190948,11.348897521190949,0.011348897521190948,11.348897521190949,0.4929634148265546,0.0,0.0,0.007036585173445409,7.036585173445409,True,1.2879747494649405,0.0,1.2879747494649405,main,BO,0.65,22,bo,matern,ei,13347,100,20,0.2900837000925094,0.06409680005162954,0.003692799946293235,0.35800889995880425,423.59159459224526,5000,4000,1000,1.2879747494649405,11.348897521190949,7.036585173445409,True
3920.1378409380986,0.2772450471575849,0.19800310394293186,1.7815745614767307,0.09974013468157458,0.35888155070114164,0.6914679545537424,0.5064144204502427,0.2800088684083767,0.2605248538255769,0.3246711560524863,0.17763101402283288,0.5858363140761346,0.06416368592386545,64.16368592386546,0.06416368592386545,64.16368592386546,0.47120348288368846,0.0,0.0,0.028796517116311537,28.796517116311538,True,41.1697859133645,0.0,41.1697859133645,main,BO,0.65,23,bo,matern,ei,13347,100,20,0.3959057000465691,0.03419390006456524,0.003060600021854043,0.43325669993646443,350.8984423075359,5000,4000,1000,1.2879747494649405,11.348897521190949,7.036585173445409,False
2173.283012920117,0.44329658562572705,0.40294104398300734,3.362329081010312,0.09772141098079902,0.3551652117255546,0.1923665751200334,0.9808473875020773,0.8655458399514496,0.7874430270034374,0.2573803660266343,0.10330423451109216,0.558123751154612,0.09187624884538803,91.87624884538803,0.09187624884538803,91.87624884538803,0.4634104377392275,0.0,0.0,0.03658956226077248,36.58956226077248,True,84.41245101899665,0.0,84.41245101899665,main,BO,0.65,24,bo,matern,ei,13347,100,20,0.33052560000214726,0.07675800006836653,0.003119400003924966,0.41050570004153997,324.7692431133806,5000,4000,1000,1.2879747494649405,11.348897521190949,7.036585173445409,False
2730.6919038644937,0.19541123975089314,0.2621178846672356,1.2935363903051837,0.10045210218812953,0.36897581051125333,0.3516262582469982,0.27260354214540894,0.4631939561921017,0.09784546343506129,0.3484034062709843,0.37951621022506665,0.6205923496148196,0.02940765038518045,29.40765038518045,0.02940765038518045,29.40765038518045,0.48714574957705026,0.0,0.0,0.012854250422949742,12.854250422949743,True,8.64809901177004,0.0,8.64809901177004,main,BO,0.65,25,bo,matern,ei,13347,100,20,0.34103860007598996,0.08294570003636181,0.003624300006777048,0.4277122999774292,306.74390874355953,5000,4000,1000,1.2879747494649405,11.348897521190949,7.036585173445409,False
3322.9223207435944,0.4470114024897277,0.14940189706819867,1.5283542827402967,0.09181699085376491,0.35105461248657843,0.5208349487838841,0.9914611499706507,0.14114827733771051,0.1761180942467656,0.06056636179216357,0.021092249731568757,0.5569386901170236,0.09306130988297645,93.06130988297645,0.09306130988297645,93.06130988297645,0.4509043541409776,0.0,0.0,0.049095645859022374,49.095645859022376,True,86.60407397135369,0.0,86.60407397135369,main,BO,0.65,26,bo,matern,ei,13347,100,20,0.27516359998844564,0.08962689992040396,0.0034238999942317605,0.3683213999029249,289.1512539146013,5000,4000,1000,1.2879747494649405,11.348897521190949,7.036585173445409,False
3781.501165828672,0.361523033680885,0.35979593857323033,3.991055869466861,0.0904285509830949,0.38880981902388284,0.6518574759510491,0.7472086676596715,0.7422741102092296,0.9970186231556203,0.01428503276982973,0.776196380477657,0.5705047076900015,0.07949529230999852,79.49529230999852,0.07949529230999852,79.49529230999852,0.49821366228345804,0.0,0.0,0.0017863377165419636,1.7863377165419636,True,63.1950149945211,0.0,63.1950149945211,main,BO,0.65,27,bo,matern,ei,13347,100,20,0.4379412999842316,0.06839080003555864,0.0033087999327108264,0.5097946999594569,253.0045260523383,5000,4000,1000,1.2879747494649405,11.348897521190949,7.036585173445409,False
4543.489179182176,0.44989315271192587,0.22668205596419452,2.243750063662726,0.09900598152401956,0.3902884120883815,0.8695683369091931,0.999694722034074,0.36194873132627003,0.414583354554242,0.30019938413398517,0.80576824176763,0.6012695289432824,0.04873047105671757,48.730471056717576,0.04873047105671757,48.730471056717576,0.4954080942268756,0.0,0.0,0.004591905773124405,4.591905773124405,True,23.74658809409589,0.0,23.74658809409589,main,BO,0.65,28,bo,matern,ei,13347,100,20,0.3406181000173092,0.04583509999793023,0.004054200020618737,0.3906166999367997,224.59915427350478,5000,4000,1000,1.2879747494649405,11.348897521190949,7.036585173445409,False
4871.55650418533,0.3639665447484087,0.15229043319540533,1.0199712917087975,0.09182066978938523,0.36979600572346955,0.9633018583386658,0.7541901278525965,0.1494012377011581,0.006657097236265841,0.060688992979507805,0.3959201144693909,0.5849047561040492,0.06509524389595078,65.09524389595079,0.06509524389595078,65.09524389595079,0.46885586629316384,0.0,0.0,0.031144133706836163,31.144133706836165,True,42.37390777873317,0.0,42.37390777873317,main,BO,0.65,29,bo,matern,ei,13347,100,20,0.36958499997854233,0.053836600040085614,0.0035513000329956412,0.4270766000263393,231.97216802082787,5000,4000,1000,1.2879747494649405,11.348897521190949,7.036585173445409,False
1545.5444005498543,0.33328011079813613,0.35388094030229256,1.0517397209987418,0.11533873970663301,0.3832900052119664,0.013012685871386931,0.6665146022803891,0.7253741151494072,0.017246573666247267,0.8446246568877673,0.6658001042393271,0.6819984903054362,0.03199849030543622,31.99849030543622,0.0,0.0,0.527296835818004,0.027296835818004017,27.296835818004016,-0.027296835818004017,-27.296835818004016,False,10.23903381827096,298.0468982700268,308.2859320882978,main,BO,0.65,30,bo,matern,ei,13347,100,20,0.2517644999315962,0.0713242000201717,0.004742400022223592,0.3279416000004858,210.60176051793377,5000,4000,1000,1.2879747494649405,11.348897521190949,7.036585173445409,False
1989.3265626647228,0.12997683190718848,0.40018195224914,1.3963520501268063,0.09003334387686321,0.3822124491251323,0.13980758933277793,0.08564809116339567,0.8576627207118286,0.13211735004226877,0.001111462562107035,0.6442489825026455,0.6242999415389054,0.025700058461094577,25.700058461094578,0.025700058461094577,25.700058461094578,0.49658518655517275,0.0,0.0,0.003414813444827247,3.414813444827247,True,6.604930049036789,0.0,6.604930049036789,main,BO,0.65,31,bo,matern,ei,13347,100,20,0.3058938999893144,0.07705060008447617,0.0038183000870049,0.386876100092195,191.91126938914388,5000,4000,1000,1.2879747494649405,11.348897521190949,7.036585173445409,False
4030.548922672354,0.3748220489707884,0.1585738410639212,3.408353655408075,0.10214170813719953,0.35965286144367736,0.7230139779063869,0.7852058542022526,0.16735383161120343,0.8027845518026916,0.4047236045733179,0.19305722887354793,0.5666520931712409,0.08334790682875914,83.34790682875915,0.08334790682875914,83.34790682875915,0.480298501172559,0.0,0.0,0.01970149882744099,19.70149882744099,True,69.46873572735514,0.0,69.46873572735514,main,BO,0.65,32,bo,matern,ei,13347,100,20,0.4323697000509128,0.07351159991230816,0.0037386000622063875,0.5097295000450686,180.75225482580763,5000,4000,1000,1.2879747494649405,11.348897521190949,7.036585173445409,False
1761.2712469947055,0.28981158112946914,0.21972975120246674,2.2610390476385294,0.09127387787720469,0.35525832572714844,0.07464892771277298,0.5423188032270547,0.3420850034356192,0.4203463492128431,0.042462595906823,0.10516651454296899,0.5701095460489299,0.07989045395107008,79.89045395107009,0.07989045395107008,79.89045395107009,0.4807526712722949,0.0,0.0,0.019247328727705126,19.247328727705128,True,63.82484632508049,0.0,63.82484632508049,main,BO,0.65,33,bo,matern,ei,13347,100,20,0.3159937000600621,0.11838060000445694,0.004642700077965856,0.43912410002667457,182.5804367611517,5000,4000,1000,1.2879747494649405,11.348897521190949,7.036585173445409,False
4003.197439102846,0.4496827790340565,0.4252032938377358,1.1662931873051257,0.11917698310922942,0.3608767053857931,0.7151992683150988,0.9990936543830188,0.9291522681078166,0.05543106243504192,0.972566103640981,0.21753410771586157,0.6409169564416943,0.009083043558305692,9.083043558305693,0.009083043558305692,9.083043558305693,0.48963434947857504,0.0,0.0,0.010365650521424963,10.365650521424962,True,0.8250168028207854,0.0,0.8250168028207854,main,BO,0.65,34,bo,matern,ei,13347,100,20,0.28036239999346435,0.039116399944759905,0.0037001000018790364,0.3232880999566987,185.30407840214804,5000,4000,1000,0.8250168028207854,9.083043558305693,10.365650521424962,True
1863.399420217629,0.4432284279211598,0.3107334483222737,2.8064078812337696,0.11784669967063785,0.3652201031891639,0.10382840577646546,0.9806526512033138,0.6020955666350676,0.6021359604112565,0.9282233223545949,0.30440206378327883,0.6165014290032067,0.03349857099679332,33.49857099679332,0.03349857099679332,33.49857099679332,0.49796444179202554,0.0,0.0,0.002035558207974464,2.035558207974464,True,11.221542588272026,0.0,11.221542588272026,main,BO,0.65,35,bo,matern,ei,13347,100,20,0.2904744999250397,0.11001200007740408,0.004006100003607571,0.4046097999671474,152.81231871652665,5000,4000,1000,0.8250168028207854,9.083043558305693,10.365650521424962,False
4785.8323470842315,0.44974907556634547,0.2521491469331445,1.0154526776125044,0.10364807825628428,0.3982943035012709,0.9388092420240661,0.9992830730467013,0.43471184838041277,0.00515089253750145,0.4549359418761425,0.9658860700254172,0.6399825636222333,0.010017436377766753,10.017436377766753,0.010017436377766753,10.017436377766753,0.5090215147550742,0.009021514755074178,9.021514755074179,-0.009021514755074178,-9.021514755074179,False,1.0034903158260469,32.55509139040844,33.55858170623449,main,BO,0.65,36,bo,matern,ei,13347,100,20,0.28687640000134706,0.0843724999576807,0.004800900002010167,0.37615509994793683,163.48014449845394,5000,4000,1000,0.8250168028207854,9.083043558305693,10.365650521424962,False
3191.4928344931714,0.42617740817525374,0.3636253698815025,2.618645786396738,0.09091630189262728,0.35207645409998656,0.4832836669980489,0.9319354519292965,0.7532153425185788,0.5395485954655792,0.030543396420909308,0.04152908199973171,0.5449130344745758,0.10508696552542418,105.08696552542418,0.10508696552542418,105.08696552542418,0.45086657100367644,0.0,0.0,0.04913342899632356,49.13342899632356,True,110.43270323341689,0.0,110.43270323341689,main,BO,0.65,37,bo,matern,ei,13347,100,20,0.3393465999979526,0.09186069993302226,0.004239300033077598,0.43555499997455627,148.31395402126495,5000,4000,1000,0.8250168028207854,9.083043558305693,10.365650521424962,False
3155.0808594976675,0.2764454199436559,0.30500521862312846,1.0077360200068775,0.09053791897578785,0.3922547185328151,0.47288024557076214,0.5041297712675884,0.5857291960660814,0.0025786733356257807,0.017930632526261703,0.8450943706563028,0.6176382911041443,0.03236170889585577,32.36170889585577,0.03236170889585577,32.36170889585577,0.4956055886204212,0.0,0.0,0.0043944113795788,4.3944113795788,True,10.472802026601103,0.0,10.472802026601103,main,BO,0.65,38,bo,matern,ei,13347,100,20,0.33815389999654144,0.1015188000164926,0.0062191999750211835,0.4460105000762269,145.78162493922957,5000,4000,1000,0.8250168028207854,9.083043558305693,10.365650521424962,False
3752.7169209374197,0.4463629755334333,0.29927177239614244,3.9909870132618113,0.10468608306892593,0.3936968747135789,0.6436334059821199,0.9896085015240952,0.5693479211318355,0.9969956710872704,0.4895361022975314,0.8739374942715776,0.5985586382772834,0.05144136172271663,51.44136172271663,0.05144136172271663,51.44136172271663,0.5051239592938378,0.005123959293837799,5.123959293837799,-0.005123959293837799,-5.123959293837799,False,26.46213695887375,10.501983537962701,36.96412049683645,main,BO,0.65,39,bo,matern,ei,13347,100,20,0.3970463000005111,0.0916983000934124,0.005551000009290874,0.4944109000498429,135.25714581329794,5000,4000,1000,0.8250168028207854,9.083043558305693,10.365650521424962,False
3044.93894195766,0.2621281732616536,0.12672651223240816,3.999164560859028,0.09829607614749777,0.35097338440756637,0.4414111262736171,0.46322335217615307,0.07636146352116613,0.9997215202863426,0.27653587158325943,0.019467688151328044,0.5511685837378687,0.09883141626213132,98.83141626213133,0.09883141626213132,98.83141626213133,0.5034623747425607,0.0034623747425607254,3.4623747425607254,-0.0034623747425607254,-3.4623747425607254,False,97.67648840378673,4.79521554316898,102.47170394695571,main,BO,0.65,40,bo,matern,ei,13347,100,20,0.4399305999977514,0.10311379993800074,0.005070400075055659,0.5482247000327334,255.67315133993287,5000,4000,1000,0.8250168028207854,9.083043558305693,10.365650521424962,False
1516.6422167445633,0.24016395452827696,0.3308654162088738,2.020152465930605,0.11981169162961684,0.36857519571575037,0.004754919069875241,0.4004684415093628,0.6596154748824966,0.3400508219768684,0.9937230543205617,0.3715039143150072,0.6710126329065601,0.02101263290656008,21.01263290656008,0.0,0.0,0.5498916313385064,0.04989163133850638,49.89163133850638,-0.04989163133850638,-49.89163133850638,False,4.415307416658515,995.6699510469728,1000.0852584636312,main,BO,0.65,41,bo,matern,ei,13347,100,20,0.30763120006304234,0.10107739991508424,0.005281400051899254,0.41409919993020594,164.99507714937369,5000,4000,1000,0.8250168028207854,9.083043558305693,10.365650521424962,False
4635.646375565615,0.17891384547545885,0.235806647581742,2.3971039957552405,0.09014412448439725,0.37340733199545123,0.8958989644473184,0.2254681299298824,0.38801899309069143,0.46570133191841345,0.00480414947990826,0.46814663990902483,0.5711970503284091,0.07880294967159096,78.80294967159097,0.07880294967159096,78.80294967159097,0.4932721713104686,0.0,0.0,0.006727828689531423,6.727828689531423,True,62.099048769432976,0.0,62.099048769432976,main,BO,0.65,42,bo,matern,ei,13347,100,20,0.521825399948284,0.1350507999304682,0.004766899975948036,0.6617719999048859,348.94848653672756,5000,4000,1000,0.8250168028207854,9.083043558305693,10.365650521424962,False
2138.686646364835,0.21908742736942383,0.4461307717779278,1.7264078281989217,0.10188044467003321,0.3503700879997093,0.18248189896138145,0.34024979248406806,0.988945062222651,0.2421359427329739,0.3960148223344404,0.007401759994186352,0.6060854729437701,0.04391452705622989,43.91452705622989,0.04391452705622989,43.91452705622989,0.47907950113662434,0.0,0.0,0.02092049886337566,20.92049886337566,True,19.284856865723466,0.0,19.284856865723466,main,BO,0.65,43,bo,matern,ei,13347,100,20,0.33885810000356287,0.10955699998885393,0.005972599959932268,0.45450619992334396,310.57062488453215,5000,4000,1000,0.8250168028207854,9.083043558305693,10.365650521424962,False
4519.999895947408,0.236346002889406,0.21397199519081356,2.4880441336804426,0.091374163536926,0.3939950474992734,0.8628571131278308,0.3895600082554457,0.32563427197375305,0.4960147112268142,0.04580545123086677,0.8799009499854669,0.5919031783870973,0.05809682161290275,58.09682161290275,0.05809682161290275,58.09682161290275,0.5139056733812535,0.01390567338125348,13.90567338125348,-0.01390567338125348,-13.90567338125348,False,33.75240681521444,77.34710087444064,111.09950768965508,main,BO,0.65,44,bo,matern,ei,13347,100,20,0.49152270006015897,0.09905129997059703,0.004716200055554509,0.5953977999743074,255.03193628237673,5000,4000,1000,0.8250168028207854,9.083043558305693,10.365650521424962,False
4564.726009984312,0.41320714766650124,0.4441582962613907,2.93518925259977,0.09519763445844247,0.35915914991110315,0.8756360028526606,0.8948775647614321,0.9833094178896877,0.6450630841999232,0.17325448194808246,0.18318299822206374,0.557878849484776,0.09212115051522407,92.12115051522407,0.09212115051522407,92.12115051522407,0.4647921714578689,0.0,0.0,0.035207828542131114,35.20782854213111,True,84.86306372248568,0.0,84.86306372248568,main,BO,0.65,45,bo,matern,ei,13347,100,20,0.4029813000233844,0.14886820001993328,0.005877800052985549,0.5578358999919146,259.0882283918376,5000,4000,1000,0.8250168028207854,9.083043558305693,10.365650521424962,False
3346.890005243942,0.42393954583101057,0.3413680825663482,3.7093422327519483,0.09018023714051704,0.39304938116264404,0.5276828586411263,0.925541559517173,0.6896230930467091,0.9031140775839828,0.006007904683901333,0.8609876232528805,0.5734772649832165,0.07652273501678353,76.52273501678353,0.07652273501678353,76.52273501678353,0.49043307198923664,0.0,0.0,0.009566928010763365,9.566928010763364,True,58.55728974448867,0.0,58.55728974448867,main,BO,0.65,46,bo,matern,ei,13347,100,20,0.41558470006566495,0.11007689998950809,0.008253799984231591,0.5340280999662355,233.3227177344869,5000,4000,1000,0.8250168028207854,9.083043558305693,10.365650521424962,False
1715.3019354935793,0.43428475945172706,0.3383507492117822,1.9506308570998045,0.0911278500898254,0.3577190722769553,0.061514838712451225,0.9550993127192203,0.6810021406050921,0.3168769523666015,0.03759500299417984,0.15438144553910693,0.5641563843331446,0.08584361566685539,85.84361566685538,0.08584361566685539,85.84361566685538,0.46262908275056386,0.0,0.0,0.03737091724943614,37.37091724943614,True,73.6912635075878,0.0,73.6912635075878,main,BO,0.65,47,bo,matern,ei,13347,100,20,0.24983139999676496,0.16550360003020614,0.005482599954120815,0.42092820000834763,211.0590437223408,5000,4000,1000,0.8250168028207854,9.083043558305693,10.365650521424962,False
2351.303122161764,0.30950343790525925,0.3114203937311471,3.998642641472438,0.09342072171679108,0.35237475587961453,0.2432294634747897,0.5985812511578835,0.6040582678032774,0.9995475471574794,0.11402405722636955,0.04749511759229097,0.547614770120522,0.10238522987947807,102.38522987947806,0.10238522987947807,102.38522987947806,0.477001888162428,0.0,0.0,0.022998111837572,22.998111837572,True,104.82735297473569,0.0,104.82735297473569,main,BO,0.65,48,bo,matern,ei,13347,100,20,0.44811330002266914,0.13540620007552207,0.005624699988402426,0.5892815999686718,417.4435048508334,5000,4000,1000,0.8250168028207854,9.083043558305693,10.365650521424962,False
3881.697772814572,0.38129993873472046,0.11502398048422693,2.942051995017149,0.0936809655590948,0.3603585050697484,0.6804850779470206,0.8037141106706299,0.04292565852636265,0.6473506650057164,0.12269885196982666,0.20717010139496916,0.5549193889580234,0.09508061104197663,95.08061104197662,0.09508061104197663,95.08061104197662,0.4695446218771395,0.0,0.0,0.030455378122860477,30.455378122860477,True,90.40322596115645,0.0,90.40322596115645,main,BO,0.65,49,bo,matern,ei,13347,100,20,0.39919179992284626,0.04970630002208054,0.006638100021518767,0.4556529000401497,249.56381271099613,5000,4000,1000,0.8250168028207854,9.083043558305693,10.365650521424962,False
4054.425301952014,0.44999999999999996,0.44999999999999996,1.6297307909039307,0.12,0.35993653744134063,0.7298358005577182,1.0,1.0,0.20991026363464357,1.0,0.19873074882681288,0.6318199151703774,0.018180084829622634,18.180084829622633,0.018180084829622634,18.180084829622633,0.48892494521666763,0.0,0.0,0.011075054783332372,11.075054783332373,True,3.3051548441227503,0.0,3.3051548441227503,main,BO,0.65,50,bo,matern,ei,13347,100,20,0.3254943999927491,0.17091029998846352,0.006769699975848198,0.5032903000246733,171.32062095361363,5000,4000,1000,0.8250168028207854,9.083043558305693,10.365650521424962,False
2754.554558994796,0.1981341501379691,0.26768529402296304,1.1888432883344175,0.10300036437442163,0.350416650602933,0.35844415971279886,0.28038328610848307,0.4791008400656086,0.06294776277813918,0.43334547914738786,0.008333012058660438,0.6099219611919477,0.040078038808052274,40.07803880805228,0.040078038808052274,40.07803880805228,0.4715727304686892,0.0,0.0,0.028427269531310806,28.427269531310806,True,16.062491946997437,0.0,16.062491946997437,main,BO,0.65,51,bo,matern,ei,13347,100,20,0.33922069997061044,0.119569499976933,0.005639599985443056,0.4645460000028834,262.9253858964508,5000,4000,1000,0.8250168028207854,9.083043558305693,10.365650521424962,False
3379.789140077233,0.4436678327611637,0.19095297476034845,1.2996373937940262,0.09068668898428146,0.3987166836679552,0.537082611450638,0.9819080936033249,0.25986564217242414,0.0998791312646754,0.022889632809382165,0.9743336733591041,0.6065478273163295,0.04345217268367052,43.45217268367052,0.04345217268367052,43.45217268367052,0.49757067502579466,0.0,0.0,0.002429324974205338,2.429324974205338,True,18.880913109315227,0.0,18.880913109315227,main,BO,0.65,52,bo,matern,ei,13347,100,20,0.2746014000149444,0.06671629997435957,0.0056909000268206,0.3471259999787435,141.59394886787035,5000,4000,1000,0.8250168028207854,9.083043558305693,10.365650521424962,False
1701.6885705270638,0.16581087855059767,0.2561073052089934,2.0492592639423077,0.09006140572167975,0.3749639308677162,0.057625305864875354,0.1880310815731362,0.4460208720256954,0.3497530879807692,0.0020468573893254183,0.4992786173543238,0.6056785341922649,0.044321465807735105,44.32146580773511,0.044321465807735105,44.32146580773511,0.5326186089193365,0.032618608919336545,32.618608919336545,-0.032618608919336545,-32.618608919336545,False,19.64392331346232,425.5894591330486,445.2333824465109,main,BO,0.65,53,bo,matern,ei,13347,100,20,0.32169080001767725,0.09701590007171035,0.007315200055018067,0.42614450003020465,215.93740290911506,5000,4000,1000,0.8250168028207854,9.083043558305693,10.365650521424962,False
4919.008413593812,0.1294562319450711,0.16149070836721846,1.2756132667621523,0.0945182806176898,0.3503688574192956,0.9768595467410892,0.08416066270020317,0.17568773819205274,0.09187108892071738,0.15060935392299335,0.007377148385911969,0.5736584442702647,0.07634155572973533,76.34155572973533,0.07634155572973533,76.34155572973533,0.45448599213906415,0.0,0.0,0.045514007860935846,45.51400786093585,True,58.280331312362854,0.0,58.280331312362854,main,BO,0.65,54,bo,matern,ei,13347,100,20,0.4411100000143051,0.09679570002481341,0.005671699997037649,0.5437034000642598,301.03743503977137,5000,4000,1000,0.8250168028207854,9.083043558305693,10.365650521424962,False
1724.3295896464604,0.35088005332207106,0.2452746276059054,1.4927729578031963,0.11794649049025781,0.3671029785423149,0.06409416847041727,0.7168001523487745,0.41507036458830115,0.1642576526010654,0.9315496830085939,0.34205957084629757,0.6540346493801886,0.004034649380188604,4.034649380188604,0.0,0.0,0.508757287880334,0.00875728788033403,8.75728788033403,-0.00875728788033403,-8.75728788033403,False,0.16278395621056288,30.676036407618117,30.83882036382868,main,BO,0.65,55,bo,matern,ei,13347,100,20,0.2683124999748543,0.056997900013811886,0.007479399908334017,0.33290550007950515,131.7617233464043,5000,4000,1000,0.8250168028207854,9.083043558305693,10.365650521424962,False
4583.069318239766,0.449664217451351,0.26043377646375954,3.0438567551058475,0.11932434626823783,0.3835469952564181,0.8808769480685045,0.9990406212895743,0.4583822184678843,0.6812855850352825,0.9774782089412611,0.6709399051283621,0.6248878474453197,0.025112152554680356,25.112152554680357,0.025112152554680356,25.112152554680357,0.5097279370133548,0.009727937013354837,9.727937013354836,-0.009727937013354837,-9.727937013354836,False,6.306202059295392,37.853103414319605,44.159305473615,main,BO,0.65,56,bo,matern,ei,13347,100,20,0.37871680001262575,0.09159319999162108,0.006132999900728464,0.4765657000243664,123.94919143764473,5000,4000,1000,0.8250168028207854,9.083043558305693,10.365650521424962,False
3057.9021706720105,0.20634539281233297,0.4152873274980756,1.8171150125890434,0.09005907520699603,0.3619787789440552,0.44511490590628877,0.3038439794638085,0.9008209357087876,0.2723716708630145,0.0019691735665345877,0.23957557888110492,0.5773207780887905,0.07267922191120957,72.67922191120957,0.07267922191120957,72.67922191120957,0.4719875808088351,0.0,0.0,0.028012419191164872,28.012419191164874,True,52.82269297618845,0.0,52.82269297618845,main,BO,0.65,57,bo,matern,ei,13347,100,20,0.3803077000193298,0.15078440005891025,0.009877100004814565,0.5410859999246895,108.90194330732461,5000,4000,1000,0.8250168028207854,9.083043558305693,10.365650521424962,False
2566.970515362991,0.39778264366924854,0.1114764510267865,3.9523898381645615,0.1053497413369104,0.35697518828545793,0.3048487186751404,0.8508075533407102,0.03278986007653284,0.9841299460548538,0.51165804456368,0.13950376570915857,0.5667825740414816,0.08321742595851844,83.21742595851845,0.08321742595851844,83.21742595851845,0.4740505540534351,0.0,0.0,0.025949445946564897,25.949445946564897,True,69.251399831615,0.0,69.251399831615,main,BO,0.65,58,bo,matern,ei,13347,100,20,0.377070700051263,0.11288140004035085,0.00619429990183562,0.4962785999523476,335.4922941624482,5000,4000,1000,0.8250168028207854,9.083043558305693,10.365650521424962,False
3842.942878265443,0.44999999999999996,0.4113230575625093,1.3855243850543462,0.11402734522489974,0.3659508799204014,0.6694122509329837,1.0,0.8894944501785982,0.1285081283514487,0.8009115074966581,0.31901759840802796,0.6289054619929701,0.021094538007029873,21.094538007029872,0.021094538007029873,21.094538007029872,0.48914200568030713,0.0,0.0,0.010857994319692865,10.857994319692866,True,4.449795337300278,0.0,4.449795337300278,main,BO,0.65,59,bo,matern,ei,13347,100,20,0.2805759001057595,0.061733300099149346,0.007881199941039085,0.3503066999837756,103.86099068802139,5000,4000,1000,0.8250168028207854,9.083043558305693,10.365650521424962,False
1880.8991007964296,0.3769668997850083,0.197083535972841,1.8244666761715322,0.11425955201371978,0.3768974238198311,0.10882831451326558,0.791333999385738,0.2773815313509743,0.2748222253905107,0.8086517337906594,0.5379484763966216,0.6415468779651382,0.008453122034861815,8.453122034861815,0.008453122034861815,8.453122034861815,0.5102697140721713,0.010269714072171254,10.269714072171254,-0.010269714072171254,-10.269714072171254,False,0.7145527213626636,42.186810849660915,42.90136357102358,main,BO,0.65,60,bo,matern,ei,13347,100,20,0.282605400076136,0.11290439998265356,0.006221399991773069,0.4018577999668196,103.88208631382324,5000,4000,1000,0.8250168028207854,9.083043558305693,10.365650521424962,False
3437.709684087741,0.12404280250514914,0.36490160241182523,1.6389934182053647,0.09047659224758331,0.3724644136572324,0.5536313383107833,0.06869372144328323,0.7568617211766435,0.21299780606845486,0.015886408252777207,0.44928827314464803,0.590878424463923,0.059121575536077,59.121575536076996,0.059121575536077,59.121575536076996,0.4780839199007819,0.0,0.0,0.021916080099218083,21.91608009921808,True,34.95360693868058,0.0,34.95360693868058,main,BO,0.65,61,bo,matern,ei,13347,100,20,0.4117346000857651,0.26464129996020347,0.007027799962088466,0.6835315999342129,102.66266376815398,5000,4000,1000,0.8250168028207854,9.083043558305693,10.365650521424962,False
2462.2373802873776,0.3647496138794297,0.15115315036775184,3.683684497179066,0.09200676604259175,0.37922065825086654,0.2749249657963936,0.756427468226942,0.14615185819357668,0.8945614990596886,0.0668922014197254,0.5844131650173308,0.56937026934608,0.08062973065391998,80.62973065391998,0.08062973065391998,80.62973065391998,0.4876890541079637,0.0,0.0,0.012310945892036296,12.310945892036296,True,65.01153465323685,0.0,65.01153465323685,main,BO,0.65,62,bo,matern,ei,13347,100,20,0.38594589999411255,0.07977279997430742,0.008306300034746528,0.47414420009590685,97.97501067724355,5000,4000,1000,0.8250168028207854,9.083043558305693,10.365650521424962,False
3043.4507272270616,0.11039593652320936,0.18247433332144988,1.012439083950094,0.11891069419212984,0.3588468430742469,0.44098592206487475,0.029702675780598153,0.23564095234699967,0.0041463613166979885,0.963689806404328,0.17693686148493892,0.662526870428979,0.012526870428978931,12.526870428978931,0.0,0.0,0.4988167226105942,0.0,0.0,0.0011832773894058235,1.1832773894058235,True,1.569224827444268,0.0,1.569224827444268,main,BO,0.65,63,bo,matern,ei,13347,100,20,0.36835299991071224,0.1773059000261128,0.008948200033046305,0.5547528000315651,92.93062708213158,5000,4000,1000,0.8250168028207854,9.083043558305693,10.365650521424962,False
4959.744962423087,0.3881987753707856,0.1464301710725462,2.861052799362738,0.11553064964399598,0.39024214382720873,0.9884985606923106,0.823425072487959,0.1326576316358462,0.6203509331209127,0.851021654799866,0.8048428765441743,0.6276461026712989,0.022353897328701078,22.353897328701077,0.022353897328701078,22.353897328701077,0.5227202373048577,0.022720237304857727,22.720237304857726,-0.022720237304857727,-22.720237304857726,False,4.996967257821092,206.48367327561948,211.48064053344058,main,BO,0.65,64,bo,matern,ei,13347,100,20,0.4281605000142008,0.07872360001783818,0.0064079000148922205,0.5134079999988899,90.43393805820418,5000,4000,1000,0.8250168028207854,9.083043558305693,10.365650521424962,False
3915.9533460537737,0.2723471721056695,0.432718811334161,1.5783820471773842,0.11574948819821701,0.37247519802819734,0.6902723845867924,0.4924204917304844,0.95062517524046,0.1927940157257947,0.8583162732739004,0.44950396056394726,0.6452728641516898,0.004727135848310193,4.727135848310193,0.004727135848310193,4.727135848310193,0.5008514804795191,0.0008514804795191067,0.8514804795191067,-0.0008514804795191067,-0.8514804795191067,False,0.2234581332837933,0.29000760280083515,0.5134657360846284,main,BO,0.65,65,bo,matern,ei,13347,100,20,0.39709929993841797,0.11310229997616261,0.008709899964742362,0.5190292000770569,76.8566568878698,5000,4000,1000,0.5134657360846284,9.083043558305693,10.365650521424962,True
3907.471584596786,0.23541257152067113,0.15409118838547128,2.267701382744,0.09048076203334468,0.38557727083794113,0.6878490241705103,0.3868930614876318,0.15454625252991794,0.4225671275813333,0.016025401111489535,0.7115454167588229,0.5859314124533104,0.06406858754668965,64.06858754668964,0.06406858754668965,64.06858754668964,0.502312261188786,0.0023122611887860245,2.3122611887860245,-0.0023122611887860245,-2.3122611887860245,False,41.04783910227835,2.138620722066464,43.186459824344816,main,BO,0.65,66,bo,matern,ei,13347,100,20,0.42544849996920675,0.15594860003329813,0.007005700026638806,0.588530300068669,73.83543756065723,5000,4000,1000,0.5134657360846284,9.083043558305693,10.365650521424962,False
3963.942910340659,0.1603962321370616,0.11129864345404593,1.661237828187477,0.09422585982905393,0.39898453186706695,0.7039836886687598,0.17256066324874741,0.032281838440131216,0.22041260939582563,0.14086199430179802,0.9796906373413391,0.6177613722973087,0.03223862770269137,32.23862770269137,0.03223862770269137,32.23862770269137,0.5062877453454894,0.006287745345489371,6.287745345489371,-0.006287745345489371,-6.287745345489371,False,10.393291161527394,15.814296611889297,26.20758777341669,main,BO,0.65,67,bo,matern,ei,13347,100,20,0.41773050010669976,0.17878909991122782,0.009126899996772408,0.6057864000322297,81.15925060482252,5000,4000,1000,0.5134657360846284,9.083043558305693,10.365650521424962,False
2113.0576726100153,0.28228165236209746,0.3985004727214022,1.5916338050696872,0.10190873490775583,0.3790381048541188,0.175159335031433,0.5208047210345642,0.8528584934897205,0.19721126835656244,0.3969578302585277,0.5807620970823762,0.6307702676738175,0.019229732326182525,19.229732326182525,0.019229732326182525,19.229732326182525,0.5008856215268416,0.0008856215268415735,0.8856215268415735,-0.0008856215268415735,-0.8856215268415735,False,3.697826053366292,0.31373019552208,4.011556248888372,main,BO,0.65,68,bo,matern,ei,13347,100,20,0.31792800000403076,0.14709069998934865,0.007509200018830597,0.47265179990790784,102.3967401265621,5000,4000,1000,0.5134657360846284,9.083043558305693,10.365650521424962,False
1654.9936284922528,0.16380480657974128,0.3252903614549083,1.2660357337127854,0.11883561102120761,0.38142136233619595,0.04428389385492937,0.18229944737068937,0.6436867470140238,0.08867857790426181,0.9611870340402541,0.6284272467239183,0.7094821884915407,0.05948218849154063,59.48218849154063,0.0,0.0,0.5379713623847632,0.037971362384763174,37.971362384763175,-0.037971362384763174,-37.971362384763175,False,35.38130747743169,576.7297445420031,612.1110520194349,main,BO,0.65,69,bo,matern,ei,13347,100,20,0.2934657000005245,0.16314299998339266,0.008835499989800155,0.465574299916625,78.48836341162527,5000,4000,1000,0.5134657360846284,9.083043558305693,10.365650521424962,False
4234.792871338899,0.24343311528681957,0.25782963745853366,1.2230838755527165,0.09282737059241862,0.35516551149668113,0.7813693918111141,0.4098089008194845,0.4509418213100962,0.07436129185090545,0.09424568641395425,0.10331022993362315,0.5767551454362393,0.07324485456376073,73.24485456376073,0.07324485456376073,73.24485456376073,0.4579460181408869,0.0,0.0,0.042053981859113077,42.05398185911308,True,53.64808720066461,0.0,53.64808720066461,main,BO,0.65,70,bo,matern,ei,13347,100,20,0.38716959999874234,0.1532559999031946,0.007166400086134672,0.5477168000070378,127.48701574956999,5000,4000,1000,0.5134657360846284,9.083043558305693,10.365650521424962,False
1910.0328127699147,0.2651440968204518,0.24429652310373381,1.4561835311298452,0.10514496155311692,0.35775220429253907,0.11715223221997562,0.4718402766298623,0.41227578029638234,0.1520611770432817,0.5048320517705643,0.155044085850782,0.6223182854634385,0.02768171453656154,27.681714536561543,0.02768171453656154,27.681714536561543,0.4862772155823063,0.0,0.0,0.0137227844176937,13.7227844176937,True,7.662773196836826,0.0,7.662773196836826,main,BO,0.65,71,bo,matern,ei,13347,100,20,0.30533850006759167,0.16194669995456934,0.009131600032560527,0.4765378999290988,91.74034573994722,5000,4000,1000,0.5134657360846284,9.083043558305693,10.365650521424962,False
3014.893378503114,0.11653009243533133,0.4328475779057469,1.0026850639736455,0.10199830129676815,0.39433689826912516,0.43282667957231835,0.047228835529518065,0.9509930797307055,0.0008950213245485505,0.3999433765589384,0.8867379653825027,0.6620157537546802,0.012015753754680225,12.015753754680226,0.0,0.0,0.5150637956947004,0.0150637956947004,15.0637956947004,-0.0150637956947004,-15.0637956947004,False,1.4437833829311193,90.76717629266972,92.21095967560083,main,BO,0.65,72,bo,matern,ei,13347,100,20,0.3557121000485495,0.20824710000306368,0.008445299929007888,0.572548900032416,76.7010946457795,5000,4000,1000,0.5134657360846284,9.083043558305693,10.365650521424962,False
4645.876369272446,0.44791584964764164,0.42245035120485386,3.99915098810521,0.09168647270867768,0.35965072863741954,0.8988218197921274,0.9940452847075475,0.921286717728154,0.9997169960350699,0.056215756955922735,0.19301457274839107,0.5391737881927124,0.11082621180728758,110.82621180728758,0.11082621180728758,110.82621180728758,0.45658198229727204,0.0,0.0,0.04341801770272796,43.418017702727965,True,122.82449223553769,0.0,122.82449223553769,main,BO,0.65,73,bo,matern,ei,13347,100,20,0.42255360004492104,0.18250960006844252,0.009689000085927546,0.6148796000052243,81.66302120248791,5000,4000,1000,0.5134657360846284,9.083043558305693,10.365650521424962,False
1900.516371543219,0.3328870503199697,0.1579799625803548,3.967651193484764,0.11761936408225826,0.3958682895112543,0.1144332490123483,0.6653915723427706,0.16565703594387082,0.9892170644949213,0.920645469408609,0.9173657902250857,0.639297209296989,0.010702790703011056,10.702790703011056,0.010702790703011056,10.702790703011056,0.5418909750159321,0.041890975015932086,41.890975015932085,-0.041890975015932086,-41.890975015932085,False,1.1454972883245989,701.9415151141783,703.0870124025029,main,BO,0.65,74,bo,matern,ei,13347,100,20,0.38083189993631095,0.1615672999760136,0.007870999979786575,0.5504063999978825,79.97926630736262,5000,4000,1000,0.5134657360846284,9.083043558305693,10.365650521424962,False
4878.088917509262,0.43241574742761013,0.32884827974884917,3.757835386113883,0.10431376824986105,0.3885983207472782,0.9651682621455032,0.9497592783646004,0.6538522278538548,0.919278462037961,0.4771256083287019,0.7719664149455634,0.5936958280763251,0.05630417192367487,56.30417192367487,0.05630417192367487,56.30417192367487,0.5013223675135007,0.0013223675135006774,1.3223675135006774,-0.0013223675135006774,-1.3223675135006774,False,31.701597760107372,0.6994623363047857,32.40106009641216,main,BO,0.65,75,bo,matern,ei,13347,100,20,0.4310330000007525,0.19913940003607422,0.00991500006057322,0.640211799996905,101.65256816614713,5000,4000,1000,0.5134657360846284,9.083043558305693,10.365650521424962,False
4431.3623729959345,0.33970283702664006,0.20197552002426966,3.8410881871883524,0.09679228406735782,0.38417725530331814,0.837532106570267,0.6848652486475432,0.29135862864077045,0.9470293957294508,0.22640946891192748,0.6835451060663631,0.5774193632372304,0.0725806367627696,72.5806367627696,0.0725806367627696,72.5806367627696,0.5075339213941386,0.007533921394138554,7.533921394138554,-0.007533921394138554,-7.533921394138554,False,52.67948832889102,22.703988629223446,75.38347695811447,main,BO,0.65,76,bo,matern,ei,13347,100,20,0.4729955999646336,0.1542558999499306,0.008076800033450127,0.6354604000225663,83.70902225280317,5000,4000,1000,0.5134657360846284,9.083043558305693,10.365650521424962,False
2756.6228417775847,0.44666972601768196,0.12648439456361762,1.96867612221914,0.10888460927910482,0.3657089690698745,0.3590350976507385,0.9904849314790914,0.07566969875319318,0.32289204073971334,0.6294869759701606,0.3141793813974896,0.603644866299204,0.046355133700796025,46.355133700796024,0.046355133700796025,46.355133700796024,0.4852188431736317,0.0,0.0,0.014781156826368325,14.781156826368324,True,21.48798420418675,0.0,21.48798420418675,main,BO,0.65,77,bo,matern,ei,13347,100,20,0.2769865000154823,0.23129430005792528,0.01055779994931072,0.5189703999785706,79.15978334446301,5000,4000,1000,0.5134657360846284,9.083043558305693,10.365650521424962,False
3930.9956834272216,0.44083775438481076,0.3477546723576037,1.046078145076252,0.09147918818752927,0.35617896190597176,0.6945701952649205,0.9738221553851736,0.7078704924502964,0.015359381692083951,0.04930627291764267,0.12357923811943605,0.572562672184133,0.07743732781586699,77.43732781586698,0.07743732781586699,77.43732781586698,0.4553482380744693,0.0,0.0,0.04465176192553072,44.65176192553072,True,59.96539739262046,0.0,59.96539739262046,main,BO,0.65,78,bo,matern,ei,13347,100,20,0.2863471999298781,0.21389040001668036,0.007583900005556643,0.5079539999132976,77.65515873717537,5000,4000,1000,0.5134657360846284,9.083043558305693,10.365650521424962,False
1659.0923185057093,0.16538353849285123,0.25495534202856485,1.6607697282666494,0.0923582588046687,0.35605979270542276,0.04545494814448836,0.18681010997957492,0.4427295486530425,0.22025657608888316,0.0786086268222903,0.12119585410845535,0.6010631190992383,0.04893688090076176,48.93688090076176,0.04893688090076176,48.93688090076176,0.4833096201376173,0.0,0.0,0.016690379862382698,16.6903798623827,True,23.94818312295341,0.0,23.94818312295341,main,BO,0.65,79,bo,matern,ei,13347,100,20,0.3086403999477625,0.1055879999184981,0.010548799997195601,0.4249050000216812,80.87443066202033,5000,4000,1000,0.5134657360846284,9.083043558305693,10.365650521424962,False
3420.3613517950453,0.4255402144352842,0.3661419286930745,3.1679447417126942,0.10695178293806633,0.39884189946563003,0.5486746719414415,0.9301148983865264,0.7604055105516414,0.7226482472375647,0.5650594312688776,0.9768379893126,0.6196298727747018,0.030370127225298194,30.370127225298194,0.030370127225298194,30.370127225298194,0.514228633940827,0.014228633940826962,14.228633940826963,-0.014228633940826962,-14.228633940826963,False,9.223446276807985,80.9816095288212,90.20505580562919,main,BO,0.65,80,bo,matern,ei,13347,100,20,0.36169320007320493,0.18501560005825013,0.00845120009034872,0.555288500036113,68.3312246018144,5000,4000,1000,0.5134657360846284,9.083043558305693,10.365650521424962,False
2511.3207710911374,0.44976951567620693,0.44863973732009177,1.8684489244907345,0.11949065723762402,0.3703944913248575,0.28894879174032495,0.9993414733605912,0.9961135352002621,0.2894829748302449,0.9830219079208006,0.40788982649715033,0.6402785210264019,0.009721478973598097,9.721478973598096,0.009721478973598097,9.721478973598096,0.5029154852236072,0.0029154852236071838,2.9154852236071838,-0.0029154852236071838,-2.9154852236071838,False,0.945071534341099,3.400021635628732,4.345093169969831,main,BO,0.65,81,bo,matern,ei,13347,100,20,0.2762796999886632,0.16938279999885708,0.011147200013510883,0.45694569998886436,57.60254353003845,5000,4000,1000,0.5134657360846284,9.083043558305693,10.365650521424962,False
2807.639238026377,0.3575544802422077,0.12931796500034168,2.047231038115586,0.10325314275204937,0.3789985347359542,0.3736112108646791,0.735869943549165,0.08376561428669049,0.3490770127051953,0.44177142506831246,0.5799706947190832,0.6102962676986963,0.03970373230130375,39.70373230130375,0.03970373230130375,39.70373230130375,0.4974565325203361,0.0,0.0,0.0025434674796638856,2.5434674796638856,True,15.763863586535908,0.0,15.763863586535908,main,BO,0.65,82,bo,matern,ei,13347,100,20,0.3407754999352619,0.1399964999873191,0.012098299921490252,0.4930080999620259,56.22452296110234,5000,4000,1000,0.5134657360846284,9.083043558305693,10.365650521424962,False
1690.862870384667,0.1971733605905965,0.34889946557715373,1.122474243581658,0.09017685254636609,0.38625354064033296,0.05453224868133344,0.27763817311599004,0.7111413302204392,0.04082474786055268,0.005895084878870027,0.725070812806659,0.6341593431926382,0.015840656807361797,15.840656807361796,0.015840656807361797,15.840656807361796,0.5034938111344077,0.0034938111344077205,3.4938111344077205,-0.0034938111344077205,-3.4938111344077205,False,2.5092640808861764,4.882686497164545,7.3919505780507215,main,BO,0.65,83,bo,matern,ei,13347,100,20,0.28316399990580976,0.1528872000053525,0.011342199984937906,0.44752180005889386,58.55765703185648,5000,4000,1000,0.5134657360846284,9.083043558305693,10.365650521424962,False
1630.7864522494292,0.4498295296348114,0.43747180681121944,1.2686258759587226,0.09873718876012876,0.3524113192788065,0.03736755778555123,0.9995129418137467,0.9642051623177699,0.08954195865290748,0.2912396253376255,0.04822638557612946,0.5868203966321661,0.0631796033678339,63.179603367833906,0.0631796033678339,63.179603367833906,0.46752550951216376,0.0,0.0,0.03247449048783624,32.474490487836235,True,39.91662281716808,0.0,39.91662281716808,main,BO,0.65,84,bo,matern,ei,13347,100,20,0.22820430004503578,0.08035159995779395,0.008556700078770518,0.31724859995301813,51.90969912288574,5000,4000,1000,0.5134657360846284,9.083043558305693,10.365650521424962,False
4296.98220568543,0.37262191146363155,0.43875013483286607,1.3945355577554275,0.09021227215240311,0.3775798369433876,0.7991377730529798,0.7789197470389472,0.967857528093903,0.13151185258514253,0.007075738413437449,0.5515967388677517,0.5884093256021259,0.061590674397874134,61.59067439787413,0.061590674397874134,61.59067439787413,0.475576557927991,0.0,0.0,0.024423442072009027,24.423442072009028,True,37.934111727849476,0.0,37.934111727849476,main,BO,0.65,85,bo,matern,ei,13347,100,20,0.36087019997648895,0.2113477000966668,0.008803600096143782,0.581169500015676,58.38888668818538,5000,4000,1000,0.5134657360846284,9.083043558305693,10.365650521424962,False
3571.411173705447,0.10373335199989556,0.43910058369923577,1.0259450996797572,0.09029668191435189,0.3728759894052416,0.5918317639158419,0.01066671999970159,0.9688588105692449,0.008648366559919074,0.009889397145063317,0.45751978810483174,0.6046934931379543,0.04530650686204574,45.30650686204574,0.04530650686204574,45.30650686204574,0.477100979839013,0.0,0.0,0.022899020160986994,22.899020160986993,True,20.526795640405975,0.0,20.526795640405975,main,BO,0.65,86,bo,matern,ei,13347,100,20,0.38441769999917597,0.1878341999836266,0.01235520001500845,0.5847402999643236,56.0352691223171,5000,4000,1000,0.5134657360846284,9.083043558305693,10.365650521424962,False
4408.903497331867,0.44343200527633675,0.39863336967928964,2.4411932893438584,0.11872666084285273,0.36799553211571545,0.831115284951962,0.9812343007895336,0.8532381990836846,0.48039776311461946,0.9575553614284243,0.3599106423143089,0.6209749890852181,0.029025010914781935,29.025010914781934,0.029025010914781935,29.025010914781934,0.49436754804377936,0.0,0.0,0.005632451956220641,5.632451956220641,True,8.424512586032105,0.0,8.424512586032105,main,BO,0.65,87,bo,matern,ei,13347,100,20,0.3658132000127807,0.09236969996709377,0.009450100013054907,0.4677667999640107,48.538169401361124,5000,4000,1000,0.5134657360846284,9.083043558305693,10.365650521424962,False
4003.447772239353,0.44836888847772605,0.3982617524657408,2.655671401368951,0.105223426964021,0.37981405464872714,0.7152707920683866,0.9953396813649315,0.8521764356164022,0.5518904671229836,0.5074475654673668,0.596281092974543,0.6015246532558033,0.048475346744196735,48.475346744196735,0.048475346744196735,48.475346744196735,0.49213606480431826,0.0,0.0,0.007863935195681737,7.863935195681737,True,23.49859241970105,0.0,23.49859241970105,main,BO,0.65,88,bo,matern,ei,13347,100,20,0.34769470000173897,0.11641799996141344,0.011529700015671551,0.4757761999499053,53.80865946200873,5000,4000,1000,0.5134657360846284,9.083043558305693,10.365650521424962,False
3338.946270315218,0.22116478328032088,0.20135176929695128,1.576772409511884,0.10449686938117857,0.3519264891868424,0.5254132200900623,0.3461850950866311,0.2895764837055751,0.19225746983729464,0.4832289793726192,0.03852978373684768,0.5988012893112368,0.05119871068876325,51.19871068876325,0.05119871068876325,51.19871068876325,0.4704681830603809,0.0,0.0,0.029531816939619093,29.531816939619095,True,26.213079761916802,0.0,26.213079761916802,main,BO,0.65,89,bo,matern,ei,13347,100,20,0.3906096999999136,0.3096223999746144,0.0127134999493137,0.7130776999983937,48.05234049126368,5000,4000,1000,0.5134657360846284,9.083043558305693,10.365650521424962,False
3804.3884105630555,0.31390917460141077,0.44999999999999996,1.6044828108108369,0.11189247944253937,0.37538329818930005,0.6583966887323016,0.611169070289745,1.0,0.20149427027027894,0.7297493147513124,0.5076659637860014,0.6368974675509145,0.013102532449085547,13.102532449085547,0.013102532449085547,13.102532449085547,0.4990311698511925,0.0,0.0,0.000968830148807498,0.968830148807498,True,1.7167635657933968,0.0,1.7167635657933968,main,BO,0.65,90,bo,matern,ei,13347,100,20,0.3870426999637857,0.11777290003374219,0.010875999927520752,0.5158278000308201,56.38490987591312,5000,4000,1000,0.5134657360846284,9.083043558305693,10.365650521424962,False
3714.257332308729,0.28465628655882746,0.44999999999999996,1.4159702859047587,0.11332282115566902,0.3741347680764461,0.6326449520882083,0.5275893901680784,1.0,0.1386567619682529,0.7774273718556343,0.48269536152892173,0.6451512306955269,0.004848769304473088,4.848769304473088,0.004848769304473088,4.848769304473088,0.5004873933822759,0.00048739338227588025,0.48739338227588025,-0.00048739338227588025,-0.48739338227588025,False,0.23510563768000436,0.09502092363452894,0.33012656131453333,main,BO,0.65,91,bo,matern,ei,13347,100,20,0.38680370000656694,0.27937590004876256,0.0140215998981148,0.6803406999679282,43.584535631055,5000,4000,1000,0.33012656131453333,9.083043558305693,10.365650521424962,True
1664.0765836793412,0.4104745001163267,0.3596957488273139,3.537454670018742,0.10117700149112419,0.356591100355702,0.046879023908383166,0.887070000332362,0.7419878537923255,0.8458182233395807,0.3725667163708065,0.13182200711404102,0.5678897680613758,0.08211023193862421,82.11023193862421,0.08211023193862421,82.11023193862421,0.47256424134929503,0.0,0.0,0.027435758650704967,27.435758650704965,True,67.42090189014662,0.0,67.42090189014662,main,BO,0.65,92,bo,matern,ei,13347,100,20,0.33478640008252114,0.11462630005553365,0.009562999941408634,0.45911279995925725,44.52383358289897,5000,4000,1000,0.33012656131453333,9.083043558305693,10.365650521424962,False
2321.823297514161,0.39240082049785274,0.20610463995445008,3.392363493251638,0.09022401186630494,0.3710694938581925,0.23480665643261744,0.8354309157081508,0.30315611415557164,0.7974544977505461,0.00746706221016491,0.4213898771638499,0.5578177162402027,0.09218228375979731,92.18228375979731,0.09218228375979731,92.18228375979731,0.47187242419008996,0.0,0.0,0.028127575809910044,28.127575809910045,True,84.9757343917179,0.0,84.9757343917179,main,BO,0.65,93,bo,matern,ei,13347,100,20,0.35252209997270256,0.3112607999937609,0.011595199932344258,0.6755494000390172,42.80623873443196,5000,4000,1000,0.33012656131453333,9.083043558305693,10.365650521424962,False
3608.4214473292172,0.3598552804181997,0.391097614729212,1.9078314130406677,0.09283335324514409,0.3863747498749915,0.6024061278083478,0.7424436583377133,0.8317074706548915,0.30261047101355587,0.09444510817146967,0.7274949974998296,0.5958865755663746,0.054113424433625434,54.11342443362543,0.054113424433625434,54.11342443362543,0.4887285416231359,0.0,0.0,0.011271458376864107,11.271458376864107,True,29.2826270393369,0.0,29.2826270393369,main,BO,0.65,94,bo,matern,ei,13347,100,20,0.3631505999946967,0.16216840001288801,0.009097600006498396,0.5345693998970091,44.32757061062051,5000,4000,1000,0.33012656131453333,9.083043558305693,10.365650521424962,False
4540.370179954725,0.44942988755751323,0.15546300570362093,2.2255297180281204,0.11880375129310937,0.39632638755279964,0.8686771942727788,0.9983711073071808,0.15846573058177404,0.40850990600937354,0.9601250431036458,0.9265277510559928,0.6487782510118918,0.0012217489881082289,1.2217489881082289,0.0012217489881082289,1.2217489881082289,0.5224569781932269,0.022456978193226895,22.456978193226895,-0.022456978193226895,-22.456978193226895,False,0.014926705899434812,201.72634782842732,201.74127453432675,main,BO,0.65,95,bo,matern,ei,13347,100,20,0.3520489000948146,0.20696029998362064,0.011816499987617135,0.5709677999839187,43.1682817887559,5000,4000,1000,0.33012656131453333,9.083043558305693,10.365650521424962,False
2479.37060001578,0.2727749306675712,0.3014353824426411,2.5159381986991445,0.09272494489805305,0.3616928671591081,0.27982017143308,0.49364265905020344,0.5755296641218318,0.5053127328997148,0.09083149660176837,0.23385734318216145,0.5725164431630488,0.07748355683695118,77.48355683695118,0.07748355683695118,77.48355683695118,0.49621593672907965,0.0,0.0,0.003784063270920346,3.784063270920346,True,60.037015801050444,0.0,60.037015801050444,main,BO,0.65,96,bo,matern,ei,13347,100,20,0.38053389999549836,0.3198555000126362,0.012491000001318753,0.7130173000041395,174.72897737430335,5000,4000,1000,0.33012656131453333,9.083043558305693,10.365650521424962,False
4564.183792854047,0.4477117713466636,0.11879153551588723,2.511904118914424,0.11968761215975705,0.35367419433063385,0.8754810836725849,0.9934622038476103,0.05369010147396347,0.5039680396381413,0.9895870719919018,0.07348388661267768,0.6014766071196044,0.048523392880395644,48.52339288039565,0.048523392880395644,48.52339288039565,0.48049148217850274,0.0,0.0,0.019508517821497262,19.50851782149726,True,23.545196566252308,0.0,23.545196566252308,main,BO,0.65,97,bo,matern,ei,13347,100,20,0.36329770006705076,0.3623058000812307,0.009885499952360988,0.7356303000124171,77.82319526369955,5000,4000,1000,0.33012656131453333,9.083043558305693,10.365650521424962,False
4105.232568728362,0.4077360787307913,0.38483117828017255,2.036875207570436,0.1067711091871809,0.3690389868020677,0.7443521624938176,0.8792459392308323,0.8138033665147788,0.34562506919014535,0.5590369729060299,0.3807797360413545,0.6040449224992956,0.04595507750070438,45.95507750070438,0.04595507750070438,45.95507750070438,0.4840707825845943,0.0,0.0,0.015929217415405705,15.929217415405706,True,21.11869148095745,0.0,21.11869148095745,main,BO,0.65,98,bo,matern,ei,13347,100,20,0.3563364000292495,0.2048467000713572,0.01261900004465133,0.5739386000204831,71.39321783210923,5000,4000,1000,0.33012656131453333,9.083043558305693,10.365650521424962,False
1975.0685702014212,0.23908165065528109,0.38284841452339635,1.3052324115334013,0.10467737036848415,0.359766284882437,0.13573387720040608,0.39737614472937455,0.808138327209704,0.1017441371778004,0.489245678949472,0.19532569764873997,0.6312242655932405,0.018775734406759503,18.775734406759504,0.018775734406759503,18.775734406759504,0.48880234128143274,0.0,0.0,0.01119765871856726,11.197658718567261,True,3.5252820251317263,0.0,3.5252820251317263,main,BO,0.65,99,bo,matern,ei,13347,100,20,0.313312100013718,0.2134863999672234,0.009779299958609045,0.5367161000613123,44.78247169901201,5000,4000,1000,0.33012656131453333,9.083043558305693,10.365650521424962,False
3726.023951886558,0.40792968579015865,0.43658500714609316,2.1611578140989223,0.09083388712591316,0.3518139910489253,0.6360068433961593,0.8797991022575963,0.9616714489888376,0.38705260469964076,0.027796237530438472,0.036279820978505906,0.5516139686500784,0.09838603134992163,98.38603134992164,0.09838603134992163,98.38603134992164,0.45044944960220124,0.0,0.0,0.049550550397798765,49.550550397798766,True,96.7981116478776,0.0,96.7981116478776,main,BO,0.65,100,bo,matern,ei,13347,100,20,0.337256999919191,0.11993899999652058,0.011978799942880869,0.46932579996064305,45.13195343747533,5000,4000,1000,0.33012656131453333,9.083043558305693,10.365650521424962,False
